x,r,b,b_prime_fd,b_prime_exact,rho_fd,rho_exact,p_radial,nec_fd,nec_exact
1.00000000000000000e+00,1.00000000000000000e+00,1.00000000000000000e+00,-1.99959070440270636e+00,-2.00000000000000000e+00,-7.95611861915739155e-02,-7.95774715459476728e-02,-3.97887357729738364e-02,-1.19349921964547745e-01,-1.19366207318921502e-01
1.00724999999999998e+00,1.00724999999999998e+00,9.85656176882407697e-01,-1.95732601769171310e+00,-1.95712321048877191e+00,-7.67624375691256244e-02,-7.67544838735666757e-02,-3.83772419367833378e-02,-1.15139679505908962e-01,-1.15131725810350014e-01
1.01449999999999996e+00,1.01449999999999996e+00,9.71618772743470194e-01,-1.91565899038167231e+00,-1.91546332724193236e+00,-7.40583854459457430e-02,-7.40508212101954472e-02,-3.70254106050977305e-02,-1.11083796051043474e-01,-1.11076231815293178e-01
1.02174999999999994e+00,1.02174999999999994e+00,9.57879121521873600e-01,-1.87516630174057752e+00,-1.87497748279299947e+00,-7.14678368536356551e-02,-7.14606404349884816e-02,-3.57303202174942477e-02,-1.07198157071129896e-01,-1.07190960652482736e-01
1.02899999999999991e+00,1.02899999999999991e+00,9.44428861368232009e-01,-1.83580686911706437e+00,-1.83562460907333747e+00,-6.89852720526587526e-02,-6.89784231520950003e-02,-3.44892115760475002e-02,-1.03474483628706260e-01,-1.03467634728142494e-01
1.03624999999999989e+00,1.03624999999999989e+00,9.31259921919676215e-01,-1.79754132255570198e+00,-1.79736534990528596e+00,-6.66054759588983886e-02,-6.65989555290258523e-02,-3.32994777645129331e-02,-9.99049537234113216e-02,-9.98984332935387853e-02
1.04350000000000009e+00,1.04350000000000009e+00,9.18364512191173876e-01,-1.76033192207020761e+00,-1.76016197832520138e+00,-6.43235193564676844e-02,-6.43173095163606101e-02,-3.21586547581803120e-02,-9.64821741146479894e-02,-9.64759642745409152e-02
1.05075000000000007e+00,1.05075000000000007e+00,9.05735109049657816e-01,-1.72414247945239651e+00,-1.72397831843855864e+00,-6.21347413890354708e-02,-6.21288253454007136e-02,-3.10644126727003568e-02,-9.31991540617358311e-02,-9.31932380181010739e-02
1.05800000000000005e+00,1.05800000000000005e+00,8.93364446239114152e-01,-1.68893828433866133e+00,-1.68877967152951625e+00,-6.00347332345963838e-02,-6.00290952087591395e-02,-3.00145476043795663e-02,-9.00492808389759536e-02,-9.00436428131387023e-02
1.06525000000000003e+00,1.06525000000000003e+00,8.81245503926747387e-01,-1.65468603427490990e+00,-1.65453274616615320e+00,-5.80193228762855770e-02,-5.80139480365330015e-02,-2.90069740182665008e-02,-8.70262968945520743e-02,-8.70209220547994988e-02
1.07250000000000001e+00,1.07250000000000001e+00,8.69371498742128046e-01,-1.62135376853847646e+00,-1.62120559205991244e+00,-5.60845608888391814e-02,-5.60794352876930399e-02,-2.80397176438465165e-02,-8.41242785326856979e-02,-8.41191529315395564e-02
1.07974999999999999e+00,1.07974999999999999e+00,8.57735874282939514e-01,-1.58891080549136632e+00,-1.58876753745392829e+00,-5.42267071666836520e-02,-5.42218176827141060e-02,-2.71109088413570495e-02,-8.13376160080407085e-02,-8.13327265240711555e-02
1.08699999999999997e+00,1.08699999999999997e+00,8.46332292062503266e-01,-1.55732768325433568e+00,-1.55718912982981283e+00,-5.24422185254896298e-02,-5.24375528093115814e-02,-2.62187764046557907e-02,-7.86609949301454170e-02,-7.86563292139673687e-02
1.09424999999999994e+00,1.09424999999999994e+00,8.35154622875751707e-01,-1.52657610350494366e+00,-1.52644207973635226e+00,-5.07277371143657410e-02,-5.07232835384944999e-02,-2.53616417692472500e-02,-7.60893788836129875e-02,-7.60849253077417464e-02
1.10149999999999992e+00,1.10149999999999992e+00,8.24196938561681636e-01,-1.49662887821581592e+00,-1.49649920755638988e+00,-4.90800795807733309e-02,-4.90758271930394341e-02,-2.45379135965197170e-02,-7.36179931772930479e-02,-7.36137407895591511e-02
1.10874999999999990e+00,1.10874999999999990e+00,8.13453504141622430e-01,-1.46745987916114728e+00,-1.46733439304013080e+00,-4.74962269347230584e-02,-4.74921654149734612e-02,-2.37460827074867341e-02,-7.12423096422097890e-02,-7.12382481224601988e-02
1.11600000000000010e+00,1.11600000000000010e+00,8.02918770313844732e-01,-1.43904399003071859e+00,-1.43892252744416616e+00,-4.59733150629313622e-02,-4.59694346827632661e-02,-2.29847173413816330e-02,-6.89580324043130022e-02,-6.89541520241448991e-02
1.12325000000000008e+00,1.12325000000000008e+00,7.92587366286176764e-01,-1.41135706100074287e+00,-1.41123946812584333e+00,-4.45086258473772686e-02,-4.45049174326777944e-02,-2.22524587163388972e-02,-6.67610845637161693e-02,-6.67573761490166950e-02
1.13050000000000006e+00,1.13050000000000006e+00,7.82454092929333989e-01,-1.38437586562085357e+00,-1.38426199545216089e+00,-4.30995788461736862e-02,-4.30960337422494760e-02,-2.15480168711247380e-02,-6.46475957172984173e-02,-6.46440506133742210e-02
1.13775000000000004e+00,1.13775000000000004e+00,7.72513916234674469e-01,-1.35807805988497421e+00,-1.35796777189131967e+00,-4.17437234978299682e-02,-4.17403335369372699e-02,-2.08701667684686350e-02,-6.26138902662985997e-02,-6.26105003054059084e-02
1.14500000000000002e+00,1.14500000000000002e+00,7.62761961061001914e-01,-1.33244214336268385e+00,-1.33233530316332205e+00,-4.04387318129194734e-02,-4.04354892840109170e-02,-2.02177446420054620e-02,-6.06564764549249319e-02,-6.06532339260163755e-02
1.15225000000000000e+00,1.15225000000000000e+00,7.53193505155915544e-01,-1.30744742227487620e+00,-1.30734390133376532e+00,-3.91823915198325837e-02,-3.91792891403594246e-02,-1.95896445701797088e-02,-5.87720360900122890e-02,-5.87689337105391368e-02
1.15949999999999998e+00,1.15949999999999998e+00,7.43803973438016297e-01,-1.28307397440504189e+00,-1.28297364974215844e+00,-3.79725996337744315e-02,-3.79696305233933745e-02,-1.89848152616966873e-02,-5.69574148954711187e-02,-5.69544457850900618e-02
1.16674999999999995e+00,1.16674999999999995e+00,7.34588932527042493e-01,-1.25930261574431768e+00,-1.25920536966281116e+00,-3.68073564204402931e-02,-3.68045140764812276e-02,-1.84022570382406138e-02,-5.52096134586809034e-02,-5.52067711147218448e-02
1.17399999999999993e+00,1.17399999999999993e+00,7.25544085509723713e-01,-1.23611486877415189e+00,-1.23602058860259589e+00,-3.56847597278766859e-02,-3.56820380024496508e-02,-1.78410190012248220e-02,-5.35257787291015114e-02,-5.35230570036744763e-02
1.18124999999999991e+00,1.18124999999999991e+00,7.16665266929817357e-01,-1.21349293229709332e+00,-1.21340151014572251e+00,-3.46029996619868219e-02,-3.46003927406040995e-02,-1.73001963703020532e-02,-5.19031960322888786e-02,-5.19005891109061562e-02
1.18849999999999989e+00,1.18849999999999989e+00,7.07948437991415935e-01,-1.19141965273094996e+00,-1.19133098526111225e+00,-3.35603535828934360e-02,-3.35578559644999219e-02,-1.67789279822499610e-02,-5.03392815651433970e-02,-5.03367839467498829e-02
1.19575000000000009e+00,1.19575000000000009e+00,6.99389681965218335e-01,-1.16987849678690026e+00,-1.16979248499304744e+00,-3.25551814010167362e-02,-3.25527878793311978e-02,-1.62763939396655989e-02,-4.88315753406823316e-02,-4.88291818189968002e-02
1.20300000000000007e+00,1.20300000000000007e+00,6.90985199788005655e-01,-1.14885352545731934e+00,-1.14877007446052470e+00,-3.15859211532479034e-02,-3.15836267993146041e-02,-1.57918133996573021e-02,-4.73777345529052055e-02,-4.73754401989719062e-02
1.21025000000000005e+00,1.21025000000000005e+00,6.82731305846087322e-01,-1.12832936924260707e+00,-1.12824838809516592e+00,-3.06510848409662778e-02,-3.06488849868382200e-02,-1.53244424934191117e-02,-4.59755273343853896e-02,-4.59733274802573283e-02
1.21750000000000003e+00,1.21750000000000003e+00,6.74624423933987916e-01,-1.10829120455129981e+00,-1.10821260605172545e+00,-2.97492545129608398e-02,-2.97471447364340835e-02,-1.48735723682170435e-02,-4.46228268811778850e-02,-4.46207171046511253e-02
1.22475000000000001e+00,1.22475000000000001e+00,6.66661083380093444e-01,-1.08872473121146385e+00,-1.08864843172907677e+00,-2.88790785775001752e-02,-2.88770546878207093e-02,-1.44385273439103564e-02,-4.33176059214105333e-02,-4.33155820317310675e-02
1.23199999999999998e+00,1.23199999999999998e+00,6.58837915331421775e-01,-1.06961615103433161e+00,-1.06954207034321724e+00,-2.80392683288775840e-02,-2.80373263533622227e-02,-1.40186631766811131e-02,-4.20579315055586989e-02,-4.20559895300433376e-02
1.23924999999999996e+00,1.23924999999999996e+00,6.51151649190095716e-01,-1.05095214737577436e+00,-1.05088020849722930e+00,-2.72285946748079995e-02,-2.72267308463071921e-02,-1.36133654231535978e-02,-4.08419600979615938e-02,-4.08400962694607933e-02
1.24649999999999994e+00,1.24649999999999994e+00,6.43599109194473051e-01,-1.03271986564313778e+00,-1.03264999469630658e+00,-2.64458850519607193e-02,-2.64440957971106456e-02,-1.32220478985553228e-02,-3.96679329505160438e-02,-3.96661436956659702e-02
1.25375000000000014e+00,1.25375000000000014e+00,6.36177211138269971e-01,-1.01490689469866879e+00,-1.01483902075895505e+00,-2.56900205178027356e-02,-2.56883024460141038e-02,-1.28441512230070502e-02,-3.85341717408097875e-02,-3.85324536690211522e-02
1.26100000000000012e+00,1.26100000000000012e+00,6.28882959221342186e-01,-9.97501249113675215e-01,-9.97435304078258755e-01,-2.49599330077367454e-02,-2.49582829008645514e-02,-1.24791414504322740e-02,-3.74390744581690194e-02,-3.74374243512968219e-02
1.26825000000000010e+00,1.26825000000000010e+00,6.21713443026121748e-01,-9.80491352229456936e-01,-9.80427270689724684e-01,-2.42546027472467438e-02,-2.42530175499004290e-02,-1.21265087749502162e-02,-3.63811115221969600e-02,-3.63795263248506417e-02
1.27550000000000008e+00,1.27550000000000008e+00,6.14665834614015139e-01,-9.63866019984237710e-01,-9.63803739104688528e-01,-2.35730558094761795e-02,-2.35715326199259362e-02,-1.17857663099629681e-02,-3.53588221194391511e-02,-3.53572989298889043e-02
1.28275000000000006e+00,1.28275000000000006e+00,6.07737385736350277e-01,-9.47614445467372946e-01,-9.47553904870551911e-01,-2.29143618092991774e-02,-2.29128978709365397e-02,-1.14564489354682716e-02,-3.43708107447674507e-02,-3.43693468064048130e-02
1.29000000000000004e+00,1.29000000000000004e+00,6.00925425154738235e-01,-9.31726184164077154e-01,-9.31667325821299519e-01,-2.22776317255366993e-02,-2.22762244188551214e-02,-1.11381122094275607e-02,-3.34157439349642565e-02,-3.34143366282826787e-02
1.29725000000000001e+00,1.29725000000000001e+00,5.94227356065971213e-01,-9.16191139856245229e-01,-9.16133907983767481e-01,-2.16620158435303460e-02,-2.16606626785908092e-02,-1.08303313392954046e-02,-3.24923471828257523e-02,-3.24909940178862156e-02
1.30449999999999999e+00,1.30449999999999999e+00,5.87640653626822718e-01,-9.00999551146782096e-01,-9.00943892107049060e-01,-2.10667018107984216e-02,-2.10654004201466273e-02,-1.05327002100733119e-02,-3.15994020208717336e-02,-3.15981006302199358e-02
1.31174999999999997e+00,1.31174999999999997e+00,5.81162862574342909e-01,-8.86141978576361566e-01,-8.86087840784208769e-01,-2.04909127989693941e-02,-2.04896609309787661e-02,-1.02448304654893831e-02,-3.07357432644587772e-02,-3.07344913964681492e-02
1.31899999999999995e+00,1.31899999999999995e+00,5.74791594937465566e-01,-8.71609292303773486e-01,-8.71556626137172996e-01,-1.99339057656445703e-02,-1.99327012782540350e-02,-9.96635063912701749e-03,-2.99002564047715878e-02,-2.98990519173810525e-02
1.32624999999999993e+00,1.32624999999999993e+00,5.68524527835938209e-01,-8.57392660322197742e-01,-8.57341418037230185e-01,-1.93949698102443731e-02,-1.93938106650639354e-02,-9.69690533253196769e-03,-2.90918751427763425e-02,-2.90907159975959048e-02
1.33349999999999991e+00,1.33349999999999991e+00,5.62359401362793720e-01,-8.43483537184916088e-01,-8.43433672835086301e-01,-1.88734246182691613e-02,-1.88723088750374773e-02,-9.43615443751873867e-03,-2.83095790557879000e-02,-2.83084633125562160e-02
1.34074999999999989e+00,1.34074999999999989e+00,5.56294016546757031e-01,-8.29873653216495200e-01,-8.29825122575807650e-01,-1.83686189887881553e-02,-1.83675448001515869e-02,-9.18377240007579344e-03,-2.75523913888639504e-02,-2.75513172002273821e-02
1.34800000000000009e+00,1.34800000000000009e+00,5.50326233391154274e-01,-8.16555004185701705e-01,-8.16507764675303060e-01,-1.78799294402766304e-02,-1.78788950468697048e-02,-8.93944752343485242e-03,-2.68193769637114846e-02,-2.68183425703045555e-02
1.35525000000000007e+00,1.35525000000000007e+00,5.44453968986064241e-01,-8.03519841417653424e-01,-8.03473852036250435e-01,-1.74067588902320422e-02,-1.74057626160489670e-02,-8.70288130802448524e-03,-2.61096401982565257e-02,-2.61086439240734505e-02
1.36250000000000004e+00,1.36250000000000004e+00,5.38675195690598296e-01,-7.90760662325190822e-01,-7.90715883582529533e-01,-1.69485354043161646e-02,-1.69475756523437722e-02,-8.47378782617188610e-03,-2.54223232304880489e-02,-2.54213634785156600e-02
1.36975000000000002e+00,1.36975000000000002e+00,5.32987939382349007e-01,-7.78270201338827405e-01,-7.78226595192332948e-01,-1.65047110110010387e-02,-1.65037862591025895e-02,-8.25189312955129303e-03,-2.47566041405523317e-02,-2.47556793886538826e-02
1.37700000000000000e+00,1.37700000000000000e+00,5.27390277771185412e-01,-7.66041421216634433e-01,-7.65998951011162554e-01,-1.60747605779680697e-02,-1.60738693750046950e-02,-8.03693468750234750e-03,-2.41116952654704189e-02,-2.41108040625070408e-02
1.38424999999999998e+00,1.38424999999999998e+00,5.21880338774707853e-01,-7.54067504716608994e-01,-7.54026135126903196e-01,-1.56581807467474111e-02,-1.56573217089172705e-02,-7.82866085445863523e-03,-2.34868416012060446e-02,-2.34859825633759040e-02
1.39149999999999996e+00,1.39149999999999996e+00,5.16456298952794546e-01,-7.42341846614301915e-01,-7.42301543590074830e-01,-1.52544889222876248e-02,-1.52536607296706907e-02,-7.62683036483534620e-03,-2.28813192871229719e-02,-2.28804910945060377e-02
1.39874999999999994e+00,1.39874999999999994e+00,5.11116381998800495e-01,-7.30858046049561949e-01,-7.30818776763253686e-01,-1.48632223143537450e-02,-1.48624237076534702e-02,-7.43121185382673421e-03,-2.22944341681804784e-02,-2.22936355614802052e-02
1.40600000000000014e+00,1.40600000000000014e+00,5.05858857285075736e-01,-7.19609899187666713e-01,-7.19571631984460391e-01,-1.44839370278538049e-02,-1.44831668053178198e-02,-7.24158340265890904e-03,-2.17255204305127139e-02,-2.17247502079767271e-02
1.41325000000000012e+00,1.41325000000000012e+00,5.00682038460579237e-01,-7.08591392179897639e-01,-7.08554096530096156e-01,-1.41162071993506510e-02,-1.41154642138641741e-02,-7.05773210693208704e-03,-2.11739393062827380e-02,-2.11731963207962628e-02
1.42050000000000010e+00,1.42050000000000010e+00,4.95584282098467277e-01,-6.97796694410129703e-01,-6.97760340863734285e-01,-1.37596241771977545e-02,-1.37589073335383956e-02,-6.87945366676919693e-03,-2.06390778439669506e-02,-2.06383610003075917e-02
1.42775000000000007e+00,1.42775000000000007e+00,4.90563986391632401e-01,-6.87220152014553776e-01,-6.87184712157776101e-01,-1.34137957428894020e-02,-1.34131039951305795e-02,-6.70655199756528889e-03,-2.01203477404546908e-02,-2.01196559926958701e-02
1.43500000000000005e+00,1.43500000000000005e+00,4.85619589894256243e-01,-6.76856281661798675e-01,-6.76821728075618467e-01,-1.30783453713503202e-02,-1.30776777204085672e-02,-6.53883886020428188e-03,-1.96171842315546012e-02,-1.96165165806128500e-02
1.44225000000000003e+00,1.44225000000000003e+00,4.80749570307536345e-01,-6.66699764582006082e-01,-6.66666070802615862e-01,-1.27529115280386757e-02,-1.27522670193551037e-02,-6.37613350967755101e-03,-1.91290450377162267e-02,-1.91284005290326548e-02
1.44950000000000001e+00,1.44950000000000001e+00,4.75952443307817163e-01,-6.56745440833809369e-01,-6.56712581314683908e-01,-1.24371470008590515e-02,-1.24365247222038375e-02,-6.21826236110191791e-03,-1.86554093619609694e-02,-1.86547870833057572e-02
1.45674999999999999e+00,1.45674999999999999e+00,4.71226761415446171e-01,-6.46988303798138986e-01,-6.46956253873960718e-01,-1.21307182649895619e-02,-1.21301173443881562e-02,-6.06505867219407982e-03,-1.81957769371836400e-02,-1.81951760165822360e-02
1.46399999999999997e+00,1.46399999999999997e+00,4.66571112902744167e-01,-6.37423494889397091e-01,-6.37392230741453791e-01,-1.18333048788593648e-02,-1.18327244826277270e-02,-5.91636224131386352e-03,-1.77496671201732292e-02,-1.77490867239415914e-02
1.47124999999999995e+00,1.47124999999999995e+00,4.61984120739549919e-01,-6.28046298473968534e-01,-6.28015797097094208e-01,-1.15445989095962036e-02,-1.15440382404814260e-02,-5.77201912024071211e-03,-1.73166180298369166e-02,-1.73160573607221389e-02
1.47849999999999993e+00,1.47849999999999993e+00,4.57464441574871705e-01,-6.18852136987097623e-01,-6.18822376158094989e-01,-1.12643043863725634e-02,-1.12637626817930023e-02,-5.63188134089650204e-03,-1.68961857272690655e-02,-1.68956440226895044e-02
1.48574999999999990e+00,1.48574999999999990e+00,4.53010764753237039e-01,-6.09836566239561506e-01,-6.09807524486942087e-01,-1.09921367801692829e-02,-1.09916133105467627e-02,-5.49580665527338048e-03,-1.64879434354426625e-02,-1.64874199658201423e-02
1.49300000000000010e+00,1.49300000000000010e+00,4.48621811364397882e-01,-6.00995270905688272e-01,-6.00966927480774071e-01,-1.07278225085555585e-02,-1.07273165757363100e-02,-5.36365828786815498e-03,-1.60914807964237135e-02,-1.60909748636044667e-02
1.50024999999999986e+00,1.50024999999999986e+00,4.44296333325104653e-01,-5.92324060185028145e-01,-5.92296395034300538e-01,-1.04710984641712725e-02,-1.04706093999296403e-02,-5.23530469996481927e-03,-1.57064031641360909e-02,-1.57059140998944587e-02
1.50750000000000006e+00,1.50750000000000006e+00,4.40033112491714951e-01,-5.83818863630241935e-01,-5.83791857368776035e-01,-1.02217115656703939e-02,-1.02212387302887918e-02,-5.11061936514439590e-03,-1.53323309308147897e-02,-1.53318580954331877e-02
1.51475000000000004e+00,1.51475000000000004e+00,4.35830959802466056e-01,-5.75475727133728299e-01,-5.75449361019925498e-01,-9.97941832994812990e-03,-9.97896111087360170e-03,-4.98948055543679998e-03,-1.49688988853849299e-02,-1.49684416663104017e-02
1.52200000000000002e+00,1.52200000000000002e+00,4.31688714448275890e-01,-5.67290809066776092e-01,-5.67265064978023537e-01,-9.74398446455684852e-03,-9.74354227512446228e-03,-4.87177113756223027e-03,-1.46157556021190779e-02,-1.46153134126866917e-02
1.52925000000000000e+00,1.52925000000000000e+00,4.27605243070997842e-01,-5.59260376564260753e-01,-5.59235236973677052e-01,-9.51518447925919428e-03,-9.51475675748207454e-03,-4.75737837874103727e-03,-1.42725628580002324e-02,-1.42721351362231109e-02
1.53649999999999998e+00,1.53649999999999998e+00,4.23579438988094137e-01,-5.51380801948958776e-01,-5.51356249903148909e-01,-9.29280131573835370e-03,-9.29238752316015847e-03,-4.64619376158007923e-03,-1.39389950773184321e-02,-1.39385812847402368e-02
1.54375000000000018e+00,1.54375000000000018e+00,4.19610221442737796e-01,-5.43648559289653832e-01,-5.43624578387352564e-01,-9.07662599453701313e-03,-9.07622561514212500e-03,-4.53811280757106250e-03,-1.36147388021080756e-02,-1.36143384227131875e-02
1.55100000000000016e+00,1.55100000000000016e+00,4.15696534878394086e-01,-5.36060221087300448e-01,-5.36036795458922022e-01,-8.86645727834521613e-03,-8.86606981752446378e-03,-4.43303490876223189e-03,-1.32994921871074472e-02,-1.32991047262866965e-02
1.55825000000000014e+00,1.55825000000000014e+00,4.11837348236971934e-01,-5.28612455084029875e-01,-5.28589569372015955e-01,-8.66210135081011551e-03,-8.66172633437786374e-03,-4.33086316718893014e-03,-1.29929645179990456e-02,-1.29925895015667939e-02
1.56550000000000011e+00,1.56550000000000011e+00,4.08031654279675693e-01,-5.21302021189693932e-01,-5.21279660529767708e-01,-8.46337151008085507e-03,-8.46300848334304544e-03,-4.23150424167152272e-03,-1.26948757517523769e-02,-1.26945127250145673e-02
1.57275000000000009e+00,1.57275000000000009e+00,4.04278468929721413e-01,-5.14125768521363824e-01,-5.14103918524522530e-01,-8.27008787635270456e-03,-8.26973640322095464e-03,-4.13486820161047732e-03,-1.24049560779631828e-02,-1.24046046048314311e-02
1.58000000000000007e+00,1.58000000000000007e+00,4.00576830636115933e-01,-5.07080632551037525e-01,-5.07059279286222631e-01,-8.08207711270856645e-03,-8.08173677485741690e-03,-4.04086838742870845e-03,-1.21229455001372749e-02,-1.21226051622861253e-02
1.58725000000000005e+00,1.58725000000000005e+00,3.96925799757731401e-01,-5.00163632357008225e-01,-5.00142762334517377e-01,-7.89917215859391696e-03,-7.89884255466043531e-03,-3.94942127733021765e-03,-1.18485934359241346e-02,-1.18482638319906530e-02
1.59450000000000003e+00,1.59450000000000003e+00,3.93324457966939323e-01,-4.93371867974769174e-01,-4.93351468130372284e-01,-7.72121197530064793e-03,-7.72089272012402468e-03,-3.86044636006201277e-03,-1.15816583353626611e-02,-1.15813390801860379e-02
1.60175000000000001e+00,1.60175000000000001e+00,3.89771907672097240e-01,-4.86702517843458082e-01,-4.86682575523143091e-01,-7.54804130286792357e-03,-7.54773202676621048e-03,-3.77386601338310567e-03,-1.13219073162510297e-02,-1.13215980401493166e-02
1.60899999999999999e+00,1.60899999999999999e+00,3.86267271458209216e-01,-4.80152836343975764e-01,-4.80133339289259442e-01,-7.37951042783905470e-03,-7.37921077592053939e-03,-3.68960538796026969e-03,-1.10691158157993248e-02,-1.10688161638808086e-02
1.61624999999999996e+00,1.61624999999999996e+00,3.82809691545109632e-01,-4.73720151424956271e-01,-4.73701087758836348e-01,-7.21547496134140962e-03,-7.21518459285033689e-03,-3.60759229642516888e-03,-1.08230672577665776e-02,-1.08227768892755066e-02
1.62349999999999994e+00,1.62349999999999994e+00,3.79398329262547351e-01,-4.67401862313241878e-01,-4.67383220526698340e-01,-7.05579562698940236e-03,-7.05551421468325005e-03,-3.52775710734162546e-03,-1.05835527343310278e-02,-1.05832713220248755e-02
1.63074999999999992e+00,1.63074999999999992e+00,3.76032364541567632e-01,-4.61195437305462974e-01,-4.61177206244449078e-01,-6.90033805813387597e-03,-6.90006528768998505e-03,-3.45003264384499209e-03,-1.03503707019788685e-02,-1.03500979315349767e-02
1.63799999999999990e+00,1.63799999999999990e+00,3.72710995421618174e-01,-4.55098411637354872e-01,-4.55080580490376307e-01,-6.74897260400455449e-03,-6.74870817345639331e-03,-3.37435408672819709e-03,-1.01233266907327507e-02,-1.01230622601845913e-02
1.64524999999999988e+00,1.64524999999999988e+00,3.69433437572826040e-01,-4.49108385427972934e-01,-4.49090943714117674e-01,-6.60157414432180865e-03,-6.60131776352163718e-03,-3.30065888176081859e-03,-9.90223302608262725e-03,-9.90197664528245577e-03
1.65250000000000008e+00,1.65250000000000008e+00,3.66198923832912471e-01,-4.43223021695729358e-01,-4.43205959253146708e-01,-6.45802191197051081e-03,-6.45777330207734923e-03,-3.22888665103867462e-03,-9.68690856300918543e-03,-9.68665995311602385e-03
1.65975000000000006e+00,1.65975000000000006e+00,3.63006703758237903e-01,-4.37440044443427212e-01,-4.37423351418271267e-01,-6.31819932335185921e-03,-6.31795821634397337e-03,-3.15897910817198669e-03,-9.47717843152384547e-03,-9.47693732451596049e-03
1.66700000000000004e+00,1.66700000000000004e+00,3.59856043188482799e-01,-4.31757236809627187e-01,-4.31740903645450258e-01,-6.18199381604934550e-03,-6.18175995426005747e-03,-3.09087997713002830e-03,-9.27287379317937380e-03,-9.27263993139008577e-03
1.67425000000000002e+00,1.67425000000000002e+00,3.56746223824498332e-01,-4.26172439283817539e-01,-4.26156456711361320e-01,-6.04929669346419754e-03,-6.04906982913933685e-03,-3.02453491456966842e-03,-9.07383160803386553e-03,-9.07360474370900484e-03
1.68149999999999999e+00,1.68149999999999999e+00,3.53676542818867456e-01,-4.20683547982900308e-01,-4.20667907010249753e-01,-5.92000297609218424e-03,-5.91978287096783622e-03,-2.95989143548391767e-03,-8.87989441157610235e-03,-8.87967430645175346e-03
1.68875000000000020e+00,1.68875000000000020e+00,3.50646312378746161e-01,-4.15288512986549563e-01,-4.15273204889706704e-01,-5.79401125912967340e-03,-5.79379768403021859e-03,-2.89689884201510973e-03,-8.69091010114478313e-03,-8.69069652604532832e-03
1.69600000000000017e+00,1.69600000000000017e+00,3.47654859380562398e-01,-4.09985336729317140e-01,-4.09970353043116020e-01,-5.67122357611572845e-03,-5.67101631057028571e-03,-2.83550815528514242e-03,-8.50673173140087044e-03,-8.50652446585542857e-03
1.70325000000000015e+00,1.70325000000000015e+00,3.44701524996171071e-01,-4.04772072447244113e-01,-4.04757404956607725e-01,-5.55154526832888750e-03,-5.55134410020543395e-03,-2.77567205010271654e-03,-8.32721731843160361e-03,-8.32701615030815093e-03
1.71050000000000013e+00,1.71050000000000013e+00,3.41785664330077399e-01,-3.99646822676913871e-01,-3.99632463408450600e-01,-5.43488485967271850e-03,-5.43468958482918457e-03,-2.71734479241459229e-03,-8.15222965208731165e-03,-8.15203437724377686e-03
1.71775000000000011e+00,1.71775000000000011e+00,3.38906646067355821e-01,-3.94607737804985703e-01,-3.94593679018897747e-01,-5.32115393679777077e-03,-5.32096435874906178e-03,-2.66048217937453002e-03,-7.98163611617230123e-03,-7.98144653812359224e-03
1.72500000000000009e+00,1.72500000000000009e+00,3.36063852131905094e-01,-3.89653014666311748e-01,-3.89639248848585584e-01,-5.21026703421989534e-03,-5.21008296381982646e-03,-2.60504148190991280e-03,-7.81530851612980901e-03,-7.81512444572973926e-03
1.73225000000000007e+00,1.73225000000000007e+00,3.33256677354694331e-01,-3.84780895188729488e-01,-3.84767415043664962e-01,-5.10214152420571630e-03,-5.10196277934404051e-03,-2.55098138967202069e-03,-7.65312291387773742e-03,-7.65294416901606163e-03
1.73950000000000005e+00,1.73950000000000005e+00,3.30484529151668538e-01,-3.79989665082931083e-01,-3.79976463525919572e-01,-4.99669751121042949e-03,-4.99652391652319165e-03,-2.49826195826159539e-03,-7.49495946947202445e-03,-7.49478587478478661e-03
1.74675000000000002e+00,1.74675000000000002e+00,3.27746827210991853e-01,-3.75277652575629617e-01,-3.75264722726196487e-01,-4.89385773066043465e-03,-4.89368911725334733e-03,-2.44684455862667367e-03,-7.34070228928710832e-03,-7.34053367588002100e-03
1.75400000000000000e+00,1.75400000000000000e+00,3.25043003189321944e-01,-3.70643227184434210e-01,-3.70630562359546112e-01,-4.79354745188510789e-03,-4.79338365706945182e-03,-2.39669182853472634e-03,-7.19023928041983423e-03,-7.19007548560417816e-03
1.76124999999999998e+00,1.76124999999999998e+00,3.22372500416817587e-01,-3.66084798532920530e-01,-3.66072392240530953e-01,-4.69569438501168859e-03,-4.69553525205193209e-03,-2.34776762602596605e-03,-7.04346201103765463e-03,-7.04330287807789814e-03
1.76849999999999996e+00,1.76849999999999996e+00,3.19734773610594603e-01,-3.61600815204390358e-01,-3.61588661137228873e-01,-4.60022859164567564e-03,-4.60007396951842874e-03,-2.30003698475921394e-03,-6.90026557640489001e-03,-6.90011095427764225e-03
1.77574999999999994e+00,1.77574999999999994e+00,3.17129288596353920e-01,-3.57189763632931090e-01,-3.57177855662513200e-01,-4.50708239916843174e-03,-4.50693214233202546e-03,-2.25346607116601273e-03,-6.76054847033444491e-03,-6.76039821349803775e-03
1.78299999999999992e+00,1.78299999999999992e+00,3.14555522037917146e-01,-3.52850167030361206e-01,-3.52838499201253097e-01,-4.41619031849084000e-03,-4.41604428666555072e-03,-2.20802214333277579e-03,-6.62421246182361579e-03,-6.62406642999832651e-03
1.79024999999999990e+00,1.79024999999999990e+00,3.12012961174413683e-01,-3.48580584347907063e-01,-3.48569150872128142e-01,-4.32748896511215599e-03,-4.32734702306923104e-03,-2.16367351153461595e-03,-6.49116247664677237e-03,-6.49102053460384743e-03
1.79749999999999988e+00,1.79749999999999988e+00,3.09501103564872482e-01,-3.44379609271150855e-01,-3.44368404522806704e-01,-4.24091698333600980e-03,-4.24077900069630854e-03,-2.12038950034815384e-03,-6.36130648368416363e-03,-6.36116850104446237e-03
1.80475000000000008e+00,1.80475000000000008e+00,3.07019456839981941e-01,-3.40245869247159050e-01,-3.40234887757287052e-01,-4.15641497350654771e-03,-4.15628082454821794e-03,-2.07814041227410897e-03,-6.23455538578065668e-03,-6.23442123682232691e-03
1.81200000000000006e+00,1.81200000000000006e+00,3.04567538460788656e-01,-3.36178024542622467e-01,-3.36167260994247930e-01,-4.07392542213265429e-03,-4.07379498560749790e-03,-2.03689749280374895e-03,-6.11082291493640281e-03,-6.11069247841124728e-03
1.81925000000000003e+00,1.81925000000000003e+00,3.02144875484113895e-01,-3.32174767332013232e-01,-3.32164216555299041e-01,-3.99339263477602787e-03,-3.99326579373280276e-03,-1.99663289686640138e-03,-5.99002553164242925e-03,-5.98989869059920414e-03
1.82650000000000001e+00,1.82650000000000001e+00,2.99751004334474491e-01,-3.28234820814476080e-01,-3.28224477782068980e-01,-3.91476267158076541e-03,-3.91463931319642987e-03,-1.95731965659821450e-03,-5.87208232817897947e-03,-5.87195896979464393e-03
1.83374999999999999e+00,1.83374999999999999e+00,2.97385470582304023e-01,-3.24356938358508984e-01,-3.24346798181108675e-01,-3.83798328533140791e-03,-3.83786330075031783e-03,-1.91893165037515892e-03,-5.75691493570656704e-03,-5.75679495112547696e-03
1.84100000000000019e+00,1.84100000000000019e+00,2.95047828728276007e-01,-3.20539902673605326e-01,-3.20529960595628438e-01,-3.76300386193261340e-03,-3.76288714611186645e-03,-1.88144357305593301e-03,-5.64444743498854640e-03,-5.64433071916779945e-03
1.84825000000000017e+00,1.84825000000000017e+00,2.92737641993536746e-01,-3.16782525007685223e-01,-3.16772776403123735e-01,-3.68977536320407810e-03,-3.68966181476596379e-03,-1.84483090738298190e-03,-5.53460627058705978e-03,-5.53449272214894591e-03
1.85550000000000015e+00,1.85550000000000015e+00,2.90454482115664603e-01,-3.13083644369601899e-01,-3.13074084737983926e-01,-3.61825027189423623e-03,-3.61813979298445309e-03,-1.80906989649222633e-03,-5.42732016838646213e-03,-5.42720968947667942e-03
1.86275000000000013e+00,1.86275000000000013e+00,2.88197929150177556e-01,-3.09442126775692827e-01,-3.09432751738212386e-01,-3.54838253881664591e-03,-3.54827503496885728e-03,-1.77413751748442842e-03,-5.32252005630107390e-03,-5.32241255245328570e-03
1.87000000000000011e+00,1.87000000000000011e+00,2.85967571277417065e-01,-3.05856864519647331e-01,-3.05847669815419276e-01,-3.48012753202050443e-03,-3.48002291202649788e-03,-1.74001145601324916e-03,-5.22013898803375381e-03,-5.22003436803974725e-03
1.87725000000000009e+00,1.87725000000000009e+00,2.83763004614642655e-01,-3.02326775464852204e-01,-3.02317756947282079e-01,-3.41344198790916086e-03,-3.41334016369430199e-03,-1.70667008184715143e-03,-5.12011206975631229e-03,-5.12001024554145298e-03
1.88450000000000006e+00,1.88450000000000006e+00,2.81583833033176689e-01,-2.98850802358391121e-01,-2.98841955991697217e-01,-3.34828396422428122e-03,-3.34818485072848606e-03,-1.67409242536424303e-03,-5.02237638958852404e-03,-5.02227727609272888e-03
1.89175000000000004e+00,1.89175000000000004e+00,2.79429667980445995e-01,-2.95427912166026374e-01,-2.95419234021880250e-01,-3.28461279481843645e-03,-3.28451630988209906e-03,-1.64225815494104975e-03,-4.92687094975948620e-03,-4.92677446482314881e-03
1.89900000000000002e+00,1.89900000000000002e+00,2.77300128306769311e-01,-2.92057095427434632e-01,-2.92048581681694897e-01,-3.22238904614146606e-03,-3.22229511039587779e-03,-1.61114755519793889e-03,-4.83353660133940474e-03,-4.83344266559381647e-03
1.90625000000000000e+00,1.90625000000000000e+00,2.75194840096748217e-01,-2.88737365630964860e-01,-2.88729012560522746e-01,-3.16157447536898626e-03,-3.16148301213130299e-03,-1.58074150606565128e-03,-4.74231598143463710e-03,-4.74222451819695384e-03
1.91349999999999998e+00,1.91349999999999998e+00,2.73113436505120377e-01,-2.85467758607271804e-01,-2.85459562587008497e-01,-3.10213199010532297e-03,-3.10204292527791695e-03,-1.55102146263895826e-03,-4.65315345274428145e-03,-4.65306438791687500e-03
1.92074999999999996e+00,1.92074999999999996e+00,2.71055557596942776e-01,-2.82247331941174906e-01,-2.82239289441044150e-01,-3.04402560959586696e-03,-3.04393887157005522e-03,-1.52196943578502804e-03,-4.56599504538089500e-03,-4.56590830735508282e-03
1.92799999999999994e+00,1.92799999999999994e+00,2.69020850191973304e-01,-2.79075164401199061e-01,-2.79067271983374832e-01,-2.98722042738765311e-03,-2.98713594695100559e-03,-1.49356797347550258e-03,-4.48078840086315548e-03,-4.48070392042650839e-03
1.93524999999999991e+00,1.93524999999999991e+00,2.67008967713125434e-01,-2.75950355386090251e-01,-2.75942609702235331e-01,-2.93168257537769050e-03,-2.93160028562539044e-03,-1.46580014281269522e-03,-4.39748271819038593e-03,-4.39740042843808545e-03
1.94249999999999989e+00,1.94249999999999989e+00,2.65019570038875052e-01,-2.72872024387837087e-01,-2.72864422176447963e-01,-2.87737918919359461e-03,-2.87729902544323589e-03,-1.43864951272161794e-03,-4.31602870191521298e-03,-4.31594853816485383e-03
1.94975000000000009e+00,1.94975000000000009e+00,2.63052323359501738e-01,-2.69839310470622706e-01,-2.69831848554431819e-01,-2.82427837485210763e-03,-2.82420027456161933e-03,-1.41210013728080988e-03,-4.23637851213291752e-03,-4.23630041184242922e-03
1.95700000000000007e+00,1.95700000000000007e+00,2.61106900037051004e-01,-2.66851371765042700e-01,-2.66844047048595823e-01,-2.77234917664244537e-03,-2.77227307933225996e-03,-1.38613653966612998e-03,-4.15848571630857491e-03,-4.15840961899838994e-03
1.96425000000000005e+00,1.96425000000000005e+00,2.59182978468908642e-01,-2.63907384977375870e-01,-2.63900194444605940e-01,-2.72156154618814284e-03,-2.72148739336561035e-03,-1.36074369668280539e-03,-4.08230524287094866e-03,-4.08223109004841531e-03
1.97150000000000003e+00,1.97150000000000003e+00,2.57280242954879057e-01,-2.61006544913151117e-01,-2.60999485625035832e-01,-2.67188631263735399e-03,-2.67181404772423277e-03,-1.33590702386211617e-03,-4.00779333649946973e-03,-4.00772107158634851e-03
1.97875000000000001e+00,1.97875000000000001e+00,2.55398383567667975e-01,-2.58148064014548595e-01,-2.58141133106929099e-01,-2.62329515393656693e-03,-2.62322472220026873e-03,-1.31161236110013436e-03,-3.93490751503670130e-03,-3.93483708330040309e-03
1.98600000000000021e+00,1.98600000000000021e+00,2.53537096026668018e-01,-2.55331171911464594e-01,-2.55324366592817709e-01,-2.57576056914743130e-03,-2.57569191763379161e-03,-1.28784595881689559e-03,-3.86360652796432710e-03,-3.86353787645068742e-03
1.99325000000000019e+00,1.99325000000000019e+00,2.51696081574951713e-01,-2.52555114985394624e-01,-2.52548432534756506e-01,-2.52925585176117353e-03,-2.52918892923069318e-03,-1.26459446461534681e-03,-3.79385031637652012e-03,-3.79378339384604021e-03
2.00049999999999972e+00,2.00049999999999972e+00,2.49875046859379946e-01,-2.49819155946003235e-01,-2.49812593710952241e-01,-2.48375506397403899e-03,-2.48368982084055251e-03,-1.24184491042027625e-03,-3.72559997439431525e-03,-3.72553473126082876e-03
2.00775000000000015e+00,2.00775000000000015e+00,2.48073703813734697e-01,-2.47122573419904512e-01,-2.47116128814578201e-01,-2.43923301188517239e-03,-2.43916940015661589e-03,-1.21958470007830816e-03,-3.65881771196348033e-03,-3.65875410023492383e-03
2.01500000000000012e+00,2.01500000000000012e+00,2.46291769544791206e-01,-2.44464661551194951e-01,-2.44458332054383304e-01,-2.39566522158007715e-03,-2.39560319480170564e-03,-1.19780159740085304e-03,-3.59346681898092997e-03,-3.59340479220255846e-03
2.02225000000000010e+00,2.02225000000000010e+00,2.44528966221242372e-01,-2.41844729613394094e-01,-2.41838512766712671e-01,-2.35302791606528281e-03,-2.35296742926528225e-03,-1.17648371463264091e-03,-3.52951163069792351e-03,-3.52945114389792338e-03
2.02950000000000008e+00,2.02950000000000008e+00,2.42785020965397003e-01,-2.39262101632480295e-01,-2.39255995038577973e-01,-2.31129799302154946e-03,-2.31123900265853624e-03,-1.15561950132926812e-03,-3.46691749435081758e-03,-3.46685850398780436e-03
2.03675000000000006e+00,2.03675000000000006e+00,2.41059665747571428e-01,-2.36716116020581069e-01,-2.36710117341422777e-01,-2.27045300334294438e-03,-2.27039546725566832e-03,-1.13519773362783416e-03,-3.40565073697077832e-03,-3.40559320088350270e-03
2.04400000000000004e+00,2.04400000000000004e+00,2.39352637283098607e-01,-2.34206125220044470e-01,-2.34200232175243245e-01,-2.23047113043195813e-03,-2.23041500779089935e-03,-1.11520750389544968e-03,-3.34567863432740781e-03,-3.34562251168634903e-03
2.05125000000000002e+00,2.05125000000000002e+00,2.37663676931880785e-01,-2.31731495357561101e-01,-2.31725705722735681e-01,-2.19133117022148093e-03,-2.19127642148205046e-03,-1.09563821074102523e-03,-3.28696938096250616e-03,-3.28691463222307570e-03
2.05850000000000000e+00,2.05850000000000000e+00,2.35992530600413974e-01,-2.29291605907928187e-01,-2.29285917513154219e-01,-2.15301251189479667e-03,-2.15295909875273068e-03,-1.07647954937636512e-03,-3.22949206127116180e-03,-3.22943864812909581e-03
2.06574999999999998e+00,2.06574999999999998e+00,2.34338948646215850e-01,-2.26885849367270964e-01,-2.26880260095573855e-01,-2.11549511927797401e-03,-2.11544300462636163e-03,-1.05772150231318082e-03,-3.17321662159115482e-03,-3.17316450693954245e-03
2.07299999999999995e+00,2.07299999999999995e+00,2.32702685784588525e-01,-2.24513630935408770e-01,-2.24508138721262462e-01,-2.07875951287880096e-03,-2.07870866076636639e-03,-1.03935433038318320e-03,-3.11811384326198416e-03,-3.11806299114954959e-03
2.08025000000000038e+00,2.08025000000000038e+00,2.31083500997652375e-01,-2.22174368206937700e-01,-2.22168971034877871e-01,-2.04278675254632473e-03,-2.04273712813791974e-03,-1.02136856406895966e-03,-3.06415531661528417e-03,-3.06410569220687962e-03
2.08750000000000036e+00,2.08750000000000036e+00,2.29481157445587808e-01,-2.19867490871015647e-01,-2.19862186774215818e-01,-2.00755842072985330e-03,-2.00750999026770268e-03,-1.00375499513385134e-03,-3.01131341586370442e-03,-3.01126498540155423e-03
2.09475000000000033e+00,2.09475000000000033e+00,2.27895422380022666e-01,-2.17592440419275945e-01,-2.17587227478240969e-01,-1.97305660631192422e-03,-1.97300933707900616e-03,-9.86504668539503297e-04,-2.95956127485142752e-03,-2.95951400561850946e-03
2.10200000000000031e+00,2.10200000000000031e+00,2.26326067059508307e-01,-2.15348669861885611e-01,-2.15343546203147745e-01,-1.93926388899610296e-03,-1.93921774928056036e-03,-9.69608874640280182e-04,-2.90887276363638314e-03,-2.90882662392084055e-03
2.10925000000000029e+00,2.10925000000000029e+00,2.24772866667025312e-01,-2.13135643451344947e-01,-2.13130607246201531e-01,-1.90616332422736089e-03,-1.90611828328825662e-03,-9.53059141644128091e-04,-2.85922246587148876e-03,-2.85917742493238449e-03
2.11650000000000027e+00,2.11650000000000027e+00,2.23235600229463815e-01,-2.10952836413824230e-01,-2.10947885877121460e-01,-1.87373842862541707e-03,-1.87369445665983470e-03,-9.36847228329917240e-04,-2.81058565695533431e-03,-2.81054168498975215e-03
2.12375000000000025e+00,2.12375000000000025e+00,2.21714050539024876e-01,-2.08799734687815430e-01,-2.08794868076774442e-01,-1.84197316591199704e-03,-1.84193023402341098e-03,-9.20965117011705381e-04,-2.76293828292370220e-03,-2.76289535103511636e-03
2.13100000000000023e+00,2.13100000000000023e+00,2.20208004076490521e-01,-2.06675834669894698e-01,-2.06671050282956820e-01,-1.81085193331380757e-03,-1.81081001348147694e-03,-9.05405006740738361e-04,-2.71625694005454572e-03,-2.71621502022221552e-03
2.13825000000000021e+00,2.13825000000000021e+00,2.18717250936311419e-01,-2.04580642967332693e-01,-2.04575939143048197e-01,-1.78035954842319620e-03,-1.78031861347276534e-03,-8.90159306736382563e-04,-2.67051885515957876e-03,-2.67047792020914769e-03
2.14550000000000018e+00,2.14550000000000018e+00,2.17241584753464195e-01,-2.02513676157376921e-01,-2.02509051273329466e-01,-1.75048123649987970e-03,-1.75044126007507881e-03,-8.75220630037539297e-04,-2.62570186653741889e-03,-2.62566189011261822e-03
2.15275000000000016e+00,2.15275000000000016e+00,2.15780802632029450e-01,-2.00474460552994671e-01,-2.00469913024763136e-01,-1.72120261819742231e-03,-1.72116357473284893e-03,-8.60581787366424683e-04,-2.58178440556384699e-03,-2.58174536209927362e-03
2.16000000000000014e+00,2.16000000000000014e+00,2.14334705075445775e-01,-1.98462531974897161e-01,-1.98458060255042368e-01,-1.69250969769902120e-03,-1.69247156239386159e-03,-8.46235781196930797e-04,-2.53874547889595178e-03,-2.53870734359079239e-03
2.16725000000000012e+00,2.16725000000000012e+00,2.12903095918393459e-01,-1.96477435529645916e-01,-1.96473038106719067e-01,-1.66438885124753832e-03,-1.66435160004017218e-03,-8.32175800020086196e-04,-2.49656465126762463e-03,-2.49652740006025848e-03
2.17450000000000010e+00,2.17450000000000010e+00,2.11485782260265931e-01,-1.94518725393640679e-01,-1.94514400791231001e-01,-1.63682681605526533e-03,-1.63679042559887813e-03,-8.18395212799439067e-04,-2.45522202885470418e-03,-2.45518563839831720e-03
2.18175000000000008e+00,2.18175000000000008e+00,2.10082574400185684e-01,-1.92585964602836057e-01,-1.92581711378650794e-01,-1.60981067957981965e-03,-1.60977512721892867e-03,-8.04887563609464445e-04,-2.41469824318928409e-03,-2.41466269082839333e-03
2.18900000000000006e+00,2.18900000000000006e+00,2.08693285773524806e-01,-1.90678724848027059e-01,-1.90674541592987495e-01,-1.58332786915300981e-03,-1.58329313290074460e-03,-7.91646566450372301e-04,-2.37497443560338211e-03,-2.37493969935111690e-03
2.19625000000000004e+00,2.19625000000000004e+00,2.07317732889889306e-01,-1.88796586275493894e-01,-1.88792471612875851e-01,-1.55736614194956226e-03,-1.55733220046590888e-03,-7.78666100232954439e-04,-2.33603224218251670e-03,-2.33599830069886310e-03
2.20350000000000001e+00,2.20350000000000001e+00,2.05955735272530166e-01,-1.86939137292917223e-01,-1.86935089877495048e-01,-1.53191357528406841e-03,-1.53188040785471246e-03,-7.65940203927356015e-04,-2.29785377921142443e-03,-2.29782061178206848e-03
2.21074999999999999e+00,2.21074999999999999e+00,2.04607115399142003e-01,-1.85105974380343596e-01,-1.85101992897561463e-01,-1.50695855722384267e-03,-1.50692614373978810e-03,-7.53463071869894157e-04,-2.26042162909373661e-03,-2.26038921560968225e-03
2.21799999999999997e+00,2.21799999999999997e+00,2.03271698644015175e-01,-1.83296701906058956e-01,-1.83292785071249020e-01,-1.48248977750646787e-03,-1.48245809844456703e-03,-7.41229049222283517e-04,-2.22371882672875139e-03,-2.22368714766685033e-03
2.22524999999999995e+00,2.22524999999999995e+00,2.01949313221504168e-01,-1.81510931947286736e-01,-1.81507078504890840e-01,-1.45849621875166315e-03,-1.45846525515567864e-03,-7.29232627577839319e-04,-2.18772884632950247e-03,-2.18769788273351796e-03
2.23249999999999993e+00,2.23249999999999993e+00,2.00639790130779538e-01,-1.79748284115502699e-01,-1.79744492838324332e-01,-1.43496714795647963e-03,-1.43493688141887944e-03,-7.17468440709439722e-04,-2.15243558866591925e-03,-2.15240532212831927e-03
2.23974999999999991e+00,2.23974999999999991e+00,1.99342963101829362e-01,-1.78008385386284829e-01,-1.78004655074744389e-01,-1.41189210826422667e-03,-1.41186252090847440e-03,-7.05931260454237199e-04,-2.11782336871846376e-03,-2.11779378136271170e-03
2.24699999999999989e+00,2.24699999999999989e+00,1.98058668542678395e-01,-1.76290869933493966e-01,-1.76287199414934037e-01,-1.38926091099688862e-03,-1.38923198546058412e-03,-6.94615992730292166e-04,-2.08387690372718089e-03,-2.08384797819087617e-03
2.25424999999999986e+00,2.25424999999999986e+00,1.96786745487793707e-01,-1.74595378967747905e-01,-1.74591767095746891e-01,-1.36706362794247424e-03,-1.36703534736099170e-03,-6.83517673680495959e-04,-2.05058130162297019e-03,-2.05055302104148766e-03
2.26149999999999984e+00,2.26149999999999984e+00,1.95527035547646083e-01,-1.72921560579023748e-01,-1.72918006232718191e-01,-1.34529058388802763e-03,-1.34526293187863834e-03,-6.72631465939319169e-04,-2.01792204982734679e-03,-2.01789439781795751e-03
2.26874999999999982e+00,2.26874999999999982e+00,1.94279382859397887e-01,-1.71269069583241063e-01,-1.71265571666686850e-01,-1.32393234938949682e-03,-1.32390531003619832e-03,-6.61952655018099162e-04,-1.98588500440759598e-03,-1.98585796505429749e-03
2.27599999999999980e+00,2.27599999999999980e+00,1.93043634038689071e-01,-1.69637567372786791e-01,-1.69634124814313780e-01,-1.30297973377079489e-03,-1.30295329160947347e-03,-6.51476645804736736e-04,-1.95445637957553184e-03,-1.95442993741421021e-03
2.28324999999999978e+00,2.28324999999999978e+00,1.91819638132492476e-01,-1.68026721770777598e-01,-1.68023333522384744e-01,-1.28242377834338517e-03,-1.28239791834766463e-03,-6.41198959173832315e-04,-1.92362273751721749e-03,-1.92359687752149695e-03
2.29049999999999976e+00,2.29049999999999976e+00,1.90607246573012812e-01,-1.66436206889025939e-01,-1.66432871925791592e-01,-1.26225574983932268e-03,-1.26223045740688432e-03,-6.31115228703442162e-04,-1.89337097854276474e-03,-1.89334568611032638e-03
2.29774999999999974e+00,2.29774999999999974e+00,1.89406313132601617e-01,-1.64865702989596130e-01,-1.64862420309086405e-01,-1.24246713405031721e-03,-1.24244239498954873e-03,-6.21221197494774367e-04,-1.86368833154509157e-03,-1.86366359248432310e-03
2.30500000000000016e+00,2.30500000000000016e+00,1.88216693879663610e-01,-1.63314896349783467e-01,-1.63311664971508536e-01,-1.22304962966523654e-03,-1.22302543018257574e-03,-6.11512715091287761e-04,-1.83456234475652420e-03,-1.83453814527386339e-03
2.31225000000000014e+00,2.31225000000000014e+00,1.87038247135529662e-01,-1.61783479130539476e-01,-1.61780298095387298e-01,-1.20399514230015237e-03,-1.20397146898757867e-03,-6.01985734493789334e-04,-1.80598087679394170e-03,-1.80595720348136800e-03
2.31950000000000012e+00,2.31950000000000012e+00,1.85870833432270788e-01,-1.60271149248108813e-01,-1.60268017617823472e-01,-1.18529577871331090e-03,-1.18527261853647856e-03,-5.92636309268239282e-04,-1.77793208798155029e-03,-1.77790892780471796e-03
2.32675000000000010e+00,2.32675000000000010e+00,1.84714315471432078e-01,-1.58777610248902690e-01,-1.58774527105561031e-01,-1.16694384119959038e-03,-1.16692118148624402e-03,-5.83460590743121901e-04,-1.75040443194271218e-03,-1.75038177222936603e-03
2.33400000000000007e+00,2.33400000000000007e+00,1.83568558083661709e-01,-1.57302571187438289e-01,-1.57299535632957760e-01,-1.14893182215775069e-03,-1.14890965058665534e-03,-5.74454825293327777e-04,-1.72338664745107836e-03,-1.72336447587998322e-03
2.34125000000000005e+00,2.34125000000000005e+00,1.82433428189214236e-01,-1.55845746507321081e-01,-1.55842757662969983e-01,-1.13125239882508918e-03,-1.13123070341525161e-03,-5.65615351707625912e-04,-1.69686775053271509e-03,-1.69684605512287752e-03
2.34850000000000003e+00,2.34850000000000003e+00,1.81308794759305558e-01,-1.54406855925158126e-01,-1.54403912931067117e-01,-1.11389842817363814e-03,-1.11387719727380242e-03,-5.56938598636901212e-04,-1.67083702681053935e-03,-1.67081579591070364e-03
2.35575000000000001e+00,2.35575000000000001e+00,1.80194528778299445e-01,-1.52985624317279800e-01,-1.52982726331995694e-01,-1.09686294196218023e-03,-1.09684216424088348e-03,-5.48421082120441740e-04,-1.64528402408262208e-03,-1.64526324636132511e-03
2.36299999999999999e+00,2.36299999999999999e+00,1.79090503206704998e-01,-1.51581781609280597e-01,-1.51578927809314423e-01,-1.08013914193948396e-03,-1.08011880637531518e-03,-5.40059403187657700e-04,-1.62019854512714155e-03,-1.62017820956297277e-03
2.37024999999999997e+00,2.37024999999999997e+00,1.77996592944964893e-01,-1.50195062668242230e-01,-1.50192252247623587e-01,-1.06372039519327544e-03,-1.06370049106541652e-03,-5.31850245532708259e-04,-1.59557064072598370e-03,-1.59555073659812478e-03
2.37750000000000039e+00,2.37750000000000039e+00,1.76912674798015424e-01,-1.48825207197555542e-01,-1.48822439367415682e-01,-1.04760022964001500e-03,-1.04758074651921341e-03,-5.23790373259606706e-04,-1.57139060289962170e-03,-1.57137111977882012e-03
2.38475000000000037e+00,2.38475000000000037e+00,1.75838627440600248e-01,-1.47471959634319916e-01,-1.47469233622476326e-01,-1.03177232965115731e-03,-1.03175325739092915e-03,-5.15876628695464577e-04,-1.54764895834662189e-03,-1.54762988608639373e-03
2.39200000000000035e+00,2.39200000000000035e+00,1.74774331383317799e-01,-1.46135069049206479e-01,-1.46132384099764034e-01,-1.01623053181105387e-03,-1.01621186053921253e-03,-5.08105930269606154e-04,-1.52433646208066003e-03,-1.52431779080881868e-03
2.39925000000000033e+00,2.39925000000000033e+00,1.73719668939386757e-01,-1.44814289048753153e-01,-1.44811644421704050e-01,-1.00096882080239987e-03,-1.00095054091278268e-03,-5.00475270456391340e-04,-1.50144409125879110e-03,-1.50142581136917391e-03
2.40650000000000031e+00,2.40650000000000031e+00,1.72674524192110879e-01,-1.43509377679977845e-01,-1.43506772650829728e-01,-9.85981325414689042e-04,-9.85963427559275385e-04,-4.92981713779637692e-04,-1.47896303919432684e-03,-1.47894514133891297e-03
2.41375000000000028e+00,2.41375000000000028e+00,1.71638782963027064e-01,-1.42220097337304452e-01,-1.42217531196708075e-01,-9.71262314672032001e-04,-9.71244789753247079e-04,-4.85622394876623485e-04,-1.45688470954865538e-03,-1.45686718462987056e-03
2.42100000000000026e+00,2.42100000000000026e+00,1.70612332780719966e-01,-1.40946214671709313e-01,-1.40943686725088752e-01,-9.56806194076218462e-04,-9.56789033239437668e-04,-4.78394516619718888e-04,-1.43520071069593740e-03,-1.43518354985915650e-03
2.42825000000000024e+00,2.42825000000000024e+00,1.69595062850287304e-01,-1.39687500502001072e-01,-1.39685010069216325e-01,-9.42607501961078751e-04,-9.42590696587529940e-04,-4.71295348293765024e-04,-1.41390285025484383e-03,-1.41388604488129491e-03
2.43550000000000022e+00,2.43550000000000022e+00,1.68586864023440947e-01,-1.38443729728246367e-01,-1.38441276143248554e-01,-9.28660905954988968e-04,-9.28644447654772796e-04,-4.64322223827386398e-04,-1.39298312978237537e-03,-1.39296667148215919e-03
2.44275000000000020e+00,2.44275000000000020e+00,1.67587628769227726e-01,-1.37214681247234793e-01,-1.37212263857724059e-01,-9.14961199547677153e-04,-9.14945080152970865e-04,-4.57472540076485487e-04,-1.37243373962416264e-03,-1.37241762022945624e-03
2.45000000000000018e+00,2.45000000000000018e+00,1.66597251145356062e-01,-1.36000137869910276e-01,-1.35997756037025352e-01,-9.01503298757829461e-04,-9.01487510316461150e-04,-4.50743755158230575e-04,-1.35224705391605998e-03,-1.35223126547469167e-03
2.45725000000000016e+00,2.45725000000000016e+00,1.65615626770114044e-01,-1.34799886240791977e-01,-1.34797539338784439e-01,-8.88282238898749203e-04,-8.88266773667821617e-04,-4.44133386833910808e-04,-1.33241562573266012e-03,-1.33240016050173242e-03
2.46450000000000014e+00,2.46450000000000014e+00,1.64642652794864591e-01,-1.33613716759249712e-01,-1.33611404175179221e-01,-8.75293171438361090e-04,-8.75278021878163402e-04,-4.37639010939081647e-04,-1.31293218237744274e-03,-1.31291703281724505e-03
2.47175000000000011e+00,2.47175000000000011e+00,1.63678227877104926e-01,-1.32441423502626776e-01,-1.32439144636071537e-01,-8.62531360950815392e-04,-8.62516519718976209e-04,-4.31258259859488213e-04,-1.29378962081030361e-03,-1.29377477957846442e-03
2.47900000000000009e+00,2.47900000000000009e+00,1.62722252154076485e-01,-1.31282804151185317e-01,-1.31280558413938264e-01,-8.49992182156916656e-04,-8.49977642102600281e-04,-4.24988821051300140e-04,-1.27498100320821680e-03,-1.27496646315390042e-03
2.48625000000000007e+00,2.48625000000000007e+00,1.61774627216912742e-01,-1.30137659914758785e-01,-1.30135446730548193e-01,-8.37671117050094887e-04,-8.37656871208490431e-04,-4.18828435604245216e-04,-1.25649955265434016e-03,-1.25648530681273570e-03
2.49350000000000005e+00,2.49350000000000005e+00,1.60835256085312489e-01,-1.29005795461122119e-01,-1.29003614265339878e-01,-8.25563752105568007e-04,-8.25549793692555438e-04,-4.12774896846277611e-04,-1.23833864895184567e-03,-1.23832469053883299e-03
2.50075000000000003e+00,2.50075000000000003e+00,1.59904043182726469e-01,-1.27887018846024603e-01,-1.27884869085455544e-01,-8.13665775569985929e-04,-8.13652097976931576e-04,-4.06826048988465788e-04,-1.22049182455845166e-03,-1.22047814696539742e-03
2.50800000000000001e+00,2.50800000000000001e+00,1.58980894312045151e-01,-1.26781141444828549e-01,-1.26779022577388489e-01,-8.01972974828921549e-04,-8.01959571617648923e-04,-4.00979785808824407e-04,-1.20295276063774590e-03,-1.20293935742647328e-03
2.51524999999999999e+00,2.51524999999999999e+00,1.58065716631776459e-01,-1.25687977885727165e-01,-1.25685889380201948e-01,-7.90481233849852564e-04,-7.90468098747735041e-04,-3.95234049373867466e-04,-1.18571528322372003e-03,-1.18570214812160251e-03
2.52249999999999996e+00,2.52249999999999996e+00,1.57158418632702107e-01,-1.24607345984475870e-01,-1.24605287320279173e-01,-7.79186530698102505e-04,-7.79173657593385969e-04,-3.89586828796692985e-04,-1.16877335949479560e-03,-1.16876048639007885e-03
2.52974999999999994e+00,2.52974999999999994e+00,1.56258910115001565e-01,-1.23539066680631748e-01,-1.23537037347565229e-01,-7.68084935123666259e-04,-7.68072318060913396e-04,-3.84036159030456752e-04,-1.15212109415412296e-03,-1.15210847709137009e-03
2.53699999999999992e+00,2.53699999999999992e+00,1.55367102165832965e-01,-1.22482963975253156e-01,-1.22480963473262094e-01,-7.57172606216644992e-04,-7.57160239392254495e-04,-3.78580119696127248e-04,-1.13575272591277224e-03,-1.13574035908838174e-03
2.54424999999999990e+00,2.54424999999999990e+00,1.54482907137360403e-01,-1.21438864869993779e-01,-1.21436892708940092e-01,-7.46445790128974062e-04,-7.46433667886909637e-04,-3.73216833943454819e-04,-1.11966262407242893e-03,-1.11965050183036440e-03
2.55149999999999988e+00,2.55149999999999988e+00,1.53606238625218050e-01,-1.20406599307587570e-01,-1.20404655007029640e-01,-7.35900817860586382e-04,-7.35888934688243876e-04,-3.67944467344121992e-04,-1.10384528520470837e-03,-1.10383340203236598e-03
2.55874999999999986e+00,2.55874999999999986e+00,1.52737011447400400e-01,-1.19386000113689050e-01,-1.19384083202657865e-01,-7.25534103108009987e-04,-7.25522453632154989e-04,-3.62761226816077440e-04,-1.08829532992408737e-03,-1.08828368044823248e-03
2.56599999999999984e+00,2.56599999999999984e+00,1.51875141623569576e-01,-1.18376902940001472e-01,-1.18375012956796241e-01,-7.15342140173266653e-04,-7.15330719156181895e-04,-3.57665359578090947e-04,-1.07300749975135765e-03,-1.07299607873427290e-03
2.57324999999999982e+00,2.57324999999999982e+00,1.51020546354770385e-01,-1.17379146208712370e-01,-1.17377282700686217e-01,-7.05321501931534169e-04,-7.05310304267193263e-04,-3.52655152133596577e-04,-1.05797665406513080e-03,-1.05796545640078989e-03
2.58049999999999979e+00,2.58049999999999979e+00,1.50173144003543230e-01,-1.16392571058161920e-01,-1.16390733581509975e-01,-6.95468837855509016e-04,-6.95457858565850704e-04,-3.47728929282925352e-04,-1.04319776713843442e-03,-1.04318678784877600e-03
2.58774999999999977e+00,2.58774999999999977e+00,1.49332854074427035e-01,-1.15417021289697885e-01,-1.15415209409276048e-01,-6.85780872094644421e-04,-6.85770106326112779e-04,-3.42885053163056390e-04,-1.02866592525770076e-03,-1.02865515948916911e-03
2.59499999999999975e+00,2.59499999999999975e+00,1.48499597194842625e-01,-1.14452343315758043e-01,-1.14450556604888357e-01,-6.76254401608010892e-04,-6.76243844628092168e-04,-3.38121922314046138e-04,-1.01437632392205714e-03,-1.01436576694213841e-03
2.60225000000000017e+00,2.60225000000000017e+00,1.47673295096348522e-01,-1.13498386109084137e-01,-1.13496624149369590e-01,-6.66886294348752510e-04,-6.66875941542645649e-04,-3.33437970771322770e-04,-1.00032426512007533e-03,-1.00031391231396836e-03
2.60950000000000015e+00,2.60950000000000015e+00,1.46853870596260844e-01,-1.12555001153090473e-01,-1.12553263534210260e-01,-6.57673487498874388e-04,-6.57663334366119815e-04,-3.28831667183059908e-04,-9.86505154681934296e-04,-9.86495001549179615e-04
2.61675000000000013e+00,2.61675000000000013e+00,1.46041247579628719e-01,-1.11622042393257459e-01,-1.11620328712814534e-01,-6.48612985752243954e-04,-6.48603027903732260e-04,-3.24301513951866130e-04,-9.72914499704110084e-04,-9.72904541855598389e-04
2.62400000000000011e+00,2.62400000000000011e+00,1.45235350981558597e-01,-1.10699366189685122e-01,-1.10697676053017224e-01,-6.39701859645290939e-04,-6.39692092800125196e-04,-3.19846046400062598e-04,-9.59547906045353591e-04,-9.59538139200187849e-04
2.63125000000000009e+00,2.63125000000000009e+00,1.44436106769878281e-01,-1.09786831270627161e-01,-1.09785164290643819e-01,-6.30937243933082969e-04,-6.30927663915660064e-04,-3.15463831957830032e-04,-9.46401075890913055e-04,-9.46391495873490042e-04
2.63850000000000007e+00,2.63850000000000007e+00,1.43643441928134524e-01,-1.08884298687064174e-01,-1.08882654484089084e-01,-6.22316336009900279e-04,-6.22306938747086021e-04,-3.11153469373542956e-04,-9.33469805383443235e-04,-9.33460408120628977e-04
2.64575000000000005e+00,2.64575000000000005e+00,1.42857284438915849e-01,-1.07991631768303620e-01,-1.07990009969888195e-01,-6.13836394373043644e-04,-6.13827175891246287e-04,-3.06913587945623143e-04,-9.20749982318666733e-04,-9.20740763836869376e-04
2.65300000000000002e+00,2.65300000000000002e+00,1.42077563267494128e-01,-1.07108696078469734e-01,-1.07107096319256787e-01,-6.05494737127949107e-04,-6.05485693550540573e-04,-3.02742846775270287e-04,-9.08237583903219394e-04,-9.08228540325810860e-04
2.66025000000000000e+00,2.66025000000000000e+00,1.41304208345778060e-01,-1.06235359374005967e-01,-1.06233781295576021e-01,-5.97288740534200006e-04,-5.97279868078894722e-04,-2.98639934039447361e-04,-8.95928674573647421e-04,-8.95919802118342028e-04
2.66749999999999998e+00,2.66749999999999998e+00,1.40537150556571039e-01,-1.05371491562092245e-01,-1.05369934812799285e-01,-5.89215837590803928e-04,-5.89207132567035486e-04,-2.94603566283517743e-04,-8.83819403874321671e-04,-8.83810698850553229e-04
2.67475000000000041e+00,2.67475000000000041e+00,1.39776321718127705e-01,-1.04516964659913114e-01,-1.04515428894758525e-01,-5.81273516659336288e-04,-5.81264975465903429e-04,-2.90632487732951715e-04,-8.71906004392287949e-04,-8.71897463198855090e-04
2.68200000000000038e+00,2.68200000000000038e+00,1.39021654569002256e-01,-1.03671652754881549e-01,-1.03670137635348422e-01,-5.73459320124535075e-04,-5.73450939247079289e-04,-2.86725469623539590e-04,-8.60184789748074611e-04,-8.60176408870618825e-04
2.68925000000000036e+00,2.68925000000000036e+00,1.38273082753181925e-01,-1.02835431965637270e-01,-1.02833937159566347e-01,-5.65770843090357889e-04,-5.65762619099124107e-04,-2.82881309549562053e-04,-8.48652152639919888e-04,-8.48643928648686215e-04
2.69650000000000034e+00,2.69650000000000034e+00,1.37530540805500506e-01,-1.02008180403933224e-01,-1.02006705585388824e-01,-5.58205732111197389e-04,-5.58197661658788057e-04,-2.79098830829394083e-04,-8.37304562940591472e-04,-8.37296492488182140e-04
2.70375000000000032e+00,2.70375000000000032e+00,1.36793964137324892e-01,-1.01189778137340980e-01,-1.01188322986463158e-01,-5.50761683956953988e-04,-5.50753763776056036e-04,-2.75376881888027964e-04,-8.26138565844981897e-04,-8.26130645664084054e-04
2.71100000000000030e+00,2.71100000000000030e+00,1.36063289022509082e-01,-1.00380107152709286e-01,-1.00378671355595028e-01,-5.43436444410724155e-04,-5.43428671312041534e-04,-2.71714335656020767e-04,-8.15150780066744868e-04,-8.15143006968062356e-04
2.71825000000000028e+00,2.71825000000000028e+00,1.35338452583610602e-01,-9.95790513204291017e-02,-9.95776345690135845e-02,-5.36227807098544696e-04,-5.36220177968776230e-04,-2.68110088984388115e-04,-8.04337896082932811e-04,-8.04330266953164346e-04
2.72550000000000026e+00,2.72550000000000026e+00,1.34619392778362851e-01,-9.87864963594766721e-02,-9.87850983513944847e-02,-5.29133612350206339e-04,-5.29126124149957447e-04,-2.64563062074978724e-04,-7.93696674425185063e-04,-7.93689186224936171e-04
2.73275000000000023e+00,2.73275000000000023e+00,1.33906048386398191e-01,-9.80023298031529322e-02,-9.80009502416234052e-02,-5.22151746089893963e-04,-5.22144395851762604e-04,-2.61072197925881302e-04,-7.83223944015775265e-04,-7.83216593777643906e-04
2.74000000000000021e+00,2.74000000000000021e+00,1.33198358996217153e-01,-9.72264409655689832e-02,-9.72250795592825845e-02,-5.15280138756148837e-04,-5.15272923582856565e-04,-2.57636461791428282e-04,-7.72916600547577173e-04,-7.72909385374284793e-04
2.74725000000000019e+00,2.74725000000000019e+00,1.32496264992397444e-01,-9.64587209088438868e-02,-9.64573773718427063e-02,-5.08516764250217562e-04,-5.08509681312749036e-04,-2.54254840656374518e-04,-7.62771604906592026e-04,-7.62764521969123499e-04
2.75450000000000017e+00,2.75450000000000017e+00,1.31799707543038908e-01,-9.56990624109739230e-02,-9.56977364625441335e-02,-5.01859638911843577e-04,-5.01852685447688089e-04,-2.50926342723843991e-04,-7.52785981635687622e-04,-7.52779028171532026e-04
2.76175000000000015e+00,2.76175000000000015e+00,1.31108628587438325e-01,-9.49473599343999553e-02,-9.49460512989505345e-02,-4.95306820521936356e-04,-4.95299993833294024e-04,-2.47649996916647012e-04,-7.42956817438583314e-04,-7.42949990749940982e-04
2.76900000000000013e+00,2.76900000000000013e+00,1.30422970823990125e-01,-9.42035095951894164e-02,-9.42022180021597072e-02,-4.88856407330996484e-04,-4.88849704783172654e-04,-2.44424852391586327e-04,-7.33281259722582757e-04,-7.33274557174758927e-04
2.77625000000000011e+00,2.77625000000000011e+00,1.29742677698308106e-01,-9.34674091329004142e-02,-9.34661343166559994e-02,-4.82506537112991512e-04,-4.82499956132762648e-04,-2.41249978066381297e-04,-7.23756515179372782e-04,-7.23749934199143918e-04
2.78350000000000009e+00,2.78350000000000009e+00,1.29067693391563071e-01,-9.27389578810728921e-02,-9.27376995807889792e-02,-4.76255386243746920e-04,-4.76248924317697548e-04,-2.38124462158848747e-04,-7.14379848402595693e-04,-7.14373386476546321e-04
2.79075000000000006e+00,2.79075000000000006e+00,1.28397962809032540e-01,-9.20180567382953285e-02,-9.20168146978643936e-02,-4.70101168802970033e-04,-4.70094823475987705e-04,-2.35047411737993907e-04,-7.05148580540963885e-04,-7.05142235213981612e-04
2.79800000000000004e+00,2.79800000000000004e+00,1.27733431568857775e-01,-9.13046081398949383e-02,-9.13033821078325786e-02,-4.64042135699552086e-04,-4.64035904573344463e-04,-2.32017952286672232e-04,-6.96060087986224291e-04,-6.96053856860016722e-04
2.80525000000000002e+00,2.80525000000000002e+00,1.27074045991004081e-01,-9.05985160302087422e-02,-9.05973057595608755e-02,-4.58076573819343790e-04,-4.58070454550993020e-04,-2.29035227275496537e-04,-6.87111801094840327e-04,-6.87105681826489503e-04
2.81250000000000000e+00,2.81250000000000000e+00,1.26419753086419756e-01,-8.98996858354319528e-02,-8.98984910836762713e-02,-4.52202805194822891e-04,-4.52196795495340531e-04,-2.26098397747670238e-04,-6.78301202942493183e-04,-6.78295193243010769e-04
2.81974999999999998e+00,2.81974999999999998e+00,1.25770500546390301e-01,-8.92080244370117015e-02,-8.92068449659652873e-02,-4.46419186195939454e-04,-4.46413283828882160e-04,-2.23206641914441053e-04,-6.69625828110380480e-04,-6.69619925743323240e-04
2.82699999999999996e+00,2.82699999999999996e+00,1.25126236732083090e-01,-8.85234401455843312e-02,-8.85222757213180722e-02,-4.40724106741603868e-04,-4.40718309521751482e-04,-2.20359154760875714e-04,-6.61083261502479636e-04,-6.61077464282627250e-04
2.83424999999999994e+00,2.83424999999999994e+00,1.24486910664279346e-01,-8.78458426754473720e-02,-8.78446930682045268e-02,-4.35115989531255083e-04,-4.35110295323335773e-04,-2.17555147661667914e-04,-6.52671137192922996e-04,-6.52665442985003686e-04
2.84149999999999991e+00,2.84149999999999991e+00,1.23852472013289111e-01,-8.71751431195626481e-02,-8.71740081036699727e-02,-4.29593289295991979e-04,-4.29587696013396865e-04,-2.14793848006698487e-04,-6.44387137302690439e-04,-6.44381544020095325e-04
2.84874999999999989e+00,2.84874999999999989e+00,1.23222871089045685e-01,-8.65112539250620927e-02,-8.65101332788385663e-02,-4.24154492068640979e-04,-4.24148997672153122e-04,-2.12074498836076561e-04,-6.36228990904717513e-04,-6.36223496508229710e-04
2.85599999999999987e+00,2.85599999999999987e+00,1.22598058831375714e-01,-8.58540888692296278e-02,-8.58529823749129700e-02,-4.18798114472160440e-04,-4.18792716968796423e-04,-2.09396358484398158e-04,-6.28194472956558570e-04,-6.28189075453194608e-04
2.86324999999999985e+00,2.86324999999999985e+00,1.21977986800441862e-01,-8.52035630359839757e-02,-8.52024704796590371e-02,-4.13522703026050504e-04,-4.13517400467934386e-04,-2.06758700233967193e-04,-6.20281403260017697e-04,-6.20276100701901579e-04
2.87049999999999983e+00,2.87049999999999983e+00,1.21362607167353961e-01,-8.45595927928481927e-02,-8.45585139643643680e-02,-4.08326833470253568e-04,-4.08321623953460631e-04,-2.04160811976730370e-04,-6.12487645446983938e-04,-6.12482435930190947e-04
2.87774999999999981e+00,2.87774999999999981e+00,1.20751872704945570e-01,-8.39220957683703972e-02,-8.39210304612600655e-02,-4.03209110105944783e-04,-4.03203991769373097e-04,-2.01601995884686575e-04,-6.04811105990631331e-04,-6.04805987654059699e-04
2.88499999999999979e+00,2.88499999999999979e+00,1.20145736778712584e-01,-8.32909908299885871e-02,-8.32899388413952113e-02,-3.98168165152762682e-04,-3.98163136177073784e-04,-1.99081568088536892e-04,-5.97249733241299601e-04,-5.97244704265610703e-04
2.89224999999999977e+00,2.89224999999999977e+00,1.19544153337910741e-01,-8.26661980623413228e-02,-8.26651591929540991e-02,-3.93202658122087420e-04,-3.93197716728699634e-04,-1.96598858364349844e-04,-5.89801516486437210e-04,-5.89796575093049424e-04
2.89950000000000019e+00,2.89950000000000019e+00,1.18947076906808599e-01,-8.20476387460278289e-02,-8.20466128000059275e-02,-3.88311275205991638e-04,-3.88306419656043523e-04,-1.94153209828021761e-04,-5.82464485034013373e-04,-5.82459629484065257e-04
2.90675000000000017e+00,2.90675000000000017e+00,1.18354462576093306e-01,-8.14352353367695514e-02,-8.14342221216776824e-02,-3.83492728681253663e-04,-3.83487957274641835e-04,-1.91743978637320917e-04,-5.75236707318574608e-04,-5.75231935911962779e-04
2.91400000000000015e+00,2.91400000000000015e+00,1.17766265994425426e-01,-8.08289114450122526e-02,-8.08279107717401607e-02,-3.78745756328251919e-04,-3.78741067402612556e-04,-1.89370533701306278e-04,-5.68116290029558224e-04,-5.68111601103918860e-04
2.92125000000000012e+00,2.92125000000000012e+00,1.17182443360140623e-01,-8.02285918158833766e-02,-8.02276034985986292e-02,-3.74069120863980810e-04,-3.74064512793846789e-04,-1.87032256396923394e-04,-5.61101377260904205e-04,-5.61096769190770183e-04
2.92850000000000010e+00,2.92850000000000010e+00,1.16602951413095124e-01,-7.96342023096023865e-02,-7.96332261656787638e-02,-3.69461609389302439e-04,-3.69457080585163552e-04,-1.84728540292581749e-04,-5.54190149681884161e-04,-5.54185620877745274e-04
2.93575000000000008e+00,2.93575000000000008e+00,1.16027747426651395e-01,-7.90456698822517012e-02,-7.90447057321988500e-02,-3.64922032849660221e-04,-3.64917581757047784e-04,-1.82458790878523892e-04,-5.47380823728184059e-04,-5.47376372635571731e-04
2.94300000000000006e+00,2.94300000000000006e+00,1.15456789199802484e-01,-7.84629225669117858e-02,-7.84619702343204023e-02,-3.60449225508948962e-04,-3.60444850607610084e-04,-1.80222425303805069e-04,-5.40671650812754004e-04,-5.40667275911415127e-04
2.95025000000000004e+00,2.95025000000000004e+00,1.14890035049431183e-01,-7.78858894551879288e-02,-7.78849487666680301e-02,-3.56042044436351670e-04,-3.56037744239407806e-04,-1.78018872119703903e-04,-5.34060916556055600e-04,-5.34056616359111737e-04
2.95750000000000002e+00,2.95750000000000002e+00,1.14327443802702267e-01,-7.73145006790842970e-02,-7.73135714642111671e-02,-3.51699369005628918e-04,-3.51695142058786080e-04,-1.75847571029393067e-04,-5.27546940035021985e-04,-5.27542713088179202e-04
2.96475000000000000e+00,2.96475000000000000e+00,1.13768974789584462e-01,-7.67486873932519131e-02,-7.67477694844991704e-02,-3.47420100406685601e-04,-3.47415945287401205e-04,-1.73707972643700629e-04,-5.21128073050386204e-04,-5.21123917931101861e-04
2.97200000000000042e+00,2.97200000000000042e+00,1.13214587835500091e-01,-7.61883817575519373e-02,-7.61874749902423098e-02,-3.43203161168856080e-04,-3.43199076485602172e-04,-1.71599538242801086e-04,-5.14802699411657139e-04,-5.14798614728403285e-04
2.97925000000000040e+00,2.97925000000000040e+00,1.12664243254099919e-01,-7.56335169199875423e-02,-7.56326211322311953e-02,-3.39047494695870024e-04,-3.39043479087354938e-04,-1.69521739543677523e-04,-5.08569234239547520e-04,-5.08565218631032434e-04
2.98650000000000038e+00,2.98650000000000038e+00,1.12117901840160267e-01,-7.50840269999386578e-02,-7.50831420325868137e-02,-3.34952064811927324e-04,-3.34948116946400757e-04,-1.67474058473200351e-04,-5.02426123285127702e-04,-5.02422175419601135e-04
2.99375000000000036e+00,2.99375000000000036e+00,1.11575524862600806e-01,-7.45398470717413275e-02,-7.45389727683345577e-02,-3.30915855318805459e-04,-3.30911973893352820e-04,-1.65455986946676437e-04,-4.96371842265481869e-04,-4.96367960840029231e-04
3.00099999999999989e+00,3.00099999999999989e+00,1.11037074057620047e-01,-7.40009131485912519e-02,-7.40000493552949307e-02,-3.26937869563647939e-04,-3.26934053303442088e-04,-1.63467026651721071e-04,-4.90404896215369010e-04,-4.90401079955163160e-04
3.00825000000000031e+00,3.00825000000000031e+00,1.10502511621946242e-01,-7.34671621667164487e-02,-7.34663087322837138e-02,-3.23017130016938826e-04,-3.23013377674627119e-04,-1.61506688837313560e-04,-4.84523818854252358e-04,-4.84520066511940706e-04
3.01550000000000029e+00,3.01550000000000029e+00,1.09971800206202619e-01,-7.29385319699007439e-02,-7.29376887456160555e-02,-3.19152677860786230e-04,-3.19148988215803948e-04,-1.59574494107901974e-04,-4.78727171968688177e-04,-4.78723482323705949e-04
3.02275000000000027e+00,3.02275000000000027e+00,1.09444902908382685e-01,-7.24149612942746046e-02,-7.24141281339063247e-02,-3.15343572586902201e-04,-3.15339944444839051e-04,-1.57669972222419552e-04,-4.73013544809321781e-04,-4.73009916667258630e-04
3.03000000000000025e+00,3.03000000000000025e+00,1.08921783267435651e-01,-7.18963897534008467e-02,-7.18955665131588428e-02,-3.11588891604179280e-04,-3.11585323796179342e-04,-1.55792661898089644e-04,-4.67381553502268924e-04,-4.67377985694268985e-04
3.03725000000000023e+00,3.03725000000000023e+00,1.08402405256958365e-01,-7.13827578236614357e-02,-7.13819443621423050e-02,-3.07887729855660841e-04,-3.07884221237780451e-04,-1.53942110618890198e-04,-4.61829840474551039e-04,-4.61826331856670649e-04
3.04450000000000021e+00,3.04450000000000021e+00,1.07886733278992564e-01,-7.08740068298920889e-02,-7.08732030080424097e-02,-3.04239199444460877e-04,-3.04235748897116606e-04,-1.52117874448558330e-04,-4.56357073893019207e-04,-4.56353623345674936e-04
3.05175000000000018e+00,3.05175000000000018e+00,1.07374732157924938e-01,-7.03700789313206343e-02,-7.03692846123862847e-02,-3.00642429268664017e-04,-3.00639035696031098e-04,-1.50319517848015549e-04,-4.50961947116679566e-04,-4.50958553544046647e-04
3.05900000000000016e+00,3.05900000000000016e+00,1.06866367134488410e-01,-6.98709171077469549e-02,-6.98701321572333528e-02,-2.97096564664731913e-04,-2.97093226994200681e-04,-1.48546613497100313e-04,-4.45643178161832200e-04,-4.45639840491300968e-04
3.06625000000000014e+00,3.06625000000000014e+00,1.06361603859862611e-01,-6.93764651460027082e-02,-6.93756894316266554e-02,-2.93600767059383711e-04,-2.93597484240990664e-04,-1.46798742120495332e-04,-4.40399509179879042e-04,-4.40396226361485996e-04
3.07350000000000012e+00,3.07350000000000012e+00,1.05860408389871374e-01,-6.88866676266455258e-02,-6.88859010182992504e-02,-2.90154213629561402e-04,-2.90150984635482556e-04,-1.45075492317741278e-04,-4.35229705947302653e-04,-4.35226476953223806e-04
3.08075000000000010e+00,3.08075000000000010e+00,1.05362747179276253e-01,-6.84014699109152247e-02,-6.84007122806305212e-02,-2.86756096970412159e-04,-2.86752920794466372e-04,-1.43376460397233186e-04,-4.30132557367645372e-04,-4.30129381191699531e-04
3.08800000000000008e+00,3.08800000000000008e+00,1.04868587076163103e-01,-6.79208181279520318e-02,-6.79200693498465680e-02,-2.83405624771102720e-04,-2.83402500428189266e-04,-1.41701250214094660e-04,-4.25106874985197380e-04,-4.25103750642283926e-04
3.09525000000000006e+00,3.09525000000000006e+00,1.04377895316420957e-01,-6.74446591622110958e-02,-6.74439191124600324e-02,-2.80102019498012264e-04,-2.80098946023664896e-04,-1.40049473011832448e-04,-4.20151492509844712e-04,-4.20148419035497344e-04
3.10250000000000004e+00,3.10250000000000004e+00,1.03890639518311054e-01,-6.69729406411505579e-02,-6.69722091979442768e-02,-2.76844518085456583e-04,-2.76841494535347949e-04,-1.38420747267673975e-04,-4.15265265353130584e-04,-4.15262241803021951e-04
3.10975000000000001e+00,3.10975000000000001e+00,1.03406787677124273e-01,-6.65056109231292325e-02,-6.65048879666367276e-02,-2.73632371633508579e-04,-2.73629397082987373e-04,-1.36814698541493687e-04,-4.10447070175002293e-04,-4.10444095624481033e-04
3.11699999999999999e+00,3.11699999999999999e+00,1.02926308159925678e-01,-6.60426190855343265e-02,-6.60419044978669684e-02,-2.70464845112835986e-04,-2.70461918656474186e-04,-1.35230959328237120e-04,-4.05695804441073078e-04,-4.05692877984711333e-04
3.12424999999999997e+00,3.12424999999999997e+00,1.02449169700384021e-01,-6.55839149131320909e-02,-6.55832085783045610e-02,-2.67341217076369616e-04,-2.67338337827506469e-04,-1.33669168913753234e-04,-4.01010385990122824e-04,-4.01007506741259730e-04
3.13149999999999995e+00,3.13149999999999995e+00,1.01975341393685262e-01,-6.51294488866200894e-02,-6.51287506905222774e-02,-2.64260779377560530e-04,-2.64257946467899552e-04,-1.32128973233949776e-04,-3.96389752611510306e-04,-3.96386919701849328e-04
3.13874999999999993e+00,3.13874999999999993e+00,1.01504792691528040e-01,-6.46791721714103929e-02,-6.46784820017701628e-02,-2.61222836895196075e-04,-2.61220049474372566e-04,-1.30610024737186256e-04,-3.91832861632382358e-04,-3.91830074211558794e-04
3.14599999999999991e+00,3.14599999999999991e+00,1.01037493397199821e-01,-6.42330366066135028e-02,-6.42323543529560170e-02,-2.58226707264504901e-04,-2.58223964499647437e-04,-1.29111982249823746e-04,-3.87338689514328646e-04,-3.87335946749471183e-04
3.15325000000000033e+00,3.15325000000000033e+00,1.00573413660732122e-01,-6.37909946942061268e-02,-6.37903202478281861e-02,-2.55271720614342668e-04,-2.55269021689703173e-04,-1.27634510844851587e-04,-3.82906231459194282e-04,-3.82903532534554733e-04
3.16050000000000031e+00,3.16050000000000031e+00,1.00112523974133796e-01,-6.33529995884174468e-02,-6.33523328423564597e-02,-2.52357219310460617e-04,-2.52354563427029197e-04,-1.26177281713514599e-04,-3.78534501023975215e-04,-3.78531845140543796e-04
3.16775000000000029e+00,3.16775000000000029e+00,9.96547951667000748e-02,-6.29190050853098981e-02,-6.29183459343067297e-02,-2.49482557704624433e-04,-2.49479944079727413e-04,-1.24739972039863734e-04,-3.74222529744488194e-04,-3.74219916119591174e-04
3.17500000000000027e+00,3.17500000000000027e+00,9.92001984003968024e-02,-6.24889656125402482e-02,-6.24883139530058515e-02,-2.46647101889397918e-04,-2.46644529756318042e-04,-1.23322264878159021e-04,-3.69969366767556912e-04,-3.69966794634477036e-04
3.18225000000000025e+00,3.18225000000000025e+00,9.87487051653182374e-02,-6.20628362192956473e-02,-6.20621919492926263e-02,-2.43850229458443828e-04,-2.43847698066106003e-04,-1.21923849033053001e-04,-3.65774078491496856e-04,-3.65771547099159032e-04
3.18950000000000022e+00,3.18950000000000022e+00,9.83002872752170159e-02,-6.16405725664446180e-02,-6.16399355856510484e-02,-2.41091329272376563e-04,-2.41088837884969719e-04,-1.20544418942484833e-04,-3.61635748214861395e-04,-3.61633256827454579e-04
3.19675000000000020e+00,3.19675000000000020e+00,9.78549168631047961e-02,-6.12221309168479166e-02,-6.12215011265221168e-02,-2.38369801229827027e-04,-2.38367349126436816e-04,-1.19183674563218408e-04,-3.57553475793045408e-04,-3.57551023689655224e-04
3.20400000000000018e+00,3.20400000000000018e+00,9.74125663769227212e-02,-6.08074681258337080e-02,-6.08068454287907095e-02,-2.35685056043624213e-04,-2.35682642517917585e-04,-1.17841321258958806e-04,-3.53526377302583006e-04,-3.53523963776876404e-04
3.21125000000000016e+00,3.21125000000000016e+00,9.69732085752802037e-02,-6.03965416318557047e-02,-6.03959259324438752e-02,-2.33036515022050827e-04,-2.33034139381966843e-04,-1.16517069690983408e-04,-3.49553584713034235e-04,-3.49551209072950279e-04
3.21850000000000014e+00,3.21850000000000014e+00,9.65368165232608211e-02,-5.99893094473289423e-02,-5.99887006513971227e-02,-2.30423609855041439e-04,-2.30421271422451241e-04,-1.15210635711225634e-04,-3.45634245566267073e-04,-3.45631907133676875e-04
3.22575000000000012e+00,3.22575000000000012e+00,9.61033635882939385e-02,-5.95857301496192093e-02,-5.95851281644851211e-02,-2.27845782405122933e-04,-2.27843480515500579e-04,-1.13921740257750289e-04,-3.41767522662873250e-04,-3.41765220773250868e-04
3.23300000000000010e+00,3.23300000000000010e+00,9.56728234360913476e-02,-5.91857628721772500e-02,-5.91851676066138879e-02,-2.25302484502958673e-04,-2.25300218505126483e-04,-1.12650109252563228e-04,-3.37952593755521888e-04,-3.37950327757689697e-04
3.24025000000000007e+00,3.24025000000000007e+00,9.52451700266473689e-02,-5.87893672958657021e-02,-5.87887786600709006e-02,-2.22793177747578964e-04,-2.22790947003393536e-04,-1.11395473501696768e-04,-3.34188651249275718e-04,-3.34186420505090318e-04
3.24750000000000005e+00,3.24750000000000005e+00,9.48203776103012930e-02,-5.83965036404316962e-02,-5.83959215459900205e-02,-2.20317333311016548e-04,-2.20315137195031330e-04,-1.10157568597515652e-04,-3.30474901908532214e-04,-3.30472705792546968e-04
3.25475000000000003e+00,3.25475000000000003e+00,9.43984207238611206e-02,-5.80071326560940292e-02,-5.80065570159681229e-02,-2.17874431747134526e-04,-2.17872269646379312e-04,-1.08936134823189642e-04,-3.26810566570324154e-04,-3.26808404469568941e-04
3.26200000000000001e+00,3.26200000000000001e+00,9.39792741867879339e-02,-5.76212156153248500e-02,-5.76206463438307392e-02,-2.15463962804856018e-04,-2.15461834118560127e-04,-1.07730917059280064e-04,-3.23194879864136095e-04,-3.23192751177840177e-04
3.26924999999999999e+00,3.26924999999999999e+00,9.35629130974389017e-02,-5.72387143047761171e-02,-5.72381513175431109e-02,-2.13085425245513617e-04,-2.13083329384776513e-04,-1.06541664692388243e-04,-3.19627089937901860e-04,-3.19624994077164783e-04
3.27649999999999997e+00,3.27649999999999997e+00,9.31493128293686828e-02,-5.68595910172984276e-02,-5.68590342312642674e-02,-2.10738326664034473e-04,-2.10736263051633288e-04,-1.05368131525816644e-04,-3.16106458189851103e-04,-3.16104394577449918e-04
3.28374999999999995e+00,3.28374999999999995e+00,9.27384490276880885e-02,-5.64838085441596860e-02,-5.64832578775412777e-02,-2.08422183314277919e-04,-2.08420151384387841e-04,-1.04210075692193920e-04,-3.12632259006471840e-04,-3.12630227076581761e-04
3.29099999999999993e+00,3.29099999999999993e+00,9.23302976054783675e-02,-5.61113301673765719e-02,-5.61107855396404537e-02,-2.06136519938113037e-04,-2.06134519136031704e-04,-1.03067259568015866e-04,-3.09203779506128889e-04,-3.09201778704047583e-04
3.29824999999999990e+00,3.29824999999999990e+00,9.19248347402611271e-02,-5.57421196521632467e-02,-5.57415809840134183e-02,-2.03880869598173695e-04,-2.03878899380114222e-04,-1.01939449690057111e-04,-3.05820319288230779e-04,-3.05818349070171333e-04
3.30550000000000033e+00,3.30550000000000033e+00,9.15220368705219889e-02,-5.53761412395399333e-02,-5.53756084528948603e-02,-2.01654773514367607e-04,-2.01652833347215480e-04,-1.00826416673607754e-04,-3.02481190187975347e-04,-3.02479250020823247e-04
3.31275000000000031e+00,3.31275000000000031e+00,9.11218806922877711e-02,-5.50133596390667279e-02,-5.50128326570298171e-02,-1.99457780903933421e-04,-1.99455870264984121e-04,-9.97279351324920467e-05,-2.99185716036425454e-04,-2.99183805397476154e-04
3.32000000000000028e+00,3.32000000000000028e+00,9.07243431557555324e-02,-5.46537400216786651e-02,-5.46532187685274257e-02,-1.97289448824881816e-04,-1.97287567201650458e-04,-9.86437836008252292e-05,-2.95933232425707059e-04,-2.95931350802475701e-04
3.32725000000000026e+00,3.32725000000000026e+00,9.03294014619734353e-02,-5.42972480126762136e-02,-5.42967324138393104e-02,-1.95149342022946678e-04,-1.95147488912937378e-04,-9.75737444564687024e-05,-2.92723086479415367e-04,-2.92721233369406066e-04
3.33450000000000024e+00,3.33450000000000024e+00,8.99370330595717221e-02,-5.39438496848250182e-02,-5.39433396668596299e-02,-1.93037032781803058e-04,-1.93035207692283521e-04,-9.65176038461417472e-05,-2.89554636627944832e-04,-2.89552811538425269e-04
3.34175000000000022e+00,3.34175000000000022e+00,8.95472156415434706e-02,-5.35935115515719929e-02,-5.35930070421446608e-02,-1.90952100776509815e-04,-1.90950303224302065e-04,-9.54751516121510324e-05,-2.86427252388660875e-04,-2.86425454836453097e-04
3.34900000000000020e+00,3.34900000000000020e+00,8.91599271420739359e-02,-5.32462005603830946e-02,-5.32457014882495860e-02,-1.88894132930127244e-04,-1.88892362441398718e-04,-9.44461812206993592e-05,-2.83340314150826590e-04,-2.83338543662098091e-04
3.35625000000000018e+00,3.35625000000000018e+00,8.87751457334179234e-02,-5.29018840861841255e-02,-5.29013903811801356e-02,-1.86862723273376562e-04,-1.86860979383472958e-04,-9.34304896917365063e-05,-2.80293212965113082e-04,-2.80291469075209451e-04
3.36350000000000016e+00,3.36350000000000016e+00,8.83928498228242626e-02,-5.25605299249471969e-02,-5.25600415179570471e-02,-1.84857472807427699e-04,-1.84855755060631198e-04,-9.24278775303155853e-05,-2.77285350337743298e-04,-2.77283632590946769e-04
3.37075000000000014e+00,3.37075000000000014e+00,8.80130180495061892e-02,-5.22221062873455821e-02,-5.22216231102906950e-02,-1.82877989369477313e-04,-1.82876297318838442e-04,-9.14381486594192347e-05,-2.74316138028896561e-04,-2.74314445978257691e-04
3.37800000000000011e+00,3.37800000000000011e+00,8.76356292816577592e-02,-5.18865817925435735e-02,-5.18861037783645701e-02,-1.80923887501293609e-04,-1.80922220708443546e-04,-9.04611103542217595e-05,-2.71384997855515396e-04,-2.71383331062665279e-04
3.38525000000000009e+00,3.38525000000000009e+00,8.72606626135143115e-02,-5.15539254620867027e-02,-5.15534525447245012e-02,-1.78994788320542580e-04,-1.78993146355505337e-04,-8.94965731777526820e-05,-2.68491361498295262e-04,-2.68489719533258019e-04
3.39250000000000007e+00,3.39250000000000007e+00,8.68880973624575059e-02,-5.12241067138923256e-02,-5.12236388282726607e-02,-1.77090319394839759e-04,-1.77088701835859390e-04,-8.85443509179297087e-05,-2.65634670312769482e-04,-2.65633052753789112e-04
3.39975000000000005e+00,3.39975000000000005e+00,8.65179130661628687e-02,-5.08970953563503414e-02,-5.08966324383633290e-02,-1.75210114618503163e-04,-1.75208521051856684e-04,-8.76042605259283284e-05,-2.62814375144431464e-04,-2.62812781577784985e-04
3.40700000000000003e+00,3.40700000000000003e+00,8.61500894797904287e-02,-5.05728615825056238e-02,-5.05724035689993703e-02,-1.73353814091854074e-04,-1.73352244111715911e-04,-8.66761220558579421e-05,-2.60029936147712030e-04,-2.60028366167573840e-04
3.41425000000000001e+00,3.41425000000000001e+00,8.57846065732165430e-02,-5.02513759643772318e-02,-5.02509227931267760e-02,-1.71521064003201095e-04,-1.71519517211425512e-04,-8.57597586057127424e-05,-2.57280822608913851e-04,-2.57279275817138241e-04
3.42149999999999999e+00,3.42149999999999999e+00,8.54214445283069529e-02,-4.99326094473264703e-02,-4.99321610570258381e-02,-1.69711516513152170e-04,-1.69709992519137987e-04,-8.48549962595689935e-05,-2.54566512772721164e-04,-2.54564988778707008e-04
3.42874999999999996e+00,3.42874999999999996e+00,8.50605837362303080e-02,-4.96165333445421908e-02,-4.96160896747971161e-02,-1.67924829641438842e-04,-1.67923328061998762e-04,-8.39616640309993943e-05,-2.51886493672438209e-04,-2.51884992092998156e-04
3.43599999999999994e+00,3.43599999999999994e+00,8.47020047948111032e-02,-4.93031193316415539e-02,-4.93026803229401067e-02,-1.66160667156194921e-04,-1.66159187615352297e-04,-8.30795938076761483e-05,-2.49240260963871083e-04,-2.49238781423028431e-04
3.44324999999999992e+00,3.44324999999999992e+00,8.43456885059215150e-02,-4.89923394413223079e-02,-4.89919050350230284e-02,-1.64418698465422893e-04,-1.64417240594271050e-04,-8.22086202971355248e-05,-2.46627318762558418e-04,-2.46625860891406547e-04
3.45050000000000034e+00,3.45050000000000034e+00,8.39916158729119150e-02,-4.86841660581109892e-02,-4.86837361964422011e-02,-1.62698598510753809e-04,-1.62697161947354891e-04,-8.13485809736774453e-05,-2.44047179484431254e-04,-2.44045742921032336e-04
3.45775000000000032e+00,3.45775000000000032e+00,8.36397680980788677e-02,-4.83785719132452385e-02,-4.83781465392690985e-02,-1.61000047663579528e-04,-1.60998632052747603e-04,-8.04993160263737877e-05,-2.41499363689953316e-04,-2.41497948079121390e-04
3.46500000000000030e+00,3.46500000000000030e+00,8.32901265801698626e-02,-4.80755300795721041e-02,-4.80751091371831793e-02,-1.59322731623116328e-04,-1.59321336616318724e-04,-7.96606683081593618e-05,-2.38983399931275690e-04,-2.38982004924478085e-04
3.47225000000000028e+00,3.47225000000000028e+00,8.29426729119250722e-02,-4.77750139665777951e-02,-4.77745974004896365e-02,-1.57666341316744119e-04,-1.57664966571964706e-04,-7.88324832859823530e-05,-2.36498824602726458e-04,-2.36497449857947073e-04
3.47950000000000026e+00,3.47950000000000026e+00,8.25973888776544846e-02,-4.74769973154902658e-02,-4.74765850712197054e-02,-1.56030572802379701e-04,-1.56029217983976945e-04,-7.80146089919884724e-05,-2.34045181794368187e-04,-2.34043826975965431e-04
3.48675000000000024e+00,3.48675000000000024e+00,8.22542564508504659e-02,-4.71814541944599597e-02,-4.71810462183124488e-02,-1.54415127172861547e-04,-1.54413791951432330e-04,-7.72068959757161652e-05,-2.31622023148577713e-04,-2.31620687927148496e-04
3.49400000000000022e+00,3.49400000000000022e+00,8.19132577918348093e-02,-4.68883589938213774e-02,-4.68879552328762481e-02,-1.52819710462313494e-04,-1.52818394514558974e-04,-7.64091972572795004e-05,-2.29228907719593008e-04,-2.29227591771838488e-04
3.50125000000000020e+00,3.50125000000000020e+00,8.15743752454400617e-02,-4.65976864214212583e-02,-4.65972868235287746e-02,-1.51244033554401422e-04,-1.51242736563033384e-04,-7.56213682815166921e-05,-2.26865401835918114e-04,-2.26864104844550076e-04
3.50850000000000017e+00,3.50850000000000017e+00,8.12375913387242132e-02,-4.63094114980560079e-02,-4.63090160118137181e-02,-1.49687812092582408e-04,-1.49686533746164131e-04,-7.48432668730820657e-05,-2.24531078965664474e-04,-2.24529800619246197e-04
3.51575000000000015e+00,3.51575000000000015e+00,8.09028887787182488e-02,-4.60235095529517579e-02,-4.60231181276929482e-02,-1.48150766392091278e-04,-1.48149506384920142e-04,-7.40747531924600843e-05,-2.22225519584551376e-04,-2.22224259577380239e-04
3.52300000000000013e+00,3.52300000000000013e+00,8.05702504502064099e-02,-4.57399562193225862e-02,-4.57395688051129221e-02,-1.46632621353744364e-04,-1.46631379385762565e-04,-7.33156896928812823e-05,-2.19948311046625660e-04,-2.19947069078643860e-04
3.53025000000000011e+00,3.53025000000000011e+00,8.02396594135380697e-02,-4.54587274300282118e-02,-4.54583439776435477e-02,-1.45133106379591450e-04,-1.45131882156238062e-04,-7.25659410781190448e-05,-2.17699047457710495e-04,-2.17697823234357107e-04
3.53750000000000009e+00,3.53750000000000009e+00,7.99110989024710006e-02,-4.51797994132689951e-02,-4.51794198741885533e-02,-1.43651955290181145e-04,-1.43650748522295438e-04,-7.18253742611477054e-05,-2.15477329551328850e-04,-2.15476122783443143e-04
3.54475000000000007e+00,3.54475000000000007e+00,7.95845523220456708e-02,-4.49031486883635367e-02,-4.49027730147658760e-02,-1.42188906243551137e-04,-1.42187716647286381e-04,-7.10938583236431904e-05,-2.13282764567194327e-04,-2.13281574970929571e-04
3.55200000000000005e+00,3.55200000000000005e+00,7.92600032464897408e-02,-4.46287520616195366e-02,-4.46283802063568366e-02,-1.40743701655942878e-04,-1.40742528952612954e-04,-7.03712644763064771e-05,-2.11114966132249356e-04,-2.11113793428919431e-04
3.55925000000000002e+00,3.55925000000000002e+00,7.89374354171521880e-02,-4.43565866222295213e-02,-4.43562185388226074e-02,-1.39316088123989936e-04,-1.39314932039983930e-04,-6.96574660199919787e-05,-2.08973554143981915e-04,-2.08972398059975909e-04
3.56650000000000000e+00,3.56650000000000000e+00,7.86168327404674072e-02,-4.40866297382536132e-02,-4.40862653808873697e-02,-1.37905816348547560e-04,-1.37904676615246714e-04,-6.89523383076233703e-05,-2.06858154656170930e-04,-2.06857014922870084e-04
3.57374999999999998e+00,3.57374999999999998e+00,7.82981792859475112e-02,-4.38188590526840116e-02,-4.38184983761860866e-02,-1.36512641060112475e-04,-1.36511517413756447e-04,-6.82557587068782236e-05,-2.04768399766990699e-04,-2.04767276120634671e-04
3.58099999999999996e+00,3.58099999999999996e+00,7.79814592842034970e-02,-4.35532524795370080e-02,-4.35528954393764323e-02,-1.35136320945634030e-04,-1.35135213127251185e-04,-6.75676065636255925e-05,-2.02703927509259623e-04,-2.02702819690876777e-04
3.58824999999999994e+00,3.58824999999999994e+00,7.76666571249942372e-02,-4.32897882000418122e-02,-4.32894347523133799e-02,-1.33776618576903378e-04,-1.33775526332198134e-04,-6.68877631660990535e-05,-2.00664381743002418e-04,-2.00663289498297201e-04
3.59549999999999992e+00,3.59549999999999992e+00,7.73537573553028934e-02,-4.30284446588728997e-02,-4.30280947602852959e-02,-1.32433300340325307e-04,-1.32432223419578853e-04,-6.62161117097894266e-05,-1.98649412050114747e-04,-1.98648335129368266e-04
3.60275000000000034e+00,3.60275000000000034e+00,7.70427446774405722e-02,-4.27692005604338732e-02,-4.27688541683106313e-02,-1.31106136368069724e-04,-1.31105074526081743e-04,-6.55525372630408717e-05,-1.96658673631110582e-04,-1.96657611789122601e-04
3.61000000000000032e+00,3.61000000000000032e+00,7.67336039471765707e-02,-4.25120348652390234e-02,-4.25116919374939409e-02,-1.29794900470718197e-04,-1.29793853466671395e-04,-6.48969267333356840e-05,-1.94691827204053881e-04,-1.94690780200007079e-04
3.61725000000000030e+00,3.61725000000000030e+00,7.64263201718946156e-02,-4.22569267863002196e-02,-4.22565872814401056e-02,-1.28499370071092820e-04,-1.28498337668502807e-04,-6.42491688342514036e-05,-1.92748538905344223e-04,-1.92747506502754211e-04
3.62450000000000028e+00,3.62450000000000028e+00,7.61208785087752193e-02,-4.20038557856159400e-02,-4.20035196627260091e-02,-1.27219326139540155e-04,-1.27218308106153533e-04,-6.36091540530767666e-05,-1.90828480192616935e-04,-1.90827462159230286e-04
3.63175000000000026e+00,3.63175000000000026e+00,7.58172642630031840e-02,-4.17528015706976063e-02,-4.17524687894283361e-02,-1.25954553130444395e-04,-1.25953549238142941e-04,-6.29767746190714703e-05,-1.88931327749515879e-04,-1.88930323857214397e-04
3.63900000000000023e+00,3.63900000000000023e+00,7.55154628860001120e-02,-4.15037440911421029e-02,-4.15034146117065697e-02,-1.24704838919973072e-04,-1.24703848944710959e-04,-6.23519244723554929e-05,-1.87056763392328578e-04,-1.87055773417066438e-04
3.64625000000000021e+00,3.64625000000000021e+00,7.52154599736816198e-02,-4.12566635352735744e-02,-4.12563373184403753e-02,-1.23469974745101278e-04,-1.23468998466829972e-04,-6.17344992334149995e-05,-1.85204473978516277e-04,-1.85203497700244972e-04
3.65350000000000019e+00,3.65350000000000019e+00,7.49172412647386432e-02,-4.10115403268465073e-02,-4.10112173339201511e-02,-1.22249755143864162e-04,-1.22248792346421153e-04,-6.11243961732105902e-05,-1.83374151317074738e-04,-1.83373188519631730e-04
3.66075000000000017e+00,3.66075000000000017e+00,7.46207926389423487e-02,-4.07683551217665752e-02,-4.07680353145898206e-02,-1.21043977896685801e-04,-1.21043028367750463e-04,-6.05215141838752317e-05,-1.81565492080561046e-04,-1.81564542551625695e-04
3.66800000000000015e+00,3.66800000000000015e+00,7.43261001154730261e-02,-4.05270888048985256e-02,-4.05267721458413416e-02,-1.19852443968968635e-04,-1.19851507499978946e-04,-5.99257537499894798e-05,-1.79778197718958108e-04,-1.79777261249968433e-04
3.67525000000000013e+00,3.67525000000000013e+00,7.40331498512713237e-02,-4.02877224869113704e-02,-4.02874089388592996e-02,-1.18674957454771969e-04,-1.18674033840840919e-04,-5.93370169204204527e-05,-1.78011974375192429e-04,-1.78011050761261378e-04
3.68250000000000011e+00,3.68250000000000011e+00,7.37419281394128129e-02,-4.00502375011688727e-02,-4.00499270275154404e-02,-1.17511325521582190e-04,-1.17510414561427373e-04,-5.87552072807136799e-05,-1.76266532802295863e-04,-1.76265621842141060e-04
3.68975000000000009e+00,3.68975000000000009e+00,7.34524214075043813e-02,-3.98146154006706610e-02,-3.98143079653116780e-02,-1.16361358356169682e-04,-1.16360459852049577e-04,-5.81802299260247887e-05,-1.74541588282194478e-04,-1.74540689778074359e-04
3.69700000000000006e+00,3.69700000000000006e+00,7.31646162161030955e-02,-3.95808379550404155e-02,-3.95805335223711613e-02,-1.15224869111501131e-04,-1.15223982869160630e-04,-5.76119914345803150e-05,-1.72836860546081439e-04,-1.72835974303740938e-04
3.70425000000000004e+00,3.70425000000000004e+00,7.28784992571562956e-02,-3.93488871475815571e-02,-3.93485856824762337e-02,-1.14101673854746021e-04,-1.14100799683311454e-04,-5.70503998416557271e-05,-1.71152073696401755e-04,-1.71151199524967188e-04
3.71150000000000002e+00,3.71150000000000002e+00,7.25940573524631594e-02,-3.91187451723427060e-02,-3.91184466401525849e-02,-1.12991591516189494e-04,-1.12990729228119364e-04,-5.64953646140596685e-05,-1.69486956130249163e-04,-1.69486093842179033e-04
3.71875000000000000e+00,3.71875000000000000e+00,7.23112774521573326e-02,-3.88903944312453120e-02,-3.88900987977989013e-02,-1.11894443839185792e-04,-1.11893593250228030e-04,-5.59467966251140150e-05,-1.67841240464299793e-04,-1.67840389875342045e-04
3.72599999999999998e+00,3.72599999999999998e+00,7.20301466332101126e-02,-3.86638175312734589e-02,-3.86635247628610360e-02,-1.10810055331132177e-04,-1.10809216260237192e-04,-5.54046081301185958e-05,-1.66214663461250760e-04,-1.66213824390355801e-04
3.73324999999999996e+00,3.73324999999999996e+00,7.17506520979538653e-02,-3.84389972816849834e-02,-3.84387073450499495e-02,-1.09738253215326662e-04,-1.09737425484581280e-04,-5.48687127422906401e-05,-1.64606965957617309e-04,-1.64606138226871927e-04
3.74049999999999994e+00,3.74049999999999994e+00,7.14727811726256768e-02,-3.82159166912625636e-02,-3.82156295536028243e-02,-1.08678867383746634e-04,-1.08678050818337635e-04,-5.43390254091688106e-05,-1.63017892792915444e-04,-1.63017076227506459e-04
3.74775000000000036e+00,3.74775000000000036e+00,7.11965213059305435e-02,-3.79945589656323079e-02,-3.79942745945863747e-02,-1.07631730350809087e-04,-1.07630924778943837e-04,-5.38154623894719115e-05,-1.61447192740280985e-04,-1.61446387168415748e-04
3.75500000000000034e+00,3.75500000000000034e+00,7.09218600676239791e-02,-3.77749075046045490e-02,-3.77746258682417971e-02,-1.06596677207964992e-04,-1.06595882460805213e-04,-5.32979412304026065e-05,-1.59894618438367599e-04,-1.59893823691207833e-04
3.76225000000000032e+00,3.76225000000000032e+00,7.06487851471137851e-02,-3.75569458995448358e-02,-3.75566669663705416e-02,-1.05573545579135689e-04,-1.05572761490773756e-04,-5.27863807453868847e-05,-1.58359926324522574e-04,-1.58359142236160627e-04
3.76950000000000029e+00,3.76950000000000029e+00,7.03772843520805852e-02,-3.73406579308213082e-02,-3.73403816697602253e-02,-1.04562175577104633e-04,-1.04561401984480009e-04,-5.22807009922400043e-05,-1.56842876569344644e-04,-1.56842102976720006e-04
3.77675000000000027e+00,3.77675000000000027e+00,7.01073456071168721e-02,-3.71260275652574023e-02,-3.71257539456500280e-02,-1.03562409760647500e-04,-1.03561646503499993e-04,-5.17808232517499896e-05,-1.55343233012397497e-04,-1.55342469755249989e-04
3.78400000000000025e+00,3.78400000000000025e+00,6.98389569523843595e-02,-3.69130389536378445e-02,-3.69127679452348617e-02,-1.02574093092521143e-04,-1.02573340013339785e-04,-5.12866700066698993e-05,-1.53860763099191036e-04,-1.53860010020009691e-04
3.79125000000000023e+00,3.79125000000000023e+00,6.95721065422891249e-02,-3.67016764282519503e-02,-3.67014080012075805e-02,-1.01597072898250597e-04,-1.01596329842220222e-04,-5.07981649211101179e-05,-1.52395237819360715e-04,-1.52394494763330327e-04
3.79850000000000021e+00,3.79850000000000021e+00,6.93067826441746970e-02,-3.64919245004751147e-02,-3.64916586253387909e-02,-1.00631198825701528e-04,-1.00630465640645593e-04,-5.03152328203227897e-05,-1.50946431646024318e-04,-1.50945698460968383e-04
3.80575000000000019e+00,3.80575000000000019e+00,6.90429736370322400e-02,-3.62837678583769474e-02,-3.62835045060932726e-02,-9.96763228053921434e-05,-9.96755993417391582e-05,-4.98377996708695859e-05,-1.49514122476261723e-04,-1.49513399012608751e-04
3.81300000000000017e+00,3.81300000000000017e+00,6.87806680102282381e-02,-3.60771913643862518e-02,-3.60769305062828421e-02,-9.87322990116134050e-05,-9.87315851223306878e-05,-4.93657925611653371e-05,-1.48098091572778756e-04,-1.48097377683496025e-04
3.82025000000000015e+00,3.82025000000000015e+00,6.85198543622486389e-02,-3.58721800529719914e-02,-3.58719216607544730e-02,-9.77989838242307154e-05,-9.77982793647787344e-05,-4.88991396823893604e-05,-1.46698123506620089e-04,-1.46697419047168108e-04
3.82750000000000012e+00,3.82750000000000012e+00,6.82605213994601501e-02,-3.56687191283624472e-02,-3.56684631741137279e-02,-9.68762357912153683e-05,-9.68755406195143212e-05,-4.84377703097571538e-05,-1.45314006100972522e-04,-1.45313310929271475e-04
3.83475000000000010e+00,3.83475000000000010e+00,6.80026579348873839e-02,-3.54667939623167783e-02,-3.54665404184822397e-02,-9.59639155919304003e-05,-9.59632295682891857e-05,-4.79816147841445929e-05,-1.43945530376074986e-04,-1.43944844352433772e-04
3.84200000000000008e+00,3.84200000000000008e+00,6.77462528870065583e-02,-3.52663900918948059e-02,-3.52661389312892010e-02,-9.50618860010108292e-05,-9.50612089881156756e-05,-4.75306044940578310e-05,-1.42592490495068667e-04,-1.42591813482173513e-04
3.84925000000000006e+00,3.84925000000000006e+00,6.74912952785549081e-02,-3.50674932173040688e-02,-3.50672444130960062e-02,-9.41700118530398725e-05,-9.41693437158828354e-05,-4.70846718579414177e-05,-1.41254683710981277e-04,-1.41254015573824240e-04
3.85650000000000004e+00,3.85650000000000004e+00,6.72377742353556518e-02,-3.48700891997468787e-02,-3.48698427254534662e-02,-9.32881600077993875e-05,-9.32875006136352387e-05,-4.66437503068176261e-05,-1.39931910314617020e-04,-1.39931250920452858e-04
3.86375000000000002e+00,3.86375000000000002e+00,6.69856789851585865e-02,-3.46741640592993505e-02,-3.46739198887912464e-02,-9.24161993161696794e-05,-9.24155485345010672e-05,-4.62077742672505336e-05,-1.38623973583420199e-04,-1.38623322801751601e-04
3.87100000000000000e+00,3.87100000000000000e+00,6.67349988564958085e-02,-3.44797039728552690e-02,-3.44794620803388283e-02,-9.15540005867537609e-05,-9.15533582892558037e-05,-4.57766791446279086e-05,-1.37330679731381656e-04,-1.37330037433883699e-04
3.87824999999999998e+00,3.87824999999999998e+00,6.64857232775521861e-02,-3.42866952720584095e-02,-3.42864556320774533e-02,-9.07014365530106576e-05,-9.07008026135085958e-05,-4.53504013067542911e-05,-1.36051837859764956e-04,-1.36051203920262880e-04
3.88549999999999995e+00,3.88549999999999995e+00,6.62378417750509596e-02,-3.40951244412908139e-02,-3.40948870287226674e-02,-8.98583818410667333e-05,-8.98577561354987951e-05,-4.49288780677493976e-05,-1.34787259908816131e-04,-1.34786634203248206e-04
3.89274999999999993e+00,3.89274999999999993e+00,6.59913439731534684e-02,-3.39049781156921526e-02,-3.39047429057367997e-02,-8.90247129381270660e-05,-8.90240953444898107e-05,-4.45120476722449121e-05,-1.33536760610371985e-04,-1.33536143016734730e-04
3.90000000000000036e+00,3.90000000000000036e+00,6.57462195923734227e-02,-3.37162430791861922e-02,-3.37160100473709798e-02,-8.82003081614133412e-05,-8.81996985597484991e-05,-4.40998492798742563e-05,-1.32300157441287591e-04,-1.32299547839622762e-04
3.90725000000000033e+00,3.90725000000000033e+00,6.55024584485052463e-02,-3.35289062625747647e-02,-3.35286753847361882e-02,-8.73850476277763339e-05,-8.73844459000980701e-05,-4.36922229500490351e-05,-1.31077270577825369e-04,-1.31076668850147105e-04
3.91450000000000031e+00,3.91450000000000031e+00,6.52600504515660901e-02,-3.33429547416104199e-02,-3.33427259939027137e-02,-8.65788132237394305e-05,-8.65782192540323528e-05,-4.32891096270161696e-05,-1.29867922850755593e-04,-1.29867328881048516e-04
3.92175000000000029e+00,3.92175000000000029e+00,6.50189856047518888e-02,-3.31583757351472386e-02,-3.31581490940278598e-02,-8.57814885762238279e-05,-8.57809022503812005e-05,-4.28904511251906070e-05,-1.28671939701414435e-04,-1.28671353375571821e-04
3.92900000000000027e+00,3.92900000000000027e+00,6.47792540034064640e-02,-3.29751566032774335e-02,-3.29749320455110517e-02,-8.49929590237040260e-05,-8.49923802295146240e-05,-4.24961901147573120e-05,-1.27489149138461345e-04,-1.27488570344271929e-04
3.93625000000000025e+00,3.93625000000000025e+00,6.45408458340043789e-02,-3.27932848455274595e-02,-3.27930623481762495e-02,-8.42131115879758539e-05,-8.42125402150757700e-05,-4.21062701075378850e-05,-1.26319381695513746e-04,-1.26318810322613662e-04
3.94350000000000023e+00,3.94350000000000023e+00,6.43037513731463117e-02,-3.26127480990638929e-02,-3.26125276394808178e-02,-8.34418349463982647e-05,-8.34412708862311331e-05,-4.17206354431155665e-05,-1.25162470389513831e-04,-1.25161906329346686e-04
3.95075000000000021e+00,3.95075000000000021e+00,6.40679609865679456e-02,-3.24335341369179631e-02,-3.24333156927509650e-02,-8.26790194046232930e-05,-8.26784625504289319e-05,-4.13392312752144660e-05,-1.24018250679837772e-04,-1.24017693825643398e-04
3.95800000000000018e+00,3.95800000000000018e+00,6.38334651281610016e-02,-3.22556308662651503e-02,-3.22554144154426486e-02,-8.19245568698981591e-05,-8.19240071166537937e-05,-4.09620035583268901e-05,-1.22886560428225042e-04,-1.22886010674980677e-04
3.96525000000000016e+00,3.96525000000000016e+00,6.36002543390071090e-02,-3.20790263266950149e-02,-3.20788118474280848e-02,-8.11783408247644759e-05,-8.11777980691691663e-05,-4.05888990345845831e-05,-1.21767239859349059e-04,-1.21766697103753749e-04
3.97250000000000014e+00,3.97250000000000014e+00,6.33683192464239292e-02,-3.19037086885263221e-02,-3.19034961593072028e-02,-8.04402663012872645e-05,-8.04397304417372132e-05,-4.02198652208686066e-05,-1.20660131522155878e-04,-1.20659595662605813e-04
3.97975000000000012e+00,3.97975000000000012e+00,6.31376505630234786e-02,-3.17296662511505900e-02,-3.17294556507436293e-02,-7.97102298557611819e-05,-7.97097007923063791e-05,-3.98548503961531963e-05,-1.19565080251914378e-04,-1.19564551188459575e-04
3.98700000000000010e+00,3.98700000000000010e+00,6.29082390857822471e-02,-3.15568874413898470e-02,-3.15566787488248054e-02,-7.89881295438502799e-05,-7.89876071781577492e-05,-3.94938035890788678e-05,-1.18481933132929141e-04,-1.18481410767236610e-04
3.99425000000000008e+00,3.99425000000000008e+00,6.26800756951233218e-02,-3.13853608118739302e-02,-3.13851540064459256e-02,-7.82738648961665547e-05,-7.82733491315007154e-05,-3.91366745657503577e-05,-1.17410539461916912e-04,-1.17410023697251073e-04
4.00150000000000006e+00,4.00150000000000006e+00,6.24531513540100766e-02,-3.12150750394462051e-02,-3.12148701007172701e-02,-7.75673368943022616e-05,-7.75668276355095059e-05,-3.87834138177547597e-05,-1.16350750712057021e-04,-1.16350241453264266e-04
4.00875000000000004e+00,4.00875000000000004e+00,6.22274571070513538e-02,-3.10460189236065887e-02,-3.10458158313945028e-02,-7.68684479473293183e-05,-7.68679451007913637e-05,-3.84339725503956751e-05,-1.15302420497724993e-04,-1.15301917651187039e-04
4.01600000000000001e+00,4.01600000000000001e+00,6.20029840796177817e-02,-3.08781813849572373e-02,-3.08779801193315648e-02,-7.61771018686721477e-05,-7.61766053422777254e-05,-3.80883026711388627e-05,-1.14265404539811010e-04,-1.14264908013416588e-04
4.02324999999999999e+00,4.02324999999999999e+00,6.17797234769694725e-02,-3.07115514636722153e-02,-3.07113520049559288e-02,-7.54932038534000794e-05,-7.54927135565309484e-05,-3.77463567782654674e-05,-1.13239560631665554e-04,-1.13239070334796423e-04
4.03049999999999997e+00,4.03049999999999997e+00,6.15576665833945380e-02,-3.05461183180044671e-02,-3.05459206467656799e-02,-7.48166604559644512e-05,-7.48161762994572208e-05,-3.74080881497286036e-05,-1.12224748605693048e-04,-1.12224264449185818e-04
4.03774999999999995e+00,4.03774999999999995e+00,6.13368047613584086e-02,-3.03818712227981180e-02,-3.03816753198481379e-02,-7.41473795682944317e-05,-7.41469014644184572e-05,-3.70734507322092286e-05,-1.11220830300503654e-04,-1.11220352196627693e-04
4.04499999999999993e+00,4.04499999999999993e+00,6.11171294506639637e-02,-3.02187995680283095e-02,-3.02186054144197615e-02,-7.34852703982993784e-05,-7.34847982607351042e-05,-3.67423991303675589e-05,-1.10227669528666937e-04,-1.10227197391102663e-04
4.05225000000000080e+00,4.05225000000000080e+00,6.08986321676219730e-02,-3.00568928573667904e-02,-3.00567004343868030e-02,-7.28302434487663466e-05,-7.28297771925720078e-05,-3.64148885962860039e-05,-1.09245132045052357e-04,-1.09244665788858005e-04
4.05949999999999989e+00,4.05949999999999989e+00,6.06813045042321475e-02,-2.98961407067555029e-02,-2.98959499959266656e-02,-7.21822104966030254e-05,-7.21817500382005122e-05,-3.60908750191002561e-05,-1.08273085515703282e-04,-1.08272625057300768e-04
4.06675000000000075e+00,4.06675000000000075e+00,6.04651381273740157e-02,-2.97365328430165832e-02,-2.97363438260891400e-02,-7.15410845724878593e-05,-7.15406298296278602e-05,-3.57703149148139233e-05,-1.07311399487301789e-04,-1.07310944744441777e-04
4.07399999999999984e+00,4.07399999999999984e+00,6.02501247780084237e-02,-2.95780591024659145e-02,-2.95778717614179794e-02,-7.09067799408428010e-05,-7.09063308325895018e-05,-3.54531654162947509e-05,-1.06359945357137559e-04,-1.06359496248884260e-04
4.08125000000000071e+00,4.08125000000000071e+00,6.00362562703882635e-02,-2.94207094295586558e-02,-2.94205237465914871e-02,-7.02792120801892350e-05,-7.02787685268935392e-05,-3.51393842634467561e-05,-1.05418596343635984e-04,-1.05418152790340302e-04
4.08849999999999980e+00,4.08849999999999980e+00,5.98235244912798253e-02,-2.92644738755480915e-02,-2.92642898330829522e-02,-6.96582976638377408e-05,-6.96578595871146232e-05,-3.48289297935573116e-05,-1.04487227457395046e-04,-1.04486789380671928e-04
4.09575000000000067e+00,4.09575000000000067e+00,5.96119213991928229e-02,-2.91093425971649111e-02,-2.91091601778393771e-02,-6.90439545409213853e-05,-6.90435218636262021e-05,-3.45217609318130943e-05,-1.03565715472734486e-04,-1.03565282795439290e-04
4.10299999999999976e+00,4.10299999999999976e+00,5.94014390236209319e-02,-2.89553058553133624e-02,-2.89551250419794945e-02,-6.84361017177592765e-05,-6.84356743639689003e-05,-3.42178371819844569e-05,-1.02653938899743727e-04,-1.02653511545953350e-04
4.11025000000000063e+00,4.11025000000000063e+00,5.91920694642907794e-02,-2.88023540137887224e-02,-2.88021747895095305e-02,-6.78346593395541471e-05,-6.78342372345443071e-05,-3.39171186172721535e-05,-1.01751777956826301e-04,-1.01751355851816461e-04
4.11749999999999972e+00,4.11749999999999972e+00,5.89838048904210016e-02,-2.86504775380107546e-02,-2.86502998860575613e-02,-6.72395486724069579e-05,-6.72391317426319516e-05,-3.36195658713159758e-05,-1.00859114543722941e-04,-1.00858697613947921e-04
4.12475000000000058e+00,4.12475000000000058e+00,5.87766375399896290e-02,-2.84996669937740421e-02,-2.84994908976251259e-02,-6.66506920856434540e-05,-6.66502802587192475e-05,-3.33251401293596305e-05,-9.99758322150030778e-05,-9.99754203880788713e-05
4.13199999999999967e+00,4.13199999999999967e+00,5.85705597190112684e-02,-2.83499130460240778e-02,-2.83497384893568599e-02,-6.60680130344701961e-05,-6.60676062391425889e-05,-3.30338031195712945e-05,-9.91018161540414973e-05,-9.91014093587138766e-05
4.13925000000000054e+00,4.13925000000000054e+00,5.83655638008222649e-02,-2.82012064576377952e-02,-2.82010334243267546e-02,-6.54914360429022387e-05,-6.54910342090289069e-05,-3.27455171045144534e-05,-9.82369531474166921e-05,-9.82365513135433603e-05
4.14649999999999963e+00,4.14649999999999963e+00,5.81616422253755233e-02,-2.80535380882187546e-02,-2.80533665623419887e-02,-6.49208866869843969e-05,-6.49204897455371425e-05,-3.24602448727685712e-05,-9.73811315597529682e-05,-9.73807346183057137e-05
4.15375000000000050e+00,4.15375000000000050e+00,5.79587874985430934e-02,-2.79068988929367379e-02,-2.79067288587628477e-02,-6.43562915783671825e-05,-6.43558994613886877e-05,-3.21779497306943439e-05,-9.65342413090615264e-05,-9.65338491920830316e-05
4.16099999999999959e+00,4.16099999999999959e+00,5.77569921914279361e-02,-2.77612799213531325e-02,-2.77611113633395544e-02,-6.37975783480982663e-05,-6.37971909886858710e-05,-3.18985954943429355e-05,-9.56961738424412018e-05,-9.56957864830288064e-05
4.16825000000000045e+00,4.16825000000000045e+00,5.75562489396834742e-02,-2.76166723162680761e-02,-2.76165052190648214e-02,-6.32446756307070948e-05,-6.32442929630092050e-05,-3.16221464815046025e-05,-9.48668221122117041e-05,-9.48664394445138007e-05
4.17549999999999955e+00,4.17549999999999955e+00,5.73565504428420539e-02,-2.74730673126022396e-02,-2.74729016610427770e-02,-6.26975130486083574e-05,-6.26971350077914043e-05,-3.13485675038956954e-05,-9.40460805525040528e-05,-9.40457025116870997e-05
4.18275000000000041e+00,4.18275000000000041e+00,5.71578894636507462e-02,-2.73304562362706172e-02,-2.73302920153730144e-02,-6.21560211967201663e-05,-6.21556477189595262e-05,-3.10778238594797631e-05,-9.32338450561999226e-05,-9.32334715784392961e-05
4.18999999999999950e+00,4.18999999999999950e+00,5.69602588274161353e-02,-2.71888305030874022e-02,-2.71886676980506656e-02,-6.16201316273839832e-05,-6.16197626498440280e-05,-3.08098813249220208e-05,-9.24300129523060107e-05,-9.24296439747660555e-05
4.19725000000000037e+00,4.19725000000000037e+00,5.67636514213559762e-02,-2.70481816176832979e-02,-2.70480202138809814e-02,-6.10897768355369620e-05,-6.10894122963452689e-05,-3.05447061481726345e-05,-9.16344829837095965e-05,-9.16341184445179034e-05
4.20450000000000035e+00,4.20450000000000035e+00,5.65680601939597058e-02,-2.69085011724232714e-02,-2.69083411554095382e-02,-6.05648902441072173e-05,-6.05645300823571503e-05,-3.02822650411785786e-05,-9.08471552852857891e-05,-9.08467951235357289e-05
4.21175000000000033e+00,4.21175000000000033e+00,5.63734781543558452e-02,-2.67697808463633891e-02,-2.67696222018666066e-02,-6.00454061897138274e-05,-6.00450503454391334e-05,-3.00225251727195599e-05,-9.00679313624333874e-05,-9.00675755181587002e-05
4.21900000000000031e+00,4.21900000000000031e+00,5.61798983716874367e-02,-2.66320124042098705e-02,-2.66318551181262998e-02,-5.95312599085845190e-05,-5.95309083227344181e-05,-2.97654541613672124e-05,-8.92967140699517348e-05,-8.92963624841016339e-05
4.22625000000000028e+00,4.22625000000000028e+00,5.59873139744948012e-02,-2.64951876952865817e-02,-2.64950317536798811e-02,-5.90223875227010946e-05,-5.90220401371287603e-05,-2.95110200685643768e-05,-8.85334075912654680e-05,-8.85330602056931337e-05
4.23350000000000026e+00,4.23350000000000026e+00,5.57957181501057831e-02,-2.63592986525185147e-02,-2.63591440416231400e-02,-5.85187260261855259e-05,-5.85183827836453411e-05,-2.92591913918226739e-05,-8.77779174180082033e-05,-8.77775741754680184e-05
4.24075000000000024e+00,4.24075000000000024e+00,5.56051041440332808e-02,-2.62243372914450212e-02,-2.62241839976576213e-02,-5.80202132719534662e-05,-5.80198741160716883e-05,-2.90099370580358374e-05,-8.70301503299893001e-05,-8.70298111741075222e-05
4.24800000000000022e+00,4.24800000000000022e+00,5.54154652593798341e-02,-2.60902957092272736e-02,-2.60901437191053825e-02,-5.75267879585517235e-05,-5.75264528338137251e-05,-2.87632264169068592e-05,-8.62900143754585759e-05,-8.62896792507205843e-05
4.25525000000000020e+00,4.25525000000000020e+00,5.52267948562494906e-02,-2.59571660836739326e-02,-2.59570153839372500e-02,-5.70383896172300245e-05,-5.70380584689733814e-05,-2.85190292344866873e-05,-8.55574188517167051e-05,-8.55570877034600755e-05
4.26250000000000018e+00,4.26250000000000018e+00,5.50390863511665621e-02,-2.58249406722899089e-02,-2.58247912498142211e-02,-5.65549585992535111e-05,-5.65546313736449969e-05,-2.82773156868225018e-05,-8.48322742860760197e-05,-8.48319470604674987e-05
4.26975000000000016e+00,4.26975000000000016e+00,5.48523332165012853e-02,-2.56936118113255674e-02,-2.56934636531418840e-02,-5.60764360634024583e-05,-5.60761127074268297e-05,-2.80380563537134182e-05,-8.41144924171158731e-05,-8.41141690611402513e-05
4.27700000000000014e+00,4.27700000000000014e+00,5.46665289799023388e-02,-2.55631719148445846e-02,-2.55630250081376360e-02,-5.56027639636960024e-05,-5.56024444251434902e-05,-2.78012222125717451e-05,-8.34039861762677509e-05,-8.34036666377152320e-05
4.28425000000000011e+00,4.28425000000000011e+00,5.44816672237360411e-02,-2.54336134738051278e-02,-2.54334678059105063e-02,-5.51338850373243812e-05,-5.51335692647754303e-05,-2.75667846323877152e-05,-8.27006696697121031e-05,-8.27003538971631522e-05
4.29150000000000009e+00,4.29150000000000009e+00,5.42977415845321693e-02,-2.53049290551503603e-02,-2.53047846135533820e-02,-5.46697427927777944e-05,-5.46694307355916930e-05,-2.73347153677958465e-05,-8.20044581605736442e-05,-8.20041461033875360e-05
4.29875000000000007e+00,4.29875000000000007e+00,5.41147457524363620e-02,-2.51771113009131575e-02,-2.51769680732475062e-02,-5.42102814981788972e-05,-5.42099731064821488e-05,-2.71049865532410744e-05,-8.13152680514199716e-05,-8.13149596597232164e-05
4.30600000000000005e+00,4.30600000000000005e+00,5.39326734706689279e-02,-2.50501529273359225e-02,-2.50500109013789725e-02,-5.37554461698178099e-05,-5.37551413944854716e-05,-2.68775706972427358e-05,-8.06330168670605491e-05,-8.06327120917282040e-05
4.31325000000000003e+00,4.31325000000000003e+00,5.37515185349899949e-02,-2.49240467239939534e-02,-2.49239058876670715e-02,-5.33051825608613311e-05,-5.33048813535092953e-05,-2.66524406767546510e-05,-7.99576232376159821e-05,-7.99573220302639395e-05
4.32050000000000001e+00,4.32050000000000001e+00,5.35712747931710170e-02,-2.47987855529379075e-02,-2.47986458943043712e-02,-5.28594371502667809e-05,-5.28591394632390834e-05,-2.64295697316195417e-05,-7.92890068818863294e-05,-7.92887091948586318e-05
4.32774999999999999e+00,4.32774999999999999e+00,5.33919361444723933e-02,-2.46743623478482554e-02,-2.46742238551082640e-02,-5.24181571318820149e-05,-5.24178629182320713e-05,-2.62089314591160357e-05,-7.86270885909980539e-05,-7.86267943773481104e-05
4.33499999999999996e+00,4.33499999999999996e+00,5.32134965391272211e-02,-2.45507701131892908e-02,-2.45506327746838407e-02,-5.19812904037021529e-05,-5.19809996171931182e-05,-2.59904998085965557e-05,-7.79717902122987019e-05,-7.79714994257896807e-05
4.34224999999999994e+00,4.34224999999999994e+00,5.30359499778311483e-02,-2.44280019233933388e-02,-2.44278657275979715e-02,-5.15487855573452559e-05,-5.15484981524289159e-05,-2.57742490762144579e-05,-7.73230346335597105e-05,-7.73227472286433705e-05
4.34950000000000081e+00,4.34950000000000081e+00,5.28592905112379927e-02,-2.43060509220418552e-02,-2.43059158575643086e-02,-5.11205918676732176e-05,-5.11203077994774191e-05,-2.55601538997387095e-05,-7.66807457674119271e-05,-7.66804616992161354e-05
4.35674999999999990e+00,4.35674999999999990e+00,5.26835122394615496e-02,-2.41849103210545202e-02,-2.41847763766392596e-02,-5.06966592825788443e-05,-5.06963785069095010e-05,-2.53481892534547539e-05,-7.60448485360335982e-05,-7.60445677603642549e-05
4.36400000000000077e+00,4.36400000000000077e+00,5.25086093115827088e-02,-2.40645733999089728e-02,-2.40644405644283681e-02,-5.02769384129835955e-05,-5.02766608862987687e-05,-2.51383304431493810e-05,-7.54152688561329765e-05,-7.54149913294481565e-05
4.37124999999999986e+00,4.37124999999999986e+00,5.23345759251628712e-02,-2.39450335048494445e-02,-2.39449017673035724e-02,-4.98613805229560769e-05,-4.98611062023583386e-05,-2.49305531011791693e-05,-7.47919336241352462e-05,-7.47916593035375147e-05
4.37850000000000072e+00,4.37850000000000072e+00,5.21614063257623897e-02,-2.38262840481135996e-02,-2.38261533976304139e-02,-4.94499375200093118e-05,-4.94496663632390228e-05,-2.47248331816195114e-05,-7.41747707016288300e-05,-7.41744995448585342e-05
4.38574999999999982e+00,4.38574999999999982e+00,5.19890948064652275e-02,-2.37083185071722546e-02,-2.37081889330058616e-02,-4.90425619455641060e-05,-4.90422939109888176e-05,-2.45211469554944122e-05,-7.35637089010585148e-05,-7.35634408664832264e-05
4.39300000000000068e+00,4.39300000000000068e+00,5.18176357074083896e-02,-2.35911304239784236e-02,-2.35910019155057514e-02,-4.86392069655671003e-05,-4.86389420121677987e-05,-2.43194710060838994e-05,-7.29586779716510030e-05,-7.29584130182516947e-05
4.40024999999999977e+00,4.40024999999999977e+00,5.16470234153175375e-02,-2.34747134042225802e-02,-2.34745859509425774e-02,-4.82398263612559704e-05,-4.82395644486187147e-05,-2.41197822243093608e-05,-7.23596085855653277e-05,-7.23593466729280789e-05
4.40750000000000064e+00,4.40750000000000064e+00,5.14772523630471629e-02,-2.33590611165990225e-02,-2.33589347081325713e-02,-4.78443745200781765e-05,-4.78441156083872818e-05,-2.39220578041936409e-05,-7.17664323242718174e-05,-7.17661734125809160e-05
4.41474999999999973e+00,4.41474999999999973e+00,5.13083170291268528e-02,-2.32441672920864484e-02,-2.32440419181728780e-02,-4.74528064267683793e-05,-4.74525504767927625e-05,-2.37262752383963813e-05,-7.11790816651647606e-05,-7.11788257151891506e-05
4.42200000000000060e+00,4.42200000000000060e+00,5.11402119373119066e-02,-2.31300257232338602e-02,-2.31299013737276786e-02,-4.70650776545625873e-05,-4.70648246276427431e-05,-2.35324123138213715e-05,-7.05974899683839554e-05,-7.05972369414641180e-05
4.42924999999999969e+00,4.42924999999999969e+00,5.09729316561399678e-02,-2.30166302634500219e-02,-2.30165069283241944e-02,-4.66811443565445835e-05,-4.66808942145929977e-05,-2.33404471072965023e-05,-7.00215914638410925e-05,-7.00213413218895068e-05
4.43650000000000055e+00,4.43650000000000055e+00,5.08064707984918762e-02,-2.29039748263168974e-02,-2.29038524956573300e-02,-4.63009632571625585e-05,-4.63007159626463544e-05,-2.31503579813231772e-05,-6.94513212384857324e-05,-6.94510739439695282e-05
4.44374999999999964e+00,4.44374999999999964e+00,5.06408240211583746e-02,-2.27920533848959828e-02,-2.27919320489039130e-02,-4.59244916438517720e-05,-4.59242471597914832e-05,-2.29621235798957382e-05,-6.88866152237475069e-05,-6.88863707396872180e-05
4.45100000000000051e+00,4.45100000000000051e+00,5.04759860244108835e-02,-2.26808599710612846e-02,-2.26807396200453294e-02,-4.55516873588281921e-05,-4.55514456487757943e-05,-2.27757228243878971e-05,-6.83274101832160858e-05,-6.83271684731636948e-05
4.45824999999999960e+00,4.45824999999999960e+00,5.03119515515779853e-02,-2.25703886748185312e-02,-2.25702692991994573e-02,-4.51825087909705385e-05,-4.51822698190132579e-05,-2.25911349095066289e-05,-6.77736437004771743e-05,-6.77734047285198800e-05
4.46550000000000047e+00,4.46550000000000047e+00,5.01487153886260167e-02,-2.24606336436528053e-02,-2.24605152339608163e-02,-4.48169148678726338e-05,-4.48166785986217522e-05,-2.24083392993108727e-05,-6.72252541671835099e-05,-6.72250178979326283e-05
4.47274999999999956e+00,4.47274999999999956e+00,4.99862723637450185e-02,-2.23515890818792862e-02,-2.23514716287496612e-02,-4.44548650480138300e-05,-4.44546314465903332e-05,-2.22273157232951700e-05,-6.66821807713089966e-05,-6.66819471698854998e-05
4.48000000000000043e+00,4.48000000000000043e+00,4.98246173469387710e-02,-2.22432492499948786e-02,-2.22431327441690932e-02,-4.40963193130403298e-05,-4.40960883450716682e-05,-2.20480441725358341e-05,-6.61443634855761605e-05,-6.61441325176075057e-05
4.48724999999999952e+00,4.48724999999999952e+00,4.96637452496200976e-02,-2.21356084640458306e-02,-2.21354928963708730e-02,-4.37412381601864642e-05,-4.37410097917997496e-05,-2.18705048958998748e-05,-6.56117430560863391e-05,-6.56115146876996245e-05
4.49450000000000038e+00,4.49450000000000038e+00,4.95036510242101088e-02,-2.20286610950028994e-02,-2.20285464564290157e-02,-4.33895825948162287e-05,-4.33893567926284018e-05,-2.16946783963142009e-05,-6.50842609911304296e-05,-6.50840351889426095e-05
4.50175000000000036e+00,4.50175000000000036e+00,4.93443296637425394e-02,-2.19224015681445117e-02,-2.19222878497217916e-02,-4.30413141230847384e-05,-4.30410908541906497e-05,-2.15205454270953248e-05,-6.45618595501800633e-05,-6.45616362812859678e-05
4.50900000000000034e+00,4.50900000000000034e+00,4.91857762014720132e-02,-2.18168243624421443e-02,-2.18167115553213609e-02,-4.26963947447058347e-05,-4.26961739766747541e-05,-2.13480869883373804e-05,-6.40444817330432117e-05,-6.40442609650121312e-05
4.51625000000000032e+00,4.51625000000000032e+00,4.90279857104871306e-02,-2.17119240099585831e-02,-2.17118121053914773e-02,-4.23547869458454644e-05,-4.23545686467165689e-05,-2.11772843233582844e-05,-6.35320712692037421e-05,-6.35318529700748601e-05
4.52350000000000030e+00,4.52350000000000030e+00,4.88709533033276147e-02,-2.16076950952577285e-02,-2.16075840845927312e-02,-4.20164536921360031e-05,-4.20162378304050473e-05,-2.10081189152025270e-05,-6.30245726073385369e-05,-6.30243567456075676e-05
4.53075000000000028e+00,4.53075000000000028e+00,4.87146741316058923e-02,-2.15041322548130687e-02,-2.15040221294955092e-02,-4.16813584217846729e-05,-4.16811449663995307e-05,-2.08405724831997653e-05,-6.25219309049844383e-05,-6.25217174495993028e-05
4.53800000000000026e+00,4.53800000000000026e+00,4.85591433856328233e-02,-2.14012301764312518e-02,-2.14011209280003632e-02,-4.13494650388063862e-05,-4.13492539591564658e-05,-2.06746269795782329e-05,-6.20240920183846259e-05,-6.20238809387346920e-05
4.54525000000000023e+00,4.54525000000000023e+00,4.84043562940476430e-02,-2.12989835986761022e-02,-2.12988752187658059e-02,-4.10207379063509149e-05,-4.10205291722639609e-05,-2.05102645861319771e-05,-6.15310024924828954e-05,-6.15307937583959414e-05
4.55250000000000021e+00,4.55250000000000021e+00,4.82503081234520251e-02,-2.11973873103041832e-02,-2.11972797906433939e-02,-4.06951418401440366e-05,-4.06949354218820911e-05,-2.03474677109410421e-05,-6.10426095510850788e-05,-6.10424031328231332e-05
4.55975000000000019e+00,4.55975000000000019e+00,4.80969941780482330e-02,-2.10964361497119057e-02,-2.10963294821199555e-02,-4.03726421020411598e-05,-4.03724379702871927e-05,-2.01862189851435929e-05,-6.05588610871847494e-05,-6.05586569554307822e-05
4.56700000000000017e+00,4.56700000000000017e+00,4.79444097992812041e-02,-2.09961250043804171e-02,-2.09960191807668922e-02,-4.00532043936651036e-05,-4.00530025195182626e-05,-2.00265012597591347e-05,-6.00797056534242349e-05,-6.00795037792774007e-05
4.57425000000000015e+00,4.57425000000000015e+00,4.77925503654847150e-02,-2.08964488103329238e-02,-2.08963438226964920e-02,-3.97367948501548454e-05,-3.97365952051238357e-05,-1.98682976025619144e-05,-5.96050924527167565e-05,-5.96048928076857535e-05
4.58150000000000013e+00,4.58150000000000013e+00,4.76414112915313770e-02,-2.07974025515955674e-02,-2.07972983920250466e-02,-3.94233800340065751e-05,-3.94231825900073754e-05,-1.97115912950036877e-05,-5.91349713290102594e-05,-5.91347738850110666e-05
4.58875000000000011e+00,4.58875000000000011e+00,4.74909880284865790e-02,-2.06989812596725109e-02,-2.06988779203428272e-02,-3.91129269290258185e-05,-3.91127316583697419e-05,-1.95563658291848676e-05,-5.86692927582106895e-05,-5.86690974875546129e-05
4.59600000000000009e+00,4.59600000000000009e+00,4.73412760632661231e-02,-2.06011800130201372e-02,-2.06010774861906526e-02,-3.88054029343603754e-05,-3.88052098097467707e-05,-1.94026049048733854e-05,-5.82080078392337608e-05,-5.82078147146201561e-05
4.60325000000000006e+00,4.60325000000000006e+00,4.71922709182977865e-02,-2.05039939365248003e-02,-2.05038922145431117e-02,-3.85007758586212328e-05,-3.85005848531405883e-05,-1.92502924265702942e-05,-5.77510682851915304e-05,-5.77508772797108791e-05
4.61050000000000004e+00,4.61050000000000004e+00,4.70439681511865132e-02,-2.04074182010018923e-02,-2.04073172762982390e-02,-3.81990139141234864e-05,-3.81988250012428270e-05,-1.90994125006214135e-05,-5.72984264147448965e-05,-5.72982375018642371e-05
4.61775000000000002e+00,4.61775000000000002e+00,4.68963633543832623e-02,-2.03114480226860294e-02,-2.03113478877735947e-02,-3.79000857111887903e-05,-3.78998988647483167e-05,-1.89499494323741584e-05,-5.68500351435629453e-05,-5.68498482971224717e-05
4.62500000000000000e+00,4.62500000000000000e+00,4.67494521548575681e-02,-2.02160786627363365e-02,-2.02159793102086767e-02,-3.76039602525531783e-05,-3.76037754467575794e-05,-1.88018877233787931e-05,-5.64058479759319714e-05,-5.64056631701363725e-05
4.63224999999999998e+00,4.63224999999999998e+00,4.66032302137735846e-02,-2.01213054267399549e-02,-2.01212068492735013e-02,-3.73106069278473761e-05,-3.73104241372667036e-05,-1.86552120686333518e-05,-5.59658189964807245e-05,-5.59656362059000520e-05
4.63949999999999996e+00,4.63949999999999996e+00,4.64576932261698411e-02,-2.00271236642319828e-02,-2.00270258545834010e-02,-3.70199955081820865e-05,-3.70198147077430471e-05,-1.85099073538715235e-05,-5.55299028620536100e-05,-5.55297220616145706e-05
4.64675000000000082e+00,4.64675000000000082e+00,4.63128369206422044e-02,-1.99335287682176343e-02,-1.99334317192197547e-02,-3.67320961408104684e-05,-3.67319173057852226e-05,-1.83659586528926113e-05,-5.50980547937030831e-05,-5.50978759586778305e-05
4.65399999999999991e+00,4.65399999999999991e+00,4.61686570590306850e-02,-1.98405161746904035e-02,-1.98404198792568494e-02,-3.64468793438552010e-05,-3.64467024498662964e-05,-1.82233512249331516e-05,-5.46702305687883492e-05,-5.46700536747994447e-05
4.66125000000000078e+00,4.66125000000000078e+00,4.60251494361091987e-02,-1.97480813621737639e-02,-1.97479858132943685e-02,-3.61643160011495719e-05,-3.61641410241579018e-05,-1.80820705120789543e-05,-5.42463865132285228e-05,-5.42462115362368595e-05
4.66849999999999987e+00,4.66849999999999987e+00,4.58823098792791664e-02,-1.96562198512566511e-02,-1.96561250419960004e-02,-3.58843773571366855e-05,-3.58842042734353495e-05,-1.79421021367176781e-05,-5.38264794938543670e-05,-5.38263064101530243e-05
4.67575000000000074e+00,4.67575000000000074e+00,4.57401342482659790e-02,-1.95649272041347189e-02,-1.95648331276334145e-02,-3.56070350118473436e-05,-3.56068637980605092e-05,-1.78034318990302546e-05,-5.34104669108776016e-05,-5.34102956970907604e-05
4.68299999999999983e+00,4.68299999999999983e+00,4.55986184348192158e-02,-1.94741990241635854e-02,-1.94741056736362252e-02,-3.53322609159672577e-05,-3.53320915490430926e-05,-1.76660457745215429e-05,-5.29983066904887972e-05,-5.29981373235646389e-05
4.69025000000000070e+00,4.69025000000000070e+00,4.54577583624156054e-02,-1.93840309554125234e-02,-1.93839383241471569e-02,-3.50600273659707563e-05,-3.50598598231770917e-05,-1.75299299115885459e-05,-5.25899572775592988e-05,-5.25897897347656410e-05
4.69749999999999979e+00,4.69749999999999979e+00,4.53175499859657313e-02,-1.92944186822279207e-02,-1.92943267635830688e-02,-3.47903069993373733e-05,-3.47901412582530710e-05,-1.73950706291265321e-05,-5.21853776284639020e-05,-5.21852118873796064e-05
4.70475000000000065e+00,4.70475000000000065e+00,4.51779892915233003e-02,-1.92053579287936316e-02,-1.92052667162009860e-02,-3.45230727898262579e-05,-3.45229088283428566e-05,-1.72614544141714317e-05,-5.17845272039976930e-05,-5.17843632425142917e-05
4.71199999999999974e+00,4.71199999999999974e+00,4.50390722959982254e-02,-1.91168444587068720e-02,-1.91167539456698760e-02,-3.42582980428418268e-05,-3.42581358391578030e-05,-1.71290679195789049e-05,-5.13873659624207284e-05,-5.13872037587367045e-05
4.71925000000000061e+00,4.71925000000000061e+00,4.49007950468720551e-02,-1.90288740745576668e-02,-1.90287842546472651e-02,-3.39959563908668813e-05,-3.39957959234769020e-05,-1.69978979617384476e-05,-5.09938543526053289e-05,-5.09936938852153496e-05
4.72649999999999970e+00,4.72649999999999970e+00,4.47631536219171428e-02,-1.89414426175056327e-02,-1.89413534843614270e-02,-3.37360217889519397e-05,-3.37358630366459136e-05,-1.68679315183229568e-05,-5.06039533072748932e-05,-5.06037945549688738e-05
4.73375000000000057e+00,4.73375000000000057e+00,4.46261441289182229e-02,-1.88545459668678639e-02,-1.88544575141983486e-02,-3.34784685102838256e-05,-3.34783114521443079e-05,-1.67391557260721506e-05,-5.02176242363559761e-05,-5.02174671782164585e-05
4.74099999999999966e+00,4.74099999999999966e+00,4.44897627053975619e-02,-1.87681800397117016e-02,-1.87680922612940594e-02,-3.32232711418217739e-05,-3.32231157572206257e-05,-1.66115578786103163e-05,-4.98348290204320935e-05,-4.98346736358309386e-05
4.74825000000000053e+00,4.74825000000000053e+00,4.43540055183423987e-02,-1.86823407904572747e-02,-1.86822536801315824e-02,-3.29704045800081582e-05,-3.29702508485933733e-05,-1.64851254242966867e-05,-4.94555300043048415e-05,-4.94553762728900634e-05
4.75549999999999962e+00,4.75549999999999962e+00,4.42188687639359299e-02,-1.85970242104693817e-02,-1.85969377621431758e-02,-3.27198440265172931e-05,-3.27196919282182430e-05,-1.63598459641091181e-05,-4.90796899906264112e-05,-4.90795378923273610e-05
4.76275000000000048e+00,4.76275000000000048e+00,4.40843486672905932e-02,-1.85122263276715771e-02,-1.85121405353170301e-02,-3.24715649840989353e-05,-3.24714144991185489e-05,-1.62357072495592744e-05,-4.87072722336582097e-05,-4.87071217486778233e-05
4.76999999999999957e+00,4.76999999999999957e+00,4.39504414821846948e-02,-1.84279432061553727e-02,-1.84278580638090987e-02,-3.22255432524682354e-05,-3.22253943612799029e-05,-1.61126971806399514e-05,-4.83382404331081868e-05,-4.83380915419198543e-05
4.77725000000000044e+00,4.77725000000000044e+00,4.38171434908013399e-02,-1.83441709457983215e-02,-1.83440864475593012e-02,-3.19817549242647271e-05,-3.19816076076059435e-05,-1.59908038038029718e-05,-4.79725587280676989e-05,-4.79724114114089153e-05
4.78449999999999953e+00,4.78449999999999953e+00,4.36844510034706188e-02,-1.82609056818834325e-02,-1.82608218219126872e-02,-3.17401763810670100e-05,-3.17400306199361497e-05,-1.58700153099680715e-05,-4.76101916910350815e-05,-4.76100459299042212e-05
4.79175000000000040e+00,4.79175000000000040e+00,4.35523603584140329e-02,-1.81781435847239159e-02,-1.81780603572448615e-02,-3.15007842894685067e-05,-3.15006400651227973e-05,-1.57503200325613986e-05,-4.72511043220299088e-05,-4.72509600976841993e-05
4.79900000000000038e+00,4.79900000000000038e+00,4.34208679214921067e-02,-1.80958808592945886e-02,-1.80957982585922481e-02,-3.12635555972163480e-05,-3.12634128911679334e-05,-1.56317064455839701e-05,-4.68952620428003181e-05,-4.68951193367519035e-05
4.80625000000000036e+00,4.80625000000000036e+00,4.32899700859542616e-02,-1.80141137448686095e-02,-1.80140317652865561e-02,-3.10284675294095368e-05,-3.10283263234176234e-05,-1.55141631617088117e-05,-4.65426306911183519e-05,-4.65424894851264385e-05
4.81350000000000033e+00,4.81350000000000033e+00,4.31596632721915133e-02,-1.79328385146524383e-02,-1.79327571505937498e-02,-3.07954975847437795e-05,-3.07953578608138098e-05,-1.53976789304069083e-05,-4.61931765151506912e-05,-4.61930367912207146e-05
4.82075000000000031e+00,4.82075000000000031e+00,4.30299439274918066e-02,-1.78520514754292314e-02,-1.78519707213573853e-02,-3.05646235318195953e-05,-3.05644852722023122e-05,-1.52822426361011561e-05,-4.58468661679207481e-05,-4.58467279083034650e-05
4.82800000000000029e+00,4.82800000000000029e+00,4.29008085257977928e-02,-1.77717489672106765e-02,-1.77716688176461426e-02,-3.03358234055127796e-05,-3.03356865926959735e-05,-1.51678432963479868e-05,-4.55036667018607664e-05,-4.55035298890439603e-05
4.83525000000000027e+00,4.83525000000000027e+00,4.27722535674672499e-02,-1.76919273628848295e-02,-1.76918478124056672e-02,-3.01090755033851764e-05,-3.01089401200923195e-05,-1.50544700600461564e-05,-4.51635455634313328e-05,-4.51634101801384725e-05
4.84250000000000025e+00,4.84250000000000025e+00,4.26442755790359604e-02,-1.76125830678741657e-02,-1.76125041111144902e-02,-2.98843583821592597e-05,-2.98842244113445423e-05,-1.49421122056722712e-05,-4.48264705878315275e-05,-4.48263366170168135e-05
4.84975000000000023e+00,4.84975000000000023e+00,4.25168711129830720e-02,-1.75337125197936317e-02,-1.75336341514441239e-02,-2.96616508542382983e-05,-2.96615182790852298e-05,-1.48307591395426166e-05,-4.44924099937809165e-05,-4.44922774186278446e-05
4.85700000000000021e+00,4.85700000000000021e+00,4.23900367474989576e-02,-1.74553121881171336e-02,-1.74552344029231844e-02,-2.94409319842857758e-05,-2.94408007882017532e-05,-1.47204003941008766e-05,-4.41613323783866541e-05,-4.41612011823026282e-05
4.86425000000000018e+00,4.86425000000000018e+00,4.22637690862553775e-02,-1.73773785738431386e-02,-1.73773013666054903e-02,-2.92221810858473152e-05,-2.92220512524624850e-05,-1.46110256262312442e-05,-4.38332067120785577e-05,-4.38330768786937308e-05
4.87150000000000016e+00,4.87150000000000016e+00,4.21380647581782314e-02,-1.72999082091682688e-02,-1.72998315747421652e-02,-2.90053777180296284e-05,-2.90052492311932574e-05,-1.45026246155966287e-05,-4.35080023336262571e-05,-4.35078738467898862e-05
4.87875000000000014e+00,4.87875000000000014e+00,4.20129204172224394e-02,-1.72228976571653369e-02,-1.72228215904575710e-02,-2.87905016822294882e-05,-2.87903745260028492e-05,-1.43951872630014263e-05,-4.31856889452309162e-05,-4.31855617890042738e-05
4.88600000000000012e+00,4.88600000000000012e+00,4.18883327421493354e-02,-1.71463435114582730e-02,-1.71462680074291191e-02,-2.85775330188995809e-05,-2.85774071775570938e-05,-1.42887035887785452e-05,-4.28662366076781244e-05,-4.28661107663356374e-05
4.89325000000000010e+00,4.89325000000000010e+00,4.17642984363062950e-02,-1.70702423959077088e-02,-1.70701674495708569e-02,-2.83664520043734909e-05,-2.83663274624005107e-05,-1.41831637312002537e-05,-4.25496157355737429e-05,-4.25494911936007627e-05
4.90050000000000008e+00,4.90050000000000008e+00,4.16408142274086734e-02,-1.69945909643018922e-02,-1.69945165707208121e-02,-2.81572391477402274e-05,-2.81571158898249327e-05,-1.40785579449124680e-05,-4.22357970926526971e-05,-4.22356738347374024e-05
4.90775000000000006e+00,4.90775000000000006e+00,4.15178768673239162e-02,-1.69193859000418279e-02,-1.69193120543319926e-02,-2.79498751877490775e-05,-2.79497531987841546e-05,-1.39748765993920790e-05,-4.19247517871411532e-05,-4.19246297981762302e-05
4.91500000000000004e+00,4.91500000000000004e+00,4.13954831318580699e-02,-1.68446239158392963e-02,-1.68445506131670690e-02,-2.77443410897752367e-05,-2.77442203548540373e-05,-1.38721101774270203e-05,-4.16164512672022587e-05,-4.16163305322810593e-05
4.92225000000000001e+00,4.92225000000000001e+00,4.12736298205442498e-02,-1.67703017534184262e-02,-1.67702289889965980e-02,-2.75406180428299307e-05,-2.75404985472371751e-05,-1.37702492736185875e-05,-4.13108673164485149e-05,-4.13107478208557592e-05
4.92949999999999999e+00,4.92949999999999999e+00,4.11523137564335020e-02,-1.66964161832070523e-02,-1.66963439523008413e-02,-2.73386874565918303e-05,-2.73385691858115658e-05,-1.36692845929057863e-05,-4.10079720494976183e-05,-4.10078537787173503e-05
4.93674999999999997e+00,4.93674999999999997e+00,4.10315317858877468e-02,-1.66229640040516102e-02,-1.66228923019750841e-02,-2.71385309585146972e-05,-2.71384138982224955e-05,-1.35692069491112478e-05,-4.07077379076259415e-05,-4.07076208473337433e-05
4.94400000000000084e+00,4.94400000000000084e+00,4.09112807783747409e-02,-1.65499420429253696e-02,-1.65498708650383235e-02,-2.69401303909608015e-05,-2.69400145270168096e-05,-1.34700072635084048e-05,-4.04101376544692046e-05,-4.04100217905252162e-05
4.95124999999999993e+00,4.95124999999999993e+00,4.07915576262653304e-02,-1.64773471546357797e-02,-1.64772764963455019e-02,-2.67434678083692801e-05,-2.67433531268192876e-05,-1.33716765634096438e-05,-4.01151443717789272e-05,-4.01150296902289314e-05
4.95850000000000080e+00,4.95850000000000080e+00,4.06723592446325277e-02,-1.64051762215406960e-02,-1.64051060783029223e-02,-2.65485254744745755e-05,-2.65484119615497670e-05,-1.32742059807748835e-05,-3.98227314552494573e-05,-3.98226179423246489e-05
4.96574999999999989e+00,4.96574999999999989e+00,4.05536825710529902e-02,-1.63334261532717129e-02,-1.63333565205872194e-02,-2.63552858595717324e-05,-2.63551735016813660e-05,-1.31775867508406847e-05,-3.95328726104124154e-05,-3.95327602525220490e-05
4.97300000000000075e+00,4.97300000000000075e+00,4.04355245654100873e-02,-1.62620938864512787e-02,-1.62620247598673148e-02,-2.61637316378058614e-05,-2.61636204215378650e-05,-1.30818102107689342e-05,-3.92455418485747922e-05,-3.92454306323067992e-05
4.98024999999999984e+00,4.98024999999999984e+00,4.03178822096994446e-02,-1.61911763844204692e-02,-1.61911077595299213e-02,-2.59738456845131609e-05,-2.59737355966310387e-05,-1.29868677983155193e-05,-3.89607134828286785e-05,-3.89606033949465563e-05
4.98750000000000071e+00,4.98750000000000071e+00,4.02007525078359879e-02,-1.61206706369680930e-02,-1.61206025094079129e-02,-2.57856110735972183e-05,-2.57855021010358564e-05,-1.28927510505179282e-05,-3.86783621241151431e-05,-3.86782531515537811e-05
4.99474999999999980e+00,4.99474999999999980e+00,4.00841324854634071e-02,-1.60505736600615734e-02,-1.60505060255121505e-02,-2.55990110749414062e-05,-2.55989032048044026e-05,-1.27994516024022013e-05,-3.83984626773436092e-05,-3.83983548072066056e-05
5.00199999999999978e+00,5.00199999999999978e+00,3.99680191897651207e-02,-1.59808824955782747e-02,-1.59808153497661420e-02,-2.54140291518541223e-05,-2.54139223714164673e-05,-1.27069611857082353e-05,-3.81209903375623576e-05,-3.81208835571247026e-05
5.00925000000000065e+00,5.00925000000000065e+00,3.98524096892775015e-02,-1.59115942110519271e-02,-1.59115275497439708e-02,-2.52306489585702355e-05,-2.52305432552674828e-05,-1.26152716276337397e-05,-3.78459205862039752e-05,-3.78458148829012225e-05
5.01650000000000063e+00,5.01650000000000063e+00,3.97373010737048504e-02,-1.58427058994048409e-02,-1.58426397184111799e-02,-2.50488543377611547e-05,-2.50487496991924234e-05,-1.25243748495962117e-05,-3.75732291873573664e-05,-3.75731245487886351e-05
5.02375000000000060e+00,5.02375000000000060e+00,3.96226904537361341e-02,-1.57742146786938875e-02,-1.57741489738685743e-02,-2.48686293180977350e-05,-2.48685257320252490e-05,-1.24342628660126245e-05,-3.73028921841103594e-05,-3.73027885980378734e-05
5.03100000000000058e+00,5.03100000000000058e+00,3.95085749608637890e-02,-1.57061176918613654e-02,-1.57060524590991006e-02,-2.46899581118512809e-05,-2.46898555661936331e-05,-1.23449277830968149e-05,-3.70348858949480958e-05,-3.70347833492904480e-05
5.03825000000000056e+00,5.03825000000000056e+00,3.93949517472041433e-02,-1.56384121064818693e-02,-1.56383473417175158e-02,-2.45128251125181104e-05,-2.45127235953480027e-05,-1.22563617976740014e-05,-3.67691869101921100e-05,-3.67690853930220058e-05
5.04550000000000054e+00,5.04550000000000054e+00,3.92818179853198016e-02,-1.55710951145113796e-02,-1.55710308137230399e-02,-2.43372148924771488e-05,-2.43371143920247334e-05,-1.21685571960123650e-05,-3.65057720884895138e-05,-3.65056715880370984e-05
5.05275000000000052e+00,5.05275000000000052e+00,3.91691708680437303e-02,-1.55041639320505631e-02,-1.55041000912547536e-02,-2.41631122006987701e-05,-2.41630127053426261e-05,-1.20815063526713113e-05,-3.62446185533700781e-05,-3.62445190580139374e-05
5.06000000000000050e+00,5.06000000000000050e+00,3.90570076083050707e-02,-1.54376157990956386e-02,-1.54375524143498290e-02,-2.39905019604626930e-05,-2.39904034587323476e-05,-1.19952017293661755e-05,-3.59857036898288685e-05,-3.59856051880985231e-05
5.06725000000000048e+00,5.06725000000000048e+00,3.89453254389568390e-02,-1.53714479793052305e-02,-1.53713850467045582e-02,-2.38193692671289156e-05,-2.38192717476983186e-05,-1.19096358738491627e-05,-3.57290051409780800e-05,-3.57289076215474796e-05
5.07450000000000045e+00,5.07450000000000045e+00,3.88341216126051464e-02,-1.53056577597587840e-02,-1.53055952754380300e-02,-2.36496993859231750e-05,-2.36496028376123893e-05,-1.18248014188061946e-05,-3.54745008047293713e-05,-3.54744042564185822e-05
5.08175000000000043e+00,5.08175000000000043e+00,3.87233934014403411e-02,-1.52402424507247503e-02,-1.52401804108585979e-02,-2.34814777497647785e-05,-2.34813821615389774e-05,-1.17406910807694870e-05,-3.52221688305342655e-05,-3.52220732423084678e-05
5.08900000000000041e+00,5.08900000000000041e+00,3.86131380970696353e-02,-1.51751993854327694e-02,-1.51751377862329069e-02,-2.33146899571274222e-05,-2.33145953180910617e-05,-1.16572976590455308e-05,-3.49719876161729530e-05,-3.49718929771365925e-05
5.09625000000000039e+00,5.09625000000000039e+00,3.85033530103515639e-02,-1.51105259198422992e-02,-1.51104647575576404e-02,-2.31493217699207851e-05,-2.31492280693166348e-05,-1.15746140346583157e-05,-3.47239358045791041e-05,-3.47238421039749504e-05
5.10350000000000037e+00,5.10350000000000037e+00,3.83940354712319215e-02,-1.50462194324170184e-02,-1.50461587033337580e-02,-2.29853591114070991e-05,-2.29852663386149989e-05,-1.14926331693075011e-05,-3.44779922807146019e-05,-3.44778995079225017e-05
5.11075000000000035e+00,5.11075000000000035e+00,3.82851828285815168e-02,-1.49822773239010054e-02,-1.49822170243433996e-02,-2.28227880641459151e-05,-2.28226962086827008e-05,-1.14113481043413504e-05,-3.42341361684872638e-05,-3.42340443130240528e-05
5.11800000000000033e+00,5.11800000000000033e+00,3.81767924500353573e-02,-1.49186970171024669e-02,-1.49186371434292132e-02,-2.26615948679756034e-05,-2.26615039194882791e-05,-1.13307519597441395e-05,-3.39923468277197446e-05,-3.39922558792324169e-05
5.12525000000000031e+00,5.12525000000000031e+00,3.80688617218335329e-02,-1.48554759566699168e-02,-1.48554165052762425e-02,-2.25017659180080329e-05,-2.25016758662757367e-05,-1.12508379331378701e-05,-3.37526038511459030e-05,-3.37525137994136034e-05
5.13250000000000028e+00,5.13250000000000028e+00,3.79613880486636482e-02,-1.47926116088785697e-02,-1.47925525761962579e-02,-2.23432877626633033e-05,-2.23431985975960940e-05,-1.11715992987980470e-05,-3.35148870614613521e-05,-3.35147978963941428e-05
5.13975000000000026e+00,5.13975000000000026e+00,3.78543688535047940e-02,-1.47301014614189540e-02,-1.47300428439145065e-02,-2.21861471017317328e-05,-2.21860588133665921e-05,-1.10930294066832961e-05,-3.32791765084150255e-05,-3.32790882200498882e-05
5.14700000000000024e+00,5.14700000000000024e+00,3.77478015774730738e-02,-1.46679430231846375e-02,-1.46678848173588776e-02,-2.20303307844581479e-05,-2.20302433629571878e-05,-1.10151216814785922e-05,-3.30454524659367402e-05,-3.30453650444357801e-05
5.15425000000000022e+00,5.15425000000000022e+00,3.76416836796686222e-02,-1.46061338240635052e-02,-1.46060760264514217e-02,-2.18758258076548225e-05,-2.18757392433038932e-05,-1.09378696216519449e-05,-3.28136954293067640e-05,-3.28136088649558347e-05
5.16150000000000020e+00,5.16150000000000020e+00,3.75360126370241493e-02,-1.45446714147312584e-02,-1.45446140219022170e-02,-2.17226193138406584e-05,-2.17225335970485043e-05,-1.08612667985242521e-05,-3.25838861123649106e-05,-3.25838003955727598e-05
5.16875000000000018e+00,5.16875000000000018e+00,3.74307859441550192e-02,-1.44835533664480209e-02,-1.44834963750055685e-02,-2.15706985894076268e-05,-2.15706137107044364e-05,-1.07853068553522199e-05,-3.23560054447598501e-05,-3.23559205660566563e-05
5.17600000000000016e+00,5.17600000000000016e+00,3.73260011132106537e-02,-1.44227772708585000e-02,-1.44227206774384283e-02,-2.14200510628146397e-05,-2.14199670128480478e-05,-1.07099835064240239e-05,-3.21300345692386653e-05,-3.21299505192720734e-05
5.18325000000000014e+00,5.18325000000000014e+00,3.72216556737275661e-02,-1.43623407397908132e-02,-1.43622845410611346e-02,-2.12706643028013573e-05,-2.12705810723353167e-05,-1.06352905361676583e-05,-3.19059548389690140e-05,-3.19058716085029767e-05
5.19050000000000011e+00,5.19050000000000011e+00,3.71177471724836866e-02,-1.43022414050570923e-02,-1.43021855977203301e-02,-2.11225260166261972e-05,-2.11224435965432689e-05,-1.05612217982716311e-05,-3.16837478148978299e-05,-3.16836653948148982e-05
5.19775000000000009e+00,5.19775000000000009e+00,3.70142731733542410e-02,-1.42424769182647459e-02,-1.42424214990541070e-02,-2.09756240483413106e-05,-2.09755424296359352e-05,-1.04877712148179676e-05,-3.14633952631592799e-05,-3.14633136444539011e-05
5.20500000000000007e+00,5.20500000000000007e+00,3.69112312571688514e-02,-1.41830449506188394e-02,-1.41829899162992708e-02,-2.08299463770753082e-05,-2.08298655508543174e-05,-1.04149327754271604e-05,-3.12448791525024670e-05,-3.12447983262814795e-05
5.21225000000000005e+00,5.21225000000000005e+00,3.68086190215702672e-02,-1.41239431927315806e-02,-1.41238885401008263e-02,-2.06854811153470478e-05,-2.06854010728301726e-05,-1.03427005364150863e-05,-3.10281816517621358e-05,-3.10281016092452572e-05
5.21950000000000003e+00,5.21950000000000003e+00,3.67064340808742409e-02,-1.40651693544389111e-02,-1.40651150803234957e-02,-2.05422165074100981e-05,-2.05421372399230536e-05,-1.02710686199615251e-05,-3.08132851273716215e-05,-3.08132058598845770e-05
5.22675000000000001e+00,5.22675000000000001e+00,3.66046740659309033e-02,-1.40067211646064393e-02,-1.40066672658653666e-02,-2.04001409276015091e-05,-2.04000624265804060e-05,-1.02000312132902030e-05,-3.06001721408917087e-05,-3.06000936398706091e-05
5.23399999999999999e+00,5.23399999999999999e+00,3.65033366239874493e-02,-1.39485963709509164e-02,-1.39485428444736138e-02,-2.02592428787329883e-05,-2.02591651357203382e-05,-1.01295825678601691e-05,-3.03888254465931591e-05,-3.03887477035805090e-05
5.24124999999999996e+00,5.24124999999999996e+00,3.64024194185521149e-02,-1.38907927398572717e-02,-1.38907395825622199e-02,-2.01195109904949041e-05,-2.01194339971366378e-05,-1.00597169985683189e-05,-3.01792279890632230e-05,-3.01791509957049568e-05
5.24849999999999994e+00,5.24849999999999994e+00,3.63019201292595212e-02,-1.38333080561956479e-02,-1.38332552650317318e-02,-1.99809340178793274e-05,-1.99808577659258083e-05,-9.99042888296290414e-06,-2.99713629008422315e-05,-2.99712866488887124e-05
5.25574999999999992e+00,5.25574999999999992e+00,3.62018364517372807e-02,-1.37761401231468739e-02,-1.37760876950910067e-02,-1.98435008396340982e-05,-1.98434253209357308e-05,-9.92171266046786541e-06,-2.97652135001019636e-05,-2.97651379814035962e-05
5.26299999999999990e+00,5.26299999999999990e+00,3.61021660974738950e-02,-1.37192867620203884e-02,-1.37192346940809024e-02,-1.97072004567244240e-05,-1.97071256632356219e-05,-9.85356283161781095e-06,-2.95607632883422350e-05,-2.95606884948534328e-05
5.27024999999999988e+00,5.27024999999999988e+00,3.60029067936879846e-02,-1.36627458120868184e-02,-1.36626941012999333e-02,-1.95720219908338721e-05,-1.95719479146070301e-05,-9.78597395730351336e-06,-2.93579959481373871e-05,-2.93579218719105452e-05
5.27749999999999986e+00,5.27749999999999986e+00,3.59040562831986348e-02,-1.36065151304038956e-02,-1.36064637738317895e-02,-1.94379546828735644e-05,-1.94378813160554098e-05,-9.71894065802770658e-06,-2.91568953409012692e-05,-2.91568219740831147e-05
5.28474999999999984e+00,5.28474999999999984e+00,3.58056123242971314e-02,-1.35505925916383774e-02,-1.35505415863748074e-02,-1.93049878915034239e-05,-1.93049152263421822e-05,-9.65245761317109112e-06,-2.89574455046745133e-05,-2.89573728395132717e-05
5.29199999999999982e+00,5.29199999999999982e+00,3.57075726906198807e-02,-1.34949760879075065e-02,-1.34949254310732739e-02,-1.91731110916987581e-05,-1.91730391205367534e-05,-9.58651956026837672e-06,-2.87596306519671348e-05,-2.87595586808051302e-05
5.29924999999999979e+00,5.29924999999999979e+00,3.56099351710224693e-02,-1.34396635286093691e-02,-1.34396132173505573e-02,-1.90423138733180071e-05,-1.90422425885883248e-05,-9.52112129429416072e-06,-2.85634351676121678e-05,-2.85633638828824856e-05
5.30650000000000066e+00,5.30650000000000066e+00,3.55126975694550345e-02,-1.33846528402514764e-02,-1.33846028717440994e-02,-1.89125859396849192e-05,-1.89125153339171556e-05,-9.45625766695857613e-06,-2.83688436066434953e-05,-2.83687730008757318e-05
5.31375000000000064e+00,5.31375000000000064e+00,3.54158577048388074e-02,-1.33299419662971097e-02,-1.33298923377421982e-02,-1.87839171062126204e-05,-1.87838471720250663e-05,-9.39192358601253316e-06,-2.81758406922251518e-05,-2.81757707580376012e-05
5.32100000000000062e+00,5.32100000000000062e+00,3.53194134109437313e-02,-1.32755288669961224e-02,-1.32754795756225251e-02,-1.86562972990218662e-05,-1.86562280291246478e-05,-9.32811401456232390e-06,-2.79844113135841901e-05,-2.79843420436869717e-05
5.32825000000000060e+00,5.32825000000000060e+00,3.52233625362673650e-02,-1.32214115192295090e-02,-1.32213625622924456e-02,-1.85297165535950254e-05,-1.85296479407872479e-05,-9.26482397039362566e-06,-2.77945405239886511e-05,-2.77944719111808736e-05
5.33550000000000058e+00,5.33550000000000058e+00,3.51277029439149013e-02,-1.31675879163513088e-02,-1.31675392911310644e-02,-1.84041650134421079e-05,-1.84040970506092130e-05,-9.20204852530460649e-06,-2.76062135387467161e-05,-2.76061455759138178e-05
5.34275000000000055e+00,5.34275000000000055e+00,3.50324325114802701e-02,-1.31140560680305107e-02,-1.31140077718329574e-02,-1.82796329287824089e-05,-1.82795656088961338e-05,-9.13978280444806690e-06,-2.74194157332304775e-05,-2.74193484133441990e-05
5.35000000000000053e+00,5.35000000000000053e+00,3.49375491309284608e-02,-1.30608140000960660e-02,-1.30607660302536292e-02,-1.81561106552460376e-05,-1.81560439713649711e-05,-9.07802198568248724e-06,-2.72341326409285248e-05,-2.72340659570474583e-05
5.35725000000000051e+00,5.35725000000000051e+00,3.48430507084788801e-02,-1.30078597543863417e-02,-1.30078121082566160e-02,-1.80335886525967207e-05,-1.80335225978636161e-05,-9.01676129893180635e-06,-2.70503499515285270e-05,-2.70502838967954224e-05
5.36450000000000049e+00,5.36450000000000049e+00,3.47489351644898609e-02,-1.29551913885972425e-02,-1.29551440635622545e-02,-1.79120574834677511e-05,-1.79119920511077272e-05,-8.95599602555386190e-06,-2.68680535090216130e-05,-2.68679880766615891e-05
5.37175000000000047e+00,5.37175000000000047e+00,3.46552004333442187e-02,-1.29028069761316644e-02,-1.29027599695980700e-02,-1.77915078121145085e-05,-1.77914429954346023e-05,-8.89572149771729944e-06,-2.66872293098318079e-05,-2.66871644931519017e-05
5.37900000000000045e+00,5.37900000000000045e+00,3.45618444633359473e-02,-1.28507046059520569e-02,-1.28506579153507879e-02,-1.76719304031858310e-05,-1.76718661955737679e-05,-8.83593309778688393e-06,-2.65078635009727132e-05,-2.65077992933606535e-05
5.38625000000000043e+00,5.38625000000000043e+00,3.44688652165579118e-02,-1.27988823824334297e-02,-1.27988360052199244e-02,-1.75533161205102986e-05,-1.75532525154340789e-05,-8.77662625771703946e-06,-2.63299423782273380e-05,-2.63298787731511184e-05
5.39350000000000041e+00,5.39350000000000041e+00,3.43762606687906674e-02,-1.27473384252194677e-02,-1.27472923588729629e-02,-1.74356559259008626e-05,-1.74355929169070915e-05,-8.71779645845354406e-06,-2.61534523843544084e-05,-2.61533893753606339e-05
5.40075000000000038e+00,5.40075000000000038e+00,3.42840288093922349e-02,-1.26960708690782020e-02,-1.26960251111020630e-02,-1.73189408779728015e-05,-1.73188784586864244e-05,-8.65943922934321219e-06,-2.59783801073160120e-05,-2.59783176880296383e-05
5.40800000000000036e+00,5.40800000000000036e+00,3.41921676411890349e-02,-1.26450778637625660e-02,-1.26450324116823345e-02,-1.72031621309820283e-05,-1.72031002951029734e-05,-8.60155014755148499e-06,-2.58047122785335133e-05,-2.58046504426544584e-05
5.41525000000000034e+00,5.41525000000000034e+00,3.41006751803676761e-02,-1.25943575738665103e-02,-1.25943124252315859e-02,-1.70883109336707545e-05,-1.70882496749755589e-05,-8.54412483748777944e-06,-2.56324357711585322e-05,-2.56323745124633400e-05
5.42250000000000032e+00,5.42250000000000032e+00,3.40095494563679712e-02,-1.25439081786877793e-02,-1.25438633310716342e-02,-1.69743786281356638e-05,-1.69743179404770673e-05,-8.48715897023853534e-06,-2.54615375983741991e-05,-2.54614769107156026e-05
5.42975000000000030e+00,5.42975000000000030e+00,3.39187885117767027e-02,-1.24937278720942402e-02,-1.24936833230910090e-02,-1.68613566487138407e-05,-1.68612965260155135e-05,-8.43064826300775677e-06,-2.52920049117215975e-05,-2.52919447890232703e-05
5.43700000000000028e+00,5.43700000000000028e+00,3.38283904022226023e-02,-1.24438148623826628e-02,-1.24437706096091963e-02,-1.67492365208714394e-05,-1.67491769571301202e-05,-8.37458847856506009e-06,-2.51238249994364994e-05,-2.51237654356951803e-05
5.44425000000000026e+00,5.44425000000000026e+00,3.37383531962721570e-02,-1.23941673721472689e-02,-1.23941234132422858e-02,-1.66380098601182750e-05,-1.66379508494019753e-05,-8.31897542470098763e-06,-2.49569852848192643e-05,-2.49569262741029612e-05
5.45150000000000023e+00,5.45150000000000023e+00,3.36486749753264688e-02,-1.23447836381438414e-02,-1.23447399707700516e-02,-1.65276683709289584e-05,-1.65276099073791917e-05,-8.26380495368959244e-06,-2.47914733246185508e-05,-2.47914148610687841e-05
5.45875000000000021e+00,5.45875000000000021e+00,3.35593538335190733e-02,-1.22956619111640464e-02,-1.22956185330044682e-02,-1.64182038456900948e-05,-1.64181459235162795e-05,-8.20907296175813976e-06,-2.46272768074482328e-05,-2.46272188852744210e-05
5.46600000000000019e+00,5.46600000000000019e+00,3.34703878776145894e-02,-1.22468004559017629e-02,-1.22467573646595634e-02,-1.63096081636488651e-05,-1.63095507771275387e-05,-8.15477538856376937e-06,-2.44643835522126362e-05,-2.44643261656913064e-05
5.47325000000000017e+00,5.47325000000000017e+00,3.33817752269084944e-02,-1.21981975508211882e-02,-1.21981547442227174e-02,-1.62018732898760614e-05,-1.62018164333543057e-05,-8.10090821667715452e-06,-2.43027815065532160e-05,-2.43027246500314602e-05
5.48050000000000015e+00,5.48050000000000015e+00,3.32935140131276827e-02,-1.21498514880351571e-02,-1.21498089638272713e-02,-1.60949912742545262e-05,-1.60949349421458131e-05,-8.04746747107290654e-06,-2.41424587453274310e-05,-2.41424024132187213e-05
5.48775000000000013e+00,5.48775000000000013e+00,3.32056023803319889e-02,-1.21017605731768008e-02,-1.21017183291265047e-02,-1.59889542504703392e-05,-1.59888984372534573e-05,-7.99444921862672866e-06,-2.39834034690970678e-05,-2.39833476558801860e-05
5.49500000000000011e+00,5.49500000000000011e+00,3.31180384848166198e-02,-1.20539231252729806e-02,-1.20538811591689235e-02,-1.58837544350178727e-05,-1.58836991352383330e-05,-7.94184956761916652e-06,-2.38256040026370392e-05,-2.38255487028574996e-05
5.50225000000000009e+00,5.50225000000000009e+00,3.30308204950155310e-02,-1.20063374766243847e-02,-1.20062957862748978e-02,-1.57793841262249545e-05,-1.57793293344918226e-05,-7.88966466724591132e-06,-2.36690487934708641e-05,-2.36689940017377357e-05
5.50950000000000006e+00,5.50950000000000006e+00,3.29439465914055651e-02,-1.19590019726820707e-02,-1.19589605559145343e-02,-1.56758357032844383e-05,-1.56757814142689554e-05,-7.83789070713447942e-06,-2.35137264104189177e-05,-2.35136721214034349e-05
5.51675000000000004e+00,5.51675000000000004e+00,3.28574149664116397e-02,-1.19119149719235651e-02,-1.19118738265868995e-02,-1.55731016252962704e-05,-1.55730478337345605e-05,-7.78652391686728026e-06,-2.33596255421635507e-05,-2.33595717506018408e-05
5.52400000000000002e+00,5.52400000000000002e+00,3.27712238243126758e-02,-1.18650748457365118e-02,-1.18650339697004611e-02,-1.54711744303302243e-05,-1.54711211310217930e-05,-7.73556056551089649e-06,-2.32067349958411207e-05,-2.32066816965326895e-05
5.53125000000000000e+00,5.53125000000000000e+00,3.26853713811484578e-02,-1.18184799783032091e-02,-1.18184393694548088e-02,-1.53700467345004691e-05,-1.53699939223030574e-05,-7.68499696115152868e-06,-2.30550436956519978e-05,-2.30549908834545860e-05
5.53849999999999998e+00,5.53849999999999998e+00,3.25998558646272765e-02,-1.17721287664793728e-02,-1.17720884227235818e-02,-1.52697112310430838e-05,-1.52696589008729726e-05,-7.63482945043648459e-06,-2.29045406814795684e-05,-2.29044883513094572e-05
5.54574999999999996e+00,5.54574999999999996e+00,3.25146755140345092e-02,-1.17260196196742328e-02,-1.17259795389386499e-02,-1.51701606894057449e-05,-1.51701088362433696e-05,-7.58505441812168481e-06,-2.27552151075274306e-05,-2.27551632543650553e-05
5.55299999999999994e+00,5.55299999999999994e+00,3.24298285801420047e-02,-1.16801509597452835e-02,-1.16801111399755103e-02,-1.50713879543666860e-05,-1.50713365732500751e-05,-7.53566828662503753e-06,-2.26070562409917244e-05,-2.26070048598751117e-05
5.56024999999999991e+00,5.56024999999999991e+00,3.23453133251182037e-02,-1.16345212208810445e-02,-1.16344816600398200e-02,-1.49733859451480468e-05,-1.49733350311712091e-05,-7.48666751558560538e-06,-2.24600534607336513e-05,-2.24600025467568136e-05
5.56749999999999989e+00,5.56749999999999989e+00,3.22611280224392311e-02,-1.15891288494851530e-02,-1.15890895455551795e-02,-1.48761476545410017e-05,-1.48760972028570775e-05,-7.43804860142853873e-06,-2.23141962559695413e-05,-2.23141458042856170e-05
5.57474999999999987e+00,5.57474999999999987e+00,3.21772709568006673e-02,-1.15439723040702269e-02,-1.15439332550520361e-02,-1.47796661480532264e-05,-1.47796161538712364e-05,-7.38980807693561822e-06,-2.21694742249888447e-05,-2.21694242308068530e-05
5.58199999999999985e+00,5.58199999999999985e+00,3.20937404240302093e-02,-1.14990500551468422e-02,-1.14990112590577613e-02,-1.46839345630597051e-05,-1.46838850216427497e-05,-7.34194251082137484e-06,-2.20258770738810791e-05,-2.20258275324641237e-05
5.58924999999999983e+00,5.58924999999999983e+00,3.20105347310010377e-02,-1.14543605851102903e-02,-1.14543220399878475e-02,-1.45889461079602404e-05,-1.45888970146293757e-05,-7.29444850731468871e-06,-2.18833946152749291e-05,-2.18833455219440644e-05
5.59649999999999981e+00,5.59649999999999981e+00,3.19276521955461148e-02,-1.14099023881384376e-02,-1.14098640920382802e-02,-1.44946940613605394e-05,-1.44946454114916245e-05,-7.24732270574581223e-06,-2.17420167671063525e-05,-2.17419681172374358e-05
5.60375000000000068e+00,5.60375000000000068e+00,3.18450911463730238e-02,-1.13656739700869203e-02,-1.13656359210789273e-02,-1.44011717712590562e-05,-1.44011235602773508e-05,-7.20056178013867538e-06,-2.16017335513977307e-05,-2.16016853404160253e-05
5.61100000000000065e+00,5.61100000000000065e+00,3.17628499229798480e-02,-1.13216738483732371e-02,-1.13216360445481529e-02,-1.43083726542289007e-05,-1.43083248776170409e-05,-7.15416243880851958e-06,-2.14625350930374203e-05,-2.14624873164255604e-05
5.61825000000000063e+00,5.61825000000000063e+00,3.16809268755716064e-02,-1.12779005518848230e-02,-1.12778629913484110e-02,-1.42162901946391494e-05,-1.42162428479292685e-05,-7.10812142396463338e-06,-2.13244116186037828e-05,-2.13243642718939001e-05
5.62550000000000061e+00,5.62550000000000061e+00,3.15993203649775137e-02,-1.12343526208675826e-02,-1.12343153017429604e-02,-1.41249179438602285e-05,-1.41248710226364777e-05,-7.06243551131823800e-06,-2.11873534551784682e-05,-2.11873065339547157e-05
5.63275000000000059e+00,5.63275000000000059e+00,3.15180287625690322e-02,-1.11910286068250819e-02,-1.11909915272536600e-02,-1.40342495194915451e-05,-1.40342030193908221e-05,-7.01710150969541192e-06,-2.10513510291869587e-05,-2.10513045290862324e-05
5.64000000000000057e+00,5.64000000000000057e+00,3.14370504501785553e-02,-1.11479270724208490e-02,-1.11478902305597698e-02,-1.39442786046015937e-05,-1.39442325213098870e-05,-6.97211626065494433e-06,-2.09163948652565380e-05,-2.09163487819648313e-05
5.64725000000000055e+00,5.64725000000000055e+00,3.13563838200189293e-02,-1.11050465913749008e-02,-1.11050099853978231e-02,-1.38549989469692874e-05,-1.38549532762222367e-05,-6.92747663811111751e-06,-2.07824755850804032e-05,-2.07824299143333525e-05
5.65450000000000053e+00,5.65450000000000053e+00,3.12760272746036155e-02,-1.10623857483660437e-02,-1.10623493764625026e-02,-1.37664043583409172e-05,-1.37663590959225904e-05,-6.88317954796129689e-06,-2.06495839063022140e-05,-2.06495386438838890e-05
5.66175000000000050e+00,5.66175000000000050e+00,3.11959792266676209e-02,-1.10199431389323976e-02,-1.10199069993085590e-02,-1.36784887136931106e-05,-1.36784438554365342e-05,-6.83922192771826712e-06,-2.05177106414113785e-05,-2.05176657831548005e-05
5.66900000000000048e+00,5.66900000000000048e+00,3.11162380990890955e-02,-1.09777173693754726e-02,-1.09776814602536923e-02,-1.35912459505083803e-05,-1.35912014922945670e-05,-6.79560074614728352e-06,-2.03868466966556630e-05,-2.03868022384418497e-05
5.67625000000000046e+00,5.67625000000000046e+00,3.10368023248116763e-02,-1.09357070566646897e-02,-1.09356713762824662e-02,-1.35046700680591999e-05,-1.35046260058154577e-05,-6.75231300290772886e-06,-2.02569830709669270e-05,-2.02569390087231849e-05
5.68350000000000044e+00,5.68350000000000044e+00,3.09576703467674616e-02,-1.08939108283392372e-02,-1.08938753749511594e-02,-1.34187551266967314e-05,-1.34187114563986611e-05,-6.70935572819933057e-06,-2.01281108548960611e-05,-2.01280671845979909e-05
5.69075000000000042e+00,5.69075000000000042e+00,3.08788406178007596e-02,-1.08523273224179206e-02,-1.08522920942936366e-02,-1.33334952471571836e-05,-1.33334519648257768e-05,-6.66672598241288755e-06,-2.00002212295700720e-05,-2.00001779472386652e-05
5.69800000000000040e+00,5.69800000000000040e+00,3.08003116005923991e-02,-1.08109551873050158e-02,-1.08109201827281138e-02,-1.32488846098709361e-05,-1.32488417115708167e-05,-6.62442085578540918e-06,-1.98733054656563444e-05,-1.98732625673562250e-05
5.70525000000000038e+00,5.70525000000000038e+00,3.07220817675848343e-02,-1.07697930816947895e-02,-1.07697582989649300e-02,-1.31649174542776167e-05,-1.31648749361192856e-05,-6.58243746805964196e-06,-1.97473549223372603e-05,-1.97473124041789276e-05
5.71250000000000036e+00,5.71250000000000036e+00,3.06441496009078294e-02,-1.07288396744822379e-02,-1.07288051119152125e-02,-1.30815880781562882e-05,-1.30815459362958015e-05,-6.54077296814790159e-06,-1.96223610463041914e-05,-1.96223189044437014e-05
5.71975000000000033e+00,5.71975000000000033e+00,3.05665135923048475e-02,-1.06880936446747121e-02,-1.06880593006004974e-02,-1.29988908369640950e-05,-1.29988490676003094e-05,-6.49942453380015468e-06,-1.94983153707642480e-05,-1.94982736014004624e-05
5.72700000000000031e+00,5.72700000000000031e+00,3.04891722430600427e-02,-1.06475536813004368e-02,-1.06475195540632235e-02,-1.29168201431783085e-05,-1.29167787425525627e-05,-6.45838937127628050e-06,-1.93752095144545899e-05,-1.93751681138288440e-05
5.73425000000000029e+00,5.73425000000000029e+00,3.04121240639259882e-02,-1.06072184833196914e-02,-1.06071845712781918e-02,-1.28353704656488754e-05,-1.28353294300450020e-05,-6.41766471502250015e-06,-1.92530351806713747e-05,-1.92529941450675013e-05
5.74150000000000027e+00,5.74150000000000027e+00,3.03353675750519108e-02,-1.05670867595364371e-02,-1.05670530610648475e-02,-1.27545363289585331e-05,-1.27544956547036601e-05,-6.37724782735182918e-06,-1.91317841563103639e-05,-1.91317434820554892e-05
5.74875000000000025e+00,5.74875000000000025e+00,3.02589013059127131e-02,-1.05271572285130510e-02,-1.05271237420005090e-02,-1.26743123127936696e-05,-1.26742719962572104e-05,-6.33713599812860522e-06,-1.90114483109222748e-05,-1.90114079943858157e-05
5.75600000000000023e+00,5.75600000000000023e+00,3.01827237952384704e-02,-1.04874286184868382e-02,-1.04873953423344230e-02,-1.25946930513241749e-05,-1.25946530889138596e-05,-6.29732654445693063e-06,-1.88920195957811047e-05,-1.88919796333707911e-05
5.76325000000000021e+00,5.76325000000000021e+00,3.01068335909446538e-02,-1.04478996672794366e-02,-1.04478665999027127e-02,-1.25156732325815107e-05,-1.25156336207461264e-05,-6.25781681037306320e-06,-1.87734900429545739e-05,-1.87734504311191896e-05
5.77050000000000018e+00,5.77050000000000018e+00,3.00312292500629179e-02,-1.04085691222142174e-02,-1.04085362620441619e-02,-1.24372475978531221e-05,-1.24372083330832690e-05,-6.21860416654163366e-06,-1.86558517643947575e-05,-1.86558124996249027e-05
5.77775000000000016e+00,5.77775000000000016e+00,2.99559093386725477e-02,-1.03694357400367920e-02,-1.03694030855168689e-02,-1.23594109410871245e-05,-1.23593720199113787e-05,-6.17968600995568934e-06,-1.85390969510428155e-05,-1.85390580298670680e-05
5.78500000000000014e+00,5.78500000000000014e+00,2.98808724318323886e-02,-1.03304982868275275e-02,-1.03304658364156924e-02,-1.22821581082939391e-05,-1.22821195272809260e-05,-6.14105976364046215e-06,-1.84232178719344012e-05,-1.84231792909213865e-05
5.79225000000000012e+00,5.79225000000000012e+00,2.98061171135135493e-02,-1.02917555379233860e-02,-1.02917232900905688e-02,-1.22054839969654721e-05,-1.22054457527217238e-05,-6.10272287636086188e-06,-1.83082068733263323e-05,-1.83081686290825856e-05
5.79950000000000010e+00,5.79950000000000010e+00,2.97316419765325003e-02,-1.02532062778353250e-02,-1.02531742310656097e-02,-1.21293835554953110e-05,-1.21293456446651708e-05,-6.06467282233258454e-06,-1.81940563778278947e-05,-1.81940184669977562e-05
5.80675000000000008e+00,5.80675000000000008e+00,2.96574456224849327e-02,-1.02148493001679164e-02,-1.02148174529590324e-02,-1.20538517826078458e-05,-1.20538142018737296e-05,-6.02690710093686394e-06,-1.80807588835447089e-05,-1.80807213028105944e-05
5.81400000000000006e+00,5.81400000000000006e+00,2.95835266616800638e-02,-1.01766834075416313e-02,-1.01766517584038745e-02,-1.19788837267966339e-05,-1.19788464728774478e-05,-5.98942323643872389e-06,-1.79683069632353561e-05,-1.79682697093161717e-05
5.82125000000000004e+00,5.82125000000000004e+00,2.95098837130755853e-02,-1.01387074115120157e-02,-1.01386759589694939e-02,-1.19044744857652195e-05,-1.19044375554175168e-05,-5.95221877770875925e-06,-1.78566932634739779e-05,-1.78566563331262752e-05
5.82850000000000001e+00,5.82850000000000001e+00,2.94365154042131420e-02,-1.01009201324955278e-02,-1.01008888750838619e-02,-1.18306192058817460e-05,-1.18305825958967219e-05,-5.91529129794836097e-06,-1.77459105038301078e-05,-1.77458738938450821e-05
5.83574999999999999e+00,5.83574999999999999e+00,2.93634203711544001e-02,-1.00633203996878251e-02,-1.00632893359566128e-02,-1.17573130816306088e-05,-1.17572767888366959e-05,-5.87863839441834795e-06,-1.76359514760489568e-05,-1.76359151832550422e-05
5.84299999999999997e+00,5.84299999999999997e+00,2.92905972584176673e-02,-1.00259070509913784e-02,-1.00258761795028808e-02,-1.16845513550808982e-05,-1.16845153763419264e-05,-5.84225768817096152e-06,-1.75268090432518614e-05,-1.75267730645128879e-05
5.85024999999999995e+00,5.85024999999999995e+00,2.92180447189150233e-02,-9.98867893294042020e-03,-9.98864825226786039e-03,-1.16123293153574000e-05,-1.16122936475703218e-05,-5.80614682378516005e-06,-1.74184761391425600e-05,-1.74184404713554835e-05
5.85749999999999993e+00,5.85749999999999993e+00,2.91457614138900291e-02,-9.95163490062189737e-03,-9.95160440935212269e-03,-1.15406422981126689e-05,-1.15406069382103814e-05,-5.77030346910518988e-06,-1.73109457672178597e-05,-1.73109104073155705e-05
5.86474999999999991e+00,5.86474999999999991e+00,2.90737460128560055e-02,-9.91477381760619281e-03,-9.91474351433769760e-03,-1.14694856850160272e-05,-1.14694506299647853e-05,-5.73472531498239267e-06,-1.72042109999984182e-05,-1.72041759449471763e-05
5.87199999999999989e+00,5.87199999999999989e+00,2.90019971935347419e-02,-9.87809455587185248e-03,-9.87806443921483007e-03,-1.13988549032411128e-05,-1.13988201500403193e-05,-5.69941007502016048e-06,-1.70982649782612750e-05,-1.70982302250604797e-05
5.87924999999999986e+00,5.87924999999999986e+00,2.89305136417958644e-02,-9.84159599573231070e-03,-9.84156606430951729e-03,-1.13287454249612173e-05,-1.13287109706441358e-05,-5.66435548532206789e-06,-1.69931009102832843e-05,-1.69930664559662028e-05
5.88649999999999984e+00,5.88649999999999984e+00,2.88592940515966234e-02,-9.80527702576527993e-03,-9.80524727821171366e-03,-1.12591527668530144e-05,-1.12591186084861309e-05,-5.62955930424306461e-06,-1.68887120710960790e-05,-1.68886779127291955e-05
5.89374999999999982e+00,5.89374999999999982e+00,2.87883371249222676e-02,-9.76913654274236265e-03,-9.76910697770426960e-03,-1.11900724896058838e-05,-1.11900386242874939e-05,-5.59501931214374697e-06,-1.67850918017496291e-05,-1.67850579364312426e-05
5.90100000000000069e+00,5.90100000000000069e+00,2.87176415717268520e-02,-9.73317345155733094e-03,-9.73314406769254341e-03,-1.11215001974348861e-05,-1.11214666222952202e-05,-5.56073331114760925e-06,-1.66822335085824962e-05,-1.66821999334428286e-05
5.90825000000000067e+00,5.90825000000000067e+00,2.86472061098746768e-02,-9.69738666515684855e-03,-9.69735746113474344e-03,-1.10534315376017266e-05,-1.10533982498026415e-05,-5.52669912490132073e-06,-1.65801306625030481e-05,-1.65800973747039630e-05
5.91550000000000065e+00,5.91550000000000065e+00,2.85770294650820808e-02,-9.66177510447119303e-03,-9.66174607897289477e-03,-1.09858621999407689e-05,-1.09858291966757226e-05,-5.49291459833786130e-06,-1.64787767982786285e-05,-1.64787437950135839e-05
5.92275000000000063e+00,5.92275000000000063e+00,2.85071103708598450e-02,-9.62633769834764230e-03,-9.62630885006452754e-03,-1.09187879163931251e-05,-1.09187551948852217e-05,-5.45937759744261085e-06,-1.63781655138357351e-05,-1.63781327923278317e-05
5.93000000000000060e+00,5.93000000000000060e+00,2.84374475684560403e-02,-9.59107338347964244e-03,-9.59104471111502099e-03,-1.08522044605408667e-05,-1.08521720180445166e-05,-5.42608600902225832e-06,-1.62782904695631250e-05,-1.62782580270667766e-05
5.93725000000000058e+00,5.93725000000000058e+00,2.83680398067993923e-02,-9.55598110434219272e-03,-9.55595260661059979e-03,-1.07861076471532251e-05,-1.07860754809530933e-05,-5.39303774047654664e-06,-1.61791453876297735e-05,-1.61791132214296399e-05
5.94450000000000056e+00,5.94450000000000056e+00,2.82988858424430764e-02,-9.52105981312612037e-03,-9.52103148875198084e-03,-1.07204933317362789e-05,-1.07204614391455326e-05,-5.36023071957276716e-06,-1.60807240513090469e-05,-1.60806921587182989e-05
5.95175000000000054e+00,5.95175000000000054e+00,2.82299844395090642e-02,-9.48630846966835861e-03,-9.48628031738868796e-03,-1.06553574100829330e-05,-1.06553257884460478e-05,-5.32766289422302389e-06,-1.59830203043059585e-05,-1.59829886826690700e-05
5.95900000000000052e+00,5.95900000000000052e+00,2.81613343696328865e-02,-9.45172604139243866e-03,-9.45169805995398071e-03,-1.05906958178390739e-05,-1.05906644645283706e-05,-5.29533223226418531e-06,-1.58860280501032592e-05,-1.58859966967925576e-05
5.96625000000000050e+00,5.96625000000000050e+00,2.80929344119088750e-02,-9.41731150324098820e-03,-9.41728369140041807e-03,-1.05265045300653554e-05,-1.05264734424810003e-05,-5.26323672124050185e-06,-1.57897412513058573e-05,-1.57897101637215038e-05
5.97350000000000048e+00,5.97350000000000048e+00,2.80247833528358935e-02,-9.38306383761045026e-03,-9.38303619413606398e-03,-1.04627795608060488e-05,-1.04627487363777170e-05,-5.23137436818885848e-06,-1.56941539289949056e-05,-1.56941231045665754e-05
5.98075000000000045e+00,5.98075000000000045e+00,2.79568799862635227e-02,-9.34898203429113117e-03,-9.34895455796130002e-03,-1.03995169626683620e-05,-1.03994863988532757e-05,-5.19974319942663785e-06,-1.55992601620949998e-05,-1.55992295982799136e-05
5.98800000000000043e+00,5.98800000000000043e+00,2.78892231133386730e-02,-9.31506509040236352e-03,-9.31503778000623665e-03,-1.03367128264007476e-05,-1.03366825206842338e-05,-5.16834126034211691e-06,-1.55050540867428645e-05,-1.55050237810263507e-05
5.99525000000000041e+00,5.99525000000000041e+00,2.78218115424526888e-02,-9.28131201033233211e-03,-9.28128486466875922e-03,-1.02743632804807675e-05,-1.02743332303748414e-05,-5.13716661518742070e-06,-1.54115298956681890e-05,-1.54114998455622612e-05
6.00250000000000039e+00,6.00250000000000039e+00,2.77546440891888527e-02,-9.24772180567612345e-03,-9.24769482355313616e-03,-1.02124644907053182e-05,-1.02124346937478973e-05,-5.10621734687394948e-06,-1.53186818375792677e-05,-1.53186520406218451e-05
6.00975000000000037e+00,6.00975000000000037e+00,2.76877195762703851e-02,-9.21429349517199903e-03,-9.21426667540925504e-03,-1.01510126597831829e-05,-1.01509831135405670e-05,-5.07549155677028352e-06,-1.52265042165534664e-05,-1.52264746703108506e-05
6.01700000000000035e+00,6.01700000000000035e+00,2.76210368335088607e-02,-9.18102610464499591e-03,-9.18099944607241383e-03,-1.00900040269398736e-05,-1.00899747290050188e-05,-5.04498736450251022e-06,-1.51349913914423839e-05,-1.51349620935075290e-05
6.02425000000000033e+00,6.02425000000000033e+00,2.75545946977530341e-02,-9.14791866694741884e-03,-9.14789216840371233e-03,-1.00294348675231881e-05,-1.00294058155138886e-05,-5.01470290775694516e-06,-1.50441377752801341e-05,-1.50441087232708346e-05
6.03150000000000031e+00,6.03150000000000031e+00,2.74883920128381233e-02,-9.11497022189822204e-03,-9.11494388223099521e-03,-9.96930149261166060e-06,-9.96927268417044591e-06,-4.98463634208522295e-06,-1.49539378346968836e-05,-1.49539090262556689e-05
6.03875000000000028e+00,6.03875000000000028e+00,2.74224276295355097e-02,-9.08217981622239101e-03,-9.08215363429037796e-03,-9.90960024862705088e-06,-9.90957168142344536e-06,-4.95478584071172268e-06,-1.48643860893387736e-05,-1.48643575221351680e-05
6.04600000000000026e+00,6.04600000000000026e+00,2.73567004055028998e-02,-9.04954650349720779e-03,-9.04952047816834186e-03,-9.85032751695840743e-06,-9.85029918868660276e-06,-4.92514959434330138e-06,-1.47754771113017097e-05,-1.47754487830299033e-05
6.05325000000000024e+00,6.05325000000000024e+00,2.72912092052348017e-02,-9.01706934409296501e-03,-9.01704347424434755e-03,-9.79147971358394173e-06,-9.79145162196256647e-06,-4.89572581098128408e-06,-1.46872055245652250e-05,-1.46871774329438497e-05
6.06050000000000022e+00,6.06050000000000022e+00,2.72259529000135510e-02,-8.98474740511545633e-03,-8.98472168963404018e-03,-9.73305328869877592e-06,-9.73302543147144610e-06,-4.86651271573572220e-06,-1.45995660044344973e-05,-1.45995381472071692e-05
6.06775000000000020e+00,6.06775000000000020e+00,2.71609303678606272e-02,-8.95257976035113145e-03,-8.95255419813295768e-03,-9.67504472634939722e-06,-9.67501710128368806e-06,-4.83750855064184403e-06,-1.45125532769912413e-05,-1.45125256519255321e-05
6.07500000000000018e+00,6.07500000000000018e+00,2.70961404934884596e-02,-8.92056549021114087e-03,-8.92054008016080965e-03,-9.61745054407071792e-06,-9.61742314895740826e-06,-4.80871157447870413e-06,-1.44261621185494221e-05,-1.44261347234361124e-05
6.08225000000000016e+00,6.08225000000000016e+00,2.70315821682525666e-02,-8.88870368167404834e-03,-8.88867842270625770e-03,-9.56026729252542228e-06,-9.56024012517996161e-06,-4.78012006258998081e-06,-1.43403873551154022e-05,-1.43403601877699416e-05
6.08950000000000014e+00,6.08950000000000014e+00,2.69672542901041867e-02,-8.85699342823365043e-03,-8.85696831927225078e-03,-9.50349155515252576e-06,-9.50346461341382473e-06,-4.75173230670691236e-06,-1.42552238618594373e-05,-1.42551969201207379e-05
6.09675000000000011e+00,6.09675000000000011e+00,2.69031557635431781e-02,-8.82543382984546376e-03,-8.82540886982184809e-03,-9.44711994781811967e-06,-9.44709322954663911e-06,-4.72354661477331956e-06,-1.41706665625914401e-05,-1.41706398443199578e-05
6.10400000000000009e+00,6.10400000000000009e+00,2.68392854995714268e-02,-8.79402399286854930e-03,-8.79399918072458313e-03,-9.39114911846471642e-06,-9.39112262154543032e-06,-4.69556131077271516e-06,-1.40867104292374316e-05,-1.40866839323181455e-05
6.11125000000000007e+00,6.11125000000000007e+00,2.67756424156465854e-02,-8.76276303001821688e-03,-8.76273836470332045e-03,-9.33557574677581096e-06,-9.33554946911490130e-06,-4.66777473455745150e-06,-1.40033504813332625e-05,-1.40033242036723528e-05
6.11850000000000005e+00,6.11850000000000005e+00,2.67122254356361652e-02,-8.73165006030940383e-03,-8.73162554078161721e-03,-9.28039654383395557e-06,-9.28037048335977797e-06,-4.64018524167988814e-06,-1.39205817855138437e-05,-1.39205557250396661e-05
6.12575000000000003e+00,6.12575000000000003e+00,2.66490334897720969e-02,-8.70068420900449446e-03,-8.70065983423159474e-03,-9.22560825178702891e-06,-9.22558240645112228e-06,-4.61279120322556114e-06,-1.38383994550125909e-05,-1.38383736096766826e-05
6.13300000000000001e+00,6.13300000000000001e+00,2.65860655146056002e-02,-8.66986460756424826e-03,-8.66984037652228888e-03,-9.17120764352125587e-06,-9.17118201129661445e-06,-4.58559100564830723e-06,-1.37567986491695622e-05,-1.37567730169449208e-05
6.14024999999999999e+00,6.14024999999999999e+00,2.65233204529624171e-02,-8.63919039359584140e-03,-8.63916630526848778e-03,-9.11719152233447477e-06,-9.11716610121467742e-06,-4.55858305060733871e-06,-1.36757745729418143e-05,-1.36757491518220153e-05
6.14749999999999996e+00,6.14749999999999996e+00,2.64607972538984590e-02,-8.60866071080024220e-03,-8.60863676418006062e-03,-9.06355672161205749e-06,-9.06353150961246705e-06,-4.53176575480623268e-06,-1.35953224764182910e-05,-1.35952972644186989e-05
6.15474999999999994e+00,6.15474999999999994e+00,2.63984948726558137e-02,-8.57827470892402744e-03,-8.57825090301175992e-03,-9.01030010451080862e-06,-9.01027509966763511e-06,-4.50513754983381756e-06,-1.35154376543446262e-05,-1.35154126495014527e-05
6.16199999999999992e+00,6.16199999999999992e+00,2.63364122706190619e-02,-8.54803154370853413e-03,-8.54800787751349052e-03,-8.95741856364327122e-06,-8.95739376401382085e-06,-4.47869688200690958e-06,-1.34361154456501808e-05,-1.34360906460207304e-05
6.16924999999999990e+00,6.16924999999999990e+00,2.62745484152720407e-02,-8.51793037684123178e-03,-8.51790684938105724e-03,-8.90490902076758398e-06,-8.90488442442985091e-06,-4.45244221221492545e-06,-1.33573512329825086e-05,-1.33573266366447755e-05
6.17649999999999988e+00,6.17649999999999988e+00,2.62129022801548643e-02,-8.48797037590820480e-03,-8.48794698620735505e-03,-8.85276842648163796e-06,-8.85274403153254922e-06,-4.42637201576627546e-06,-1.32791404422479134e-05,-1.32791160472988247e-05
6.18374999999999986e+00,6.18374999999999986e+00,2.61514728448213711e-02,-8.45815071434286025e-03,-8.45812746143403960e-03,-8.80099375991639988e-06,-8.80096956447317232e-06,-4.40048478223658531e-06,-1.32014785421529843e-05,-1.32014543467097585e-05
6.19099999999999984e+00,6.19099999999999984e+00,2.60902590947968936e-02,-8.42847057137841027e-03,-8.42844745430363328e-03,-8.74958202843628092e-06,-8.74955803063735466e-06,-4.37477901531867648e-06,-1.31243610437549566e-05,-1.31243370459560303e-05
6.19825000000000070e+00,6.19825000000000070e+00,2.60292600215363788e-02,-8.39892913200435132e-03,-8.39890614981208400e-03,-8.69853026734667155e-06,-8.69850646534859458e-06,-4.34925323267429729e-06,-1.30477835000209680e-05,-1.30477596980228927e-05
6.20550000000000068e+00,6.20550000000000068e+00,2.59684746223828242e-02,-8.36952558691450577e-03,-8.36950273866177499e-03,-8.64783553959571815e-06,-8.64781193157517582e-06,-4.32390596578758876e-06,-1.29717415053833078e-05,-1.29717178973627637e-05
6.21275000000000066e+00,6.21275000000000066e+00,2.59079019005261195e-02,-8.34025913246372319e-03,-8.34023641721495790e-03,-8.59749493548802926e-06,-8.59747151964049749e-06,-4.29873575982025044e-06,-1.28962306953082797e-05,-1.28962072794607479e-05
6.22000000000000064e+00,6.22000000000000064e+00,2.58475408649621007e-02,-8.31112897062080691e-03,-8.31110638744761952e-03,-8.54750557239739080e-06,-8.54748234693676680e-06,-4.27374117346838340e-06,-1.28212467458657742e-05,-1.28212235204051502e-05
6.22725000000000062e+00,6.22725000000000062e+00,2.57873905304521166e-02,-8.28213430892144054e-03,-8.28211185690380658e-03,-8.49786459448238324e-06,-8.49784155764204595e-06,-4.24892077882102298e-06,-1.27467853733034054e-05,-1.27467623364630698e-05
6.23450000000000060e+00,6.23450000000000060e+00,2.57274499174827385e-02,-8.25327436042599949e-03,-8.25325203865032858e-03,-8.44856917240986598e-06,-8.44854632244056024e-06,-4.22427316122028012e-06,-1.26728423336301469e-05,-1.26728194836608412e-05
6.24175000000000058e+00,6.24175000000000058e+00,2.56677180522259414e-02,-8.22454834367092324e-03,-8.22452615123192739e-03,-8.39961650307464335e-06,-8.39959383824624847e-06,-4.19979691912312339e-06,-1.25994134221977676e-05,-1.25993907573693727e-05
6.24900000000000055e+00,6.24900000000000055e+00,2.56081939664995102e-02,-8.19595548262719298e-03,-8.19593341862682317e-03,-8.35100380932921366e-06,-8.35098132792951182e-06,-4.17549066396475591e-06,-1.25264944732939704e-05,-1.25264719918942669e-05
6.25625000000000053e+00,6.25625000000000053e+00,2.55488766977278459e-02,-8.16749500665592265e-03,-8.16747307020270798e-03,-8.30272833971327260e-06,-8.30270604004714250e-06,-4.15135302002357040e-06,-1.24540813597368422e-05,-1.24540590600707137e-05
6.26350000000000051e+00,6.26350000000000051e+00,2.54897652889029998e-02,-8.13916615046283987e-03,-8.13914434067310524e-03,-8.25478736818481926e-06,-8.25476524857533048e-06,-4.12738262428766524e-06,-1.23821699924724854e-05,-1.23821478728629966e-05
6.27075000000000049e+00,6.27075000000000049e+00,2.54308587885461353e-02,-8.11096815405654148e-03,-8.11094647005418216e-03,-8.20717819385774362e-06,-8.20715625264580087e-06,-4.10357812632290128e-06,-1.23107563201806449e-05,-1.23107343789687022e-05
6.27800000000000047e+00,6.27800000000000047e+00,2.53721562506691832e-02,-8.08290026270674922e-03,-8.08287870362191241e-03,-8.15989814074208052e-06,-8.15987637628494810e-06,-4.07993818814247405e-06,-1.22398363288845546e-05,-1.22398145644274221e-05
6.28525000000000045e+00,6.28525000000000045e+00,2.53136567347368897e-02,-8.05496172689879053e-03,-8.05494029186965867e-03,-8.11294455748301506e-06,-8.11292296815598552e-06,-4.05646148407799361e-06,-1.21694060415610087e-05,-1.21693844522339791e-05
6.29250000000000043e+00,6.29250000000000043e+00,2.52553593056291485e-02,-8.02715180229585101e-03,-8.02713049046615765e-03,-8.06631481711032353e-06,-8.06629340130408510e-06,-4.03314670065204255e-06,-1.20994615177623652e-05,-1.20994401019561268e-05
6.29975000000000041e+00,6.29975000000000041e+00,2.51972630336036001e-02,-7.99946974969345526e-03,-7.99944856021384855e-03,-8.02000631678250165e-06,-8.01998507290439183e-06,-4.00999253645219676e-06,-1.20299988532346984e-05,-1.20299776093565886e-05
6.30700000000000038e+00,6.30700000000000038e+00,2.51393669942585954e-02,-7.97191483497905473e-03,-7.97189376700764042e-03,-7.97401647753856363e-06,-7.97399540401298254e-06,-3.98699770200649127e-06,-1.19610141795450549e-05,-1.19609931060194738e-05
6.31425000000000036e+00,6.31425000000000036e+00,2.50816702684964025e-02,-7.94448632909139363e-03,-7.94446538179400565e-03,-7.92834274405208577e-06,-7.92832183932063171e-06,-3.96416091966031586e-06,-1.18925036637124016e-05,-1.18924827589809476e-05
6.32150000000000034e+00,6.32150000000000034e+00,2.50241719424867705e-02,-7.91718350798276127e-03,-7.91716268053049670e-03,-7.88298258439055428e-06,-7.88296184690943856e-06,-3.94148092345472013e-06,-1.18244635078452753e-05,-1.18244427703641595e-05
6.32875000000000032e+00,6.32875000000000032e+00,2.49668711076306525e-02,-7.89000565257502728e-03,-7.88998494414557341e-03,-7.83793348977092682e-06,-7.83791291801218840e-06,-3.91895645900609420e-06,-1.17568899487770210e-05,-1.17568693770182826e-05
6.33600000000000030e+00,6.33600000000000030e+00,2.49097668605244328e-02,-7.86295204872011766e-03,-7.86293145849887437e-03,-7.79319297432201769e-06,-7.79317256677450405e-06,-3.89658628338725118e-06,-1.16897792577092697e-05,-1.16897588501617544e-05
6.34325000000000028e+00,6.34325000000000028e+00,2.48528583029242120e-02,-7.83602198716404352e-03,-7.83600151434176752e-03,-7.74875857485275477e-06,-7.74873833001967228e-06,-3.87436916500983614e-06,-1.16231277398625909e-05,-1.16231074950295084e-05
6.35050000000000026e+00,6.35050000000000026e+00,2.47961445417105540e-02,-7.80921476350338040e-03,-7.80919440727834147e-03,-7.70462785061526431e-06,-7.70460776701619253e-06,-3.85230388350809626e-06,-1.15569317341233597e-05,-1.15569116505242896e-05
6.35775000000000023e+00,6.35775000000000023e+00,2.47396246888534135e-02,-7.78252967815129537e-03,-7.78250943772668385e-03,-7.66079838307970596e-06,-7.66077845924792600e-06,-3.83038922962396300e-06,-1.14911876127036681e-05,-1.14911676888718882e-05
6.36500000000000021e+00,6.36500000000000021e+00,2.46832978613773617e-02,-7.75596603629447046e-03,-7.75594591088055348e-03,-7.61726777570237454e-06,-7.61724801018687578e-06,-3.80862400509343789e-06,-1.14258917807958116e-05,-1.14258720152803137e-05
6.37225000000000019e+00,6.37225000000000019e+00,2.46271631813271448e-02,-7.72952314785646521e-03,-7.72950313667139337e-03,-7.57403365370240528e-06,-7.57401404506856292e-06,-3.78700702253428146e-06,-1.13610406762366863e-05,-1.13610210676028440e-05
6.37950000000000017e+00,6.37950000000000017e+00,2.45712197757334411e-02,-7.70320032746507621e-03,-7.70318042973068117e-03,-7.53109366384458097e-06,-7.53107421066991839e-06,-3.76553710533495919e-06,-1.12966307691795402e-05,-1.12966113160048784e-05
6.38675000000000015e+00,6.38675000000000015e+00,2.45154667765789015e-02,-7.67699689440792810e-03,-7.67697710935261353e-03,-7.48844547421278543e-06,-7.48842617508970834e-06,-3.74421308754485417e-06,-1.12326585617576396e-05,-1.12326392626345625e-05
6.39400000000000013e+00,6.39400000000000013e+00,2.44599033207645276e-02,-7.65091217259716849e-03,-7.65089249945715560e-03,-7.44608677399455214e-06,-7.44606762753144387e-06,-3.72303381376572193e-06,-1.11691205877602745e-05,-1.11691014412971662e-05
6.40125000000000011e+00,6.40125000000000011e+00,2.44045285500762432e-02,-7.62494549053704951e-03,-7.62492592855340545e-03,-7.40401527327052749e-06,-7.40399627808874451e-06,-3.70199813904437225e-06,-1.11060134123149006e-05,-1.11059944171331168e-05
6.40850000000000009e+00,6.40850000000000009e+00,2.43493416111517404e-02,-7.59909618128351561e-03,-7.59907672970328192e-03,-7.36222870279824357e-06,-7.36220985753311076e-06,-3.68110492876655495e-06,-1.10433336315647977e-05,-1.10433147862996666e-05
6.41575000000000006e+00,6.41575000000000006e+00,2.42943416554476307e-02,-7.57336358240956464e-03,-7.57334424048556470e-03,-7.32072481380358457e-06,-7.32070611710410216e-06,-3.66035305855205066e-06,-1.09810778723556352e-05,-1.09810591756561528e-05
6.42300000000000004e+00,6.42300000000000004e+00,2.42395278392068016e-02,-7.54774703596927665e-03,-7.54772780296023710e-03,-7.27950137777301810e-06,-7.27948282830187947e-06,-3.63974141415093931e-06,-1.09192427919239574e-05,-1.09192242424528179e-05
6.43025000000000002e+00,6.43025000000000002e+00,2.41848993234260769e-02,-7.52224588846162057e-03,-7.52222676363316443e-03,-7.23855618624763148e-06,-7.23853778268207611e-06,-3.61926889134103763e-06,-1.08578250775886700e-05,-1.08578066740231129e-05
6.43750000000000000e+00,6.43750000000000000e+00,2.41304552738241078e-02,-7.49685949079803571e-03,-7.49684047342108213e-03,-7.19788705062281102e-06,-7.19786879165297444e-06,-3.59893439582648679e-06,-1.07968214464492982e-05,-1.07968031874794617e-05
6.44474999999999998e+00,6.44474999999999998e+00,2.40761948608095057e-02,-7.47158719826668261e-03,-7.47156828761689953e-03,-7.15749180194666169e-06,-7.15747368627495719e-06,-3.57873684313747817e-06,-1.07362286450841403e-05,-1.07362105294124358e-05
6.45199999999999996e+00,6.45199999999999996e+00,2.40221172594492424e-02,-7.44642837049602768e-03,-7.44640956585531418e-03,-7.11736829071976010e-06,-7.11735031706220516e-06,-3.55867515853110343e-06,-1.06760434492508644e-05,-1.06760254755933086e-05
6.45924999999999994e+00,6.45924999999999994e+00,2.39682216494373143e-02,-7.42138237142220270e-03,-7.42136367207874448e-03,-7.07751438670046902e-06,-7.07749655378663621e-06,-3.53874827689331768e-06,-1.06162626635937863e-05,-1.06162448306799535e-05
6.46649999999999991e+00,6.46649999999999991e+00,2.39145072150636212e-02,-7.39644856925636418e-03,-7.39642997450355548e-03,-7.03792797871211547e-06,-7.03791028528400245e-06,-3.51895514264200122e-06,-1.05568831213541163e-05,-1.05568654279260032e-05
6.47374999999999989e+00,6.47374999999999989e+00,2.38609731451830953e-02,-7.37162633645027654e-03,-7.37160784558659084e-03,-6.99860697445036773e-06,-6.99858941926218386e-06,-3.49929470963109193e-06,-1.04979016840814597e-05,-1.04978841288932758e-05
6.48099999999999987e+00,6.48099999999999987e+00,2.38076186331850938e-02,-7.34691504966233921e-03,-7.34689666199200581e-03,-6.95954930029289270e-06,-6.95953188211160957e-06,-3.47976594105580521e-06,-1.04393152413486971e-05,-1.04392978231674148e-05
6.48824999999999985e+00,6.48824999999999985e+00,2.37544428769629924e-02,-7.32231408972583431e-03,-7.32229580455839163e-03,-6.92075290111295356e-06,-6.92073561871778832e-06,-3.46036780935889331e-06,-1.03811207104718469e-05,-1.03811034280766816e-05
6.49550000000000072e+00,6.49550000000000072e+00,2.37014450788840605e-02,-7.29782284161539785e-03,-7.29780465826620171e-03,-6.88221574009313113e-06,-6.88219859227593191e-06,-3.44109929613796595e-06,-1.03233150362310967e-05,-1.03232978884138983e-05
6.50275000000000070e+00,6.50275000000000070e+00,2.36486244457595647e-02,-7.27344069441615559e-03,-7.27342261220547109e-03,-6.84393579854336769e-06,-6.84391878410766655e-06,-3.42195939205383285e-06,-1.02658951905972014e-05,-1.02658781761615002e-05
6.51000000000000068e+00,6.51000000000000068e+00,2.35959801888150286e-02,-7.24916704129041634e-03,-7.24914905954378644e-03,-6.80591107571843468e-06,-6.80589419347970942e-06,-3.40294709673985513e-06,-1.02088581724582898e-05,-1.02088412902195645e-05
6.51725000000000065e+00,6.51725000000000065e+00,2.35435115236608539e-02,-7.22500127944569748e-03,-7.22498339749460313e-03,-6.76813958863844227e-06,-6.76812283742464407e-06,-3.38406141871232161e-06,-1.01522010073507639e-05,-1.01521842561369665e-05
6.52450000000000063e+00,6.52450000000000063e+00,2.34912176702630655e-02,-7.20094281010541515e-03,-7.20092502728578859e-03,-6.73061937191355177e-06,-6.73060275056362293e-06,-3.36530137528181146e-06,-1.00959207471953632e-05,-1.00959041258454335e-05
6.53175000000000061e+00,6.53175000000000061e+00,2.34390978529143250e-02,-7.17699103847624365e-03,-7.17697335412847189e-03,-6.69334847756726085e-06,-6.69333198493105683e-06,-3.34666599246552799e-06,-1.00400144700327893e-05,-1.00399979773965853e-05
6.53900000000000059e+00,6.53900000000000059e+00,2.33871513002051612e-02,-7.15314537371503079e-03,-7.15312778718616305e-03,-6.65632497486097455e-06,-6.65630860980124098e-06,-3.32815430490062091e-06,-9.98447927976159589e-06,-9.98446291470186231e-06
6.54625000000000057e+00,6.54625000000000057e+00,2.33353772449954588e-02,-7.12940522890193051e-03,-7.12938773954415340e-03,-6.61954695012605053e-06,-6.61953071151690781e-06,-3.30976535575845348e-06,-9.92931230588450485e-06,-9.92929606727536044e-06
6.55350000000000055e+00,6.55350000000000055e+00,2.32837749243860817e-02,-7.10577002100998278e-03,-7.10575262817916484e-03,-6.58301250659412305e-06,-6.58299639331963408e-06,-3.29149819665981704e-06,-9.87451070325394009e-06,-9.87449458997945112e-06
6.56075000000000053e+00,6.56075000000000053e+00,2.32323435796908118e-02,-7.08223917087225097e-03,-7.08222187392929491e-03,-6.54671976422682235e-06,-6.54670377518217410e-06,-3.27335188759108705e-06,-9.82007165181790939e-06,-9.82005566277326030e-06
6.56800000000000050e+00,6.56800000000000050e+00,2.31810824564084340e-02,-7.05881210315273400e-03,-7.05879490146419947e-03,-6.51066685955059210e-06,-6.51065099364258437e-06,-3.25532549682129261e-06,-9.76599235637188471e-06,-9.76597649046387613e-06
6.57525000000000048e+00,6.57525000000000048e+00,2.31299908041950990e-02,-7.03548824631861081e-03,-7.03547113925557122e-03,-6.47485194549431414e-06,-6.47483620164022367e-06,-3.23741810082011268e-06,-9.71227004631442639e-06,-9.71225430246033678e-06
6.58250000000000046e+00,6.58250000000000046e+00,2.30790678768368167e-02,-7.01226703260915407e-03,-7.01225001954783583e-03,-6.43927319122541682e-06,-6.43925756835350723e-06,-3.21962878417675362e-06,-9.65890197540217043e-06,-9.65888635253026085e-06
6.58975000000000044e+00,6.58975000000000044e+00,2.30283129322222668e-02,-6.98914789800730851e-03,-6.98913097832915258e-03,-6.40392878198998745e-06,-6.40391327903948380e-06,-3.20195663951974148e-06,-9.60588542150972850e-06,-9.60586991855922571e-06
6.59700000000000042e+00,6.59700000000000042e+00,2.29777252323157093e-02,-6.96613028221237940e-03,-6.96611345530262493e-03,-6.36881691895542572e-06,-6.36880153487514064e-06,-3.18440076743756990e-06,-9.55321768639299477e-06,-9.55320230231271054e-06
6.60425000000000040e+00,6.60425000000000040e+00,2.29273040431301860e-02,-6.94321362860872426e-03,-6.94319689385779898e-03,-6.33393581905093893e-06,-6.33392055280047033e-06,-3.16696027640023559e-06,-9.50089609545117536e-06,-9.50088082920070591e-06
6.61150000000000038e+00,6.61150000000000038e+00,2.28770486347008827e-02,-6.92039738424021778e-03,-6.92038074104239006e-03,-6.29928371481480926e-06,-6.29926856536323587e-06,-3.14963428268161836e-06,-9.44891799749642762e-06,-9.44890284804485423e-06
6.61875000000000036e+00,6.61875000000000036e+00,2.28269582810587054e-02,-6.89768099977938753e-03,-6.89766444753426352e-03,-6.26485885423827118e-06,-6.26484382056544348e-06,-3.13242191028272216e-06,-9.39728076452099377e-06,-9.39726573084816521e-06
6.62600000000000033e+00,6.62600000000000033e+00,2.27770322602040831e-02,-6.87506392950076872e-03,-6.87504746761366786e-03,-6.23065950061468965e-06,-6.23064458171148898e-06,-3.11532229085574449e-06,-9.34598179147043499e-06,-9.34596687256723347e-06
6.63325000000000031e+00,6.63325000000000031e+00,2.27272698540809427e-02,-6.85254563125692329e-03,-6.85252925913570031e-03,-6.19668393239258034e-06,-6.19666912725796540e-06,-3.09833456362898270e-06,-9.29501849602156304e-06,-9.29500369088694809e-06
6.64050000000000029e+00,6.64050000000000029e+00,2.26776703485508588e-02,-6.83012556644535529e-03,-6.83010928350300667e-03,-6.16293044302178262e-06,-6.16291575066508653e-06,-3.08145787533254284e-06,-9.24438831835432588e-06,-9.24437362599762979e-06
6.64775000000000027e+00,6.64775000000000027e+00,2.26282330333674869e-02,-6.80780319998364192e-03,-6.80778700563874559e-03,-6.12939734080851350e-06,-6.12938276024975895e-06,-3.06469138012488032e-06,-9.19408872093339340e-06,-9.19407414037463970e-06
6.65500000000000025e+00,6.65500000000000025e+00,2.25789572021510947e-02,-6.78557800028545266e-03,-6.78556189395975763e-03,-6.09608294877256895e-06,-6.09606847904022948e-06,-3.04803423952011474e-06,-9.14411718829268411e-06,-9.14410271856034464e-06
6.66225000000000023e+00,6.66225000000000023e+00,2.25298421523633455e-02,-6.76344943922990716e-03,-6.76343342034998497e-03,-6.06298560449989014e-06,-6.06297124463230469e-06,-3.03148562231615234e-06,-9.09447122681604291e-06,-9.09445686694845746e-06
6.66950000000000021e+00,6.66950000000000021e+00,2.24808871852822632e-02,-6.74141699213759438e-03,-6.74140106013412180e-03,-6.03010366000249728e-06,-6.03008940904716205e-06,-3.01504470452358018e-06,-9.04514836452607746e-06,-9.04513411357074222e-06
6.67675000000000018e+00,6.67675000000000018e+00,2.24320916059773529e-02,-6.71948013774303909e-03,-6.71946429205147813e-03,-5.99743548157654888e-06,-5.99742133859065520e-06,-2.99871066929532760e-06,-8.99614615087187648e-06,-8.99613200788598280e-06
6.68400000000000016e+00,6.68400000000000016e+00,2.23834547232849880e-02,-6.69763835817027697e-03,-6.69762259823009770e-03,-5.96497944966452186e-06,-5.96496541371419559e-06,-2.98248270685709822e-06,-8.94746215652162050e-06,-8.94744812057129423e-06
6.69125000000000014e+00,6.69125000000000014e+00,2.23349758497838821e-02,-6.67589113890620922e-03,-6.67587546416107021e-03,-5.93273395871669375e-06,-5.93272002887708926e-06,-2.96636001443854463e-06,-8.89909397315523838e-06,-8.89908004331563474e-06
6.69850000000000012e+00,6.69850000000000012e+00,2.22866543017708474e-02,-6.65423796877506746e-03,-6.65422237867308985e-03,-5.90069741705490928e-06,-5.90068359241038903e-06,-2.95034179620519452e-06,-8.85103921326010464e-06,-8.85102538861558440e-06
6.70575000000000010e+00,6.70575000000000010e+00,2.22384893992366439e-02,-6.63267833991421085e-03,-6.63266283390721162e-03,-5.86886824673882031e-06,-5.86885452638220948e-06,-2.93442726319110431e-06,-8.80329550992992504e-06,-8.80328178957331421e-06
6.71300000000000008e+00,6.71300000000000008e+00,2.21904804658420926e-02,-6.61121174774748077e-03,-6.61119632529184962e-03,-5.83724488343118897e-06,-5.83723126646448779e-06,-2.91861563323224347e-06,-8.75586051666343244e-06,-8.75584689969673041e-06
6.72025000000000006e+00,6.72025000000000006e+00,2.21426268288943059e-02,-6.58983769096166405e-03,-6.58982235151796616e-03,-5.80582577626721250e-06,-5.80581226180118292e-06,-2.90290613090059146e-06,-8.70873190716780396e-06,-8.70871839270177353e-06
6.72750000000000004e+00,6.72750000000000004e+00,2.20949278193231478e-02,-6.56855567148229014e-03,-6.56854041451449943e-03,-5.77460938772447407e-06,-5.77459597487790026e-06,-2.88729798743895056e-06,-8.66190737516342505e-06,-8.66189396231685040e-06
6.73475000000000001e+00,6.73475000000000001e+00,2.20473827716578148e-02,-6.54736519444742981e-03,-6.54735001942397671e-03,-5.74359419349234294e-06,-5.74358088139289448e-06,-2.87179044069644766e-06,-8.61538463418879060e-06,-8.61537132208934299e-06
6.74199999999999999e+00,6.74199999999999999e+00,2.19999910240036602e-02,-6.52626576818438053e-03,-6.52625067457836272e-03,-5.71277868234513133e-06,-5.71276547012948430e-06,-2.85638273506474215e-06,-8.56916141740987348e-06,-8.56914820519422645e-06
6.74924999999999997e+00,6.74924999999999997e+00,2.19527519180191394e-02,-6.50525690418790603e-03,-6.50524189147509441e-03,-5.68216135601778388e-06,-5.68214824282981241e-06,-2.84107412141490621e-06,-8.52323547743268966e-06,-8.52322236424471820e-06
6.75649999999999995e+00,6.75649999999999995e+00,2.19056647988929362e-02,-6.48433811709248076e-03,-6.48432318475332999e-03,-5.65174072907748771e-06,-5.65172771406996659e-06,-2.82586385703498414e-06,-8.47760458611247185e-06,-8.47759157110495158e-06
6.76374999999999993e+00,6.76374999999999993e+00,2.18587290153213001e-02,-6.46350892465163973e-03,-6.46349407217040872e-03,-5.62151532880266621e-06,-5.62150241113644414e-06,-2.81075120556822207e-06,-8.43226653437088828e-06,-8.43225361670466706e-06
6.77099999999999991e+00,6.77099999999999991e+00,2.18119439194854881e-02,-6.44276884771444180e-03,-6.44275407457849288e-03,-5.59148369506058360e-06,-5.59147087390391319e-06,-2.79573543695195744e-06,-8.38721913201254147e-06,-8.38720631085587020e-06
6.77824999999999989e+00,6.77824999999999989e+00,2.17653088670294419e-02,-6.42211741019904636e-03,-6.42210271590143260e-03,-5.56164438018357648e-06,-5.56163165471430721e-06,-2.78081582735715403e-06,-8.34246020754073009e-06,-8.34244748207146166e-06
6.78549999999999986e+00,6.78549999999999986e+00,2.17188232170376014e-02,-6.40155413907583792e-03,-6.40153952311181291e-03,-5.53199594885470268e-06,-5.53198331825719095e-06,-2.76599165912859547e-06,-8.29798760798329730e-06,-8.29797497738578642e-06
6.79275000000000073e+00,6.79275000000000073e+00,2.16724863320128351e-02,-6.38107856434011467e-03,-6.38106402620818719e-03,-5.50253697798541275e-06,-5.50252444145139008e-06,-2.75126222072569462e-06,-8.25379919871110652e-06,-8.25378666217708385e-06
6.80000000000000071e+00,6.80000000000000071e+00,2.16262975778546661e-02,-6.36069021898810760e-03,-6.36067575819254834e-03,-5.47326605659725000e-06,-5.47325361332792536e-06,-2.73662680666396310e-06,-8.20989286326121310e-06,-8.20988041999188762e-06
6.80725000000000069e+00,6.80725000000000069e+00,2.15802563238375079e-02,-6.34038863900032723e-03,-6.34037425504792827e-03,-5.44418178571092047e-06,-5.44416943491412916e-06,-2.72208471745706416e-06,-8.16626650316798463e-06,-8.16625415237119247e-06
6.81450000000000067e+00,6.81450000000000067e+00,2.15343619425891614e-02,-6.32017336331514024e-03,-6.32015905571624032e-03,-5.41528277822800142e-06,-5.41527051911903942e-06,-2.70763525955951929e-06,-8.12291803778752113e-06,-8.12290577867855913e-06
6.82175000000000065e+00,6.82175000000000065e+00,2.14886138100694388e-02,-6.30004393380789729e-03,-6.30002970207628119e-03,-5.38656765881849938e-06,-5.38655549061998272e-06,-2.69327774530999136e-06,-8.07984540412849075e-06,-8.07983323592997408e-06
6.82900000000000063e+00,6.82900000000000063e+00,2.14430113055489452e-02,-6.27999989526828450e-03,-6.27998573892193414e-03,-5.35803506380792800e-06,-5.35802298575038229e-06,-2.67901149287519115e-06,-8.03704655668311957e-06,-8.03703447862557301e-06
6.83625000000000060e+00,6.83625000000000060e+00,2.13975538115880499e-02,-6.26004079538011737e-03,-6.26002671394055177e-03,-5.32968364106748590e-06,-5.32967165238872974e-06,-2.66483582619436487e-06,-7.99451946726185077e-06,-7.99450747858309376e-06
6.84350000000000058e+00,6.84350000000000058e+00,2.13522407140159347e-02,-6.24016618469958040e-03,-6.24015217769151222e-03,-5.30151204990394081e-06,-5.30150014984874013e-06,-2.65075007492437049e-06,-7.95226212482831046e-06,-7.95225022477310977e-06
6.85075000000000056e+00,6.85075000000000056e+00,2.13070714019099050e-02,-6.22037561663324468e-03,-6.22036168358498093e-03,-5.27351896095031480e-06,-5.27350714877067683e-06,-2.63675357438533799e-06,-7.91027253533565237e-06,-7.91026072315601524e-06
6.85800000000000054e+00,6.85800000000000054e+00,2.12620452675747543e-02,-6.20066864741719570e-03,-6.20065478786081987e-03,-5.24570305605852711e-06,-5.24569133101379861e-06,-2.62284566550689931e-06,-7.86854872156542684e-06,-7.86853699652069749e-06
6.86525000000000052e+00,6.86525000000000052e+00,2.12171617065223563e-02,-6.18104483609660527e-03,-6.18103104956770847e-03,-5.21806302819337952e-06,-5.21805138954997322e-06,-2.60902569477498661e-06,-7.82708872296836571e-06,-7.82707708432495940e-06
6.87250000000000050e+00,6.87250000000000050e+00,2.11724201174513516e-02,-6.16150374450552540e-03,-6.16149003054240838e-03,-5.19059758132770722e-06,-5.19058602835837757e-06,-2.59529301417918878e-06,-7.78589059550689516e-06,-7.78587904253756635e-06
6.87975000000000048e+00,6.87975000000000048e+00,2.11278199022270248e-02,-6.14204493724468392e-03,-6.14203129538922876e-03,-5.16330543033679870e-06,-5.16329396232132966e-06,-2.58164698116066483e-06,-7.74495241149746395e-06,-7.74494094348199407e-06
6.88700000000000045e+00,6.88700000000000045e+00,2.10833604658613033e-02,-6.12266798166172244e-03,-6.12265441145964928e-03,-5.13618530089582341e-06,-5.13617391712119621e-06,-2.56808695856059768e-06,-7.70427225945642067e-06,-7.70426087568179432e-06
6.89425000000000043e+00,6.89425000000000043e+00,2.10390412164929326e-02,-6.10337244783165644e-03,-6.10335894883212281e-03,-5.10923592937839877e-06,-5.10922462913840562e-06,-2.55461231456920239e-06,-7.66384824394760031e-06,-7.66383694370760716e-06
6.90150000000000041e+00,6.90150000000000041e+00,2.09948615653677458e-02,-6.08415790853733540e-03,-6.08414448029203671e-03,-5.08245606275605833e-06,-5.08244484535050115e-06,-2.54122242267525100e-06,-7.62367848543130933e-06,-7.62366726802575215e-06
6.90875000000000039e+00,6.90875000000000039e+00,2.09508209268191407e-02,-6.06502393924723826e-03,-6.06501058131185544e-03,-5.05584445849641728e-06,-5.05583332323227656e-06,-2.52791666161613828e-06,-7.58376112011255514e-06,-7.58374998484841527e-06
6.91600000000000037e+00,6.91600000000000037e+00,2.09069187182486620e-02,-6.04597011809837603e-03,-6.04595683003142283e-03,-5.02939988446652084e-06,-5.02938883065694266e-06,-2.51469441532847133e-06,-7.54409429979499217e-06,-7.54408324598541400e-06
6.92325000000000035e+00,6.92325000000000035e+00,2.08631543601067136e-02,-6.02699602587453143e-03,-6.02698280723842472e-03,-5.00312111883317904e-06,-5.00311014579832375e-06,-2.50155507289916187e-06,-7.50467619173234050e-06,-7.50466521869748520e-06
6.93050000000000033e+00,6.93050000000000033e+00,2.08195272758734812e-02,-6.00810124598916140e-03,-6.00808809634903115e-03,-4.97700694996809139e-06,-4.97699605703409429e-06,-2.48849802851704714e-06,-7.46550497848513811e-06,-7.46549408555114101e-06
6.93775000000000031e+00,6.93775000000000031e+00,2.07760368920398703e-02,-5.98928536446519111e-03,-5.98927228338866878e-03,-4.95105617635123425e-06,-4.95104536284999558e-06,-2.47552268142499779e-06,-7.42657885777623204e-06,-7.42656804427499336e-06
6.94500000000000028e+00,6.94500000000000028e+00,2.07326826380887369e-02,-5.97054796991414172e-03,-5.97053495697299780e-03,-4.92526760647459055e-06,-4.92525687174508154e-06,-2.46262843587254035e-06,-7.38789604234713090e-06,-7.38788530761762189e-06
6.95225000000000026e+00,6.95225000000000026e+00,2.06894639464761179e-02,-5.95188865352036522e-03,-5.95187570828900527e-03,-4.89964005875094543e-06,-4.89962940213792173e-06,-2.44981470106896087e-06,-7.34945475981990630e-06,-7.34944410320688260e-06
6.95950000000000024e+00,6.95950000000000024e+00,2.06463802526126901e-02,-5.93330700901972818e-03,-5.93329413107628132e-03,-4.87417236141894659e-06,-4.87416178227380459e-06,-2.43708089113690187e-06,-7.31125325255584846e-06,-7.31124267341070646e-06
6.96675000000000022e+00,6.96675000000000022e+00,2.06034309948453301e-02,-5.91480263268318041e-03,-5.91478982160844897e-03,-4.84886335245301811e-06,-4.84885285013288520e-06,-2.42442642506644218e-06,-7.27328977751946071e-06,-7.27327927519932696e-06
6.97400000000000020e+00,6.97400000000000020e+00,2.05606156144387854e-02,-5.89637512329788116e-03,-5.89636237867473007e-03,-4.82371187947209601e-06,-4.82370145333929276e-06,-2.41185072666964681e-06,-7.23556260614174239e-06,-7.23555218000893914e-06
6.98125000000000018e+00,6.98125000000000018e+00,2.05179335555575118e-02,-5.87802408214588290e-03,-5.87801140356168650e-03,-4.79871679964718480e-06,-4.79870644907118750e-06,-2.39935322453559375e-06,-7.19807002418277812e-06,-7.19805967360678083e-06
6.98850000000000016e+00,6.98850000000000016e+00,2.04753842652476703e-02,-5.85974911299014245e-03,-5.85973650003510614e-03,-4.77387697961571817e-06,-4.77386670397173924e-06,-2.38693335198586920e-06,-7.16081033160158779e-06,-7.16080005595760802e-06
6.99575000000000014e+00,6.99575000000000014e+00,2.04329671934191555e-02,-5.84154982205586926e-03,-5.84153727432202511e-03,-4.74919129539288571e-06,-4.74918109406101900e-06,-2.37459054703050992e-06,-7.12378184242339564e-06,-7.12377164109152892e-06
7.00300000000000011e+00,7.00300000000000011e+00,2.03906817928278597e-02,-5.82342581800965320e-03,-5.82341333509291993e-03,-4.72465863228197104e-06,-4.72464850464883171e-06,-2.36232425232441585e-06,-7.08698288460638690e-06,-7.08697275697324756e-06
7.01025000000000009e+00,7.01025000000000009e+00,2.03485275190580170e-02,-5.80537671194480964e-03,-5.80536429344403332e-03,-4.70027788479050911e-06,-4.70026783024840862e-06,-2.35013391512420431e-06,-7.05041179991471300e-06,-7.05040174537261250e-06
7.01750000000000007e+00,7.01750000000000007e+00,2.03065038305046616e-02,-5.78740211736361587e-03,-5.78738976287984652e-03,-4.67604795654469607e-06,-4.67603797449101960e-06,-2.33801898724550938e-06,-7.01406694379020503e-06,-7.01405696173652855e-06
7.02475000000000005e+00,7.02475000000000005e+00,2.02646101883562427e-02,-5.76950165015777117e-03,-5.76948935929570261e-03,-4.65196776020311388e-06,-4.65195785004144689e-06,-2.32597892502072387e-06,-6.97794668522383733e-06,-6.97793677506217034e-06
7.03200000000000003e+00,7.03200000000000003e+00,2.02228460565773739e-02,-5.75167492859285368e-03,-5.75166270096057284e-03,-4.62803621737446646e-06,-4.62802637851435161e-06,-2.31401318925717581e-06,-6.94204940663164227e-06,-6.94203956777152742e-06
7.03925000000000001e+00,7.03925000000000001e+00,2.01812109018916462e-02,-5.73392157329322139e-03,-5.73390940849995232e-03,-4.60425225853638059e-06,-4.60424249039146101e-06,-2.30212124519573051e-06,-6.90637350373211152e-06,-6.90636373558719195e-06
7.04649999999999999e+00,7.04649999999999999e+00,2.01397041937646203e-02,-5.71624120722091789e-03,-5.71622910487891000e-03,-4.58061482295013508e-06,-4.58060512493964433e-06,-2.29030256246982217e-06,-6.87091738541995767e-06,-6.87090768740946608e-06
7.05374999999999996e+00,7.05374999999999996e+00,2.00983254043869443e-02,-5.69863345565968515e-03,-5.69862141538527572e-03,-4.55712285858024009e-06,-4.55711323012981191e-06,-2.27855661506490638e-06,-6.83567947364514605e-06,-6.83566984519471787e-06
7.06099999999999994e+00,7.06099999999999994e+00,2.00570740086575550e-02,-5.68109794620119679e-03,-5.68108596761296002e-03,-4.53377532201649910e-06,-4.53376576255664528e-06,-2.26688288127832264e-06,-6.80065820329482174e-06,-6.80064864383496792e-06
7.06824999999999992e+00,7.06824999999999992e+00,2.00159494841670275e-02,-5.66363430872640627e-03,-5.66362239144541525e-03,-4.51057117839286226e-06,-4.51056168735914885e-06,-2.25528084367957485e-06,-6.76585202207243711e-06,-6.76584253103872370e-06
7.07549999999999990e+00,7.07549999999999990e+00,1.99749513111810231e-02,-5.64624217538911566e-03,-5.64623031903922681e-03,-4.48750940130878197e-06,-4.48749997814202153e-06,-2.24374998907101034e-06,-6.73125939037979232e-06,-6.73124996721303188e-06
7.08274999999999988e+00,7.08274999999999988e+00,1.99340789726238851e-02,-5.62892118060021041e-03,-5.62890938480784583e-03,-4.46458897275177712e-06,-4.46457961689781698e-06,-2.23228980844890849e-06,-6.69687878120068603e-06,-6.69686942534672589e-06
7.09000000000000075e+00,7.09000000000000075e+00,1.98933319540623120e-02,-5.61167096101100604e-03,-5.61165922540544666e-03,-4.44180888301998713e-06,-4.44179959392991352e-06,-2.22089979696495676e-06,-6.66270867998494389e-06,-6.66269939089487027e-06
7.09725000000000072e+00,7.09725000000000072e+00,1.98527097436892210e-02,-5.59449115549792708e-03,-5.59447947971093533e-03,-4.41916813064647522e-06,-4.41915890777627275e-06,-2.20957945388813638e-06,-6.62874758453461118e-06,-6.62873836166440871e-06
7.10450000000000070e+00,7.10450000000000070e+00,1.98122118323075906e-02,-5.57738140514607572e-03,-5.57736978881204562e-03,-4.39666572232329611e-06,-4.39665656513393758e-06,-2.19832828256696879e-06,-6.59499400489026490e-06,-6.59498484770090637e-06
7.11175000000000068e+00,7.11175000000000068e+00,1.97718377133146023e-02,-5.56034135323346668e-03,-5.56032979598962331e-03,-4.37430067282678769e-06,-4.37429158078435520e-06,-2.18714579039217802e-06,-6.56144646321896571e-06,-6.56143737117653322e-06
7.11900000000000066e+00,7.11900000000000066e+00,1.97315868826857081e-02,-5.54337064521592815e-03,-5.54335914670198247e-03,-4.35207200494402573e-06,-4.35206297751940491e-06,-2.17603148875970246e-06,-6.52810349370372861e-06,-6.52809446627910779e-06
7.12625000000000064e+00,7.12625000000000064e+00,1.96914588389589702e-02,-5.52646892871133666e-03,-5.52645748856943515e-03,-4.32997874939941408e-06,-4.32996978606822377e-06,-2.16498489303411146e-06,-6.49496364243352555e-06,-6.49495467910233523e-06
7.13350000000000062e+00,7.13350000000000062e+00,1.96514530832193925e-02,-5.50963585348429596e-03,-5.50962447135890966e-03,-4.30801994478226247e-06,-4.30801104502473191e-06,-2.15400552251236595e-06,-6.46202546729462800e-06,-6.46201656753709828e-06
7.14075000000000060e+00,7.14075000000000060e+00,1.96115691190834503e-02,-5.49287107142926168e-03,-5.49285974696872136e-03,-4.28619463747378752e-06,-4.28618580077592780e-06,-2.14309290038796432e-06,-6.42928753786175142e-06,-6.42927870116389170e-06
7.14800000000000058e+00,7.14800000000000058e+00,1.95718064526836689e-02,-5.47617423656010516e-03,-5.47616296941344938e-03,-4.26450188157978129e-06,-4.26449310743088829e-06,-2.13224655371544414e-06,-6.39674843529522543e-06,-6.39673966114633243e-06
7.15525000000000055e+00,7.15525000000000055e+00,1.95321645926533269e-02,-5.45954500498946338e-03,-5.45953379480893734e-03,-4.24294073885590798e-06,-4.24293202675048515e-06,-2.12146601337524258e-06,-6.36440675223115056e-06,-6.36439804012572773e-06
7.16250000000000053e+00,7.16250000000000053e+00,1.94926430501113218e-02,-5.44298303491741464e-03,-5.44297188135743713e-03,-4.22151027864091379e-06,-4.22150162807783357e-06,-2.11075081403891636e-06,-6.33226109267982972e-06,-6.33225244211675035e-06
7.16975000000000051e+00,7.16975000000000051e+00,1.94532413386470267e-02,-5.42648798661482523e-03,-5.42647688933282912e-03,-4.20020957778628411e-06,-4.20020098826940965e-06,-2.10010049413470525e-06,-6.30031007192098936e-06,-6.30030148240411490e-06
7.17700000000000049e+00,7.17700000000000049e+00,1.94139589743054057e-02,-5.41005952240958266e-03,-5.41004848106601752e-03,-4.17903772058874779e-06,-4.17902919162690332e-06,-2.08951459581345166e-06,-6.26855231640219987e-06,-6.26854378744035455e-06
7.18425000000000047e+00,7.18425000000000047e+00,1.93747954755720854e-02,-5.39369730667460523e-03,-5.39368632093039160e-03,-4.15799379872474044e-06,-4.15798532982970972e-06,-2.07899266491485486e-06,-6.23698646363959572e-06,-6.23697799474456501e-06
7.19150000000000045e+00,7.19150000000000045e+00,1.93357503633586267e-02,-5.37740100580785807e-03,-5.37739007532743538e-03,-4.13707691117928421e-06,-4.13706850186814327e-06,-2.06853425093407164e-06,-6.20561116211335585e-06,-6.20560275280221491e-06
7.19875000000000043e+00,7.19875000000000043e+00,1.92968231609878735e-02,-5.36117028822213904e-03,-5.36115941267244211e-03,-4.11628616418300155e-06,-4.11627781397729282e-06,-2.05813890698864683e-06,-6.17442507117164838e-06,-6.17441672096593965e-06
7.20600000000000041e+00,7.20600000000000041e+00,1.92580133941794053e-02,-5.34500482432953561e-03,-5.34499400338035117e-03,-4.09562067114558583e-06,-4.09561237957156124e-06,-2.04780618978578062e-06,-6.14342686093136603e-06,-6.14341856935734143e-06
7.21325000000000038e+00,7.21325000000000038e+00,1.92193205910350939e-02,-5.32890428652965653e-03,-5.32889351985168722e-03,-4.07507955259273725e-06,-4.07507131917984711e-06,-2.03753565958992356e-06,-6.11261521218266038e-06,-6.11260697876977024e-06
7.22050000000000036e+00,7.22050000000000036e+00,1.91807442820247261e-02,-5.31286834919209028e-03,-5.31285763645861827e-03,-4.05466193609924039e-06,-4.05465376038138197e-06,-2.02732688019069099e-06,-6.08198881628993138e-06,-6.08198064057207296e-06
7.22775000000000034e+00,7.22775000000000034e+00,1.91422839999718097e-02,-5.29689668864374852e-03,-5.29688602953112906e-03,-4.03436695622634738e-06,-4.03435883774221214e-06,-2.01717941887110607e-06,-6.05154637509745345e-06,-6.05153825661331820e-06
7.23500000000000032e+00,7.23500000000000032e+00,1.91039392800393913e-02,-5.28098898315665366e-03,-5.28097837734330111e-03,-4.01419375446004608e-06,-4.01418569275231329e-06,-2.00709284637615622e-06,-6.02128660083620188e-06,-6.02127853912846909e-06
7.24225000000000030e+00,7.24225000000000030e+00,1.90657096597160389e-02,-5.26514491293328390e-03,-5.26513436009970297e-03,-3.99414147914799341e-06,-3.99413347376333190e-06,-1.99706673688166595e-06,-5.99120821602965935e-06,-5.99120021064499784e-06
7.24950000000000028e+00,7.24950000000000028e+00,1.90275946788018568e-02,-5.24936416009347262e-03,-5.24935365992188624e-03,-3.97420928543819271e-06,-3.97420133592694741e-06,-1.98710066796347413e-06,-5.96130995340166726e-06,-5.96130200389042111e-06
7.25675000000000026e+00,7.25675000000000026e+00,1.89895938793946846e-02,-5.23364640865930930e-03,-5.23363596083499787e-03,-3.95439633521667244e-06,-3.95438844113385883e-06,-1.97719422056692899e-06,-5.93159055578360101e-06,-5.93158266170078825e-06
7.26400000000000023e+00,7.26400000000000023e+00,1.89517068058762984e-02,-5.21799134454381530e-03,-5.21798094875448697e-03,-3.93470179704856575e-06,-3.93469395795335654e-06,-1.96734697897667869e-06,-5.90204877602524444e-06,-5.90204093693003523e-06
7.27125000000000021e+00,7.27125000000000021e+00,1.89139330048987975e-02,-5.20239865553850933e-03,-5.20238831147293735e-03,-3.91512484611885622e-06,-3.91511706157353105e-06,-1.95755853078676552e-06,-5.87268337690562175e-06,-5.87267559236029657e-06
7.27850000000000019e+00,7.27850000000000019e+00,1.88762720253709895e-02,-5.18686803129764229e-03,-5.18685773864697129e-03,-3.89566466417112391e-06,-3.89565693374203324e-06,-1.94782846687101620e-06,-5.84349313104213968e-06,-5.84348540061304986e-06
7.28575000000000017e+00,7.28575000000000017e+00,1.88387234184449817e-02,-5.17139916332576277e-03,-5.17138892178429978e-03,-3.87632043944933211e-06,-3.87631276270745798e-06,-1.93815638135372942e-06,-5.81447682080306195e-06,-5.81446914406118698e-06
7.29300000000000015e+00,7.29300000000000015e+00,1.88012867375027676e-02,-5.15599174496728097e-03,-5.15598155423084223e-03,-3.85709136664160724e-06,-3.85708374316129868e-06,-1.92854187158064934e-06,-5.78563323822225616e-06,-5.78562561474194844e-06
7.30025000000000013e+00,7.30025000000000013e+00,1.87639615381429564e-02,-5.14064547139203576e-03,-5.14063533115796233e-03,-3.83797664682150139e-06,-3.83796907618046332e-06,-1.91898453809023166e-06,-5.75696118491173347e-06,-5.75695361427069456e-06
7.30750000000000011e+00,7.30750000000000011e+00,1.87267473781675825e-02,-5.12536003958130593e-03,-5.12534994954980030e-03,-3.81897548739010854e-06,-3.81896796917037596e-06,-1.90948398458518798e-06,-5.72845947197529695e-06,-5.72845195375556352e-06
7.31475000000000009e+00,7.31475000000000009e+00,1.86896438175690287e-02,-5.11013514831737403e-03,-5.11012510819071862e-03,-3.80008710202131840e-06,-3.80007963580864517e-06,-1.90003981790432237e-06,-5.70012691992564077e-06,-5.70011945371296797e-06
7.32200000000000006e+00,7.32200000000000006e+00,1.86526504185169813e-02,-5.09497049817131398e-03,-5.09496050765282163e-03,-3.78131071060620391e-06,-3.78130329598926111e-06,-1.89065164799463077e-06,-5.67196235860083446e-06,-5.67195494398389209e-06
7.32925000000000004e+00,7.32925000000000004e+00,1.86157667453455446e-02,-5.07986579148722583e-03,-5.07985585028360165e-03,-3.76264553919527741e-06,-3.76263817576738292e-06,-1.88131908788369146e-06,-5.64396462707896909e-06,-5.64395726365107459e-06
7.33650000000000002e+00,7.33650000000000002e+00,1.85789923645404177e-02,-5.06482073237402020e-03,-5.06481084019366670e-03,-3.74409081994680381e-06,-3.74408350730463780e-06,-1.87204175365231911e-06,-5.61613257359912313e-06,-5.61612526095695670e-06
7.34375000000000000e+00,7.34375000000000000e+00,1.85423268447261202e-02,-5.04983502669165141e-03,-5.04982518324456012e-03,-3.72564579107146771e-06,-3.72563852881497186e-06,-1.86281926440748614e-06,-5.58846505547895385e-06,-5.58845779322245842e-06
7.35099999999999998e+00,7.35099999999999998e+00,1.85057697566533876e-02,-5.03490838203846103e-03,-5.03489858703669909e-03,-3.70730969677832722e-06,-3.70730248451104099e-06,-1.85365124225552071e-06,-5.56096093903384793e-06,-5.56095372676656212e-06
7.35824999999999996e+00,7.35824999999999996e+00,1.84693206731865629e-02,-5.02004050773963151e-03,-5.02003076089737720e-03,-3.68908178722204849e-06,-3.68907462455111249e-06,-1.84453731227555603e-06,-5.53361909949760452e-06,-5.53361193682666852e-06
7.36549999999999994e+00,7.36549999999999994e+00,1.84329791692911631e-02,-5.00523111483563987e-03,-5.00522141586889208e-03,-3.67096131845058654e-06,-3.67095420498650410e-06,-1.83547710249325226e-06,-5.50643842094383902e-06,-5.50643130747975658e-06
7.37274999999999991e+00,7.37274999999999991e+00,1.83967448220214470e-02,-4.99047991606982322e-03,-4.99047026469674054e-03,-3.65294755235266335e-06,-3.65294048770952838e-06,-1.82647024385476419e-06,-5.47941779620742754e-06,-5.47941073156429215e-06
7.37999999999999989e+00,7.37999999999999989e+00,1.83606172105081518e-02,-4.97578662587727649e-03,-4.97577702181792748e-03,-3.63503975660666378e-06,-3.63503274040195451e-06,-1.81751637020097683e-06,-5.45255612680764039e-06,-5.45254911060293113e-06
7.38725000000000076e+00,7.38725000000000076e+00,1.83245959159462207e-02,-4.96115096037308412e-03,-4.96114140334934315e-03,-3.61723720462948326e-06,-3.61723023648396271e-06,-1.80861511824198136e-06,-5.42585232287146440e-06,-5.42584535472594428e-06
7.39450000000000074e+00,7.39450000000000074e+00,1.82886805215827369e-02,-4.94657263733988550e-03,-4.94656312707626895e-03,-3.59953917552532298e-06,-3.59953225506362808e-06,-1.79976612753181404e-06,-5.39930530305713702e-06,-5.39929838259544169e-06
7.40175000000000072e+00,7.40175000000000072e+00,1.82528706127047941e-02,-4.93205137621943734e-03,-4.93204191244092042e-03,-3.58194495403782190e-06,-3.58193808088685115e-06,-1.79096904044342557e-06,-5.37291399448124726e-06,-5.37290712133027651e-06
7.40900000000000070e+00,7.40900000000000070e+00,1.82171657766275578e-02,-4.91758689809640437e-03,-4.91757748053112554e-03,-3.56445383049695671e-06,-3.56444700428781625e-06,-1.78222350214390833e-06,-5.34667733264086462e-06,-5.34667050643172458e-06
7.41625000000000068e+00,7.41625000000000068e+00,1.81815656026823938e-02,-4.90317892569192004e-03,-4.90316955406907597e-03,-3.54706510077347144e-06,-3.54705832113992497e-06,-1.77352916056996248e-06,-5.32059426134343350e-06,-5.32058748170988745e-06
7.42350000000000065e+00,7.42350000000000065e+00,1.81460696822050224e-02,-4.88882718335026389e-03,-4.88881785740015364e-03,-3.52977806622870897e-06,-3.52977133280719259e-06,-1.76488566640359651e-06,-5.29466373263230548e-06,-5.29465699921078910e-06
7.43075000000000063e+00,7.43075000000000063e+00,1.81106776085238168e-02,-4.87453139702487270e-03,-4.87452211648186674e-03,-3.51259203366439258e-06,-3.51258534609613743e-06,-1.75629267304806872e-06,-5.26888470671246130e-06,-5.26887801914420615e-06
7.43800000000000061e+00,7.43800000000000061e+00,1.80753889769481625e-02,-4.86029129427367756e-03,-4.86028205887285847e-03,-3.49550631527954455e-06,-3.49549967320812681e-06,-1.74774983660406361e-06,-5.24325615188360796e-06,-5.24324950981219021e-06
7.44525000000000059e+00,7.44525000000000059e+00,1.80402033847568491e-02,-4.84610660424400486e-03,-4.84609741372199650e-03,-3.47852022862026225e-06,-3.47851363169218582e-06,-1.73925681584609291e-06,-5.21777704446635473e-06,-5.21777044753827873e-06
7.45250000000000057e+00,7.45250000000000057e+00,1.80051204311866241e-02,-4.83197705766258423e-03,-4.83196791175756393e-03,-3.46163309653358609e-06,-3.46162654439827210e-06,-1.73081327219913584e-06,-5.19244636873272172e-06,-5.19243981659740816e-06
7.45975000000000055e+00,7.45975000000000055e+00,1.79701397174207404e-02,-4.81790238682466843e-03,-4.81789328527651439e-03,-3.44484424712111907e-06,-3.44483773943099178e-06,-1.72241886971549568e-06,-5.16726311683661454e-06,-5.16725660914648767e-06
7.46700000000000053e+00,7.46700000000000053e+00,1.79352608465776671e-02,-4.80388232558248696e-03,-4.80387326813383302e-03,-3.42815301369256016e-06,-3.42814655010378010e-06,-1.71407327505189026e-06,-5.14222628874445063e-06,-5.14221982515567015e-06
7.47425000000000050e+00,7.47425000000000050e+00,1.79004834236997958e-02,-4.78991660933658636e-03,-4.78990759573195805e-03,-3.41155873472168657e-06,-3.41155231489351229e-06,-1.70577615744675594e-06,-5.11733489216844272e-06,-5.11732847234026844e-06
7.48150000000000048e+00,7.48150000000000048e+00,1.78658070557422867e-02,-4.77600497502583821e-03,-4.77599600501030144e-03,-3.39506075380175199e-06,-3.39505437739555708e-06,-1.69752718869777833e-06,-5.09258794249953074e-06,-5.09258156609333583e-06
7.48875000000000046e+00,7.48875000000000046e+00,1.78312313515619214e-02,-4.76214716111456049e-03,-4.76213823443483088e-03,-3.37865841959921481e-06,-3.37865208627926336e-06,-1.68932604313963147e-06,-5.06798446273884670e-06,-5.06797812941889525e-06
7.49600000000000044e+00,7.49600000000000044e+00,1.77967559219061253e-02,-4.74834290758208155e-03,-4.74833402398775958e-03,-3.36235108580958149e-06,-3.36234479524388360e-06,-1.68117239762194201e-06,-5.04352348343152329e-06,-5.04351719286582583e-06
7.50325000000000042e+00,7.50325000000000042e+00,1.77623803794019798e-02,-4.73459195591563464e-03,-4.73458311515729310e-03,-3.34613811111597946e-06,-3.34613186297491649e-06,-1.67306593148745782e-06,-5.01920404260343749e-06,-5.01919779446237452e-06
7.51050000000000040e+00,7.51050000000000040e+00,1.77281043385453495e-02,-4.72089404909747934e-03,-4.72088525092746129e-03,-3.33001885914399539e-06,-3.33001265310086462e-06,-1.66500632655043231e-06,-4.99502518569442791e-06,-4.99501897965129714e-06
7.51775000000000038e+00,7.51775000000000038e+00,1.76939274156900674e-02,-4.70724893159646385e-03,-4.70724017576803350e-03,-3.31399269842002112e-06,-3.31398653415042163e-06,-1.65699326707521082e-06,-4.97098596549523236e-06,-4.97097980122563203e-06
7.52500000000000036e+00,7.52500000000000036e+00,1.76598492290372007e-02,-4.69365634935470233e-03,-4.69364763562450486e-03,-3.29805900232651168e-06,-3.29805287951005877e-06,-1.64902643975502938e-06,-4.94708544208154127e-06,-4.94707931926508794e-06
7.53225000000000033e+00,7.53225000000000033e+00,1.76258693986244240e-02,-4.68011604978224582e-03,-4.68010737790817456e-03,-3.28221714906323392e-06,-3.28221106738203442e-06,-1.64110553369101700e-06,-4.92332268275425050e-06,-4.92331660107305100e-06
7.53950000000000031e+00,7.53950000000000031e+00,1.75919875463153609e-02,-4.66662778174620207e-03,-4.66661915148626830e-03,-3.26646652160493143e-06,-3.26646048074277863e-06,-1.63323024037138932e-06,-4.89969676197632096e-06,-4.89969072111416774e-06
7.54675000000000029e+00,7.54675000000000029e+00,1.75582032957891064e-02,-4.65319129555719080e-03,-4.65318270667217180e-03,-3.25080650765749563e-06,-3.25080050730170986e-06,-1.62540025365085493e-06,-4.87620676130835077e-06,-4.87620076095256500e-06
7.55400000000000027e+00,7.55400000000000027e+00,1.75245162725297804e-02,-4.63980634296357053e-03,-4.63979779521572159e-03,-3.23523649961992002e-06,-3.23523053946042497e-06,-1.61761526973021227e-06,-4.85285176935013251e-06,-4.85284580919063746e-06
7.56125000000000025e+00,7.56125000000000025e+00,1.74909261038161332e-02,-4.62647267714055843e-03,-4.62646417029357118e-03,-3.21975589454300567e-06,-3.21974997427228475e-06,-1.60987498713614238e-06,-4.82963088167914847e-06,-4.82962496140842713e-06
7.56850000000000023e+00,7.56850000000000023e+00,1.74574324187112412e-02,-4.61319005268001625e-03,-4.61318158649963450e-03,-3.20436409408888188e-06,-3.20435821340238947e-06,-1.60217910670119452e-06,-4.80654320079007640e-06,-4.80653732010358399e-06
7.57575000000000021e+00,7.57575000000000021e+00,1.74240348480522722e-02,-4.59995822558245671e-03,-4.59994979983559954e-03,-3.18906050449239801e-06,-3.18905466308793183e-06,-1.59452733154396570e-06,-4.78358783603636371e-06,-4.78358199463189753e-06
7.58300000000000018e+00,7.58300000000000018e+00,1.73907330244402955e-02,-4.58677695324727352e-03,-4.58676856770151489e-03,-3.17384453652160393e-06,-3.17383873409893018e-06,-1.58691936704946530e-06,-4.76076390357106902e-06,-4.76075810114839569e-06
7.59025000000000016e+00,7.59025000000000016e+00,1.73575265822301893e-02,-4.57364599446075104e-03,-4.57363764888644997e-03,-3.15871560543702379e-06,-3.15870984169933788e-06,-1.57935492084966894e-06,-4.73807052628669230e-06,-4.73806476254900639e-06
7.59750000000000014e+00,7.59750000000000014e+00,1.73244151575206173e-02,-4.56056510938918080e-03,-4.56055680355922817e-03,-3.14367313095479270e-06,-3.14366740560851979e-06,-1.57183370280425990e-06,-4.71550683375905217e-06,-4.71550110841277969e-06
7.60475000000000012e+00,7.60475000000000012e+00,1.72913983881440442e-02,-4.54753405957242229e-03,-4.54752579325922411e-03,-3.12871653721039998e-06,-3.12871084996309941e-06,-1.56435542498154992e-06,-4.69307196219195011e-06,-4.69306627494464954e-06
7.61200000000000010e+00,7.61200000000000010e+00,1.72584759136568157e-02,-4.53455260791013615e-03,-4.53454438088723467e-03,-3.11384525271768930e-06,-3.11383960327916250e-06,-1.55691980163958104e-06,-4.67076505435727077e-06,-4.67075940491874354e-06
7.61925000000000008e+00,7.61925000000000008e+00,1.72256473753293476e-02,-4.52162051865201420e-03,-4.52161233069641941e-03,-3.09905871033095064e-06,-3.09905309841482424e-06,-1.54952654920741233e-06,-4.64858525953836297e-06,-4.64857964762223657e-06
7.62650000000000006e+00,7.62650000000000006e+00,1.71929124161363626e-02,-4.50873755739444881e-03,-4.50872940828331813e-03,-3.08435634721172880e-06,-3.08435077253315875e-06,-1.54217538626657916e-06,-4.62653173347830797e-06,-4.62652615879973791e-06
7.63375000000000004e+00,7.63375000000000004e+00,1.71602706807471306e-02,-4.49590349106632203e-03,-4.49589538057891102e-03,-3.06973760478846237e-06,-3.06973206706545572e-06,-1.53486603353272765e-06,-4.60460363832118959e-06,-4.60459810059818337e-06
7.64100000000000001e+00,7.64100000000000001e+00,1.71277218155158999e-02,-4.48311808792190014e-03,-4.48311001583978543e-03,-3.05520192872130975e-06,-3.05519642767485936e-06,-1.52759821383742947e-06,-4.58280014255873964e-06,-4.58279464151228883e-06
7.64824999999999999e+00,7.64824999999999999e+00,1.70952654684722628e-02,-4.47038111753528256e-03,-4.47037308363933301e-03,-3.04074876886831914e-06,-3.04074330422032250e-06,-1.52037165211016104e-06,-4.56112042097847997e-06,-4.56111495633048333e-06
7.65549999999999997e+00,7.65549999999999997e+00,1.70629012893116390e-02,-4.45769235078574688e-03,-4.45768435485902666e-03,-3.02637757924568151e-06,-3.02637215072090967e-06,-1.51318607536045462e-06,-4.53956365460613614e-06,-4.53955822608136386e-06
7.66274999999999995e+00,7.66274999999999995e+00,1.70306289293858694e-02,-4.44505155985153166e-03,-4.44504360167978074e-03,-3.01208781799404832e-06,-3.01208242532045122e-06,-1.50604121266022540e-06,-4.51812903065427414e-06,-4.51812363798067704e-06
7.66999999999999993e+00,7.66999999999999993e+00,1.69984480416937936e-02,-4.43245851820361914e-03,-4.43245059757334942e-03,-2.99787894734511351e-06,-2.99787359025251179e-06,-1.49893679512625568e-06,-4.49681574247136919e-06,-4.49681038537876747e-06
7.67724999999999991e+00,7.67724999999999991e+00,1.69663582808719168e-02,-4.41991300059596526e-03,-4.41990511729380142e-03,-2.98375043358606655e-06,-2.98374511180569538e-06,-1.49187255590284769e-06,-4.47562298948891445e-06,-4.47561766770854285e-06
7.68450000000000077e+00,7.68450000000000077e+00,1.69343593031851467e-02,-4.40741478305417544e-03,-4.40740693686905976e-03,-2.96970174702329363e-06,-2.96969646028928038e-06,-1.48484823014464019e-06,-4.45454997716793339e-06,-4.45454469043392099e-06
7.69175000000000075e+00,7.69175000000000075e+00,1.69024507665176300e-02,-4.39496364286839913e-03,-4.39495583359251867e-03,-2.95573236194921593e-06,-2.95572710999918411e-06,-1.47786355499959205e-06,-4.43359591694880756e-06,-4.43359066499877573e-06
7.69900000000000073e+00,7.69900000000000073e+00,1.68706323303635559e-02,-4.38255935859044321e-03,-4.38255158601469092e-03,-2.94184175661222589e-06,-2.94183653918422715e-06,-1.47091826959211379e-06,-4.41276002620433989e-06,-4.41275480877634115e-06
7.70625000000000071e+00,7.70625000000000071e+00,1.68389036558180688e-02,-4.37020171001822888e-03,-4.37019397393494016e-03,-2.92802941317838306e-06,-2.92802423001272728e-06,-1.46401211500636385e-06,-4.39204152818474670e-06,-4.39203634501909092e-06
7.71350000000000069e+00,7.71350000000000069e+00,1.68072644055682931e-02,-4.35789047818846420e-03,-4.35788277839328254e-03,-2.91429481769892451e-06,-2.91428966853941514e-06,-1.45714483426970757e-06,-4.37143965196863229e-06,-4.37143450280912249e-06
7.72075000000000067e+00,7.72075000000000067e+00,1.67757142438843369e-02,-4.34562544537331341e-03,-4.34561778166223101e-03,-2.90063746008070970e-06,-2.90063234467264520e-06,-1.45031617233632260e-06,-4.35095363241703230e-06,-4.35094851700896738e-06
7.72800000000000065e+00,7.72800000000000065e+00,1.67442528366103793e-02,-4.33340639506862857e-03,-4.33339876723871052e-03,-2.88705683405127151e-06,-2.88705175214191757e-06,-1.44352587607095900e-06,-4.33058271012223093e-06,-4.33057762821287657e-06
7.73525000000000063e+00,7.73525000000000063e+00,1.67128798511558437e-02,-4.32123311198595594e-03,-4.32122551983603418e-03,-2.87355243712667002e-06,-2.87354738846571020e-06,-1.43677369423285510e-06,-4.31032613135952491e-06,-4.31032108269856509e-06
7.74250000000000060e+00,7.74250000000000060e+00,1.66815949564865819e-02,-4.30910538204676286e-03,-4.30909782537593298e-03,-2.86012377058107898e-06,-2.86011875491960165e-06,-1.43005937745980061e-06,-4.29018314804087981e-06,-4.29017813237940204e-06
7.74975000000000058e+00,7.74975000000000058e+00,1.66503978231161628e-02,-4.29702299237111340e-03,-4.29701547098065417e-03,-2.84677033941293923e-06,-2.84676535650470046e-06,-1.42338267825235002e-06,-4.27015301766528883e-06,-4.27014803475705048e-06
7.75700000000000056e+00,7.75700000000000056e+00,1.66192881230972020e-02,-4.28498573127211735e-03,-4.28497824496511595e-03,-2.83349165231520749e-06,-2.83348670191636682e-06,-1.41674335095818362e-06,-4.25023500327339132e-06,-4.25023005287455023e-06
7.76425000000000054e+00,7.76425000000000054e+00,1.65882655300127191e-02,-4.27299338824838060e-03,-4.27298593682911253e-03,-2.82028722164452562e-06,-2.82028230351322170e-06,-1.41014115175661064e-06,-4.23042837340113668e-06,-4.23042345526983191e-06
7.77150000000000052e+00,7.77150000000000052e+00,1.65573297189675998e-02,-4.26104575397667773e-03,-4.26103833724959108e-03,-2.80715656339077915e-06,-2.80715167728644657e-06,-1.40357583864322328e-06,-4.21073240203400222e-06,-4.21072751592966964e-06
7.77875000000000050e+00,7.77875000000000050e+00,1.65264803665800576e-02,-4.24914262030218204e-03,-4.24913523807296956e-03,-2.79409919714530131e-06,-2.79409434282936985e-06,-1.39704717141468514e-06,-4.19114636855998624e-06,-4.19114151424405478e-06
7.78600000000000048e+00,7.78600000000000048e+00,1.64957171509732201e-02,-4.23728378023002783e-03,-4.23727643230753081e-03,-2.78111464607020709e-06,-2.78110982330733965e-06,-1.39055491165367004e-06,-4.17166955772387670e-06,-4.17166473496100927e-06
7.79325000000000045e+00,7.79325000000000045e+00,1.64650397517667225e-02,-4.22546902792308998e-03,-4.22546171411586260e-03,-2.76820243687204961e-06,-2.76819764542786753e-06,-1.38409882271393376e-06,-4.15230125958598295e-06,-4.15229646814180129e-06
7.80050000000000043e+00,7.80050000000000043e+00,1.64344478500683365e-02,-4.21369815868977149e-03,-4.21369087880734197e-03,-2.75536209976914802e-06,-2.75535733941105350e-06,-1.37767866970552654e-06,-4.13304076947467477e-06,-4.13303600911658025e-06
7.80775000000000041e+00,7.80775000000000041e+00,1.64039411284657190e-02,-4.20197096897645395e-03,-4.20196372283070455e-03,-2.74259316846222334e-06,-2.74258843896028802e-06,-1.37129421948014422e-06,-4.11388738794236799e-06,-4.11388265844043182e-06
7.81500000000000039e+00,7.81500000000000039e+00,1.63735192710181762e-02,-4.19028725636372279e-03,-4.19028004376664764e-03,-2.72989518010773983e-06,-2.72989048123322670e-06,-1.36494524061661335e-06,-4.09484042072435276e-06,-4.09483572184984048e-06
7.82225000000000037e+00,7.82225000000000037e+00,1.63431819632484480e-02,-4.17864681955437689e-03,-4.17863964032048289e-03,-2.71726767528609889e-06,-2.71726300681301745e-06,-1.35863150340650872e-06,-4.07589917869260740e-06,-4.07589451021952638e-06
7.82950000000000035e+00,7.82950000000000035e+00,1.63129288921346378e-02,-4.16704945837054197e-03,-4.16704231231487029e-03,-2.70471019797601717e-06,-2.70470555967982109e-06,-1.35235277983991054e-06,-4.05706297781592771e-06,-4.05705833951973205e-06
7.83675000000000033e+00,7.83675000000000033e+00,1.62827597461020733e-02,-4.15549497374501087e-03,-4.15548786068257146e-03,-2.69222229552535177e-06,-2.69221768718256453e-06,-1.34610884359128248e-06,-4.03833113911663425e-06,-4.03832653077384701e-06
7.84400000000000031e+00,7.84400000000000031e+00,1.62526742150153371e-02,-4.14398316771036335e-03,-4.14397608745929041e-03,-2.67980351862073370e-06,-2.67979894001098318e-06,-1.33989947000549138e-06,-4.01970298862622508e-06,-4.01969841001647456e-06
7.85125000000000028e+00,7.85125000000000028e+00,1.62226719901702732e-02,-4.13251384339696770e-03,-4.13250679577653775e-03,-2.66745342126317885e-06,-2.66744887216789708e-06,-1.33372443608394854e-06,-4.00117785734712718e-06,-4.00117330825184583e-06
7.85850000000000026e+00,7.85850000000000026e+00,1.61927527642860801e-02,-4.12108680502543123e-03,-4.12107978985457295e-03,-2.65517156074031036e-06,-2.65516704094176245e-06,-1.32758352047088101e-06,-3.98275508121119180e-06,-3.98275056141264303e-06
7.86575000000000024e+00,7.86575000000000024e+00,1.61629162314974040e-02,-4.10970185789616416e-03,-4.10969487499536663e-03,-2.64295749759694289e-06,-2.64295300687945137e-06,-1.32147650343972569e-06,-3.96443400103666858e-06,-3.96442951031917663e-06
7.87300000000000022e+00,7.87300000000000022e+00,1.61331620873465843e-02,-4.09835880838405053e-03,-4.09835185757565987e-03,-2.63081079560919346e-06,-2.63080633375931493e-06,-1.31540316687965725e-06,-3.94621396248885072e-06,-3.94620950063897175e-06
7.88025000000000020e+00,7.88025000000000020e+00,1.61034900287758374e-02,-4.08705746393245306e-03,-4.08705054504002706e-03,-2.61873102175836278e-06,-2.61872658856445969e-06,-1.30936329428222985e-06,-3.92809431604059220e-06,-3.92808988284668996e-06
7.88750000000000018e+00,7.88750000000000018e+00,1.60738997541195645e-02,-4.07579763304610765e-03,-4.07579074589402551e-03,-2.60671774620431426e-06,-2.60671334145629450e-06,-1.30335667072814725e-06,-3.91007441693246172e-06,-3.91007001218444154e-06
7.89475000000000016e+00,7.89475000000000016e+00,1.60443909630966670e-02,-4.06457912528446208e-03,-4.06457226969737274e-03,-2.59477054225934814e-06,-2.59476616574830459e-06,-1.29738308287415229e-06,-3.89215362513350043e-06,-3.89214924862245688e-06
7.90200000000000014e+00,7.90200000000000014e+00,1.60149633568029415e-02,-4.05340175125212809e-03,-4.05339492705718545e-03,-2.58288898636044507e-06,-2.58288463788007225e-06,-1.29144231894003655e-06,-3.87433130530048140e-06,-3.87432695682010859e-06
7.90925000000000011e+00,7.90925000000000011e+00,1.59856166377035126e-02,-4.04226532259643889e-03,-4.04225852962126955e-03,-2.57107265804625516e-06,-2.57106833739154019e-06,-1.28553416869577010e-06,-3.85660682674202504e-06,-3.85660250608731050e-06
7.91650000000000009e+00,7.91650000000000009e+00,1.59563505096252910e-02,-4.03116965199878940e-03,-4.03116289007144322e-03,-2.55932113993030849e-06,-2.55931684689749209e-06,-1.27965842344874605e-06,-3.83897956337905454e-06,-3.83897527034623856e-06
7.92375000000000007e+00,7.92375000000000007e+00,1.59271646777495307e-02,-4.02011455316553246e-03,-4.02010782211693462e-03,-2.54763401767416794e-06,-2.54762975206229155e-06,-1.27381487603114577e-06,-3.82144889370531392e-06,-3.82144462809343711e-06
7.93100000000000005e+00,7.93100000000000005e+00,1.58980588486043913e-02,-4.00909984082709059e-03,-4.00909314048780545e-03,-2.53601087996599208e-06,-2.53600664157483150e-06,-1.26800332078741575e-06,-3.80401420075340804e-06,-3.80400996236224704e-06
7.93825000000000003e+00,7.93825000000000003e+00,1.58690327300575369e-02,-3.99812533072663179e-03,-3.99811866092842586e-03,-2.52445131849266776e-06,-2.52444710712371786e-06,-1.26222355356185872e-06,-3.78667487205452648e-06,-3.78667066068557658e-06
7.94550000000000001e+00,7.94550000000000001e+00,1.58400860313088580e-02,-3.98719083961451837e-03,-3.98718420019101606e-03,-2.51295492791580820e-06,-2.51295074337268524e-06,-1.25647537168634220e-06,-3.76943029960215040e-06,-3.76942611505902744e-06
7.95274999999999999e+00,7.95274999999999999e+00,1.58112184628831261e-02,-3.97629618524475426e-03,-3.97628957602920441e-03,-2.50152130584920240e-06,-2.50151714793622440e-06,-1.25075857396811199e-06,-3.75227987981731439e-06,-3.75227572190433639e-06
7.95999999999999996e+00,7.95999999999999996e+00,1.57824297366228085e-02,-3.96544118636343867e-03,-3.96543460719166012e-03,-2.49015005283141109e-06,-2.49014592135544607e-06,-1.24507296067772325e-06,-3.73522301350913433e-06,-3.73521888203316931e-06
7.96724999999999994e+00,7.96724999999999994e+00,1.57537195656808592e-02,-3.95462566270676774e-03,-3.95461911341576065e-03,-2.47884077230457651e-06,-2.47883666707415436e-06,-1.23941833353707718e-06,-3.71825910584165369e-06,-3.71825500061123154e-06
7.97449999999999992e+00,7.97449999999999992e+00,1.57250876645135609e-02,-3.94384943499526130e-03,-3.94384291542129554e-03,-2.46759307059102481e-06,-2.46758899141513156e-06,-1.23379449570756599e-06,-3.70138756629859080e-06,-3.70138348712269756e-06
7.98175000000000079e+00,7.98175000000000079e+00,1.56965337488734237e-02,-3.93311232492332685e-03,-3.93310583490423093e-03,-2.45640655686714697e-06,-2.45640250355665287e-06,-1.22820125177832623e-06,-3.68460780864547320e-06,-3.68460375533497910e-06
7.98900000000000077e+00,7.98900000000000077e+00,1.56680575358021726e-02,-3.92241415515370839e-03,-3.92240769453052265e-03,-2.44528084314053100e-06,-2.44527681550920866e-06,-1.22263840775460433e-06,-3.66791925089513533e-06,-3.66791522326381298e-06
7.99625000000000075e+00,7.99625000000000075e+00,1.56396587436236946e-02,-3.91175474931793055e-03,-3.91174831792995281e-03,-2.43421554423100619e-06,-2.43421154209242915e-06,-1.21710577104621437e-06,-3.65132131527722077e-06,-3.65131731313864373e-06
8.00350000000000072e+00,8.00350000000000072e+00,1.56113370919370616e-02,-3.90113393200164360e-03,-3.90112752969002568e-03,-2.42321027774244328e-06,-2.42320630091222307e-06,-1.21160315045611153e-06,-3.63481342819855503e-06,-3.63480945136833481e-06
8.01075000000000159e+00,8.01075000000000159e+00,1.55830923016096658e-02,-3.89055152874218102e-03,-3.89054515534991438e-03,-2.41226466404236680e-06,-2.41226071233813128e-06,-1.20613035616906564e-06,-3.61839502021143222e-06,-3.61839106850719671e-06
8.01800000000000068e+00,8.01800000000000068e+00,1.55549240947703022e-02,-3.88000736602411855e-03,-3.88000102139443755e-03,-2.40137832624048148e-06,-2.40137439948087329e-06,-1.20068719974043707e-06,-3.60206552598091834e-06,-3.60206159922131015e-06
8.02524999999999977e+00,8.02524999999999977e+00,1.55268321948023244e-02,-3.86950127127105858e-03,-3.86949495524807965e-03,-2.39055089016502994e-06,-2.39054698817009693e-06,-1.19527349408504825e-06,-3.58582438425007799e-06,-3.58582048225514497e-06
8.03250000000000064e+00,8.03250000000000064e+00,1.54988163263368728e-02,-3.85903307283963493e-03,-3.85902678526906222e-03,-2.37978198434070878e-06,-2.37977810693232922e-06,-1.18988905346616461e-06,-3.56967103780687317e-06,-3.56966716039849362e-06
8.03975000000000151e+00,8.03975000000000151e+00,1.54708762152461436e-02,-3.84860260001507193e-03,-3.84859634074346613e-03,-2.36907123996772187e-06,-2.36906738696914415e-06,-1.18453369348457165e-06,-3.55360493345229373e-06,-3.55360108045371558e-06
8.04700000000000060e+00,8.04700000000000060e+00,1.54430115886366546e-02,-3.83820968300518928e-03,-3.83820345187937213e-03,-2.35841829090002694e-06,-2.35841446213549509e-06,-1.17920723106774754e-06,-3.53762552196777448e-06,-3.53762169320324263e-06
8.05424999999999969e+00,8.05424999999999969e+00,1.54152221748425754e-02,-3.82785415293285247e-03,-3.82784794980105562e-03,-2.34782277362280608e-06,-2.34781896891825908e-06,-1.17390948445912954e-06,-3.52173225808193562e-06,-3.52172845337738862e-06
8.06150000000000055e+00,8.06150000000000055e+00,1.53875077034191284e-02,-3.81753584183153194e-03,-3.81752966654323083e-03,-2.33728432723201678e-06,-2.33728054641497668e-06,-1.16864027320748813e-06,-3.50592460043950512e-06,-3.50592081962246503e-06
8.06875000000000142e+00,8.06875000000000142e+00,1.53598679051360106e-02,-3.80725458264019601e-03,-3.80724843504533098e-03,-2.32680259341369543e-06,-2.32679883631278038e-06,-1.16339941815639040e-06,-3.49020201157008604e-06,-3.49019825446917057e-06
8.07600000000000051e+00,8.07600000000000051e+00,1.53323025119708467e-02,-3.79701020919598342e-03,-3.79700408914582623e-03,-2.31637721642205905e-06,-2.31637348286750797e-06,-1.15818674143375399e-06,-3.47456395785581304e-06,-3.47456022430126196e-06
8.08324999999999960e+00,8.08324999999999960e+00,1.53048112571026757e-02,-3.78680255622998452e-03,-3.78679646357657539e-03,-2.30600784305967876e-06,-2.30600413288299604e-06,-1.15300206644149802e-06,-3.45900990950117678e-06,-3.45900619932449407e-06
8.09050000000000047e+00,8.09050000000000047e+00,1.52773938749055128e-02,-3.77663145936102396e-03,-3.77662539395723666e-03,-2.29569412265658644e-06,-2.29569043569057540e-06,-1.14784521784528749e-06,-3.44353934050187393e-06,-3.44353565353586289e-06
8.09775000000000134e+00,8.09775000000000134e+00,1.52500501009419347e-02,-3.76649675508988757e-03,-3.76649071678970869e-03,-2.28543570704981761e-06,-2.28543204312874313e-06,-1.14271602156437135e-06,-3.42815172861418896e-06,-3.42814806469311448e-06
8.10500000000000043e+00,8.10500000000000043e+00,1.52227796719567095e-02,-3.75639828079465943e-03,-3.75639226945261159e-03,-2.27523225056378485e-06,-2.27522860952301294e-06,-1.13761430476150668e-06,-3.41284655532529132e-06,-3.41284291428451941e-06
8.11224999999999952e+00,8.11224999999999952e+00,1.51955823258704201e-02,-3.74633587472383844e-03,-3.74632989019579562e-03,-2.26508340998945305e-06,-2.26507979166593920e-06,-1.13253989583296960e-06,-3.39762330582242286e-06,-3.39761968749890858e-06
8.11950000000000038e+00,8.11950000000000038e+00,1.51684578017732136e-02,-3.73630937599211954e-03,-3.73630341813491283e-03,-2.25498884456529262e-06,-2.25498524879733400e-06,-1.12749262439866700e-06,-3.38248146896395941e-06,-3.38247787319600078e-06
8.12675000000000125e+00,8.12675000000000125e+00,1.51414058399185290e-02,-3.72631862457528662e-03,-3.72631269324601513e-03,-2.24494821595784474e-06,-2.24494464258465585e-06,-1.12247232129232793e-06,-3.36742053725017245e-06,-3.36741696387698399e-06
8.13400000000000034e+00,8.13400000000000034e+00,1.51144261817168744e-02,-3.71636346130288509e-03,-3.71635755636018535e-03,-2.23496118824109355e-06,-2.23495763710356645e-06,-1.11747881855178302e-06,-3.35244000679287656e-06,-3.35243645565534947e-06
8.14124999999999943e+00,8.14124999999999943e+00,1.50875185697296448e-02,-3.70644372785511322e-03,-3.70643784915821199e-03,-2.22502742787853489e-06,-2.22502389881865814e-06,-1.11251194940932907e-06,-3.33753937728786397e-06,-3.33753584822798722e-06
8.14850000000000030e+00,8.14850000000000030e+00,1.50606827476629773e-02,-3.69655926675616087e-03,-3.69655341416530057e-03,-2.21514660370325497e-06,-2.21514309656436432e-06,-1.10757154828218216e-06,-3.32271815198543713e-06,-3.32271464484654648e-06
8.15575000000000117e+00,8.15575000000000117e+00,1.50339184603616744e-02,-3.68670992136976849e-03,-3.68670409474583516e-03,-2.20531838689949211e-06,-2.20531490152603757e-06,-1.10265745076301878e-06,-3.30797583766251089e-06,-3.30797235228905635e-06
8.16300000000000026e+00,8.16300000000000026e+00,1.50072254538031157e-02,-3.67689553589345408e-03,-3.67688973509815381e-03,-2.19554245098353784e-06,-2.19553898722118535e-06,-1.09776949361059268e-06,-3.29331194459413051e-06,-3.29330848083177803e-06
8.17024999999999935e+00,8.17024999999999935e+00,1.49806034750912236e-02,-3.66711595535296198e-03,-3.66711018024937436e-03,-2.18581847178492307e-06,-2.18581502948087510e-06,-1.09290751474043734e-06,-3.27872598652536041e-06,-3.27872254422131243e-06
8.17750000000000021e+00,8.17750000000000021e+00,1.49540522724504951e-02,-3.65737102559893223e-03,-3.65736527605025870e-03,-2.17614612742906787e-06,-2.17614270643130952e-06,-1.08807135321565476e-06,-3.26421748064472242e-06,-3.26421405964696407e-06
8.18475000000000108e+00,8.18475000000000108e+00,1.49275715952200353e-02,-3.64766059329935111e-03,-3.64765486917011106e-03,-2.16652509831756209e-06,-2.16652169847556799e-06,-1.08326084923778400e-06,-3.24978594755534588e-06,-3.24978254771335177e-06
8.19200000000000017e+00,8.19200000000000017e+00,1.49011611938476562e-02,-3.63798450593599831e-03,-3.63797880709171295e-03,-2.15695506711095879e-06,-2.15695168827549697e-06,-1.07847584413774849e-06,-3.23543091124870706e-06,-3.23542753241324525e-06
8.19924999999999926e+00,8.19924999999999926e+00,1.48748208198839684e-02,-3.62834261180000617e-03,-3.62833693810628299e-03,-2.14743571871118088e-06,-2.14743236073376224e-06,-1.07371618036688091e-06,-3.22115189907806157e-06,-3.22114854110064294e-06
8.20650000000000013e+00,8.20650000000000013e+00,1.48485502259765572e-02,-3.61873475998408800e-03,-3.61872911130848868e-03,-2.13796674024209065e-06,-2.13796340297606880e-06,-1.06898170148803440e-06,-3.20694844173012505e-06,-3.20694510446410320e-06
8.21375000000000099e+00,8.21375000000000099e+00,1.48223491658641925e-02,-3.60916080038164999e-03,-3.60915517659149377e-03,-2.12854782103427367e-06,-2.12854450433353755e-06,-1.06427225216676877e-06,-3.19282007320104245e-06,-3.19281675650030632e-06
8.22100000000000009e+00,8.22100000000000009e+00,1.47962173943710241e-02,-3.59962058367835347e-03,-3.59961498464202037e-03,-2.11917865260548375e-06,-2.11917535632522417e-06,-1.05958767816261187e-06,-3.17876633076809583e-06,-3.17876303448783625e-06
8.22824999999999918e+00,8.22824999999999918e+00,1.47701546674008626e-02,-3.59011396134789607e-03,-3.59010838693546355e-03,-2.10985892864372386e-06,-2.10985565264079776e-06,-1.05492782632039888e-06,-3.16478675496412274e-06,-3.16478347896119664e-06
8.23550000000000004e+00,8.23550000000000004e+00,1.47441607419314773e-02,-3.58064078565023536e-03,-3.58063523573103710e-03,-2.10058834499188905e-06,-2.10058508912337783e-06,-1.05029254456168870e-06,-3.15088088955357775e-06,-3.15087763368506653e-06
8.24275000000000091e+00,8.24275000000000091e+00,1.47182353760089302e-02,-3.57120090962137482e-03,-3.57119538406695065e-03,-2.09136659962758076e-06,-2.09136336375251824e-06,-1.04568168187625912e-06,-3.13704828150383966e-06,-3.13704504562877757e-06
8.25000000000000000e+00,8.25000000000000000e+00,1.46923783287419667e-02,-3.56179418707358586e-03,-3.56178868575562826e-03,-2.08219339264918332e-06,-2.08219017662734149e-06,-1.04109508831367075e-06,-3.12328848096285406e-06,-3.12328526494101224e-06
8.25724999999999909e+00,8.25724999999999909e+00,1.46665893602963681e-02,-3.55242047258852445e-03,-3.55241499537893839e-03,-2.07306842625788651e-06,-2.07306522994980734e-06,-1.03653261497490367e-06,-3.10960104123279019e-06,-3.10959784492471102e-06
8.26449999999999996e+00,8.26449999999999996e+00,1.46408682318894361e-02,-3.54307962151079181e-03,-3.54307416828348633e-03,-2.06399140474011601e-06,-2.06398822800815113e-06,-1.03199411400407556e-06,-3.09598551874419157e-06,-3.09598234201222669e-06
8.27175000000000082e+00,8.27175000000000082e+00,1.46152147057844566e-02,-3.53377148994660217e-03,-3.53376606057592517e-03,-2.05496203445306346e-06,-2.05495887716045306e-06,-1.02747943858022653e-06,-3.08244147303328999e-06,-3.08243831574067958e-06
8.27899999999999991e+00,8.27899999999999991e+00,1.45896285452852079e-02,-3.52449593475756551e-03,-3.52449052911830117e-03,-2.04598002380749010e-06,-2.04597688581835441e-06,-1.02298844290917763e-06,-3.06896846671666773e-06,-3.06896532872753203e-06
8.28625000000000078e+00,8.28625000000000078e+00,1.45641095147304687e-02,-3.51525281355624664e-03,-3.51524743152341942e-03,-2.03704508325168345e-06,-2.03704196443090717e-06,-1.01852098221545358e-06,-3.05556606546713703e-06,-3.05556294664636075e-06
8.29350000000000165e+00,8.29350000000000165e+00,1.45386573794886349e-02,-3.50604198470017003e-03,-3.50603662615026979e-03,-2.02815692525464758e-06,-2.02815382546858203e-06,-1.01407691273429102e-06,-3.04223383798893859e-06,-3.04223073820287305e-06
8.30075000000000074e+00,8.30075000000000074e+00,1.45132719059523178e-02,-3.49686330728860018e-03,-3.49685797209946508e-03,-2.01931526429101826e-06,-2.01931218340740561e-06,-1.00965609170370281e-06,-3.02897135599472128e-06,-3.02896827511110821e-06
8.30799999999999983e+00,8.30799999999999983e+00,1.44879528615329562e-02,-3.48771664115976598e-03,-3.48771132920870381e-03,-2.01051981682634496e-06,-2.01051675471322764e-06,-1.00525837735661403e-06,-3.01577819418295899e-06,-3.01577513206984167e-06
8.31525000000000070e+00,8.31525000000000070e+00,1.44627000146555027e-02,-3.47860184688242313e-03,-3.47859655804828513e-03,-2.00177030129922941e-06,-2.00176725782614105e-06,-1.00088362891307053e-06,-3.00265393021229994e-06,-3.00265088673921158e-06
8.32250000000000156e+00,8.32250000000000156e+00,1.44375131347531556e-02,-3.46951878575441075e-03,-3.46951351991664839e-03,-1.99306643810761685e-06,-1.99306341314503255e-06,-9.96531706572516066e-07,-2.98959814468013291e-06,-2.98959511971754862e-06
8.32975000000000065e+00,8.32975000000000065e+00,1.44123919922620643e-02,-3.46046731979743338e-03,-3.46046207683593440e-03,-1.98440794959302634e-06,-1.98440494301226233e-06,-9.92202471506131376e-07,-2.97661042109915793e-06,-2.97660741451839392e-06
8.33699999999999974e+00,8.33699999999999974e+00,1.43873363586160992e-02,-3.45144731175184294e-03,-3.45144209154758276e-03,-1.97579456002489426e-06,-1.97579157169847715e-06,-9.87895785849238576e-07,-2.96369034587413304e-06,-2.96368735754771594e-06
8.34425000000000061e+00,8.34425000000000061e+00,1.43623460062416632e-02,-3.44245862507330802e-03,-3.44245342750796332e-03,-1.96722599558612091e-06,-1.96722302538755820e-06,-9.83611512693779313e-07,-2.95083750827990022e-06,-2.95083453808133751e-06
8.35150000000000148e+00,8.35150000000000148e+00,1.43374207085525309e-02,-3.43350112392815099e-03,-3.43349594888403943e-03,-1.95870198435796500e-06,-1.95869903216170692e-06,-9.79349516080853460e-07,-2.93805150043881867e-06,-2.93804854824256059e-06
8.35875000000000057e+00,8.35875000000000057e+00,1.43125602399447049e-02,-3.42457467318924014e-03,-3.42456952054905452e-03,-1.95022225630536452e-06,-1.95021932198664523e-06,-9.75109660993322617e-07,-2.92533191729868692e-06,-2.92532898297996806e-06
8.36599999999999966e+00,8.36599999999999966e+00,1.42877643757912936e-02,-3.41567913843077164e-03,-3.41567400807824386e-03,-1.94178654326173464e-06,-1.94178362669694748e-06,-9.70891813348473529e-07,-2.91267835661020838e-06,-2.91267544004542122e-06
8.37325000000000053e+00,8.37325000000000053e+00,1.42630328924374591e-02,-3.40681438592482788e-03,-3.40680927774459318e-03,-1.93339457891489597e-06,-1.93339167998150661e-06,-9.66695839990753303e-07,-2.90009041890564948e-06,-2.90008751997225970e-06
8.38050000000000139e+00,8.38050000000000139e+00,1.42383655671953786e-02,-3.39798028263749163e-03,-3.39797519651461764e-03,-1.92504609879285071e-06,-1.92504321736912781e-06,-9.62521608684563692e-07,-2.88756770747741441e-06,-2.88756482605369150e-06
8.38775000000000048e+00,8.38775000000000048e+00,1.42137621783392162e-02,-3.38917669622362805e-03,-3.38917163204416338e-03,-1.91674084024891177e-06,-1.91673797621422979e-06,-9.58368988107114893e-07,-2.87510982835602688e-06,-2.87510696432134489e-06
8.39499999999999957e+00,8.39499999999999957e+00,1.41892225051001419e-02,-3.38040349502410908e-03,-3.38039845267424461e-03,-1.90847854244832300e-06,-1.90847569568268278e-06,-9.54237847841341388e-07,-2.86271639028966418e-06,-2.86271354352402395e-06
8.40225000000000044e+00,8.40225000000000044e+00,1.41647463276613657e-02,-3.37166054806015136e-03,-3.37165552742690715e-03,-1.90025894635335079e-06,-1.90025611673776452e-06,-9.50128058368882049e-07,-2.85038700472223295e-06,-2.85038417510664668e-06
8.40950000000000131e+00,8.40950000000000131e+00,1.41403334271532639e-02,-3.36294772502965245e-03,-3.36294272600113232e-03,-1.89208179470961782e-06,-1.89207898212624523e-06,-9.46039491063122721e-07,-2.83812128577274054e-06,-2.83811847318936816e-06
8.41675000000000040e+00,8.41675000000000040e+00,1.41159835856484363e-02,-3.35426489630408220e-03,-3.35425991876874951e-03,-1.88394683203284447e-06,-1.88394403636457986e-06,-9.41972018182289932e-07,-2.82591885021513440e-06,-2.82591605454686980e-06
8.42399999999999949e+00,8.42399999999999949e+00,1.40916965861568617e-02,-3.34561193292326475e-03,-3.34560697677038516e-03,-1.87585380459450261e-06,-1.87585102572521904e-06,-9.37925512862609520e-07,-2.81377931745711223e-06,-2.81377653858782845e-06
8.43125000000000036e+00,8.43125000000000036e+00,1.40674722126210485e-02,-3.33698870659226987e-03,-3.33698377171144211e-03,-1.86780246040876811e-06,-1.86779969822304866e-06,-9.33899849111524222e-07,-2.80170230952029212e-06,-2.80169954733457288e-06
8.43850000000000122e+00,8.43850000000000122e+00,1.40433102499112686e-02,-3.32839508967597286e-03,-3.32839017595811274e-03,-1.85979254921825873e-06,-1.85978980360194262e-06,-9.29894901800971416e-07,-2.78968745101923025e-06,-2.78968470540291414e-06
8.44575000000000031e+00,8.44575000000000031e+00,1.40192104838207463e-02,-3.31983095519705618e-03,-3.31982606253340348e-03,-1.85182382248180316e-06,-1.85182109332142440e-06,-9.25910546660712095e-07,-2.77773436914251514e-06,-2.77773163998213660e-06
8.45299999999999940e+00,8.45299999999999940e+00,1.39951727010609161e-02,-3.31129617683090238e-03,-3.31129130511319475e-03,-1.84389603336056260e-06,-1.84389332054344295e-06,-9.21946660271721368e-07,-2.76584269363228386e-06,-2.76583998081516421e-06
8.46025000000000027e+00,8.46025000000000027e+00,1.39711966892566986e-02,-3.30279062890193043e-03,-3.30278577802232748e-03,-1.83600893670506418e-06,-1.83600624011926675e-06,-9.18003120059633267e-07,-2.75401205676469745e-06,-2.75400936017890001e-06
8.46750000000000114e+00,8.46750000000000114e+00,1.39472822369418326e-02,-3.29431418637915474e-03,-3.29430935623072465e-03,-1.82816228904189999e-06,-1.82815960857649501e-06,-9.14079804288247503e-07,-2.74224209333014749e-06,-2.74223941286474272e-06
8.47475000000000023e+00,8.47475000000000023e+00,1.39234291335542017e-02,-3.28586672487252152e-03,-3.28586191534952681e-03,-1.82035584856095149e-06,-1.82035318410616835e-06,-9.10176592053084283e-07,-2.73053244061403567e-06,-2.73052977615925274e-06
8.48199999999999932e+00,8.48199999999999932e+00,1.38996371694311855e-02,-3.27744812063046620e-03,-3.27744333162725441e-03,-1.81258937510338282e-06,-1.81258672654999029e-06,-9.06293363274995249e-07,-2.71888273837837828e-06,-2.71888008982498554e-06
8.48925000000000018e+00,8.48925000000000018e+00,1.38759061358050603e-02,-3.26905825053458443e-03,-3.26905348194600444e-03,-1.80486263014813234e-06,-1.80485999738766529e-06,-9.02429998693832541e-07,-2.70729262884196499e-06,-2.70728999608149773e-06
8.49650000000000105e+00,8.49650000000000105e+00,1.38522358247984284e-02,-3.26069699209607933e-03,-3.26069224381767258e-03,-1.79717537679948302e-06,-1.79717275972434371e-06,-8.98586379862171645e-07,-2.69576175666165456e-06,-2.69575913958651546e-06
8.50375000000000014e+00,8.50375000000000014e+00,1.38286260294196682e-02,-3.25236422345187570e-03,-3.25235949538019544e-03,-1.78952737977453993e-06,-1.78952477827816866e-06,-8.94762389139084329e-07,-2.68428976891362415e-06,-2.68428716741725309e-06
8.51099999999999923e+00,8.51099999999999923e+00,1.38050765435583818e-02,-3.24405982336206655e-03,-3.24405511539381563e-03,-1.78191840539153208e-06,-1.78191581936792733e-06,-8.90957909683963664e-07,-2.67287631507549564e-06,-2.67287372905189110e-06
8.51825000000000010e+00,8.51825000000000010e+00,1.37815871619809179e-02,-3.23578367120458399e-03,-3.23577898323738292e-03,-1.77434822155667726e-06,-1.77434565090081414e-06,-8.87172825450407070e-07,-2.66152104700708422e-06,-2.66151847635122131e-06
8.52550000000000097e+00,8.52550000000000097e+00,1.37581576803259102e-02,-3.22753564697286777e-03,-3.22753097890467622e-03,-1.76681659775278966e-06,-1.76681404236029740e-06,-8.83407021180148807e-07,-2.65022361893293857e-06,-2.65022106354044632e-06
8.53275000000000006e+00,8.53275000000000006e+00,1.37347878950998120e-02,-3.21931563127120235e-03,-3.21931098300074717e-03,-1.75932330502669020e-06,-1.75932076479408277e-06,-8.79660382397041492e-07,-2.63898368742373190e-06,-2.63898114719112448e-06
8.53999999999999915e+00,8.53999999999999915e+00,1.37114776036724832e-02,-3.21112350531127522e-03,-3.21111887673828679e-03,-1.75186811597738006e-06,-1.75186559080217961e-06,-8.75932795401090016e-07,-2.62780091137847008e-06,-2.62779838620326962e-06
8.54725000000000001e+00,8.54725000000000001e+00,1.36882266042727980e-02,-3.20295915090973438e-03,-3.20295454193402504e-03,-1.74445080474484397e-06,-1.74444829452507343e-06,-8.72224147262536717e-07,-2.61667495200738068e-06,-2.61667244178761036e-06
8.55450000000000088e+00,8.55450000000000088e+00,1.36650346959842853e-02,-3.19482245048363644e-03,-3.19481786100515126e-03,-1.73707114699779042e-06,-1.73706865163199771e-06,-8.68534325815998853e-07,-2.60560547281378906e-06,-2.60560297744799677e-06
8.56174999999999997e+00,8.56174999999999997e+00,1.36419016787407872e-02,-3.18671328704545065e-03,-3.18670871696575750e-03,-1.72972891992123612e-06,-1.72972643930930172e-06,-8.64863219654650967e-07,-2.59459213957588719e-06,-2.59458965896395279e-06
8.56899999999999906e+00,8.56899999999999906e+00,1.36188273533221320e-02,-3.17863154420228167e-03,-3.17862699342330102e-03,-1.72242390220647477e-06,-1.72242143624891382e-06,-8.61210718124457017e-07,-2.58363462033093189e-06,-2.58363215437337094e-06
8.57625000000000171e+00,8.57625000000000171e+00,1.35958115213498480e-02,-3.17057710615131771e-03,-3.17057257457509884e-03,-1.71515587403906847e-06,-1.71515342263690729e-06,-8.57576711318453538e-07,-2.57273258535752190e-06,-2.57273013395536072e-06
8.58350000000000080e+00,8.58350000000000080e+00,1.35728539852829327e-02,-3.16254985767594476e-03,-3.16254534520485396e-03,-1.70792461708729757e-06,-1.70792218014217192e-06,-8.53961090071085852e-07,-2.56188570715838321e-06,-2.56188327021325798e-06
8.59074999999999989e+00,8.59074999999999989e+00,1.35499545484135536e-02,-3.15454968414119463e-03,-3.15454519067917332e-03,-1.70072991449032129e-06,-1.70072749190515250e-06,-8.50363745952576249e-07,-2.55109366044289775e-06,-2.55109123785772875e-06
8.59800000000000075e+00,8.59800000000000075e+00,1.35271130148628838e-02,-3.14657647149296782e-03,-3.14657199694414564e-03,-1.69357155084847216e-06,-1.69356914252671140e-06,-8.46784571263355700e-07,-2.54035612211182797e-06,-2.54035371379006699e-06
8.60525000000000162e+00,8.60525000000000162e+00,1.35043291895769000e-02,-3.13863010625325956e-03,-3.13862565052192488e-03,-1.68644931221146327e-06,-1.68644691805707415e-06,-8.43223459028537073e-07,-2.52967277124000013e-06,-2.52967037708561143e-06
8.61250000000000071e+00,8.61250000000000071e+00,1.34816028783222124e-02,-3.13071047551605197e-03,-3.13070603850733493e-03,-1.67936298606704240e-06,-1.67936060598486394e-06,-8.39680302992431972e-07,-2.51904328905947416e-06,-2.51904090897729613e-06
8.61974999999999980e+00,8.61974999999999980e+00,1.34589338876819221e-02,-3.12281746694509366e-03,-3.12281304856449953e-03,-1.67231236133073705e-06,-1.67230999522622959e-06,-8.36154997613114688e-07,-2.50846735894385153e-06,-2.50846499283934428e-06
8.62700000000000067e+00,8.62700000000000067e+00,1.34363220250515083e-02,-3.11495096876934774e-03,-3.11494656892349767e-03,-1.66529722833443028e-06,-1.66529487611406697e-06,-8.32647438057033486e-07,-2.49794466639146377e-06,-2.49794231417110046e-06
8.63425000000000153e+00,8.63425000000000153e+00,1.34137670986347601e-02,-3.10711086978154860e-03,-3.10710648837704681e-03,-1.65831737881668228e-06,-1.65831504038733948e-06,-8.29157520193669635e-07,-2.48747489901035202e-06,-2.48747256058100901e-06
8.64150000000000063e+00,8.64150000000000063e+00,1.33912689174396759e-02,-3.09929705933342792e-03,-3.09929269627719130e-03,-1.65137260591133738e-06,-1.65137028118046806e-06,-8.25685140590234028e-07,-2.47705774650157162e-06,-2.47705542177070208e-06
8.64874999999999972e+00,8.64874999999999972e+00,1.33688272912744315e-02,-3.09150942733171785e-03,-3.09150508253202639e-03,-1.64446270413663500e-06,-1.64446039301282397e-06,-8.22230196506411983e-07,-2.46669290064304677e-06,-2.46669058951923595e-06
8.65600000000000058e+00,8.65600000000000058e+00,1.33464420307433662e-02,-3.08374786423704084e-03,-3.08374353760244120e-03,-1.63758746938593126e-06,-1.63758517177830670e-06,-8.18792585889153350e-07,-2.45638005527508461e-06,-2.45637775766745984e-06
8.66325000000000145e+00,8.66325000000000145e+00,1.33241129472429897e-02,-3.07601226105969072e-03,-3.07600795249888615e-03,-1.63074669891684022e-06,-1.63074441473501228e-06,-8.15372207367506036e-07,-2.44611890628434636e-06,-2.44611662210251822e-06
8.67050000000000054e+00,8.67050000000000054e+00,1.33018398529580022e-02,-3.06830250935563598e-03,-3.06829821877815630e-03,-1.62394019134056783e-06,-1.62393792049498080e-06,-8.11968960247490186e-07,-2.43590915158805823e-06,-2.43590688074247119e-06
8.67774999999999963e+00,8.67774999999999963e+00,1.32796225608573393e-02,-3.06061850122441026e-03,-3.06061422854019514e-03,-1.61716774661232207e-06,-1.61716548901402900e-06,-8.08582744507014711e-07,-2.42575049111933657e-06,-2.42574823352104371e-06
8.68500000000000050e+00,8.68500000000000050e+00,1.32574608846902486e-02,-3.05296012930522664e-03,-3.05295587442492742e-03,-1.61042916602085860e-06,-1.61042692158167764e-06,-8.05213460790838822e-07,-2.41564262681169732e-06,-2.41564038237251657e-06
8.69225000000000136e+00,8.69225000000000136e+00,1.32353546389824082e-02,-3.04532728677431308e-03,-3.04532304960911278e-03,-1.60372425217873992e-06,-1.60372202081115521e-06,-8.01861010405577817e-07,-2.40558526258431763e-06,-2.40558303121673313e-06
8.69950000000000045e+00,8.69950000000000045e+00,1.32133036390320209e-02,-3.03771986734213684e-03,-3.03771564780321154e-03,-1.59705280901261226e-06,-1.59705059062948677e-06,-7.98525295314743279e-07,-2.39557810432735554e-06,-2.39557588594423005e-06
8.70674999999999955e+00,8.70674999999999955e+00,1.31913077009059524e-02,-3.03013776524874157e-03,-3.03013356324827350e-03,-1.59041464175255205e-06,-1.59041243626765760e-06,-7.95206218133828907e-07,-2.38562085988638106e-06,-2.38561865440148661e-06
8.71400000000000041e+00,8.71400000000000041e+00,1.31693666414359149e-02,-3.02258087526197095e-03,-3.02257669071285618e-03,-1.58380955692301405e-06,-1.58380736425087296e-06,-7.91903682125436586e-07,-2.37571323904845053e-06,-2.37571104637630965e-06
8.72125000000000128e+00,8.72125000000000128e+00,1.31474802782146488e-02,-3.01504909267480414e-03,-3.01504492548995782e-03,-1.57723736233337366e-06,-1.57723518238889067e-06,-7.88617591194445439e-07,-2.36585495352781931e-06,-2.36585277358333611e-06
8.72850000000000037e+00,8.72850000000000037e+00,1.31256484295921311e-02,-3.00754231330102595e-03,-3.00753816339396950e-03,-1.57069786706766591e-06,-1.57069569976643355e-06,-7.85347849883216667e-07,-2.35604571695088279e-06,-2.35604354964965000e-06
8.73574999999999946e+00,8.73574999999999946e+00,1.31038709146717898e-02,-3.00006043347289530e-03,-3.00005630075764326e-03,-1.56419088147544113e-06,-1.56418872673367640e-06,-7.82094363366838199e-07,-2.34628524484227954e-06,-2.34628309010051460e-06
8.74300000000000033e+00,8.74300000000000033e+00,1.30821475533067742e-02,-2.99260335003781464e-03,-2.99259923442909146e-03,-1.55771621716217017e-06,-1.55771407489682403e-06,-7.78857037448412015e-07,-2.33657325461058239e-06,-2.33657111234523626e-06
8.75025000000000119e+00,8.75025000000000119e+00,1.30604781660962361e-02,-2.98517096035577634e-03,-2.98516686176880305e-03,-1.55127368698011911e-06,-1.55127155710876171e-06,-7.75635778554380748e-07,-2.32690946553449985e-06,-2.32690733566314267e-06
8.75750000000000028e+00,8.75750000000000028e+00,1.30388625743816152e-02,-2.97776316229614313e-03,-2.97775908064667203e-03,-1.54486310501894317e-06,-1.54486098745977823e-06,-7.72430493729889115e-07,-2.31729359874883228e-06,-2.31729148118966734e-06
8.76474999999999937e+00,8.76474999999999937e+00,1.30173006002429464e-02,-2.97037985423531659e-03,-2.97037578943904791e-03,-1.53848428659680854e-06,-1.53848218126836759e-06,-7.69241090634183687e-07,-2.30772537723099223e-06,-2.30772327190255106e-06
8.77200000000000024e+00,8.77200000000000024e+00,1.29957920664952042e-02,-2.96302093505218522e-03,-2.96301688702581018e-03,-1.53213704825042936e-06,-1.53213495507210979e-06,-7.66067477536054790e-07,-2.29820452578648415e-06,-2.29820243260816437e-06
8.77925000000000111e+00,8.77925000000000111e+00,1.29743367966846847e-02,-2.95568630412679223e-03,-2.95568227278746650e-03,-1.52582120772684111e-06,-1.52581912661862945e-06,-7.62909563309314724e-07,-2.28873077103615573e-06,-2.28872868992794407e-06
8.78650000000000020e+00,8.78650000000000020e+00,1.29529346150853656e-02,-2.94837586133722684e-03,-2.94837184660225703e-03,-1.51953658397431453e-06,-1.51953451485662122e-06,-7.59767257428310610e-07,-2.27930384140262503e-06,-2.27930177228493172e-06
8.79374999999999929e+00,8.79374999999999929e+00,1.29315853466952999e-02,-2.94108950705584959e-03,-2.94108550884328085e-03,-1.51328299713298865e-06,-1.51328093992694815e-06,-7.56640469963474181e-07,-2.26992346709646283e-06,-2.26992140989042233e-06
8.80100000000000016e+00,8.80100000000000016e+00,1.29102888172330562e-02,-2.93382714214729390e-03,-2.93382316037565189e-03,-1.50706026852648880e-06,-1.50705822315382384e-06,-7.53529111576911920e-07,-2.26058938010340072e-06,-2.26058733473073576e-06
8.80825000000000102e+00,8.80825000000000102e+00,1.28890448531341593e-02,-2.92658866796524642e-03,-2.92658470255366442e-03,-1.50086822065297687e-06,-1.50086618703605963e-06,-7.50433093518029813e-07,-2.25130131417100690e-06,-2.25129928055408944e-06
8.81550000000000011e+00,8.81550000000000011e+00,1.28678532815475598e-02,-2.91937398635044865e-03,-2.91937003721798186e-03,-1.49470667717688868e-06,-1.49470465523838589e-06,-7.47352327619192945e-07,-2.24205900479608141e-06,-2.24205698285757862e-06
8.82274999999999920e+00,8.82274999999999920e+00,1.28467139303320831e-02,-2.91218299962625604e-03,-2.91217906669283049e-03,-1.48857546291947963e-06,-1.48857345258283688e-06,-7.44286726291418335e-07,-2.23286218921089786e-06,-2.23286017887425532e-06
8.83000000000000007e+00,8.83000000000000007e+00,1.28256266280529791e-02,-2.90501561059708369e-03,-2.90501169378323430e-03,-1.48247440385091511e-06,-1.48247240504021834e-06,-7.41236202520109278e-07,-2.22371060637102428e-06,-2.22370860756032752e-06
8.83725000000000094e+00,8.83725000000000094e+00,1.28045912039784215e-02,-2.89787172254563075e-03,-2.89786782177225283e-03,-1.47640332708179571e-06,-1.47640133972164142e-06,-7.38200669860820709e-07,-2.21460399694261641e-06,-2.21460200958246213e-06
8.84450000000000003e+00,8.84450000000000003e+00,1.27836074880760681e-02,-2.89075123923021593e-03,-2.89074735441824122e-03,-1.47036206085479426e-06,-1.47036008487012156e-06,-7.35180042435060887e-07,-2.20554210328985493e-06,-2.20554012730518245e-06
8.85174999999999912e+00,8.85174999999999912e+00,1.27626753110095890e-02,-2.88365406488111375e-03,-2.88365019595212017e-03,-1.46435043453584394e-06,-1.46434846985224269e-06,-7.32174234926121556e-07,-2.19652466946196550e-06,-2.19652270477836424e-06
8.85899999999999999e+00,8.85899999999999999e+00,1.27417945041352915e-02,-2.87658010419822308e-03,-2.87657625107467932e-03,-1.45836827860607262e-06,-1.45836632514990388e-06,-7.29183162574952046e-07,-2.18755144118102487e-06,-2.18754948772485592e-06
8.86625000000000085e+00,8.86625000000000085e+00,1.27209648994987094e-02,-2.86952926234940175e-03,-2.86952542495388886e-03,-1.45241542465412405e-06,-1.45241348235212118e-06,-7.26206741176060483e-07,-2.17862216583018464e-06,-2.17862022352818177e-06
8.87349999999999994e+00,8.87349999999999994e+00,1.27001863298312253e-02,-2.86250144496669190e-03,-2.86249762322222934e-03,-1.44649170536746949e-06,-1.44648977414690199e-06,-7.23244887073450888e-07,-2.16973659244092038e-06,-2.16973466122035309e-06
8.88075000000000081e+00,8.88075000000000081e+00,1.26794586285466915e-02,-2.85549655814443248e-03,-2.85549275197403149e-03,-1.44059695452473118e-06,-1.44059503431317562e-06,-7.20297517156587808e-07,-2.16089447168131888e-06,-2.16089255146976332e-06
8.88800000000000168e+00,8.88800000000000168e+00,1.26587816297381271e-02,-2.84851450843515153e-03,-2.84851071776285420e-03,-1.43473100698694694e-06,-1.43472909771280892e-06,-7.17364548856404460e-07,-2.15209555584335151e-06,-2.15209364656921349e-06
8.89525000000000077e+00,8.89525000000000077e+00,1.26381551681743823e-02,-2.84155520284834484e-03,-2.84155142759886029e-03,-1.42889369869034265e-06,-1.42889180028267003e-06,-7.14445900141334910e-07,-2.14333959883167767e-06,-2.14333770042400505e-06
8.90249999999999986e+00,8.90249999999999986e+00,1.26175790792968315e-02,-2.83461854884792253e-03,-2.83461478894621310e-03,-1.42308486663848870e-06,-1.42308297902675879e-06,-7.11541489513379396e-07,-2.13462635615186810e-06,-2.13462446854013819e-06
8.90975000000000072e+00,8.90975000000000072e+00,1.25970531992160868e-02,-2.82770445434987749e-03,-2.82770070972049401e-03,-1.41730434889462293e-06,-1.41730247200840811e-06,-7.08651236004204162e-07,-2.12595558489882719e-06,-2.12595370801261217e-06
8.91700000000000159e+00,8.91700000000000159e+00,1.25765773647087530e-02,-2.82081282771751152e-03,-2.82080909828613885e-03,-1.41155198457280546e-06,-1.41155011834254591e-06,-7.05775059171273060e-07,-2.11732704374407862e-06,-2.11732517751381886e-06
8.92425000000000068e+00,8.92425000000000068e+00,1.25561514132141831e-02,-2.81394357776088011e-03,-2.81393986345388836e-03,-1.40582761383124452e-06,-1.40582575818801972e-06,-7.02912879094009858e-07,-2.10874049292525449e-06,-2.10873863728202947e-06
8.93149999999999977e+00,8.93149999999999977e+00,1.25357751828312266e-02,-2.80709661373435004e-03,-2.80709291447824591e-03,-1.40013107786472526e-06,-1.40012923273997571e-06,-7.00064616369987855e-07,-2.10019569423471333e-06,-2.10019384910996335e-06
8.93875000000000064e+00,8.93875000000000064e+00,1.25154485123150343e-02,-2.80027184533382378e-03,-2.80026816105496479e-03,-1.39446221889692775e-06,-1.39446038422231166e-06,-6.97230192111155828e-07,-2.09169241100808358e-06,-2.09169057633346748e-06
8.94600000000000151e+00,8.94600000000000151e+00,1.24951712410738824e-02,-2.79346918269252065e-03,-2.79346551331855148e-03,-1.38882088017208034e-06,-1.38881905588018659e-06,-6.94409527940093294e-07,-2.08323040811217342e-06,-2.08322858382028010e-06
8.95325000000000060e+00,8.95325000000000060e+00,1.24749432091659940e-02,-2.78668853638108782e-03,-2.78668488183977719e-03,-1.38320690594882524e-06,-1.38320509197259022e-06,-6.91602545986295215e-07,-2.07480945193512067e-06,-2.07480763795888543e-06
8.96049999999999969e+00,8.96049999999999969e+00,1.24547642572963614e-02,-2.77992981740382561e-03,-2.77992617762320461e-03,-1.37762014149219015e-06,-1.37761833776496570e-06,-6.88809168882482743e-07,-2.06642931037467279e-06,-2.06642750664744855e-06
8.96775000000000055e+00,8.96775000000000055e+00,1.24346342268136390e-02,-2.77319293719613391e-03,-2.77318931210473931e-03,-1.37206043306623406e-06,-1.37205863952190396e-06,-6.86029319760951981e-07,-2.05808975282718604e-06,-2.05808795928285594e-06
8.97500000000000142e+00,8.97500000000000142e+00,1.24145529597070124e-02,-2.76647780762273587e-03,-2.76647419714919464e-03,-1.36652762792711982e-06,-1.36652584449989312e-06,-6.83262922249946456e-07,-2.04979055017706638e-06,-2.04978876674983969e-06
8.98225000000000051e+00,8.98225000000000051e+00,1.23945202986031101e-02,-2.75978434097357006e-03,-2.75978074504786876e-03,-1.36102157431508661e-06,-1.36101980094012167e-06,-6.80509900470060833e-07,-2.04153147478514733e-06,-2.04152970141018239e-06
8.98949999999999960e+00,8.98949999999999960e+00,1.23745360867628992e-02,-2.75311244996478965e-03,-2.75310886851613552e-03,-1.35554212144899543e-06,-1.35554035806134070e-06,-6.77770179030670455e-07,-2.03331230047966610e-06,-2.03331053709201115e-06
8.99675000000000047e+00,8.99675000000000047e+00,1.23546001680786190e-02,-2.74646204773276725e-03,-2.74645848069105360e-03,-1.35008911951747108e-06,-1.35008736605278721e-06,-6.75043683026393607e-07,-2.02513280254386469e-06,-2.02513104907918082e-06
9.00399999999999956e+00,9.00399999999999956e+00,1.23347123870707759e-02,-2.73983304783265158e-03,-2.73982949512900425e-03,-1.34466241967234380e-06,-1.34466067606716811e-06,-6.72330338033583951e-07,-2.01699275770592764e-06,-2.01699101410075217e-06
9.01125000000000043e+00,9.01125000000000043e+00,1.23148725888850442e-02,-2.73322536423847851e-03,-2.73322182580331124e-03,-1.33926187402289404e-06,-1.33926014021368277e-06,-6.69630070106841279e-07,-2.00889194412973532e-06,-2.00889021032052426e-06
9.01850000000000129e+00,9.01850000000000129e+00,1.22950806192893124e-02,-2.72663891133706482e-03,-2.72663538710191502e-03,-1.33388733562709910e-06,-1.33388561155112607e-06,-6.66942805775563033e-07,-2.00083014140266203e-06,-2.00082841732668920e-06
9.02575000000000038e+00,9.02575000000000038e+00,1.22753363246706580e-02,-2.72007360392834130e-03,-2.72007009382503563e-03,-1.32853865848608522e-06,-1.32853694408103018e-06,-6.64268472040514983e-07,-1.99280713052660042e-06,-1.99280541612154495e-06
9.03300000000000125e+00,9.03300000000000125e+00,1.22556395520323509e-02,-2.71352935722268818e-03,-2.71352586118285164e-03,-1.32321569753715248e-06,-1.32321399274085888e-06,-6.61606996370429334e-07,-1.98482269390758192e-06,-1.98482098911128811e-06
9.04025000000000034e+00,9.04025000000000034e+00,1.22359901489909294e-02,-2.70700608683693833e-03,-2.70700260479321466e-03,-1.31791830864620635e-06,-1.31791661339727532e-06,-6.58958306698637660e-07,-1.97687661534484411e-06,-1.97687492009591309e-06
9.04750000000000121e+00,9.04750000000000121e+00,1.22163879637732144e-02,-2.70050370879415524e-03,-2.70050024067935079e-03,-1.31264634860207031e-06,-1.31264466283944009e-06,-6.56322331419720047e-07,-1.96896868002179036e-06,-1.96896699425916035e-06
9.05475000000000030e+00,9.05475000000000030e+00,1.21968328452134161e-02,-2.69402213952019132e-03,-2.69401868526760336e-03,-1.30739967510928076e-06,-1.30739799877238469e-06,-6.53698999386192237e-07,-1.96109867449547299e-06,-1.96109699815857692e-06
9.06200000000000117e+00,9.06200000000000117e+00,1.21773246427501706e-02,-2.68756129584224457e-03,-2.68755785538516215e-03,-1.30217814678189350e-06,-1.30217647981041478e-06,-6.51088239905207388e-07,-1.95326638668710067e-06,-1.95326471971562217e-06
9.06925000000000026e+00,9.06925000000000026e+00,1.21578632064237042e-02,-2.68112109498508389e-03,-2.68111766825783904e-03,-1.29698162313621473e-06,-1.29697996547059403e-06,-6.48489982735297013e-07,-1.94547160587151184e-06,-1.94546994820589093e-06
9.07650000000000112e+00,9.07650000000000112e+00,1.21384483868728858e-02,-2.67470145457138209e-03,-2.67469804150782461e-03,-1.29180996458555451e-06,-1.29180831616624944e-06,-6.45904158083124718e-07,-1.93771412266867944e-06,-1.93771247424937437e-06
9.08375000000000021e+00,9.08375000000000021e+00,1.21190800353324201e-02,-2.66830229261627583e-03,-2.66829889315148934e-03,-1.28666303243224435e-06,-1.28666139320055658e-06,-6.43330696600278182e-07,-1.92999372903252243e-06,-1.92999208980083465e-06
9.09100000000000108e+00,9.09100000000000108e+00,1.20997580036299492e-02,-2.66192352752836481e-03,-2.66192014159717270e-03,-1.28154068886279976e-06,-1.28153905876015124e-06,-6.40769529380075620e-07,-1.92231021824287548e-06,-1.92230858814022675e-06
9.09825000000000017e+00,9.09825000000000017e+00,1.20804821441832591e-02,-2.65556507810527087e-03,-2.65556170564301003e-03,-1.27644279694051128e-06,-1.27644117590881589e-06,-6.38220587954408050e-07,-1.91466338489491933e-06,-1.91466176386322394e-06
9.10550000000000104e+00,9.10550000000000104e+00,1.20612523099974233e-02,-2.64922686353197268e-03,-2.64922350447475106e-03,-1.27136922059940748e-06,-1.27136760858119170e-06,-6.35683804290595742e-07,-1.90705302489000312e-06,-1.90705141287178733e-06
9.11275000000000013e+00,9.11275000000000013e+00,1.20420683546620440e-02,-2.64290880338002854e-03,-2.64290545766361282e-03,-1.26631982463869733e-06,-1.26631822157656387e-06,-6.33159110788281829e-07,-1.89947893542697926e-06,-1.89947733236484559e-06
9.12000000000000099e+00,9.12000000000000099e+00,1.20229301323484129e-02,-2.63661081760335758e-03,-2.63660748516412547e-03,-1.26129447471559140e-06,-1.26129288055267492e-06,-6.30646440276337461e-07,-1.89194091499192896e-06,-1.89193932082901228e-06
9.12725000000000009e+00,9.12725000000000009e+00,1.20038374978067956e-02,-2.63033282653690748e-03,-2.63032950731201514e-03,-1.25629303733956427e-06,-1.25629145201960803e-06,-6.28145726009804119e-07,-1.88443876334936829e-06,-1.88443717802941204e-06
9.13450000000000095e+00,9.13450000000000095e+00,1.19847903063636275e-02,-2.62407475089565523e-03,-2.62407144482207583e-03,-1.25131537986680458e-06,-1.25131380333369877e-06,-6.25656901666849280e-07,-1.87697228153365375e-06,-1.87697070500054795e-06
9.14175000000000004e+00,9.14175000000000004e+00,1.19657884139188087e-02,-2.61783651177083243e-03,-2.61783321878607689e-03,-1.24636137049338747e-06,-1.24635980269151190e-06,-6.23179901345755842e-07,-1.86954127183914321e-06,-1.86953970403726784e-06
9.14900000000000091e+00,9.14900000000000091e+00,1.19468316769429511e-02,-2.61161803062859299e-03,-2.61161475067066360e-03,-1.24143087824965140e-06,-1.24142931912385087e-06,-6.20714659561925433e-07,-1.86214553781157683e-06,-1.86214397868577630e-06
9.15625000000000000e+00,9.15625000000000000e+00,1.19279199524746950e-02,-2.60541922930812575e-03,-2.60541596231529194e-03,-1.23652377299435673e-06,-1.23652222248983140e-06,-6.18261111244915698e-07,-1.85478488423927243e-06,-1.85478333373474709e-06
9.16350000000000087e+00,9.16350000000000087e+00,1.19090530981179818e-02,-2.59924003001965609e-03,-2.59923677593015346e-03,-1.23163992540882053e-06,-1.23163838347098271e-06,-6.15819191735491461e-07,-1.84745911714431189e-06,-1.84745757520647407e-06
9.17074999999999996e+00,9.17074999999999996e+00,1.18902309720394107e-02,-2.59308035534133730e-03,-2.59307711409413871e-03,-1.22677920699057921e-06,-1.22677767356541573e-06,-6.13388836782707864e-07,-1.84016804377328707e-06,-1.84016651034812359e-06
9.17800000000000082e+00,9.17800000000000082e+00,1.18714534329655320e-02,-2.58694012821836239e-03,-2.58693689975278505e-03,-1.22194149004813037e-06,-1.22193996508201495e-06,-6.10969982541007473e-07,-1.83291147258913784e-06,-1.83290994762302242e-06
9.18524999999999991e+00,9.18524999999999991e+00,1.18527203401802457e-02,-2.58081927196029959e-03,-2.58081605621626959e-03,-1.21712664769488609e-06,-1.21712513113470170e-06,-6.08562565567350852e-07,-1.82568921326223705e-06,-1.82568769670205266e-06
9.19250000000000078e+00,9.19250000000000078e+00,1.18340315535221067e-02,-2.57471771024053719e-03,-2.57471450715737954e-03,-1.21233455384414891e-06,-1.21233304563671502e-06,-6.06166522818357511e-07,-1.81850107666250653e-06,-1.81849956845507243e-06
9.19974999999999987e+00,9.19974999999999987e+00,1.18153869333817579e-02,-2.56863536709128759e-03,-2.56863217660952903e-03,-1.20756508320204167e-06,-1.20756358329496273e-06,-6.03781791647481470e-07,-1.81134687484952314e-06,-1.81134537494244420e-06
9.20700000000000074e+00,9.20700000000000074e+00,1.17967863406992814e-02,-2.56257216690469747e-03,-2.56256898896476152e-03,-1.20281811126334858e-06,-1.20281661960439717e-06,-6.01408309802198690e-07,-1.80422642106554726e-06,-1.80422492940659586e-06
9.21424999999999983e+00,9.21424999999999983e+00,1.17782296369616391e-02,-2.55652803442907306e-03,-2.55652486897178614e-03,-1.19809351430509808e-06,-1.19809203084245104e-06,-5.99046015421225413e-07,-1.79713952972632339e-06,-1.79713804626367656e-06
9.22150000000000070e+00,9.22150000000000070e+00,1.17597166842000594e-02,-2.55050289476754788e-03,-2.55049974173400399e-03,-1.19339116938132738e-06,-1.19338969406350055e-06,-5.96694847031750168e-07,-1.79008601641307754e-06,-1.79008454109525072e-06
9.22874999999999979e+00,9.22874999999999979e+00,1.17412473449875106e-02,-2.54449667337519614e-03,-2.54449353270757390e-03,-1.18871095431716267e-06,-1.18870948709339084e-06,-5.94354743546695418e-07,-1.78306569786385809e-06,-1.78306423064008625e-06
9.23600000000000065e+00,9.23600000000000065e+00,1.17228214824361184e-02,-2.53850929605980991e-03,-2.53850616769946266e-03,-1.18405274770464314e-06,-1.18405128852398509e-06,-5.92025644261992547e-07,-1.77607839196663558e-06,-1.77607693278597754e-06
9.24324999999999974e+00,9.24324999999999974e+00,1.17044389601946436e-02,-2.53254068897657003e-03,-2.53253757286552765e-03,-1.17941642889573329e-06,-1.17941497770777279e-06,-5.89707488853886289e-07,-1.76912391774961947e-06,-1.76912246656165918e-06
9.25050000000000061e+00,9.25050000000000061e+00,1.16860996424459577e-02,-2.52659077862726900e-03,-2.52658767470860090e-03,-1.17480187799749511e-06,-1.17480043475250603e-06,-5.87400217376253119e-07,-1.76220209537374812e-06,-1.76220065212875925e-06
9.25774999999999970e+00,9.25774999999999970e+00,1.16678033939045470e-02,-2.52065949186053295e-03,-2.52065640007659471e-03,-1.17020897586776459e-06,-1.17020754051589438e-06,-5.85103770257946979e-07,-1.75531274612571157e-06,-1.75531131077384136e-06
9.26500000000000057e+00,9.26500000000000057e+00,1.16495500798139782e-02,-2.51474675586682572e-03,-2.51474367616059957e-03,-1.16563760410842672e-06,-1.16563617660031729e-06,-5.82818088300158645e-07,-1.74845569240858547e-06,-1.74845426490047604e-06
9.27224999999999966e+00,9.27224999999999966e+00,1.16313395659444780e-02,-2.50885249817789369e-03,-2.50884943049302584e-03,-1.16108764506080464e-06,-1.16108622534760845e-06,-5.80543112673804223e-07,-1.74163075773460886e-06,-1.74162933802141267e-06
9.27950000000000053e+00,9.27950000000000053e+00,1.16131717185903992e-02,-2.50297664666543351e-03,-2.50297359094571892e-03,-1.15655898180071151e-06,-1.15655756983384930e-06,-5.78278784916924650e-07,-1.73483776671763626e-06,-1.73483635475077384e-06
9.28674999999999962e+00,9.28674999999999962e+00,1.15950464045678284e-02,-2.49711912953864967e-03,-2.49711608572812443e-03,-1.15205149813302714e-06,-1.15205009386423033e-06,-5.76025046932115057e-07,-1.72807654506514230e-06,-1.72807514079634528e-06
9.29400000000000048e+00,9.29400000000000048e+00,1.15769634912120875e-02,-2.49127987534247808e-03,-2.49127684338542850e-03,-1.14756507858661689e-06,-1.14756368196792922e-06,-5.73781840983964609e-07,-1.72134691957058150e-06,-1.72134552295189383e-06
9.30124999999999957e+00,9.30124999999999957e+00,1.15589228463753614e-02,-2.48545881295580973e-03,-2.48545579279674505e-03,-1.14309960840928735e-06,-1.14309821939305178e-06,-5.71549109696525889e-07,-1.71464871810581323e-06,-1.71464732908957767e-06
9.30850000000000044e+00,9.30850000000000044e+00,1.15409243384242272e-02,-2.47965587158938128e-03,-2.47965286317327737e-03,-1.13865497356261922e-06,-1.13865359210158720e-06,-5.69326796050793602e-07,-1.70798176961341283e-06,-1.70798038815238081e-06
9.31575000000000131e+00,9.31575000000000131e+00,1.15229678362373123e-02,-2.47387098078410972e-03,-2.47386798405653009e-03,-1.13423106071704229e-06,-1.13422968676442816e-06,-5.67114843382214081e-07,-1.70134590409925637e-06,-1.70134453014664224e-06
9.32300000000000040e+00,9.32300000000000040e+00,1.15050532092028594e-02,-2.46810407041042623e-03,-2.46810108531649855e-03,-1.12982775724739986e-06,-1.12982639075640866e-06,-5.64913195378204436e-07,-1.69474095262560430e-06,-1.69473958613461310e-06
9.33025000000000126e+00,9.33025000000000126e+00,1.14871803272163613e-02,-2.46235507066383530e-03,-2.46235209714988548e-03,-1.12544495122681442e-06,-1.12544359215139020e-06,-5.62721796075695102e-07,-1.68816674730250952e-06,-1.68816538822708531e-06
9.33750000000000036e+00,9.33750000000000036e+00,1.14693490606782335e-02,-2.45662391206646902e-03,-2.45662095007833639e-03,-1.12108253142333754e-06,-1.12108117971738965e-06,-5.60540589858694719e-07,-1.68162312128203236e-06,-1.68162176957608426e-06
9.34475000000000122e+00,9.34475000000000122e+00,1.14515592804913975e-02,-2.45091052546264621e-03,-2.45090757494665886e-03,-1.11674038729388095e-06,-1.11673904291172911e-06,-5.58369521455864555e-07,-1.67510990874974550e-06,-1.67510856436759367e-06
9.35200000000000031e+00,9.35200000000000031e+00,1.14338108580590257e-02,-2.44521484201787320e-03,-2.44521190292109171e-03,-1.11241840897976640e-06,-1.11241707187624915e-06,-5.56208535938124679e-07,-1.66862694491789097e-06,-1.66862560781437372e-06
9.35925000000000118e+00,9.35925000000000118e+00,1.14161036652821388e-02,-2.43953679321839978e-03,-2.43953386548754168e-03,-1.10811648730254451e-06,-1.10811515743252854e-06,-5.54057578716264270e-07,-1.66217406601880889e-06,-1.66217273614879292e-06
9.36650000000000027e+00,9.36650000000000027e+00,1.13984375745573591e-02,-2.43387631086744438e-03,-2.43387339444987123e-03,-1.10383451375834083e-06,-1.10383319107716802e-06,-5.51916595538583906e-07,-1.65575110929692474e-06,-1.65574978661575193e-06
9.37375000000000114e+00,9.37375000000000114e+00,1.13808124587745606e-02,-2.42823332708497208e-03,-2.42823042192816295e-03,-1.09957238051384364e-06,-1.09957106497708987e-06,-5.49785532488544934e-07,-1.64935791300238857e-06,-1.64935659746563480e-06
9.38100000000000023e+00,9.38100000000000023e+00,1.13632281913146269e-02,-2.42260777430491903e-03,-2.42260488035702520e-03,-1.09532998040116606e-06,-1.09532867196489192e-06,-5.47664335982445852e-07,-1.64299431638361181e-06,-1.64299300794733766e-06
9.38825000000000109e+00,9.38825000000000109e+00,1.13456846460471376e-02,-2.41699958527485936e-03,-2.41699670248387861e-03,-1.09110720691384342e-06,-1.09110590553421791e-06,-5.45552952767108956e-07,-1.63666015968095238e-06,-1.63665885830132687e-06
9.39550000000000018e+00,9.39550000000000018e+00,1.13281816973281428e-02,-2.41140869305289662e-03,-2.41140582136728076e-03,-1.08690395420160980e-06,-1.08690265983518416e-06,-5.43451329917592078e-07,-1.63035528411920177e-06,-1.63035398975277634e-06
9.40275000000000105e+00,9.40275000000000105e+00,1.13107192199978709e-02,-2.40583503100699758e-03,-2.40583217037523486e-03,-1.08272011706630261e-06,-1.08271882966981993e-06,-5.41359414834909964e-07,-1.62407953190121258e-06,-1.62407824450472989e-06
9.41000000000000014e+00,9.41000000000000014e+00,1.12932970893785418e-02,-2.40027853281221670e-03,-2.40027568318353698e-03,-1.07855559095685393e-06,-1.07855431048756571e-06,-5.39277155243782857e-07,-1.61783274620063668e-06,-1.61783146573134868e-06
9.41725000000000101e+00,9.41725000000000101e+00,1.12759151812720938e-02,-2.39473913245058512e-03,-2.39473629377410461e-03,-1.07441027196550398e-06,-1.07440899838078309e-06,-5.37204499190391547e-07,-1.61161477115589542e-06,-1.61161349757117475e-06
9.42450000000000010e+00,9.42450000000000010e+00,1.12585733719580087e-02,-2.38921676420800200e-03,-2.38921393643334043e-03,-1.07028405682270332e-06,-1.07028279008032073e-06,-5.35141395040160364e-07,-1.60542545186286358e-06,-1.60542418512048099e-06
9.43175000000000097e+00,9.43175000000000097e+00,1.12412715381910774e-02,-2.38371136267367945e-03,-2.38370854575048648e-03,-1.06617684289318450e-06,-1.06617558295109433e-06,-5.33087791475547271e-07,-1.59926463436873178e-06,-1.59926337442664160e-06
9.43900000000000006e+00,9.43900000000000006e+00,1.12240095571992417e-02,-2.37822286273747796e-03,-2.37822005661600649e-03,-1.06208852817112380e-06,-1.06208727498771936e-06,-5.31043637493859682e-07,-1.59313216566498348e-06,-1.59313091248157905e-06
9.44625000000000092e+00,9.44625000000000092e+00,1.12067873066813827e-02,-2.37275119958946235e-03,-2.37274840421995660e-03,-1.05801901127632111e-06,-1.05801776481015920e-06,-5.29008882405079602e-07,-1.58702789368140081e-06,-1.58702664721523870e-06
9.45350000000000001e+00,9.45350000000000001e+00,1.11896046648051941e-02,-2.36729630871712615e-03,-2.36729352405039284e-03,-1.05396819144936931e-06,-1.05396695165942411e-06,-5.26983475829712054e-07,-1.58095166727908136e-06,-1.58095042748913616e-06
9.46075000000000088e+00,9.46075000000000088e+00,1.11724615102049840e-02,-2.36185812590505861e-03,-2.36185535189175960e-03,-1.04993596854794024e-06,-1.04993473539328629e-06,-5.24967367696643147e-07,-1.57490333624458350e-06,-1.57490210308992955e-06
9.46799999999999997e+00,9.46799999999999997e+00,1.11553577219795710e-02,-2.35643658723194704e-03,-2.35643382382331448e-03,-1.04592224304191428e-06,-1.04592101648204371e-06,-5.22960508241021857e-07,-1.56888275128293625e-06,-1.56888152472306568e-06
9.47525000000000084e+00,9.47525000000000084e+00,1.11382931796901192e-02,-2.35103162907035479e-03,-2.35102887621753886e-03,-1.04192691600976920e-06,-1.04192569600430035e-06,-5.20962848002150176e-07,-1.56288976401191948e-06,-1.56288854400645042e-06
9.48249999999999993e+00,9.48249999999999993e+00,1.11212677633580493e-02,-2.34564318808372363e-03,-2.34564044573858143e-03,-1.03794988913376945e-06,-1.03794867564279563e-06,-5.18974337821397817e-07,-1.55692422695516716e-06,-1.55692301346419334e-06
9.48975000000000080e+00,9.48975000000000080e+00,1.11042813534629053e-02,-2.34027120122637378e-03,-2.34026846934068953e-03,-1.03399106469650604e-06,-1.03398985768024826e-06,-5.16994928840124131e-07,-1.55098599353663006e-06,-1.55098478652037229e-06
9.49699999999999989e+00,9.49699999999999989e+00,1.10873338309402658e-02,-2.33491560574083934e-03,-2.33491288426666659e-03,-1.03005034557628974e-06,-1.03004914499524726e-06,-5.15024572497623628e-07,-1.54507491807391347e-06,-1.54507371749287078e-06
9.50425000000000075e+00,9.50425000000000075e+00,1.10704250771796638e-02,-2.32957633915620299e-03,-2.32957362804632950e-03,-1.02612763524300866e-06,-1.02612644105816204e-06,-5.13063220529081128e-07,-1.53919085577208979e-06,-1.53918966158724317e-06
9.51149999999999984e+00,9.51149999999999984e+00,1.10535549740225017e-02,-2.32425333928809597e-03,-2.32425063849498034e-03,-1.02222283775475302e-06,-1.02222164992709408e-06,-5.11110824963546935e-07,-1.53333366271829996e-06,-1.53333247489064102e-06
9.51875000000000071e+00,9.51875000000000071e+00,1.10367234037599855e-02,-2.31894654423525637e-03,-2.31894385371188110e-03,-1.01833585775294093e-06,-1.01833467624384751e-06,-5.09167338121923753e-07,-1.52750319587486479e-06,-1.52750201436577137e-06
9.52599999999999980e+00,9.52599999999999980e+00,1.10199302491310915e-02,-2.31365589237930713e-03,-2.31365321207875098e-03,-1.01446660045889911e-06,-1.01446542522994534e-06,-5.07232712614972774e-07,-1.52169931307387199e-06,-1.52169813784491800e-06
9.53325000000000067e+00,9.53325000000000067e+00,1.10031753933204860e-02,-2.30838132238264659e-03,-2.30837865225825070e-03,-1.01061497166963026e-06,-1.01061380268265900e-06,-5.05306901341329500e-07,-1.51592187301095976e-06,-1.51592070402398850e-06
9.54049999999999976e+00,9.54049999999999976e+00,1.09864587199565433e-02,-2.30312277318667213e-03,-2.30312011319250450e-03,-1.00678087775376173e-06,-1.00677971497108509e-06,-5.03389857485542546e-07,-1.51017073523930438e-06,-1.51016957245662753e-06
9.54775000000000063e+00,9.54775000000000063e+00,1.09697801131092790e-02,-2.29788018401200222e-03,-2.29787753410160044e-03,-1.00296422564838562e-06,-1.00296306903223462e-06,-5.01481534516117312e-07,-1.50444576016450304e-06,-1.50444460354835183e-06
9.55499999999999972e+00,9.55499999999999972e+00,1.09531394572883693e-02,-2.29265349435470167e-03,-2.29265085448212853e-03,-9.99164922854184363e-07,-9.99163772367169069e-07,-4.99581886183584534e-07,-1.49874680903776879e-06,-1.49874565855075350e-06
9.56225000000000058e+00,9.56225000000000058e+00,1.09365366374411365e-02,-2.28744264398550445e-03,-2.28744001410570441e-03,-9.95382877431887347e-07,-9.95381733037150597e-07,-4.97690866518575299e-07,-1.49307374395046275e-06,-1.49307259955572600e-06
9.56949999999999967e+00,9.56949999999999967e+00,1.09199715389505791e-02,-2.28224757295003577e-03,-2.28224495301752005e-03,-9.91617997999191532e-07,-9.91616859659834030e-07,-4.95808429829917015e-07,-1.48742642782910865e-06,-1.48742528948975115e-06
9.57675000000000054e+00,9.57675000000000054e+00,1.09034440476333608e-02,-2.27706822156570343e-03,-2.27706561153488609e-03,-9.87870193726248037e-07,-9.87869061405474883e-07,-4.93934530702737336e-07,-1.48180472442898548e-06,-1.48180359210821211e-06
9.58399999999999963e+00,9.58399999999999963e+00,1.08869540497378760e-02,-2.27190453041947737e-03,-2.27190193024580074e-03,-9.84139374331571394e-07,-9.84138247993179552e-07,-4.92069123996589776e-07,-1.47620849832816117e-06,-1.47620737198976933e-06
9.59125000000000050e+00,9.59125000000000050e+00,1.08705014319422782e-02,-2.26675644036855584e-03,-2.26675385000751255e-03,-9.80425450079220620e-07,-9.80424329687172016e-07,-4.90212164843586008e-07,-1.47063761492280663e-06,-1.47063649453075802e-06
9.59849999999999959e+00,9.59849999999999959e+00,1.08540860813525330e-02,-2.26162389253814489e-03,-2.26162131194510268e-03,-9.76728331774752521e-07,-9.76727217293098442e-07,-4.88363608646549115e-07,-1.46509194042130164e-06,-1.46509082593964756e-06
9.60575000000000045e+00,9.60575000000000045e+00,1.08377078855004753e-02,-2.25650682831923799e-03,-2.25650425745006376e-03,-9.73047930761199343e-07,-9.73046822154347886e-07,-4.86523411077173943e-07,-1.45957134183837339e-06,-1.45957023323152194e-06
9.61300000000000132e+00,9.61300000000000132e+00,1.08213667323418996e-02,-2.25140518936828293e-03,-2.25140262817890300e-03,-9.69384158915890066e-07,-9.69383056148416409e-07,-4.84691528074208310e-07,-1.45407568699009838e-06,-1.45407458422262472e-06
9.62025000000000041e+00,9.62025000000000041e+00,1.08050625102546344e-02,-2.24631891760473934e-03,-2.24631636605174181e-03,-9.65736928646381686e-07,-9.65735831683285367e-07,-4.82867915841642578e-07,-1.44860484448802416e-06,-1.44860374752492805e-06
9.62750000000000128e+00,9.62750000000000128e+00,1.07887951080366303e-02,-2.24124795521096765e-03,-2.24124541325092285e-03,-9.62106152887417303e-07,-9.62105061693828729e-07,-4.81052530846914259e-07,-1.44315868373433156e-06,-1.44315759254074299e-06
9.63475000000000037e+00,9.63475000000000037e+00,1.07725644149040765e-02,-2.23619224463023070e-03,-2.23618971221963741e-03,-9.58491745097100713e-07,-9.58490659638256594e-07,-4.79245329819128191e-07,-1.43773707491622901e-06,-1.43773598945738489e-06
9.64200000000000124e+00,9.64200000000000124e+00,1.07563703204894921e-02,-2.23115172856447330e-03,-2.23114920566054586e-03,-9.54893619252991160e-07,-9.54892539494572474e-07,-4.77446269747286131e-07,-1.43233988900027740e-06,-1.43233880924185871e-06
9.64925000000000033e+00,9.64925000000000033e+00,1.07402127148398911e-02,-2.22612634997465531e-03,-2.22612383653442289e-03,-9.51311689849327400e-07,-9.51310615757070710e-07,-4.75655307878535355e-07,-1.42696699772786270e-06,-1.42696592363560612e-06
9.65650000000000119e+00,9.65650000000000119e+00,1.07240914884148605e-02,-2.22111605207808704e-03,-2.22111354805879131e-03,-9.47745871892976653e-07,-9.47744803432844365e-07,-4.73872401716422183e-07,-1.42161827360939889e-06,-1.42161720514926660e-06
9.66375000000000028e+00,9.66375000000000028e+00,1.07080065320847590e-02,-2.21612077834709709e-03,-2.21611828370658556e-03,-9.44196080899990578e-07,-9.44195018038337271e-07,-4.72097509019168636e-07,-1.41629358991915932e-06,-1.41629252705750591e-06
9.67100000000000115e+00,9.67100000000000115e+00,1.06919577371288269e-02,-2.21114047250836609e-03,-2.21113798720480332e-03,-9.40662232892457369e-07,-9.40661175595904865e-07,-4.70330587797952327e-07,-1.41099282069040970e-06,-1.41099176339385719e-06
9.67825000000000024e+00,9.67825000000000024e+00,1.06759449952333885e-02,-2.20617507854170558e-03,-2.20617260253318280e-03,-9.37144244395144551e-07,-9.37143192630414301e-07,-4.68571596315207097e-07,-1.40571584071035170e-06,-1.40571478894562145e-06
9.68550000000000111e+00,9.68550000000000111e+00,1.06599681984899716e-02,-2.20122454067872564e-03,-2.20122207392286834e-03,-9.33642032432111053e-07,-9.33640986165858015e-07,-4.66820493082928955e-07,-1.40046252551503995e-06,-1.40046147924878702e-06
9.69275000000000020e+00,9.69275000000000020e+00,1.06440272393935470e-02,-2.19628880339917121e-03,-2.19628634585510756e-03,-9.30155514522359811e-07,-9.30154473722006253e-07,-4.65077236861003232e-07,-1.39523275138336299e-06,-1.39523171058300943e-06
9.70000000000000107e+00,9.70000000000000107e+00,1.06281220108406828e-02,-2.19136781143347559e-03,-2.19136536305993435e-03,-9.26684608678143177e-07,-9.26683573311070072e-07,-4.63341786655535036e-07,-1.39002639533367821e-06,-1.39002535996660521e-06
9.70725000000000016e+00,9.70725000000000016e+00,1.06122524061277625e-02,-2.18646150975931874e-03,-2.18645907051487559e-03,-9.23229233400750200e-07,-9.23228203434401729e-07,-4.61614101717200865e-07,-1.38484333511795106e-06,-1.38484230515160270e-06
9.71450000000000102e+00,9.71450000000000102e+00,1.05964183189491742e-02,-2.18156984359962891e-03,-2.18156741344365098e-03,-9.19789307676926530e-07,-9.19788283079208087e-07,-4.59894141539603991e-07,-1.37968344921653052e-06,-1.37968242461881208e-06
9.72175000000000011e+00,9.72175000000000011e+00,1.05806196433955689e-02,-2.17669275842258259e-03,-2.17669033731490106e-03,-9.16364750976164450e-07,-9.16363731715302240e-07,-4.58181865857651014e-07,-1.37454661683381546e-06,-1.37454559757295325e-06
9.72900000000000098e+00,9.72900000000000098e+00,1.05648562739520460e-02,-2.17183019994104942e-03,-2.17182778784089743e-03,-9.12955483247770547e-07,-9.12954469291863722e-07,-4.56477234645931755e-07,-1.36943271789370230e-06,-1.36943170393779537e-06
9.73625000000000007e+00,9.73625000000000007e+00,1.05491281054964255e-02,-2.16698211410915054e-03,-2.16697971097628466e-03,-9.09561424916745536e-07,-9.09560416234237565e-07,-4.54780208117118782e-07,-1.36434163303386432e-06,-1.36434062435135624e-06
9.74350000000000094e+00,9.74350000000000094e+00,1.05334350332974627e-02,-2.16214844712236953e-03,-2.16214605291680829e-03,-9.06182496881176455e-07,-9.06181493440743636e-07,-4.53090746720371871e-07,-1.35927324360154827e-06,-1.35927224016111556e-06
9.75075000000000003e+00,9.75075000000000003e+00,1.05177769530131505e-02,-2.15732914541577614e-03,-2.15732676009807453e-03,-9.02818620508858382e-07,-9.02817622279523980e-07,-4.51408811139761990e-07,-1.35422743164862032e-06,-1.35422643341928592e-06
9.75800000000000090e+00,9.75800000000000090e+00,1.05021537606889322e-02,-2.15252415566413724e-03,-2.15252177919428821e-03,-8.99469717634724535e-07,-8.99468724585397569e-07,-4.49734362292698732e-07,-1.34920407992742337e-06,-1.34920308687809630e-06
9.76524999999999999e+00,9.76524999999999999e+00,1.04865653527560221e-02,-2.14773342477814211e-03,-2.14773105711702677e-03,-8.96135710556672626e-07,-8.96134722656753819e-07,-4.48067361328376910e-07,-1.34420307188504948e-06,-1.34420208398513068e-06
9.77250000000000085e+00,9.77250000000000085e+00,1.04710116260296488e-02,-2.14295689990540161e-03,-2.14295454101399822e-03,-8.92816522033406615e-07,-8.92815539252456252e-07,-4.46407769626228020e-07,-1.33922429165963469e-06,-1.33922330887868432e-06
9.77974999999999994e+00,9.77974999999999994e+00,1.04554924777073930e-02,-2.13819452842856084e-03,-2.13819217826782771e-03,-8.89512075281092210e-07,-8.89511097588780686e-07,-4.44755548794390290e-07,-1.33426762407548245e-06,-1.33426664638317103e-06
9.78700000000000081e+00,9.78700000000000081e+00,1.04400078053674336e-02,-2.13344625796407783e-03,-2.13344391649482627e-03,-8.86222293970308280e-07,-8.86221321336362850e-07,-4.43110660668181478e-07,-1.32933295463848965e-06,-1.32933198200454422e-06
9.79424999999999990e+00,9.79424999999999990e+00,1.04245575069669156e-02,-2.12871203635944806e-03,-2.12870970354379690e-03,-8.82947102222376560e-07,-8.82946134617184211e-07,-4.41473067308592106e-07,-1.32442016953096872e-06,-1.32441920192577637e-06
9.80150000000000077e+00,9.80150000000000077e+00,1.04091414808402220e-02,-2.12399181169564688e-03,-2.12398948749481639e-03,-8.79686424607873310e-07,-8.79685462001564166e-07,-4.39842731000782083e-07,-1.31952915560865545e-06,-1.31952819300234620e-06
9.80874999999999986e+00,9.80874999999999986e+00,1.03937596256973297e-02,-2.11928553228191152e-03,-2.11928321665805133e-03,-8.76440186141983439e-07,-8.76439228505187374e-07,-4.38219614252593687e-07,-1.31465980039457713e-06,-1.31465884275778096e-06
9.81600000000000072e+00,9.81600000000000072e+00,1.03784118406221332e-02,-2.11459314665773945e-03,-2.11459083957256161e-03,-8.73208312282863939e-07,-8.73207359586144123e-07,-4.36603679793072062e-07,-1.30981199207593611e-06,-1.30981103937921629e-06
9.82324999999999982e+00,9.82324999999999982e+00,1.03630980250707938e-02,-2.10991460358911365e-03,-2.10991230500512427e-03,-8.69990728927637943e-07,-8.69989781141999062e-07,-4.34994890570999584e-07,-1.30498561949863753e-06,-1.30498467171299865e-06
9.83050000000000068e+00,9.83050000000000068e+00,1.03478180788700910e-02,-2.10524985206950177e-03,-2.10524756194905432e-03,-8.66787362410379529e-07,-8.66786419506875608e-07,-4.33393209753437751e-07,-1.30018057216381733e-06,-1.30017962926031331e-06
9.83774999999999977e+00,9.83774999999999977e+00,1.03325719022157869e-02,-2.10059884131730268e-03,-2.10059655962304120e-03,-8.63598139498650840e-07,-8.63597201448567038e-07,-4.31798600724283572e-07,-1.29539674022293436e-06,-1.29539580217285056e-06
9.84500000000000064e+00,9.84500000000000064e+00,1.03173593956709907e-02,-2.09596152077529130e-03,-2.09595924746998254e-03,-8.60422987390881254e-07,-8.60422054165664303e-07,-4.30211027082832204e-07,-1.29063401447371346e-06,-1.29063308124849661e-06
9.85224999999999973e+00,9.85224999999999973e+00,1.03021804601645464e-02,-2.09133784010917534e-03,-2.09133557515583674e-03,-8.57261833713400655e-07,-8.57260905284710103e-07,-4.28630452642354998e-07,-1.28589228635575555e-06,-1.28589135792706500e-06
9.85950000000000060e+00,9.85950000000000060e+00,1.02870349969894082e-02,-2.08672774920626303e-03,-2.08672549256846843e-03,-8.54114606517533685e-07,-8.54113682857366411e-07,-4.27056841428683152e-07,-1.28117144794621689e-06,-1.28117052428604951e-06
9.86674999999999969e+00,9.86674999999999969e+00,1.02719229078010541e-02,-2.08213119817590719e-03,-2.08212894981651617e-03,-8.50981234277444574e-07,-8.50980315357613120e-07,-4.25490157678806454e-07,-1.27647139195625113e-06,-1.27647047303641957e-06
9.87400000000000055e+00,9.87400000000000055e+00,1.02568440946158562e-02,-2.07754813734550847e-03,-2.07754589722824708e-03,-8.47861645886174507e-07,-8.47860731678953898e-07,-4.23930365839476949e-07,-1.27179201172565140e-06,-1.27179109751843079e-06
9.88124999999999964e+00,9.88124999999999964e+00,1.02417984598095445e-02,-2.07297851726140347e-03,-2.07297628535044534e-03,-8.44755770653705205e-07,-8.44754861131659620e-07,-4.22377430565829757e-07,-1.26713320121953501e-06,-1.26713229169748932e-06
9.88850000000000051e+00,9.88850000000000051e+00,1.02267859061155649e-02,-2.06842228868875377e-03,-2.06842006494727506e-03,-8.41663538304618356e-07,-8.41662633440011384e-07,-4.20831316720005692e-07,-1.26249485502462394e-06,-1.26249395016001708e-06
9.89574999999999960e+00,9.89574999999999960e+00,1.02118063366235575e-02,-2.06387940260654990e-03,-2.06387718699917785e-03,-8.38584878973792270e-07,-8.38583978739583972e-07,-4.19291989369791986e-07,-1.25787686834358431e-06,-1.25787596810937601e-06
9.90300000000000047e+00,9.90300000000000047e+00,1.01968596547777710e-02,-2.05934981021060892e-03,-2.05934760270176133e-03,-8.35519723205364893e-07,-8.35518827574534176e-07,-4.17759413787267088e-07,-1.25327913699263203e-06,-1.25327824136180132e-06
9.91025000000000134e+00,9.91025000000000134e+00,1.01819457643754999e-02,-2.05483346291079894e-03,-2.05483126346469539e-03,-8.32468001949367382e-07,-8.32467110894916449e-07,-4.16233555447458277e-07,-1.24870155739682566e-06,-1.24870066634237462e-06
9.91750000000000043e+00,9.91750000000000043e+00,1.01670645695655648e-02,-2.05033031232892959e-03,-2.05032812091062540e-03,-8.29429646558645674e-07,-8.29428760054018346e-07,-4.14714380027009173e-07,-1.24414402658565479e-06,-1.24414314008102747e-06
9.92475000000000129e+00,9.92475000000000129e+00,1.01522159748467303e-02,-2.04584031029997337e-03,-2.04583812687407322e-03,-8.26404588787147779e-07,-8.26403706805707624e-07,-4.13201853402853865e-07,-1.23960644219000159e-06,-1.23960556020856154e-06
9.93200000000000038e+00,9.93200000000000038e+00,1.01373998850662148e-02,-2.04136340886873491e-03,-2.04136123340036522e-03,-8.23392760786388481e-07,-8.23391883301811727e-07,-4.11695941650905916e-07,-1.23508870243729445e-06,-1.23508782495271759e-06
9.93925000000000125e+00,9.93925000000000125e+00,1.01226162054181331e-02,-2.03689956029040609e-03,-2.03689739274454931e-03,-8.20394095103496714e-07,-8.20393222089502045e-07,-4.10196611044751128e-07,-1.23059070614824779e-06,-1.23058983313425323e-06
9.94650000000000034e+00,9.94650000000000034e+00,1.01078648414420040e-02,-2.03244871702790153e-03,-2.03244655737033200e-03,-8.17408524677985187e-07,-8.17407656108710570e-07,-4.08703828054355338e-07,-1.22611235273234058e-06,-1.22611148416306586e-06
9.95375000000000121e+00,9.95375000000000121e+00,1.00931456990212276e-02,-2.02801083175285779e-03,-2.02800867994900940e-03,-8.14435982840008042e-07,-8.14435118689553433e-07,-4.07217559344776664e-07,-1.22165354218478481e-06,-1.22165267803432999e-06
9.96100000000000030e+00,9.96100000000000030e+00,1.00784586843815863e-02,-2.02358585734307983e-03,-2.02358371335841511e-03,-8.11476403307207136e-07,-8.11475543549782818e-07,-4.05737771774891409e-07,-1.21721417508209849e-06,-1.21721331532467417e-06
9.96825000000000117e+00,9.96825000000000117e+00,1.00638037040897532e-02,-2.01917374688098672e-03,-2.01917161068186548e-03,-8.08529720181976126e-07,-8.08528864792250201e-07,-4.04264432396125153e-07,-1.21279415257810128e-06,-1.21279329718837525e-06
9.97550000000000026e+00,9.97550000000000026e+00,1.00491806650518118e-02,-2.01477445365483288e-03,-2.01477232520711966e-03,-8.05595867949855445e-07,-8.05595016902394584e-07,-4.02797508451197398e-07,-1.20839337640105279e-06,-1.20839252535359203e-06
9.98275000000000112e+00,9.98275000000000112e+00,1.00345894745117580e-02,-2.01038793115548842e-03,-2.01038581042533530e-03,-8.02674781476158359e-07,-8.02673934745740886e-07,-4.01336967372870443e-07,-1.20401174884902886e-06,-1.20401090211861128e-06
9.99000000000000021e+00,9.99000000000000021e+00,1.00200300400500580e-02,-2.00601413307588405e-03,-2.00601202003004159e-03,-7.99766396003686628e-07,-7.99765553565425551e-07,-3.99882776782712722e-07,-1.19964917278639935e-06,-1.19964833034813827e-06
9.99725000000000108e+00,9.99725000000000108e+00,1.00055022695821581e-02,-2.00165301331090006e-03,-2.00165090791610840e-03,-7.96870647150632825e-07,-7.96869808979731570e-07,-3.98434904489865785e-07,-1.19530555164049850e-06,-1.19530471346959746e-06
1.00045000000000002e+01,1.00045000000000002e+01,9.99100607135705067e-03,-1.99730452595603403e-03,-1.99730242817872973e-03,-7.93987470908013826e-07,-7.93986636979649459e-07,-3.96993318489824782e-07,-1.19098078939783866e-06,-1.19097995546947429e-06
1.00117500000000010e+01,1.00117500000000010e+01,9.97654135395579546e-03,-1.99296862530551344e-03,-1.99296653511240197e-03,-7.91116803636895722e-07,-7.91115973926446584e-07,-3.95557986963223292e-07,-1.18667479060011907e-06,-1.18667396088966982e-06
1.00190000000000001e+01,1.00190000000000001e+01,9.96210802629012189e-03,-1.98864526585129653e-03,-1.98864318320992554e-03,-7.88258582065993326e-07,-7.88257756549264766e-07,-3.94128878274632489e-07,-1.18238746034062576e-06,-1.18238663482389720e-06
1.00262500000000010e+01,1.00262500000000010e+01,9.94770599760095263e-03,-1.98433440228351632e-03,-1.98433232716139184e-03,-7.85412743289851909e-07,-7.85411921942724877e-07,-3.92705960971362385e-07,-1.17811870426121424e-06,-1.17811788291408731e-06
1.00335000000000001e+01,1.00335000000000001e+01,9.93333517745701063e-03,-1.98003598948903736e-03,-1.98003392185319401e-03,-7.82579224766296997e-07,-7.82578407564557255e-07,-3.91289203782278522e-07,-1.17386842854857552e-06,-1.17386761134683567e-06
1.00407500000000010e+01,1.00407500000000010e+01,9.91899547575336021e-03,-1.97574998254890222e-03,-1.97574792236702643e-03,-7.79757964313458321e-07,-7.79757151233240823e-07,-3.89878575616620411e-07,-1.16963653993007868e-06,-1.16963572684986118e-06
1.00480000000000000e+01,1.00480000000000000e+01,9.90468680271005056e-03,-1.97147633673899758e-03,-1.97147428397891154e-03,-7.76948900108087504e-07,-7.76948091125670880e-07,-3.88474045562835440e-07,-1.16542294567092294e-06,-1.16542213668850621e-06
1.00552500000000009e+01,1.00552500000000009e+01,9.89040906887064461e-03,-1.96721500752894407e-03,-1.96721296215820454e-03,-7.74151970683179486e-07,-7.74151165774827966e-07,-3.87075582887414036e-07,-1.16122755357059347e-06,-1.16122674866224195e-06
1.00625000000000000e+01,1.00625000000000000e+01,9.87616218510088163e-03,-1.96296595057943168e-03,-1.96296391256663497e-03,-7.71367114925004942e-07,-7.71366314067480707e-07,-3.85683157033740354e-07,-1.15705027195874519e-06,-1.15704947110122095e-06
1.00697500000000009e+01,1.00697500000000009e+01,9.86194606258724432e-03,-1.95872912174377412e-03,-1.95872709105732396e-03,-7.68594272071811679e-07,-7.68593475241889404e-07,-3.84296737620944702e-07,-1.15289100969275638e-06,-1.15289021286283400e-06
1.00770000000000000e+01,1.00770000000000000e+01,9.84776061283559705e-03,-1.95450447706568831e-03,-1.95450245367383103e-03,-7.65833381711058753e-07,-7.65832588885538629e-07,-3.82916294442769314e-07,-1.14874967615382807e-06,-1.14874888332830794e-06
1.00842500000000008e+01,1.00842500000000008e+01,9.83360574766979113e-03,-1.95029197277829525e-03,-1.95028995664918870e-03,-7.63084383777141551e-07,-7.63083594932877025e-07,-3.81541797466438460e-07,-1.14462618124358001e-06,-1.14462539239931548e-06
1.00914999999999999e+01,1.00914999999999999e+01,9.81948137923031178e-03,-1.94609156530234362e-03,-1.94608955640495707e-03,-7.60347218548831526e-07,-7.60346433663080294e-07,-3.80173216831540147e-07,-1.14052043538037162e-06,-1.14051965049462049e-06
1.00987500000000008e+01,1.00987500000000008e+01,9.80538741997290589e-03,-1.94190321124665388e-03,-1.94190120955027210e-03,-7.57621826647595688e-07,-7.57621045697824238e-07,-3.78810522848912172e-07,-1.13643234949650781e-06,-1.13643156854673646e-06
1.01059999999999999e+01,1.01059999999999999e+01,9.79132378266723592e-03,-1.93772686740745215e-03,-1.93772487288090952e-03,-7.54908149035496064e-07,-7.54907371999079934e-07,-3.77453685999540020e-07,-1.13236183503503614e-06,-1.13236105799861990e-06
1.01132500000000007e+01,1.01132500000000007e+01,9.77729038039549733e-03,-1.93356249076626074e-03,-1.93356050337833963e-03,-7.52206127012536263e-07,-7.52205353866916107e-07,-3.76102676933458001e-07,-1.12830880394599426e-06,-1.12830803080037411e-06
1.01204999999999998e+01,1.01204999999999998e+01,9.76328712655112445e-03,-1.92941003848834391e-03,-1.92940805820880873e-03,-7.49515702214245844e-07,-7.49514932937328608e-07,-3.74757466468664357e-07,-1.12427316868291020e-06,-1.12427239940599297e-06
1.01277500000000007e+01,1.01277500000000007e+01,9.74931393483741658e-03,-1.92526946792415110e-03,-1.92526749472240457e-03,-7.46836816610439096e-07,-7.46836051180074444e-07,-3.73418025590037169e-07,-1.12025484220047616e-06,-1.12025407677011172e-06
1.01349999999999998e+01,1.01349999999999998e+01,9.73537071926622484e-03,-1.92114073660643037e-03,-1.92113877045214107e-03,-7.44169412502305053e-07,-7.44168650896528575e-07,-3.72084325448264288e-07,-1.11625373795056939e-06,-1.11625297634479292e-06
1.01422500000000007e+01,1.01422500000000007e+01,9.72145739415662333e-03,-1.91702380224978430e-03,-1.91702184311304149e-03,-7.41513432520459536e-07,-7.41512674717552142e-07,-3.70756337358776071e-07,-1.11226976987923571e-06,-1.11226901207632821e-06
1.01494999999999997e+01,1.01494999999999997e+01,9.70757387413360290e-03,-1.91291862275078106e-03,-1.91291667060123228e-03,-7.38868819623226092e-07,-7.38868065601379225e-07,-3.69434032800689612e-07,-1.10830285242391565e-06,-1.10830209840206878e-06
1.01567500000000006e+01,1.01567500000000006e+01,9.69372007412673715e-03,-1.90882515618517878e-03,-1.90882321099303145e-03,-7.36235517093810193e-07,-7.36234766831513027e-07,-3.68117383415756566e-07,-1.10435290050956676e-06,-1.10435215024726949e-06
1.01639999999999997e+01,1.01639999999999997e+01,9.67989590936891783e-03,-1.90474336080859175e-03,-1.90474142254406110e-03,-7.33613468538820736e-07,-7.33612722014646196e-07,-3.66806361007323045e-07,-1.10041982954614389e-06,-1.10041908302196924e-06
1.01712500000000006e+01,1.01712500000000006e+01,9.66610129539501213e-03,-1.90067319505493604e-03,-1.90067126368833944e-03,-7.31002617885943455e-07,-7.31001875078583475e-07,-3.65500937539291737e-07,-1.09650355542523519e-06,-1.09650281261787521e-06
1.01784999999999997e+01,1.01784999999999997e+01,9.65233614804062237e-03,-1.89661461753520832e-03,-1.89661269303740675e-03,-7.28402909381759075e-07,-7.28402170270194320e-07,-3.64201085135097160e-07,-1.09260399451685634e-06,-1.09260325540529148e-06
1.01857500000000005e+01,1.01857500000000005e+01,9.63860038344075028e-03,-1.89256758703804095e-03,-1.89256566937942702e-03,-7.25814287590253479e-07,-7.25813552153363289e-07,-3.62906776076681644e-07,-1.08872106366693523e-06,-1.08872032823004493e-06
1.01929999999999996e+01,1.01929999999999996e+01,9.62489391802857051e-03,-1.88853206252659334e-03,-1.88853015167832249e-03,-7.23236697389937062e-07,-7.23235965606971777e-07,-3.61617982803485888e-07,-1.08485468019342284e-06,-1.08485394841045756e-06
1.02002500000000005e+01,1.02002500000000005e+01,9.61121666853411404e-03,-1.88450800313999522e-03,-1.88450609907288812e-03,-7.20670083972718810e-07,-7.20669355822878264e-07,-3.60334677911439185e-07,-1.08100476188415810e-06,-1.08100403373431745e-06
1.02075000000000014e+01,1.02075000000000014e+01,9.59756855198303643e-03,-1.88049536819057117e-03,-1.88049347087593135e-03,-7.18114392841180969e-07,-7.18113668303926837e-07,-3.59056834151963419e-07,-1.07717122699314449e-06,-1.07717050245589026e-06
1.02147500000000004e+01,1.02147500000000004e+01,9.58394948569534985e-03,-1.87649411716450665e-03,-1.87649222657340609e-03,-7.15569569807178478e-07,-7.15568848861960366e-07,-3.57784424430980130e-07,-1.07335399423815850e-06,-1.07335327329294039e-06
1.02220000000000013e+01,1.02220000000000013e+01,9.57035938728415143e-03,-1.87250420971962761e-03,-1.87250232582354724e-03,-7.13035560989349225e-07,-7.13034843615849351e-07,-3.56517421807924676e-07,-1.06955298279727379e-06,-1.06955226542377403e-06
1.02292500000000004e+01,1.02292500000000004e+01,9.55679817465441596e-03,-1.86852560568540049e-03,-1.86852372845602876e-03,-7.10512312811486359e-07,-7.10511598989541212e-07,-3.55255799494770606e-07,-1.06576811230625702e-06,-1.06576739848431177e-06
1.02365000000000013e+01,1.02365000000000013e+01,9.54326576600171214e-03,-1.86455826506237710e-03,-1.86455639447110060e-03,-7.07999772000705850e-07,-7.07999061710111999e-07,-3.53999530855056052e-07,-1.06199930285576201e-06,-1.06199859256516805e-06
1.02437500000000004e+01,1.02437500000000004e+01,9.52976207981101088e-03,-1.86060214801975210e-03,-1.86060028403875737e-03,-7.05497885584912582e-07,-7.05497178805845432e-07,-3.52748589402922663e-07,-1.05824647498783535e-06,-1.05824576820876810e-06
1.02510000000000012e+01,1.02510000000000012e+01,9.51628703485542585e-03,-1.85665721489669533e-03,-1.85665535749788787e-03,-7.03006600891709377e-07,-7.03005897604311089e-07,-3.51502948802155492e-07,-1.05450954969386487e-06,-1.05450884640646647e-06
1.02582500000000003e+01,1.02582500000000003e+01,9.50284055019500959e-03,-1.85272342619979824e-03,-1.85272157535544741e-03,-7.00525865545845629e-07,-7.00525165730469803e-07,-3.50262582865234848e-07,-1.05078844841108053e-06,-1.05078774859570470e-06
1.02655000000000012e+01,1.02655000000000012e+01,9.48942254517552708e-03,-1.84880074260362903e-03,-1.84879889828562191e-03,-6.98055627467851883e-07,-6.98054931104780332e-07,-3.49027465552390113e-07,-1.04708309302024205e-06,-1.04708239665717050e-06
1.02727500000000003e+01,1.02727500000000003e+01,9.47603293942725876e-03,-1.84488912494806812e-03,-1.84488728712900799e-03,-6.95595834871472796e-07,-6.95595141941330807e-07,-3.47797570970665404e-07,-1.04339340584213809e-06,-1.04339271291199621e-06
1.02800000000000011e+01,1.02800000000000011e+01,9.46267165286378102e-03,-1.84098853423930731e-03,-1.84098670289178598e-03,-6.93146436262492412e-07,-6.93145746745972080e-07,-3.46572873372986093e-07,-1.03971930963547845e-06,-1.03971862011895812e-06
1.02872500000000002e+01,1.02872500000000002e+01,9.44933860568078834e-03,-1.83709893164818450e-03,-1.83709710674491000e-03,-6.90707380436565752e-07,-6.90706694314474793e-07,-3.45353347157237449e-07,-1.03606072759380320e-06,-1.03606004147171214e-06
1.02945000000000011e+01,1.02945000000000011e+01,9.43603371835488244e-03,-1.83322027850951752e-03,-1.83321846002329047e-03,-6.88278616477438249e-07,-6.88277933730689729e-07,-3.44138966865344917e-07,-1.03241758334278322e-06,-1.03241690059603459e-06
1.03017500000000002e+01,1.03017500000000002e+01,9.42275691164239960e-03,-1.82935253632143802e-03,-1.82935072422499073e-03,-6.85860093755177672e-07,-6.85859414364729654e-07,-3.42929707182364880e-07,-1.02878980093754250e-06,-1.02878912154709459e-06
1.03090000000000011e+01,1.03090000000000011e+01,9.40950810657822240e-03,-1.82549566674383712e-03,-1.82549386101042233e-03,-6.83451761924081212e-07,-6.83451085871156777e-07,-3.41725542935578441e-07,-1.02517730485965965e-06,-1.02517662880673522e-06
1.03162500000000001e+01,1.03162500000000001e+01,9.39628722447461394e-03,-1.82164963159880955e-03,-1.82164783220154880e-03,-6.81053570921346702e-07,-6.81052898187189362e-07,-3.40526449093594628e-07,-1.02158002001494128e-06,-1.02157934728078404e-06
1.03235000000000010e+01,1.03235000000000010e+01,9.38309418692004002e-03,-1.81781439286865520e-03,-1.81781259978108962e-03,-6.78665470964835067e-07,-6.78664801530913755e-07,-3.39332400765456825e-07,-1.01799787173029194e-06,-1.01799720229637053e-06
1.03307500000000001e+01,1.03307500000000001e+01,9.36992891577801898e-03,-1.81398991269643428e-03,-1.81398812589173464e-03,-6.76287412551803384e-07,-6.76286746399517467e-07,-3.38143373199758734e-07,-1.01443078575156212e-06,-1.01443011959927631e-06
1.03380000000000010e+01,1.03380000000000010e+01,9.35679133318594210e-03,-1.81017615338341376e-03,-1.81017437283535320e-03,-6.73919346456483842e-07,-6.73918683567525233e-07,-3.36959341783762616e-07,-1.01087868824024641e-06,-1.01087802535128780e-06
1.03452500000000001e+01,1.03452500000000001e+01,9.34368136155395990e-03,-1.80637307738973352e-03,-1.80637130307222354e-03,-6.71561223728878206e-07,-6.71560564085057507e-07,-3.35780282042528754e-07,-1.00734150577140707e-06,-1.00734084612758626e-06
1.03525000000000009e+01,1.03525000000000009e+01,9.33059892356379039e-03,-1.80258064733351819e-03,-1.80257887922024435e-03,-6.69212995692979048e-07,-6.69212339276090028e-07,-3.34606169638044961e-07,-1.00381916533102406e-06,-1.00381850891413494e-06
1.03597500000000000e+01,1.03597500000000000e+01,9.31754394216762274e-03,-1.79879882598932284e-03,-1.79879706405417557e-03,-6.66874613944757832e-07,-6.66873960736736982e-07,-3.33436980368368491e-07,-1.00031159431312638e-06,-1.00031094110510553e-06
1.03670000000000009e+01,1.03670000000000009e+01,9.30451634058694459e-03,-1.79502757628802190e-03,-1.79502582050486046e-03,-6.64546030350697002e-07,-6.64545380333535450e-07,-3.32272690166767725e-07,-9.96818720517464780e-07,-9.96818070500303228e-07
1.03742500000000000e+01,1.03742500000000000e+01,9.29151604231144741e-03,-1.79126686131503288e-03,-1.79126511165847110e-03,-6.62227197045717933e-07,-6.62226550201751972e-07,-3.31113275100875986e-07,-9.93340472146594025e-07,-9.93339825302627958e-07
1.03815000000000008e+01,1.03815000000000008e+01,9.27854297109787819e-03,-1.78751664431120449e-03,-1.78751490075574389e-03,-6.59918066432102444e-07,-6.59917422743691554e-07,-3.29958711371845671e-07,-9.89876777803948168e-07,-9.89876134115537278e-07
1.03887499999999999e+01,1.03887499999999999e+01,9.26559705096893435e-03,-1.78377688867148443e-03,-1.78377515119122797e-03,-6.57618591177604233e-07,-6.57617950627025414e-07,-3.28808975313512760e-07,-9.86427566491116940e-07,-9.86426925940538120e-07
1.03960000000000008e+01,1.03960000000000008e+01,9.25267820621214314e-03,-1.78004755794269887e-03,-1.78004582651253231e-03,-6.55328724213242565e-07,-6.55328086783126136e-07,-3.27664043391563068e-07,-9.82992767604805527e-07,-9.82992130174689309e-07
1.04032499999999999e+01,1.04032499999999999e+01,9.23978636137876702e-03,-1.77632861582499579e-03,-1.77632689041958372e-03,-6.53048418732460008e-07,-6.53047784405418287e-07,-3.26523892202709144e-07,-9.79572310935169099e-07,-9.79571676608127378e-07
1.04105000000000008e+01,1.04105000000000008e+01,9.22692144128268131e-03,-1.77262002616973557e-03,-1.77261830676387895e-03,-6.50777628188975413e-07,-6.50776996947734329e-07,-3.25388498473867217e-07,-9.76166126662842683e-07,-9.76165495421601493e-07
1.04177499999999998e+01,1.04177499999999998e+01,9.21408337099930731e-03,-1.76892175297882481e-03,-1.76892003954775396e-03,-6.48516306295185139e-07,-6.48515678122691166e-07,-3.24257839061345583e-07,-9.72774145356530722e-07,-9.72773517184036749e-07
1.04250000000000007e+01,1.04250000000000007e+01,9.20127207586448823e-03,-1.76523376040516045e-03,-1.76523205292364272e-03,-6.46264407020974670e-07,-6.46263781900067026e-07,-3.23131890950033513e-07,-9.69396297971008077e-07,-9.69395672850100433e-07
1.04322499999999998e+01,1.04322499999999998e+01,9.18848748147343269e-03,-1.76155601275007623e-03,-1.76155431119335388e-03,-6.44021884591446338e-07,-6.44021262505200352e-07,-3.22010631252600123e-07,-9.66032515844046355e-07,-9.66031893757800475e-07
1.04395000000000007e+01,1.04395000000000007e+01,9.17572951367961152e-03,-1.75788847446356478e-03,-1.75788677880733954e-03,-6.41788693485669424e-07,-6.41788074417389970e-07,-3.20894037208694932e-07,-9.62682730694364303e-07,-9.62682111626084955e-07
1.04467499999999998e+01,1.04467499999999998e+01,9.16299809859370991e-03,-1.75423111014449962e-03,-1.75422942036398120e-03,-6.39564788435442957e-07,-6.39564172368316115e-07,-3.19782086184158057e-07,-9.59346874619601068e-07,-9.59346258552474225e-07
1.04540000000000006e+01,1.04540000000000006e+01,9.15029316258251721e-03,-1.75058388453808167e-03,-1.75058220060886100e-03,-6.37350124423049917e-07,-6.37349511340461981e-07,-3.18674755670230990e-07,-9.56024880093280854e-07,-9.56024267010693024e-07
1.04612499999999997e+01,1.04612499999999997e+01,9.13761463226790867e-03,-1.74694676253617232e-03,-1.74694508443406084e-03,-6.35144656680078899e-07,-6.35144046565556667e-07,-3.17572023282778333e-07,-9.52716679962857232e-07,-9.52716069848335000e-07
1.04685000000000006e+01,1.04685000000000006e+01,9.12496243452574213e-03,-1.74331970917684931e-03,-1.74331803687744033e-03,-6.32948340685967965e-07,-6.32947733523018753e-07,-3.16473866761509323e-07,-9.49422207447477288e-07,-9.49421600284528076e-07
1.04757499999999997e+01,1.04757499999999997e+01,9.11233649648484495e-03,-1.73970268964251940e-03,-1.73970102312194269e-03,-6.30761132166035182e-07,-6.30760527938420944e-07,-3.15380263969210419e-07,-9.46141396135245601e-07,-9.46140791907631363e-07
1.04830000000000005e+01,1.04830000000000005e+01,9.09973674552592461e-03,-1.73609566926069547e-03,-1.73609400849488197e-03,-6.28582987090485476e-07,-6.28582385781954827e-07,-3.14291192890977361e-07,-9.42874179981462837e-07,-9.42873578672932188e-07
1.04902499999999996e+01,1.04902499999999996e+01,9.08716310928056430e-03,-1.73249861350199819e-03,-1.73249695846725569e-03,-6.26413861672419367e-07,-6.26413263266916374e-07,-3.13206631633458187e-07,-9.39620493305877554e-07,-9.39619894900374561e-07
1.04975000000000005e+01,1.04975000000000005e+01,9.07461551563014564e-03,-1.72891148798048899e-03,-1.72890983865304029e-03,-6.24253712366696140e-07,-6.24253116848192293e-07,-3.12126558424096093e-07,-9.36380270790792234e-07,-9.36379675272288386e-07
1.05047500000000014e+01,1.05047500000000014e+01,9.06209389270484431e-03,-1.72533425845244892e-03,-1.72533261480850922e-03,-6.22102495868243066e-07,-6.22101903220765016e-07,-3.11050951610382455e-07,-9.33153447478625521e-07,-9.33152854831147471e-07
1.05120000000000005e+01,1.05120000000000005e+01,9.04959816888258571e-03,-1.72176689081504630e-03,-1.72176525283154204e-03,-6.19960169110334755e-07,-6.19959579318223087e-07,-3.09979789659111597e-07,-9.29939958769446299e-07,-9.29939368977334631e-07
1.05192500000000013e+01,1.05192500000000013e+01,9.03712827278802498e-03,-1.71820935110766904e-03,-1.71820771876094272e-03,-6.17826689263840361e-07,-6.17826102311282453e-07,-3.08913051155641280e-07,-9.26739740419481641e-07,-9.26739153466923733e-07
1.05265000000000004e+01,1.05265000000000004e+01,9.02468413329152522e-03,-1.71466160550892699e-03,-1.71465997877576107e-03,-6.15702013734922086e-07,-6.15701429606320355e-07,-3.07850714803160177e-07,-9.23552728538082316e-07,-9.23552144409480479e-07
1.05337500000000013e+01,1.05337500000000013e+01,9.01226567950814440e-03,-1.71112362033754017e-03,-1.71112199919461606e-03,-6.13586100164138063e-07,-6.13585518843915043e-07,-3.06792759421957522e-07,-9.20378859586095531e-07,-9.20378278265872512e-07
1.05410000000000004e+01,1.05410000000000004e+01,8.99987284079663101e-03,-1.70759536205045137e-03,-1.70759374647502706e-03,-6.11478906424560146e-07,-6.11478327897401060e-07,-3.05739163948700530e-07,-9.17218070373260729e-07,-9.17217491846101536e-07
1.05482500000000012e+01,1.05482500000000012e+01,8.98750554675841265e-03,-1.70407679724371430e-03,-1.70407518721274356e-03,-6.09380390620892362e-07,-6.09379814871428854e-07,-3.04689907435714427e-07,-9.14070298056606789e-07,-9.14069722307143281e-07
1.05555000000000003e+01,1.05555000000000003e+01,8.97516372723659861e-03,-1.70056789265060626e-03,-1.70056628814108254e-03,-6.07290511087605634e-07,-6.07289938100538914e-07,-3.03644969050269404e-07,-9.10935480137875038e-07,-9.10934907150808318e-07
1.05627500000000012e+01,1.05627500000000012e+01,8.96284731231497891e-03,-1.69706861514073992e-03,-1.69706701613026490e-03,-6.05209226387437584e-07,-6.05208656147740757e-07,-3.02604328073870378e-07,-9.07813554461307962e-07,-9.07812984221611135e-07
1.05700000000000003e+01,1.05700000000000003e+01,8.95055623231705809e-03,-1.69357893172084051e-03,-1.69357733818676585e-03,-6.03136495310497639e-07,-6.03135927803108977e-07,-3.01567963901554488e-07,-9.04704459212052127e-07,-9.04703891704663465e-07
1.05772500000000012e+01,1.05772500000000012e+01,8.93829041780502646e-03,-1.69009880953319147e-03,-1.69009722145265092e-03,-6.01072276872544487e-07,-6.01071712082379074e-07,-3.00535856041189484e-07,-9.01608132913733971e-07,-9.01607568123568558e-07
1.05845000000000002e+01,1.05845000000000002e+01,8.92604979957882690e-03,-1.68662821585374711e-03,-1.68662663320493672e-03,-5.99016530313158707e-07,-5.99015968225562768e-07,-2.99507984112781384e-07,-8.98524514425940091e-07,-8.98523952338344152e-07
1.05917500000000011e+01,1.05917500000000011e+01,8.91383430867514689e-03,-1.68316711809457509e-03,-1.68316554085493823e-03,-5.96969215095459967e-07,-5.96968655695565532e-07,-2.98484327847782819e-07,-8.95453542943242733e-07,-8.95452983543348298e-07
1.05990000000000002e+01,1.05990000000000002e+01,8.90164387636645585e-03,-1.67971548380041469e-03,-1.67971391194762830e-03,-5.94930290903742214e-07,-5.94929734176817687e-07,-2.97464867088408843e-07,-8.92395157992151110e-07,-8.92394601265226477e-07
1.06062500000000011e+01,1.06062500000000011e+01,8.88947843416004052e-03,-1.67627328064878789e-03,-1.67627171416099749e-03,-5.92899717642379624e-07,-5.92899163573911623e-07,-2.96449581786955865e-07,-8.89349299429335489e-07,-8.89348745360867488e-07
1.06135000000000002e+01,1.06135000000000002e+01,8.87733791379704922e-03,-1.67284047644999934e-03,-1.67283891530542223e-03,-5.90877455434701213e-07,-5.90876904010253757e-07,-2.95438452005126826e-07,-8.86315907439828092e-07,-8.86315356015380530e-07
1.06207500000000010e+01,1.06207500000000010e+01,8.86522224725151513e-03,-1.66941703914669226e-03,-1.66941548332302596e-03,-5.88863464621711184e-07,-5.88862915826716895e-07,-2.94431457913358447e-07,-8.83294922535069632e-07,-8.83294373740075342e-07
1.06280000000000001e+01,1.06280000000000001e+01,8.85313136672942307e-03,-1.66600293681140599e-03,-1.66600138628705732e-03,-5.86857705760118726e-07,-5.86857159580311980e-07,-2.93428579790155990e-07,-8.80286285550274716e-07,-8.80285739370467970e-07
1.06352500000000010e+01,1.06352500000000010e+01,8.84106520466774841e-03,-1.66259813764801923e-03,-1.66259659240125947e-03,-5.84860139621741280e-07,-5.84859596042859948e-07,-2.92429798021429974e-07,-8.77289937643171254e-07,-8.77289394064289921e-07
1.06425000000000001e+01,1.06425000000000001e+01,8.82902369373352730e-03,-1.65920260998952962e-03,-1.65920106999925348e-03,-5.82870727191627831e-07,-5.82870186199679776e-07,-2.91435093099839941e-07,-8.74305820291467825e-07,-8.74305279299519770e-07
1.06497500000000009e+01,1.06497500000000009e+01,8.81700676682289908e-03,-1.65581632229949705e-03,-1.65581478754391379e-03,-5.80889429667476470e-07,-5.80888891248278972e-07,-2.90444445624139486e-07,-8.71333875291615956e-07,-8.71333336872418458e-07
1.06570000000000000e+01,1.06570000000000000e+01,8.80501435706018513e-03,-1.65243924316893498e-03,-1.65243771362675890e-03,-5.78916208457461220e-07,-5.78915672597059200e-07,-2.89457836298529600e-07,-8.68374044755990767e-07,-8.68373508895588747e-07
1.06642500000000009e+01,1.06642500000000009e+01,8.79304639779694870e-03,-1.64907134131753175e-03,-1.64906981696733446e-03,-5.76951025179586285e-07,-5.76950491864024345e-07,-2.88475245932012172e-07,-8.65426271111598404e-07,-8.65425737796036570e-07
1.06715000000000000e+01,1.06715000000000000e+01,8.78110282261108238e-03,-1.64571258559176314e-03,-1.64571106641260979e-03,-5.74993841659959579e-07,-5.74993310875504774e-07,-2.87496655437752387e-07,-8.62490497097711966e-07,-8.62489966313257161e-07
1.06787500000000009e+01,1.06787500000000009e+01,8.76918356530586793e-03,-1.64236294496533652e-03,-1.64236143093636749e-03,-5.73044619931887148e-07,-5.73044091664881495e-07,-2.86522045832440853e-07,-8.59566665764328001e-07,-8.59566137497322348e-07
1.06859999999999999e+01,1.06859999999999999e+01,8.75728855990908460e-03,-1.63902238853841364e-03,-1.63902087963860841e-03,-5.71103322234550734e-07,-5.71102796471328946e-07,-2.85551398235664420e-07,-8.56654720470215154e-07,-8.56654194706993365e-07
1.06932500000000008e+01,1.06932500000000008e+01,8.74541774067206026e-03,-1.63569088553672248e-03,-1.63568938174494367e-03,-5.69169911011649881e-07,-5.69169387738554398e-07,-2.84584693869277199e-07,-8.53754604880927027e-07,-8.53754081607831649e-07
1.07004999999999999e+01,1.07004999999999999e+01,8.73357104206880230e-03,-1.63236840531044702e-03,-1.63236690660600956e-03,-5.67244348909980080e-07,-5.67243828113559277e-07,-2.83621914056779639e-07,-8.50866262966759772e-07,-8.50865742170338969e-07
1.07077500000000008e+01,1.07077500000000008e+01,8.72174839879505913e-03,-1.62905491733433827e-03,-1.62905342369686610e-03,-5.65326598778438884e-07,-5.65326080445396250e-07,-2.82663040222698072e-07,-8.47989639001136903e-07,-8.47989120668094374e-07
1.07149999999999999e+01,1.07149999999999999e+01,8.70994974576745455e-03,-1.62575039120738118e-03,-1.62574890261641715e-03,-5.63416623666887493e-07,-5.63416107783945363e-07,-2.81708053891972628e-07,-8.45124677558860068e-07,-8.45124161675917938e-07
1.07222500000000007e+01,1.07222500000000007e+01,8.69817501812255277e-03,-1.62245479665223957e-03,-1.62245331308681520e-03,-5.61514386824937701e-07,-5.61513873378688708e-07,-2.80756936689344354e-07,-8.42271323514282002e-07,-8.42270810068033009e-07
1.07294999999999998e+01,1.07294999999999998e+01,8.68642415121599794e-03,-1.61916810351270257e-03,-1.61916662495288654e-03,-5.59619851700060151e-07,-5.59619340677502869e-07,-2.79809670338751381e-07,-8.39429522038811585e-07,-8.39429011016254197e-07
1.07367500000000007e+01,1.07367500000000007e+01,8.67469708062161907e-03,-1.61589028175601612e-03,-1.61588880818154816e-03,-5.57732981937385600e-07,-5.57732473325451158e-07,-2.78866236662725579e-07,-8.36599218600111179e-07,-8.36598709988176736e-07
1.07439999999999998e+01,1.07439999999999998e+01,8.66299374213053662e-03,-1.61262130147055149e-03,-1.61261983286123162e-03,-5.55853741377903917e-07,-5.55853235163590464e-07,-2.77926617581795179e-07,-8.33780358959699096e-07,-8.33779852745385643e-07
1.07512500000000006e+01,1.07512500000000006e+01,8.65131407175029517e-03,-1.60936113286569427e-03,-1.60935966920131056e-03,-5.53982094057433242e-07,-5.53981590227780751e-07,-2.76990795113890375e-07,-8.30972889171323617e-07,-8.30972385341671126e-07
1.07584999999999997e+01,1.07584999999999997e+01,8.63965800570398387e-03,-1.60610974627084513e-03,-1.60610828753153024e-03,-5.52118004205294802e-07,-5.52117502747507781e-07,-2.76058751373753891e-07,-8.28176755579048693e-07,-8.28176254121261672e-07
1.07657500000000006e+01,1.07657500000000006e+01,8.62802548042936740e-03,-1.60286711213541988e-03,-1.60286565830144068e-03,-5.50261436243335122e-07,-5.50260937144709031e-07,-2.75130468572354462e-07,-8.25391904815689584e-07,-8.25391405717063493e-07
1.07729999999999997e+01,1.07729999999999997e+01,8.61641643257802028e-03,-1.59963320102840534e-03,-1.59963175207983310e-03,-5.48412354784802960e-07,-5.48411858032611339e-07,-2.74205929016305670e-07,-8.22618283801108630e-07,-8.22617787048917009e-07
1.07802500000000006e+01,1.07802500000000006e+01,8.60483079901445437e-03,-1.59640798363702707e-03,-1.59640653955417616e-03,-5.46570724632928094e-07,-5.46570230214572388e-07,-2.73285115107286247e-07,-8.19855839740214341e-07,-8.19855345321858636e-07
1.07874999999999996e+01,1.07874999999999996e+01,8.59326851681528267e-03,-1.59319143076686043e-03,-1.59318999153006406e-03,-5.44736510780002927e-07,-5.44736018682935614e-07,-2.72368009341467860e-07,-8.17104520121470734e-07,-8.17104028024403421e-07
1.07947500000000005e+01,1.07947500000000005e+01,8.58172952326833466e-03,-1.58998351334094234e-03,-1.58998207893065323e-03,-5.42909678406126655e-07,-5.42909188617885231e-07,-2.71454594308942669e-07,-8.14364272715069323e-07,-8.14363782926827900e-07
1.08020000000000014e+01,1.08020000000000014e+01,8.57021375587183748e-03,-1.58678420239910523e-03,-1.58678277279611867e-03,-5.41090192878034239e-07,-5.41089705386317035e-07,-2.70544852693158518e-07,-8.11635045571192809e-07,-8.11634558079475605e-07
1.08092500000000005e+01,1.08092500000000005e+01,8.55872115233354859e-03,-1.58359346909808796e-03,-1.58359204428309974e-03,-5.39278019748195805e-07,-5.39277534540710255e-07,-2.69638767270355128e-07,-8.08916787018550880e-07,-8.08916301811065330e-07
1.08165000000000013e+01,1.08165000000000013e+01,8.54725165056991441e-03,-1.58041128471053671e-03,-1.58040986466415436e-03,-5.37473124753543126e-07,-5.37472641818010005e-07,-2.68736320909005002e-07,-8.06209445662548181e-07,-8.06208962727015060e-07
1.08237500000000004e+01,1.08237500000000004e+01,8.53580518870524635e-03,-1.57723762062400574e-03,-1.57723620532721951e-03,-5.35675473814205000e-07,-5.35674993138518195e-07,-2.67837496569259097e-07,-8.03512970383464150e-07,-8.03512489707777239e-07
1.08310000000000013e+01,1.08310000000000013e+01,8.52438170507086555e-03,-1.57407244834140148e-03,-1.57407103777506500e-03,-5.33885033032737936e-07,-5.33884554604787522e-07,-2.66942277302393761e-07,-8.00827310335131750e-07,-8.00826831907181231e-07
1.08382500000000004e+01,1.08382500000000004e+01,8.51298113820429629e-03,-1.57091573947953922e-03,-1.57091433362476331e-03,-5.32101768692723676e-07,-5.32101292500529538e-07,-2.66050646250264822e-07,-7.98152414942988445e-07,-7.98151938750794307e-07
1.08455000000000013e+01,1.08455000000000013e+01,8.50160342684841246e-03,-1.56776746576936521e-03,-1.56776606460714792e-03,-5.30325647257936564e-07,-5.30325173289522186e-07,-2.65162586644761093e-07,-7.95488233902697657e-07,-7.95487759934283278e-07
1.08527500000000003e+01,1.08527500000000003e+01,8.49024850995064133e-03,-1.56462759905473536e-03,-1.56462620256628791e-03,-5.28556635371029163e-07,-5.28556163614532270e-07,-2.64278081807266188e-07,-7.92834717178295351e-07,-7.92834245421798459e-07
1.08600000000000012e+01,1.08600000000000012e+01,8.47891632666211877e-03,-1.56149611129208221e-03,-1.56149471945895364e-03,-5.26794699852524493e-07,-5.26794230296238033e-07,-2.63397115148119017e-07,-7.90191815000643457e-07,-7.90191345444356997e-07
1.08672500000000003e+01,1.08672500000000003e+01,8.46760681633690511e-03,-1.55837297455052592e-03,-1.55837158735409702e-03,-5.25039807699964559e-07,-5.25039340332166124e-07,-2.62519670166083062e-07,-7.87559477866047621e-07,-7.87559010498249186e-07
1.08745000000000012e+01,1.08745000000000012e+01,8.45631991853113517e-03,-1.55525816101076408e-03,-1.55525677843232043e-03,-5.23291926086651862e-07,-5.23291460895627729e-07,-2.61645730447813811e-07,-7.84937656534465620e-07,-7.84937191343441593e-07
1.08817500000000003e+01,1.08817500000000003e+01,8.44505557300224800e-03,-1.55215164296429453e-03,-1.55215026498536500e-03,-5.21551022360510785e-07,-5.21550559334669942e-07,-2.60775279667334971e-07,-7.82326302027845808e-07,-7.82325839002004859e-07
1.08890000000000011e+01,1.08890000000000011e+01,8.43381371970815252e-03,-1.54905339281330434e-03,-1.54905201941558479e-03,-5.19817064043178294e-07,-5.19816603171026505e-07,-2.59908301585513199e-07,-7.79725365628691494e-07,-7.79724904756539704e-07
1.08962500000000002e+01,1.08962500000000002e+01,8.42259429880645553e-03,-1.54596338307011472e-03,-1.54596201423543977e-03,-5.18090018828952991e-07,-5.18089560099082521e-07,-2.59044780049541260e-07,-7.77134798878494251e-07,-7.77134340148623781e-07
1.09035000000000011e+01,1.09035000000000011e+01,8.41139725065363601e-03,-1.54288158635695893e-03,-1.54288022206697586e-03,-5.16369854583858921e-07,-5.16369397984838955e-07,-2.58184698992419477e-07,-7.74554553576278399e-07,-7.74554096977258432e-07
1.09107500000000002e+01,1.09107500000000002e+01,8.40022251580428009e-03,-1.53980797540442804e-03,-1.53980661564132254e-03,-5.14656539344271693e-07,-5.14656084864891538e-07,-2.57328042432445822e-07,-7.71984581776717516e-07,-7.71984127297337360e-07
1.09180000000000010e+01,1.09180000000000010e+01,8.38907003501027093e-03,-1.53674252305258108e-03,-1.53674116779818105e-03,-5.12950041316440856e-07,-5.12949588945409245e-07,-2.56474794472704622e-07,-7.69424835789145425e-07,-7.69424383418113920e-07
1.09252500000000001e+01,1.09252500000000001e+01,8.37793974922001854e-03,-1.53368520224894667e-03,-1.53368385148532418e-03,-5.11250328874978894e-07,-5.11249878601125263e-07,-2.55624939300562632e-07,-7.66875268175541526e-07,-7.66874817901687895e-07
1.09325000000000010e+01,1.09325000000000010e+01,8.36683159957766175e-03,-1.53063598604874507e-03,-1.53063463975809037e-03,-5.09557370562098059e-07,-5.09556922374330193e-07,-2.54778461187165097e-07,-7.64335831749263208e-07,-7.64335383561495343e-07
1.09397500000000001e+01,1.09397500000000001e+01,8.35574552742231191e-03,-1.52759484761444408e-03,-1.52759350577889104e-03,-5.07871135086631084e-07,-5.07870688973876464e-07,-2.53935344486938232e-07,-7.61806479573569369e-07,-7.61806033460814749e-07
1.09470000000000010e+01,1.09470000000000010e+01,8.34468147428725320e-03,-1.52456176021487089e-03,-1.52456042281670819e-03,-5.06191591322908027e-07,-5.06191147274184022e-07,-2.53095573637092011e-07,-7.59287164960000038e-07,-7.59286720911276034e-07
1.09542500000000000e+01,1.09542500000000000e+01,8.33363938189919662e-03,-1.52153669722487894e-03,-1.52153536424660691e-03,-5.04518708309825904e-07,-5.04518266314258306e-07,-2.52259133157129153e-07,-7.56777841466955057e-07,-7.56777399471387459e-07
1.09615000000000009e+01,1.09615000000000009e+01,8.32261919217749079e-03,-1.51851963212501495e-03,-1.51851830354923865e-03,-5.02852455249921721e-07,-5.02852015296708849e-07,-2.51426007648354371e-07,-7.54278462898276040e-07,-7.54278022945063273e-07
1.09687500000000000e+01,1.09687500000000000e+01,8.31162084723338287e-03,-1.51551053850118578e-03,-1.51550921431036043e-03,-5.01192801508452914e-07,-5.01192363586780591e-07,-2.50596181793390295e-07,-7.51788983301843262e-07,-7.51788545380170833e-07
1.09760000000000009e+01,1.09760000000000009e+01,8.30064428936922415e-03,-1.51250939004377027e-03,-1.51250807022033961e-03,-4.99539716612296838e-07,-4.99539280711384876e-07,-2.49769640355692385e-07,-7.49309356967989276e-07,-7.49308921067077209e-07
1.09832500000000000e+01,1.09832500000000000e+01,8.28968946107775002e-03,-1.50951616054684212e-03,-1.50951484507368030e-03,-4.97893170248895898e-07,-4.97892736358143257e-07,-2.48946368179071629e-07,-7.46839538427967474e-07,-7.46839104537214939e-07
1.09905000000000008e+01,1.09905000000000008e+01,8.27875630504129600e-03,-1.50653082390839188e-03,-1.50652951276853569e-03,-4.96253132265536192e-07,-4.96252700374432357e-07,-2.48126350187216126e-07,-7.44379482452752371e-07,-7.44379050561648536e-07
1.09977499999999999e+01,1.09977499999999999e+01,8.26784476413107774e-03,-1.50355335412999391e-03,-1.50355204730623598e-03,-4.94619572668449550e-07,-4.94619142766439750e-07,-2.47309571383219875e-07,-7.41929144051669425e-07,-7.41928714149659625e-07
1.10050000000000008e+01,1.10050000000000008e+01,8.25695478140641044e-03,-1.50058372531569617e-03,-1.50058242279080593e-03,-4.92992461621661570e-07,-4.92992033698220150e-07,-2.46496016849110075e-07,-7.39488478470771592e-07,-7.39488050547330171e-07
1.10122499999999999e+01,1.10122499999999999e+01,8.24608630011399932e-03,-1.49762191167146508e-03,-1.49762061342849991e-03,-4.91371769446033306e-07,-4.91371343490765159e-07,-2.45685671745382579e-07,-7.37057441191415886e-07,-7.37057015236147738e-07
1.10195000000000007e+01,1.10195000000000007e+01,8.23523926368717289e-03,-1.49466788750529656e-03,-1.49466659352732382e-03,-4.89757466618522231e-07,-4.89757042621071638e-07,-2.44878521310535819e-07,-7.34635987929058050e-07,-7.34635563931607458e-07
1.10267499999999998e+01,1.10267499999999998e+01,8.22441361574517346e-03,-1.49172162722588375e-03,-1.49172033749657407e-03,-4.88149523770978816e-07,-4.88149101721223099e-07,-2.44074550860611549e-07,-7.32224074631590365e-07,-7.32223652581834648e-07
1.10340000000000007e+01,1.10340000000000007e+01,8.21360930009239557e-03,-1.48878310534428238e-03,-1.48878181984636484e-03,-4.86547911689926724e-07,-4.86547491577470459e-07,-2.43273745788735230e-07,-7.29821657478662006e-07,-7.29821237366205636e-07
1.10412499999999998e+01,1.10412499999999998e+01,8.20282626071768169e-03,-1.48585229647024697e-03,-1.48585101518717210e-03,-4.84952601314606271e-07,-4.84952183129325297e-07,-2.42476091564662596e-07,-7.27428692879268814e-07,-7.27428274693987946e-07
1.10485000000000007e+01,1.10485000000000007e+01,8.19206444179357805e-03,-1.48292917531411828e-03,-1.48292789822936652e-03,-4.83363563736838265e-07,-4.83363147468652996e-07,-2.41681573734326445e-07,-7.25045137471164710e-07,-7.25044721202979441e-07
1.10557499999999997e+01,1.10557499999999997e+01,8.18132378767562687e-03,-1.48001371668560200e-03,-1.48001244378276049e-03,-4.81780770199877227e-07,-4.81780355838777428e-07,-2.40890177919388767e-07,-7.22670948119265994e-07,-7.22670533758166194e-07
1.10630000000000006e+01,1.10630000000000006e+01,8.17060424290163775e-03,-1.47710589549332472e-03,-1.47710462675614885e-03,-4.80204192097522329e-07,-4.80203779633587019e-07,-2.40101889816793510e-07,-7.20306081914315786e-07,-7.20305669450380582e-07
1.10702499999999997e+01,1.10702499999999997e+01,8.15990575219097299e-03,-1.47420568674516694e-03,-1.47420442215685701e-03,-4.78633800973487090e-07,-4.78633390396649072e-07,-2.39316695198324589e-07,-7.17950496171811679e-07,-7.17950085594973661e-07
1.10775000000000006e+01,1.10775000000000006e+01,8.14922826044383285e-03,-1.47131306554582064e-03,-1.47131180509028794e-03,-4.77069568519871756e-07,-4.77069159820329059e-07,-2.38534579910164529e-07,-7.15604148430036286e-07,-7.15603739730493588e-07
1.10847499999999997e+01,1.10847499999999997e+01,8.13857171274055997e-03,-1.46842800709823251e-03,-1.46842675075947770e-03,-4.75511466576903577e-07,-4.75511059744916645e-07,-2.37755529872458296e-07,-7.13266996449361926e-07,-7.13266589617374941e-07
1.10920000000000005e+01,1.10920000000000005e+01,8.12793605434090904e-03,-1.46555048670293786e-03,-1.46554923446464281e-03,-4.73959467131995277e-07,-4.73959062157754939e-07,-2.36979531078877469e-07,-7.10938998210872720e-07,-7.10938593236632382e-07
1.10992500000000014e+01,1.10992500000000014e+01,8.11732123068336503e-03,-1.46268047975661730e-03,-1.46267923160274147e-03,-4.72413542318558732e-07,-4.72413139192379113e-07,-2.36206569596189504e-07,-7.08620111914748236e-07,-7.08619708788568617e-07
1.11065000000000005e+01,1.11065000000000005e+01,8.10672718738443890e-03,-1.45981796175242984e-03,-1.45981671766703069e-03,-4.70873664415397964e-07,-4.70873263127657935e-07,-2.35436631563828994e-07,-7.06310295979226932e-07,-7.06309894691486903e-07
1.11137500000000014e+01,1.11137500000000014e+01,8.09615387023795464e-03,-1.45696290827945774e-03,-1.45696166824662307e-03,-4.69339805845819017e-07,-4.69339406386940170e-07,-2.34669703193470138e-07,-7.04009509039289128e-07,-7.04009109580410335e-07
1.11210000000000004e+01,1.11210000000000004e+01,8.08560122521438662e-03,-1.45411529502204040e-03,-1.45411405902605645e-03,-4.67811939176710499e-07,-4.67811541537211042e-07,-2.33905770768605521e-07,-7.01717709945316047e-07,-7.01717312305816590e-07
1.11282500000000013e+01,1.11282500000000013e+01,8.07506919846013443e-03,-1.45127509775999641e-03,-1.45127386578485082e-03,-4.66290037117912549e-07,-4.66289641288247161e-07,-2.33144820644123581e-07,-6.99434857762036103e-07,-6.99434461932370768e-07
1.11355000000000004e+01,1.11355000000000004e+01,8.06455773629686720e-03,-1.44844229236684718e-03,-1.44844106439708442e-03,-4.64774072520950726e-07,-4.64773678491785370e-07,-2.32386839245892659e-07,-6.97160911766843332e-07,-6.97160517737678029e-07
1.11427500000000013e+01,1.11427500000000013e+01,8.05406678522081580e-03,-1.44561685481092717e-03,-1.44561563083095554e-03,-4.63264018378699428e-07,-4.63263626140688260e-07,-2.31631813070344103e-07,-6.94895831449043532e-07,-6.94895439211032310e-07
1.11500000000000004e+01,1.11500000000000004e+01,8.04359629190210847e-03,-1.44279876115438466e-03,-1.44279754114836028e-03,-4.61759847824374446e-07,-4.61759457368122811e-07,-2.30879728684061432e-07,-6.92639576508435905e-07,-6.92639186052184217e-07
1.11572500000000012e+01,1.11572500000000012e+01,8.03314620318407863e-03,-1.43998798755162749e-03,-1.43998677150446175e-03,-4.60261534130351461e-07,-4.60261145446738191e-07,-2.30130572723369069e-07,-6.90392106853720530e-07,-6.90391718170107312e-07
1.11645000000000003e+01,1.11645000000000003e+01,8.02271646608260919e-03,-1.43718451025121041e-03,-1.43718329814727193e-03,-4.58769050708092617e-07,-4.58768663787854294e-07,-2.29384331893927174e-07,-6.88153382602019791e-07,-6.88152995681781468e-07
1.11717500000000012e+01,1.11717500000000012e+01,8.01230702778543691e-03,-1.43438830559339259e-03,-1.43438709741722389e-03,-4.57282371106689677e-07,-4.57281985940649917e-07,-2.28640992970324985e-07,-6.85923364077014688e-07,-6.85922978910974929e-07
1.11790000000000003e+01,1.11790000000000003e+01,8.00191783565150534e-03,-1.43159935001024863e-03,-1.43159814574675827e-03,-4.55801469012232029e-07,-4.55801085591362256e-07,-2.27900542795681128e-07,-6.83702011807913158e-07,-6.83701628387043331e-07
1.11862500000000011e+01,1.11862500000000011e+01,7.99154883721028830e-03,-1.42881762002589063e-03,-1.42881641965990173e-03,-4.54326318247210434e-07,-4.54325936562485458e-07,-2.27162968281242729e-07,-6.81489286528453110e-07,-6.81488904843728186e-07
1.11935000000000002e+01,1.11935000000000002e+01,7.98119998016113066e-03,-1.42604309225558001e-03,-1.42604189577185520e-03,-4.52856892769573950e-07,-4.52856512811980229e-07,-2.26428256405990088e-07,-6.79285149175564011e-07,-6.79284769217970290e-07
1.12007500000000011e+01,1.12007500000000011e+01,7.97087121237258396e-03,-1.42327574340495033e-03,-1.42327455078857814e-03,-4.51393166671824994e-07,-4.51392788432482816e-07,-2.25696394216241382e-07,-6.77089560888066375e-07,-6.77089182648724198e-07
1.12080000000000002e+01,1.12080000000000002e+01,7.96056248188175934e-03,-1.42051555027045140e-03,-1.42051436150638093e-03,-4.49935114180509155e-07,-4.49934737650524888e-07,-2.24967368825262444e-07,-6.74902483005771572e-07,-6.74902106475787305e-07
1.12152500000000011e+01,1.12152500000000011e+01,7.95027373689366143e-03,-1.41776248973812802e-03,-1.41776130481151307e-03,-4.48482709655177956e-07,-4.48482334825752779e-07,-2.24241167412876363e-07,-6.72723877068054266e-07,-6.72723502238629142e-07
1.12225000000000001e+01,1.12225000000000001e+01,7.94000492578055689e-03,-1.41501653878384204e-03,-1.41501535767976053e-03,-4.47035927587816308e-07,-4.47035554450157331e-07,-2.23517777225078692e-07,-6.70553704812894947e-07,-6.70553331675236023e-07
1.12297500000000010e+01,1.12297500000000010e+01,7.92975599708129614e-03,-1.41227767447271724e-03,-1.41227649717603609e-03,-4.45594742602025072e-07,-4.45594371147302612e-07,-2.22797185573651279e-07,-6.68391928175676298e-07,-6.68391556720953891e-07
1.12370000000000001e+01,1.12370000000000001e+01,7.91952689950070447e-03,-1.40954587395747399e-03,-1.40954470045398321e-03,-4.44159129451861417e-07,-4.44158759671566551e-07,-2.22079379835783276e-07,-6.66238509287644666e-07,-6.66238139507349801e-07
1.12442500000000010e+01,1.12442500000000010e+01,7.90931758190891246e-03,-1.40682111448087177e-03,-1.40681994475557056e-03,-4.42729063021975618e-07,-4.42728694907379355e-07,-2.21364347453689677e-07,-6.64093410475665269e-07,-6.64093042361069059e-07
1.12515000000000001e+01,1.12515000000000001e+01,7.89912799334073316e-03,-1.40410337337193436e-03,-1.40410220741069773e-03,-4.41304518325795227e-07,-4.41304151868473294e-07,-2.20652075934236674e-07,-6.61956594260031874e-07,-6.61956227802709941e-07
1.12587500000000009e+01,1.12587500000000009e+01,7.88895808299501858e-03,-1.40139262804872544e-03,-1.40139146583679675e-03,-4.39885470505773572e-07,-4.39885105697131920e-07,-2.19942552848565987e-07,-6.59828023354339533e-07,-6.59827658545697880e-07
1.12660000000000000e+01,1.12660000000000000e+01,7.87880780023402644e-03,-1.39868885601579507e-03,-1.39868769753843892e-03,-4.38471894831967801e-07,-4.38471531663448009e-07,-2.19235765831724031e-07,-6.57707660663691832e-07,-6.57707297495172040e-07
1.12732500000000009e+01,1.12732500000000009e+01,7.86867709458279052e-03,-1.39599203486395762e-03,-1.39599088010694170e-03,-4.37063766701353471e-07,-4.37063405164583624e-07,-2.18531702582291786e-07,-6.55595469283645284e-07,-6.55595107746875384e-07
1.12805000000000000e+01,1.12805000000000000e+01,7.85856591572849962e-03,-1.39330214227084692e-03,-1.39330099121998141e-03,-4.35661061637387696e-07,-4.35660701724037331e-07,-2.17830350862018692e-07,-6.53491412499406335e-07,-6.53491052586056076e-07
1.12877500000000008e+01,1.12877500000000008e+01,7.84847421351986263e-03,-1.39061915600036112e-03,-1.39061800864120162e-03,-4.34263755289226164e-07,-4.34263396990913414e-07,-2.17131698495456681e-07,-6.51395453784682792e-07,-6.51395095486370042e-07
1.12949999999999999e+01,1.12949999999999999e+01,7.83840193796649445e-03,-1.38794305390133044e-03,-1.38794191021983089e-03,-4.32871823430703316e-07,-4.32871466739198779e-07,-2.16435733369599390e-07,-6.49307556800302732e-07,-6.49307200108798142e-07
1.13022500000000008e+01,1.13022500000000008e+01,7.82834903923829324e-03,-1.38527381390829429e-03,-1.38527267389029480e-03,-4.31485241959974470e-07,-4.31484886867040910e-07,-2.15742443433520455e-07,-6.47227685393494952e-07,-6.47227330300561338e-07
1.13094999999999999e+01,1.13094999999999999e+01,7.81831546766482456e-03,-1.38261141404061316e-03,-1.38261027767183783e-03,-4.30103986898643009e-07,-4.30103633396034930e-07,-2.15051816698017438e-07,-6.45155803596660447e-07,-6.45155450094052368e-07
1.13167500000000008e+01,1.13167500000000008e+01,7.80830117373470470e-03,-1.37995583240135833e-03,-1.37995469966813861e-03,-4.28728034390821601e-07,-4.28727682470509819e-07,-2.14363841235254910e-07,-6.43091875626076458e-07,-6.43091523705764676e-07
1.13239999999999998e+01,1.13239999999999998e+01,7.79830610809500481e-03,-1.37730704717864416e-03,-1.37730591806693834e-03,-4.27357360702958985e-07,-4.27357010356825536e-07,-2.13678505178412768e-07,-6.41035865881371726e-07,-6.41035515535238278e-07
1.13312500000000007e+01,1.13312500000000007e+01,7.78833022155061422e-03,-1.37466503664407380e-03,-1.37466391113965605e-03,-4.25991942222770269e-07,-4.25991593442667385e-07,-2.12995796721333666e-07,-6.38987738944103909e-07,-6.38987390164001078e-07
1.13384999999999998e+01,1.13384999999999998e+01,7.77837346506366541e-03,-1.37202977915173996e-03,-1.37202865724102220e-03,-4.24631755458347499e-07,-4.24631408236352193e-07,-2.12315704118176123e-07,-6.36947459576523648e-07,-6.36947112354528289e-07
1.13457500000000007e+01,1.13457500000000007e+01,7.76843578975291386e-03,-1.36940125313922412e-03,-1.36940013480870175e-03,-4.23276777037891513e-07,-4.23276431366133101e-07,-2.11638215683066551e-07,-6.34914992720958038e-07,-6.34914647049199625e-07
1.13529999999999998e+01,1.13529999999999998e+01,7.75851714689314645e-03,-1.36677943712715244e-03,-1.36677832236292555e-03,-4.21926983709000757e-07,-4.21926639579512842e-07,-2.10963319789756394e-07,-6.32890303498757125e-07,-6.32889959369269210e-07
1.13602500000000006e+01,1.13602500000000006e+01,7.74861748791456830e-03,-1.36416430971797453e-03,-1.36416319850611871e-03,-4.20582352337721757e-07,-4.20582009742557104e-07,-2.10291004871278526e-07,-6.30873357209000283e-07,-6.30873014613835577e-07
1.13674999999999997e+01,1.13674999999999997e+01,7.73873676440223722e-03,-1.36155584959518627e-03,-1.36155474192254018e-03,-4.19242859907745710e-07,-4.19242518839218767e-07,-2.09621259419609383e-07,-6.28864119327355146e-07,-6.28863778258828203e-07
1.13747500000000006e+01,1.13747500000000006e+01,7.72887492809543747e-03,-1.35895403552521721e-03,-1.35895293137790934e-03,-4.17908483520425954e-07,-4.17908143970658308e-07,-2.08954071985329101e-07,-6.26862555505755002e-07,-6.26862215955987355e-07
1.13819999999999997e+01,1.13819999999999997e+01,7.71903193088712206e-03,-1.35635884635409987e-03,-1.35635774571905149e-03,-4.16579200393192798e-07,-4.16578862354575923e-07,-2.08289431177287961e-07,-6.24868631570480786e-07,-6.24868293531863857e-07
1.13892500000000005e+01,1.13892500000000005e+01,7.70920772482330211e-03,-1.35377026100980125e-03,-1.35376916387353009e-03,-4.15254987859715890e-07,-4.15254651324542950e-07,-2.07627325662271475e-07,-6.22882313521987338e-07,-6.22881976986814398e-07
1.13965000000000014e+01,1.13965000000000014e+01,7.69940226210247703e-03,-1.35118825850044644e-03,-1.35118716484929156e-03,-4.13935823368805082e-07,-4.13935488329340072e-07,-2.06967744164670063e-07,-6.20903567533475091e-07,-6.20903232494010082e-07
1.14037500000000005e+01,1.14037500000000005e+01,7.68961549507504727e-03,-1.34861281791331944e-03,-1.34861172773430619e-03,-4.12621684483556094e-07,-4.12621350932298909e-07,-2.06310675466149481e-07,-6.18932359949705601e-07,-6.18932026398448363e-07
1.14110000000000014e+01,1.14110000000000014e+01,7.67984737624273321e-03,-1.34604391841663951e-03,-1.34604283169621102e-03,-4.11312548881349243e-07,-4.11312216810646940e-07,-2.05656108405323443e-07,-6.16968657286672687e-07,-6.16968325215970383e-07
1.14182500000000005e+01,1.14182500000000005e+01,7.67009785825800792e-03,-1.34348153925645253e-03,-1.34348045598196007e-03,-4.10008394352356866e-07,-4.10008063754858999e-07,-2.05004031877429499e-07,-6.15012426229786392e-07,-6.15012095632288471e-07
1.14255000000000013e+01,1.14255000000000013e+01,7.66036689392351339e-03,-1.34092565975929556e-03,-1.34092457991746741e-03,-4.08709198799819080e-07,-4.08708869668009872e-07,-2.04354434834004910e-07,-6.13063633633823963e-07,-6.13063304502014808e-07
1.14327500000000004e+01,1.14327500000000004e+01,7.65065443619149851e-03,-1.33837625932964333e-03,-1.33837518290726176e-03,-4.07414940238728712e-07,-4.07414612565133786e-07,-2.03707306282566866e-07,-6.11122246521295605e-07,-6.11121918847700679e-07
1.14400000000000013e+01,1.14400000000000013e+01,7.64096043816323445e-03,-1.33583331745001921e-03,-1.33583224443413169e-03,-4.06125596795334407e-07,-4.06125270572584894e-07,-2.03062635286292474e-07,-6.09188232081626881e-07,-6.09187905858877315e-07
1.14472500000000004e+01,1.14472500000000004e+01,7.63128485308847346e-03,-1.33329681368110631e-03,-1.33329574405878677e-03,-4.04841146706646705e-07,-4.04840821927406293e-07,-2.02420410963703120e-07,-6.07261557670349798e-07,-6.07261232891109440e-07
1.14545000000000012e+01,1.14545000000000012e+01,7.62162763436485813e-03,-1.33076672766097026e-03,-1.33076566141950448e-03,-4.03561568319675547e-07,-4.03561244976696547e-07,-2.01780622488348247e-07,-6.05342190808023794e-07,-6.05341867465044794e-07
1.14617500000000003e+01,1.14617500000000003e+01,7.61198873553738890e-03,-1.32824303910528130e-03,-1.32824197623179503e-03,-4.02286840090978018e-07,-4.02286518176988176e-07,-2.01143259088494114e-07,-6.03430099179472133e-07,-6.03429777265482290e-07
1.14690000000000012e+01,1.14690000000000012e+01,7.60236811029783074e-03,-1.32572572780653708e-03,-1.32572466828805133e-03,-4.01016940585902263e-07,-4.01016620093621911e-07,-2.00508310046810903e-07,-6.01525250632713165e-07,-6.01524930140432867e-07
1.14762500000000003e+01,1.14762500000000003e+01,7.59276571248419449e-03,-1.32321477363317452e-03,-1.32321371745721707e-03,-3.99751848477805194e-07,-3.99751529400131857e-07,-1.99875764700065902e-07,-5.99627613177871043e-07,-5.99627294100197705e-07
1.14835000000000012e+01,1.14835000000000012e+01,7.58318149608015139e-03,-1.32071015653056900e-03,-1.32070910368444296e-03,-3.98491542547842486e-07,-3.98491224877629428e-07,-1.99245612438814688e-07,-5.97737154986657121e-07,-5.97736837316444116e-07
1.14907500000000002e+01,1.14907500000000002e+01,7.57361541521450136e-03,-1.31821185651970207e-03,-1.31821080699075373e-03,-3.97236001684057536e-07,-3.97235685414194710e-07,-1.98617842707097329e-07,-5.95853844391154891e-07,-5.95853528121292013e-07
1.14980000000000011e+01,1.14980000000000011e+01,7.56406742416061619e-03,-1.31571985369682842e-03,-1.31571880747271088e-03,-3.95985204880775677e-07,-3.95984890004268814e-07,-1.97992445002134407e-07,-5.93977649882910057e-07,-5.93977335006403248e-07
1.15052500000000002e+01,1.15052500000000002e+01,7.55453747733589743e-03,-1.31323412823391994e-03,-1.31323308530208334e-03,-3.94739131238236352e-07,-3.94738817748053385e-07,-1.97369408874026719e-07,-5.92108540112263071e-07,-5.92108226622080051e-07
1.15125000000000011e+01,1.15125000000000011e+01,7.54502552930122385e-03,-1.31075466037777755e-03,-1.31075362072551114e-03,-3.93497759961825440e-07,-3.93497447850909261e-07,-1.96748723925454604e-07,-5.90246483887280070e-07,-5.90246171776363892e-07
1.15197500000000002e+01,1.15197500000000002e+01,7.53553153476042067e-03,-1.30828143044892098e-03,-1.30828039406418037e-03,-3.92261070361247704e-07,-3.92260759622764239e-07,-1.96130379811382093e-07,-5.88391450172629823e-07,-5.88391139434146306e-07
1.15270000000000010e+01,1.15270000000000010e+01,7.52605544855971392e-03,-1.30581441884292104e-03,-1.30581338571349246e-03,-3.91029041850432769e-07,-3.91028732477519834e-07,-1.95514366238759891e-07,-5.86543408089192713e-07,-5.86543098716279725e-07
1.15342500000000001e+01,1.15342500000000001e+01,7.51659722568719796e-03,-1.30335360602951145e-03,-1.30335257614273966e-03,-3.89801653946779677e-07,-3.89801345932465556e-07,-1.94900672966232751e-07,-5.84702326913012428e-07,-5.84702018898698360e-07
1.15415000000000010e+01,1.15415000000000010e+01,7.50715682127228723e-03,-1.30089897255092346e-03,-1.30089794589477730e-03,-3.88578886270170673e-07,-3.88578579607693183e-07,-1.94289289803846618e-07,-5.82868176074017264e-07,-5.82867869411539828e-07
1.15487500000000001e+01,1.15487500000000001e+01,7.49773419058521063e-03,-1.29845049902321819e-03,-1.29844947558570593e-03,-3.87360718542888304e-07,-3.87360413225519305e-07,-1.93680206612759652e-07,-5.81040925155647956e-07,-5.81040619838278957e-07
1.15560000000000009e+01,1.15560000000000009e+01,7.48832928903645032e-03,-1.29600816613584247e-03,-1.29600714590454307e-03,-3.86147130588999995e-07,-3.86146826609905466e-07,-1.93073413304952733e-07,-5.79220543893952728e-07,-5.79220239914858199e-07
1.15632500000000000e+01,1.15632500000000000e+01,7.47894207217624039e-03,-1.29357195464963048e-03,-1.29357093761291002e-03,-3.84938102333286026e-07,-3.84937799685888861e-07,-1.92468899842944404e-07,-5.77407002176230456e-07,-5.77406699528833291e-07
1.15705000000000009e+01,1.15705000000000009e+01,7.46957249569402907e-03,-1.29114184539924626e-03,-1.29114083154470904e-03,-3.83733613801491995e-07,-3.83733312479010055e-07,-1.91866656239505001e-07,-5.75600270040996996e-07,-5.75599968718515109e-07
1.15777500000000000e+01,1.15777500000000000e+01,7.46022051541795315e-03,-1.28871781928985296e-03,-1.28871680860580913e-03,-3.82533645118866475e-07,-3.82533345114749548e-07,-1.91266672557374800e-07,-5.73800317676241249e-07,-5.73800017672124321e-07
1.15850000000000009e+01,1.15850000000000009e+01,7.45088608731432536e-03,-1.28629985729933338e-03,-1.28629884977372899e-03,-3.81338176510352279e-07,-3.81337877817963756e-07,-1.90668938908981852e-07,-5.72007115419334105e-07,-5.72006816726945634e-07
1.15922499999999999e+01,1.15922499999999999e+01,7.44156916748711390e-03,-1.28388794047618049e-03,-1.28388693609732610e-03,-3.80147188299495117e-07,-3.80146890912328038e-07,-1.90073445456163992e-07,-5.70220633755659109e-07,-5.70220336368492083e-07
1.15995000000000008e+01,1.15995000000000008e+01,7.43226971217742123e-03,-1.28148204994038561e-03,-1.28148104869648186e-03,-3.78960660908243424e-07,-3.78960364819779659e-07,-1.89480182409889803e-07,-5.68440843318133254e-07,-5.68440547229669436e-07
1.16067499999999999e+01,1.16067499999999999e+01,7.42298767776297837e-03,-1.27908216688255028e-03,-1.27908116876179431e-03,-3.77778574856226379e-07,-3.77778280059968179e-07,-1.88889140029984063e-07,-5.66667714886210442e-07,-5.66667420089952242e-07
1.16140000000000008e+01,1.16140000000000008e+01,7.41372302075762185e-03,-1.27668827256377515e-03,-1.27668727755426569e-03,-3.76600910760263041e-07,-3.76600617249704928e-07,-1.88300308624852464e-07,-5.64901219385115557e-07,-5.64900925874557445e-07
1.16212499999999999e+01,1.16212499999999999e+01,7.40447569781080457e-03,-1.27430034831432781e-03,-1.27429935640500035e-03,-3.75427649333516592e-07,-3.75427357102420804e-07,-1.87713678551210349e-07,-5.63141327884726914e-07,-5.63141035653631127e-07
1.16285000000000007e+01,1.16285000000000007e+01,7.39524566570706320e-03,-1.27191837553608522e-03,-1.27191738671489233e-03,-3.74258771385761574e-07,-3.74258480427621575e-07,-1.87129240213810788e-07,-5.61388011599572335e-07,-5.61387720641432389e-07
1.16357499999999998e+01,1.16357499999999998e+01,7.38603288136553161e-03,-1.26954233569886998e-03,-1.26954134995432735e-03,-3.73094257821856797e-07,-3.73093968130352873e-07,-1.86546984065176437e-07,-5.59641241887033234e-07,-5.59640952195529310e-07
1.16430000000000007e+01,1.16430000000000007e+01,7.37683730183943086e-03,-1.26717221034211569e-03,-1.26717122766287563e-03,-3.71934089641789961e-07,-3.71933801210663069e-07,-1.85966900605331535e-07,-5.57900990247121522e-07,-5.57900701815994578e-07
1.16502499999999998e+01,1.16502499999999998e+01,7.36765888431557218e-03,-1.26480798107431180e-03,-1.26480700144899409e-03,-3.70778247940071770e-07,-3.70777960763073877e-07,-1.85388980381536965e-07,-5.56167228321608762e-07,-5.56166941144610869e-07
1.16575000000000006e+01,1.16575000000000006e+01,7.35849758611385307e-03,-1.26244962957267060e-03,-1.26244865298972371e-03,-3.69626713905196949e-07,-3.69626427976050112e-07,-1.84813213988025056e-07,-5.54439927893222005e-07,-5.54439641964075167e-07
1.16647499999999997e+01,1.16647499999999997e+01,7.34935336468676894e-03,-1.26009713758223896e-03,-1.26009616403039391e-03,-3.68479468818947297e-07,-3.68479184131476751e-07,-1.84239592065738402e-07,-5.52719060884685699e-07,-5.52718776197215153e-07
1.16720000000000006e+01,1.16720000000000006e+01,7.34022617761891094e-03,-1.25775048691645353e-03,-1.25774951638432317e-03,-3.67336494056119314e-07,-3.67336210604135948e-07,-1.83668105302068001e-07,-5.51004599358187315e-07,-5.51004315906203896e-07
1.16792499999999997e+01,1.16792499999999997e+01,7.33111598262648021e-03,-1.25540965945603045e-03,-1.25540869193252664e-03,-3.66197771083767850e-07,-3.66197488861189809e-07,-1.83098744430594878e-07,-5.49296515514362702e-07,-5.49296233291784714e-07
1.16865000000000006e+01,1.16865000000000006e+01,7.32202273755679783e-03,-1.25307463714929845e-03,-1.25307367262341980e-03,-3.65063281460873226e-07,-3.65063000461663864e-07,-1.82531500230831932e-07,-5.47594781691705184e-07,-5.47594500692495823e-07
1.16937500000000014e+01,1.16937500000000014e+01,7.31294640038781304e-03,-1.25074540201219886e-03,-1.25074444047252806e-03,-3.63933006837915646e-07,-3.63932727055936781e-07,-1.81966363527968364e-07,-5.45899370365884010e-07,-5.45899090583905146e-07
1.17010000000000005e+01,1.17010000000000005e+01,7.30388692922762095e-03,-1.24842193612684227e-03,-1.24842097756219469e-03,-3.62806928956029178e-07,-3.62806650385230401e-07,-1.81403325192615227e-07,-5.44210254148644378e-07,-5.44209975577845654e-07
1.17082500000000014e+01,1.17082500000000014e+01,7.29484428231397426e-03,-1.24610422164184165e-03,-1.24610326604129113e-03,-3.61685029646678552e-07,-3.61684752281103950e-07,-1.80842376140551975e-07,-5.42527405787230500e-07,-5.42527128421655899e-07
1.17155000000000005e+01,1.17155000000000005e+01,7.28581841801381573e-03,-1.24379224077209027e-03,-1.24379128812493120e-03,-3.60567290831175824e-07,-3.60567014664952865e-07,-1.80283507332476433e-07,-5.40850798163652283e-07,-5.40850521997429325e-07
1.17227500000000013e+01,1.17227500000000013e+01,7.27680929482277857e-03,-1.24148597579909481e-03,-1.24148502609418049e-03,-3.59453694520359986e-07,-3.59453419547507400e-07,-1.79726709773753727e-07,-5.39180404294113686e-07,-5.39180129321261153e-07
1.17300000000000004e+01,1.17300000000000004e+01,7.26781687136472936e-03,-1.23918540906953201e-03,-1.23918446229577647e-03,-3.58344222813765074e-07,-3.58343949028338701e-07,-1.79171974514169351e-07,-5.37516197327934451e-07,-5.37515923542508078e-07
1.17372500000000013e+01,1.17372500000000013e+01,7.25884110639127018e-03,-1.23689052299524871e-03,-1.23688957914183813e-03,-3.57238857899209248e-07,-3.57238585295362603e-07,-1.78619292647681275e-07,-5.35858150546890470e-07,-5.35857877943043930e-07
1.17445000000000004e+01,1.17445000000000004e+01,7.24988195878129970e-03,-1.23460130005303981e-03,-1.23460035910959165e-03,-3.56137582052322683e-07,-3.56137310624352797e-07,-1.78068655312176372e-07,-5.34206237364499002e-07,-5.34205965936529222e-07
1.17517500000000013e+01,1.17517500000000013e+01,7.24093938754050061e-03,-1.23231772278575846e-03,-1.23231678474108115e-03,-3.55040377636460953e-07,-3.55040107378450138e-07,-1.77520053689225069e-07,-5.32560431325685995e-07,-5.32560161067675180e-07
1.17590000000000003e+01,1.17590000000000003e+01,7.23201335180090592e-03,-1.23003977379937401e-03,-1.23003883864289572e-03,-3.53947227101453652e-07,-3.53946958007681682e-07,-1.76973479003840841e-07,-5.30920706105294466e-07,-5.30920437011522496e-07
1.17662500000000012e+01,1.17662500000000012e+01,7.22310381082040889e-03,-1.22776743576485936e-03,-1.22776650348588681e-03,-3.52858112983746373e-07,-3.52857845048476664e-07,-1.76428922524238306e-07,-5.29287035507984652e-07,-5.29286767572714996e-07
1.17735000000000003e+01,1.17735000000000003e+01,7.21421072398231548e-03,-1.22550069141702522e-03,-1.22549976200489485e-03,-3.51773017905667445e-07,-3.51772751123190466e-07,-1.75886375561595260e-07,-5.27659393467262678e-07,-5.27659126684785699e-07
1.17807500000000012e+01,1.17807500000000012e+01,7.20533405079486211e-03,-1.22323952355429810e-03,-1.22323859699846973e-03,-3.50691924574967464e-07,-3.50691658939627523e-07,-1.75345829469813735e-07,-5.26037754044781225e-07,-5.26037488409441285e-07
1.17880000000000003e+01,1.17880000000000003e+01,7.19647375089077935e-03,-1.22098391503844272e-03,-1.22098299132860190e-03,-3.49614815784346383e-07,-3.49614551290570586e-07,-1.74807275645285293e-07,-5.24422091429631623e-07,-5.24421826935855879e-07
1.17952500000000011e+01,1.17952500000000011e+01,7.18762978402680535e-03,-1.21873384879506164e-03,-1.21873292792044332e-03,-3.48541674411204486e-07,-3.48541411053309136e-07,-1.74270705526654595e-07,-5.22812379937859028e-07,-5.22812116579963678e-07
1.18025000000000002e+01,1.18025000000000002e+01,7.17880211008325129e-03,-1.21648930781181885e-03,-1.21648838976204203e-03,-3.47472483416745803e-07,-3.47472221189175158e-07,-1.73736110594587605e-07,-5.21208594011333435e-07,-5.21208331783762789e-07
1.18097500000000011e+01,1.18097500000000011e+01,7.16999068906353388e-03,-1.21425027513927253e-03,-1.21424935990406785e-03,-3.46407225845829137e-07,-3.46406964743077270e-07,-1.73203482371538688e-07,-5.19610708217367877e-07,-5.19610447114616011e-07
1.18170000000000002e+01,1.18170000000000002e+01,7.16119548109373210e-03,-1.21201673389059739e-03,-1.21201582145954675e-03,-3.45345884826505425e-07,-3.45345624843041741e-07,-1.72672812421520844e-07,-5.18018697248026296e-07,-5.18018437264562612e-07
1.18242500000000010e+01,1.18242500000000010e+01,7.15241644642211974e-03,-1.20978866724091860e-03,-1.20978775760358917e-03,-3.44288443569444300e-07,-3.44288184699751756e-07,-1.72144092349875878e-07,-5.16432535919320231e-07,-5.16432277049627582e-07
1.18315000000000001e+01,1.18315000000000001e+01,7.14365354541873863e-03,-1.20756605842681219e-03,-1.20756515157312912e-03,-3.43234885367414274e-07,-3.43234627606095312e-07,-1.71617313803047682e-07,-5.14852199170461957e-07,-5.14851941409142941e-07
1.18387500000000010e+01,1.18387500000000010e+01,7.13490673857493027e-03,-1.20534889074697116e-03,-1.20534798666665469e-03,-3.42185193595093799e-07,-3.42184936936710095e-07,-1.71092468468355074e-07,-5.13277662063448899e-07,-5.13277405405065142e-07
1.18460000000000001e+01,1.18460000000000001e+01,7.12617598650290823e-03,-1.20313714756092871e-03,-1.20313624624394867e-03,-3.41139351708334132e-07,-3.41139096147535510e-07,-1.70569548073767755e-07,-5.11708899782101834e-07,-5.11708644221303265e-07
1.18532500000000010e+01,1.18532500000000010e+01,7.11746124993529669e-03,-1.20093081228983545e-03,-1.20092991372582145e-03,-3.40097343244006718e-07,-3.40097088775363961e-07,-1.70048544387681980e-07,-5.10145887631688698e-07,-5.10145633163045941e-07
1.18605000000000000e+01,1.18605000000000000e+01,7.10876248972470547e-03,-1.19872986841490503e-03,-1.19872897259385445e-03,-3.39059151819193208e-07,-3.39058898437398331e-07,-1.69529449218699165e-07,-5.08588601037892374e-07,-5.08588347656097496e-07
1.18677500000000009e+01,1.18677500000000009e+01,7.10007966684328071e-03,-1.19653429947824685e-03,-1.19653340639013796e-03,-3.38024761131052267e-07,-3.38024508830809143e-07,-1.69012254415404571e-07,-5.07037015546456838e-07,-5.07036763246213661e-07
1.18750000000000000e+01,1.18750000000000000e+01,7.09141274238227117e-03,-1.19434408908214440e-03,-1.19434319871701403e-03,-3.36994154956250894e-07,-3.36993903732296695e-07,-1.68496951866148374e-07,-5.05491106822399321e-07,-5.05490855598445122e-07
1.18822500000000009e+01,1.18822500000000009e+01,7.08276167755158940e-03,-1.19215922088905524e-03,-1.19215833323681772e-03,-3.35967317150599406e-07,-3.35967066997653730e-07,-1.67983533498826865e-07,-5.03950850649426271e-07,-5.03950600496480648e-07
1.18895000000000000e+01,1.18895000000000000e+01,7.07412643367938063e-03,-1.18997967862077836e-03,-1.18997879367162295e-03,-3.34944231648456186e-07,-3.34943982561332915e-07,-1.67471991280666458e-07,-5.02416222929122644e-07,-5.02415973841999320e-07
1.18967500000000008e+01,1.18967500000000008e+01,7.06550697221158819e-03,-1.18780544605889826e-03,-1.18780456380298606e-03,-3.33924882462493690e-07,-3.33924634436015282e-07,-1.66962317218007641e-07,-5.00887199680501384e-07,-5.00886951654022870e-07
1.19039999999999999e+01,1.19039999999999999e+01,7.05690325471152683e-03,-1.18563650704417434e-03,-1.18563562747169460e-03,-3.32909253683169154e-07,-3.32909006712182631e-07,-1.66454503356091342e-07,-4.99363757039260469e-07,-4.99363510068273946e-07
1.19112500000000008e+01,1.19112500000000008e+01,7.04831524285944814e-03,-1.18347284547642984e-03,-1.18347196857751242e-03,-3.31897329478338934e-07,-3.31897083557691053e-07,-1.65948541778845500e-07,-4.97845871257184381e-07,-4.97845625336536499e-07
1.19184999999999999e+01,1.19184999999999999e+01,7.03974289845211900e-03,-1.18131444531405227e-03,-1.18131357107893091e-03,-3.30889094092765158e-07,-3.30888849217348205e-07,-1.65444424608674129e-07,-4.96333518701439261e-07,-4.96333273826022307e-07
1.19257500000000007e+01,1.19257500000000007e+01,7.03118618340239400e-03,-1.17916129057399344e-03,-1.17916041899291768e-03,-3.29884531847765960e-07,-3.29884288012493025e-07,-1.64942144006246486e-07,-4.94826675854012499e-07,-4.94826432018739511e-07
1.19329999999999998e+01,1.19329999999999998e+01,7.02264505973879648e-03,-1.17701336533126977e-03,-1.17701249639466958e-03,-3.28883627140726840e-07,-3.28883384340577559e-07,-1.64441692170288806e-07,-4.93325319311015620e-07,-4.93325076510866339e-07
1.19402500000000007e+01,1.19402500000000007e+01,7.01411948960509093e-03,-1.17487065371896238e-03,-1.17486978741736399e-03,-3.27886364444754447e-07,-3.27886122674751337e-07,-1.63943061337375695e-07,-4.91829425782130116e-07,-4.91829184012127059e-07
1.19474999999999998e+01,1.19474999999999998e+01,7.00560943525987186e-03,-1.17273313992827255e-03,-1.17273227625191404e-03,-3.26892728308348031e-07,-3.26892487563449129e-07,-1.63446243781724564e-07,-4.90338972090072543e-07,-4.90338731345173746e-07
1.19547500000000007e+01,1.19547500000000007e+01,6.99711485907613100e-03,-1.17060080820735601e-03,-1.17059994714672089e-03,-3.25902703354731295e-07,-3.25902463629979075e-07,-1.62951231814989511e-07,-4.88853935169720806e-07,-4.88853695444968585e-07
1.19619999999999997e+01,1.19619999999999997e+01,6.98863572354086523e-03,-1.16847364286176703e-03,-1.16847278440743445e-03,-3.24916274281637777e-07,-3.24916035572116907e-07,-1.62458017786058453e-07,-4.87374292067696257e-07,-4.87374053358175387e-07
1.19692500000000006e+01,1.19692500000000006e+01,6.98017199125463509e-03,-1.16635162825451388e-03,-1.16635077239670565e-03,-3.23933425860986544e-07,-3.23933188161698312e-07,-1.61966594080849182e-07,-4.85900019941835673e-07,-4.85899782242547494e-07
1.19764999999999997e+01,1.19764999999999997e+01,6.97172362493117537e-03,-1.16423474880444910e-03,-1.16423389553394993e-03,-3.22954142938100272e-07,-3.22953906244217861e-07,-1.61476953122108930e-07,-4.84431096060209229e-07,-4.84430859366326817e-07
1.19837500000000006e+01,1.19837500000000006e+01,6.96329058739697093e-03,-1.16212298898737965e-03,-1.16212213829510304e-03,-3.21978410431678991e-07,-3.21978174738426564e-07,-1.60989087369213308e-07,-4.82967497800892325e-07,-4.82967262107639898e-07
1.19910000000000014e+01,1.19910000000000014e+01,6.95487284159085600e-03,-1.16001633333612242e-03,-1.16001548521238516e-03,-3.21006213333483715e-07,-3.21005978635935458e-07,-1.60502989317967729e-07,-4.81509202651451444e-07,-4.81508967953903187e-07
1.19982500000000005e+01,1.19982500000000005e+01,6.94647035056359784e-03,-1.15791476643856139e-03,-1.15791392087406038e-03,-3.20037536707467972e-07,-3.20037303000818826e-07,-1.60018651500409439e-07,-4.80056188207877411e-07,-4.80055954501228318e-07
1.20055000000000014e+01,1.20055000000000014e+01,6.93808307747749691e-03,-1.15581827293864681e-03,-1.15581742992420080e-03,-3.19072365689726767e-07,-3.19072132969220536e-07,-1.59536066484610268e-07,-4.78608432174337008e-07,-4.78608199453830777e-07
1.20127500000000005e+01,1.20127500000000005e+01,6.92971098560598783e-03,-1.15372683753589556e-03,-1.15372599706245233e-03,-3.18110685488033363e-07,-3.18110453748964409e-07,-1.59055226874482231e-07,-4.77165912362515567e-07,-4.77165680623446613e-07
1.20200000000000014e+01,1.20200000000000014e+01,6.92135403833322657e-03,-1.15164044498555773e-03,-1.15163960704379792e-03,-3.17152481381560130e-07,-3.17152250619164157e-07,-1.58576125309582079e-07,-4.75728606691142209e-07,-4.75728375928746236e-07
1.20272500000000004e+01,1.20272500000000004e+01,6.91301219915369750e-03,-1.14955908009778396e-03,-1.14955824467832574e-03,-3.16197738720327287e-07,-3.16197508929837934e-07,-1.58098754464918994e-07,-4.74296493185246254e-07,-4.74296263394756901e-07
1.20345000000000013e+01,1.20345000000000013e+01,6.90468543167180836e-03,-1.14748272773712578e-03,-1.14748189483099543e-03,-3.15246442924745657e-07,-3.15246214101523726e-07,-1.57623107050761916e-07,-4.72869549975507547e-07,-4.72869321152285668e-07
1.20417500000000004e+01,1.20417500000000004e+01,6.89637369960150945e-03,-1.14541137282303529e-03,-1.14541054242141044e-03,-3.14298579485436523e-07,-3.14298351624898983e-07,-1.57149175812449518e-07,-4.71447755297886041e-07,-4.71447527437348501e-07
1.20490000000000013e+01,1.20490000000000013e+01,6.88807696676587387e-03,-1.14334500032986508e-03,-1.14334417242358249e-03,-3.13354133962914195e-07,-3.13353907060399082e-07,-1.56676953530199541e-07,-4.70031087493113736e-07,-4.70030860590598623e-07
1.20562500000000004e+01,1.20562500000000004e+01,6.87979519709672627e-03,-1.14128359528581358e-03,-1.14128276986570892e-03,-3.12413091986982979e-07,-3.12412866037842782e-07,-1.56206433018921364e-07,-4.68619525005904343e-07,-4.68619299056764146e-07
1.20635000000000012e+01,1.20635000000000012e+01,6.87152835463422998e-03,-1.13922714277264747e-03,-1.13922631982993805e-03,-3.11475439256348545e-07,-3.11475214256054656e-07,-1.55737607128027328e-07,-4.67213046384375873e-07,-4.67212821384081983e-07
1.20707500000000003e+01,1.20707500000000003e+01,6.86327640352652271e-03,-1.13717562792631233e-03,-1.13717480745215041e-03,-3.10541161538475047e-07,-3.10540937482495468e-07,-1.55270468741247760e-07,-4.65811630279722781e-07,-4.65811406223743255e-07
1.20780000000000012e+01,1.20780000000000012e+01,6.85503930802929852e-03,-1.13512903593648851e-03,-1.13512821792172516e-03,-3.09610244669154350e-07,-3.09610021552889164e-07,-1.54805010776444555e-07,-4.64415255445598906e-07,-4.64415032329333719e-07
1.20852500000000003e+01,1.20852500000000003e+01,6.84681703250544348e-03,-1.13308735204536992e-03,-1.13308653648132112e-03,-3.08682674551866100e-07,-3.08682452370856524e-07,-1.54341226185428236e-07,-4.63023900737294362e-07,-4.63023678556284733e-07
1.20925000000000011e+01,1.20925000000000011e+01,6.83860954142464107e-03,-1.13105056154860772e-03,-1.13104974842665124e-03,-3.07758437157730127e-07,-3.07758215907548139e-07,-1.53879107953774069e-07,-4.61637545111504196e-07,-4.61637323861322208e-07
1.20997500000000002e+01,1.20997500000000002e+01,6.83041679936298874e-03,-1.12901864979519928e-03,-1.12901783910626056e-03,-3.06837518525173142e-07,-3.06837298201281821e-07,-1.53418649100640911e-07,-4.60256167625814079e-07,-4.60255947301922705e-07
1.21070000000000011e+01,1.21070000000000011e+01,6.82223877100261115e-03,-1.12699160218582284e-03,-1.12699079392130351e-03,-3.05919904759173553e-07,-3.05919685357179498e-07,-1.52959842678589776e-07,-4.58879747437763329e-07,-4.58879528035769274e-07
1.21142500000000002e+01,1.21142500000000002e+01,6.81407542113129407e-03,-1.12496940417416980e-03,-1.12496859832532663e-03,-3.05005582031325360e-07,-3.05005363546809706e-07,-1.52502681773404853e-07,-4.57508263804730187e-07,-4.57508045320214586e-07
1.21215000000000011e+01,1.21215000000000011e+01,6.80592671464208543e-03,-1.12295204126594550e-03,-1.12295123782404568e-03,-3.04094536579267683e-07,-3.04094319007828135e-07,-1.52047159503914041e-07,-4.56141696083181724e-07,-4.56141478511742176e-07
1.21287500000000001e+01,1.21287500000000001e+01,6.79779261653293797e-03,-1.12093949901848067e-03,-1.12093869797513139e-03,-3.03186754706284746e-07,-3.03186538043624836e-07,-1.51593269021812444e-07,-4.54780023728097164e-07,-4.54779807065437307e-07
1.21360000000000010e+01,1.21360000000000010e+01,6.78967309190631804e-03,-1.11893176304156405e-03,-1.11893096438798914e-03,-3.02282222781236372e-07,-3.02282007022969580e-07,-1.51141003511484790e-07,-4.53423226292721189e-07,-4.53423010534454397e-07
1.21432500000000001e+01,1.21432500000000001e+01,6.78156810596883611e-03,-1.11692881899572161e-03,-1.11692802272354364e-03,-3.01380927237800202e-07,-3.01380712379661348e-07,-1.50690356189830674e-07,-4.52071283427630876e-07,-4.52071068569492021e-07
1.21505000000000010e+01,1.21505000000000010e+01,6.77347762403087902e-03,-1.11493065259338220e-03,-1.11492985869402557e-03,-3.00482854574496210e-07,-3.00482640612179929e-07,-1.50241320306089965e-07,-4.50724174880586148e-07,-4.50723960918269868e-07
1.21577500000000001e+01,1.21577500000000001e+01,6.76540161150623268e-03,-1.11293724959776741e-03,-1.11293645806275539e-03,-2.99587991354097799e-07,-2.99587778283338964e-07,-1.49793889141669482e-07,-4.49381880495767281e-07,-4.49381667425008446e-07
1.21650000000000009e+01,1.21650000000000009e+01,6.75734003391171081e-03,-1.11094859582316907e-03,-1.11094780664393105e-03,-2.98696324203419410e-07,-2.98696112019940875e-07,-1.49348056009970411e-07,-4.48044380213389821e-07,-4.48044168029911287e-07
1.21722500000000000e+01,1.21722500000000000e+01,6.74929285686679675e-03,-1.10896467713428315e-03,-1.10896389030241678e-03,-2.97807839812851873e-07,-2.97807628512435097e-07,-1.48903814256217575e-07,-4.46711654069069421e-07,-4.46711442768652645e-07
1.21795000000000009e+01,1.21795000000000009e+01,6.74126004609326354e-03,-1.10698547944637626e-03,-1.10698469495353058e-03,-2.96922524936123117e-07,-2.96922314514576609e-07,-1.48461157257288305e-07,-4.45383682193411395e-07,-4.45383471771864888e-07
1.21867500000000000e+01,1.21867500000000000e+01,6.73324156741482438e-03,-1.10501098872484160e-03,-1.10501020656283652e-03,-2.96040366389897366e-07,-2.96040156843088400e-07,-1.48020078421544200e-07,-4.44060444811441566e-07,-4.44060235264632600e-07
1.21940000000000008e+01,1.21940000000000008e+01,6.72523738675675272e-03,-1.10304119098542097e-03,-1.10304041114593285e-03,-2.95161351053553322e-07,-2.95161142377323655e-07,-1.47580571188661828e-07,-4.42741922242215149e-07,-4.42741713565985483e-07
1.22012499999999999e+01,1.22012499999999999e+01,6.71724747014553532e-03,-1.10107607229364968e-03,-1.10107529476824667e-03,-2.94285465868757209e-07,-2.94285258058932609e-07,-1.47142629029466331e-07,-4.41428094898223566e-07,-4.41427887088398967e-07
1.22085000000000008e+01,1.22085000000000008e+01,6.70927178370849496e-03,-1.09911561876435693e-03,-1.09911484354482448e-03,-2.93412697839051271e-07,-2.93412490891528605e-07,-1.46706245445764302e-07,-4.40118943284815600e-07,-4.40118736337292881e-07
1.22157499999999999e+01,1.22157499999999999e+01,6.70131029367345213e-03,-1.09715981656183237e-03,-1.09715904364012895e-03,-2.92543034029623964e-07,-2.92542827940358967e-07,-1.46271413970179457e-07,-4.38814447999803421e-07,-4.38814241910538424e-07
1.22230000000000008e+01,1.22230000000000008e+01,6.69336296636834777e-03,-1.09520865190010364e-03,-1.09520788126783080e-03,-2.91676461567108730e-07,-2.91676256331974658e-07,-1.45838128165987329e-07,-4.37514589733096033e-07,-4.37514384497962013e-07
1.22302499999999998e+01,1.22302499999999998e+01,6.68542976822090063e-03,-1.09326211104143756e-03,-1.09326134269060733e-03,-2.90812967638913310e-07,-2.90812763253905497e-07,-1.45406381626952748e-07,-4.36219349265866058e-07,-4.36219144880858245e-07
1.22375000000000007e+01,1.22375000000000007e+01,6.67751066575824649e-03,-1.09132018029739486e-03,-1.09131941421993818e-03,-2.89952539493229215e-07,-2.89952335954333836e-07,-1.44976167977166918e-07,-4.34928707470396160e-07,-4.34928503931500780e-07
1.22447499999999998e+01,1.22447499999999998e+01,6.66960562560658856e-03,-1.08938284602821955e-03,-1.08938208221590299e-03,-2.89095164438600643e-07,-2.89094961741772745e-07,-1.44547480870886372e-07,-4.33642645309487016e-07,-4.33642442612659117e-07
1.22520000000000007e+01,1.22520000000000007e+01,6.66171461449083756e-03,-1.08745009464206177e-03,-1.08744933308697954e-03,-2.88240829843450086e-07,-2.88240627984744189e-07,-1.44120313992372095e-07,-4.32361143835822207e-07,-4.32360941977116311e-07
1.22592499999999998e+01,1.22592499999999998e+01,6.65383759923427950e-03,-1.08552191259558839e-03,-1.08552115328984728e-03,-2.87389523135975362e-07,-2.87389322111461446e-07,-1.43694661055730697e-07,-4.31084184191706058e-07,-4.31083983167192143e-07
1.22665000000000006e+01,1.22665000000000006e+01,6.64597454675820102e-03,-1.08359828639381650e-03,-1.08359752932918113e-03,-2.86541231803839920e-07,-2.86541031609509720e-07,-1.43270515804754860e-07,-4.29811747608594807e-07,-4.29811547414264606e-07
1.22737499999999997e+01,1.22737499999999997e+01,6.63812542408156927e-03,-1.08167920258867012e-03,-1.08167844775746108e-03,-2.85695943393529043e-07,-2.85695744025533587e-07,-1.42847872012766794e-07,-4.28543815406295837e-07,-4.28543616038300381e-07
1.22810000000000006e+01,1.22810000000000006e+01,6.63029019832066593e-03,-1.07976464778064551e-03,-1.07976389517476837e-03,-2.84853645510528463e-07,-2.84853446964921159e-07,-1.42426723482460580e-07,-4.27280368992989069e-07,-4.27280170447381713e-07
1.22882500000000014e+01,1.22882500000000014e+01,6.62246883668874808e-03,-1.07785460861692384e-03,-1.07785385822859185e-03,-2.84014325818566320e-07,-2.84014128091493964e-07,-1.42007064045746982e-07,-4.26021389864313275e-07,-4.26021192137240972e-07
1.22955000000000005e+01,1.22955000000000005e+01,6.61466130649572027e-03,-1.07594907179220378e-03,-1.07594832361363434e-03,-2.83177972039574942e-07,-2.83177775127197244e-07,-1.41588887563598622e-07,-4.24766859603173537e-07,-4.24766662690795840e-07
1.23027500000000014e+01,1.23027500000000014e+01,6.60686757514776166e-03,-1.07404802404825750e-03,-1.07404727807161181e-03,-2.82344571953316719e-07,-2.82344375851790533e-07,-1.41172187925895267e-07,-4.23516759879212013e-07,-4.23516563777685827e-07
1.23100000000000005e+01,1.23100000000000005e+01,6.59908761014702059e-03,-1.07215145217343100e-03,-1.07215070839106739e-03,-2.81514113396998071e-07,-2.81513918102543882e-07,-1.40756959051271968e-07,-4.22271072448270012e-07,-4.22270877153815876e-07
1.23172500000000014e+01,1.23172500000000014e+01,6.59132137909124605e-03,-1.07025934300331027e-03,-1.07025860140717204e-03,-2.80686584265190138e-07,-2.80686389773931236e-07,-1.40343194886965618e-07,-4.21029779152155755e-07,-4.21029584660896853e-07
1.23245000000000005e+01,1.23245000000000005e+01,6.58356884967347365e-03,-1.06837168341905597e-03,-1.06837094400153722e-03,-2.79861972509140095e-07,-2.79861778817329947e-07,-1.39930889408664974e-07,-4.19792861917805069e-07,-4.19792668225994921e-07
1.23317500000000013e+01,1.23317500000000013e+01,6.57582998968167000e-03,-1.06648846034851363e-03,-1.06648772310202018e-03,-2.79040266136811704e-07,-2.79040073240718230e-07,-1.39520036620359141e-07,-4.18560302757170846e-07,-4.18560109861077371e-07
1.23390000000000004e+01,1.23390000000000004e+01,6.56810476699842046e-03,-1.06460966076549202e-03,-1.06460892568253831e-03,-2.78221453212447076e-07,-2.78221261108378164e-07,-1.39110630554189082e-07,-4.17332083766636158e-07,-4.17331891662567246e-07
1.23462500000000013e+01,1.23462500000000013e+01,6.56039314960057008e-03,-1.06273527169015169e-03,-1.06273453876287445e-03,-2.77405521856419871e-07,-2.77405330540596221e-07,-1.38702665270298110e-07,-4.16108187126718008e-07,-4.16107995810894304e-07
1.23535000000000004e+01,1.23535000000000004e+01,6.55269510555891305e-03,-1.06086528018767279e-03,-1.06086454940849365e-03,-2.76592460244641797e-07,-2.76592269713369973e-07,-1.38296134856684986e-07,-4.14888595101326810e-07,-4.14888404570054986e-07
1.23607500000000012e+01,1.23607500000000012e+01,6.54501060303784923e-03,-1.05899967336892109e-03,-1.05899894473035191e-03,-2.75782256608491135e-07,-2.75782066858112643e-07,-1.37891033429056322e-07,-4.13673290037547430e-07,-4.13673100287168938e-07
1.23680000000000003e+01,1.23680000000000003e+01,6.53733961029506414e-03,-1.05713843839005950e-03,-1.05713771188471273e-03,-2.74974899234468795e-07,-2.74974710261362464e-07,-1.37487355130681205e-07,-4.12462254365150027e-07,-4.12462065392043696e-07
1.23752500000000012e+01,1.23752500000000012e+01,6.52968209568119320e-03,-1.05528156245277005e-03,-1.05528083807295892e-03,-2.74170376464012920e-07,-2.74170188264491034e-07,-1.37085094132245490e-07,-4.11255470596258384e-07,-4.11255282396736550e-07
1.23825000000000003e+01,1.23825000000000003e+01,6.52203802763949916e-03,-1.05342903280297717e-03,-1.05342831054140913e-03,-2.73368676692927512e-07,-2.73368489263415961e-07,-1.36684244631707980e-07,-4.10052921324635492e-07,-4.10052733895123941e-07
1.23897500000000012e+01,1.23897500000000012e+01,6.51440737470554941e-03,-1.05158083673201341e-03,-1.05158011658113351e-03,-2.72569788371445371e-07,-2.72569601708313031e-07,-1.36284800854156489e-07,-4.08854589225601861e-07,-4.08854402562469521e-07
1.23970000000000002e+01,1.23970000000000002e+01,6.50679010550688549e-03,-1.04973696157534269e-03,-1.04973624352777055e-03,-2.71773700003659426e-07,-2.71773514103331395e-07,-1.35886757051665697e-07,-4.07660457055325124e-07,-4.07660271154997092e-07
1.24042500000000011e+01,1.24042500000000011e+01,6.49918618876270653e-03,-1.04789739471300436e-03,-1.04789667876134486e-03,-2.70980400147401021e-07,-2.70980215006309754e-07,-1.35490107503154877e-07,-4.06470507650555925e-07,-4.06470322509464658e-07
1.24115000000000002e+01,1.24115000000000002e+01,6.49159559328354747e-03,-1.04606212356900263e-03,-1.04606140970608659e-03,-2.70189877413847794e-07,-2.70189693028494940e-07,-1.35094846514247444e-07,-4.05284723928095238e-07,-4.05284539542742384e-07
1.24187500000000011e+01,1.24187500000000011e+01,6.48401828797095549e-03,-1.04423113561180614e-03,-1.04423042383024948e-03,-2.69402120467418222e-07,-2.69401936834260642e-07,-1.34700968417130321e-07,-4.04103088884548517e-07,-4.04102905251390937e-07
1.24260000000000002e+01,1.24260000000000002e+01,6.47645424181717607e-03,-1.04240441835362629e-03,-1.04240370864593199e-03,-2.68617118025353715e-07,-2.68616935140830059e-07,-1.34308467570415029e-07,-4.02925585595768718e-07,-4.02925402711245114e-07
1.24332500000000010e+01,1.24332500000000010e+01,6.46890342390482771e-03,-1.04058195934986220e-03,-1.04058125170889792e-03,-2.67834858857343539e-07,-2.67834676717997330e-07,-1.33917338358998665e-07,-4.01752197216342204e-07,-4.01752015076995994e-07
1.24405000000000001e+01,1.24405000000000001e+01,6.46136580340660356e-03,-1.03876374619965572e-03,-1.03876304061840019e-03,-2.67055331785440273e-07,-2.67055150387853997e-07,-1.33527575193926972e-07,-4.00582906979367245e-07,-4.00582725581780969e-07
1.24477500000000010e+01,1.24477500000000010e+01,6.45384134958493227e-03,-1.03694976654594706e-03,-1.03694906301700016e-03,-2.66278525683843708e-07,-2.66278345024513032e-07,-1.33139172512256516e-07,-3.99417698196100224e-07,-3.99417517536769548e-07
1.24550000000000001e+01,1.24550000000000001e+01,6.44633003179168745e-03,-1.03514000807408690e-03,-1.03513930659039546e-03,-2.65504429478318461e-07,-2.65504249553838842e-07,-1.32752124776919421e-07,-3.98256554255237881e-07,-3.98256374330758262e-07
1.24622500000000009e+01,1.24622500000000009e+01,6.43883181946785805e-03,-1.03333445851278016e-03,-1.03333375906724026e-03,-2.64733032146210330e-07,-2.64732852953174578e-07,-1.32366426476587262e-07,-3.97099458622797619e-07,-3.97099279429761867e-07
1.24695000000000000e+01,1.24695000000000000e+01,6.43134668214325172e-03,-1.03153310563358636e-03,-1.03153240821897462e-03,-2.63964322716094039e-07,-2.63964144251074687e-07,-1.31982072125537344e-07,-3.95946394841631356e-07,-3.95946216376612057e-07
1.24767500000000009e+01,1.24767500000000009e+01,6.42387458943617130e-03,-1.02973593725025347e-03,-1.02973524185964618e-03,-2.63198290267379362e-07,-2.63198112527036190e-07,-1.31599056263518095e-07,-3.94797346530897457e-07,-3.94797168790554285e-07
1.24840000000000000e+01,1.24840000000000000e+01,6.41641551105312340e-03,-1.02794294121949514e-03,-1.02794224784574220e-03,-2.62434923930288999e-07,-2.62434746911233927e-07,-1.31217373455616990e-07,-3.93652297385905989e-07,-3.93652120366850918e-07
1.24912500000000009e+01,1.24912500000000009e+01,6.40896941678848874e-03,-1.02615410543999142e-03,-1.02615341407601124e-03,-2.61674212885381748e-07,-2.61674036584254650e-07,-1.30837018292127351e-07,-3.92511231177509125e-07,-3.92511054876382027e-07
1.24984999999999999e+01,1.24984999999999999e+01,6.40153627652424381e-03,-1.02436941785227775e-03,-1.02436872849129799e-03,-2.60916146363306227e-07,-2.60915970776836020e-07,-1.30457985388418010e-07,-3.91374131751724211e-07,-3.91373956165254057e-07
1.25057500000000008e+01,1.25057500000000008e+01,6.39411606022963035e-03,-1.02258886643946667e-03,-1.02258817907436650e-03,-2.60160713644766311e-07,-2.60160538769603033e-07,-1.30080269384801516e-07,-3.90240983029567801e-07,-3.90240808154404576e-07
1.25129999999999999e+01,1.25129999999999999e+01,6.38670873796087172e-03,-1.02081243922591547e-03,-1.02081175384973583e-03,-2.59407904059965365e-07,-2.59407729892810458e-07,-1.29703864946405229e-07,-3.89111769006370568e-07,-3.89111594839215713e-07
1.25202500000000008e+01,1.25202500000000008e+01,6.37931427986085462e-03,-1.01904012427772583e-03,-1.01903944088350550e-03,-2.58657706988517947e-07,-2.58657533526082329e-07,-1.29328766763041138e-07,-3.87986473751559085e-07,-3.87986300289123467e-07
1.25274999999999999e+01,1.25274999999999999e+01,6.37193265615884543e-03,-1.01727190970218873e-03,-1.01727122828319219e-03,-2.57910111859095481e-07,-2.57909939098157144e-07,-1.28954969549078599e-07,-3.86865081408174079e-07,-3.86864908647235743e-07
1.25347500000000007e+01,1.25347500000000007e+01,6.36456383717017276e-03,-1.01550778364811745e-03,-1.01550710419755826e-03,-2.57165108149296712e-07,-2.57164936086630791e-07,-1.28582468043315395e-07,-3.85747576192612081e-07,-3.85747404129946160e-07
1.25419999999999998e+01,1.25419999999999998e+01,6.35720779329594816e-03,-1.01374773430540355e-03,-1.01374705681644842e-03,-2.56422685385324620e-07,-2.56422514017703971e-07,-1.28211257008851986e-07,-3.84633942394176605e-07,-3.84633771026555957e-07
1.25492500000000007e+01,1.25492500000000007e+01,6.34986449502274435e-03,-1.01199174990479479e-03,-1.01199107437061888e-03,-2.55682833141718965e-07,-2.55682662465928411e-07,-1.27841331232964179e-07,-3.83524164374683118e-07,-3.83523993698892617e-07
1.25564999999999998e+01,1.25564999999999998e+01,6.34253391292232890e-03,-1.01023981871783963e-03,-1.01023914513157799e-03,-2.54945541041133523e-07,-2.54945371053957514e-07,-1.27472685526978757e-07,-3.82418226568112280e-07,-3.82418056580936271e-07
1.25637500000000006e+01,1.25637500000000006e+01,6.33521601765133641e-03,-1.00849192905649865e-03,-1.00849125741141557e-03,-2.54210798754029769e-07,-2.54210629452295004e-07,-1.27105314726147502e-07,-3.81316113480177271e-07,-3.81315944178442505e-07
1.25709999999999997e+01,1.25709999999999997e+01,6.32791077995100999e-03,-1.00674806927308902e-03,-1.00674739956264588e-03,-2.53478595998456395e-07,-2.53478427379049020e-07,-1.26739213689524483e-07,-3.80217809687980904e-07,-3.80217641068573476e-07
1.25782500000000006e+01,1.25782500000000006e+01,6.32061817064687691e-03,-1.00500822776067311e-03,-1.00500755997803772e-03,-2.52748922539941408e-07,-2.52748754599682932e-07,-1.26374377299841439e-07,-3.79123299839782847e-07,-3.79123131899524371e-07
1.25855000000000015e+01,1.25855000000000015e+01,6.31333816064847883e-03,-1.00327239295200377e-03,-1.00327172709045774e-03,-2.52021768191022193e-07,-2.52021600926772348e-07,-1.26010800463386174e-07,-3.78032568654408340e-07,-3.78032401390158548e-07
1.25927500000000006e+01,1.25927500000000006e+01,6.30607072094907344e-03,-1.00154055331952430e-03,-1.00153988937270620e-03,-2.51297122811042593e-07,-2.51296956219760266e-07,-1.25648478109880133e-07,-3.76945600920922726e-07,-3.76945434329640399e-07
1.26000000000000014e+01,1.26000000000000014e+01,6.29881582262534559e-03,-9.99812697376145643e-04,-9.99812035337356401e-04,-2.50574976306145763e-07,-2.50574810384714296e-07,-1.25287405192357148e-07,-3.75862381498502911e-07,-3.75862215577071444e-07
1.26072500000000005e+01,1.26072500000000005e+01,6.29157343683711939e-03,-9.98088813674025133e-04,-9.98088153536595170e-04,-2.49855318628766955e-07,-2.49855153374086578e-07,-1.24927576687043262e-07,-3.74782895315810191e-07,-3.74782730061129867e-07
1.26145000000000014e+01,1.26145000000000014e+01,6.28434353482707191e-03,-9.96368890804788521e-04,-9.96368232562063003e-04,-2.49138139777489046e-07,-2.49137975186472959e-07,-1.24568987593236453e-07,-3.73707127370725499e-07,-3.73706962779709412e-07
1.26217500000000005e+01,1.26217500000000005e+01,6.27712608792045049e-03,-9.94652917399030390e-04,-9.94652261044696659e-04,-2.48423429796719873e-07,-2.48423265866376039e-07,-1.24211632933188019e-07,-3.72635062729907893e-07,-3.72634898799564058e-07
1.26290000000000013e+01,1.26290000000000013e+01,6.26992106752478559e-03,-9.92940882127091307e-04,-9.92940227654570424e-04,-2.47711178776688261e-07,-2.47711015503967255e-07,-1.23855507751983627e-07,-3.71566686528671889e-07,-3.71566523255950882e-07
1.26362500000000004e+01,1.26362500000000004e+01,6.26272844512960804e-03,-9.91232773697836578e-04,-9.91232121100739123e-04,-2.47001376852943110e-07,-2.47001214234851887e-07,-1.23500607117425970e-07,-3.70501983970369080e-07,-3.70501821352277857e-07
1.26435000000000013e+01,1.26435000000000013e+01,6.25554819230616631e-03,-9.89528580859211360e-04,-9.89527930131081776e-04,-2.46294014206296323e-07,-2.46293852239834428e-07,-1.23146926119917188e-07,-3.69440940326213537e-07,-3.69440778359751643e-07
1.26507500000000004e+01,1.26507500000000004e+01,6.24838028070714892e-03,-9.87828292397852081e-04,-9.87827643532146124e-04,-2.45589081062532173e-07,-2.45588919744686023e-07,-1.22794459872343038e-07,-3.68383540934875185e-07,-3.68383379617029087e-07
1.26580000000000013e+01,1.26580000000000013e+01,6.24122468206639736e-03,-9.86131897138697866e-04,-9.86131250128992939e-04,-2.44886567692117297e-07,-2.44886407019912746e-07,-1.22443203509956373e-07,-3.67329771202073643e-07,-3.67329610529869093e-07
1.26652500000000003e+01,1.26652500000000003e+01,6.23408136819863807e-03,-9.84439383945101554e-04,-9.84438738785043798e-04,-2.44186464410037006e-07,-2.44186304380525744e-07,-1.22093152190262899e-07,-3.66279616600299931e-07,-3.66279456570788617e-07
1.26725000000000012e+01,1.26725000000000012e+01,6.22695031099919361e-03,-9.82750741718496634e-04,-9.82750098401924312e-04,-2.43488761575521589e-07,-2.43488602185811794e-07,-1.21744301092905897e-07,-3.65233062668427460e-07,-3.65232903278717718e-07
1.26797500000000003e+01,1.26797500000000003e+01,6.21983148244372071e-03,-9.81065959398730314e-04,-9.81065317919315588e-04,-2.42793449591939059e-07,-2.42793290839106508e-07,-1.21396645419553254e-07,-3.64190095011492339e-07,-3.64189936258659788e-07
1.26870000000000012e+01,1.26870000000000012e+01,6.21272485458791105e-03,-9.79385025963452893e-04,-9.79384386314796369e-04,-2.42100518906455171e-07,-2.42100360787566747e-07,-1.21050180393783347e-07,-3.63150699300238518e-07,-3.63150541181350095e-07
1.26942500000000003e+01,1.26942500000000003e+01,6.20563039956725099e-03,-9.77707930427784699e-04,-9.77707292603698618e-04,-2.41409960009763963e-07,-2.41409802521947485e-07,-1.20704901260973769e-07,-3.62114861270737732e-07,-3.62114703782921253e-07
1.27015000000000011e+01,1.27015000000000011e+01,6.19854808959670843e-03,-9.76034661844982221e-04,-9.76034025838949442e-04,-2.40721763436065310e-07,-2.40721606576376066e-07,-1.20360803288188007e-07,-3.61082566724253290e-07,-3.61082409864564046e-07
1.27087500000000002e+01,1.27087500000000002e+01,6.19147789697049953e-03,-9.74365209304772772e-04,-9.74364575110927438e-04,-2.40035919762469086e-07,-2.40035763528131561e-07,-1.20017881764065754e-07,-3.60053801526534813e-07,-3.60053645292197288e-07
1.27160000000000011e+01,1.27160000000000011e+01,6.18441979406178944e-03,-9.72699561935352897e-04,-9.72698929547308731e-04,-2.39352419609303168e-07,-2.39352263997422151e-07,-1.19676131998711075e-07,-3.59028551608014216e-07,-3.59028395996133253e-07
1.27232500000000002e+01,1.27232500000000002e+01,6.17737375332243731e-03,-9.71037708901278940e-04,-9.71037078312921150e-04,-2.38671253639410823e-07,-2.38671098647166436e-07,-1.19335549323583218e-07,-3.58006802962994041e-07,-3.58006647970749654e-07
1.27305000000000010e+01,1.27305000000000010e+01,6.17033974728272046e-03,-9.69379639404299720e-04,-9.69379010609594288e-04,-2.37992412558173050e-07,-2.37992258182773710e-07,-1.18996129091386855e-07,-3.56988541649559892e-07,-3.56988387274160578e-07
1.27377500000000001e+01,1.27377500000000001e+01,6.16331774855107505e-03,-9.67725342683412038e-04,-9.67724715676014213e-04,-2.37315887113341392e-07,-2.37315733351927621e-07,-1.18657866675963811e-07,-3.55973753789305203e-07,-3.55973600027891432e-07
1.27450000000000010e+01,1.27450000000000010e+01,6.15630772981381157e-03,-9.66074808013583919e-04,-9.66074182787573306e-04,-2.36641668094543722e-07,-2.36641514944368540e-07,-1.18320757472184283e-07,-3.54962425566727992e-07,-3.54962272416552837e-07
1.27522500000000001e+01,1.27522500000000001e+01,6.14930966383487806e-03,-9.64428024706809328e-04,-9.64427401256229755e-04,-2.35969746333364686e-07,-2.35969593791680556e-07,-1.17984796895840304e-07,-3.53954543229204977e-07,-3.53954390687520873e-07
1.27595000000000010e+01,1.27595000000000010e+01,6.14232352345556263e-03,-9.62784982111886123e-04,-9.62784360430355758e-04,-2.35300112703112182e-07,-2.35299960767075720e-07,-1.17649980383537834e-07,-3.52950093086650002e-07,-3.52949941150613567e-07
1.27667500000000000e+01,1.27667500000000000e+01,6.13534928159425574e-03,-9.61145669613028275e-04,-9.61145049694598209e-04,-2.34632758118300992e-07,-2.34632606785182979e-07,-1.17316303392591516e-07,-3.51949061510892535e-07,-3.51948910177774469e-07
1.27740000000000009e+01,1.27740000000000009e+01,6.12838691124617443e-03,-9.59510076630809561e-04,-9.59509458469731354e-04,-2.33967673534707944e-07,-2.33967522801836177e-07,-1.16983761400918075e-07,-3.50951434935626045e-07,-3.50951284202754278e-07
1.27812500000000000e+01,1.27812500000000000e+01,6.12143638548310904e-03,-9.57878192622330094e-04,-9.57877576212515843e-04,-2.33304849949236729e-07,-2.33304699813864279e-07,-1.16652349906932153e-07,-3.49957199856168881e-07,-3.49957049720796432e-07
1.27885000000000009e+01,1.27885000000000009e+01,6.11449767745314999e-03,-9.56250007080161613e-04,-9.56249392415553013e-04,-2.32644278399486709e-07,-2.32644128858881975e-07,-1.16322064429440961e-07,-3.48966342828927670e-07,-3.48966193288322963e-07
1.27957500000000000e+01,1.27957500000000000e+01,6.10757076038044751e-03,-9.54625509532291971e-04,-9.54624896607146546e-04,-2.31985949963566282e-07,-2.31985801015082602e-07,-1.15992900507541275e-07,-3.47978850471107583e-07,-3.47978701522623904e-07
1.28030000000000008e+01,1.28030000000000008e+01,6.10065560756493149e-03,-9.53004689542957806e-04,-9.53004078351156968e-04,-2.31329855760123421e-07,-2.31329707401030677e-07,-1.15664853700515352e-07,-3.46994709460638746e-07,-3.46994561101546003e-07
1.28102499999999999e+01,1.28102499999999999e+01,6.09375219238207470e-03,-9.51387536711034709e-04,-9.51386927246864822e-04,-2.30675986947783357e-07,-2.30675839175457706e-07,-1.15337919587728853e-07,-3.46013906535512223e-07,-3.46013758763186572e-07
1.28175000000000008e+01,1.28175000000000008e+01,6.08686048828262129e-03,-9.49774040671313990e-04,-9.49773432928827121e-04,-2.30024334725287885e-07,-2.30024187537056541e-07,-1.15012093768528310e-07,-3.45036428493816169e-07,-3.45036281305584851e-07
1.28247499999999999e+01,1.28247499999999999e+01,6.07998046879234134e-03,-9.48164191093392450e-04,-9.48163585066740737e-04,-2.29374890331057426e-07,-2.29374743724279763e-07,-1.14687371862139855e-07,-3.44062262193197281e-07,-3.44062115586419618e-07
1.28320000000000007e+01,1.28320000000000007e+01,6.07311210751176715e-03,-9.46557977681783402e-04,-9.46557373365300263e-04,-2.28727645043049038e-07,-2.28727499015135993e-07,-1.14363749507567983e-07,-3.43091394550617008e-07,-3.43091248522703990e-07
1.28392499999999998e+01,1.28392499999999998e+01,6.06625537811595564e-03,-9.44955390176249743e-04,-9.44954787564064222e-04,-2.28082590178670311e-07,-2.28082444726991239e-07,-1.14041222363495620e-07,-3.42123812542165944e-07,-3.42123667090486846e-07
1.28465000000000007e+01,1.28465000000000007e+01,6.05941025435421162e-03,-9.43356418351026793e-04,-9.43355817437311521e-04,-2.27439717094424278e-07,-2.27439572216366824e-07,-1.13719786108183412e-07,-3.41159503202607703e-07,-3.41159358324550222e-07
1.28537499999999998e+01,1.28537499999999998e+01,6.05257671004986574e-03,-9.41761052014822297e-04,-9.41760452793910909e-04,-2.26799017185745035e-07,-2.26798872878743270e-07,-1.13399436439371622e-07,-3.40198453625116657e-07,-3.40198309318114919e-07
1.28610000000000007e+01,1.28610000000000007e+01,6.04575471909999697e-03,-9.40169281010927449e-04,-9.40168683477178514e-04,-2.26160481886858854e-07,-2.26160338148360564e-07,-1.13080169074180295e-07,-3.39240650961039176e-07,-3.39240507222540859e-07
1.28682499999999997e+01,1.28682499999999997e+01,6.03894425547520704e-03,-9.38581095217272399e-04,-9.38580499364747634e-04,-2.25524102670634870e-07,-2.25523959498023939e-07,-1.12761979749011996e-07,-3.38286082419646879e-07,-3.38285939247035921e-07
1.28755000000000006e+01,1.28755000000000006e+01,6.03214529321934641e-03,-9.36996484545260522e-04,-9.36995890368427786e-04,-2.24889871048141150e-07,-2.24889728438906735e-07,-1.12444864219453367e-07,-3.37334735267594531e-07,-3.37334592658360115e-07
1.28827500000000015e+01,1.28827500000000015e+01,6.02535780644929912e-03,-9.35415438940823130e-04,-9.35414846434076339e-04,-2.24257778568737001e-07,-2.24257636520357961e-07,-1.12128818260178980e-07,-3.36386596828915968e-07,-3.36386454780536954e-07
1.28900000000000006e+01,1.28900000000000006e+01,6.01858176935470435e-03,-9.33837948383808847e-04,-9.33837357541459083e-04,-2.23627816819765412e-07,-2.23627675329708165e-07,-1.11813837664854109e-07,-3.35441654484619534e-07,-3.35441512994562287e-07
1.28972500000000014e+01,1.28972500000000014e+01,6.01181715619773360e-03,-9.32264002887650545e-04,-9.32263413704120347e-04,-2.22999977426312709e-07,-2.22999836492077847e-07,-1.11499918246038937e-07,-3.34499895672351646e-07,-3.34499754738116784e-07
1.29045000000000005e+01,1.29045000000000005e+01,6.00506394131283296e-03,-9.30693592499587385e-04,-9.30693004969248335e-04,-2.22374252051103421e-07,-2.22374111670186691e-07,-1.11187055835093372e-07,-3.33561307886196793e-07,-3.33561167505280063e-07
1.29117500000000014e+01,1.29117500000000014e+01,5.99832209910648988e-03,-9.29126707300165222e-04,-9.29126121417544375e-04,-2.21750632394221945e-07,-2.21750492564163616e-07,-1.10875246282081808e-07,-3.32625878676303780e-07,-3.32625738846245398e-07
1.29190000000000005e+01,1.29190000000000005e+01,5.99159160405698075e-03,-9.27563337403625177e-04,-9.27562753163090102e-04,-2.21129110193048519e-07,-2.21128970911358024e-07,-1.10564485455679025e-07,-3.31693595648727545e-07,-3.31693456367037075e-07
1.29262500000000014e+01,1.29262500000000014e+01,5.98487243071413669e-03,-9.26003472957237506e-04,-9.26002890353217032e-04,-2.20509677221943491e-07,-2.20509538486152256e-07,-1.10254769243076128e-07,-3.30764446465019619e-07,-3.30764307729228384e-07
1.29335000000000004e+01,1.29335000000000004e+01,5.97816455369910155e-03,-9.24447104141357112e-04,-9.24446523168376885e-04,-2.19892325292105356e-07,-2.19892187099775066e-07,-1.09946093549887546e-07,-3.29838418841992915e-07,-3.29838280649662626e-07
1.29407500000000013e+01,1.29407500000000013e+01,5.97146794770408648e-03,-9.22894221169257012e-04,-9.22893641822009644e-04,-2.19277046251376317e-07,-2.19276908600115507e-07,-1.09638454300057767e-07,-3.28915500551434057e-07,-3.28915362900173274e-07
1.29480000000000004e+01,1.29480000000000004e+01,5.96478258749214701e-03,-9.21344814287572422e-04,-9.21344236560418112e-04,-2.18663831984194131e-07,-2.18663694871539417e-07,-1.09331847435769709e-07,-3.27995679419963827e-07,-3.27995542307309113e-07
1.29552500000000013e+01,1.29552500000000013e+01,5.95810844789691676e-03,-9.19798873775079517e-04,-9.19798297662633465e-04,-2.18052674411148637e-07,-2.18052537834704371e-07,-1.09026268917352172e-07,-3.27078943328500836e-07,-3.27078806752056517e-07
1.29625000000000004e+01,1.29625000000000004e+01,5.95144550382240879e-03,-9.18256389943361562e-04,-9.18255815440294481e-04,-2.17443565488988344e-07,-2.17443429446379049e-07,-1.08721714723189525e-07,-3.26165280212177881e-07,-3.26165144169568560e-07
1.29697500000000012e+01,1.29697500000000012e+01,5.94479373024273811e-03,-9.16717353136642377e-04,-9.16716780237512331e-04,-2.16836497210429480e-07,-2.16836361699259986e-07,-1.08418180849629980e-07,-3.25254678060059460e-07,-3.25254542548889992e-07
1.29770000000000003e+01,1.29770000000000003e+01,5.93815310220192731e-03,-9.15181753731286740e-04,-9.15181182430750890e-04,-2.16231461603887061e-07,-2.16231326621792663e-07,-1.08115663310896318e-07,-3.24347124914783366e-07,-3.24346989932688994e-07
1.29842500000000012e+01,1.29842500000000012e+01,5.93152359481363429e-03,-9.13649582136188965e-04,-9.13649012428693810e-04,-2.15628450733417448e-07,-2.15628316277990587e-07,-1.07814158138995293e-07,-3.23442608872412728e-07,-3.23442474416985867e-07
1.29915000000000003e+01,1.29915000000000003e+01,5.92490518326095270e-03,-9.12120828791662674e-04,-9.12120260672124499e-04,-2.15027456698307379e-07,-2.15027322767258419e-07,-1.07513661383629209e-07,-3.22541118081936575e-07,-3.22540984150887641e-07
1.29987500000000011e+01,1.29987500000000011e+01,5.91829784279615523e-03,-9.10595484170606539e-04,-9.10594917633796236e-04,-2.14428471633201366e-07,-2.14428338224212984e-07,-1.07214169112106492e-07,-3.21642640745307845e-07,-3.21642507336319463e-07
1.30060000000000002e+01,1.30060000000000002e+01,5.91170154874047851e-03,-9.09073538777949164e-04,-9.09072973818311281e-04,-2.13831487707823238e-07,-2.13831354818508204e-07,-1.06915677409254102e-07,-3.20747165117077367e-07,-3.20747032227762280e-07
1.30132500000000011e+01,1.30132500000000011e+01,5.90511627648387504e-03,-9.07554983149760908e-04,-9.07554419761992504e-04,-2.13236497126620726e-07,-2.13236364754658169e-07,-1.06618182377329085e-07,-3.19854679503949797e-07,-3.19854547131987240e-07
1.30205000000000002e+01,1.30205000000000002e+01,5.89854200148480761e-03,-9.06039807853642465e-04,-9.06039246032764884e-04,-2.12643492128712392e-07,-2.12643360271864240e-07,-1.06321680135932120e-07,-3.18965172264644499e-07,-3.18965040407796347e-07
1.30277500000000011e+01,1.30277500000000011e+01,5.89197869926999691e-03,-9.04528003489390997e-04,-9.04527443230027681e-04,-2.12052464987898458e-07,-2.12052333643839949e-07,-1.06026166821919961e-07,-3.18078631809818406e-07,-3.18078500465759924e-07
1.30350000000000001e+01,1.30350000000000001e+01,5.88542634543421164e-03,-9.03019560687612355e-04,-9.03019001984535713e-04,-2.11463408012191759e-07,-2.11463277178639743e-07,-1.05731638589319898e-07,-3.17195046601511644e-07,-3.17194915767959654e-07
1.30422500000000010e+01,1.30422500000000010e+01,5.87888491564002649e-03,-9.01514470110220678e-04,-9.01513912958274246e-04,-2.10876313543791617e-07,-2.10876183218486316e-07,-1.05438091609243171e-07,-3.16314405153034815e-07,-3.16314274827729487e-07
1.30495000000000001e+01,1.30495000000000001e+01,5.87235438561761400e-03,-9.00012722450271863e-04,-9.00012166844341025e-04,-2.10291173958902950e-07,-2.10291044139600917e-07,-1.05145522069800472e-07,-3.15436696028703409e-07,-3.15436566209401376e-07
1.30567500000000010e+01,1.30567500000000010e+01,5.86583473116449820e-03,-8.98514308431852537e-04,-8.98513754366821378e-04,-2.09707981667568554e-07,-2.09707852352032564e-07,-1.04853926176016269e-07,-3.14561907843584797e-07,-3.14561778528048833e-07
1.30640000000000001e+01,1.30640000000000001e+01,5.85932592814535167e-03,-8.97019218810024555e-04,-8.97018666280672314e-04,-2.09126729113515557e-07,-2.09126600299490464e-07,-1.04563300149745219e-07,-3.13690029263260802e-07,-3.13689900449235682e-07
1.30712500000000009e+01,1.30712500000000009e+01,5.85282795249175269e-03,-8.95527444370380898e-04,-8.95526893371598274e-04,-2.08547408773911735e-07,-2.08547280459174898e-07,-1.04273640229587436e-07,-3.12821049003499157e-07,-3.12820920688762320e-07
1.30785000000000000e+01,1.30785000000000000e+01,5.84634078020198136e-03,-8.94038975928990176e-04,-8.94038426455936314e-04,-2.07970013159213921e-07,-2.07969885341611652e-07,-1.03984942670805839e-07,-3.11954955830019773e-07,-3.11954828012417478e-07
1.30857500000000009e+01,1.30857500000000009e+01,5.83986438734078201e-03,-8.92553804333229284e-04,-8.92553256380533263e-04,-2.07394534813223219e-07,-2.07394407490484888e-07,-1.03697203745242431e-07,-3.11091738558465624e-07,-3.11091611235727293e-07
1.30930000000000000e+01,1.30930000000000000e+01,5.83339875003914977e-03,-8.91071920460173583e-04,-8.91071374022630366e-04,-2.06820966312572580e-07,-2.06820839482472661e-07,-1.03410419741236317e-07,-3.10231386053808871e-07,-3.10231259223708979e-07
1.31002500000000008e+01,1.31002500000000008e+01,5.82694384449411028e-03,-8.89593315216707925e-04,-8.89592770289744129e-04,-2.06249300266616656e-07,-2.06249173927082565e-07,-1.03124586963541283e-07,-3.09373887230157951e-07,-3.09373760890623861e-07
1.31074999999999999e+01,1.31074999999999999e+01,5.82049964696850722e-03,-8.88117979541080960e-04,-8.88117436119550963e-04,-2.05679529317656372e-07,-2.05679403466488974e-07,-1.02839701733244487e-07,-3.08519231050900833e-07,-3.08519105199733488e-07
1.31147500000000008e+01,1.31147500000000008e+01,5.81406613379076460e-03,-8.86645904401017759e-04,-8.86645362479767372e-04,-2.05111646140365063e-07,-2.05111520775369642e-07,-1.02555760387684834e-07,-3.07667406528049883e-07,-3.07667281163054463e-07
1.31219999999999999e+01,1.31219999999999999e+01,5.80764328135469250e-03,-8.85177080793775328e-04,-8.85176540368037314e-04,-2.04545643441667926e-07,-2.04545518560745561e-07,-1.02272759280372781e-07,-3.06818402722040706e-07,-3.06818277841118315e-07
1.31292500000000008e+01,1.31292500000000008e+01,5.80123106611925461e-03,-8.83711499747086293e-04,-8.83710960811814016e-04,-2.03981513960825855e-07,-2.03981389561819180e-07,-1.01990694780909603e-07,-3.05972208741735471e-07,-3.05972084342728769e-07
1.31364999999999998e+01,1.31364999999999998e+01,5.79482946460836007e-03,-8.82249152317826635e-04,-8.82248614868246460e-04,-2.03419250468994900e-07,-2.03419126549815740e-07,-1.01709563274907870e-07,-3.05128813743902784e-07,-3.05128689824723624e-07
1.31437500000000007e+01,1.31437500000000007e+01,5.78843845341064575e-03,-8.80790029593181423e-04,-8.80789493624064028e-04,-2.02858845769362432e-07,-2.02858722327823721e-07,-1.01429361163911847e-07,-3.04288206933274279e-07,-3.04288083491735569e-07
1.31509999999999998e+01,1.31509999999999998e+01,5.78205800917925943e-03,-8.79334122688923969e-04,-8.79333588195461893e-04,-2.02300292696619224e-07,-2.02300169730637315e-07,-1.01150084865318658e-07,-3.03450377561937882e-07,-3.03450254595955973e-07
1.31582500000000007e+01,1.31582500000000007e+01,5.77568810863165593e-03,-8.77881422750470541e-04,-8.77880889727989029e-04,-2.01743584117071609e-07,-2.01743461624599329e-07,-1.00871730812299665e-07,-3.02615314929371261e-07,-3.02615192436898981e-07
1.31654999999999998e+01,1.31654999999999998e+01,5.76932872854937773e-03,-8.76431920952824850e-04,-8.76431389396434258e-04,-2.01188712928498356e-07,-2.01188590907445121e-07,-1.00594295453722561e-07,-3.01783008382220917e-07,-3.01782886361167682e-07
1.31727500000000006e+01,1.31727500000000006e+01,5.76297984577784066e-03,-8.74985608500022938e-04,-8.74985078404712843e-04,-2.00635672059893196e-07,-2.00635550508146771e-07,-1.00317775254073385e-07,-3.00953447313966594e-07,-3.00953325762220170e-07
1.31800000000000015e+01,1.31800000000000015e+01,5.75664143722612581e-03,-8.73542476624855624e-04,-8.73541947985754922e-04,-2.00084454471272892e-07,-2.00084333386759079e-07,-1.00042166693379553e-07,-3.00126621164652458e-07,-3.00126500080138618e-07
1.31872500000000006e+01,1.31872500000000006e+01,5.75031347986678081e-03,-8.72102516588701970e-04,-8.72101989401396116e-04,-1.99535053153511143e-07,-1.99534932534266175e-07,-9.97674662671330875e-08,-2.99302519420644257e-07,-2.99302398801399262e-07
1.31945000000000014e+01,1.31945000000000014e+01,5.74399595073558922e-03,-8.70665719682861550e-04,-8.70665193942262057e-04,-1.98987461128516059e-07,-1.98987340972427754e-07,-9.94936704862138637e-08,-2.98481131614729910e-07,-2.98481011458641631e-07
1.32017500000000005e+01,1.32017500000000005e+01,5.73768882693137961e-03,-8.69232077226278488e-04,-8.69231552927661813e-04,-1.98441671448582636e-07,-1.98441551753628252e-07,-9.92207758768141260e-08,-2.97662447325396775e-07,-2.97662327630442391e-07
1.32090000000000014e+01,1.32090000000000014e+01,5.73139208561580793e-03,-8.67801580566707198e-04,-8.67801057705474698e-04,-1.97897677196533649e-07,-1.97897557960724777e-07,-9.89487789803623622e-08,-2.96846456176896025e-07,-2.96846336941087126e-07
1.32162500000000005e+01,1.32162500000000005e+01,5.72510570401316230e-03,-8.66374221080767892e-04,-8.66373699652043801e-04,-1.97355471485607030e-07,-1.97355352706897820e-07,-9.86776763534489234e-08,-2.96033147839055980e-07,-2.96033029060346717e-07
1.32235000000000014e+01,1.32235000000000014e+01,5.71882965941013753e-03,-8.64949990173113914e-04,-8.64949470172062906e-04,-1.96815047459141029e-07,-1.96814929135500694e-07,-9.84074645677503470e-08,-2.95222512026891363e-07,-2.95222393703251028e-07
1.32307500000000005e+01,1.32307500000000005e+01,5.71256392915565295e-03,-8.63528879276209693e-04,-8.63528360698471759e-04,-1.96276398290400155e-07,-1.96276280419911885e-07,-9.81381402099559558e-08,-2.94414538500356124e-07,-2.94414420629867828e-07
1.32380000000000013e+01,1.32380000000000013e+01,5.70630849066063213e-03,-8.62110879851496481e-04,-8.62110362692345041e-04,-1.95739517182717341e-07,-1.95739399763386506e-07,-9.78696998816932266e-08,-2.93609217064410568e-07,-2.93609099645079759e-07
1.32452500000000004e+01,1.32452500000000004e+01,5.70006332139780594e-03,-8.60695983388226615e-04,-8.60695467642786012e-04,-1.95204397369105846e-07,-1.95204280398909785e-07,-9.76021401994548924e-08,-2.92806537568560725e-07,-2.92806420598364690e-07
1.32525000000000013e+01,1.32525000000000013e+01,5.69382839890150271e-03,-8.59284181403074943e-04,-8.59283667066817873e-04,-1.94671032112049482e-07,-1.94670915589050236e-07,-9.73354577945251179e-08,-2.92006489906574600e-07,-2.92006373383575327e-07
1.32597500000000004e+01,1.32597500000000004e+01,5.68760370076746170e-03,-8.57875465440860463e-04,-8.57874952509279790e-04,-1.94139414703545469e-07,-1.94139298625815243e-07,-9.70696493129076347e-08,-2.91209064016453103e-07,-2.91208947938722904e-07
1.32670000000000012e+01,1.32670000000000012e+01,5.68138920465260933e-03,-8.56469827074546330e-04,-8.56469315542716307e-04,-1.93609538464983226e-07,-1.93609422830505050e-07,-9.68047114152525252e-08,-2.90414249880235764e-07,-2.90414134245757589e-07
1.32742500000000003e+01,1.32742500000000003e+01,5.67518488827488139e-03,-8.55067257903630029e-04,-8.55066747767275971e-04,-1.93081396746660642e-07,-1.93081281553570436e-07,-9.65406407767852310e-08,-2.89622037523445873e-07,-2.89621922330355667e-07
1.32815000000000012e+01,1.32815000000000012e+01,5.66899072941300704e-03,-8.53667749556030753e-04,-8.53667240810602156e-04,-1.92554982928091493e-07,-1.92554868174468237e-07,-9.62774340872341317e-08,-2.88832417015325638e-07,-2.88832302261702382e-07
1.32887500000000003e+01,1.32887500000000003e+01,5.66280670590631890e-03,-8.52271293686868159e-04,-8.52270786327731142e-04,-1.92030290417611039e-07,-1.92030176101520455e-07,-9.60150880507602276e-08,-2.88045378468371266e-07,-2.88045264152280656e-07
1.32960000000000012e+01,1.32960000000000012e+01,5.65663279565454657e-03,-8.50877881978573392e-04,-8.50877376000984680e-04,-1.91507312652282592e-07,-1.91507198771771263e-07,-9.57535993858856184e-08,-2.87260912038168223e-07,-2.87260798157656895e-07
1.33032500000000002e+01,1.33032500000000002e+01,5.65046897661763015e-03,-8.49487506140111925e-04,-8.49487001539868825e-04,-1.90986043097606052e-07,-1.90985929650847776e-07,-9.54929648254238748e-08,-2.86479007923029914e-07,-2.86478894476271664e-07
1.33105000000000011e+01,1.33105000000000011e+01,5.64431522681551473e-03,-8.48100157908426855e-04,-8.48099654680968345e-04,-1.90466475247725647e-07,-1.90466362232818886e-07,-9.52331811164094565e-08,-2.85699656364135117e-07,-2.85699543349228356e-07
1.33177500000000002e+01,1.33177500000000002e+01,5.63817152432795864e-03,-8.46715829046940094e-04,-8.46715327187844580e-04,-1.89948602624977028e-07,-1.89948490040056987e-07,-9.49742450200284937e-08,-2.84922847645005521e-07,-2.84922735060085455e-07
1.33250000000000011e+01,1.33250000000000011e+01,5.63203784729433311e-03,-8.45334511346385042e-04,-8.45334010850931693e-04,-1.89432418779958452e-07,-1.89432306623098609e-07,-9.47161533115493175e-08,-2.84148572091507796e-07,-2.84148459934647900e-07
1.33322500000000002e+01,1.33322500000000002e+01,5.62591417391343669e-03,-8.43956196623529831e-04,-8.43955697487436371e-04,-1.88917917291130241e-07,-1.88917805560507726e-07,-9.44589027802538764e-08,-2.83376820071384118e-07,-2.83376708340761576e-07
1.33395000000000010e+01,1.33395000000000010e+01,5.61980048244329136e-03,-8.42580876722343053e-04,-8.42580378941233318e-04,-1.88405091764961660e-07,-1.88404980458737830e-07,-9.42024902293689148e-08,-2.82607581994330574e-07,-2.82607470688106744e-07
1.33467500000000001e+01,1.33467500000000001e+01,5.61369675120096303e-03,-8.41208543513383145e-04,-8.41208047082767454e-04,-1.87893935835680751e-07,-1.87893824951996818e-07,-9.39469124759983960e-08,-2.81840848311679160e-07,-2.81840737427995228e-07
1.33540000000000010e+01,1.33540000000000010e+01,5.60760295856234728e-03,-8.39839188893465316e-04,-8.39838693808948205e-04,-1.87384443165086481e-07,-1.87384332702110023e-07,-9.36921663510550114e-08,-2.81076609516141492e-07,-2.81076499053165008e-07
1.33612500000000001e+01,1.33612500000000001e+01,5.60151908296200804e-03,-8.38472804785828085e-04,-8.38472311043054856e-04,-1.86876607442474544e-07,-1.86876497398387403e-07,-9.34382486991936883e-08,-2.80314856141668258e-07,-2.80314746097581065e-07
1.33685000000000009e+01,1.33685000000000009e+01,5.59544510289295294e-03,-8.37109383140077767e-04,-8.37108890734630296e-04,-1.86370422384512475e-07,-1.86370312757487523e-07,-9.31851563787437616e-08,-2.79555578763256250e-07,-2.79555469136231298e-07
1.33757500000000000e+01,1.33757500000000000e+01,5.58938099690647807e-03,-8.35748915931688874e-04,-8.35748424859387778e-04,-1.85865881735017813e-07,-1.85865772523286286e-07,-9.29328862616431561e-08,-2.78798767996660956e-07,-2.78798658784929429e-07
1.33830000000000009e+01,1.33830000000000009e+01,5.58332674361194329e-03,-8.34391395162781269e-04,-8.34390905419105317e-04,-1.85362979265020218e-07,-1.85362870466742387e-07,-9.26814352333711800e-08,-2.78044414498391424e-07,-2.78044305700113567e-07
1.33902500000000000e+01,1.33902500000000000e+01,5.57728232167661788e-03,-8.33036812860787901e-04,-8.33036324441532882e-04,-1.84861708772355589e-07,-1.84861600385767295e-07,-9.24308001928836343e-08,-2.77292508965239210e-07,-2.77292400578650916e-07
1.33975000000000009e+01,1.33975000000000009e+01,5.57124770982546196e-03,-8.31685161079509516e-04,-8.31684673980289074e-04,-1.84362064081790812e-07,-1.84361956105092535e-07,-9.21809780525462808e-08,-2.76543042134337080e-07,-2.76542934157638829e-07
1.34047499999999999e+01,1.34047499999999999e+01,5.56522288684096512e-03,-8.30336431898059946e-04,-8.30335946114767556e-04,-1.83864039044681564e-07,-1.83863931476140909e-07,-9.19319657380704413e-08,-2.75796004782752019e-07,-2.75795897214211364e-07
1.34120000000000008e+01,1.34120000000000008e+01,5.55920783156294007e-03,-8.28990617421754283e-04,-8.28990132950035790e-04,-1.83367627539060425e-07,-1.83367520376895049e-07,-9.16837601884475379e-08,-2.75051387727507989e-07,-2.75051280565342614e-07
1.34192499999999999e+01,1.34192499999999999e+01,5.55320252288834908e-03,-8.27647709781165197e-04,-8.27647226616740712e-04,-1.82872823469320831e-07,-1.82872716711769940e-07,-9.14363583558849433e-08,-2.74309181825205775e-07,-2.74309075067654909e-07
1.34265000000000008e+01,1.34265000000000008e+01,5.54720693977111320e-03,-8.26307701132400485e-04,-8.26307219271010720e-04,-1.82379620766171153e-07,-1.82379514411483424e-07,-9.11897572057417121e-08,-2.73569377971912865e-07,-2.73569271617225110e-07
1.34337499999999999e+01,1.34337499999999999e+01,5.54122106122192926e-03,-8.24970583656936540e-04,-8.24970103094360046e-04,-1.81888013386492122e-07,-1.81887907432929551e-07,-9.09439537164647757e-08,-2.72831967102956885e-07,-2.72831861149394340e-07
1.34410000000000007e+01,1.34410000000000007e+01,5.53524486630808769e-03,-8.23636349561396308e-04,-8.23635870293592371e-04,-1.81397995313181462e-07,-1.81397889759050803e-07,-9.06989448795253883e-08,-2.72096940192706850e-07,-2.72096834638576191e-07
1.34482499999999998e+01,1.34482499999999998e+01,5.52927833415328956e-03,-8.22304991078048886e-04,-8.22304513100706718e-04,-1.80909560555159279e-07,-1.80909455398712627e-07,-9.04547276993563005e-08,-2.71364288254515566e-07,-2.71364183098068941e-07
1.34555000000000007e+01,1.34555000000000007e+01,5.52332144393745655e-03,-8.20976500463976855e-04,-8.20976023772800197e-04,-1.80422703147079339e-07,-1.80422598386576941e-07,-9.02112991932884574e-08,-2.70634002340367796e-07,-2.70633897579865399e-07
1.34627499999999998e+01,1.34627499999999998e+01,5.51737417489656275e-03,-8.19650870000854237e-04,-8.19650394591976065e-04,-1.79937417149177043e-07,-1.79937312782978276e-07,-8.99686563914891249e-08,-2.69906073540666168e-07,-2.69905969174467401e-07
1.34700000000000006e+01,1.34700000000000006e+01,5.51143650632244381e-03,-8.18328091996001206e-04,-8.18327617865247776e-04,-1.79453696647397071e-07,-1.79453592673798684e-07,-8.97267963368993555e-08,-2.69180492984296400e-07,-2.69180389010698040e-07
1.34772500000000015e+01,1.34772500000000015e+01,5.50550841756261913e-03,-8.17008158781384886e-04,-8.17007685924445843e-04,-1.78971535753071162e-07,-1.78971432170344758e-07,-8.94857160851723923e-08,-2.68457251838243541e-07,-2.68457148255517164e-07
1.34845000000000006e+01,1.34845000000000006e+01,5.49958988802011408e-03,-8.15691062713397308e-04,-8.15690591126124603e-04,-1.78490928602766840e-07,-1.78490825409224494e-07,-8.92454127046122469e-08,-2.67736341307379100e-07,-2.67736238113836727e-07
1.34917500000000015e+01,1.34917500000000015e+01,5.49368089715327520e-03,-8.14376796173021944e-04,-8.14376325851468431e-04,-1.78011869358222324e-07,-1.78011766552224736e-07,-8.90058832761123546e-08,-2.67017752634334679e-07,-2.67017649828337090e-07
1.34990000000000006e+01,1.34990000000000006e+01,5.48778142447560631e-03,-8.13065351565889216e-04,-8.13064882506201315e-04,-1.77534352206257644e-07,-1.77534249786190581e-07,-8.87671248930953035e-08,-2.66301477099352948e-07,-2.66301374679285911e-07
1.35062500000000014e+01,1.35062500000000014e+01,5.48189144955556987e-03,-8.11756721322665076e-04,-8.11756253520491558e-04,-1.77058371358758044e-07,-1.77058269322903219e-07,-8.85291346614515965e-08,-2.65587506020209614e-07,-2.65587403984354816e-07
1.35135000000000005e+01,1.35135000000000005e+01,5.47601095201642740e-03,-8.10450897897496692e-04,-8.10450431348862547e-04,-1.76583921052234503e-07,-1.76583819398960505e-07,-8.82919096994802527e-08,-2.64875830751714729e-07,-2.64875729098440732e-07
1.35207500000000014e+01,1.35207500000000014e+01,5.47013991153605557e-03,-8.09147873769289205e-04,-8.09147408470100378e-04,-1.76110995548002963e-07,-1.76110894275657020e-07,-8.80554471378285231e-08,-2.64166442685831486e-07,-2.64166341413485516e-07
1.35280000000000005e+01,1.35280000000000005e+01,5.46427830784677274e-03,-8.07847641440873065e-04,-8.07847177387163327e-04,-1.75639589131903459e-07,-1.75639488238865302e-07,-8.78197441194326508e-08,-2.63459333251336136e-07,-2.63459232358297926e-07
1.35352500000000013e+01,1.35352500000000013e+01,5.45842612073516292e-03,-8.06550193439226071e-04,-8.06549730627090342e-04,-1.75169696114249798e-07,-1.75169595598916946e-07,-8.75847977994584728e-08,-2.62754493913708244e-07,-2.62754393398375418e-07
1.35425000000000004e+01,1.35425000000000004e+01,5.45258333004190396e-03,-8.05255522315528882e-04,-8.05255060740912463e-04,-1.74701310829743718e-07,-1.74701210690485686e-07,-8.73506053452428561e-08,-2.62051916174986587e-07,-2.62051816035728555e-07
1.35497500000000013e+01,1.35497500000000013e+01,5.44674991566158721e-03,-8.03963620644720933e-04,-8.03963160303560885e-04,-1.74234427637280310e-07,-1.74234327872469471e-07,-8.71171639362347223e-08,-2.61351591573515045e-07,-2.61351491808704180e-07
1.35570000000000004e+01,1.35570000000000004e+01,5.44092585754255616e-03,-8.02674481025278386e-04,-8.02674021913779784e-04,-1.73769040919803413e-07,-1.73768941527874715e-07,-8.68844707639373574e-08,-2.60653511683740796e-07,-2.60653412291812046e-07
1.35642500000000013e+01,1.35642500000000013e+01,5.43511113568672082e-03,-8.01388096079991286e-04,-8.01387638194035138e-04,-1.73305145084377160e-07,-1.73305046063699853e-07,-8.66525230318498999e-08,-2.59957668116227073e-07,-2.59957569095549739e-07
1.35715000000000003e+01,1.35715000000000003e+01,5.42930573014939639e-03,-8.00104458454631295e-04,-8.00104001790427882e-04,-1.72842734561801507e-07,-1.72842635910820544e-07,-8.64213179554102853e-08,-2.59264052517211805e-07,-2.59263953866230843e-07
1.35787500000000012e+01,1.35787500000000012e+01,5.42350962103912895e-03,-7.98823560818950895e-04,-7.98823105372604785e-04,-1.72381803806733014e-07,-1.72381705523874899e-07,-8.61908527619374364e-08,-2.58572656568670463e-07,-2.58572558285812349e-07
1.35860000000000003e+01,1.35860000000000003e+01,5.41772278851752193e-03,-7.97545395866183782e-04,-7.97544941633670200e-04,-1.71922347297481687e-07,-1.71922249381149446e-07,-8.59611246905747232e-08,-2.57883471988056384e-07,-2.57883374071724143e-07
1.35932500000000012e+01,1.35932500000000012e+01,5.41194521279906963e-03,-7.96269956312489757e-04,-7.96269503290098998e-04,-1.71464359535796711e-07,-1.71464261984465710e-07,-8.57321309922328419e-08,-2.57196490528029566e-07,-2.57196392976698539e-07
1.36005000000000003e+01,1.36005000000000003e+01,5.40617687415099156e-03,-7.94997234897842908e-04,-7.94996783081650159e-04,-1.71007835046964141e-07,-1.71007737859067661e-07,-8.55038689295338440e-08,-2.56511703976498011e-07,-2.56511606788601505e-07
1.36077500000000011e+01,1.36077500000000011e+01,5.40041775289305109e-03,-7.93727224385198937e-04,-7.93726773771277544e-04,-1.70552768379533610e-07,-1.70552671553509008e-07,-8.52763357767544909e-08,-2.55829104156288128e-07,-2.55829007330263473e-07
1.36150000000000002e+01,1.36150000000000002e+01,5.39466782939740635e-03,-7.92459917560550675e-04,-7.92459468145046840e-04,-1.70099154105237725e-07,-1.70099057639542316e-07,-8.50495288197711445e-08,-2.55148682925008883e-07,-2.55148586459313473e-07
1.36222500000000011e+01,1.36222500000000011e+01,5.38892708408842368e-03,-7.91195307232872569e-04,-7.91194859012046229e-04,-1.69646986818887378e-07,-1.69646890712007169e-07,-8.48234453560035976e-08,-2.54470432174890976e-07,-2.54470336068010740e-07
1.36295000000000002e+01,1.36295000000000002e+01,5.38319549744253022e-03,-7.89933386234231705e-04,-7.89932939204303873e-04,-1.69196261138303959e-07,-1.69196165388720855e-07,-8.45980826943604405e-08,-2.53794343832664386e-07,-2.53794248083081282e-07
1.36367500000000010e+01,1.36367500000000010e+01,5.37747304998802741e-03,-7.88674147419510252e-04,-7.88673701576699340e-04,-1.68746971704167629e-07,-1.68746876310367241e-07,-8.43734381551836204e-08,-2.53120409859351222e-07,-2.53120314465550861e-07
1.36440000000000001e+01,1.36440000000000001e+01,5.37175972230494788e-03,-7.87417583666460974e-04,-7.87417139006881851e-04,-1.68299113179938706e-07,-1.68299018140388699e-07,-8.41495090701943497e-08,-2.52448622250133056e-07,-2.52448527210583049e-07
1.36512500000000010e+01,1.36512500000000010e+01,5.36605549502486377e-03,-7.86163687875207629e-04,-7.86163244395181923e-04,-1.67852680251659912e-07,-1.67852585564876364e-07,-8.39262927824381687e-08,-2.51778973034098081e-07,-2.51778878347314533e-07
1.36585000000000001e+01,1.36585000000000001e+01,5.36036034883075746e-03,-7.84912452968689056e-04,-7.84912010664532323e-04,-1.67407667627961556e-07,-1.67407573292463402e-07,-8.37037866462317012e-08,-2.51111454274193257e-07,-2.51111359938695077e-07
1.36657500000000010e+01,1.36657500000000010e+01,5.35467426445681779e-03,-7.83663871892770203e-04,-7.83663430760377978e-04,-1.66964070039995018e-07,-1.66963976054215830e-07,-8.34819880271079152e-08,-2.50446058067102920e-07,-2.50445964081323732e-07
1.36730000000000000e+01,1.36730000000000000e+01,5.34899722268831253e-03,-7.82417937614632297e-04,-7.82417497650597909e-04,-1.66521882241000947e-07,-1.66521788603527160e-07,-8.32608943017635801e-08,-2.49782776542764540e-07,-2.49782682905290754e-07
1.36802500000000009e+01,1.36802500000000009e+01,5.34332920436140536e-03,-7.81174643124826762e-04,-7.81174204325418712e-04,-1.66081099006657949e-07,-1.66081005716010882e-07,-8.30405028580054408e-08,-2.49121601864663390e-07,-2.49121508574016296e-07
1.36875000000000000e+01,1.36875000000000000e+01,5.33767019036300236e-03,-7.79933981435831925e-04,-7.79933543797333676e-04,-1.65641715134687179e-07,-1.65641622189395429e-07,-8.28208110946977146e-08,-2.48462526229384881e-07,-2.48462433284093131e-07
1.36947500000000009e+01,1.36947500000000009e+01,5.33202016163058547e-03,-7.78695945582164040e-04,-7.78695509101018325e-04,-1.65203725444788154e-07,-1.65203632843418171e-07,-8.26018164217090724e-08,-2.47805541866497200e-07,-2.47805449265127244e-07
1.37020000000000000e+01,1.37020000000000000e+01,5.32637909915206070e-03,-7.77460528620987912e-04,-7.77460093293250729e-04,-1.64767124778681235e-07,-1.64767032519721516e-07,-8.23835162598607445e-08,-2.47150641038541993e-07,-2.47150548779582247e-07
1.37092500000000008e+01,1.37092500000000008e+01,5.32074698396558122e-03,-7.76227723630729116e-04,-7.76227289452826501e-04,-1.64331907999726278e-07,-1.64331816081747851e-07,-8.21659080408739254e-08,-2.46497816040600204e-07,-2.46497724122621776e-07
1.37164999999999999e+01,1.37164999999999999e+01,5.31512379715941459e-03,-7.74997523712073200e-04,-7.74997090680481821e-04,-1.63898069993048631e-07,-1.63897978414637215e-07,-8.19489892073185943e-08,-2.45847059200367199e-07,-2.45846967621955809e-07
1.37237500000000008e+01,1.37237500000000008e+01,5.30950951987175547e-03,-7.73769921987854659e-04,-7.73769490098807564e-04,-1.63465605665428884e-07,-1.63465514425122607e-07,-8.17327572125613035e-08,-2.45198362877990188e-07,-2.45198271637683910e-07
1.37309999999999999e+01,1.37309999999999999e+01,5.30390413329059028e-03,-7.72544911602224271e-04,-7.72544480852172541e-04,-1.63034509945042146e-07,-1.63034419041429242e-07,-8.15172095207145946e-08,-2.44551719465756728e-07,-2.44551628562143824e-07
1.37382500000000007e+01,1.37382500000000007e+01,5.29830761865352287e-03,-7.71322485721426254e-04,-7.71322056106639909e-04,-1.62604777781536473e-07,-1.62604687213170898e-07,-8.13023436065854225e-08,-2.43907121388121882e-07,-2.43907030819756307e-07
1.37454999999999998e+01,1.37454999999999998e+01,5.29271995724763054e-03,-7.70102637532799061e-04,-7.70102209049889860e-04,-1.62176404145738258e-07,-1.62176313911249936e-07,-8.10881569556249679e-08,-2.43264561101363212e-07,-2.43264470866874891e-07
1.37527500000000007e+01,1.37527500000000007e+01,5.28714113040929749e-03,-7.68885360245719074e-04,-7.68884932891137772e-04,-1.61749384029766582e-07,-1.61749294127755341e-07,-8.08746470638776707e-08,-2.42624031093644253e-07,-2.42623941191632986e-07
1.37599999999999998e+01,1.37599999999999998e+01,5.28157111952406739e-03,-7.67670647091100999e-04,-7.67670220861056359e-04,-1.61323712446844486e-07,-1.61323622875863224e-07,-8.06618114379316118e-08,-2.41985523884776071e-07,-2.41985434313794862e-07
1.37672500000000007e+01,1.37672500000000007e+01,5.27600990602647684e-03,-7.66458491320620716e-04,-7.66458066211694682e-04,-1.60899384431052030e-07,-1.60899295189735911e-07,-8.04496475948679557e-08,-2.41349032025919959e-07,-2.41348942784603867e-07
1.37745000000000015e+01,1.37745000000000015e+01,5.27045747139991746e-03,-7.65248886207658963e-04,-7.65248462216402362e-04,-1.60476395037442420e-07,-1.60476306124423911e-07,-8.02381530622119422e-08,-2.40714548099654349e-07,-2.40714459186635840e-07
1.37817500000000006e+01,1.37817500000000006e+01,5.26491379717646587e-03,-7.64041825046968270e-04,-7.64041402169748484e-04,-1.60054739341889330e-07,-1.60054650755766220e-07,-8.00273253778831098e-08,-2.40082064719772427e-07,-2.40081976133649343e-07
1.37890000000000015e+01,1.37890000000000015e+01,5.25937886493673627e-03,-7.62837301154228875e-04,-7.62836879387444400e-04,-1.59634412440911722e-07,-1.59634324180292176e-07,-7.98171620901461015e-08,-2.39451574531057824e-07,-2.39451486270438278e-07
1.37962500000000006e+01,1.37962500000000006e+01,5.25385265630973035e-03,-7.61635307865993205e-04,-7.61634887206266969e-04,-1.59215409451581204e-07,-1.59215321515124132e-07,-7.96076607575620661e-08,-2.38823070209143270e-07,-2.38822982272686198e-07
1.38035000000000014e+01,1.38035000000000014e+01,5.24833515297267947e-03,-7.60435838540185483e-04,-7.60435418983979299e-04,-1.58797725511545218e-07,-1.58797637897879617e-07,-7.93988189489398087e-08,-2.38196544460485027e-07,-2.38196456846819426e-07
1.38107500000000005e+01,1.38107500000000005e+01,5.24282633665089804e-03,-7.59238886555324566e-04,-7.59238468099255725e-04,-1.58381355778784232e-07,-1.58381268486575310e-07,-7.91906342432876552e-08,-2.37571990022071874e-07,-2.37571902729862979e-07
1.38180000000000014e+01,1.38180000000000014e+01,5.23732618911762655e-03,-7.58044445311079063e-04,-7.58044027951603090e-04,-1.57966295431647075e-07,-1.57966208459529972e-07,-7.89831042297649860e-08,-2.36949399661412061e-07,-2.36949312689294958e-07
1.38252500000000005e+01,1.38252500000000005e+01,5.23183469219388759e-03,-7.56852508227490173e-04,-7.56852091961286375e-04,-1.57552539668609457e-07,-1.57552453015269631e-07,-7.87762265076348154e-08,-2.36328766176244286e-07,-2.36328679522904433e-07
1.38325000000000014e+01,1.38325000000000014e+01,5.22635182774832795e-03,-7.55663068745748845e-04,-7.55662653569250304e-04,-1.57140083708356130e-07,-1.57139997372431525e-07,-7.85699986862157756e-08,-2.35710082394571893e-07,-2.35709996058647314e-07
1.38397500000000004e+01,1.38397500000000004e+01,5.22087757769707471e-03,-7.54476120327252087e-04,-7.54475706237045410e-04,-1.56728922789505945e-07,-1.56728836769670107e-07,-7.83644183848350402e-08,-2.35093341174340999e-07,-2.35093255154505134e-07
1.38470000000000013e+01,1.38470000000000013e+01,5.21541192400358337e-03,-7.53291656454047054e-04,-7.53291243446751373e-04,-1.56319052170625273e-07,-1.56318966465562098e-07,-7.81594832327810358e-08,-2.34478535403406322e-07,-2.34478449698343147e-07
1.38542500000000004e+01,1.38542500000000004e+01,5.20995484867849135e-03,-7.52109670628775540e-04,-7.52109258700902760e-04,-1.55910467130138669e-07,-1.55910381738513498e-07,-7.79551908692567491e-08,-2.33865657999395418e-07,-2.33865572607770247e-07
1.38615000000000013e+01,1.38615000000000013e+01,5.20450633377946611e-03,-7.50930156374063351e-04,-7.50929745522413233e-04,-1.55503162966124210e-07,-1.55503077886665673e-07,-7.77515389433328364e-08,-2.33254701909457059e-07,-2.33254616829998496e-07
1.38687500000000004e+01,1.38687500000000004e+01,5.19906636141106732e-03,-7.49753107233352978e-04,-7.49752697454502694e-04,-1.55097134996409284e-07,-1.55097050227803395e-07,-7.75485251139016976e-08,-2.32645660110310995e-07,-2.32645575341705106e-07
1.38760000000000012e+01,1.38760000000000012e+01,5.19363491372458290e-03,-7.48578516770070923e-04,-7.48578108060620091e-04,-1.54692378558320326e-07,-1.54692294099261357e-07,-7.73461470496306916e-08,-2.32038525607951017e-07,-2.32038441148892048e-07
1.38832500000000003e+01,1.38832500000000003e+01,5.18821197291790149e-03,-7.47406378567794238e-04,-7.47405970924373050e-04,-1.54288889008641702e-07,-1.54288804857833851e-07,-7.71444024289169389e-08,-2.31433291437558641e-07,-2.31433207286750790e-07
1.38905000000000012e+01,1.38905000000000012e+01,5.18279752123534942e-03,-7.46236686230250523e-04,-7.46236279649450896e-04,-1.53886661723539085e-07,-1.53886577879682131e-07,-7.69432889398410522e-08,-2.30829950663380151e-07,-2.30829866819523170e-07
1.38977500000000003e+01,1.38977500000000003e+01,5.17739154096756235e-03,-7.45069433380929347e-04,-7.45069027859554620e-04,-1.53485692098403652e-07,-1.53485608560244568e-07,-7.67428042801222575e-08,-2.30228496378525910e-07,-2.30228412840366825e-07
1.39050000000000011e+01,1.39050000000000011e+01,5.17199401445132562e-03,-7.43904613663581848e-04,-7.43904209198320760e-04,-1.53085975547879982e-07,-1.53085892314145519e-07,-7.65429461570727725e-08,-2.29628921704952755e-07,-2.29628838471218291e-07
1.39122500000000002e+01,1.39122500000000002e+01,5.16660492406944075e-03,-7.42742220741721138e-04,-7.42741817329251692e-04,-1.52687507505688049e-07,-1.52687424575106306e-07,-7.63437122875531531e-08,-2.29031219793241202e-07,-2.29031136862659459e-07
1.39195000000000011e+01,1.39195000000000011e+01,5.16122425225057097e-03,-7.41582248298566782e-04,-7.41581845935640059e-04,-1.52290283424537191e-07,-1.52290200795854667e-07,-7.61451003979273337e-08,-2.28435383822464525e-07,-2.28435301193782001e-07
1.39267500000000002e+01,1.39267500000000002e+01,5.15585198146911207e-03,-7.40424690037266853e-04,-7.40424288720500034e-04,-1.51894298776097769e-07,-1.51894216448036978e-07,-7.59471082240185025e-08,-2.27841407000116284e-07,-2.27841324672055468e-07
1.39340000000000011e+01,1.39340000000000011e+01,5.15048809424503012e-03,-7.39269539680342813e-04,-7.39269139406491965e-04,-1.51499549050813220e-07,-1.51499467022128629e-07,-7.57497335110643144e-08,-2.27249282561877522e-07,-2.27249200533192930e-07
1.39412500000000001e+01,1.39412500000000001e+01,5.14513257314374792e-03,-7.38116790969800540e-04,-7.38116391735855483e-04,-1.51106029757849910e-07,-1.51105948027347200e-07,-7.55529740136735999e-08,-2.26659003771523509e-07,-2.26658922041020800e-07
1.39485000000000010e+01,1.39485000000000010e+01,5.13978540077596798e-03,-7.36966437667907481e-04,-7.36966039470332633e-04,-1.50713736425182856e-07,-1.50713654991563527e-07,-7.53568274957817634e-08,-2.26070563920964619e-07,-2.26070482487345290e-07
1.39557500000000001e+01,1.39557500000000001e+01,5.13444655979756331e-03,-7.35818473555471808e-04,-7.35818076391102382e-04,-1.50322664599171030e-07,-1.50322583461215910e-07,-7.51612917306079549e-08,-2.25483956329778972e-07,-2.25483875191823852e-07
1.39630000000000010e+01,1.39630000000000010e+01,5.12911603290941345e-03,-7.34672892433063662e-04,-7.34672496298705599e-04,-1.49932809844734992e-07,-1.49932729001222209e-07,-7.49663645006111043e-08,-2.24899174345346109e-07,-2.24899093501833300e-07
1.39702500000000001e+01,1.39702500000000001e+01,5.12379380285728388e-03,-7.33529688120460044e-04,-7.33529293012978806e-04,-1.49544167745171679e-07,-1.49544087194894847e-07,-7.47720435974474233e-08,-2.24316211342619116e-07,-2.24316130792342283e-07
1.39775000000000009e+01,1.39775000000000009e+01,5.11847985243166648e-03,-7.32388854456922367e-04,-7.32388460372980347e-04,-1.49156733902139165e-07,-1.49156653643853806e-07,-7.45783268219269164e-08,-2.23735060724066094e-07,-2.23734980465780736e-07
1.39847500000000000e+01,1.39847500000000000e+01,5.11317416446765809e-03,-7.31250385300363792e-04,-7.31249992236923489e-04,-1.48770503935416256e-07,-1.48770423967942375e-07,-7.43852119839711874e-08,-2.23155715919387443e-07,-2.23155635951913562e-07
1.39920000000000009e+01,1.39920000000000009e+01,5.10787672184481126e-03,-7.30114274528292917e-04,-7.30113882482105628e-04,-1.48385473483023566e-07,-1.48385393805141409e-07,-7.41926969025706911e-08,-2.22578170385594257e-07,-2.22578090707712100e-07
1.39992500000000000e+01,1.39992500000000000e+01,5.10258750748699818e-03,-7.28980516036925597e-04,-7.28980125004839328e-04,-1.48001638200972690e-07,-1.48001558811485478e-07,-7.40007794057427390e-08,-2.22002417606715442e-07,-2.22002338217228230e-07
1.40065000000000008e+01,1.40065000000000008e+01,5.09730650436227613e-03,-7.27849103741406989e-04,-7.27848713720383482e-04,-1.47618993763241160e-07,-1.47618914660978427e-07,-7.38094573304892003e-08,-2.21428451093730374e-07,-2.21428371991467641e-07
1.40137499999999999e+01,1.40137499999999999e+01,5.09203369548274793e-03,-7.26720031576089109e-04,-7.26719642562875432e-04,-1.47237535861759242e-07,-1.47237457045510181e-07,-7.36187285227551035e-08,-2.20856264384514346e-07,-2.20856185568265284e-07
1.40210000000000008e+01,1.40210000000000008e+01,5.08676906390442309e-03,-7.25593293493698166e-04,-7.25592905485261046e-04,-1.46857260206171571e-07,-1.46857181674773151e-07,-7.34285908373865889e-08,-2.20285851043558147e-07,-2.20285772512159727e-07
1.40282499999999999e+01,1.40282499999999999e+01,5.08151259272708947e-03,-7.24468883466111713e-04,-7.24468496459229009e-04,-1.46478162523925958e-07,-1.46478084276180105e-07,-7.32390421380900526e-08,-2.19717204662015997e-07,-2.19717126414270171e-07
1.40355000000000008e+01,1.40355000000000008e+01,5.07626426509416410e-03,-7.23346795483581495e-04,-7.23346409475140030e-04,-1.46100238560047102e-07,-1.46100160594781019e-07,-7.30500802973905096e-08,-2.19150318857437624e-07,-2.19150240892171516e-07
1.40427499999999998e+01,1.40427499999999998e+01,5.07102406419257697e-03,-7.22227023554955494e-04,-7.22226638541963195e-04,-1.45723484077113796e-07,-1.45723406393182243e-07,-7.28617031965911347e-08,-2.18585187273704944e-07,-2.18585109589773364e-07
1.40500000000000007e+01,1.40500000000000007e+01,5.06579197325261743e-03,-7.21109561707844460e-04,-7.21109177687205278e-04,-1.45347894855224178e-07,-1.45347817451464124e-07,-7.26739087257320620e-08,-2.18021803580956253e-07,-2.18021726177196173e-07
1.40572499999999998e+01,1.40572499999999998e+01,5.06056797554781373e-03,-7.19994403988122311e-04,-7.19994020956846344e-04,-1.44973466691827825e-07,-1.44973389567100726e-07,-7.24866947835503500e-08,-2.17460161475378175e-07,-2.17460084350651076e-07
1.40645000000000007e+01,1.40645000000000007e+01,5.05535205439478982e-03,-7.18881544460370225e-04,-7.18881162415271001e-04,-1.44600195401747625e-07,-1.44600118554878435e-07,-7.23000592774392307e-08,-2.16900254679186869e-07,-2.16900177832317652e-07
1.40717500000000015e+01,1.40717500000000015e+01,5.05014419315313705e-03,-7.17770977207266014e-04,-7.17770596145203901e-04,-1.44228076816990221e-07,-1.44228000246816573e-07,-7.21140001234082863e-08,-2.16342076940398507e-07,-2.16342000370224859e-07
1.40790000000000006e+01,1.40790000000000006e+01,5.04494437522528486e-03,-7.16662696329528615e-04,-7.16662316247643270e-04,-1.43857106786668538e-07,-1.43857030492087224e-07,-7.19285152460435987e-08,-2.15785622032712150e-07,-2.15785545738130809e-07
1.40862500000000015e+01,1.40862500000000015e+01,5.03975258405635861e-03,-7.15556695946528709e-04,-7.15556316841793692e-04,-1.43487281177058030e-07,-1.43487205156935507e-07,-7.17436025784677536e-08,-2.15230883755525783e-07,-2.15230807735403261e-07
1.40935000000000006e+01,1.40935000000000006e+01,5.03456880313405981e-03,-7.14452970195622594e-04,-7.14452592065003005e-04,-1.43118595871397465e-07,-1.43118520124601543e-07,-7.15592600623007581e-08,-2.14677855933698224e-07,-2.14677780186902301e-07
1.41007500000000014e+01,1.41007500000000014e+01,5.02939301598852220e-03,-7.13351513232207690e-04,-7.13351136072694217e-04,-1.42751046769834060e-07,-1.42750971295240752e-07,-7.13754856476203758e-08,-2.14126532417454436e-07,-2.14126456942861127e-07
1.41080000000000005e+01,1.41080000000000005e+01,5.02422520619219288e-03,-7.12252319229778053e-04,-7.12251943038303488e-04,-1.42384629789370033e-07,-1.42384554585846802e-07,-7.11922772929234142e-08,-2.13576907082293447e-07,-2.13576831878770216e-07
1.41152500000000014e+01,1.41152500000000014e+01,5.01906535735969009e-03,-7.11155382379591305e-04,-7.11155007153212258e-04,-1.42019340863730811e-07,-1.42019265930172888e-07,-7.10096329650864441e-08,-2.13028973828817268e-07,-2.13028898895259319e-07
1.41225000000000005e+01,1.41225000000000005e+01,5.01391345314768956e-03,-7.10060696890835175e-04,-7.10060322626686422e-04,-1.41655175943334009e-07,-1.41655101278655234e-07,-7.08275506393276170e-08,-2.12482726582661626e-07,-2.12482651917982851e-07
1.41297500000000014e+01,1.41297500000000014e+01,5.00876947725477275e-03,-7.08968256990849532e-04,-7.08967883685807923e-04,-1.41292130995269603e-07,-1.41292056598335296e-07,-7.06460282991676480e-08,-2.11938159294437251e-07,-2.11938084897502944e-07
1.41370000000000005e+01,1.41370000000000005e+01,5.00363341342132187e-03,-7.07878056924127197e-04,-7.07877684575415112e-04,-1.40930202003036663e-07,-1.40930127872784009e-07,-7.04650639363919912e-08,-2.11395265939428654e-07,-2.11395191809176000e-07
1.41442500000000013e+01,1.41442500000000013e+01,4.99850524542937331e-03,-7.06790090953424155e-04,-7.06789719558035645e-04,-1.40569384966701295e-07,-1.40569311102024916e-07,-7.02846555510124448e-08,-2.10854040517713740e-07,-2.10853966653037361e-07
1.41515000000000004e+01,1.41515000000000004e+01,4.99338495710249797e-03,-7.05704353358926895e-04,-7.05703982913825109e-04,-1.40209675902667602e-07,-1.40209602302458943e-07,-7.01048011512294585e-08,-2.10314477053897047e-07,-2.10314403453688389e-07
1.41587500000000013e+01,1.41587500000000013e+01,4.98827253230566849e-03,-7.04620838438196895e-04,-7.04620468940502192e-04,-1.39851070843603670e-07,-1.39850997506788377e-07,-6.99254987533942018e-08,-2.09776569596997885e-07,-2.09776496260182592e-07
1.41660000000000004e+01,1.41660000000000004e+01,4.98316795494514481e-03,-7.03539540506226135e-04,-7.03539171953288835e-04,-1.39493565838390672e-07,-1.39493492763942881e-07,-6.97467463819714275e-08,-2.09240312220362086e-07,-2.09240239145914296e-07
1.41732500000000012e+01,1.41732500000000012e+01,4.97807120896832760e-03,-7.02460453896214254e-04,-7.02460086284843223e-04,-1.39137156952214131e-07,-1.39137084139003451e-07,-6.95685420695017255e-08,-2.08705699021715843e-07,-2.08705626208505190e-07
1.41805000000000003e+01,1.41805000000000003e+01,4.97298227836365063e-03,-7.01383572957792190e-04,-7.01383206285201570e-04,-1.38781840266150279e-07,-1.38781767713129565e-07,-6.93908838565647826e-08,-2.08172724122715062e-07,-2.08172651569694348e-07
1.41877500000000012e+01,1.41877500000000012e+01,4.96790114716043948e-03,-7.00308892058465471e-04,-7.00308526321712630e-04,-1.38427611877390230e-07,-1.38427539583484147e-07,-6.92137697917420736e-08,-2.07641381669132317e-07,-2.07641309375226234e-07
1.41950000000000003e+01,1.41950000000000003e+01,4.96282779942880305e-03,-6.99236405582559506e-04,-6.99236040778978933e-04,-1.38074467898970357e-07,-1.38074395863161195e-07,-6.90371979315805844e-08,-2.07111665830550941e-07,-2.07111593794741780e-07
1.42022500000000012e+01,1.42022500000000012e+01,4.95776221927949224e-03,-6.98166107932329805e-04,-6.98165744058792384e-04,-1.37722404459930265e-07,-1.37722332681111535e-07,-6.88611663405557675e-08,-2.06583570800486019e-07,-2.06583499021667289e-07
1.42095000000000002e+01,1.42095000000000002e+01,4.95270439086378453e-03,-6.97097993526241133e-04,-6.97097630580074522e-04,-1.37371417704912701e-07,-1.37371346182070980e-07,-6.86856730910354901e-08,-2.06057090795948191e-07,-2.06057019273106470e-07
1.42167500000000011e+01,1.42167500000000011e+01,4.94765429837336172e-03,-6.96032056800355292e-04,-6.96031694778815268e-04,-1.37021503794377136e-07,-1.37021432526487462e-07,-6.85107162632437442e-08,-2.05532220057620866e-07,-2.05532148789731193e-07
1.42240000000000002e+01,1.42240000000000002e+01,4.94261192604017897e-03,-6.94968292208053562e-04,-6.94967931108011658e-04,-1.36672658904484650e-07,-1.36672587890449321e-07,-6.83362939452246607e-08,-2.05008952849709324e-07,-2.05008881835673995e-07
1.42312500000000011e+01,1.42312500000000011e+01,4.93757725813634505e-03,-6.93906694218815456e-04,-6.93906334037606596e-04,-1.36324879226797978e-07,-1.36324808465613207e-07,-6.81624042328066167e-08,-2.04487283459604594e-07,-2.04487212698419824e-07
1.42385000000000002e+01,1.42385000000000002e+01,4.93255027897400618e-03,-6.92847257319439969e-04,-6.92846898054430733e-04,-1.35978160968462611e-07,-1.35978090459133531e-07,-6.79890452295667657e-08,-2.03967206198029390e-07,-2.03967135688700284e-07
1.42457500000000010e+01,1.42457500000000010e+01,4.92753097290521327e-03,-6.91789976013879038e-04,-6.91789617662139696e-04,-1.35632500352114475e-07,-1.35632430093590819e-07,-6.78162150467954095e-08,-2.03448715398909885e-07,-2.03448645140386228e-07
1.42530000000000001e+01,1.42530000000000001e+01,4.92251932432180486e-03,-6.90734844822515903e-04,-6.90734487381155539e-04,-1.35287893615679843e-07,-1.35287823606921639e-07,-6.76439118034608063e-08,-2.02931805419140663e-07,-2.02931735410382459e-07
1.42602500000000010e+01,1.42602500000000010e+01,4.91751531765528653e-03,-6.89681858282220617e-04,-6.89681501748607003e-04,-1.34944337012327346e-07,-1.34944267252348118e-07,-6.74721336261740591e-08,-2.02416470638501418e-07,-2.02416400878522190e-07
1.42675000000000001e+01,1.42675000000000001e+01,4.91251893737671298e-03,-6.88631010947016176e-04,-6.88630655318270648e-04,-1.34601826810540896e-07,-1.34601757298308588e-07,-6.73008786491542940e-08,-2.01902705459695203e-07,-2.01902635947462895e-07
1.42747500000000009e+01,1.42747500000000009e+01,4.90753016799655526e-03,-6.87582297386968300e-04,-6.87581942660509590e-04,-1.34260359293843820e-07,-1.34260290028387203e-07,-6.71301450141936015e-08,-2.01390504308037409e-07,-2.01390435042580791e-07
1.42820000000000000e+01,1.42820000000000000e+01,4.90254899406460196e-03,-6.86535712189240144e-04,-6.86535358362218425e-04,-1.33919930760948018e-07,-1.33919861741246046e-07,-6.69599308706230229e-08,-2.00879861631571041e-07,-2.00879792611869069e-07
1.42892500000000009e+01,1.42892500000000009e+01,4.89757540016981085e-03,-6.85491249957204118e-04,-6.85490897026759375e-04,-1.33580537525522532e-07,-1.33580468750554928e-07,-6.67902343752774771e-08,-2.00370771900800009e-07,-2.00370703125832405e-07
1.42965000000000000e+01,1.42965000000000000e+01,4.89260937094022300e-03,-6.84448905310164335e-04,-6.84448553273909370e-04,-1.33242175916083254e-07,-1.33242107384924449e-07,-6.66210536924622376e-08,-1.99863229608545479e-07,-1.99863161077386700e-07
1.43037500000000009e+01,1.43037500000000009e+01,4.88765089104281278e-03,-6.83408672884910917e-04,-6.83408321739797280e-04,-1.32904842276238243e-07,-1.32904773987836592e-07,-6.64523869939182829e-08,-1.99357229270156513e-07,-1.99357160981754889e-07
1.43109999999999999e+01,1.43109999999999999e+01,4.88269994518339238e-03,-6.82370547333277511e-04,-6.82370197076848941e-04,-1.32568532964156213e-07,-1.32568464917577890e-07,-6.62842324587889316e-08,-1.98852765422945132e-07,-1.98852697376366808e-07
1.43182500000000008e+01,1.43182500000000008e+01,4.87775651810647918e-03,-6.81334523324417241e-04,-6.81334173953727419e-04,-1.32233244352952914e-07,-1.32233176547171445e-07,-6.61165882735857227e-08,-1.98349832626538623e-07,-1.98349764820757155e-07
1.43254999999999999e+01,1.43254999999999999e+01,4.87282059459518899e-03,-6.80300595542748798e-04,-6.80300247055277496e-04,-1.31898972830236191e-07,-1.31898905264310472e-07,-6.59494526321552360e-08,-1.97848425462391414e-07,-1.97848357896465695e-07
1.43327500000000008e+01,1.43327500000000008e+01,4.86789215947110859e-03,-6.79268758689566265e-04,-6.79268411082466152e-04,-1.31565714798362801e-07,-1.31565647471290844e-07,-6.57828237356454220e-08,-1.97348538534008210e-07,-1.97348471206936253e-07
1.43399999999999999e+01,1.43399999999999999e+01,4.86297119759419080e-03,-6.78239007481540312e-04,-6.78238660752327914e-04,-1.31233466674092580e-07,-1.31233399584945481e-07,-6.56166997924727406e-08,-1.96850166466565321e-07,-1.96850099377418222e-07
1.43472500000000007e+01,1.43472500000000007e+01,4.85805769386262604e-03,-6.77211336651939444e-04,-6.77210990797905664e-04,-1.30902224888769895e-07,-1.30902158036577590e-07,-6.54510790182887816e-08,-1.96353303907058677e-07,-1.96353237054866371e-07
1.43544999999999998e+01,1.43544999999999998e+01,4.85315163321273831e-03,-6.76185740949630798e-04,-6.76185395968196537e-04,-1.30571985888075543e-07,-1.30571919271895627e-07,-6.52859596359478269e-08,-1.95857945524023357e-07,-1.95857878907843441e-07
1.43617500000000007e+01,1.43617500000000007e+01,4.84825300061885595e-03,-6.75162215139801791e-04,-6.75161871028092829e-04,-1.30242746132111559e-07,-1.30242679750947234e-07,-6.51213398754736171e-08,-1.95364086007585176e-07,-1.95364019626420851e-07
1.43690000000000015e+01,1.43690000000000015e+01,4.84336178109321010e-03,-6.74140754002738873e-04,-6.74140410758328331e-04,-1.29914502095111532e-07,-1.29914435948054806e-07,-6.49572179740274029e-08,-1.94871720069138948e-07,-1.94871653922082195e-07
1.43762500000000006e+01,1.43762500000000006e+01,4.83847795968581681e-03,-6.73121352335048773e-04,-6.73121009955421844e-04,-1.29587250265622162e-07,-1.29587184351750535e-07,-6.47935921758752676e-08,-1.94380842441497429e-07,-1.94380776527625803e-07
1.43835000000000015e+01,1.43835000000000015e+01,4.83360152148435123e-03,-6.72104004949325429e-04,-6.72103663431619712e-04,-1.29260987146385122e-07,-1.29260921464711669e-07,-6.46304607323558215e-08,-1.93891447878740943e-07,-1.93891382197067491e-07
1.43907500000000006e+01,1.43907500000000006e+01,4.82873245161405135e-03,-6.71088706673206303e-04,-6.71088366014843023e-04,-1.28935709254102142e-07,-1.28935643803697060e-07,-6.44678219018485301e-08,-1.93403531155950672e-07,-1.93403465705545590e-07
1.43980000000000015e+01,1.43980000000000015e+01,4.82387073523758963e-03,-6.70075452350316070e-04,-6.70075112548630257e-04,-1.28611413119563441e-07,-1.28611347899482869e-07,-6.43056739497414346e-08,-1.92917087069304875e-07,-1.92917021849224304e-07
1.44052500000000006e+01,1.44052500000000006e+01,4.81901635755497236e-03,-6.69064236839322923e-04,-6.69063897892084049e-04,-1.28288095287413781e-07,-1.28288030296799597e-07,-6.41440151483998117e-08,-1.92432110435813606e-07,-1.92432045445199395e-07
1.44125000000000014e+01,1.44125000000000014e+01,4.81416930380341914e-03,-6.68055055015492893e-04,-6.68054716919815245e-04,-1.27965752316397745e-07,-1.27965687554268607e-07,-6.39828437771343037e-08,-1.91948596093532036e-07,-1.91948531331402898e-07
1.44197500000000005e+01,1.44197500000000005e+01,4.80932955925724836e-03,-6.67047901768524909e-04,-6.67047564521888151e-04,-1.27644380778892406e-07,-1.27644316244339474e-07,-6.38221581221697372e-08,-1.91466538901062156e-07,-1.91466474366509225e-07
1.44270000000000014e+01,1.44270000000000014e+01,4.80449710922777572e-03,-6.66042772003772043e-04,-6.66042435603767294e-04,-1.27323977261089361e-07,-1.27323912953227540e-07,-6.36619564766137568e-08,-1.90985933737703131e-07,-1.90985869429841310e-07
1.44342500000000005e+01,1.44342500000000005e+01,4.79967193906319367e-03,-6.65039660642241515e-04,-6.65039325086262678e-04,-1.27004538362942907e-07,-1.27004474280851709e-07,-6.35022371404258547e-08,-1.90506775503368762e-07,-1.90506711421277564e-07
1.44415000000000013e+01,1.44415000000000013e+01,4.79485403414846301e-03,-6.64038562619928552e-04,-6.64038227905475566e-04,-1.26686060697990915e-07,-1.26685996840772513e-07,-6.33429984203862695e-08,-1.90029059118377185e-07,-1.90028995261158782e-07
1.44487500000000004e+01,1.44487500000000004e+01,4.79004337990520442e-03,-6.63039472888482528e-04,-6.63039139012745683e-04,-1.26368540893430908e-07,-1.26368477260130906e-07,-6.31842386300654396e-08,-1.89552779523496347e-07,-1.89552715890196345e-07
1.44560000000000013e+01,1.44560000000000013e+01,4.78523996179158057e-03,-6.62042386413930206e-04,-6.62042053374596031e-04,-1.26051975589825369e-07,-1.26051912179586252e-07,-6.30259560897931262e-08,-1.89077931679618482e-07,-1.89077868269379392e-07
1.44632500000000004e+01,1.44632500000000004e+01,4.78044376530220236e-03,-6.61047298178174536e-04,-6.61046965972682797e-04,-1.25736361441336929e-07,-1.25736298253256582e-07,-6.28681491266283042e-08,-1.88604510567965220e-07,-1.88604447379884873e-07
1.44705000000000013e+01,1.44705000000000013e+01,4.77565477596799716e-03,-6.60054203177828924e-04,-6.60053871803738213e-04,-1.25421695115455489e-07,-1.25421632148656729e-07,-6.27108160743283777e-08,-1.88132511189783854e-07,-1.88132448222985093e-07
1.44777500000000003e+01,1.44777500000000003e+01,4.77087297935612376e-03,-6.59063096424605810e-04,-6.59062765879521884e-04,-1.25107973293022173e-07,-1.25107910546639067e-07,-6.25539552733195204e-08,-1.87661928566341694e-07,-1.87661865819958588e-07
1.44850000000000012e+01,1.44850000000000012e+01,4.76609836106984056e-03,-6.58073972945538710e-04,-6.58073643226764291e-04,-1.24795192668221151e-07,-1.24795130141332578e-07,-6.23975650706662756e-08,-1.87192757738887426e-07,-1.87192695211998853e-07
1.44922500000000003e+01,1.44922500000000003e+01,4.76133090674841445e-03,-6.57086827782038529e-04,-6.57086498887117466e-04,-1.24483349948350911e-07,-1.24483287640083845e-07,-6.22416438200419225e-08,-1.86724993768392847e-07,-1.86724931460125781e-07
1.44995000000000012e+01,1.44995000000000012e+01,4.75657060206700118e-03,-6.56101655990559696e-04,-6.56101327917100671e-04,-1.24172441853901160e-07,-1.24172379763397133e-07,-6.20861898816985795e-08,-1.86258631735599740e-07,-1.86258569645095712e-07
1.45067500000000003e+01,1.45067500000000003e+01,4.75181743273655165e-03,-6.55118452642489135e-04,-6.55118125388050635e-04,-1.23862465118482592e-07,-1.23862403244875909e-07,-6.19312016224379543e-08,-1.85793666740920559e-07,-1.85793604867313850e-07
1.45140000000000011e+01,1.45140000000000011e+01,4.74707138450368524e-03,-6.54137212823979741e-04,-6.54136886386066582e-04,-1.23553416488745867e-07,-1.23553354831162946e-07,-6.17766774155814599e-08,-1.85330093904327314e-07,-1.85330032246744393e-07
1.45212500000000002e+01,1.45212500000000002e+01,4.74233244315060403e-03,-6.53157931635728328e-04,-6.53157606011962313e-04,-1.23245292724291378e-07,-1.23245231281883016e-07,-6.16226156409415081e-08,-1.84867908365232899e-07,-1.84867846922824511e-07
1.45285000000000011e+01,1.45285000000000011e+01,4.73760059449496694e-03,-6.52180604193364211e-04,-6.52180279381211667e-04,-1.22938090597693759e-07,-1.22938029369583674e-07,-6.14690146847918236e-08,-1.84407105282485569e-07,-1.84407044054375511e-07
1.45357500000000002e+01,1.45357500000000002e+01,4.73287582438980045e-03,-6.51205225626783069e-04,-6.51204901623899735e-04,-1.22631806894328111e-07,-1.22631745879677952e-07,-6.13158729398389891e-08,-1.83947679834167100e-07,-1.83947618819516941e-07
1.45430000000000010e+01,1.45430000000000010e+01,4.72815811872337888e-03,-6.50231791080813082e-04,-6.50231467884670056e-04,-1.22326438412447322e-07,-1.22326377610386233e-07,-6.11631888051931164e-08,-1.83489627217640438e-07,-1.83489566415579349e-07
1.45502500000000001e+01,1.45502500000000001e+01,4.72344746341912813e-03,-6.49260295714437774e-04,-6.49259973322675291e-04,-1.22021981962987989e-07,-1.22021921372679155e-07,-6.10109606863395905e-08,-1.83032942649327566e-07,-1.83032882059018758e-07
1.45575000000000010e+01,1.45575000000000010e+01,4.71874384443551984e-03,-6.48290734701184590e-04,-6.48290413111525933e-04,-1.21718434369596094e-07,-1.21718373990220487e-07,-6.08591869951102435e-08,-1.82577621364706325e-07,-1.82577560985330744e-07
1.45647500000000001e+01,1.45647500000000001e+01,4.71404724776596125e-03,-6.47323103229291430e-04,-6.47322782439240115e-04,-1.21415792468610701e-07,-1.21415732299310223e-07,-6.07078661496551116e-08,-1.82123658618265813e-07,-1.82123598448965335e-07
1.45720000000000010e+01,1.45720000000000010e+01,4.70935765943869458e-03,-6.46357396501096026e-04,-6.46357076508192975e-04,-1.21114053108902168e-07,-1.21113993148827960e-07,-6.05569965744139932e-08,-1.81671049683316148e-07,-1.81670989723241940e-07
1.45792500000000000e+01,1.45792500000000000e+01,4.70467506551669554e-03,-6.45393609733202478e-04,-6.45393290535068082e-04,-1.20813213151856877e-07,-1.20813153400177179e-07,-6.04065767000885764e-08,-1.81219789851945454e-07,-1.81219730100265756e-07
1.45865000000000009e+01,1.45865000000000009e+01,4.69999945209756322e-03,-6.44431738156425737e-04,-6.44431419750805617e-04,-1.20513269471319716e-07,-1.20513209927228365e-07,-6.02566049636141824e-08,-1.80769874434933912e-07,-1.80769814890842560e-07
1.45937500000000000e+01,1.45937500000000000e+01,4.69533080531342722e-03,-6.43471777015958146e-04,-6.43471459400555309e-04,-1.20214218953579465e-07,-1.20214159616264368e-07,-6.01070798081321838e-08,-1.80321298761711649e-07,-1.80321239424396551e-07
1.46010000000000009e+01,1.46010000000000009e+01,4.69066911133083145e-03,-6.42513721571424945e-04,-6.42513404743624622e-04,-1.19916058497332164e-07,-1.19915999365924132e-07,-5.99579996829620661e-08,-1.79874058180294230e-07,-1.79873999048886198e-07
1.46082500000000000e+01,1.46082500000000000e+01,4.68601435635064220e-03,-6.41557567095663028e-04,-6.41557251053431038e-04,-1.19618785013407706e-07,-1.19618726087148010e-07,-5.98093630435740049e-08,-1.79428148056981724e-07,-1.79428089130722028e-07
1.46155000000000008e+01,1.46155000000000008e+01,4.68136652660794406e-03,-6.40603308876663835e-04,-6.40602993617453171e-04,-1.19322395425086414e-07,-1.19322336703122806e-07,-5.96611683515614032e-08,-1.78983563776647831e-07,-1.78983505054684223e-07
1.46227499999999999e+01,1.46227499999999999e+01,4.67672560837193146e-03,-6.39650942215796992e-04,-6.39650627737180992e-04,-1.19026886667722393e-07,-1.19026828149227203e-07,-5.95134140746136016e-08,-1.78540300742336008e-07,-1.78540242223840805e-07
1.46300000000000008e+01,1.46300000000000008e+01,4.67209158794581504e-03,-6.38700462428087867e-04,-6.38700148728067589e-04,-1.18732255688749865e-07,-1.18732197372977122e-07,-5.93660986864885742e-08,-1.78098354375238452e-07,-1.78098296059465683e-07
1.46372499999999999e+01,1.46372499999999999e+01,4.66746445166672363e-03,-6.37751864843216776e-04,-6.37751551919482650e-04,-1.18438499447824574e-07,-1.18438441333972534e-07,-5.92192206669862671e-08,-1.77657720114810848e-07,-1.77657662000958795e-07
1.46445000000000007e+01,1.46445000000000007e+01,4.66284418590558799e-03,-6.36805144804741818e-04,-6.36804832654660536e-04,-1.18145614916633519e-07,-1.18145557003842445e-07,-5.90727785019212158e-08,-1.77218393418554729e-07,-1.77218335505763654e-07
1.46517499999999998e+01,1.46517499999999998e+01,4.65823077706705585e-03,-6.35860297669210706e-04,-6.35859986290655496e-04,-1.17853599078686124e-07,-1.17853541366192441e-07,-5.89267706830962137e-08,-1.76780369761782351e-07,-1.76780312049288654e-07
1.46590000000000007e+01,1.46590000000000007e+01,4.65362421158938434e-03,-6.34917318807659559e-04,-6.34917008198292447e-04,-1.17562448929547788e-07,-1.17562391416550772e-07,-5.87811957082753861e-08,-1.76343644637823181e-07,-1.76343587124826152e-07
1.46662500000000016e+01,1.46662500000000016e+01,4.64902447594434370e-03,-6.33976203604391664e-04,-6.33975893762119599e-04,-1.17272161476569450e-07,-1.17272104162315772e-07,-5.86360520811578727e-08,-1.75908213557727330e-07,-1.75908156243473638e-07
1.46735000000000007e+01,1.46735000000000007e+01,4.64443155663712016e-03,-6.33036947457921162e-04,-6.33036638380361826e-04,-1.16982733739018201e-07,-1.16982676622702993e-07,-5.84913383113515098e-08,-1.75474072050369711e-07,-1.75474014934054490e-07
1.46807500000000015e+01,1.46807500000000015e+01,4.63984544020620317e-03,-6.32099545780084870e-04,-6.32099237464871016e-04,-1.16694162747869150e-07,-1.16694105828692430e-07,-5.83470529143462152e-08,-1.75041215662215359e-07,-1.75041158743038639e-07
1.46880000000000006e+01,1.46880000000000006e+01,4.63526611322330907e-03,-6.31163993996042283e-04,-6.31163686441082376e-04,-1.16406445545762217e-07,-1.16406388822976955e-07,-5.82031944114884709e-08,-1.74609639957250688e-07,-1.74609583234465413e-07
1.46952500000000015e+01,1.46952500000000015e+01,4.63069356229325966e-03,-6.30230287545108236e-04,-6.30229980747964015e-04,-1.16119579187112336e-07,-1.16119522659909522e-07,-5.80597613299547677e-08,-1.74179340517067110e-07,-1.74179283989864283e-07
1.47025000000000006e+01,1.47025000000000006e+01,4.62612777405390502e-03,-6.29298421879420644e-04,-6.29298115837973794e-04,-1.15833560737820816e-07,-1.15833504405452428e-07,-5.79167522027262141e-08,-1.73750312940547023e-07,-1.73750256608178636e-07
1.47097500000000014e+01,1.47097500000000014e+01,4.62156873517600899e-03,-6.28368392464995207e-04,-6.28368087177009560e-04,-1.15548387275426657e-07,-1.15548331137124953e-07,-5.77741655685624829e-08,-1.73322552843989147e-07,-1.73322496705687442e-07
1.47170000000000005e+01,1.47170000000000005e+01,4.61701643236316333e-03,-6.27440194781114791e-04,-6.27439890244365457e-04,-1.15264055888951648e-07,-1.15263999943952934e-07,-5.76319999719764604e-08,-1.72896055860928102e-07,-1.72895999915929401e-07
1.47242500000000014e+01,1.47242500000000014e+01,4.61247085235168275e-03,-6.26513824320495960e-04,-6.26513520532683455e-04,-1.14980563678888257e-07,-1.14980507926417101e-07,-5.74902539632085504e-08,-1.72470817642096801e-07,-1.72470761889625645e-07
1.47315000000000005e+01,1.47315000000000005e+01,4.60793198191051644e-03,-6.25589276588900400e-04,-6.25588973547909770e-04,-1.14697907757086366e-07,-1.14697852196403202e-07,-5.73489260982015944e-08,-1.72046833855287953e-07,-1.72046778294604803e-07
1.47387500000000014e+01,1.47387500000000014e+01,4.60339980784114401e-03,-6.24666547105579006e-04,-6.24666244809246834e-04,-1.14416085246792460e-07,-1.14416029877150735e-07,-5.72080149385753676e-08,-1.71624100185367834e-07,-1.71624044815726109e-07
1.47460000000000004e+01,1.47460000000000004e+01,4.59887431697748612e-03,-6.23745631403049838e-04,-6.23745329849109708e-04,-1.14135093282567216e-07,-1.14135038103203462e-07,-5.70675190516017243e-08,-1.71202612334168947e-07,-1.71202557154805180e-07
1.47532500000000013e+01,1.47532500000000013e+01,4.59435549618579953e-03,-6.22826525026876077e-04,-6.22826224213078377e-04,-1.13854929010203071e-07,-1.13854874020358863e-07,-5.69274370101794247e-08,-1.70782366020382502e-07,-1.70782311030538281e-07
1.47605000000000004e+01,1.47605000000000004e+01,4.58984333236459648e-03,-6.21909223535555000e-04,-6.21908923459855252e-04,-1.13575589586662658e-07,-1.13575534785618983e-07,-5.67877673928094916e-08,-1.70363356979472156e-07,-1.70363302178428482e-07
1.47677500000000013e+01,1.47677500000000013e+01,4.58533781244453362e-03,-6.20993722501017587e-04,-6.20993423161217244e-04,-1.13297072180128923e-07,-1.13297017567140526e-07,-5.66485087835702629e-08,-1.69945580963699179e-07,-1.69945526350710795e-07
1.47750000000000004e+01,1.47750000000000004e+01,4.58083892338833221e-03,-6.20080017507962378e-04,-6.20079718901973918e-04,-1.13019373969842313e-07,-1.13019319544186065e-07,-5.65096597720930191e-08,-1.69529033741935319e-07,-1.69528979316279097e-07
1.47822500000000012e+01,1.47822500000000012e+01,4.57634665219066802e-03,-6.19168104154521615e-04,-6.19167806279919135e-04,-1.12742492146181399e-07,-1.12742437907074429e-07,-5.63712189535372213e-08,-1.69113711099718620e-07,-1.69113656860611664e-07
1.47895000000000003e+01,1.47895000000000003e+01,4.57186098587809148e-03,-6.18257978050984480e-04,-6.18257680905790071e-04,-1.12466423910389856e-07,-1.12466369857132820e-07,-5.62331849285664102e-08,-1.68699608838956252e-07,-1.68699554785699231e-07
1.47967500000000012e+01,1.47967500000000012e+01,4.56738191150892880e-03,-6.17349634821240389e-04,-6.17349338403220811e-04,-1.12191166474798663e-07,-1.12191112606647602e-07,-5.60955563033237944e-08,-1.68286722778122450e-07,-1.68286668909971403e-07
1.48040000000000003e+01,1.48040000000000003e+01,4.56290941617318400e-03,-6.16443070101668766e-04,-6.16442774408698223e-04,-1.11916717062584010e-07,-1.11916663378816392e-07,-5.59583316894081958e-08,-1.67875048751992199e-07,-1.67874995068224581e-07
1.48112500000000011e+01,1.48112500000000011e+01,4.55844348699245474e-03,-6.15538279541305577e-04,-6.15537984571518917e-04,-1.11643072907757532e-07,-1.11643019407699952e-07,-5.58215097038499759e-08,-1.67464582611607515e-07,-1.67464529111549934e-07
1.48185000000000002e+01,1.48185000000000002e+01,4.55398411111983519e-03,-6.14635258802675999e-04,-6.14634964553745005e-04,-1.11370231255277719e-07,-1.11370177938174570e-07,-5.56850889690872784e-08,-1.67055320224365004e-07,-1.67055266907261855e-07
1.48257500000000011e+01,1.48257500000000011e+01,4.54953127573981628e-03,-6.13734003560351127e-04,-6.13733710030159112e-04,-1.11098189360748027e-07,-1.11098136225883951e-07,-5.55490681129419754e-08,-1.66647257473689996e-07,-1.66647204338825933e-07
1.48330000000000002e+01,1.48330000000000002e+01,4.54508496806821025e-03,-6.12834509501780644e-04,-6.12834216688223606e-04,-1.10826944490529008e-07,-1.10826891537192787e-07,-5.54134457685963936e-08,-1.66240390259125401e-07,-1.66240337305789181e-07
1.48402500000000011e+01,1.48402500000000011e+01,4.54064517535204045e-03,-6.11936772327070777e-04,-6.11936480228033870e-04,-1.10556493921658445e-07,-1.10556441149138705e-07,-5.52782205745693524e-08,-1.65834714496227791e-07,-1.65834661723708064e-07
1.48475000000000001e+01,1.48475000000000001e+01,4.53621188486946769e-03,-6.11040787748706737e-04,-6.11040496362278839e-04,-1.10286834941762340e-07,-1.10286782349386311e-07,-5.51433911746931554e-08,-1.65430226116455482e-07,-1.65430173524079466e-07
1.48547500000000010e+01,1.48547500000000010e+01,4.53178508392968350e-03,-6.10146551492274369e-04,-6.10146260816194592e-04,-1.10017964849146243e-07,-1.10017912436179799e-07,-5.50089562180898931e-08,-1.65026921067236143e-07,-1.65026868654269699e-07
1.48620000000000001e+01,1.48620000000000001e+01,4.52736475987282946e-03,-6.09254059295460948e-04,-6.09253769327523808e-04,-1.09749880952576152e-07,-1.09749828718297040e-07,-5.48749143591485200e-08,-1.64624795311724672e-07,-1.64624743077445547e-07
1.48692500000000010e+01,1.48692500000000010e+01,4.52295090006989923e-03,-6.08363306908277224e-04,-6.08363017646471635e-04,-1.09482580571280260e-07,-1.09482528515003070e-07,-5.47412642575015282e-08,-1.64223844828781788e-07,-1.64223792772504598e-07
1.48765000000000001e+01,1.48765000000000001e+01,4.51854349192266046e-03,-6.07474290093112934e-04,-6.07474001535665033e-04,-1.09216061034920839e-07,-1.09216009156004553e-07,-5.46080045780022829e-08,-1.63824065612923122e-07,-1.63824013734006822e-07
1.48837500000000009e+01,1.48837500000000009e+01,4.51414252286354897e-03,-6.06587004625513959e-04,-6.06586716770108215e-04,-1.08950319683695639e-07,-1.08950267981403576e-07,-5.44751339907017747e-08,-1.63425453674397413e-07,-1.63425401972105351e-07
1.48910000000000000e+01,1.48910000000000000e+01,4.50974798035559069e-03,-6.05701446292350454e-04,-6.05701159137141988e-04,-1.08685353867970629e-07,-1.08685302341652440e-07,-5.43426511708262268e-08,-1.63028005038796849e-07,-1.63027953512478661e-07
1.48982500000000009e+01,1.48982500000000009e+01,4.50535985189230975e-03,-6.04817610893704227e-04,-6.04817324436401470e-04,-1.08421160948581411e-07,-1.08421109597508344e-07,-5.42105547987541785e-08,-1.62631715747335576e-07,-1.62631664396262522e-07
1.49055000000000000e+01,1.49055000000000000e+01,4.50097812499763300e-03,-6.03935494241203408e-04,-6.03935208479773589e-04,-1.08157738296496654e-07,-1.08157687119988184e-07,-5.40788435599940984e-08,-1.62236581856490746e-07,-1.62236530679982289e-07
1.49127500000000008e+01,1.49127500000000008e+01,4.49660278722581290e-03,-6.03055092158633066e-04,-6.03054807091356424e-04,-1.07895083292890504e-07,-1.07895032290323810e-07,-5.39475161451619048e-08,-1.61842599438052409e-07,-1.61842548435485714e-07
1.49199999999999999e+01,1.49199999999999999e+01,4.49223382616133291e-03,-6.02176400482823393e-04,-6.02176116107417249e-04,-1.07633193329264279e-07,-1.07633142499917516e-07,-5.38165712499587646e-08,-1.61449764579223044e-07,-1.61449713749876281e-07
1.49272500000000008e+01,1.49272500000000008e+01,4.48787122941881212e-03,-6.01299415061928855e-04,-6.01299131376350246e-04,-1.07372065807101195e-07,-1.07372015150297187e-07,-5.36860075751485935e-08,-1.61058073382249782e-07,-1.61058022725445774e-07
1.49344999999999999e+01,1.49344999999999999e+01,4.48351498464293497e-03,-6.00424131756149837e-04,-6.00423848758637369e-04,-1.07111698137959237e-07,-1.07111647653072768e-07,-5.35558238265363842e-08,-1.60667521964495614e-07,-1.60667471479609146e-07
1.49417500000000008e+01,1.49417500000000008e+01,4.47916507950834718e-03,-5.99550546438398779e-04,-5.99550264126805406e-04,-1.06852087743552951e-07,-1.06852037429891612e-07,-5.34260187149458061e-08,-1.60278106458498764e-07,-1.60278056144837412e-07
1.49489999999999998e+01,1.49489999999999998e+01,4.47482150171957856e-03,-5.98678654993078929e-04,-5.98678373365386083e-04,-1.06593232055499188e-07,-1.06593181912395265e-07,-5.32965909561976394e-08,-1.59889823011696814e-07,-1.59889772868592905e-07
1.49562500000000007e+01,1.49562500000000007e+01,4.47048423901094758e-03,-5.97808453316694965e-04,-5.97808172370874647e-04,-1.06335128515389618e-07,-1.06335078542175384e-07,-5.31675392710876921e-08,-1.59502667786477297e-07,-1.59502617813263076e-07
1.49635000000000016e+01,1.49635000000000016e+01,4.46615327914648506e-03,-5.96939937317575442e-04,-5.96939657051690398e-04,-1.06077774574705309e-07,-1.06077724770730879e-07,-5.30388623853654331e-08,-1.59116636960070749e-07,-1.59116587156096306e-07
1.49707500000000007e+01,1.49707500000000007e+01,4.46182860991984308e-03,-5.96073102916094832e-04,-5.96072823328135603e-04,-1.05821167694820229e-07,-1.05821118059424546e-07,-5.29105590297122728e-08,-1.58731726724532508e-07,-1.58731677089136812e-07
1.49780000000000015e+01,1.49780000000000015e+01,4.45751021915420220e-03,-5.95207946044395975e-04,-5.95207667132354400e-04,-1.05565305346916042e-07,-1.05565255879439969e-07,-5.27826279397199845e-08,-1.58347933286636033e-07,-1.58347883819159960e-07
1.49852500000000006e+01,1.49852500000000006e+01,4.45319809470220030e-03,-5.94344462646112515e-04,-5.94344184408294855e-04,-1.05310185011897455e-07,-1.05310135711739215e-07,-5.26550678558696074e-08,-1.57965252867767056e-07,-1.57965203567608816e-07
1.49925000000000015e+01,1.49925000000000015e+01,4.44889222444583374e-03,-5.93482648677368108e-04,-5.93482371111666890e-04,-1.05055804180533732e-07,-1.05055755047019854e-07,-5.25278775235099268e-08,-1.57583681704043646e-07,-1.57583632570529794e-07
1.49997500000000006e+01,1.49997500000000006e+01,4.44459259629637754e-03,-5.92622500105499661e-04,-5.92622223209903799e-04,-1.04802160353197319e-07,-1.04802111385673086e-07,-5.24010556928365366e-08,-1.57203216046033856e-07,-1.57203167078509636e-07
1.50070000000000014e+01,1.50070000000000014e+01,4.44029919819430383e-03,-5.91764012909501425e-04,-5.91763736682122130e-04,-1.04549251039907298e-07,-1.04549202237741247e-07,-5.22746011188706237e-08,-1.56823852158777909e-07,-1.56823803356611858e-07
1.50142500000000005e+01,1.50142500000000005e+01,4.43601201810918996e-03,-5.90907183080136011e-04,-5.90906907519082219e-04,-1.04297073760314360e-07,-1.04297025122876233e-07,-5.21485125614381165e-08,-1.56445586321752483e-07,-1.56445537684314356e-07
1.50215000000000014e+01,1.50215000000000014e+01,4.43173104403964124e-03,-5.90052006619934399e-04,-5.90051731723148943e-04,-1.04045626043665644e-07,-1.04045577570297508e-07,-5.20227887851487472e-08,-1.56068414828814391e-07,-1.56068366355446255e-07
1.50287500000000005e+01,1.50287500000000005e+01,4.42745626401320168e-03,-5.89198479542696330e-04,-5.89198205308252691e-04,-1.03794905428682286e-07,-1.03794857118750851e-07,-5.18974285593754320e-08,-1.55692333988057718e-07,-1.55692285678126283e-07
1.50360000000000014e+01,1.50360000000000014e+01,4.42318766608627238e-03,-5.88346597873656840e-04,-5.88346324299850003e-04,-1.03544909463554284e-07,-1.03544861316466892e-07,-5.17724306582334459e-08,-1.55317340121787724e-07,-1.55317291974700331e-07
1.50432500000000005e+01,1.50432500000000005e+01,4.41892523834403351e-03,-5.87496357650152401e-04,-5.87496084734885518e-04,-1.03295635706023640e-07,-1.03295587721120214e-07,-5.16477938605601003e-08,-1.54943429566583734e-07,-1.54943381581680308e-07
1.50505000000000013e+01,1.50505000000000013e+01,4.41466896890034544e-03,-5.86647754920455178e-04,-5.86647482661751423e-04,-1.03047081723144756e-07,-1.03047033899787956e-07,-5.15235169498939846e-08,-1.54570598673038734e-07,-1.54570550849681934e-07
1.50577500000000004e+01,1.50577500000000004e+01,4.41041884589768798e-03,-5.85800785743939567e-04,-5.85800514140251785e-04,-1.02799245091280408e-07,-1.02799197428909949e-07,-5.13995987144549678e-08,-1.54198843805735382e-07,-1.54198796143364923e-07
1.50650000000000013e+01,1.50650000000000013e+01,4.40617485750705810e-03,-5.84955446192247930e-04,-5.84955175241560913e-04,-1.02552123396272361e-07,-1.02552075894247263e-07,-5.12760379471236317e-08,-1.53828161343395992e-07,-1.53828113841370882e-07
1.50722500000000004e+01,1.50722500000000004e+01,4.40193699192789958e-03,-5.84111732347902812e-04,-5.84111462048187802e-04,-1.02305714233164134e-07,-1.02305666890842678e-07,-5.11528334454213391e-08,-1.53458547678585486e-07,-1.53458500336264017e-07
1.50795000000000012e+01,1.50795000000000012e+01,4.39770523738801291e-03,-5.83269640304640014e-04,-5.83269370653935796e-04,-1.02060015206226017e-07,-1.02059968022979929e-07,-5.10299840114899581e-08,-1.53089999217715975e-07,-1.53089952034469888e-07
1.50867500000000003e+01,1.50867500000000003e+01,4.39347958214348234e-03,-5.82429166167186541e-04,-5.82428897163866596e-04,-1.01815023928883216e-07,-1.01814976904144337e-07,-5.09074884520721617e-08,-1.52722512380955385e-07,-1.52722465356216505e-07
1.50940000000000012e+01,1.50940000000000012e+01,4.38926001447858833e-03,-5.81590306052259809e-04,-5.81590037694261009e-04,-1.01570738023857298e-07,-1.01570691156982609e-07,-5.07853455784913044e-08,-1.52356083602348609e-07,-1.52356036735473907e-07
1.51012500000000003e+01,1.51012500000000003e+01,4.38504652270572514e-03,-5.80753056086957820e-04,-5.80752788372581761e-04,-1.01327155122851843e-07,-1.01327108413263616e-07,-5.06635542066318078e-08,-1.51990709329483644e-07,-1.51990662619895417e-07
1.51085000000000012e+01,1.51085000000000012e+01,4.38083909516532709e-03,-5.79917412410091426e-04,-5.79917145337436094e-04,-1.01084272866752378e-07,-1.01084226313838829e-07,-5.05421131569194211e-08,-1.51626386023671799e-07,-1.51626339470758250e-07
1.51157500000000002e+01,1.51157500000000002e+01,4.37663772022577925e-03,-5.79083371171351668e-04,-5.79083104738538140e-04,-1.00842088905448388e-07,-1.00842042508603293e-07,-5.04210212543016532e-08,-1.51263110159750041e-07,-1.51263063762904933e-07
1.51230000000000011e+01,1.51230000000000011e+01,4.37244238628334281e-03,-5.78250928531365282e-04,-5.78250662736671628e-04,-1.00600600897810515e-07,-1.00600554656456502e-07,-5.03002773282282443e-08,-1.50900878226038752e-07,-1.50900831984684753e-07
1.51302500000000002e+01,1.51302500000000002e+01,4.36825308176207443e-03,-5.77420080662194302e-04,-5.77419815503653236e-04,-1.00359806511745256e-07,-1.00359760425263740e-07,-5.01798802126318634e-08,-1.50539686724377120e-07,-1.50539640637895604e-07
1.51375000000000011e+01,1.51375000000000011e+01,4.36406979511374127e-03,-5.76590823746503389e-04,-5.76590559222294428e-04,-1.00119703424017845e-07,-1.00119657491817292e-07,-5.00598287459086526e-08,-1.50179532169926491e-07,-1.50179486237725938e-07
1.51447500000000002e+01,1.51447500000000002e+01,4.35989251481774982e-03,-5.75763153977948416e-04,-5.75762890086366544e-04,-9.98802893202879276e-08,-9.98802435417983511e-08,-4.99401217708991756e-08,-1.49820411091187103e-07,-1.49820365312697513e-07
1.51520000000000010e+01,1.51520000000000010e+01,4.35572122938106092e-03,-5.74937067561398507e-04,-5.74936804300562416e-04,-9.96415618951161577e-08,-9.96415162697384008e-08,-4.98207581348691938e-08,-1.49462320029985351e-07,-1.49462274404607581e-07
1.51592500000000001e+01,1.51592500000000001e+01,4.35155592733810995e-03,-5.74112560712491948e-04,-5.74112298080460483e-04,-9.94035188518552843e-08,-9.94034733789813626e-08,-4.97017366894906813e-08,-1.49105255541345966e-07,-1.49105210068472057e-07
1.51665000000000010e+01,1.51665000000000010e+01,4.34739659725072967e-03,-5.73289629657358635e-04,-5.73289367652487928e-04,-9.91661579025707037e-08,-9.91661125816455725e-08,-4.95830562908227995e-08,-1.48749214193393516e-07,-1.48749168872468372e-07
1.51737500000000001e+01,1.51737500000000001e+01,4.34324322770807906e-03,-5.72468270633341714e-04,-5.72468009253886308e-04,-9.89294767681340697e-08,-9.89294315985865375e-08,-4.94647157992932754e-08,-1.48394192567427352e-07,-1.48394147397879806e-07
1.51810000000000009e+01,1.51810000000000009e+01,4.33909580732654617e-03,-5.71648479888720029e-04,-5.71648219132671873e-04,-9.86934731781436327e-08,-9.86934281593585683e-08,-4.93467140796792842e-08,-1.48040187257822917e-07,-1.48040142239037866e-07
1.51882500000000000e+01,1.51882500000000000e+01,4.33495432474969265e-03,-5.70830253681764432e-04,-5.70829993547603259e-04,-9.84581448707303882e-08,-9.84581000021783696e-08,-4.92290500010891914e-08,-1.47687194871819573e-07,-1.47687150003267568e-07
1.51955000000000009e+01,1.51955000000000009e+01,4.33081876864816005e-03,-5.70013588282403116e-04,-5.70013328768143208e-04,-9.82234895928145031e-08,-9.82234448738872150e-08,-4.91117224369436009e-08,-1.47335212029758111e-07,-1.47335167310830823e-07
1.52027500000000000e+01,1.52027500000000000e+01,4.32668912771959867e-03,-5.69198479970445259e-04,-5.69198221074423884e-04,-9.79895050997680639e-08,-9.79894605299143129e-08,-4.89947302649571565e-08,-1.46984235364725207e-07,-1.46984190794871456e-07
1.52100000000000009e+01,1.52100000000000009e+01,4.32256539068858869e-03,-5.68384925036802269e-04,-5.68384666757210870e-04,-9.77561891555949126e-08,-9.77561447342398148e-08,-4.88780723671198942e-08,-1.46634261522714813e-07,-1.46634217101359702e-07
1.52172499999999999e+01,1.52172499999999999e+01,4.31844754630656552e-03,-5.67572919782877161e-04,-5.67572662117868257e-04,-9.75235395327949493e-08,-9.75234952593583400e-08,-4.87617476296791700e-08,-1.46285287162474126e-07,-1.46285242889037517e-07
1.52245000000000008e+01,1.52245000000000008e+01,4.31433558335173745e-03,-5.66762460520287004e-04,-5.66762203468322437e-04,-9.72915540122860197e-08,-9.72915098862423283e-08,-4.86457549431211708e-08,-1.45937308955407184e-07,-1.45937264829363492e-07
1.52317499999999999e+01,1.52317499999999999e+01,4.31022949062902141e-03,-5.65953543571862117e-04,-5.65953287131028488e-04,-9.70602303835455686e-08,-9.70601864043061469e-08,-4.85300932021530734e-08,-1.45590323585698642e-07,-1.45590279606459207e-07
1.52390000000000008e+01,1.52390000000000008e+01,4.30612925696994588e-03,-5.65146165270313805e-04,-5.65145909438932443e-04,-9.68295664443513415e-08,-9.68295226113692443e-08,-4.84147613056846222e-08,-1.45244327750035970e-07,-1.45244283917053873e-07
1.52462499999999999e+01,1.52462499999999999e+01,4.30203487123260227e-03,-5.64340321959011515e-04,-5.64340066735440180e-04,-9.65995600008852786e-08,-9.65995163136211578e-08,-4.82997581568105855e-08,-1.44899318157695877e-07,-1.44899274470431743e-07
1.52535000000000007e+01,1.52535000000000007e+01,4.29794632230154003e-03,-5.63536009992149367e-04,-5.63535755374378272e-04,-9.63702088677318340e-08,-9.63701653255848387e-08,-4.81850826627924260e-08,-1.44555291530524247e-07,-1.44555247988377265e-07
1.52607500000000016e+01,1.52607500000000016e+01,4.29386359908771539e-03,-5.62733225733413889e-04,-5.62732971719963316e-04,-9.61415108676204115e-08,-9.61414674700817530e-08,-4.80707337350408699e-08,-1.44212244602661275e-07,-1.44212201205122616e-07
1.52680000000000007e+01,1.52680000000000007e+01,4.28978669052840558e-03,-5.61931965557649349e-04,-5.61931712146765167e-04,-9.59134638316808112e-08,-9.59134205781961064e-08,-4.79567102890980532e-08,-1.43870174120778878e-07,-1.43870130867294160e-07
1.52752500000000015e+01,1.52752500000000015e+01,4.28571558558712897e-03,-5.61132225849914068e-04,-5.61131973039672468e-04,-9.56860655992521841e-08,-9.56860224892395213e-08,-4.78430112446197540e-08,-1.43529076843871925e-07,-1.43529033733859289e-07
1.52825000000000006e+01,1.52825000000000006e+01,4.28165027325358178e-03,-5.60334003005036330e-04,-5.60333750793859907e-04,-9.54593140177782907e-08,-9.54592710507162152e-08,-4.77296355253581010e-08,-1.43188949543136398e-07,-1.43188906576074310e-07
1.52897500000000015e+01,1.52897500000000015e+01,4.27759074254355567e-03,-5.59537293428336024e-04,-5.59537041814752432e-04,-9.52332069429015484e-08,-9.52331641182877830e-08,-4.76165820591438915e-08,-1.42849789002045440e-07,-1.42849746177431661e-07
1.52970000000000006e+01,1.52970000000000006e+01,4.27353698249887098e-03,-5.58742093535902207e-04,-5.58741842517993166e-04,-9.50077422384811502e-08,-9.50076995557388390e-08,-4.75038497778694261e-08,-1.42511592016350570e-07,-1.42511549333608272e-07
1.53042500000000015e+01,1.53042500000000015e+01,4.26948898218728473e-03,-5.57948399753427360e-04,-5.57948149329406430e-04,-9.47829177763656229e-08,-9.47828752349417327e-08,-4.73914376174708663e-08,-1.42174355393836496e-07,-1.42174312852412592e-07
1.53115000000000006e+01,1.53115000000000006e+01,4.26544673070244646e-03,-5.57156208516540463e-04,-5.57155958684968367e-04,-9.45587314364211763e-08,-9.45586890358229854e-08,-4.72793445179114861e-08,-1.41838075954332656e-07,-1.41838033553734465e-07
1.53187500000000014e+01,1.53187500000000014e+01,4.26141021716379409e-03,-5.56365516271750682e-04,-5.56365267030768662e-04,-9.43351811066632712e-08,-9.43351388463281248e-08,-4.71675694231640624e-08,-1.41502750529827327e-07,-1.41502708269492181e-07
1.53260000000000005e+01,1.53260000000000005e+01,4.25737943071650624e-03,-5.55576319475059588e-04,-5.55576070822981385e-04,-9.41122646829925571e-08,-9.41122225623884523e-08,-4.70561112811942262e-08,-1.41168375964186783e-07,-1.41168333843582692e-07
1.53332500000000014e+01,1.53332500000000014e+01,4.25335436053140593e-03,-5.54788614592627294e-04,-5.54788366527827473e-04,-9.38899800692796810e-08,-9.38899380878862352e-08,-4.69449690439431176e-08,-1.40834949113222792e-07,-1.40834907131829359e-07
1.53405000000000005e+01,1.53405000000000005e+01,4.24933499580491293e-03,-5.54002398100605919e-04,-5.54002150621545997e-04,-9.36683251773089732e-08,-9.36682833346217518e-08,-4.68341416673108759e-08,-1.40502466844619849e-07,-1.40502425001932641e-07
1.53477500000000013e+01,1.53477500000000013e+01,4.24532132575894741e-03,-5.53217666485583681e-04,-5.53217419590356545e-04,-9.34472979268253252e-08,-9.34472562222789073e-08,-4.67236281111394470e-08,-1.40170926037964772e-07,-1.40170884333418368e-07
1.53550000000000004e+01,1.53550000000000004e+01,4.24131333964087275e-03,-5.52434416243252624e-04,-5.52434169930429513e-04,-9.32268962452811786e-08,-9.32268546783922920e-08,-4.66134273391961460e-08,-1.39840323584477318e-07,-1.39840282017588431e-07
1.53622500000000013e+01,1.53622500000000013e+01,4.23731102672342003e-03,-5.51652643880018445e-04,-5.51652398147851951e-04,-9.30071180680808272e-08,-9.30070766383136046e-08,-4.65035383191568023e-08,-1.39510656387237636e-07,-1.39510614957470414e-07
1.53695000000000004e+01,1.53695000000000004e+01,4.23331437630461264e-03,-5.50872345911834760e-04,-5.50872100758594929e-04,-9.27879613383557556e-08,-9.27879200451786573e-08,-4.63939600225893287e-08,-1.39181921360945078e-07,-1.39181880067767979e-07
1.53767500000000013e+01,1.53767500000000013e+01,4.22932337770769856e-03,-5.50093518864258613e-04,-5.50093274288480797e-04,-9.25694240069467449e-08,-9.25693828498741697e-08,-4.62846914249370848e-08,-1.38854115431883836e-07,-1.38854074274811248e-07
1.53840000000000003e+01,1.53840000000000003e+01,4.22533802028108186e-03,-5.49316159273116611e-04,-5.49315915273151521e-04,-9.23515040324887091e-08,-9.23514630110052241e-08,-4.61757315055026186e-08,-1.38527235537991321e-07,-1.38527194516507849e-07
1.53912500000000012e+01,1.53912500000000012e+01,4.22135829339823857e-03,-5.48540263683949814e-04,-5.48540020258034646e-04,-9.21341993812897937e-08,-9.21341584948621518e-08,-4.60670792474310825e-08,-1.38201278628720883e-07,-1.38201237742293241e-07
1.53985000000000003e+01,1.53985000000000003e+01,4.21738418645766465e-03,-5.47765828651625153e-04,-5.47765585798313365e-04,-9.19175080272391551e-08,-9.19174672753885050e-08,-4.59587336376942657e-08,-1.37876241664933421e-07,-1.37876200913082771e-07
1.54057500000000012e+01,1.54057500000000012e+01,4.21341568888278922e-03,-5.46992850741334635e-04,-5.46992608458892154e-04,-9.17014279519477274e-08,-9.17013873341482204e-08,-4.58506936670741102e-08,-1.37552121619021844e-07,-1.37552081001222337e-07
1.54130000000000003e+01,1.54130000000000003e+01,4.20945279012191562e-03,-5.46221326527429607e-04,-5.46221084814366522e-04,-9.14859571445257831e-08,-9.14859166602937368e-08,-4.57429583301468618e-08,-1.37228915474672658e-07,-1.37228874990440612e-07
1.54202500000000011e+01,1.54202500000000011e+01,4.20549547964814158e-03,-5.45451252594308933e-04,-5.45451011448989617e-04,-9.12710936017049985e-08,-9.12710532505335564e-08,-4.56355266252667848e-08,-1.36906620226971790e-07,-1.36906579875800335e-07
1.54275000000000002e+01,1.54275000000000002e+01,4.20154374695929766e-03,-5.44682625536030418e-04,-5.44682384956642084e-04,-9.10568353277468685e-08,-9.10567951091007853e-08,-4.55283975545503860e-08,-1.36585232882297255e-07,-1.36585192663651171e-07
1.54347500000000011e+01,1.54347500000000011e+01,4.19759758157786916e-03,-5.43915441955700185e-04,-5.43915201940798352e-04,-9.08431803343138385e-08,-9.08431402477207211e-08,-4.54215701238603606e-08,-1.36264750458174206e-07,-1.36264710371581088e-07
1.54420000000000002e+01,1.54420000000000002e+01,4.19365697305093977e-03,-5.43149698466416364e-04,-5.43149459014498110e-04,-9.06301266406011766e-08,-9.06300866855800559e-08,-4.53150433427900280e-08,-1.35945169983391218e-07,-1.35945130028370084e-07
1.54492500000000010e+01,1.54492500000000010e+01,4.18972191095010570e-03,-5.42385391691047047e-04,-5.42385152800311404e-04,-9.04176722732731285e-08,-9.04176324492945164e-08,-4.52088162246472516e-08,-1.35626488497920373e-07,-1.35626448673941775e-07
1.54565000000000001e+01,1.54565000000000001e+01,4.18579238487142014e-03,-5.41622518261286601e-04,-5.41622279930310227e-04,-9.02058152662795749e-08,-9.02057755728781723e-08,-4.51028877864390928e-08,-1.35308703052718661e-07,-1.35308663359317258e-07
1.54637500000000010e+01,1.54637500000000010e+01,4.18186838443531696e-03,-5.40861074818765886e-04,-5.40860837046035670e-04,-8.99945536610151940e-08,-8.99945140977119243e-08,-4.49972570488559688e-08,-1.34991810709871176e-07,-1.34991771146567893e-07
1.54710000000000001e+01,1.54710000000000001e+01,4.17794989928654825e-03,-5.40101058014497148e-04,-5.40100820798467885e-04,-8.97838855062010488e-08,-8.97838460725126798e-08,-4.48919230362563399e-08,-1.34675808542457395e-07,-1.34675769108769026e-07
1.54782500000000010e+01,1.54782500000000010e+01,4.17403691909410627e-03,-5.39342464509096065e-04,-5.39342227847993891e-04,-8.95738088578956124e-08,-8.95737695533021054e-08,-4.47868847766510593e-08,-1.34360693634546678e-07,-1.34360654329953171e-07
1.54855000000000000e+01,1.54855000000000000e+01,4.17012943355116617e-03,-5.38585290972060093e-04,-5.38585054864378402e-04,-8.93643217793493950e-08,-8.93642826033763588e-08,-4.46821413016881728e-08,-1.34046463081037568e-07,-1.34046423905064532e-07
1.54927500000000009e+01,1.54927500000000009e+01,4.16622743237501144e-03,-5.37829534082379102e-04,-5.37829298526731740e-04,-8.91554223410808603e-08,-8.91553832932750131e-08,-4.45776916466375065e-08,-1.33733113987718380e-07,-1.33733074939912520e-07
1.55000000000000000e+01,1.55000000000000000e+01,4.16233090530697143e-03,-5.37075190528701896e-04,-5.37074955523480233e-04,-8.89471086208786612e-08,-8.89470697007510003e-08,-4.44735348503755002e-08,-1.33420643471254155e-07,-1.33420604551126494e-07
1.55072500000000009e+01,1.55072500000000009e+01,4.15843984211234502e-03,-5.36322257008725600e-04,-5.36322022552334558e-04,-8.87393787036749299e-08,-8.87393399107398936e-08,-4.43696699553699468e-08,-1.33109048659044883e-07,-1.33109009866109834e-07
1.55145000000000000e+01,1.55145000000000000e+01,4.15455423258034515e-03,-5.35570730229473213e-04,-5.35570496320261118e-04,-8.85322306815662675e-08,-8.85321920153301283e-08,-4.42660960076650575e-08,-1.32798326689231332e-07,-1.32798288022995179e-07
1.55217500000000008e+01,1.55217500000000008e+01,4.15067406652401810e-03,-5.34820606906905027e-04,-5.34820373543449406e-04,-8.83256626537243828e-08,-8.83256241137324957e-08,-4.41628120568662479e-08,-1.32488474710590617e-07,-1.32488436170598744e-07
1.55289999999999999e+01,1.55289999999999999e+01,4.14679933378019581e-03,-5.34071883766362721e-04,-5.34071650947285227e-04,-8.81196727264447963e-08,-8.81196343122508809e-08,-4.40598171561254404e-08,-1.32179489882570223e-07,-1.32179451468376321e-07
1.55362500000000008e+01,1.55362500000000008e+01,4.14293002420940571e-03,-5.33324557542846911e-04,-5.33324325266316544e-04,-8.79142590131674601e-08,-8.79142207242517029e-08,-4.39571103621258514e-08,-1.31871369375293318e-07,-1.31871331086377548e-07
1.55434999999999999e+01,1.55434999999999999e+01,4.13906612769582467e-03,-5.32578624979407333e-04,-5.32578393244227460e-04,-8.77094196341867158e-08,-8.77093814701351028e-08,-4.38546907350675514e-08,-1.31564110369254274e-07,-1.31564072205202648e-07
1.55507500000000007e+01,1.55507500000000007e+01,4.13520763414720362e-03,-5.31834082829252264e-04,-5.31833851633805904e-04,-8.75051527169744897e-08,-8.75051146773047946e-08,-4.37525573386524039e-08,-1.31257710055626907e-07,-1.31257672015957199e-07
1.55580000000000016e+01,1.55580000000000016e+01,4.13135453349479983e-03,-5.31090927854249717e-04,-5.31090697196914688e-04,-8.73014563959087931e-08,-8.73014184801391600e-08,-4.36507092400695800e-08,-1.30952165635978366e-07,-1.30952127720208747e-07
1.55652500000000007e+01,1.55652500000000007e+01,4.12750681569331711e-03,-5.30349156825205004e-04,-5.30348926704462447e-04,-8.70983288122951488e-08,-8.70982910199618404e-08,-4.35491455099809268e-08,-1.30647474322276069e-07,-1.30647436529942761e-07
1.55725000000000016e+01,1.55725000000000016e+01,4.12366447072083381e-03,-5.29608766521916241e-04,-5.29608536936372848e-04,-8.68957681143515306e-08,-8.68957304450125810e-08,-4.34478652225062905e-08,-1.30343633336857814e-07,-1.30343595667518878e-07
1.55797500000000007e+01,1.55797500000000007e+01,4.11982748857874902e-03,-5.28869753733340886e-04,-5.28869524681557595e-04,-8.66937724572116978e-08,-8.66937349104186692e-08,-4.33468674552093412e-08,-1.30040639912421039e-07,-1.30040602365627997e-07
1.55870000000000015e+01,1.55870000000000015e+01,4.11599585929170019e-03,-5.28132115257429202e-04,-5.28131886737884118e-04,-8.64923400028735795e-08,-8.64923025781655933e-08,-4.32461512890827967e-08,-1.29738491291956376e-07,-1.29738453867248390e-07
1.55942500000000006e+01,1.55942500000000006e+01,4.11216957290751629e-03,-5.27395847901013237e-04,-5.27395619912149121e-04,-8.62914689201573597e-08,-8.62914316170688787e-08,-4.31457158085344460e-08,-1.29437184728691806e-07,-1.29437147425603325e-07
1.56015000000000015e+01,1.56015000000000015e+01,4.10834861949713540e-03,-5.26660948479695801e-04,-5.26660721020047462e-04,-8.60911573846634166e-08,-8.60911202027450767e-08,-4.30455601013725383e-08,-1.29136717486035955e-07,-1.29136680304117628e-07
1.56087500000000006e+01,1.56087500000000006e+01,4.10453298915456049e-03,-5.25927413817961487e-04,-5.25927186886145266e-04,-8.58914035787670422e-08,-8.58913665175838918e-08,-4.29456832587919459e-08,-1.28837086837558988e-07,-1.28837049776375838e-07
1.56160000000000014e+01,1.56160000000000014e+01,4.10072267199677442e-03,-5.25195240749454229e-04,-5.25195014343849136e-04,-8.56922056916398957e-08,-8.56921687507193169e-08,-4.28460843753596585e-08,-1.28538290066999567e-07,-1.28538253126078975e-07
1.56232500000000005e+01,1.56232500000000005e+01,4.09691765816369395e-03,-5.24464426116200144e-04,-5.24464200235379152e-04,-8.54935619190999465e-08,-8.54935250980020911e-08,-4.27467625490010522e-08,-1.28240324468101005e-07,-1.28240287647003150e-07
1.56305000000000014e+01,1.56305000000000014e+01,4.09311793781808996e-03,-5.23734966769162646e-04,-5.23734741411738518e-04,-8.52954704636785223e-08,-8.52954337619711123e-08,-4.26477168809855561e-08,-1.27943187344664072e-07,-1.27943150642956675e-07
1.56377500000000005e+01,1.56377500000000005e+01,4.08932350114554147e-03,-5.23006859568075910e-04,-5.23006634732687430e-04,-8.50979295345701090e-08,-8.50978929518261205e-08,-4.25489464759130536e-08,-1.27646876010483149e-07,-1.27646839427739174e-07
1.56450000000000014e+01,1.56450000000000014e+01,4.08553433835435239e-03,-5.22280101381722428e-04,-5.22279877066711634e-04,-8.49009373476540953e-08,-8.49009008833993357e-08,-4.24504504416996678e-08,-1.27351387789353750e-07,-1.27351351325098990e-07
1.56522500000000004e+01,1.56522500000000004e+01,4.08175043967550638e-03,-5.21554689086989320e-04,-5.21554465290997274e-04,-8.47044921253184981e-08,-8.47044557791284580e-08,-4.23522278895642290e-08,-1.27056720014882727e-07,-1.27056683668692687e-07
1.56595000000000013e+01,1.56595000000000013e+01,4.07797179536259057e-03,-5.20830619569867537e-04,-5.20830396291400099e-04,-8.45085920965993380e-08,-8.45085558680286239e-08,-4.22542779340143186e-08,-1.26762870030613663e-07,-1.26762833802042936e-07
1.56667500000000004e+01,1.56667500000000004e+01,4.07419839569174349e-03,-5.20107889724674699e-04,-5.20107666962419551e-04,-8.43132354970317212e-08,-8.43131993856655119e-08,-4.21565996928327560e-08,-1.26469835189864477e-07,-1.26469799078498255e-07
1.56740000000000013e+01,1.56740000000000013e+01,4.07043023096158307e-03,-5.19386496454610214e-04,-5.19386274207168951e-04,-8.41184205687171519e-08,-8.41183845741276427e-08,-4.20591922870638214e-08,-1.26177612855780973e-07,-1.26177576861191451e-07
1.56812500000000004e+01,1.56812500000000004e+01,4.06666729149315204e-03,-5.18666436671533226e-04,-5.18666214937349044e-04,-8.39241455602648616e-08,-8.39241096819996842e-08,-4.19620548409998421e-08,-1.25886200401264710e-07,-1.25886164522999520e-07
1.56885000000000012e+01,1.56885000000000012e+01,4.06290956762984500e-03,-5.17947707295574045e-04,-5.17947486073218506e-04,-8.37304087267063257e-08,-8.37303729643349754e-08,-4.18651864821675010e-08,-1.25595595208873820e-07,-1.25595559446502483e-07
1.56957500000000003e+01,1.56957500000000003e+01,4.05915704973736600e-03,-5.17230305255467204e-04,-5.17230084543569553e-04,-8.35372083295270928e-08,-8.35371726826294017e-08,-4.17685863413147008e-08,-1.25305794670841800e-07,-1.25305759023944109e-07
1.57030000000000012e+01,1.57030000000000012e+01,4.05540972820364089e-03,-5.16514227488551469e-04,-5.16514007285695845e-04,-8.33445426366441402e-08,-8.33445071047936800e-08,-4.16722535523968400e-08,-1.25016796189040987e-07,-1.25016760657190513e-07
1.57102500000000003e+01,1.57102500000000003e+01,4.05166759343878174e-03,-5.15799470940547788e-04,-5.15799251245369289e-04,-8.31524099223480766e-08,-8.31523745051276837e-08,-4.15761872525638418e-08,-1.24728597174911905e-07,-1.24728561757691512e-07
1.57175000000000011e+01,1.57175000000000011e+01,4.04793063587500276e-03,-5.15086032565836849e-04,-5.15085813376809569e-04,-8.29608084673256025e-08,-8.29607731642931786e-08,-4.14803865821465893e-08,-1.24441195049472192e-07,-1.24441159746439781e-07
1.57247500000000002e+01,1.57247500000000002e+01,4.04419884596657689e-03,-5.14373909326848455e-04,-5.14373690642659100e-04,-8.27697365585393235e-08,-8.27697013692880413e-08,-4.13848506846440206e-08,-1.24154587243183344e-07,-1.24154552053932075e-07
1.57320000000000011e+01,1.57320000000000011e+01,4.04047221418976296e-03,-5.13663098194783174e-04,-5.13662880013954085e-04,-8.25791924893219168e-08,-8.25791574134195513e-08,-4.12895787067097690e-08,-1.23868771196031692e-07,-1.23868736120129314e-07
1.57392500000000002e+01,1.57392500000000002e+01,4.03675073104275278e-03,-5.12953596148724156e-04,-5.12953378470099031e-04,-8.23891745592116613e-08,-8.23891395962786093e-08,-4.11945697981392980e-08,-1.23583744357350946e-07,-1.23583709394417907e-07
1.57465000000000011e+01,1.57465000000000011e+01,4.03303438704560608e-03,-5.12245400176802868e-04,-5.12245182998838562e-04,-8.21996810741179264e-08,-8.21996462237134264e-08,-4.10998231118567132e-08,-1.23299504185974633e-07,-1.23299469335570133e-07
1.57537500000000001e+01,1.57537500000000001e+01,4.02932317274018893e-03,-5.11538507275088872e-04,-5.11538290596231181e-04,-8.20107103461212989e-08,-8.20106756078038880e-08,-4.10053378039019506e-08,-1.23016048150023256e-07,-1.23016013411705832e-07
1.57610000000000010e+01,1.57610000000000010e+01,4.02561707869011735e-03,-5.10832914447645337e-04,-5.10832698266622275e-04,-8.18222606934610365e-08,-8.18222260668355208e-08,-4.09111130334177604e-08,-1.22733373726878803e-07,-1.22733339100253288e-07
1.57682500000000001e+01,1.57682500000000001e+01,4.02191609548069838e-03,-5.10128618707028636e-04,-5.10128403022617983e-04,-8.16343304405940551e-08,-8.16342959252741876e-08,-4.08171479626370938e-08,-1.22451478403231149e-07,-1.22451443887911268e-07
1.57755000000000010e+01,1.57755000000000010e+01,4.01822021371886495e-03,-5.09425617074121817e-04,-5.09425401885057767e-04,-8.14469179181466353e-08,-8.14468835137400943e-08,-4.07234417568700537e-08,-1.22170359675016696e-07,-1.22170325270610141e-07
1.57827500000000001e+01,1.57827500000000001e+01,4.01452942403312304e-03,-5.08723906578245622e-04,-5.08723691882989040e-04,-8.12600214629111400e-08,-8.12599871689828813e-08,-4.06299935844914406e-08,-1.21890015047402574e-07,-1.21889980753474315e-07
1.57900000000000009e+01,1.57900000000000009e+01,4.01084371707348050e-03,-5.08023484256658886e-04,-5.08023270053639090e-04,-8.10736394177447408e-08,-8.10736052338557499e-08,-4.05368026169278683e-08,-1.21610442034672609e-07,-1.21610407850783618e-07
1.57972500000000000e+01,1.57972500000000000e+01,4.00716308351140200e-03,-5.07324347154336497e-04,-5.07324133442390570e-04,-8.08877701315134346e-08,-8.08877360572907919e-08,-4.04438680286453960e-08,-1.21331638160158844e-07,-1.21331604085936188e-07
1.58045000000000009e+01,1.58045000000000009e+01,4.00348751403974221e-03,-5.06626492324968591e-04,-5.06626279102754509e-04,-8.07024119592304275e-08,-8.07023779942735659e-08,-4.03511889971367830e-08,-1.21053600956367217e-07,-1.21053566991410356e-07
1.58117500000000000e+01,1.58117500000000000e+01,3.99981699937269029e-03,-5.05929916830072379e-04,-5.05929704096344827e-04,-8.05175632618937693e-08,-8.05175294058184668e-08,-4.02587647029092268e-08,-1.20776327964802996e-07,-1.20776294108727694e-07
1.58190000000000008e+01,1.58190000000000008e+01,3.99615153024570659e-03,-5.05234617739658276e-04,-5.05234405492851124e-04,-8.03332224065714935e-08,-8.03331886589434339e-08,-4.01665943294717170e-08,-1.20499816736043224e-07,-1.20499782988415138e-07
1.58262499999999999e+01,1.58262499999999999e+01,3.99249109741546537e-03,-5.04540592131008658e-04,-5.04540380370013743e-04,-8.01493877661869342e-08,-8.01493541266456123e-08,-4.00746770633228128e-08,-1.20224064829509740e-07,-1.20224031189968432e-07
1.58335000000000008e+01,1.58335000000000008e+01,3.98883569165980629e-03,-5.03847837090121153e-04,-5.03847625813598509e-04,-7.99660577197276651e-08,-7.99660241878766563e-08,-3.99830120939383281e-08,-1.19949069813665987e-07,-1.19949036281814991e-07
1.58407499999999999e+01,1.58407499999999999e+01,3.98518530377765887e-03,-5.03156349711042505e-04,-5.03156138917369299e-04,-7.97832306521190799e-08,-7.97831972275180462e-08,-3.98915986137590231e-08,-1.19674829265878090e-07,-1.19674795841277083e-07
1.58480000000000008e+01,1.58480000000000008e+01,3.98153992458899660e-03,-5.02466127094980397e-04,-5.02465916783063644e-04,-7.96009049540631521e-08,-7.96008716363567498e-08,-3.98004358181783815e-08,-1.19401340772241540e-07,-1.19401307454535138e-07
1.58552500000000016e+01,1.58552500000000016e+01,3.97789954493478048e-03,-5.01777166351913273e-04,-5.01776956520367688e-04,-7.94190790222737504e-08,-7.94190458110612405e-08,-3.97095229055306202e-08,-1.19128601927804371e-07,-1.19128568716591861e-07
1.58625000000000007e+01,1.58625000000000007e+01,3.97426415567689404e-03,-5.01089464599313583e-04,-5.01089255246889732e-04,-7.92377512592538437e-08,-7.92377181541569332e-08,-3.96188590770784666e-08,-1.18856610336332304e-07,-1.18856577231235406e-07
1.58697500000000016e+01,1.58697500000000016e+01,3.97063374769809040e-03,-5.00403018962758406e-04,-5.00402810088134971e-04,-7.90569200733723418e-08,-7.90568870740022691e-08,-3.95284435370011345e-08,-1.18585363610373470e-07,-1.18585330611003410e-07
1.58770000000000007e+01,1.58770000000000007e+01,3.96700831190193413e-03,-4.99717826575651891e-04,-4.99717618177481101e-04,-7.88765838788001056e-08,-7.88765509847648663e-08,-3.94382754923824398e-08,-1.18314859371182545e-07,-1.18314826477147306e-07
1.58842500000000015e+01,1.58842500000000015e+01,3.96338783921274321e-03,-4.99033884579169751e-04,-4.99033676656152189e-04,-7.86967410954813456e-08,-7.86967083063974988e-08,-3.93483541531987560e-08,-1.18045095248680108e-07,-1.18045062459596248e-07
1.58915000000000006e+01,1.58915000000000006e+01,3.95977232057553603e-03,-4.98351190122370280e-04,-4.98350982673194604e-04,-7.85173901491313995e-08,-7.85173574646145641e-08,-3.92586787323072820e-08,-1.17776068881438675e-07,-1.17776036196921853e-07
1.58987500000000015e+01,1.58987500000000015e+01,3.95616174695596901e-03,-4.97669740362083335e-04,-4.97669533385450887e-04,-7.83385294711995280e-08,-7.83384968908682215e-08,-3.91692484454341108e-08,-1.17507777916633639e-07,-1.17507745336302332e-07
1.59060000000000006e+01,1.59060000000000006e+01,3.95255610934028626e-03,-4.96989532462799311e-04,-4.96989325957536334e-04,-7.81601574988318311e-08,-7.81601250223251381e-08,-3.90800625111625624e-08,-1.17240220009994393e-07,-1.17240187533487701e-07
1.59132500000000014e+01,1.59132500000000014e+01,3.94895539873525887e-03,-4.96310563597113230e-04,-4.96310357561812756e-04,-7.79822726749216331e-08,-7.79822403018428379e-08,-3.89911201509214189e-08,-1.16973392825843059e-07,-1.16973360452764263e-07
1.59205000000000005e+01,1.59205000000000005e+01,3.94535960616812856e-03,-4.95632830945114122e-04,-4.95632625378364844e-04,-7.78048734479939160e-08,-7.78048411779465806e-08,-3.89024205889732903e-08,-1.16707294036967213e-07,-1.16707261766919864e-07
1.59277500000000014e+01,1.59277500000000014e+01,3.94176872268655470e-03,-4.94956331694273999e-04,-4.94956126594974693e-04,-7.76279582721686847e-08,-7.76279261048059756e-08,-3.88139630524029944e-08,-1.16441921324571679e-07,-1.16441889157208970e-07
1.59350000000000005e+01,1.59350000000000005e+01,3.93818273935856149e-03,-4.94281063040058477e-04,-4.94280858407099028e-04,-7.74515256072377827e-08,-7.74514935422122707e-08,-3.87257467711061354e-08,-1.16177272378343918e-07,-1.16177240313318406e-07
1.59422500000000014e+01,1.59422500000000014e+01,3.93460164727247371e-03,-4.93607022185926780e-04,-4.93606818017842323e-04,-7.72755739186452513e-08,-7.72755419555547944e-08,-3.86377709777773972e-08,-1.15913344896422648e-07,-1.15913312933332192e-07
1.59495000000000005e+01,1.59495000000000005e+01,3.93102543753686470e-03,-4.92934206342610093e-04,-4.92934002637934027e-04,-7.71001016773553780e-08,-7.71000698157985355e-08,-3.85500349078992744e-08,-1.15650136585254659e-07,-1.15650104723697817e-07
1.59567500000000013e+01,1.59567500000000013e+01,3.92745410128050604e-03,-4.92262612728000537e-04,-4.92262409485704280e-04,-7.69251073598164328e-08,-7.69250755994611811e-08,-3.84625377997305839e-08,-1.15387645159547017e-07,-1.15387613399191765e-07
1.59640000000000004e+01,1.59640000000000004e+01,3.92388762965230949e-03,-4.91592238568150375e-04,-4.91592035787059519e-04,-7.67505894480981918e-08,-7.67505577885905107e-08,-3.83752788942952554e-08,-1.15125868342393447e-07,-1.15125836682885766e-07
1.59712500000000013e+01,1.59712500000000013e+01,3.92032601382126793e-03,-4.90923081096772407e-04,-4.90922878775458082e-04,-7.65765464297946609e-08,-7.65765148707416992e-08,-3.82882574353708430e-08,-1.14864803865165504e-07,-1.14864772306112542e-07
1.59785000000000004e+01,1.59785000000000004e+01,3.91676924497640685e-03,-4.90255137554462816e-04,-4.90254935691886791e-04,-7.64029767978843021e-08,-7.64029453389550023e-08,-3.82014726694775012e-08,-1.14604449467361810e-07,-1.14604418008432497e-07
1.59857500000000012e+01,1.59857500000000012e+01,3.91321731432672706e-03,-4.89588405190199971e-04,-4.89588203784836664e-04,-7.62298790509450476e-08,-7.62298476917332705e-08,-3.81149238458666353e-08,-1.14344802896811676e-07,-1.14344771537599899e-07
1.59930000000000003e+01,1.59930000000000003e+01,3.90967021310114834e-03,-4.88922881259623576e-04,-4.88922680310279281e-04,-7.60572516928675523e-08,-7.60572204330197413e-08,-3.80286102165098706e-08,-1.14085861909377423e-07,-1.14085830649529612e-07
1.60002500000000012e+01,1.60002500000000012e+01,3.90612793254846305e-03,-4.88258563025978365e-04,-4.88258362531643309e-04,-7.58850932329838244e-08,-7.58850620721758834e-08,-3.79425310360879417e-08,-1.13827624269071760e-07,-1.13827593108263818e-07
1.60075000000000003e+01,1.60075000000000003e+01,3.90259046393727146e-03,-4.87595447760613698e-04,-4.87595247719790274e-04,-7.57134021861264906e-08,-7.57133711239593082e-08,-3.78566855619796541e-08,-1.13570087748106145e-07,-1.13570056685938962e-07
1.60147499999999994e+01,1.60147499999999994e+01,3.89905779855593496e-03,-4.86933532741429254e-04,-4.86933333152991463e-04,-7.55421770723686645e-08,-7.55421461085017468e-08,-3.77710730542508734e-08,-1.13313250126619538e-07,-1.13313219162752620e-07
1.60219999999999985e+01,1.60219999999999985e+01,3.89552992771252183e-03,-4.86272815254096269e-04,-4.86272616116904506e-04,-7.53714164171957490e-08,-7.53713855512872784e-08,-3.76856927756436458e-08,-1.13057109192839388e-07,-1.13057078326930918e-07
1.60292500000000011e+01,1.60292500000000011e+01,3.89200684273474954e-03,-4.85613292591891010e-04,-4.85613093904549420e-04,-7.52011187514611386e-08,-7.52010879831304532e-08,-3.76005439915652266e-08,-1.12801662743026365e-07,-1.12801631974695680e-07
1.60365000000000002e+01,1.60365000000000002e+01,3.88848853496993841e-03,-4.84954962054806593e-04,-4.84954763816286376e-04,-7.50312826112307629e-08,-7.50312519401548918e-08,-3.75156259700774459e-08,-1.12546908581308209e-07,-1.12546877910232338e-07
1.60437500000000028e+01,1.60437500000000028e+01,3.88497499578495300e-03,-4.84297820950829738e-04,-4.84297623159791470e-04,-7.48619065379625780e-08,-7.48618759637712750e-08,-3.74309379818856441e-08,-1.12292844519848222e-07,-1.12292813945656919e-07
1.60510000000000019e+01,1.60510000000000019e+01,3.88146621656615051e-03,-4.83641866594830550e-04,-4.83641669250034283e-04,-7.46929890783170293e-08,-7.46929586006563274e-08,-3.73464793003281637e-08,-1.12039468378645186e-07,-1.12039437900984484e-07
1.60582500000000010e+01,1.60582500000000010e+01,3.87796218871932835e-03,-4.82987096308951092e-04,-4.82986899409254186e-04,-7.45245287841993111e-08,-7.45244984027310720e-08,-3.72622492013655294e-08,-1.11786777985564847e-07,-1.11786747604096595e-07
1.60655000000000001e+01,1.60655000000000001e+01,3.87446290366967160e-03,-4.82333507422771923e-04,-4.82333310966938063e-04,-7.43565242127672805e-08,-7.43564939271397077e-08,-3.71782469635698473e-08,-1.11534771176337134e-07,-1.11534740890709548e-07
1.60727499999999992e+01,1.60727499999999992e+01,3.87096835286169930e-03,-4.81681097272923520e-04,-4.81680901259796783e-04,-7.41889739263538884e-08,-7.41889437362284466e-08,-3.70944718681142299e-08,-1.11283445794468125e-07,-1.11283415604342683e-07
1.60799999999999983e+01,1.60799999999999983e+01,3.86747852775921495e-03,-4.81029863203363828e-04,-4.81029667631743189e-04,-7.40218764924924439e-08,-7.40218463975244304e-08,-3.70109231987622152e-08,-1.11032799691254666e-07,-1.11032769596286652e-07
1.60872500000000009e+01,1.60872500000000009e+01,3.86399341984524931e-03,-4.80379802565267244e-04,-4.80379607433868304e-04,-7.38552304838818209e-08,-7.38552004837145157e-08,-3.69276002418572645e-08,-1.10782830725739085e-07,-1.10782800725571780e-07
1.60945000000000000e+01,1.60945000000000000e+01,3.86051302062201786e-03,-4.79730912716636038e-04,-4.79730718024420509e-04,-7.36890344783095625e-08,-7.36890045726249312e-08,-3.68445022863124656e-08,-1.10533536764622028e-07,-1.10533506858937397e-07
1.61017500000000027e+01,1.61017500000000027e+01,3.85703732161085666e-03,-4.79083191023133015e-04,-4.79082996768780557e-04,-7.35232870587622339e-08,-7.35232572471996787e-08,-3.67616286235998261e-08,-1.10284915682362060e-07,-1.10284885870799505e-07
1.61090000000000018e+01,1.61090000000000018e+01,3.85356631435218155e-03,-4.78436634857082321e-04,-4.78436441039441457e-04,-7.33579868132548645e-08,-7.33579570954805353e-08,-3.66789785477402677e-08,-1.10036965360995132e-07,-1.10036935643220803e-07
1.61162500000000009e+01,1.61162500000000009e+01,3.85009999040543047e-03,-4.77791241598024552e-04,-4.77791048215984516e-04,-7.31931323348989484e-08,-7.31931027105860361e-08,-3.65965513552930247e-08,-1.09789683690191980e-07,-1.09789654065879067e-07
1.61234999999999999e+01,1.61234999999999999e+01,3.84663834134901100e-03,-4.77147008632772263e-04,-4.77146815685057328e-04,-7.30287222218937891e-08,-7.30286926906909868e-08,-3.65143463453454868e-08,-1.09543068567239276e-07,-1.09543039036036474e-07
1.61307499999999990e+01,1.61307499999999990e+01,3.84318135878025614e-03,-4.76503933354799347e-04,-4.76503740840352309e-04,-7.28647550774158821e-08,-7.28647256390061480e-08,-3.64323628195030674e-08,-1.09297117896918956e-07,-1.09297088458509209e-07
1.61379999999999981e+01,1.61379999999999981e+01,3.83972903431536701e-03,-4.75862013164962683e-04,-4.75861821082583655e-04,-7.27012295097126049e-08,-7.27012001637578272e-08,-3.63506000818789136e-08,-1.09051829591591518e-07,-1.09051800245636741e-07
1.61452500000000008e+01,1.61452500000000008e+01,3.83628135958936347e-03,-4.75221245470947018e-04,-4.75221053819465549e-04,-7.25381441320002020e-08,-7.25381148781675498e-08,-3.62690574390837881e-08,-1.08807201571083990e-07,-1.08807172317251338e-07
1.61525000000000034e+01,1.61525000000000034e+01,3.83283832625603595e-03,-4.74581627687487018e-04,-4.74581436465690753e-04,-7.23754975624810968e-08,-7.23754684004321671e-08,-3.61877342002160836e-08,-1.08563231762697180e-07,-1.08563202600648251e-07
1.61597500000000025e+01,1.61597500000000025e+01,3.82939992598789383e-03,-4.73943157236145218e-04,-4.73942966442908269e-04,-7.22132884242932147e-08,-7.22132593537035542e-08,-3.61066296768517705e-08,-1.08319918101144985e-07,-1.08319889030555325e-07
1.61670000000000016e+01,1.61670000000000016e+01,3.82596615047611300e-03,-4.73305831545478561e-04,-4.73305641179700949e-04,-7.20515153455186919e-08,-7.20514863660685457e-08,-3.60257431830342662e-08,-1.08077258528552958e-07,-1.08077229549102812e-07
1.61742500000000007e+01,1.61742500000000007e+01,3.82253699143048509e-03,-4.72669648051093905e-04,-4.72669458111564360e-04,-7.18901769591757754e-08,-7.18901480705292420e-08,-3.59450740352646210e-08,-1.07835250994440390e-07,-1.07835222105793856e-07
1.61814999999999998e+01,1.61814999999999998e+01,3.81911244057937240e-03,-4.72034604195259444e-04,-4.72034414680885253e-04,-7.17292719031431860e-08,-7.17292431049831441e-08,-3.58646215524915787e-08,-1.07593893455634758e-07,-1.07593864657474716e-07
1.61887499999999989e+01,1.61887499999999989e+01,3.81569248966965452e-03,-4.71400697427348803e-04,-4.71400508336919724e-04,-7.15687988202112310e-08,-7.15687701122034733e-08,-3.57843850561017433e-08,-1.07353183876312968e-07,-1.07353155168305210e-07
1.61960000000000015e+01,1.61960000000000015e+01,3.81227713046667499e-03,-4.70767925203396942e-04,-4.70767736535771149e-04,-7.14087563579978823e-08,-7.14087277398193715e-08,-3.57043638699096725e-08,-1.07113120227907555e-07,-1.07113091609729044e-07
1.62032500000000006e+01,1.62032500000000006e+01,3.80886635475420447e-03,-4.70136284986211184e-04,-4.70136096740370502e-04,-7.12491431689495432e-08,-7.12491146402967240e-08,-3.56245573201483554e-08,-1.06873700489097899e-07,-1.06873671960445079e-07
1.62105000000000032e+01,1.62105000000000032e+01,3.80546015433437350e-03,-4.69505774245815299e-04,-4.69505586420452506e-04,-7.10899579103919509e-08,-7.10899294709182146e-08,-3.55449647354591139e-08,-1.06634922645851065e-07,-1.06634894206377329e-07
1.62177500000000023e+01,1.62177500000000023e+01,3.80205852102764039e-03,-4.68876390458394798e-04,-4.68876203052536876e-04,-7.09311992443544558e-08,-7.09311708937645850e-08,-3.54655854468822925e-08,-1.06396784691236755e-07,-1.06396756340646884e-07
1.62250000000000014e+01,1.62250000000000014e+01,3.79866144667272794e-03,-4.68248131107407151e-04,-4.68247944119904792e-04,-7.07728658377218527e-08,-7.07728375756946632e-08,-3.53864187878473316e-08,-1.06159284625569184e-07,-1.06159256363541995e-07
1.62322500000000005e+01,1.62322500000000005e+01,3.79526892312658393e-03,-4.67620993682860142e-04,-4.67620807112579433e-04,-7.06149563621093245e-08,-7.06149281883266892e-08,-3.53074640941633380e-08,-1.05922420456272669e-07,-1.05922392282490021e-07
1.62394999999999996e+01,1.62394999999999996e+01,3.79188094226432740e-03,-4.66994975681533919e-04,-4.66994789527304085e-04,-7.04574694938799381e-08,-7.04574414080189522e-08,-3.52287207040094761e-08,-1.05686190197889408e-07,-1.05686162112028435e-07
1.62467499999999987e+01,1.62467499999999987e+01,3.78849749597920263e-03,-4.66370074606703433e-04,-4.66369888867521531e-04,-7.03004039140871130e-08,-7.03003759158509046e-08,-3.51501879579254589e-08,-1.05450591872012565e-07,-1.05450563873776357e-07
1.62540000000000013e+01,1.62540000000000013e+01,3.78511857618252885e-03,-4.65746287968804573e-04,-4.65746102643352865e-04,-7.01437583085591389e-08,-7.01437303976041171e-08,-3.50718651988020652e-08,-1.05215623507361211e-07,-1.05215595596406189e-07
1.62612500000000004e+01,1.62612500000000004e+01,3.78174417480365514e-03,-4.65123613284157411e-04,-4.65123428371577209e-04,-6.99875313676911762e-08,-6.99875035437436567e-08,-3.49937517718718283e-08,-1.04981283139562998e-07,-1.04981255315615492e-07
1.62685000000000031e+01,1.62685000000000031e+01,3.77837428378990751e-03,-4.64502048076520513e-04,-4.64501863575610141e-04,-6.98317217866635525e-08,-6.98316940493988834e-08,-3.49158470246994417e-08,-1.04747568811362988e-07,-1.04747541074098318e-07
1.62757500000000022e+01,1.62757500000000022e+01,3.77500889510654514e-03,-4.63881589875869693e-04,-4.63881405785483909e-04,-6.96763282652425242e-08,-6.96763006143453314e-08,-3.48381503071726657e-08,-1.04514478572415197e-07,-1.04514450921518004e-07
1.62830000000000013e+01,1.62830000000000013e+01,3.77164800073670784e-03,-4.63262236218786594e-04,-4.63262052537825636e-04,-6.95213495078230919e-08,-6.95213219429855317e-08,-3.47606609714927659e-08,-1.04282010479315858e-07,-1.04281982914478298e-07
1.62902500000000003e+01,1.62902500000000003e+01,3.76829159268137360e-03,-4.62643984648403173e-04,-4.62643801375838134e-04,-6.93667842234053359e-08,-6.93667567443309336e-08,-3.46833783721654602e-08,-1.04050162595570796e-07,-1.04050135116496394e-07
1.62974999999999994e+01,1.62974999999999994e+01,3.76493966295930694e-03,-4.62026832714568236e-04,-4.62026649849278377e-04,-6.92126311256040116e-08,-6.92126037319832165e-08,-3.46063018659916149e-08,-1.03818932991595627e-07,-1.03818905597974831e-07
1.63047499999999985e+01,1.63047499999999985e+01,3.76159220360701343e-03,-4.61410777973514374e-04,-4.61410595514437664e-04,-6.90588889325833416e-08,-6.90588616241161054e-08,-3.45294308120580593e-08,-1.03588319744641401e-07,-1.03588292436174165e-07
1.63120000000000012e+01,1.63120000000000012e+01,3.75824920667869062e-03,-4.60795817988024492e-04,-4.60795635934120910e-04,-6.89055563670666238e-08,-6.89055291434568952e-08,-3.44527645717284542e-08,-1.03358320938795085e-07,-1.03358293715185356e-07
1.63192500000000003e+01,1.63192500000000003e+01,3.75491066424618646e-03,-4.60181950327487321e-04,-4.60181768677627508e-04,-6.87526321563295609e-08,-6.87526050172686229e-08,-3.43763025086343181e-08,-1.03128934664963872e-07,-1.03128907525902934e-07
1.63265000000000029e+01,1.63265000000000029e+01,3.75157656839894115e-03,-4.59569172567675377e-04,-4.59568991320728943e-04,-6.86001150321517154e-08,-6.86000879773314202e-08,-3.43000439886657101e-08,-1.02900159020817419e-07,-1.02900131965997137e-07
1.63337500000000020e+01,1.63337500000000020e+01,3.74824691124395464e-03,-4.58957482290689445e-04,-4.58957301445651390e-04,-6.84480037307934143e-08,-6.84479767599250426e-08,-3.42239883799625279e-08,-1.02671992110755942e-07,-1.02671965139887571e-07
1.63410000000000011e+01,1.63410000000000011e+01,3.74492168490572720e-03,-4.58346877085236137e-04,-4.58346696641053430e-04,-6.82962969930221528e-08,-6.82962701058105004e-08,-3.41481350529052502e-08,-1.02444432045927403e-07,-1.02444405158715751e-07
1.63482500000000002e+01,1.63482500000000002e+01,3.74160088152621908e-03,-4.57737354546461361e-04,-4.57737174502007135e-04,-6.81449935640728233e-08,-6.81449667602123628e-08,-3.40724833801061814e-08,-1.02217476944178998e-07,-1.02217450140318538e-07
1.63554999999999993e+01,1.63554999999999993e+01,3.73828449326480414e-03,-4.57128912275728272e-04,-4.57128732629978227e-04,-6.79940921935997921e-08,-6.79940654728009971e-08,-3.39970327364004986e-08,-1.01991124930000291e-07,-1.01991098209201496e-07
1.63627499999999984e+01,1.63627499999999984e+01,3.73497251229822167e-03,-4.56521547880950340e-04,-4.56521368632805855e-04,-6.78435916357118395e-08,-6.78435649976747677e-08,-3.39217824988373838e-08,-1.01765374134549217e-07,-1.01765347496512158e-07
1.63700000000000010e+01,1.63700000000000010e+01,3.73166493082052915e-03,-4.55915258976313797e-04,-4.55915080124682810e-04,-6.76934906489159512e-08,-6.76934640933423542e-08,-3.38467320466711903e-08,-1.01540222695587142e-07,-1.01540196140013545e-07
1.63772500000000001e+01,1.63772500000000001e+01,3.72836174104306450e-03,-4.55310043182111102e-04,-4.55309864726137091e-04,-6.75437879960783147e-08,-6.75437615227055992e-08,-3.37718807613527996e-08,-1.01315668757431121e-07,-1.01315642284058405e-07
1.63845000000000027e+01,1.63845000000000027e+01,3.72506293519438755e-03,-4.54705898125573604e-04,-4.54705720064010118e-04,-6.73944824445329915e-08,-6.73944560530413497e-08,-3.36972280265206748e-08,-1.01091710471053666e-07,-1.01091684079562025e-07
1.63917500000000018e+01,1.63917500000000018e+01,3.72176850552024315e-03,-4.54102821439539284e-04,-4.54102643771439000e-04,-6.72455727658699869e-08,-6.72455464559846490e-08,-3.36227732279923245e-08,-1.00868345993862305e-07,-1.00868319683976980e-07
1.63990000000000009e+01,1.63990000000000009e+01,3.71847844428351438e-03,-4.53500810763562967e-04,-4.53500633487836371e-04,-6.70970577360852931e-08,-6.70970315075110948e-08,-3.35485157537555474e-08,-1.00645573489840847e-07,-1.00645547261266636e-07
1.64062500000000000e+01,1.64062500000000000e+01,3.71519274376417219e-03,-4.52899863743361220e-04,-4.52899686858870495e-04,-6.69489361354843019e-08,-6.69489099879196465e-08,-3.34744549939598298e-08,-1.00423391129444132e-07,-1.00423364981879476e-07
1.64134999999999991e+01,1.64134999999999991e+01,3.71191139625923726e-03,-4.52299978030534788e-04,-4.52299801536447106e-04,-6.68012067486265619e-08,-6.68011806818155659e-08,-3.34005903409077830e-08,-1.00201797089534338e-07,-1.00201771022723356e-07
1.64207499999999982e+01,1.64207499999999982e+01,3.70863439408273014e-03,-4.51701151283401270e-04,-4.51700975178689239e-04,-6.66538683644345029e-08,-6.66538423780931854e-08,-3.33269211890465927e-08,-9.99807895534810956e-08,-9.99807635671397782e-08
1.64280000000000008e+01,1.64280000000000008e+01,3.70536172956562613e-03,-4.51103381166439998e-04,-4.51103205449917936e-04,-6.65069197760972187e-08,-6.65068938699189009e-08,-3.32534469349594438e-08,-9.97603667110566626e-08,-9.97603408048783447e-08
1.64352499999999999e+01,1.64352499999999999e+01,3.70209339505581580e-03,-4.50506665349903468e-04,-4.50506490020634407e-04,-6.63603597809990911e-08,-6.63603339547144428e-08,-3.31801669773572148e-08,-9.95405267583563059e-08,-9.95405009320716576e-08
1.64425000000000026e+01,1.64425000000000026e+01,3.69882938291805127e-03,-4.49911001510594488e-04,-4.49910826567498942e-04,-6.62141871808202558e-08,-6.62141614341396051e-08,-3.31070807170698025e-08,-9.93212678978900583e-08,-9.93212421512094076e-08
1.64497500000000016e+01,1.64497500000000016e+01,3.69556968553391143e-03,-4.49316387331255562e-04,-4.49316212773314002e-04,-6.60684007814327087e-08,-6.60683751140758862e-08,-3.30341875570379431e-08,-9.91025883384706584e-08,-9.91025626711138227e-08
1.64570000000000007e+01,1.64570000000000007e+01,3.69231429530174913e-03,-4.48722820500846442e-04,-4.48722646327003559e-04,-6.59229993929271994e-08,-6.59229738046093902e-08,-3.29614869023046951e-08,-9.88844862952318945e-08,-9.88844607069140853e-08
1.64642499999999998e+01,1.64642499999999998e+01,3.68906320463665031e-03,-4.48130298714266573e-04,-4.48130124923595103e-04,-6.57779818295585176e-08,-6.57779563200143887e-08,-3.28889781600072010e-08,-9.86669599895657252e-08,-9.86669344800215831e-08
1.64714999999999989e+01,1.64714999999999989e+01,3.68581640597039290e-03,-4.47538819672632648e-04,-4.47538646264200991e-04,-6.56333469097725724e-08,-6.56333214787367510e-08,-3.28166607393683755e-08,-9.84500076491409413e-08,-9.84499822181051331e-08
1.64787500000000016e+01,1.64787500000000016e+01,3.68257389175139600e-03,-4.46948381083389634e-04,-4.46948208055998879e-04,-6.54890934562086547e-08,-6.54890681033772281e-08,-3.27445340516886074e-08,-9.82336275078972621e-08,-9.82336021550658355e-08
1.64860000000000007e+01,1.64860000000000007e+01,3.67933565444468307e-03,-4.46358980659478100e-04,-4.46358808012214372e-04,-6.53452202955639391e-08,-6.53451950206754123e-08,-3.26725975103377061e-08,-9.80178178059016453e-08,-9.80177925310131184e-08
1.64932500000000033e+01,1.64932500000000033e+01,3.67610168653183288e-03,-4.45770616120166885e-04,-4.45770443852100970e-04,-6.52017262587016919e-08,-6.52017010614929288e-08,-3.26008505307464644e-08,-9.78025767894481563e-08,-9.78025515922393932e-08
1.65005000000000024e+01,1.65005000000000024e+01,3.67287198051094010e-03,-4.45183285190942080e-04,-4.45183113300922934e-04,-6.50586101806215325e-08,-6.50585850607975803e-08,-3.25292925303987901e-08,-9.75879027110203160e-08,-9.75878775911963771e-08
1.65077500000000015e+01,1.65077500000000015e+01,3.66964652889656493e-03,-4.44596985602785377e-04,-4.44596814089935285e-04,-6.49158709003401869e-08,-6.49158458576466975e-08,-3.24579229288233554e-08,-9.73737938291635423e-08,-9.73737687864700529e-08
1.65150000000000006e+01,1.65150000000000006e+01,3.66642532421970020e-03,-4.44011715093062254e-04,-4.44011543956366944e-04,-6.47735072610081138e-08,-6.47734822951714162e-08,-3.23867411475857015e-08,-9.71602484085938218e-08,-9.71602234427571110e-08
1.65222499999999997e+01,1.65222499999999997e+01,3.66320835902771667e-03,-4.43427471405022366e-04,-4.43427300643401106e-04,-6.46315181098228554e-08,-6.46314932205601729e-08,-3.23157466102800931e-08,-9.69472647201029484e-08,-9.69472398308402660e-08
1.65294999999999987e+01,1.65294999999999987e+01,3.65999562588432839e-03,-4.42844252287577511e-04,-4.42844081900157734e-04,-6.44899022979835759e-08,-6.44898774850431413e-08,-3.22449387425215640e-08,-9.67348410405051466e-08,-9.67348162275647119e-08
1.65367500000000014e+01,1.65367500000000014e+01,3.65678711736954582e-03,-4.42262055495967754e-04,-4.42261885481675125e-04,-6.43486586807746531e-08,-6.43486339438758998e-08,-3.21743169719379565e-08,-9.65229756527126162e-08,-9.65229509158138497e-08
1.65440000000000005e+01,1.65440000000000005e+01,3.65358282607963596e-03,-4.41680878790984277e-04,-4.41680709148892128e-04,-6.42077861174395229e-08,-6.42077614563240133e-08,-3.21038807281620067e-08,-9.63116668456015296e-08,-9.63116421844860200e-08
1.65512500000000031e+01,1.65512500000000031e+01,3.65038274462707547e-03,-4.41100719939468977e-04,-4.41100550668629228e-04,-6.40672834712399590e-08,-6.40672588856467276e-08,-3.20336294428233638e-08,-9.61009129140633162e-08,-9.61008883284700981e-08
1.65585000000000022e+01,1.65585000000000022e+01,3.64718686564051344e-03,-4.40521576714203444e-04,-4.40521407813571628e-04,-6.39271496094270221e-08,-6.39271250990817228e-08,-3.19635625495408680e-08,-9.58907121589678967e-08,-9.58906876486225974e-08
1.65657500000000013e+01,1.65657500000000013e+01,3.64399518176472103e-03,-4.39943446893575896e-04,-4.39943278362249903e-04,-6.37873834031795173e-08,-6.37873589678290593e-08,-3.18936794839145297e-08,-9.56810628870940404e-08,-9.56810384517435824e-08
1.65730000000000004e+01,1.65730000000000004e+01,3.64080768566055766e-03,-4.39366328262025263e-04,-4.39366160099023402e-04,-6.36479837276554653e-08,-6.36479593670358258e-08,-3.18239796835179195e-08,-9.54719634111733848e-08,-9.54719390505537453e-08
1.65802499999999995e+01,1.65802499999999995e+01,3.63762437000492243e-03,-4.38790218609763638e-04,-4.38790050814061609e-04,-6.35089494619389900e-08,-6.35089251757805743e-08,-3.17544625878902805e-08,-9.52634120498292639e-08,-9.52633877636708482e-08
1.65874999999999986e+01,1.65874999999999986e+01,3.63444522749071727e-03,-4.38215115732665250e-04,-4.38214948303326899e-04,-6.33702794890112422e-08,-6.33702552770578360e-08,-3.16851276385289246e-08,-9.50554071275401668e-08,-9.50553829155867606e-08
1.65947500000000012e+01,1.65947500000000012e+01,3.63127025082679838e-03,-4.37641017432432999e-04,-4.37640850368556107e-04,-6.32319726957618471e-08,-6.32319485577627023e-08,-3.16159742788813511e-08,-9.48479469746431916e-08,-9.48479228366440468e-08
1.66020000000000003e+01,1.66020000000000003e+01,3.62809943273794625e-03,-4.37067921516570701e-04,-4.37067754817244429e-04,-6.30940279729720568e-08,-6.30940039086757766e-08,-3.15470019543378883e-08,-9.46410299273099451e-08,-9.46410058630136649e-08
1.66092500000000030e+01,1.66092500000000030e+01,3.62493276596480675e-03,-4.36495825798577375e-04,-4.36495659462625472e-04,-6.29564442153299438e-08,-6.29564202244474253e-08,-3.14782101122237126e-08,-9.44346543275536498e-08,-9.44346303366711313e-08
1.66165000000000020e+01,1.66165000000000020e+01,3.62177024326386680e-03,-4.35924728097086822e-04,-4.35924562123656185e-04,-6.28192203212937637e-08,-6.28191964035831260e-08,-3.14095982017915630e-08,-9.42288185230853201e-08,-9.42287946053746956e-08
1.66237500000000011e+01,1.66237500000000011e+01,3.61861185740740016e-03,-4.35354626236755804e-04,-4.35354460624997339e-04,-6.26823551932074169e-08,-6.26823313484279174e-08,-3.13411656742139587e-08,-9.40235208674213756e-08,-9.40234970226418761e-08
1.66310000000000002e+01,1.66310000000000002e+01,3.61545760118343450e-03,-4.34785518048041997e-04,-4.34785352796997703e-04,-6.25458477372558731e-08,-6.25458239651516416e-08,-3.12729119825758274e-08,-9.38187597198317072e-08,-9.38187359477274757e-08
1.66382499999999993e+01,1.66382499999999993e+01,3.61230746739570410e-03,-4.34217401367065214e-04,-4.34217236475675555e-04,-6.24096968634326400e-08,-6.24096731637337908e-08,-3.12048365818668954e-08,-9.36145334452995354e-08,-9.36145097456006861e-08
1.66454999999999984e+01,1.66454999999999984e+01,3.60916144886361300e-03,-4.33650274035274341e-04,-4.33650109502702042e-04,-6.22739014854794389e-08,-6.22738778579486570e-08,-3.11369389289743285e-08,-9.34108404144537674e-08,-9.34108167869229855e-08
1.66527500000000011e+01,1.66527500000000011e+01,3.60601953842219162e-03,-4.33084133900113466e-04,-4.33083969725383666e-04,-6.21384605209696769e-08,-6.21384369653504172e-08,-3.10692184826752086e-08,-9.32076790036448855e-08,-9.32076554480256258e-08
1.66600000000000001e+01,1.66600000000000001e+01,3.60288172892206078e-03,-4.32518978814439015e-04,-4.32518814996645971e-04,-6.20033728912123616e-08,-6.20033494072585743e-08,-3.10016747036292872e-08,-9.30050475948416487e-08,-9.30050241108878615e-08
1.66672500000000028e+01,1.66672500000000028e+01,3.59974801322938140e-03,-4.31954806636880573e-04,-4.31954643175014568e-04,-6.18686375212914486e-08,-6.18686141087427770e-08,-3.09343070543713885e-08,-9.28029445756628304e-08,-9.28029211631141589e-08
1.66745000000000019e+01,1.66745000000000019e+01,3.59661838422582541e-03,-4.31391615231369041e-04,-4.31391452124600444e-04,-6.17342533399862468e-08,-6.17342299986086716e-08,-3.08671149993043358e-08,-9.26013683392905826e-08,-9.26013449979130074e-08
1.66817500000000010e+01,1.66817500000000010e+01,3.59349283480852721e-03,-4.30829402467719502e-04,-4.30829239715081096e-04,-6.16002192798425426e-08,-6.16001960093829201e-08,-3.08000980046914600e-08,-9.24003172845340027e-08,-9.24002940140743801e-08
1.66890000000000001e+01,1.66890000000000001e+01,3.59037135789004418e-03,-4.30268166221103865e-04,-4.30268003821684269e-04,-6.14665342770850250e-08,-6.14665110772987611e-08,-3.07332555386493805e-08,-9.21997898157344121e-08,-9.21997666159481350e-08
1.66962499999999991e+01,1.66962499999999991e+01,3.58725394639832201e-03,-4.29707904372328420e-04,-4.29707742325171477e-04,-6.13331972716449987e-08,-6.13331741422816761e-08,-3.06665870711408380e-08,-9.19997843427858302e-08,-9.19997612134225075e-08
1.67034999999999982e+01,1.67034999999999982e+01,3.58414059327664611e-03,-4.29148614807667306e-04,-4.29148453111820435e-04,-6.12002072071245053e-08,-6.12001841479347786e-08,-3.06000920739673827e-08,-9.18002992810918945e-08,-9.18002762219021546e-08
1.67107500000000009e+01,1.67107500000000009e+01,3.58103129148360996e-03,-4.28590295418779244e-04,-4.28590134073409020e-04,-6.10675630307725392e-08,-6.10675400415245993e-08,-3.05337700207622997e-08,-9.16013330515348389e-08,-9.16013100622868990e-08
1.67180000000000000e+01,1.67180000000000000e+01,3.57792603399307348e-03,-4.28032944102957336e-04,-4.28032783107198673e-04,-6.09352636935088183e-08,-6.09352407739668858e-08,-3.04676203869834429e-08,-9.14028840804922612e-08,-9.14028611609503286e-08
1.67252500000000026e+01,1.67252500000000026e+01,3.57482481379411618e-03,-4.27476558763045800e-04,-4.27476398115916412e-04,-6.08033081498998814e-08,-6.08032852998120565e-08,-3.04016426499060282e-08,-9.12049507998059163e-08,-9.12049279497180914e-08
1.67325000000000017e+01,1.67325000000000017e+01,3.57172762389100854e-03,-4.26921137307162413e-04,-4.26920977007740402e-04,-6.06716953581079088e-08,-6.06716725772314240e-08,-3.03358362886157120e-08,-9.10075316467236142e-08,-9.10075088658471425e-08
1.67397500000000008e+01,1.67397500000000008e+01,3.56863445730316300e-03,-4.26366677648865045e-04,-4.26366517696281368e-04,-6.05404242799026472e-08,-6.05404015680027948e-08,-3.02702007840013908e-08,-9.08106250639040380e-08,-9.08106023520041856e-08
1.67469999999999999e+01,1.67469999999999999e+01,3.56554530706510060e-03,-4.25813177707207169e-04,-4.25813018100567361e-04,-6.04094938806575316e-08,-6.04094712374965470e-08,-3.02047356187482735e-08,-9.06142294994058117e-08,-9.06142068562448271e-08
1.67542499999999990e+01,1.67542499999999990e+01,3.56246016622640931e-03,-4.25260635406654597e-04,-4.25260476145027002e-04,-6.02789031293263260e-08,-6.02788805546617062e-08,-3.01394402773308531e-08,-9.04183434066571790e-08,-9.04183208319925592e-08
1.67615000000000016e+01,1.67615000000000016e+01,3.55937902785170325e-03,-4.24709048677002210e-04,-4.24708889759472955e-04,-6.01486509984195517e-08,-6.01486284920118379e-08,-3.00743142460059190e-08,-9.02229652444254707e-08,-9.02229427380177569e-08
1.67687500000000007e+01,1.67687500000000007e+01,3.55630188502059240e-03,-4.24158415453346205e-04,-4.24158256879086687e-04,-6.00187364639892148e-08,-6.00187140256116007e-08,-3.00093570128057937e-08,-9.00280934767950152e-08,-9.00280710384174010e-08
1.67760000000000034e+01,1.67760000000000034e+01,3.55322873082762917e-03,-4.23608733676333893e-04,-4.23608575444400152e-04,-5.98891585056524431e-08,-5.98891361350623067e-08,-2.99445680675311467e-08,-8.98337265731835898e-08,-8.98337042025934534e-08
1.67832500000000024e+01,1.67832500000000024e+01,3.55015955838228507e-03,-4.23060001291691856e-04,-4.23059843401282179e-04,-5.97599161065135197e-08,-5.97598938034888721e-08,-2.98799469017444361e-08,-8.96398630082579558e-08,-8.96398407052333082e-08
1.67905000000000015e+01,1.67905000000000015e+01,3.54709436080890032e-03,-4.22512216250781059e-04,-4.22512058700920152e-04,-5.96310082532307324e-08,-5.96309860175255900e-08,-2.98154930087628016e-08,-8.94465012619935341e-08,-8.94464790262883917e-08
1.67977500000000006e+01,1.67977500000000006e+01,3.54403313124664965e-03,-4.21965376509958467e-04,-4.21965219299804989e-04,-5.95024339359149679e-08,-5.95024117673028222e-08,-2.97512058836514078e-08,-8.92536398195663691e-08,-8.92536176509542300e-08
1.68049999999999997e+01,1.68049999999999997e+01,3.54097586284950671e-03,-4.21419480030993387e-04,-4.21419323159715159e-04,-5.93741921481771656e-08,-5.93741700464332749e-08,-2.96870850232166374e-08,-8.90612771713937997e-08,-8.90612550696499090e-08
1.68122499999999988e+01,1.68122499999999988e+01,3.53792254878620115e-03,-4.20874524781067461e-04,-4.20874368247700517e-04,-5.92462818871170346e-08,-5.92462598519986380e-08,-2.96231299259993157e-08,-8.88694118131163536e-08,-8.88693897779979570e-08
1.68195000000000014e+01,1.68195000000000014e+01,3.53487318224017999e-03,-4.20330508732386088e-04,-4.20330352536065833e-04,-5.91187021532570584e-08,-5.91186801845359135e-08,-2.95593400922679568e-08,-8.86780422455250086e-08,-8.86780202768038703e-08
1.68267500000000005e+01,1.68267500000000005e+01,3.53182775640958077e-03,-4.19787429862400474e-04,-4.19787274002357015e-04,-5.89914519505627637e-08,-5.89914300480244587e-08,-2.94957150240122326e-08,-8.84871669745749963e-08,-8.84871450720366979e-08
1.68340000000000032e+01,1.68340000000000032e+01,3.52878626450717388e-03,-4.19245286154085184e-04,-4.19245130629342197e-04,-5.88645302864704541e-08,-5.88645084498720560e-08,-2.94322542249360280e-08,-8.82967845114064887e-08,-8.82967626748080906e-08
1.68412500000000023e+01,1.68412500000000023e+01,3.52574869976034558e-03,-4.18704075595299763e-04,-4.18703920404999048e-04,-5.87379361717865195e-08,-5.87379144009022411e-08,-2.93689572004511172e-08,-8.81068933722376334e-08,-8.81068716013533616e-08
1.68485000000000014e+01,1.68485000000000014e+01,3.52271505541104299e-03,-4.18163796179149561e-04,-4.18163641322496669e-04,-5.86116686207270874e-08,-5.86116469153405779e-08,-2.93058234576702890e-08,-8.79174920783973763e-08,-8.79174703730108669e-08
1.68557500000000005e+01,1.68557500000000005e+01,3.51968532471574847e-03,-4.17624445904041242e-04,-4.17624291380181659e-04,-5.84857266509148930e-08,-5.84857050108018608e-08,-2.92428525054009304e-08,-8.77285791563158267e-08,-8.77285575162027879e-08
1.68629999999999995e+01,1.68629999999999995e+01,3.51665950094543498e-03,-4.17086022773627274e-04,-4.17085868581561420e-04,-5.83601092833604062e-08,-5.83600877082767933e-08,-2.91800438541383967e-08,-8.75401531374988062e-08,-8.75401315624151867e-08
1.68702499999999986e+01,1.68702499999999986e+01,3.51363757738553176e-03,-4.16548524796306330e-04,-4.16548370935289304e-04,-5.82348155423811718e-08,-5.82347940321190713e-08,-2.91173970160595290e-08,-8.73522125584406976e-08,-8.73521910481786037e-08
1.68775000000000013e+01,1.68775000000000013e+01,3.51061954733588796e-03,-4.16011949985944929e-04,-4.16011796455148888e-04,-5.81098444556919057e-08,-5.81098230100322867e-08,-2.90549115050161434e-08,-8.71647559607080490e-08,-8.71647345150484301e-08
1.68847500000000004e+01,1.68847500000000004e+01,3.50760540411073490e-03,-4.15476296361488862e-04,-4.15476143160039071e-04,-5.79851950543394255e-08,-5.79851736730572089e-08,-2.89925868365286012e-08,-8.69777818908680266e-08,-8.69777605095858101e-08
1.68920000000000030e+01,1.68920000000000030e+01,3.50459514103864528e-03,-4.14941561946935433e-04,-4.14941409073957431e-04,-5.78608663726879006e-08,-5.78608450555585434e-08,-2.89304225277792684e-08,-8.67912889004671723e-08,-8.67912675833378151e-08
1.68992500000000021e+01,1.68992500000000021e+01,3.50158875146250369e-03,-4.14407744771361219e-04,-4.14407592225986721e-04,-5.77368574484121684e-08,-5.77368361952125104e-08,-2.88684180976062552e-08,-8.66052755460184203e-08,-8.66052542928187689e-08
1.69065000000000012e+01,1.69065000000000012e+01,3.49858622873946111e-03,-4.13874842868811044e-04,-4.13874690650277801e-04,-5.76131673224716218e-08,-5.76131461329937429e-08,-2.88065730664968714e-08,-8.64197403889684999e-08,-8.64197191994906209e-08
1.69137500000000003e+01,1.69137500000000003e+01,3.49558756624090668e-03,-4.13342854278603289e-04,-4.13342702386035809e-04,-5.74897950391420391e-08,-5.74897739131627659e-08,-2.87448869565813797e-08,-8.62346819957234254e-08,-8.62346608697441390e-08
1.69209999999999994e+01,1.69209999999999994e+01,3.49259275735242219e-03,-4.12811777045024586e-04,-4.12811625477503953e-04,-5.73667396459626181e-08,-5.73667185832532187e-08,-2.86833592916266094e-08,-8.60500989375892308e-08,-8.60500778748798247e-08
1.69282499999999985e+01,1.69282499999999985e+01,3.48960179547375474e-03,-4.12281609217107770e-04,-4.12281457973949473e-04,-5.72440001936945640e-08,-5.72439791940593870e-08,-2.86219895970296902e-08,-8.58659897907242575e-08,-8.58659687910890804e-08
1.69355000000000011e+01,1.69355000000000011e+01,3.48661467401877295e-03,-4.11752348849381278e-04,-4.11752197929647536e-04,-5.71215757364147990e-08,-5.71215547996234845e-08,-2.85607773998117423e-08,-8.56823531362265446e-08,-8.56823321994352301e-08
1.69427500000000002e+01,1.69427500000000002e+01,3.48363138641543833e-03,-4.11223994000925464e-04,-4.11223843403867527e-04,-5.69994653313745015e-08,-5.69994444572234109e-08,-2.84997222286117021e-08,-8.54991875599862070e-08,-8.54991666858351097e-08
1.69500000000000028e+01,1.69500000000000028e+01,3.48065192610575889e-03,-4.10696542736177506e-04,-4.10696392460856456e-04,-5.68776680391003063e-08,-5.68776472273599201e-08,-2.84388236136799634e-08,-8.53164916527802631e-08,-8.53164708410398769e-08
1.69572500000000019e+01,1.69572500000000019e+01,3.47767628654576354e-03,-4.10169993124209764e-04,-4.10169843169825676e-04,-5.67561829232841309e-08,-5.67561621737446827e-08,-2.83780810868723414e-08,-8.51342640101564723e-08,-8.51342432606170241e-08
1.69645000000000010e+01,1.69645000000000010e+01,3.47470446120545871e-03,-4.09644343239118358e-04,-4.09644193604934842e-04,-5.66350090508265397e-08,-5.66349883632875144e-08,-2.83174941816437572e-08,-8.49525032324703002e-08,-8.49524825449312682e-08
1.69717500000000001e+01,1.69717500000000001e+01,3.47173644356879715e-03,-4.09119591160106433e-04,-4.09119441845277865e-04,-5.65141454918381666e-08,-5.65141248660844045e-08,-2.82570624330422056e-08,-8.47712079248803788e-08,-8.47711872991266167e-08
1.69789999999999992e+01,1.69789999999999992e+01,3.46877222713363803e-03,-4.08595734971206603e-04,-4.08595585974867574e-04,-5.63935913195910108e-08,-5.63935707554051157e-08,-2.81967853777025545e-08,-8.45903766972935687e-08,-8.45903561331076669e-08
1.69862499999999983e+01,1.69862499999999983e+01,3.46581180541171525e-03,-4.08072772761253200e-04,-4.08072624082621619e-04,-5.62733456105045202e-08,-5.62733251076810534e-08,-2.81366625538405300e-08,-8.44100081643450535e-08,-8.44099876615215800e-08
1.69935000000000009e+01,1.69935000000000009e+01,3.46285517192859889e-03,-4.07550702624132066e-04,-4.07550554262347240e-04,-5.61534074441699698e-08,-5.61533870024931431e-08,-2.80766935012465683e-08,-8.42301009454165381e-08,-8.42300805037397114e-08
1.70007500000000000e+01,1.70007500000000000e+01,3.45990232022366524e-03,-4.07029522658391985e-04,-4.07029374612727715e-04,-5.60337759032868290e-08,-5.60337555225598462e-08,-2.80168777612799231e-08,-8.40506536645667521e-08,-8.40506332838397694e-08
1.70079999999999991e+01,1.70079999999999991e+01,3.45695324385005302e-03,-4.06509230967688762e-04,-4.06509083237306364e-04,-5.59144500737138742e-08,-5.59144297537248976e-08,-2.79572148768624422e-08,-8.38716649505763164e-08,-8.38716446305873399e-08
1.70152500000000018e+01,1.70152500000000018e+01,3.45400793637463304e-03,-4.05989825660452164e-04,-4.05989678244472784e-04,-5.57954290444132979e-08,-5.57954087849454607e-08,-2.78977043924727270e-08,-8.36931334368860282e-08,-8.36931131774181910e-08
1.70225000000000009e+01,1.70225000000000009e+01,3.45106639137797606e-03,-4.05471304849719383e-04,-4.05471157747449077e-04,-5.56767119074180916e-08,-5.56766917082803812e-08,-2.78383458541401939e-08,-8.35150577615582822e-08,-8.35150375624205784e-08
1.70297499999999999e+01,1.70297499999999999e+01,3.44812860245431252e-03,-4.04953666653690147e-04,-4.04953519864274293e-04,-5.55582977578981935e-08,-5.55582776188779915e-08,-2.77791388094390023e-08,-8.33374365673371958e-08,-8.33374164283169938e-08
1.70370000000000026e+01,1.70370000000000026e+01,3.44519456321149649e-03,-4.04436909195199368e-04,-4.04436762717790227e-04,-5.54401856940783001e-08,-5.54401656149644040e-08,-2.77200828074822020e-08,-8.31602685015605054e-08,-8.31602484224466027e-08
1.70442500000000017e+01,1.70442500000000017e+01,3.44226426727098139e-03,-4.03921030601689379e-04,-4.03920884435628571e-04,-5.53223748172243598e-08,-5.53223547978319840e-08,-2.76611773989159920e-08,-8.29835522161403485e-08,-8.29835321967479727e-08
1.70515000000000008e+01,1.70515000000000008e+01,3.43933770826777277e-03,-4.03406029005792810e-04,-4.03405883150194703e-04,-5.52048642317135588e-08,-5.52048442718272130e-08,-2.76024221359136065e-08,-8.28072863676271620e-08,-8.28072664077408228e-08
1.70587499999999999e+01,1.70587499999999999e+01,3.43641487985039832e-03,-4.02891902544610936e-04,-4.02891756998654464e-04,-5.50876530449257692e-08,-5.50876331443392802e-08,-2.75438165721696401e-08,-8.26314696170954126e-08,-8.26314497165089236e-08
1.70660000000000025e+01,1.70660000000000025e+01,3.43349577568087538e-03,-4.02378649359991236e-04,-4.02378504122919843e-04,-5.49707403672718973e-08,-5.49707205257883697e-08,-2.74853602628941782e-08,-8.24561006301660689e-08,-8.24560807886825479e-08
1.70732500000000016e+01,1.70732500000000016e+01,3.43058038943467800e-03,-4.01866267598610660e-04,-4.01866122669635535e-04,-5.48541253121956511e-08,-5.48541055296142256e-08,-2.74270527648071161e-08,-8.22811780770027639e-08,-8.22811582944213450e-08
1.70805000000000007e+01,1.70805000000000007e+01,3.42766871480069653e-03,-4.01354755411753583e-04,-4.01354610790163814e-04,-5.47378069961335575e-08,-5.47377872722644324e-08,-2.73688936361322129e-08,-8.21067006322657638e-08,-8.21066809083966454e-08
1.70877499999999998e+01,1.70877499999999998e+01,3.42476074548120823e-03,-4.00844110955589361e-04,-4.00843966640570984e-04,-5.46217845385432451e-08,-5.46217648731830135e-08,-2.73108824365915101e-08,-8.19326669751347585e-08,-8.19326473097745203e-08
1.70950000000000024e+01,1.70950000000000024e+01,3.42185647519183947e-03,-4.00334332391005798e-04,-4.00334188381613226e-04,-5.45060570618712041e-08,-5.45060374547989823e-08,-2.72530187273994912e-08,-8.17590757892706920e-08,-8.17590561821984702e-08
1.71022500000000015e+01,1.71022500000000015e+01,3.41895589766153842e-03,-3.99825417883109546e-04,-3.99825274178723644e-04,-5.43906236914753227e-08,-5.43906041425151330e-08,-2.71953020712575665e-08,-8.15859257627328859e-08,-8.15859062137726962e-08
1.71095000000000006e+01,1.71095000000000006e+01,3.41605900663253517e-03,-3.99317365602086527e-04,-3.99317222201997144e-04,-5.42754835557325725e-08,-5.42754640646964661e-08,-2.71377320323482298e-08,-8.14132155880808022e-08,-8.14131960970446959e-08
1.71167499999999997e+01,1.71167499999999997e+01,3.41316579586030877e-03,-3.98810173722813355e-04,-3.98810030626177143e-04,-5.41606357859766788e-08,-5.41606163526590055e-08,-2.70803081763295028e-08,-8.12409439623061749e-08,-8.12409245289885083e-08
1.71240000000000023e+01,1.71240000000000023e+01,3.41027625911355338e-03,-3.98303840424690803e-04,-3.98303697630641540e-04,-5.40460795164660461e-08,-5.40460601406585350e-08,-2.70230300703292675e-08,-8.10691095867953169e-08,-8.10690902109877992e-08
1.71312500000000014e+01,1.71312500000000014e+01,3.40739039017415009e-03,-3.97798363891532780e-04,-3.97798221399389966e-04,-5.39318138843595777e-08,-5.39317945658796072e-08,-2.69658972829398036e-08,-8.08977111672993813e-08,-8.08976918488194108e-08
1.71385000000000005e+01,1.71385000000000005e+01,3.40450818283712705e-03,-3.97293742311982667e-04,-3.97293600121028886e-04,-5.38178380297637655e-08,-5.38178187684240951e-08,-2.69089093842120475e-08,-8.07267474139758131e-08,-8.07267281526361426e-08
1.71457499999999996e+01,1.71457499999999996e+01,3.40162963091062689e-03,-3.96789973879346780e-04,-3.96789831988758363e-04,-5.37041510957008338e-08,-5.37041318913002666e-08,-2.68520659456501333e-08,-8.05562170413509737e-08,-8.05561978369503932e-08
1.71530000000000022e+01,1.71530000000000022e+01,3.39875472821587555e-03,-3.96287056791400083e-04,-3.96286915200358566e-04,-5.35907522280731703e-08,-5.35907330804116609e-08,-2.67953665402058304e-08,-8.03861187682789941e-08,-8.03860996206174979e-08
1.71602500000000013e+01,1.71602500000000013e+01,3.39588346858715100e-03,-3.95784989250358432e-04,-3.95784847958176702e-04,-5.34776405756506206e-08,-5.34776214845463216e-08,-2.67388107422731608e-08,-8.02164513179237880e-08,-8.02164322268194757e-08
1.71675000000000004e+01,1.71675000000000004e+01,3.39301584587174600e-03,-3.95283769463183887e-04,-3.95283628469112651e-04,-5.33648152901024572e-08,-5.33647962553655208e-08,-2.66823981276827604e-08,-8.00472134177852175e-08,-8.00471943830482745e-08
1.71747499999999995e+01,1.71747499999999995e+01,3.39015185392993555e-03,-3.94783395641334911e-04,-3.94783254944605958e-04,-5.32522755259545580e-08,-5.32522565473929989e-08,-2.66261282736964994e-08,-7.98784037996510641e-08,-7.98783848210895050e-08
1.71820000000000022e+01,1.71820000000000022e+01,3.38729148663494562e-03,-3.94283866000738614e-04,-3.94283725600622168e-04,-5.31400204405766216e-08,-5.31400015180040726e-08,-2.65700007590020429e-08,-7.97100211995786579e-08,-7.97100022770061089e-08
1.71892500000000013e+01,1.71892500000000013e+01,3.38443473787292419e-03,-3.93785178761929533e-04,-3.93785038657640577e-04,-5.30280491941919870e-08,-5.30280303274150533e-08,-2.65140151637075267e-08,-7.95420643578995103e-08,-7.95420454911225833e-08
1.71965000000000003e+01,1.71965000000000003e+01,3.38158160154289865e-03,-3.93287332149855340e-04,-3.93287192340638944e-04,-5.29163609498422506e-08,-5.29163421386720109e-08,-2.64581710693360021e-08,-7.93745320191782594e-08,-7.93745132080080130e-08
1.72037499999999994e+01,1.72037499999999994e+01,3.37873207155675202e-03,-3.92790324393904600e-04,-3.92790184879081837e-04,-5.28049548733822569e-08,-5.28049361176404238e-08,-2.64024680588202119e-08,-7.92074229322024654e-08,-7.92074041764606390e-08
1.72110000000000021e+01,1.72110000000000021e+01,3.37588614183918605e-03,-3.92294153728184325e-04,-3.92294014506906698e-04,-5.26938301335084404e-08,-5.26938114329943334e-08,-2.63469057164971667e-08,-7.90407358500056005e-08,-7.90407171494915001e-08
1.72182500000000012e+01,1.72182500000000012e+01,3.37304380632769303e-03,-3.91798818390937109e-04,-3.91798679462511325e-04,-5.25829859016716614e-08,-5.25829672562059014e-08,-2.62914836281029540e-08,-7.88744695297746155e-08,-7.88744508843088555e-08
1.72255000000000003e+01,1.72255000000000003e+01,3.37020505897251809e-03,-3.91304316625040727e-04,-3.91304177988739720e-04,-5.24724213521354787e-08,-5.24724027615345242e-08,-2.62362013807672654e-08,-7.87086227329027474e-08,-7.87086041423017863e-08
1.72327499999999993e+01,1.72327499999999993e+01,3.36736989373663054e-03,-3.90810646677813844e-04,-3.90810508332869783e-04,-5.23621356619412425e-08,-5.23621171260165163e-08,-2.61810585630082581e-08,-7.85431942249494974e-08,-7.85431756890247777e-08
1.72400000000000020e+01,1.72400000000000020e+01,3.36453830459568920e-03,-3.90317806800904998e-04,-3.90317668746599652e-04,-5.22521280108844641e-08,-5.22521095294544363e-08,-2.61260547647272182e-08,-7.83781827756116856e-08,-7.83781642941816512e-08
1.72472500000000011e+01,1.72472500000000011e+01,3.36171028553801680e-03,-3.89825795250348106e-04,-3.89825657486035941e-04,-5.21423975815136704e-08,-5.21423791544069360e-08,-2.60711895772034680e-08,-7.82135871587171384e-08,-7.82135687316103973e-08
1.72545000000000002e+01,1.72545000000000002e+01,3.35888583056456009e-03,-3.89334610286812266e-04,-3.89334472811679263e-04,-5.20329435591549616e-08,-5.20329251861779735e-08,-2.60164625930889868e-08,-7.80494061522439450e-08,-7.80493877792669636e-08
1.72617499999999993e+01,1.72617499999999993e+01,3.35606493368885862e-03,-3.88844250175129913e-04,-3.88844112988411819e-04,-5.19237651318403310e-08,-5.19237468128066097e-08,-2.59618734064033049e-08,-7.78856385382436424e-08,-7.78856202192099146e-08
1.72690000000000019e+01,1.72690000000000019e+01,3.35324758893701955e-03,-3.88354713184435596e-04,-3.88354576285484870e-04,-5.18148614903176308e-08,-5.18148432250567044e-08,-2.59074216125283522e-08,-7.77222831028459797e-08,-7.77222648375850533e-08
1.72762500000000010e+01,1.72762500000000010e+01,3.35043379034768388e-03,-3.87865997588415778e-04,-3.87865860976506331e-04,-5.17062318280754805e-08,-5.17062136164067521e-08,-2.58531068082033727e-08,-7.75593386362788499e-08,-7.75593204246101215e-08
1.72835000000000001e+01,1.72835000000000001e+01,3.34762353197198825e-03,-3.87378101665114549e-04,-3.87377965339426398e-04,-5.15978753413085311e-08,-5.15978571830393008e-08,-2.57989285915196504e-08,-7.73968039328281881e-08,-7.73967857745589578e-08
1.72907499999999992e+01,1.72907499999999992e+01,3.34481680787354066e-03,-3.86891023696683822e-04,-3.86890887656526276e-04,-5.14897912288758489e-08,-5.14897731238310655e-08,-2.57448865619155327e-08,-7.72346777907913850e-08,-7.72346596857465949e-08
1.72980000000000018e+01,1.72980000000000018e+01,3.34201361212838575e-03,-3.86404761969688648e-04,-3.86404626214404627e-04,-5.13819786923331289e-08,-5.13819606403425783e-08,-2.56909803201712892e-08,-7.70729590125044180e-08,-7.70729409605138675e-08
1.73052500000000009e+01,1.73052500000000009e+01,3.33921393882497929e-03,-3.85919314775079458e-04,-3.85919179303966019e-04,-5.12744369359205911e-08,-5.12744189368083553e-08,-2.56372094684041777e-08,-7.69116464043247655e-08,-7.69116284052125363e-08
1.73125000000000000e+01,1.73125000000000000e+01,3.33641778206414819e-03,-3.85434680408053287e-04,-3.85434545220406999e-04,-5.11671651665360085e-08,-5.11671472201264671e-08,-2.55835736100632369e-08,-7.67507387765992454e-08,-7.67507208301897106e-08
1.73197499999999991e+01,1.73197499999999991e+01,3.33362513595906323e-03,-3.84950857168220306e-04,-3.84950722263203949e-04,-5.10601625937485370e-08,-5.10601446998487319e-08,-2.55300723499243626e-08,-7.65902349436728964e-08,-7.65902170497730913e-08
1.73270000000000017e+01,1.73270000000000017e+01,3.33083599463520827e-03,-3.84467843359159733e-04,-3.84467708736100668e-04,-5.09534284297314162e-08,-5.09534105881706107e-08,-2.54767052940853054e-08,-7.64301337238167150e-08,-7.64301158822559095e-08
1.73342500000000008e+01,1.73342500000000008e+01,3.32805035223035506e-03,-3.83985637288808412e-04,-3.83985502947096612e-04,-5.08469618893053998e-08,-5.08469440999215393e-08,-2.54234720499607696e-08,-7.62704339392661694e-08,-7.62704161498823023e-08
1.73414999999999999e+01,1.73414999999999999e+01,3.32526820289452121e-03,-3.83504237269488568e-04,-3.83504103208433071e-04,-5.07407621899339642e-08,-5.07407444525546245e-08,-2.53703722262773156e-08,-7.61111344162112864e-08,-7.61111166788319335e-08
1.73487500000000026e+01,1.73487500000000026e+01,3.32248954078994633e-03,-3.83023641617796784e-04,-3.83023507836581403e-04,-5.06348285517004457e-08,-5.06348108661370297e-08,-2.53174054330685148e-08,-7.59522339847689638e-08,-7.59522162992055412e-08
1.73560000000000016e+01,1.73560000000000016e+01,3.31971436009106252e-03,-3.82543848654270935e-04,-3.82543715152231162e-04,-5.05291601972558285e-08,-5.05291425633401869e-08,-2.52645712816700934e-08,-7.57937314789259285e-08,-7.57937138450102737e-08
1.73632500000000007e+01,1.73632500000000007e+01,3.31694265498446014e-03,-3.82064856703834277e-04,-3.82064723480277037e-04,-5.04237563518692624e-08,-5.04237387694298578e-08,-2.52118693847149355e-08,-7.56356257365841980e-08,-7.56356081541447868e-08
1.73704999999999998e+01,1.73704999999999998e+01,3.31417441966885785e-03,-3.81586664095573402e-04,-3.81586531149806594e-04,-5.03186162433907075e-08,-5.03185987122564988e-08,-2.51592993561282494e-08,-7.54779155995189536e-08,-7.54778980683847516e-08
1.73777500000000025e+01,1.73777500000000025e+01,3.31140964835507359e-03,-3.81109269162793751e-04,-3.81109136494088465e-04,-5.02137391022500339e-08,-5.02137216222454934e-08,-2.51068608111227500e-08,-7.53205999133727839e-08,-7.53205824333682434e-08
1.73850000000000016e+01,1.73850000000000016e+01,3.30864833526599679e-03,-3.80632670242853077e-04,-3.80632537850560419e-04,-5.01091241614271639e-08,-5.01091067323876959e-08,-2.50545533661938479e-08,-7.51636775276210086e-08,-7.51636600985815405e-08
1.73922500000000007e+01,1.73922500000000007e+01,3.30589047463655285e-03,-3.80156865677355738e-04,-3.80156733560816187e-04,-5.00047706564695622e-08,-5.00047532782295319e-08,-2.50023766391147660e-08,-7.50071472955843314e-08,-7.50071299173443012e-08
1.73994999999999997e+01,1.73994999999999997e+01,3.30313606071367576e-03,-3.79681853812097181e-04,-3.79681721970594080e-04,-4.99006778254769688e-08,-4.99006604978635883e-08,-2.49503302489317975e-08,-7.48510080744087629e-08,-7.48509907467953890e-08
1.74067500000000024e+01,1.74067500000000024e+01,3.30038508775627650e-03,-3.79207632996980681e-04,-3.79207501429764413e-04,-4.97968449090824541e-08,-4.97968276319189912e-08,-2.48984138159594956e-08,-7.46952587250419430e-08,-7.46952414478784867e-08
1.74140000000000015e+01,1.74140000000000015e+01,3.29763755003521916e-03,-3.78734201585934072e-04,-3.78734070292318715e-04,-4.96932711504336775e-08,-4.96932539235521285e-08,-2.48466269617760576e-08,-7.45398981122097417e-08,-7.45398808853281862e-08
1.74212500000000006e+01,1.74212500000000006e+01,3.29489344183328146e-03,-3.78261557936965254e-04,-3.78261426916355744e-04,-4.95899557951921866e-08,-4.95899386184368496e-08,-2.47949693092184248e-08,-7.43849251044106081e-08,-7.43849079276552712e-08
1.74284999999999997e+01,1.74284999999999997e+01,3.29215275744513397e-03,-3.77789700412384244e-04,-3.77789569664071405e-04,-4.94868980915547777e-08,-4.94868809647553265e-08,-2.47434404823776599e-08,-7.42303385739324311e-08,-7.42303214471329930e-08
1.74357500000000023e+01,1.74357500000000023e+01,3.28941549117730148e-03,-3.77318627378442351e-04,-3.77318496901745087e-04,-4.93840972901982806e-08,-4.93840802131884384e-08,-2.46920401065942192e-08,-7.40761373967925064e-08,-7.40761203197826577e-08
1.74430000000000014e+01,1.74430000000000014e+01,3.28668163734814568e-03,-3.76848337205498707e-04,-3.76848206999730014e-04,-4.92815526442937323e-08,-4.92815356169068256e-08,-2.46407678084534095e-08,-7.39223204527471451e-08,-7.39223034253602318e-08
1.74502500000000005e+01,1.74502500000000005e+01,3.28395119028782262e-03,-3.76378828267964760e-04,-3.76378698332439096e-04,-4.91792634094912038e-08,-4.91792464315610885e-08,-2.45896232157805376e-08,-7.37688866252717414e-08,-7.37688696473416261e-08
1.74574999999999996e+01,1.74574999999999996e+01,3.28122414433826108e-03,-3.75910098944276516e-04,-3.75909969278334362e-04,-4.90772288439085172e-08,-4.90772119152728276e-08,-2.45386059576364171e-08,-7.36158348015449310e-08,-7.36158178729092481e-08
1.74647500000000022e+01,1.74647500000000022e+01,3.27850049385313000e-03,-3.75442147616922295e-04,-3.75442018219914917e-04,-4.89754482081272422e-08,-4.89754313286253729e-08,-2.44877156643126898e-08,-7.34631638724399352e-08,-7.34631469929380659e-08
1.74720000000000013e+01,1.74720000000000013e+01,3.27578023319781550e-03,-3.74974972672498241e-04,-3.74974843543705947e-04,-4.88739207651922392e-08,-4.88739039346546777e-08,-2.44369519673273356e-08,-7.33108727325195714e-08,-7.33108559019820166e-08
1.74792500000000004e+01,1.74792500000000004e+01,3.27306335674937970e-03,-3.74508572501458525e-04,-3.74508443640245376e-04,-4.87726457805713925e-08,-4.87726289988399026e-08,-2.43863144994199513e-08,-7.31589602799913471e-08,-7.31589434982598572e-08
1.74864999999999995e+01,1.74864999999999995e+01,3.27034985889654512e-03,-3.74042945498309631e-04,-3.74042816904074002e-04,-4.86716225221734443e-08,-4.86716057890946071e-08,-2.43358028945473101e-08,-7.30074254167207478e-08,-7.30074086836419172e-08
1.74937500000000021e+01,1.74937500000000021e+01,3.26763973403965341e-03,-3.73578090061776891e-04,-3.73577961733722382e-04,-4.85708502603620433e-08,-4.85708335757574391e-08,-2.42854167878787229e-08,-7.28562670482407661e-08,-7.28562503636361620e-08
1.75010000000000012e+01,1.75010000000000012e+01,3.26493297659064896e-03,-3.73114004594193860e-04,-3.73113876531700904e-04,-4.84703282678687981e-08,-4.84703116315833870e-08,-2.42351558157916935e-08,-7.27054840836604883e-08,-7.27054674473750772e-08
1.75082500000000003e+01,1.75082500000000003e+01,3.26222958097303851e-03,-3.72650687501974165e-04,-3.72650559704486566e-04,-4.83700558198471436e-08,-4.83700392317344285e-08,-2.41850196158672142e-08,-7.25550754357143545e-08,-7.25550588476016394e-08
1.75154999999999994e+01,1.75154999999999994e+01,3.25952954162187078e-03,-3.72188137195722524e-04,-3.72188009662512728e-04,-4.82700321938792689e-08,-4.82700156537708490e-08,-2.41350078268854212e-08,-7.24050400207646868e-08,-7.24050234806562669e-08
1.75227500000000020e+01,1.75227500000000020e+01,3.25683285298369960e-03,-3.71726352089846168e-04,-3.71726224820156589e-04,-4.81702566699181622e-08,-4.81702401776421164e-08,-2.40851200888210516e-08,-7.22553767587392072e-08,-7.22553602664631613e-08
1.75300000000000011e+01,1.75300000000000011e+01,3.25413950951656747e-03,-3.71265330602388310e-04,-3.71265203595729269e-04,-4.80707285302587981e-08,-4.80707120856782644e-08,-2.40353560428391289e-08,-7.21060845730979237e-08,-7.21060681285173899e-08
1.75372500000000002e+01,1.75372500000000002e+01,3.25144950568996560e-03,-3.70805071155777544e-04,-3.70804944411463118e-04,-4.79714470596277315e-08,-4.79714306625807610e-08,-2.39857153312903805e-08,-7.19571623909181120e-08,-7.19571459938711481e-08
1.75444999999999993e+01,1.75444999999999993e+01,3.24876283598480925e-03,-3.70345572176217219e-04,-3.70345445693500449e-04,-4.78724115450967130e-08,-4.78723951954138067e-08,-2.39361975977069033e-08,-7.18086091428036163e-08,-7.18085927931207100e-08
1.75517500000000020e+01,1.75517500000000020e+01,3.24607949489340991e-03,-3.69886832093629936e-04,-3.69886705871882797e-04,-4.77736212760681444e-08,-4.77736049735955458e-08,-2.38868024867977729e-08,-7.16604237628659239e-08,-7.16604074603933121e-08
1.75590000000000011e+01,1.75590000000000011e+01,3.24339947691945152e-03,-3.69428849341824073e-04,-3.69428723380540026e-04,-4.76750755442895241e-08,-4.76750592888894845e-08,-2.38375296444447456e-08,-7.15126051887342763e-08,-7.15125889333342234e-08
1.75662500000000001e+01,1.75662500000000001e+01,3.24072277657795399e-03,-3.68971622358882367e-04,-3.68971496657277914e-04,-4.75767736438961627e-08,-4.75767574353955103e-08,-2.37883787176977518e-08,-7.13651523615939179e-08,-7.13651361530932588e-08
1.75734999999999992e+01,1.75734999999999992e+01,3.23804938839524848e-03,-3.68515149586329249e-04,-3.68515024143767421e-04,-4.74787148712965230e-08,-4.74786987095413491e-08,-2.37393493547706746e-08,-7.12180642260671943e-08,-7.12180480643120204e-08
1.75807500000000019e+01,1.75807500000000019e+01,3.23537930690895141e-03,-3.68059429469658195e-04,-3.68059304285534006e-04,-4.73808985252331330e-08,-4.73808824100739761e-08,-2.36904412050369847e-08,-7.10713397302701177e-08,-7.10713236151109541e-08
1.75880000000000010e+01,1.75880000000000010e+01,3.23271252666793799e-03,-3.67604460458192950e-04,-3.67604335531946519e-04,-4.72833239067575458e-08,-4.72833078380510720e-08,-2.36416539190255393e-08,-7.09249778257830917e-08,-7.09249617570766179e-08
1.75952500000000001e+01,1.75952500000000001e+01,3.23004904223230839e-03,-3.67150241005309574e-04,-3.67150116336205324e-04,-4.71859903192516808e-08,-4.71859742968322753e-08,-2.35929871484161344e-08,-7.07789774676678119e-08,-7.07789614452484064e-08
1.76024999999999991e+01,1.76024999999999991e+01,3.22738884817336171e-03,-3.66696769567936842e-04,-3.66696645155331570e-04,-4.70888970683564415e-08,-4.70888810920707186e-08,-2.35444405460353593e-08,-7.06333376143918008e-08,-7.06333216381060713e-08
1.76097500000000018e+01,1.76097500000000018e+01,3.22473193907357259e-03,-3.66244044606861552e-04,-3.66243920450156561e-04,-4.69920434620040149e-08,-4.69920275317046305e-08,-2.34960137658523153e-08,-7.04880572278563335e-08,-7.04880412975569491e-08
1.76170000000000009e+01,1.76170000000000009e+01,3.22207830952656168e-03,-3.65792064586784038e-04,-3.65791940685310972e-04,-4.68954288104178982e-08,-4.68954129259488990e-08,-2.34477064629744495e-08,-7.03431352733923477e-08,-7.03431193889233485e-08
1.76242500000000000e+01,1.76242500000000000e+01,3.21942795413706490e-03,-3.65340827975985105e-04,-3.65340704329212868e-04,-4.67990524260630958e-08,-4.67990365872864485e-08,-2.33995182936432243e-08,-7.01985707197063267e-08,-7.01985548809296728e-08
1.76315000000000026e+01,1.76315000000000026e+01,3.21678086752090909e-03,-3.64890333246825627e-04,-3.64890209854057618e-04,-4.67029136237032015e-08,-4.67028978304599750e-08,-2.33514489152299908e-08,-7.00543625389331990e-08,-7.00543467456899658e-08
1.76387500000000017e+01,1.76387500000000017e+01,3.21413704430498519e-03,-3.64440578875274701e-04,-3.64440455735807220e-04,-4.66070117203330330e-08,-4.66069959724637336e-08,-2.33034979862318701e-08,-6.99105097065649097e-08,-6.99104939586956036e-08
1.76460000000000008e+01,1.76460000000000008e+01,3.21149647912721825e-03,-3.63991563340854141e-04,-3.63991440454178642e-04,-4.65113460351645296e-08,-4.65113303325349555e-08,-2.32556651662674777e-08,-6.97670112014320107e-08,-6.97669954988024299e-08
1.76532499999999999e+01,1.76532499999999999e+01,3.20885916663654364e-03,-3.63543285127110316e-04,-3.63543162492633795e-04,-4.64159158896802881e-08,-4.64159002321457356e-08,-2.32079501160728678e-08,-6.96238660057531592e-08,-6.96238503482186067e-08
1.76605000000000025e+01,1.76605000000000025e+01,3.20622510149287448e-03,-3.63095742721364356e-04,-3.63095620338367987e-04,-4.63207206075946317e-08,-4.63207049949946609e-08,-2.31603524974973304e-08,-6.94810731050919588e-08,-6.94810574924919880e-08
1.76677500000000016e+01,1.76677500000000016e+01,3.20359427836708344e-03,-3.62648934614434593e-04,-3.62648812482300597e-04,-4.62257595148114506e-08,-4.62257439469988499e-08,-2.31128719734994216e-08,-6.93386314883108756e-08,-6.93386159204982748e-08
1.76750000000000007e+01,1.76750000000000007e+01,3.20096669194096586e-03,-3.62202859300914115e-04,-3.62202737419062607e-04,-4.61310319394527167e-08,-4.61310164162854094e-08,-2.30655082081427080e-08,-6.91965401475954180e-08,-6.91965246244281107e-08
1.76822499999999998e+01,1.76822499999999998e+01,3.19834233690722072e-03,-3.61757515279115260e-04,-3.61757393646987334e-04,-4.60365372118446791e-08,-4.60365217331835731e-08,-2.30182608665917833e-08,-6.90547980784364557e-08,-6.90547825997753564e-08
1.76895000000000024e+01,1.76895000000000024e+01,3.19572120796941762e-03,-3.61312901051263902e-04,-3.61312779668098826e-04,-4.59422746645357383e-08,-4.59422592302163638e-08,-2.29711296151081819e-08,-6.89134042796439168e-08,-6.89133888453245424e-08
1.76967500000000015e+01,1.76967500000000015e+01,3.19310329984197686e-03,-3.60869015122833314e-04,-3.60868893988102487e-04,-4.58482436322050591e-08,-4.58482282420928040e-08,-2.29241141210464020e-08,-6.87723577532514578e-08,-6.87723423631392093e-08
1.77040000000000006e+01,1.77040000000000006e+01,3.19048860725013733e-03,-3.60425856003210310e-04,-3.60425735116373365e-04,-4.57544434517405176e-08,-4.57544281056995720e-08,-2.28772140528497893e-08,-6.86316575045903135e-08,-6.86316421585493613e-08
1.77112499999999997e+01,1.77112499999999997e+01,3.18787712492993097e-03,-3.59983422205584214e-04,-3.59983301565946069e-04,-4.56608734622179022e-08,-4.56608581600931069e-08,-2.28304290800465502e-08,-6.84913025422644557e-08,-6.84912872401396604e-08
1.77185000000000024e+01,1.77185000000000024e+01,3.18526884762815581e-03,-3.59541712246530532e-04,-3.59541591853503983e-04,-4.55675330048413573e-08,-4.55675177464915622e-08,-2.27837588732457844e-08,-6.83512918780871450e-08,-6.83512766197373433e-08
1.77257500000000014e+01,1.77257500000000014e+01,3.18266377010235565e-03,-3.59100724646371772e-04,-3.59100604499370158e-04,-4.54744214229826767e-08,-4.54744062082671156e-08,-2.27372031041335578e-08,-6.82116245271162411e-08,-6.82116093124006667e-08
1.77330000000000005e+01,1.77330000000000005e+01,3.18006188712078404e-03,-3.58660457929149690e-04,-3.58660338027494950e-04,-4.53815380621710146e-08,-4.53815228909376449e-08,-2.26907614454688191e-08,-6.80722995076398304e-08,-6.80722843364064673e-08
1.77402499999999996e+01,1.77402499999999996e+01,3.17746319346238386e-03,-3.58220910622264466e-04,-3.58220790965446808e-04,-4.52888822700407259e-08,-4.52888671421591112e-08,-2.26444335710795556e-08,-6.79333158411202815e-08,-6.79333007132386735e-08
1.77475000000000023e+01,1.77475000000000023e+01,3.17486768391676008e-03,-3.57782081257029816e-04,-3.57781961844401701e-04,-4.51964533963950200e-08,-4.51964383117176046e-08,-2.25982191558588023e-08,-6.77946725522538156e-08,-6.77946574675764069e-08
1.77547500000000014e+01,1.77547500000000014e+01,3.17227535328415628e-03,-3.57343968368117881e-04,-3.57343849199133305e-04,-4.51042507931293372e-08,-4.51042357515216877e-08,-2.25521178757608439e-08,-6.76563686688901844e-08,-6.76563536272825349e-08
1.77620000000000005e+01,1.77620000000000005e+01,3.16968619637542299e-03,-3.56906570493975561e-04,-3.56906451568001675e-04,-4.50122738142773004e-08,-4.50122588155943293e-08,-2.25061294077971613e-08,-6.75184032220744651e-08,-6.75183882233914939e-08
1.77692499999999995e+01,1.77692499999999995e+01,3.16710020801199430e-03,-3.56469886176491446e-04,-3.56469767492943648e-04,-4.49205218159623148e-08,-4.49205068600653271e-08,-2.24602534300326669e-08,-6.73807752459949817e-08,-6.73807602900980006e-08
1.77765000000000022e+01,1.77765000000000022e+01,3.16451738302586313e-03,-3.56033913961190107e-04,-3.56033795519462544e-04,-4.48289941564156207e-08,-4.48289792431635323e-08,-2.24144896215817562e-08,-6.72434837779973736e-08,-6.72434688647452853e-08
1.77837500000000013e+01,1.77837500000000013e+01,3.16193771625955652e-03,-3.55598652397121073e-04,-3.55598534196618411e-04,-4.47376901959558781e-08,-4.47376753252092265e-08,-2.23688376626046166e-08,-6.71065278585604947e-08,-6.71065129878138431e-08
1.77910000000000004e+01,1.77910000000000004e+01,3.15936120256610524e-03,-3.55164100036886587e-04,-3.55163982077017068e-04,-4.46466092969862689e-08,-4.46465944686063525e-08,-2.23232972343031763e-08,-6.69699065312894518e-08,-6.69698917029095221e-08
1.77982499999999995e+01,1.77982499999999995e+01,3.15678783680902212e-03,-3.54730255436641606e-04,-3.54730137716800515e-04,-4.45557508239881240e-08,-4.45557360378349044e-08,-2.22778680189174522e-08,-6.68336188429055729e-08,-6.68336040567523532e-08
1.78055000000000021e+01,1.78055000000000021e+01,3.15421761386227304e-03,-3.54297117155982777e-04,-3.54296999675636471e-04,-4.44651141435006672e-08,-4.44650993994433373e-08,-2.22325496997216653e-08,-6.66976638432223325e-08,-6.66976490991650092e-08
1.78127500000000012e+01,1.78127500000000012e+01,3.15165052861025993e-03,-3.53864683758114973e-04,-3.53864566516709641e-04,-4.43746986241356597e-08,-4.43746839220411361e-08,-2.21873419610205681e-08,-6.65620405851562311e-08,-6.65620258830617009e-08
1.78200000000000003e+01,1.78200000000000003e+01,3.14908657594778095e-03,-3.53432953809906802e-04,-3.53432836806709416e-04,-4.42845036365779165e-08,-4.42844889762909672e-08,-2.21422444881454869e-08,-6.64267481247234067e-08,-6.64267334644364508e-08
1.78272499999999994e+01,1.78272499999999994e+01,3.14652575078001699e-03,-3.53001925881279988e-04,-3.53001809115821791e-04,-4.41945285535026541e-08,-4.41945139349014585e-08,-2.20972569674507325e-08,-6.62917855209533833e-08,-6.62917709023521877e-08
1.78345000000000020e+01,1.78345000000000020e+01,3.14396804802250180e-03,-3.52571598546042031e-04,-3.52571482017718636e-04,-4.41047727496735082e-08,-4.41047581726195368e-08,-2.20523790863097684e-08,-6.61571518359832766e-08,-6.61571372589293118e-08
1.78417500000000011e+01,1.78417500000000011e+01,3.14141346260109894e-03,-3.52141970381303349e-04,-3.52141854089548260e-04,-4.40152356018633961e-08,-4.40152210662231485e-08,-2.20076105331115742e-08,-6.60228461349749703e-08,-6.60228315993347227e-08
1.78490000000000002e+01,1.78490000000000002e+01,3.13886198945197321e-03,-3.51713039967671559e-04,-3.51712923911924841e-04,-4.39259164888725883e-08,-4.39259019945136693e-08,-2.19629509972568346e-08,-6.58888674861294229e-08,-6.58888529917705039e-08
1.78562499999999993e+01,1.78562499999999993e+01,3.13631362352156853e-03,-3.51284805889223728e-04,-3.51284690068919155e-04,-4.38368147915190938e-08,-4.38368003383086052e-08,-2.19184001691542993e-08,-6.57552149606733931e-08,-6.57552005074628978e-08
1.78635000000000019e+01,1.78635000000000019e+01,3.13376835976657839e-03,-3.50857266733589634e-04,-3.50857151148048062e-04,-4.37479298926429083e-08,-4.37479154804341612e-08,-2.18739577402170773e-08,-6.56218876328599823e-08,-6.56218732206512418e-08
1.78707500000000010e+01,1.78707500000000010e+01,3.13122619315393119e-03,-3.50430421091452171e-04,-3.50430305740266211e-04,-4.36592611770376693e-08,-4.36592468057181341e-08,-2.18296234028590671e-08,-6.54888845798967430e-08,-6.54888702085771946e-08
1.78780000000000001e+01,1.78780000000000001e+01,3.12868711866075289e-03,-3.50004267557491033e-04,-3.50004152439954436e-04,-4.35708080315621270e-08,-4.35707937009823222e-08,-2.17853968504911611e-08,-6.53562048820532914e-08,-6.53561905514734867e-08
1.78852499999999992e+01,1.78852499999999992e+01,3.12615113127434835e-03,-3.49578804729300252e-04,-3.49578689844911141e-04,-4.34825698449992058e-08,-4.34825555550353853e-08,-2.17412777775176893e-08,-6.52238476225168886e-08,-6.52238333325530813e-08
1.78925000000000018e+01,1.78925000000000018e+01,3.12361822599217711e-03,-3.49154031208165350e-04,-3.49153916556342266e-04,-4.33945460081468224e-08,-4.33945317586655983e-08,-2.16972658793327991e-08,-6.50918118874796183e-08,-6.50917976379984007e-08
1.78997500000000009e+01,1.78997500000000009e+01,3.12108839782182946e-03,-3.48729945598702518e-04,-3.48729831178852133e-04,-4.33067359137669576e-08,-4.33067217046337641e-08,-2.16533608523168854e-08,-6.49600967660838463e-08,-6.49600825569506462e-08
1.79070000000000000e+01,1.79070000000000000e+01,3.11856164178099656e-03,-3.48306546508803105e-04,-3.48306432320432974e-04,-4.32191389565727128e-08,-4.32191247876657956e-08,-2.16095623938328978e-08,-6.48287013504056106e-08,-6.48286871814986933e-08
1.79142499999999991e+01,1.79142499999999991e+01,3.11603795289745224e-03,-3.47883832549938932e-04,-3.47883718592455996e-04,-4.31317545332603516e-08,-4.31317404044457272e-08,-2.15658702022228603e-08,-6.46976247354832086e-08,-6.46976106066685842e-08
1.79215000000000018e+01,1.79215000000000018e+01,3.11351732620902171e-03,-3.47461802336856973e-04,-3.47461688609661181e-04,-4.30445820424653600e-08,-4.30445679536084693e-08,-2.15222839768042313e-08,-6.45668660192695913e-08,-6.45668519304127006e-08
1.79287500000000009e+01,1.79287500000000009e+01,3.11099975676356732e-03,-3.47040454487579364e-04,-3.47040340990149051e-04,-4.29576208847567023e-08,-4.29576068357329653e-08,-2.14788034178664860e-08,-6.44364243026231916e-08,-6.44364102535994546e-08
1.79359999999999999e+01,1.79359999999999999e+01,3.10848523961895253e-03,-3.46619787623597686e-04,-3.46619674355369393e-04,-4.28708704626548672e-08,-4.28708564533348137e-08,-2.14354282266674035e-08,-6.43062986893222707e-08,-6.43062846800022238e-08
1.79432500000000026e+01,1.79432500000000026e+01,3.10597376984302412e-03,-3.46199800369706434e-04,-3.46199687330112852e-04,-4.27843301806053912e-08,-4.27843162108593323e-08,-2.13921581054296629e-08,-6.41764882860350607e-08,-6.41764743162889886e-08
1.79505000000000017e+01,1.79505000000000017e+01,3.10346534251359140e-03,-3.45780491353947506e-04,-3.45780378542501991e-04,-4.26979994449662588e-08,-4.26979855146747630e-08,-2.13489927573373848e-08,-6.40469922023036436e-08,-6.40469782720121545e-08
1.79577500000000008e+01,1.79577500000000008e+01,3.10095995271839238e-03,-3.45361859207971023e-04,-3.45361746623980444e-04,-4.26118776640465752e-08,-4.26118637730649719e-08,-2.13059318865324860e-08,-6.39178095505790645e-08,-6.39177956595974612e-08
1.79649999999999999e+01,1.79649999999999999e+01,3.09845759555507682e-03,-3.44943902566285931e-04,-3.44943790209304411e-04,-4.25259642480082375e-08,-4.25259503962226471e-08,-2.12629751981113236e-08,-6.37889394461195545e-08,-6.37889255943339641e-08
1.79722500000000025e+01,1.79722500000000025e+01,3.09595826613118068e-03,-3.44526620067064915e-04,-3.44526507936533275e-04,-4.24402586089595452e-08,-4.24402447962423767e-08,-2.12201223981211883e-08,-6.36603810070807269e-08,-6.36603671943635650e-08
1.79795000000000016e+01,1.79795000000000016e+01,3.09346195956410356e-03,-3.44110010351672546e-04,-3.44109898447020606e-04,-4.23547601608912620e-08,-4.23547463871138327e-08,-2.11773731935569163e-08,-6.35321333544481850e-08,-6.35321195806707556e-08
1.79867500000000007e+01,1.79867500000000007e+01,3.09096867098108226e-03,-3.43694072064637535e-04,-3.43693960385403911e-04,-4.22694683196674118e-08,-4.22694545847146971e-08,-2.11347272923573485e-08,-6.34041956120247636e-08,-6.34041818770720423e-08
1.79939999999999998e+01,1.79939999999999998e+01,3.08847839551916687e-03,-3.43278803854069059e-04,-3.43278692399596184e-04,-4.21843825030708586e-08,-4.21843688068039650e-08,-2.10921844034019858e-08,-6.32765669064728412e-08,-6.32765532102059542e-08
1.80012500000000024e+01,1.80012500000000024e+01,3.08599112832519742e-03,-3.42864204371018388e-04,-3.42864093140775978e-04,-4.20995021307191138e-08,-4.20994884730150826e-08,-2.10497442365075413e-08,-6.31492463672266584e-08,-6.31492327095226272e-08
1.80085000000000015e+01,1.80085000000000015e+01,3.08350686455578695e-03,-3.42450272269867462e-04,-3.42450161263379714e-04,-4.20148266241064951e-08,-4.20148130048492894e-08,-2.10074065024246447e-08,-6.30222331265311365e-08,-6.30222195072739308e-08
1.80157500000000006e+01,1.80157500000000006e+01,3.08102559937728504e-03,-3.42037006208439909e-04,-3.42036895425090238e-04,-4.19303554066120018e-08,-4.19303418256685976e-08,-2.09651709128343021e-08,-6.28955263194463105e-08,-6.28955127385028931e-08
1.80229999999999997e+01,1.80229999999999997e+01,3.07854732796576528e-03,-3.41624404847501451e-04,-3.41624294286829667e-04,-4.18460879034325112e-08,-4.18460743606893004e-08,-2.09230371803446469e-08,-6.27691250837771581e-08,-6.27691115410339472e-08
1.80302500000000023e+01,1.80302500000000023e+01,3.07607204550699575e-03,-3.41212466851315011e-04,-3.41212356512748873e-04,-4.17620235416451950e-08,-4.17620100369751026e-08,-2.08810050184875513e-08,-6.26430285601327463e-08,-6.26430150554626473e-08
1.80375000000000014e+01,1.80375000000000014e+01,3.07359974719642083e-03,-3.40801190887252137e-04,-3.40801080770219891e-04,-4.16781617501543937e-08,-4.16781482834306694e-08,-2.08390741417153380e-08,-6.25172358918697318e-08,-6.25172224251460074e-08
1.80447500000000005e+01,1.80447500000000005e+01,3.07113042823913126e-03,-3.40390575625848513e-04,-3.40390465729825133e-04,-4.15945019596927689e-08,-4.15944885307946507e-08,-2.07972442653973287e-08,-6.23917462250900975e-08,-6.23917327961919794e-08
1.80519999999999996e+01,1.80519999999999996e+01,3.06866408384984680e-03,-3.39980619740831713e-04,-3.39980510065349747e-04,-4.15110436028193369e-08,-4.15110302116333424e-08,-2.07555151058166712e-08,-6.22665587086360047e-08,-6.22665453174500169e-08
1.80592500000000022e+01,1.80592500000000022e+01,3.06620070925288845e-03,-3.39571321909287738e-04,-3.39571212453771689e-04,-4.14277861139341934e-08,-4.14277727603338830e-08,-2.07138863801669415e-08,-6.21416724941011349e-08,-6.21416591405008311e-08
1.80665000000000013e+01,1.80665000000000013e+01,3.06374029968216159e-03,-3.39162680811300188e-04,-3.39162571575253818e-04,-4.13447289292290211e-08,-4.13447156130979080e-08,-2.06723578065489540e-08,-6.20170867357779751e-08,-6.20170734196468620e-08
1.80737500000000004e+01,1.80737500000000004e+01,3.06128285038112556e-03,-3.38754695130200068e-04,-3.38754586113133751e-04,-4.12618714867121305e-08,-4.12618582079347601e-08,-2.06309291039673867e-08,-6.18928005906795105e-08,-6.18927873119021534e-08
1.80809999999999995e+01,1.80809999999999995e+01,3.05882835660277420e-03,-3.38347363552649050e-04,-3.38347254753915627e-04,-4.11792132262131380e-08,-4.11791999846551299e-08,-2.05895999923275649e-08,-6.17688132185407063e-08,-6.17687999769826915e-08
1.80882500000000022e+01,1.80882500000000022e+01,3.05637681360961108e-03,-3.37940684768223143e-04,-3.37940576187260888e-04,-4.10967535893267842e-08,-4.10967403848644318e-08,-2.05483701924322126e-08,-6.16451237817589902e-08,-6.16451105772966510e-08
1.80955000000000013e+01,1.80955000000000013e+01,3.05392821667363479e-03,-3.37534657469495958e-04,-3.37534549105980423e-04,-4.10144920194179099e-08,-4.10144788519565969e-08,-2.05072394259783018e-08,-6.15217314453962117e-08,-6.15217182779349053e-08
1.81027500000000003e+01,1.81027500000000003e+01,3.05148256107630380e-03,-3.37129280352732597e-04,-3.37129172206024374e-04,-4.09324279617002568e-08,-4.09324148311073300e-08,-2.04662074155536683e-08,-6.13986353772539218e-08,-6.13986222466609951e-08
1.81099999999999994e+01,1.81099999999999994e+01,3.04903984210852085e-03,-3.36724552116890452e-04,-3.36724444186473895e-04,-4.08505608631097368e-08,-4.08505477692678293e-08,-2.04252738846339146e-08,-6.12758347477436449e-08,-6.12758216539017439e-08
1.81172500000000021e+01,1.81172500000000021e+01,3.04660005507060823e-03,-3.36320471464174320e-04,-3.36320363749532372e-04,-4.07688901723665302e-08,-4.07688771151583608e-08,-2.03844385575791837e-08,-6.11533287299457205e-08,-6.11533156727375446e-08
1.81245000000000012e+01,1.81245000000000012e+01,3.04416319527228999e-03,-3.35917037099897620e-04,-3.35916929600517508e-04,-4.06874153399530294e-08,-4.06874023192620717e-08,-2.03437011596310325e-08,-6.10311164995840652e-08,-6.10311034788931075e-08
1.81317500000000003e+01,1.81317500000000003e+01,3.04172925803266030e-03,-3.35514247732454640e-04,-3.35514140447850913e-04,-4.06061358181050514e-08,-4.06061228338183389e-08,-2.03030614169091661e-08,-6.09091972350142208e-08,-6.09091842507275083e-08
1.81389999999999993e+01,1.81389999999999993e+01,3.03929823868016999e-03,-3.35112102073431561e-04,-3.35111995003050897e-04,-4.05250510608201158e-08,-4.05250381128166949e-08,-2.02625190564083474e-08,-6.07875701172284633e-08,-6.07875571692250423e-08
1.81462500000000020e+01,1.81462500000000020e+01,3.03687013255259488e-03,-3.34710598837412165e-04,-3.34710491980722707e-04,-4.04441605238286196e-08,-4.04441476119904020e-08,-2.02220738059952010e-08,-6.06662343298238272e-08,-6.06662214179856030e-08
1.81535000000000011e+01,1.81535000000000011e+01,3.03444493499702671e-03,-3.34309736742005592e-04,-3.34309630098551433e-04,-4.03634636645920833e-08,-4.03634507888103907e-08,-2.01817253944051953e-08,-6.05451890589972753e-08,-6.05451761832155893e-08
1.81607500000000002e+01,1.81607500000000002e+01,3.03202264136983625e-03,-3.33909514508068384e-04,-3.33909408077291540e-04,-4.02829599423246908e-08,-4.02829471024787613e-08,-2.01414735512393774e-08,-6.04244334935640681e-08,-6.04244206537181387e-08
1.81679999999999993e+01,1.81679999999999993e+01,3.02960324703666030e-03,-3.33509930859315906e-04,-3.33509824640759603e-04,-4.02026488179412033e-08,-4.02026360139227228e-08,-2.01013180069613647e-08,-6.03039668249025614e-08,-6.03039540208840874e-08
1.81752500000000019e+01,1.81752500000000019e+01,3.02718674737237521e-03,-3.33110984522738685e-04,-3.33110878515825097e-04,-4.01225297541020444e-08,-4.01225169857883517e-08,-2.00612584928941759e-08,-6.01837882469962137e-08,-6.01837754786825210e-08
1.81825000000000010e+01,1.81825000000000010e+01,3.02477313776108002e-03,-3.32712674228102800e-04,-3.32712568432402584e-04,-4.00426022151479986e-08,-4.00425894824345515e-08,-2.00212947412172757e-08,-6.00638969563652810e-08,-6.00638842236518272e-08
1.81897500000000001e+01,1.81897500000000001e+01,3.02236241359606821e-03,-3.32314998708505005e-04,-3.32314893123442394e-04,-3.99628656671618400e-08,-3.99628529699267186e-08,-1.99814264849633626e-08,-5.99442921521252093e-08,-5.99442794548900746e-08
1.81969999999999992e+01,1.81969999999999992e+01,3.01995457027980736e-03,-3.31917956699789851e-04,-3.31917851324922491e-04,-3.98833195778931910e-08,-3.98833069160307478e-08,-1.99416534580153772e-08,-5.98249730359085616e-08,-5.98249603740461316e-08
1.82042500000000018e+01,1.82042500000000018e+01,3.01754960322392048e-03,-3.31521546941021539e-04,-3.31521441775840288e-04,-3.98039634168100920e-08,-3.98039507902068841e-08,-1.99019753951034454e-08,-5.97059388119135374e-08,-5.97059261853103361e-08
1.82115000000000009e+01,1.82115000000000009e+01,3.01514750784916174e-03,-3.31125768174289625e-04,-3.31125663218204082e-04,-3.97247966550707319e-08,-3.97247840636038139e-08,-1.98623920318019036e-08,-5.95871886868726322e-08,-5.95871760954057208e-08
1.82187500000000000e+01,1.82187500000000000e+01,3.01274827958539389e-03,-3.30730619144403715e-04,-3.30730514397024379e-04,-3.96458187654815859e-08,-3.96458062090523446e-08,-1.98229031045261723e-08,-5.94687218700077581e-08,-5.94687093135785168e-08
1.82260000000000026e+01,1.82260000000000026e+01,3.01035191387156705e-03,-3.30336098599531836e-04,-3.30335994060305764e-04,-3.95670292225691554e-08,-3.95670167010596017e-08,-1.97835083505298075e-08,-5.93505375730989596e-08,-5.93505250515894125e-08
1.82332500000000017e+01,1.82332500000000017e+01,3.00795840615570046e-03,-3.29942205290562063e-04,-3.29942100959039150e-04,-3.94884275024983616e-08,-3.94884150158030797e-08,-1.97442075079015365e-08,-5.92326350103998949e-08,-5.92326225237046195e-08
1.82405000000000008e+01,1.82405000000000008e+01,3.00556775189485433e-03,-3.29548937971574363e-04,-3.29548833847192124e-04,-3.94100130831240558e-08,-3.94100006311243882e-08,-1.97050003155621974e-08,-5.91150133986862498e-08,-5.91150009466865822e-08
1.82477499999999999e+01,1.82477499999999999e+01,3.00317994655511329e-03,-3.29156295399396503e-04,-3.29156191481701959e-04,-3.93317854439329905e-08,-3.93317730265236206e-08,-1.96658865132618070e-08,-5.89976719571947976e-08,-5.89976595397854277e-08
1.82550000000000026e+01,1.82550000000000026e+01,3.00079498561156262e-03,-3.28764276333992633e-04,-3.28764172622466396e-04,-3.92537440660852589e-08,-3.92537316831531739e-08,-1.96268658415765870e-08,-5.88806099076618458e-08,-5.88805975247297609e-08
1.82622500000000016e+01,1.82622500000000016e+01,2.99841286454826999e-03,-3.28372879538130213e-04,-3.28372776032336596e-04,-3.91758884323697383e-08,-3.91758760838121231e-08,-1.95879380419060616e-08,-5.87638264742757966e-08,-5.87638141257181880e-08
1.82695000000000007e+01,1.82695000000000007e+01,2.99603357885826031e-03,-3.27982103777685330e-04,-3.27982000477107765e-04,-3.90982180272354780e-08,-3.90982057129401007e-08,-1.95491028564700503e-08,-5.86473208837055283e-08,-5.86473085694101510e-08
1.82767499999999998e+01,1.82767499999999998e+01,2.99365712404349405e-03,-3.27591947821337381e-04,-3.27591844725511289e-04,-3.90207323367504516e-08,-3.90207200566115124e-08,-1.95103600283057562e-08,-5.85310923650562045e-08,-5.85310800849172720e-08
1.82840000000000025e+01,1.82840000000000025e+01,2.99128349561484990e-03,-3.27202410440818880e-04,-3.27202307549206929e-04,-3.89434308486265188e-08,-3.89434186025297676e-08,-1.94717093012648805e-08,-5.84151401498914026e-08,-5.84151279037946448e-08
1.82912500000000016e+01,1.82912500000000016e+01,2.98891268909210178e-03,-3.26813490410693408e-04,-3.26813387722774693e-04,-3.88663130521880847e-08,-3.88663008400214750e-08,-1.94331504200107375e-08,-5.82994634721988222e-08,-5.82994512600322124e-08
1.82985000000000007e+01,1.82985000000000007e+01,2.98654470000389539e-03,-3.26425186508327858e-04,-3.26425084023706320e-04,-3.87893784383640138e-08,-3.87893662600305601e-08,-1.93946831300152834e-08,-5.81840615683793004e-08,-5.81840493900458401e-08
1.83057499999999997e+01,1.83057499999999997e+01,2.98417952388773137e-03,-3.26037497514197749e-04,-3.26037395232397641e-04,-3.87126264997191547e-08,-3.87126143551126141e-08,-1.93563071775563070e-08,-5.80689336772754584e-08,-5.80689215326689178e-08
1.83130000000000024e+01,1.83130000000000024e+01,2.98181715628993878e-03,-3.25650422211692936e-04,-3.25650320132139846e-04,-3.86360567304263888e-08,-3.86360446194290237e-08,-1.93180223097145085e-08,-5.79540790401408974e-08,-5.79540669291435322e-08
1.83202500000000015e+01,1.83202500000000015e+01,2.97945759276566123e-03,-3.25263959386840051e-04,-3.25263857509112714e-04,-3.85596686262289834e-08,-3.85596565487414792e-08,-1.92798282743707363e-08,-5.78394969005997197e-08,-5.78394848231122154e-08
1.83275000000000006e+01,1.83275000000000006e+01,2.97710082887883047e-03,-3.24878107828691087e-04,-3.24878006152375446e-04,-3.84834616844819572e-08,-3.84834496404060315e-08,-1.92417248202030124e-08,-5.77251865046849696e-08,-5.77251744606090439e-08
1.83347499999999997e+01,1.83347499999999997e+01,2.97474686020214596e-03,-3.24492866329323393e-04,-3.24492764853859022e-04,-3.84074354041472959e-08,-3.84074233933675603e-08,-1.92037116966837802e-08,-5.76111471008310761e-08,-5.76111350900513405e-08
1.83420000000000023e+01,1.83420000000000023e+01,2.97239568231705449e-03,-3.24108233683478852e-04,-3.24108132408358293e-04,-3.83315892857465053e-08,-3.83315773081540765e-08,-1.91657886540770349e-08,-5.74973779398235402e-08,-5.74973659622311114e-08
1.83492500000000014e+01,1.83492500000000014e+01,2.97004729081373504e-03,-3.23724208688702664e-04,-3.23724107613524760e-04,-3.82559228313724299e-08,-3.82559108868712093e-08,-1.91279554434356113e-08,-5.73838782748080412e-08,-5.73838663303068206e-08
1.83565000000000005e+01,1.83565000000000005e+01,2.96770168129106881e-03,-3.23340790145593138e-04,-3.23340689269857422e-04,-3.81804355447140950e-08,-3.81804236331964565e-08,-1.90902118165982282e-08,-5.72706473613123199e-08,-5.72706354497946880e-08
1.83637499999999996e+01,1.83637499999999996e+01,2.96535884935662450e-03,-3.22957976857468632e-04,-3.22957876180695615e-04,-3.81051269310126143e-08,-3.81051150523736251e-08,-1.90525575261868192e-08,-5.71576844571994335e-08,-5.71576725785604442e-08
1.83710000000000022e+01,1.83710000000000022e+01,2.96301879062663490e-03,-3.22575767630478571e-04,-3.22575667152211047e-04,-3.80299964970697533e-08,-3.80299846512073326e-08,-1.90149923256036663e-08,-5.70449888226734196e-08,-5.70449769768109989e-08
1.83782500000000013e+01,1.83782500000000013e+01,2.96068150072598211e-03,-3.22194161273631208e-04,-3.22194060993400582e-04,-3.79550437512465790e-08,-3.79550319380575212e-08,-1.89775159690287606e-08,-5.69325597202753396e-08,-5.69325479070862817e-08
1.83855000000000004e+01,1.83855000000000004e+01,2.95834697528816809e-03,-3.21813156598765859e-04,-3.21813056516077141e-04,-3.78802682034555720e-08,-3.78802564228337663e-08,-1.89401282114168832e-08,-5.68203964148724585e-08,-5.68203846342506528e-08
1.83927499999999995e+01,1.83927499999999995e+01,2.95601520995530075e-03,-3.21432752420469647e-04,-3.21432652534863026e-04,-3.78056693651462337e-08,-3.78056576169899237e-08,-1.89028288084949586e-08,-5.67084981736411923e-08,-5.67084864254848823e-08
1.84000000000000021e+01,1.84000000000000021e+01,2.95368620037807098e-03,-3.21052947556160762e-04,-3.21052847867181576e-04,-3.77312467493103272e-08,-3.77312350335185836e-08,-1.88656175167592951e-08,-5.65968642660696223e-08,-5.65968525502778787e-08
1.84072500000000012e+01,1.84072500000000012e+01,2.95135994221573618e-03,-3.20673740826032949e-04,-3.20673641333250339e-04,-3.76569998704708723e-08,-3.76569881869457636e-08,-1.88284940934728851e-08,-5.64854939639437575e-08,-5.64854822804186488e-08
1.84145000000000003e+01,1.84145000000000003e+01,2.94903643113609421e-03,-3.20295131053138782e-04,-3.20295031756072011e-04,-3.75829282446873143e-08,-3.75829165933252576e-08,-1.87914582966626288e-08,-5.63743865413499431e-08,-5.63743748899878864e-08
1.84217499999999994e+01,1.84217499999999994e+01,2.94671566281546607e-03,-3.19917117063250878e-04,-3.19917017961427776e-04,-3.75090313895347445e-08,-3.75090197702333812e-08,-1.87545098851166972e-08,-5.62635412746514417e-08,-5.62635296553500784e-08
1.84290000000000020e+01,1.84290000000000020e+01,2.94439763293867637e-03,-3.19539697684917412e-04,-3.19539598777869225e-04,-3.74353088241059521e-08,-3.74352972367635323e-08,-1.87176486183817628e-08,-5.61529574424877116e-08,-5.61529458551452984e-08
1.84362500000000011e+01,1.84362500000000011e+01,2.94208233719903426e-03,-3.19162871749434363e-04,-3.19162773036711254e-04,-3.73617600690036816e-08,-3.73617485135208775e-08,-1.86808742567604420e-08,-5.60426343257641236e-08,-5.60426227702813195e-08
1.84435000000000002e+01,1.84435000000000002e+01,2.93976977129831001e-03,-3.18786638090873264e-04,-3.18786539572023719e-04,-3.72883846463394549e-08,-3.72883731226169453e-08,-1.86441865613084726e-08,-5.59325712076479243e-08,-5.59325596839254146e-08
1.84507499999999993e+01,1.84507499999999993e+01,2.93745993094671719e-03,-3.18410995546108966e-04,-3.18410897220624330e-04,-3.72151820797323275e-08,-3.72151705876643258e-08,-1.86075852938321596e-08,-5.58227673735644904e-08,-5.58227558814964888e-08
1.84580000000000020e+01,1.84580000000000020e+01,2.93515281186289105e-03,-3.18035942954625339e-04,-3.18035844822070739e-04,-3.71421518942817697e-08,-3.71421404337713172e-08,-1.85710702168856586e-08,-5.57132221111674250e-08,-5.57132106506569725e-08
1.84652500000000011e+01,1.84652500000000011e+01,2.93284840977387504e-03,-3.17661479158626303e-04,-3.17661381218653927e-04,-3.70692936165763490e-08,-3.70692821875368498e-08,-1.85346410937684249e-08,-5.56039347103447772e-08,-5.56039232813052779e-08
1.84725000000000001e+01,1.84725000000000001e+01,2.93054672041509132e-03,-3.17287603003313379e-04,-3.17287505255389529e-04,-3.69966067747215763e-08,-3.69965953770449344e-08,-1.84982976885224672e-08,-5.54949044632440435e-08,-5.54948930655674016e-08
1.84797499999999992e+01,1.84797499999999992e+01,2.92824773953032731e-03,-3.16914313336358333e-04,-3.16914215780010838e-04,-3.69240908982740954e-08,-3.69240795318596066e-08,-1.84620397659298033e-08,-5.53861306642039020e-08,-5.53861192977894132e-08
1.84870000000000019e+01,1.84870000000000019e+01,2.92595146287171317e-03,-3.16541609008180735e-04,-3.16541511642961333e-04,-3.68517455182696549e-08,-3.68517341830196060e-08,-1.84258670915098030e-08,-5.52776126097794579e-08,-5.52776012745294089e-08
1.84942500000000010e+01,1.84942500000000010e+01,2.92365788619970788e-03,-3.16169488871947957e-04,-3.16169391697387837e-04,-3.67795701672188930e-08,-3.67795588630333869e-08,-1.83897794315166935e-08,-5.51693495987355864e-08,-5.51693382945500804e-08
1.85015000000000001e+01,1.85015000000000001e+01,2.92136700528307066e-03,-3.15797951783408637e-04,-3.15797854799132016e-04,-3.67075643790834746e-08,-3.67075531058736325e-08,-1.83537765529368163e-08,-5.50613409320202909e-08,-5.50613296588104488e-08
1.85087499999999991e+01,1.85087499999999991e+01,2.91907881589884878e-03,-3.15426996601142484e-04,-3.15426899806723704e-04,-3.66357276893009934e-08,-3.66357164469723182e-08,-1.83178582234861558e-08,-5.49535859127871491e-08,-5.49535746704584740e-08
1.85160000000000018e+01,1.85160000000000018e+01,2.91679331383235289e-03,-3.15056622186532520e-04,-3.15056525581373155e-04,-3.65640596347772950e-08,-3.65640484232154439e-08,-1.82820242116077219e-08,-5.48460838463850169e-08,-5.48460726348231658e-08
1.85232500000000009e+01,1.85232500000000009e+01,2.91451049487714354e-03,-3.14686827403237723e-04,-3.14686730986964321e-04,-3.64925597538211566e-08,-3.64925485729380977e-08,-1.82462742864690455e-08,-5.47388340402901988e-08,-5.47388228594071465e-08
1.85305000000000000e+01,1.85305000000000000e+01,2.91223035483500646e-03,-3.14317611117803652e-04,-3.14317514890046824e-04,-3.64212275862107590e-08,-3.64212164359191222e-08,-1.82106082179595611e-08,-5.46318358041703201e-08,-5.46318246538786833e-08
1.85377500000000026e+01,1.85377500000000026e+01,2.90995288951593481e-03,-3.13948972199579179e-04,-3.13948876159828917e-04,-3.63500626731798628e-08,-3.63500515533761711e-08,-1.81750257766880855e-08,-5.45250884498679483e-08,-5.45250773300642566e-08
1.85450000000000017e+01,1.85450000000000017e+01,2.90767809473811223e-03,-3.13580909520327911e-04,-3.13580813668170590e-04,-3.62790645573685679e-08,-3.62790534679607065e-08,-1.81395267339803532e-08,-5.44185912913489245e-08,-5.44185802019410630e-08
1.85522500000000008e+01,1.85522500000000008e+01,2.90540596632789076e-03,-3.13213421954561255e-04,-3.13213326289575719e-04,-3.62082327828576385e-08,-3.62082217237528174e-08,-1.81041108618764120e-08,-5.43123436447340472e-08,-5.43123325856292261e-08
1.85594999999999999e+01,1.85594999999999999e+01,2.90313650011977172e-03,-3.12846508379510668e-04,-3.12846412901185010e-04,-3.61375668951611307e-08,-3.61375558662562569e-08,-1.80687779331281318e-08,-5.42063448282892658e-08,-5.42063337993843854e-08
1.85667500000000025e+01,1.85667500000000025e+01,2.90086969195638708e-03,-3.12480167674822340e-04,-3.12480072382768849e-04,-3.60670664411869135e-08,-3.60670554423934522e-08,-1.80335277211967261e-08,-5.41005941623836396e-08,-5.41005831635901782e-08
1.85740000000000016e+01,1.85740000000000016e+01,2.89860553768848603e-03,-3.12114398722918018e-04,-3.12114303616720795e-04,-3.59967309692742884e-08,-3.59967200005006343e-08,-1.79983600002503105e-08,-5.39950909695246022e-08,-5.39950800007509481e-08
1.85812500000000007e+01,1.85812500000000007e+01,2.89634403317490545e-03,-3.11749200408856231e-04,-3.11749105488049014e-04,-3.59265600291737074e-08,-3.59265490903226237e-08,-1.79632745451613118e-08,-5.38898345743350192e-08,-5.38898236354839355e-08
1.85884999999999998e+01,1.85884999999999998e+01,2.89408517428255824e-03,-3.11384571620249018e-04,-3.11384476884370262e-04,-3.58565531720331141e-08,-3.58565422630081251e-08,-1.79282711315040592e-08,-5.37848243035371733e-08,-5.37848133945121843e-08
1.85957500000000024e+01,1.85957500000000024e+01,2.89182895688641119e-03,-3.11020511247289688e-04,-3.11020416695902081e-04,-3.57867099503970243e-08,-3.57866990711046256e-08,-1.78933495355523128e-08,-5.36800594859493371e-08,-5.36800486066569383e-08
1.86030000000000015e+01,1.86030000000000015e+01,2.88957537686947239e-03,-3.10657018182669553e-04,-3.10656923815456887e-04,-3.57170299181929271e-08,-3.57170190685537423e-08,-1.78585095342768678e-08,-5.35755394524697916e-08,-5.35755286028306068e-08
1.86102500000000006e+01,1.86102500000000006e+01,2.88732443012276307e-03,-3.10294091321938748e-04,-3.10293997138433189e-04,-3.56475126307686599e-08,-3.56475018106860413e-08,-1.78237509053430206e-08,-5.34712635361116805e-08,-5.34712527160290619e-08
1.86174999999999997e+01,1.86174999999999997e+01,2.88507611254530498e-03,-3.09931729563089897e-04,-3.09931635562809735e-04,-3.55781576448404419e-08,-3.55781468542163520e-08,-1.77890734271081760e-08,-5.33672310719486146e-08,-5.33672202813245313e-08
1.86247500000000024e+01,1.86247500000000024e+01,2.88283042004409745e-03,-3.09569931806696896e-04,-3.09569837989137815e-04,-3.55089645185048053e-08,-3.55089537572388245e-08,-1.77544768786194122e-08,-5.32634413971242143e-08,-5.32634306358582400e-08
1.86320000000000014e+01,1.86320000000000014e+01,2.88058734853410738e-03,-3.09208696955665108e-04,-3.09208603320535347e-04,-3.54399328112060310e-08,-3.54399220792222901e-08,-1.77199610396111417e-08,-5.31598938508171760e-08,-5.31598831188334351e-08
1.86392500000000005e+01,1.86392500000000005e+01,2.87834689393824108e-03,-3.08848023915786474e-04,-3.08847930462678591e-04,-3.53710620837956719e-08,-3.53710513810052194e-08,-1.76855256905026097e-08,-5.30565877742982816e-08,-5.30565770715078291e-08
1.86464999999999996e+01,1.86464999999999996e+01,2.87610905218732907e-03,-3.08487911595378694e-04,-3.08487818323795800e-04,-3.53023518984872244e-08,-3.53023412247910499e-08,-1.76511706123955217e-08,-5.29535225108827460e-08,-5.29535118371865716e-08
1.86537500000000023e+01,1.86537500000000023e+01,2.87387381922010743e-03,-3.08128358905146449e-04,-3.08128265814660012e-04,-3.52338018188362420e-08,-3.52337911741433558e-08,-1.76168955870716779e-08,-5.28506974059079166e-08,-5.28506867612150370e-08
1.86610000000000014e+01,1.86610000000000014e+01,2.87164119098320394e-03,-3.07769364758375685e-04,-3.07769271848582979e-04,-3.51654114097587391e-08,-3.51654007939812813e-08,-1.75827003969906406e-08,-5.27481118067493797e-08,-5.27481011909719219e-08
1.86682500000000005e+01,1.86682500000000005e+01,2.86941116343111119e-03,-3.07410928070989131e-04,-3.07410835341407034e-04,-3.50971802375334008e-08,-3.50971696505745185e-08,-1.75485848252872626e-08,-5.26457650628206633e-08,-5.26457544758617810e-08
1.86754999999999995e+01,1.86754999999999995e+01,2.86718373252617528e-03,-3.07053047761157716e-04,-3.07052955211499078e-04,-3.50291078697534281e-08,-3.50290973115388140e-08,-1.75145486557694103e-08,-5.25436565255228383e-08,-5.25436459673082243e-08
1.86827500000000022e+01,1.86827500000000022e+01,2.86495889423857373e-03,-3.06695722749994459e-04,-3.06695630379743200e-04,-3.49611938754017315e-08,-3.49611833458311380e-08,-1.74805916729155657e-08,-5.24417855483172972e-08,-5.24417750187467037e-08
1.86900000000000013e+01,1.86900000000000013e+01,2.86273664454629985e-03,-3.06338951960777317e-04,-3.06338859769534450e-04,-3.48934378247584065e-08,-3.48934273237451318e-08,-1.74467136618725692e-08,-5.23401514866309724e-08,-5.23401409856176976e-08
1.86972500000000004e+01,1.86972500000000004e+01,2.86051697943514325e-03,-3.05982734319365512e-04,-3.05982642306771679e-04,-3.48258392894443552e-08,-3.48258288169063826e-08,-1.74129144084531913e-08,-5.22387536978975498e-08,-5.22387432253595771e-08
1.87044999999999995e+01,1.87044999999999995e+01,2.85829989489866983e-03,-3.05627068754282805e-04,-3.05626976919850277e-04,-3.47583978424268120e-08,-3.47583873982676790e-08,-1.73791936991338395e-08,-5.21375915415606515e-08,-5.21375810974015185e-08
1.87117500000000021e+01,1.87117500000000021e+01,2.85608538693820540e-03,-3.05271954196384421e-04,-3.05271862539656098e-04,-3.46911130579775878e-08,-3.46911026421045245e-08,-1.73455513210522623e-08,-5.20366643790298501e-08,-5.20366539631567868e-08
1.87190000000000012e+01,1.87190000000000012e+01,2.85387345156282212e-03,-3.04917389578857057e-04,-3.04917298099558962e-04,-3.46239845116693839e-08,-3.46239741240105977e-08,-1.73119870620052988e-08,-5.19359715736746860e-08,-5.19359611860158998e-08
1.87262500000000003e+01,1.87262500000000003e+01,2.85166408478931257e-03,-3.04563373837718476e-04,-3.04563282535404839e-04,-3.45570117804285660e-08,-3.45570014208929214e-08,-1.72785007104464607e-08,-5.18355124908750267e-08,-5.18355021313393821e-08
1.87334999999999994e+01,1.87334999999999994e+01,2.84945728264217541e-03,-3.04209905911317913e-04,-3.04209814785509950e-04,-3.44901944424746745e-08,-3.44901841109674692e-08,-1.72450920554837346e-08,-5.17352864979584124e-08,-5.17352761664512005e-08
1.87407500000000020e+01,1.87407500000000020e+01,2.84725304115359757e-03,-3.03856984740391578e-04,-3.03856893790653765e-04,-3.44235320773229188e-08,-3.44235217737545460e-08,-1.72117608868772730e-08,-5.16352929642001951e-08,-5.16352826606318223e-08
1.87480000000000011e+01,1.87480000000000011e+01,2.84505135636343954e-03,-3.03504609268062664e-04,-3.03504518494072885e-04,-3.43570242657804652e-08,-3.43570139900743479e-08,-1.71785069950371805e-08,-5.15355312608176424e-08,-5.15355209851115317e-08
1.87552500000000002e+01,1.87552500000000002e+01,2.84285222431921109e-03,-3.03152778440146653e-04,-3.03152687841453555e-04,-3.42906705899772147e-08,-3.42906603420423100e-08,-1.71453301710211550e-08,-5.14360007609983664e-08,-5.14359905130634617e-08
1.87624999999999993e+01,1.87624999999999993e+01,2.84065564107605821e-03,-3.02801491204651718e-04,-3.02801400780925594e-04,-3.42244706333054583e-08,-3.42244604130646399e-08,-1.71122302065323233e-08,-5.13367008398377816e-08,-5.13366906195969632e-08
1.87697500000000019e+01,1.87697500000000019e+01,2.83846160269674280e-03,-3.02450746512333835e-04,-3.02450656263055461e-04,-3.41584239804789776e-08,-3.41584137878338971e-08,-1.70792068939169453e-08,-5.12376308743959229e-08,-5.12376206817508424e-08
1.87770000000000010e+01,1.87770000000000010e+01,2.83627010525162870e-03,-3.02100543316030645e-04,-3.02100453240840229e-04,-3.40925302174540192e-08,-3.40925200523244996e-08,-1.70462600261622498e-08,-5.11387902436162690e-08,-5.11387800784867494e-08
1.87842500000000001e+01,1.87842500000000001e+01,2.83408114481866098e-03,-3.01750880571133306e-04,-3.01750790669700491e-04,-3.40267889314788857e-08,-3.40267787937882440e-08,-1.70133893968941253e-08,-5.10401783283730110e-08,-5.10401681906823694e-08
1.87914999999999992e+01,1.87914999999999992e+01,2.83189471748334764e-03,-3.01401757235614243e-04,-3.01401667507473906e-04,-3.39611997110933867e-08,-3.39611896007498985e-08,-1.69805948003749459e-08,-5.09417945114683326e-08,-5.09417844011248444e-08
1.87987500000000018e+01,1.87987500000000018e+01,2.82971081933874402e-03,-3.01053172269694080e-04,-3.01053082714408530e-04,-3.38957621460875059e-08,-3.38957520630027291e-08,-1.69478760315013646e-08,-5.08436381775888737e-08,-5.08436280945040903e-08
1.88060000000000009e+01,1.88060000000000009e+01,2.82752944648543680e-03,-3.00705124635952670e-04,-3.00705035253157125e-04,-3.38304758275103748e-08,-3.38304657716042515e-08,-1.69152328858021291e-08,-5.07457087133125006e-08,-5.07456986574063839e-08
1.88132500000000000e+01,1.88132500000000000e+01,2.82535059503152310e-03,-3.00357613299467863e-04,-3.00357524088769681e-04,-3.37653403476821970e-08,-3.37653303188716982e-08,-1.68826651594358524e-08,-5.06480055071180527e-08,-5.06479954783075539e-08
1.88205000000000027e+01,1.88205000000000027e+01,2.82317426109259407e-03,-3.00010637227732246e-04,-3.00010548188687175e-04,-3.37003553001812119e-08,-3.37003452983776638e-08,-1.68501726491888385e-08,-5.05505279493700504e-08,-5.05505179475665023e-08
1.88277500000000018e+01,1.88277500000000018e+01,2.82100044079172056e-03,-2.99664195390458854e-04,-2.99664106522735886e-04,-3.36355202798182772e-08,-3.36355103049459233e-08,-1.68177551524729616e-08,-5.04532754322912388e-08,-5.04532654574188849e-08
1.88350000000000009e+01,1.88350000000000009e+01,2.81882913025943271e-03,-2.99318286759914232e-04,-2.99318198063120019e-04,-3.35708348826706442e-08,-3.35708249346468723e-08,-1.67854124673234328e-08,-5.03562473499940804e-08,-5.03562374019703018e-08
1.88422499999999999e+01,1.88422499999999999e+01,2.81666032563370220e-03,-2.98972910310668638e-04,-2.98972821784415578e-04,-3.35062987060503464e-08,-3.35062887847933450e-08,-1.67531443923966725e-08,-5.02594430984470189e-08,-5.02594331771900175e-08
1.88495000000000026e+01,1.88495000000000026e+01,2.81449402305992708e-03,-2.98628065019734823e-04,-2.98627976663564190e-04,-3.34419113485161174e-08,-3.34419014539362996e-08,-1.67209507269681498e-08,-5.01628620754842671e-08,-5.01628521809044493e-08
1.88567500000000017e+01,1.88567500000000017e+01,2.81233021869091568e-03,-2.98283749866345982e-04,-2.98283661679866921e-04,-3.33776724098450351e-08,-3.33776625418605695e-08,-1.66888312709302881e-08,-5.00665036807753265e-08,-5.00664938127908543e-08
1.88640000000000008e+01,1.88640000000000008e+01,2.81016890868686538e-03,-2.97939963832122290e-04,-2.97939875814977231e-04,-3.33135814910475569e-08,-3.33135716495805165e-08,-1.66567858247902616e-08,-4.99703673158378185e-08,-4.99703574743707781e-08
1.88712499999999999e+01,1.88712499999999999e+01,2.80801008921535049e-03,-2.97596705901043146e-04,-2.97596618052895336e-04,-3.32496381943609084e-08,-3.32496283793358345e-08,-1.66248141896679172e-08,-4.98744523840288289e-08,-4.98744425690037550e-08
1.88785000000000025e+01,1.88785000000000025e+01,2.80585375645129968e-03,-2.97253975059585951e-04,-2.97253887379961268e-04,-3.31858421232610214e-08,-3.31858323345872748e-08,-1.65929161672936374e-08,-4.97787582905546621e-08,-4.97787485018809156e-08
1.88857500000000016e+01,1.88857500000000016e+01,2.80369990657698600e-03,-2.96911770296337529e-04,-2.96911682784849510e-04,-3.31221928824156496e-08,-3.31221831200125505e-08,-1.65610915600062753e-08,-4.96832844424219249e-08,-4.96832746800188258e-08
1.88930000000000007e+01,1.88930000000000007e+01,2.80154853578200346e-03,-2.96570090602216174e-04,-2.96570003258561730e-04,-3.30586900777056500e-08,-3.30586803415019880e-08,-1.65293401707509973e-08,-4.95880302484566507e-08,-4.95880205122529821e-08
1.89002499999999998e+01,1.89002499999999998e+01,2.79939964026325446e-03,-2.96228934970665936e-04,-2.96228847794421197e-04,-3.29953333162431876e-08,-3.29953236061544248e-08,-1.64976618030772124e-08,-4.94929951193204000e-08,-4.94929854092316373e-08
1.89075000000000024e+01,1.89075000000000024e+01,2.79725321622492813e-03,-2.95888302397351310e-04,-2.95888215388065900e-04,-3.29321222063341414e-08,-3.29321125222729740e-08,-1.64660562611364837e-08,-4.93981784674706284e-08,-4.93981687834094610e-08
1.89147500000000015e+01,1.89147500000000015e+01,2.79510925987849247e-03,-2.95548191880073974e-04,-2.95548105037443502e-04,-3.28690563574655055e-08,-3.28690466993610275e-08,-1.64345233496805171e-08,-4.93035797071460226e-08,-4.93035700490415446e-08
1.89220000000000006e+01,1.89220000000000006e+01,2.79296776744266751e-03,-2.95208602419216870e-04,-2.95208515742803861e-04,-3.28061353803512737e-08,-3.28061257481179414e-08,-1.64030628740589740e-08,-4.92091982544102477e-08,-4.92091886221769154e-08
1.89292499999999997e+01,1.89292499999999997e+01,2.79082873514341443e-03,-2.94869533017244612e-04,-2.94869446506693556e-04,-3.27433588868734653e-08,-3.27433492804350126e-08,-1.63716746402175063e-08,-4.91150335270909749e-08,-4.91150239206525156e-08
1.89365000000000023e+01,1.89365000000000023e+01,2.78869215921391696e-03,-2.94530982679008790e-04,-2.94530896333949433e-04,-3.26807264901126444e-08,-3.26807169093913098e-08,-1.63403584546956549e-08,-4.90210849448083026e-08,-4.90210753640869679e-08
1.89437500000000014e+01,1.89437500000000014e+01,2.78655803589456831e-03,-2.94192950411692467e-04,-2.94192864231693078e-04,-3.26182378043383516e-08,-3.26182282492497228e-08,-1.63091141246248647e-08,-4.89273519289632163e-08,-4.89273423738745875e-08
1.89510000000000005e+01,1.89510000000000005e+01,2.78442636143294781e-03,-2.93855435224615880e-04,-2.93855349209323823e-04,-3.25558924449841291e-08,-3.25558829154527277e-08,-1.62779414577263605e-08,-4.88338339027104896e-08,-4.88338243731790882e-08
1.89582499999999996e+01,1.89582499999999996e+01,2.78229713208381219e-03,-2.93518436129402982e-04,-2.93518350278513271e-04,-3.24936900286626355e-08,-3.24936805246184092e-08,-1.62468402623092013e-08,-4.87405302909718335e-08,-4.87405207869276137e-08
1.89655000000000022e+01,1.89655000000000022e+01,2.78017034410907131e-03,-2.93181952140175728e-04,-2.93181866453198791e-04,-3.24316301731837708e-08,-3.24316206945363715e-08,-1.62158103472681891e-08,-4.86474405204519631e-08,-4.86474310418045572e-08
1.89727500000000013e+01,1.89727500000000013e+01,2.77804599377777951e-03,-2.92845982272887939e-04,-2.92845896749578151e-04,-3.23697124974776094e-08,-3.23697030441638670e-08,-1.61848515220819335e-08,-4.85545640195595462e-08,-4.85545545662457973e-08
1.89800000000000004e+01,1.89800000000000004e+01,2.77592407736611474e-03,-2.92510525546213485e-04,-2.92510440186102686e-04,-3.23079366216893012e-08,-3.23079271936215545e-08,-1.61539635968107773e-08,-4.84619002185000784e-08,-4.84618907904323318e-08
1.89872499999999995e+01,1.89872499999999995e+01,2.77380459115735998e-03,-2.92175580980769123e-04,-2.92175495783471555e-04,-3.22463021670897492e-08,-3.22462927641896477e-08,-1.61231463820948238e-08,-4.83694485491845697e-08,-4.83694391462844748e-08
1.89945000000000022e+01,1.89945000000000022e+01,2.77168753144189277e-03,-2.91841147599419815e-04,-2.91841062564625830e-04,-3.21848087561061822e-08,-3.21847993783038919e-08,-1.60923996891519426e-08,-4.82772084452581248e-08,-4.82771990674558345e-08
1.90017500000000013e+01,1.90017500000000013e+01,2.76957289451716790e-03,-2.91507224427445255e-04,-2.91507139554742856e-04,-3.21234560123371166e-08,-3.21234466595516796e-08,-1.60617233297758398e-08,-4.81851793421129597e-08,-4.81851699893275162e-08
1.90090000000000003e+01,1.90090000000000003e+01,2.76746067668769526e-03,-2.91173810492234564e-04,-2.91173725781229426e-04,-3.20622435605153849e-08,-3.20622342326679545e-08,-1.60311171163339806e-08,-4.80933606768493654e-08,-4.80933513490019350e-08
1.90162499999999994e+01,1.90162499999999994e+01,2.76535087426503078e-03,-2.90840904823341795e-04,-2.90840820273716519e-04,-3.20011710265110341e-08,-3.20011617235313860e-08,-1.60005808617656930e-08,-4.80017518882767271e-08,-4.80017425852970790e-08
1.90235000000000021e+01,1.90235000000000021e+01,2.76324348356775601e-03,-2.90508506452735737e-04,-2.90508422064052955e-04,-3.19402380373555392e-08,-3.19402287591603861e-08,-1.59701143795801931e-08,-4.79103524169357323e-08,-4.79103431387405792e-08
1.90307500000000012e+01,1.90307500000000012e+01,2.76113850092146599e-03,-2.90176614414328071e-04,-2.90176530186300144e-04,-3.18794442211866397e-08,-3.18794349677093241e-08,-1.59397174838546654e-08,-4.78191617050413083e-08,-4.78191524515639928e-08
1.90380000000000003e+01,1.90380000000000003e+01,2.75903592265874884e-03,-2.89845227744445211e-04,-2.89845143676725357e-04,-3.18187892072969647e-08,-3.18187799784644632e-08,-1.59093899892322316e-08,-4.77281791965291963e-08,-4.77281699676966948e-08
1.90452499999999993e+01,1.90452499999999993e+01,2.75693574511917195e-03,-2.89514345481661772e-04,-2.89514261573796308e-04,-3.17582726261124870e-08,-3.17582634218402021e-08,-1.58791317109201010e-08,-4.76374043370325847e-08,-4.76373951327602998e-08
1.90525000000000020e+01,1.90525000000000020e+01,2.75483796464926411e-03,-2.89183966666523018e-04,-2.89183882918174918e-04,-3.16978941091588462e-08,-3.16978849293751242e-08,-1.58489424646875654e-08,-4.75468365738464083e-08,-4.75468273940626929e-08
1.90597500000000011e+01,1.90597500000000011e+01,2.75274257760250692e-03,-2.88854090341877923e-04,-2.88854006752712602e-04,-3.16376532890947606e-08,-3.16376441337283648e-08,-1.58188220668641824e-08,-4.74564753559589397e-08,-4.74564662005925505e-08
1.90670000000000002e+01,1.90670000000000002e+01,2.75064958033930740e-03,-2.88524715552851418e-04,-2.88524632122442678e-04,-3.15775497997056415e-08,-3.15775406686754551e-08,-1.57887703343377309e-08,-4.73663201340433724e-08,-4.73663110030131860e-08
1.90742499999999993e+01,1.90742499999999993e+01,2.74855896922699110e-03,-2.88195841346539083e-04,-2.88195758074576082e-04,-3.15175832758671041e-08,-3.15175741691047823e-08,-1.57587870845523911e-08,-4.72763703604194920e-08,-4.72763612536571767e-08
1.90815000000000019e+01,1.90815000000000019e+01,2.74647074063978213e-03,-2.87867466772367964e-04,-2.87867383658494541e-04,-3.14577533535812184e-08,-3.14577442710136052e-08,-1.57288721355068026e-08,-4.71866254890880210e-08,-4.71866164065204078e-08
1.90887500000000010e+01,1.90887500000000010e+01,2.74438489095879144e-03,-2.87539590881902285e-04,-2.87539507925745909e-04,-3.13980596699521433e-08,-3.13980506115044351e-08,-1.56990253057522176e-08,-4.70970849757043608e-08,-4.70970759172566527e-08
1.90960000000000001e+01,1.90960000000000001e+01,2.74230141657199515e-03,-2.87212212728871208e-04,-2.87212129930037175e-04,-3.13385018631859681e-08,-3.13384928287810917e-08,-1.56692464143905491e-08,-4.70077482775765140e-08,-4.70077392431716441e-08
1.91032499999999992e+01,1.91032499999999992e+01,2.74022031387422330e-03,-2.86885331369057806e-04,-2.86885248727229475e-04,-3.12790795725755057e-08,-3.12790705621450630e-08,-1.56395352810725348e-08,-4.69186148536480372e-08,-4.69186058432176011e-08
1.91105000000000018e+01,1.91105000000000018e+01,2.73814157926714329e-03,-2.86558945860465597e-04,-2.86558863375332182e-04,-3.12197924385153203e-08,-3.12197834519916679e-08,-1.56098917259958339e-08,-4.68296841645111575e-08,-4.68296751779874985e-08
1.91177500000000009e+01,1.91177500000000009e+01,2.73606520915924611e-03,-2.86233055263318548e-04,-2.86232972934497649e-04,-3.11606401024986377e-08,-3.11606311398064822e-08,-1.55803155699032411e-08,-4.67409556724018755e-08,-4.67409467097097266e-08
1.91250000000000000e+01,1.91250000000000000e+01,2.73399119996582543e-03,-2.85907658639977802e-04,-2.85907576467014435e-04,-3.11016222071051025e-08,-3.11016132681614083e-08,-1.55508066340807041e-08,-4.66524288411858033e-08,-4.66524199022421157e-08
1.91322500000000026e+01,1.91322500000000026e+01,2.73191954810896595e-03,-2.85582755054719639e-04,-2.85582673037302530e-04,-3.10427383959735741e-08,-3.10427294807110880e-08,-1.55213647403555473e-08,-4.65641031363291214e-08,-4.65640942210666354e-08
1.91395000000000017e+01,1.91395000000000017e+01,2.72985025001753166e-03,-2.85258343574040785e-04,-2.85258261711907990e-04,-3.09839883138323683e-08,-3.09839794221893298e-08,-1.54919897110946649e-08,-4.64759780249270332e-08,-4.64759691332839947e-08
1.91467500000000008e+01,1.91467500000000008e+01,2.72778330212714287e-03,-2.84934423266797188e-04,-2.84934341559496269e-04,-3.09253716065110893e-08,-3.09253627384051774e-08,-1.54626813692025887e-08,-4.63880529757136780e-08,-4.63880441076077661e-08
1.91539999999999999e+01,1.91539999999999999e+01,2.72571870088016361e-03,-2.84610993203621154e-04,-2.84610911650847180e-04,-3.08668879208743693e-08,-3.08668790762394294e-08,-1.54334395381197147e-08,-4.63003274589940840e-08,-4.63003186143591441e-08
1.91612500000000026e+01,1.91612500000000026e+01,2.72365644272568952e-03,-2.84288052457448703e-04,-2.84287971058849417e-04,-3.08085369048760521e-08,-3.08085280836409399e-08,-1.54042640418204700e-08,-4.62128009466965188e-08,-4.62127921254614132e-08
1.91685000000000016e+01,1.91685000000000016e+01,2.72159652411953050e-03,-2.83965600103269766e-04,-2.83965518858494970e-04,-3.07503182075291299e-08,-3.07503094096230521e-08,-1.53751547048115260e-08,-4.61254729123406592e-08,-4.61254641144345748e-08
1.91757500000000007e+01,1.91757500000000007e+01,2.71953894152419289e-03,-2.83643635218183698e-04,-2.83643554126873057e-04,-3.06922314789086154e-08,-3.06922227042598389e-08,-1.53461113521299161e-08,-4.60383428310385315e-08,-4.60383340563897550e-08
1.91829999999999998e+01,1.91829999999999998e+01,2.71748369140886736e-03,-2.83322156881371523e-04,-2.83322075943165028e-04,-3.06342763701456524e-08,-3.06342676186826029e-08,-1.53171338093413014e-08,-4.59514101794869539e-08,-4.59514014280239043e-08
1.91902500000000025e+01,1.91902500000000025e+01,2.71543077024941244e-03,-2.83001164174040420e-04,-2.83001083388638723e-04,-3.05764525334184431e-08,-3.05764438050762564e-08,-1.52882219025381249e-08,-4.58646744359565713e-08,-4.58646657076143779e-08
1.91975000000000016e+01,1.91975000000000016e+01,2.71338017452834365e-03,-2.82680656179618017e-04,-2.82680575546643436e-04,-3.05187596219703402e-08,-3.05187509166758141e-08,-1.52593754583379037e-08,-4.57781350803082407e-08,-4.57781263750137211e-08
1.92047500000000007e+01,1.92047500000000007e+01,2.71133190073480877e-03,-2.82360631983502586e-04,-2.82360551502603134e-04,-3.04611972900797906e-08,-3.04611886077626412e-08,-1.52305943038813239e-08,-4.56917915939611145e-08,-4.56917829116439651e-08
1.92119999999999997e+01,1.92119999999999997e+01,2.70928594536458314e-03,-2.82041090673174066e-04,-2.82041010344012395e-04,-3.04037651930694541e-08,-3.04037565336611247e-08,-1.52018782668305656e-08,-4.56056434599000197e-08,-4.56056348004916903e-08
1.92192500000000024e+01,1.92192500000000024e+01,2.70724230492004701e-03,-2.81722031338221823e-04,-2.81721951160429954e-04,-3.03464629873061901e-08,-3.03464543507349476e-08,-1.51732271753674738e-08,-4.55196901626736639e-08,-4.55196815261024214e-08
1.92265000000000015e+01,1.92265000000000015e+01,2.70520097591017868e-03,-2.81403453070150356e-04,-2.81403373043474206e-04,-3.02892903301772220e-08,-3.02892817163837410e-08,-1.51446408581918738e-08,-4.54339311883690991e-08,-4.54339225745756181e-08
1.92337500000000006e+01,1.92337500000000006e+01,2.70316195485053017e-03,-2.81085354962767875e-04,-2.81085275086816698e-04,-3.02322468801290404e-08,-3.02322382890394240e-08,-1.51161191445197120e-08,-4.53483660246487524e-08,-4.53483574335591359e-08
1.92409999999999997e+01,1.92409999999999997e+01,2.70112523826321902e-03,-2.80767736111742217e-04,-2.80767656386177362e-04,-3.01753322966166813e-08,-3.01753237281627498e-08,-1.50876618640813716e-08,-4.52629941606980496e-08,-4.52629855922441247e-08
1.92482500000000023e+01,1.92482500000000023e+01,2.69909082267690914e-03,-2.80450595614961662e-04,-2.80450516039318766e-04,-3.01185462401395786e-08,-3.01185376942398118e-08,-1.50592688471199059e-08,-4.51778150872594812e-08,-4.51778065413597144e-08
1.92555000000000014e+01,1.92555000000000014e+01,2.69705870462680179e-03,-2.80133932571979827e-04,-2.80133853146041561e-04,-3.00618883721791555e-08,-3.00618798487786947e-08,-1.50309399243893473e-08,-4.50928282965684995e-08,-4.50928197731680453e-08
1.92627500000000005e+01,1.92627500000000005e+01,2.69502888065461599e-03,-2.79817746084737307e-04,-2.79817666808178031e-04,-3.00053583552733564e-08,-3.00053498543058419e-08,-1.50026749271529209e-08,-4.50080332824262773e-08,-4.50080247814587628e-08
1.92699999999999996e+01,1.92699999999999996e+01,2.69300134730857382e-03,-2.79502035257089831e-04,-2.79501956129587321e-04,-2.99489558529631122e-08,-2.99489473743626673e-08,-1.49744736871813337e-08,-4.49234295401444458e-08,-4.49234210615440010e-08
1.92772500000000022e+01,1.92772500000000022e+01,2.69097610114338737e-03,-2.79186799194947044e-04,-2.79186720216149801e-04,-2.98926805298043704e-08,-2.98926720735021341e-08,-1.49463360367510670e-08,-4.48390165665554375e-08,-4.48390081102532011e-08
1.92845000000000013e+01,1.92845000000000013e+01,2.68895313872024666e-03,-2.78872037006244744e-04,-2.78871958175762563e-04,-2.98365320513623317e-08,-2.98365236172854259e-08,-1.49182618086427130e-08,-4.47547938600050414e-08,-4.47547854259281422e-08
1.92917500000000004e+01,1.92917500000000004e+01,2.68693245660679746e-03,-2.78557747800806110e-04,-2.78557669118332705e-04,-2.97805100841936751e-08,-2.97805016722783309e-08,-1.48902508361391638e-08,-4.46707609203328423e-08,-4.46707525084174948e-08
1.92989999999999995e+01,1.92989999999999995e+01,2.68491405137713567e-03,-2.78243930690535990e-04,-2.78243852155773421e-04,-2.97246142958645545e-08,-2.97246059060480352e-08,-1.48623029530240193e-08,-4.45869172488885721e-08,-4.45869088590720561e-08
1.93062500000000021e+01,1.93062500000000021e+01,2.68289791961178392e-03,-2.77930584789476409e-04,-2.77930506401997664e-04,-2.96688443549537151e-08,-2.96688359871596223e-08,-1.48344179935798111e-08,-4.45032623485335262e-08,-4.45032539807394301e-08
1.93135000000000012e+01,1.93135000000000012e+01,2.68088405789768808e-03,-2.77617709213334729e-04,-2.77617630972914076e-04,-2.96131999309992927e-08,-2.96131915851728471e-08,-1.48065957925864219e-08,-4.44197957235857113e-08,-4.44197873777592691e-08
1.93207500000000003e+01,1.93207500000000003e+01,2.67887246282819125e-03,-2.77305303080149779e-04,-2.77305224986420433e-04,-2.95576806945670991e-08,-2.95576723706385960e-08,-1.47788361853192980e-08,-4.43365168798863971e-08,-4.43365085559578940e-08
1.93279999999999994e+01,1.93279999999999994e+01,2.67686313100302638e-03,-2.76993365509764500e-04,-2.76993287562399249e-04,-2.95022863171915812e-08,-2.95022780150956700e-08,-1.47511390075478350e-08,-4.42534253247394146e-08,-4.42534170226435033e-08
1.93352500000000020e+01,1.93352500000000020e+01,2.67485605902829894e-03,-2.76681895624075747e-04,-2.76681817822712250e-04,-2.94470164713996571e-08,-2.94470081910673741e-08,-1.47235040955336887e-08,-4.41705205669333442e-08,-4.41705122866010644e-08
1.93425000000000011e+01,1.93425000000000011e+01,2.67285124351647691e-03,-2.76370892546839997e-04,-2.76370814891195712e-04,-2.93918708306873432e-08,-2.93918625720583504e-08,-1.46959312860291769e-08,-4.40878021167165217e-08,-4.40877938580875289e-08
1.93497500000000002e+01,1.93497500000000002e+01,2.67084868108637043e-03,-2.76060355403950908e-04,-2.76060277893654495e-04,-2.93368490695464290e-08,-2.93368408325510647e-08,-1.46684204162755307e-08,-4.40052694858219597e-08,-4.40052612488265921e-08
1.93569999999999993e+01,1.93569999999999993e+01,2.66884836836312010e-03,-2.75750283323106249e-04,-2.75750205957857113e-04,-2.92819508634263545e-08,-2.92819426480026164e-08,-1.46409713240013099e-08,-4.39229221874276627e-08,-4.39229139720039279e-08
1.93642500000000020e+01,1.93642500000000020e+01,2.66685030197818477e-03,-2.75440675434002191e-04,-2.75440598213531071e-04,-2.92271758887521526e-08,-2.92271676948414732e-08,-1.46135838474207382e-08,-4.38407597361728925e-08,-4.38407515422622131e-08
1.93715000000000011e+01,1.93715000000000011e+01,2.66485447856932645e-03,-2.75131530868472085e-04,-2.75131453792357443e-04,-2.91725238229364342e-08,-2.91725156504642216e-08,-1.45862578252321124e-08,-4.37587816481685450e-08,-4.37587734756963357e-08
1.93787500000000001e+01,1.93787500000000001e+01,2.66286089478059247e-03,-2.74822848760042371e-04,-2.74822771827965397e-04,-2.91179943443295086e-08,-2.91179861932322021e-08,-1.45589930966161027e-08,-4.36769874409456129e-08,-4.36769792898483065e-08
1.93859999999999992e+01,1.93859999999999992e+01,2.66086954726230639e-03,-2.74514628244237890e-04,-2.74514551455927642e-04,-2.90635871322491289e-08,-2.90635790024683594e-08,-1.45317895012341797e-08,-4.35953766334833102e-08,-4.35953685037025408e-08
1.93932500000000019e+01,1.93932500000000019e+01,2.65888043267105065e-03,-2.74206868458637398e-04,-2.74206791813754846e-04,-2.90093018669836356e-08,-2.90092937584539434e-08,-1.45046468792269717e-08,-4.35139487462106073e-08,-4.35139406376809151e-08
1.94005000000000010e+01,1.94005000000000010e+01,2.65689354766965573e-03,-2.73899568542651517e-04,-2.73899492040891295e-04,-2.89551382297657945e-08,-2.89551301424254090e-08,-1.44775650712127062e-08,-4.34327033009785040e-08,-4.34326952136381152e-08
1.94077500000000001e+01,1.94077500000000001e+01,2.65490888892718283e-03,-2.73592727637689270e-04,-2.73592651278709042e-04,-2.89010959027876890e-08,-2.89010878365710545e-08,-1.44505439182855256e-08,-4.33516398210732179e-08,-4.33516317548565801e-08
1.94150000000000027e+01,1.94150000000000027e+01,2.65292645311890904e-03,-2.73286344887019306e-04,-2.73286268670503080e-04,-2.88471745691833991e-08,-2.88471665240278683e-08,-1.44235832620139358e-08,-4.32707578311973316e-08,-4.32707497860418041e-08
1.94222500000000018e+01,1.94222500000000018e+01,2.65094623692632052e-03,-2.72980419435853161e-04,-2.72980343361487008e-04,-2.87933739130352185e-08,-2.87933658888784882e-08,-1.43966829444392424e-08,-4.31900568574744643e-08,-4.31900488333177306e-08
1.94295000000000009e+01,1.94295000000000009e+01,2.64896823703708985e-03,-2.72674950431345264e-04,-2.72674874498786846e-04,-2.87396936193708953e-08,-2.87396856161477835e-08,-1.43698428080738917e-08,-4.31095364274447853e-08,-4.31095284242216768e-08
1.94367500000000000e+01,1.94367500000000000e+01,2.64699245014506654e-03,-2.72369937022481912e-04,-2.72369861231436976e-04,-2.86861333741493576e-08,-2.86861253917998838e-08,-1.43430626958999403e-08,-4.30291960700492978e-08,-4.30291880876998208e-08
1.94440000000000026e+01,1.94440000000000026e+01,2.64501887295026314e-03,-2.72065378360247800e-04,-2.72065302710374716e-04,-2.86326928642756232e-08,-2.86326849027349266e-08,-1.43163424513674633e-08,-4.29490353156430865e-08,-4.29490273541023899e-08
1.94512500000000017e+01,1.94512500000000017e+01,2.64304750215884265e-03,-2.71761273597403985e-04,-2.71761198088435712e-04,-2.85793717775748326e-08,-2.85793638367860362e-08,-1.42896819183930148e-08,-4.28690536959678490e-08,-4.28690457551790494e-08
1.94585000000000008e+01,1.94585000000000008e+01,2.64107833448310120e-03,-2.71457621888765432e-04,-2.71457546520348521e-04,-2.85261698028187946e-08,-2.85261618827160384e-08,-1.42630809413580192e-08,-4.27892507441768171e-08,-4.27892428240740576e-08
1.94657499999999999e+01,1.94657499999999999e+01,2.63911136664145632e-03,-2.71154422390840200e-04,-2.71154347162730054e-04,-2.84730866296854648e-08,-2.84730787302144625e-08,-1.42365393651072346e-08,-4.27096259947927027e-08,-4.27096180953216937e-08
1.94730000000000025e+01,1.94730000000000025e+01,2.63714659535843306e-03,-2.70851674262301279e-04,-2.70851599174080264e-04,-2.84201219488059754e-08,-2.84201140698943752e-08,-1.42100570349471892e-08,-4.26301789837531663e-08,-4.26301711048415661e-08
1.94802500000000016e+01,1.94802500000000016e+01,2.63518401736465274e-03,-2.70549376663375973e-04,-2.70549301714778027e-04,-2.83672754516979018e-08,-2.83672675932893958e-08,-1.41836337966446979e-08,-4.25509092483425981e-08,-4.25509013899340921e-08
1.94875000000000007e+01,1.94875000000000007e+01,2.63322362939681425e-03,-2.70247528756345501e-04,-2.70247453947075231e-04,-2.83145468308151449e-08,-2.83145389928504606e-08,-1.41572694964252303e-08,-4.24718163272403719e-08,-4.24718084892756943e-08
1.94947499999999998e+01,1.94947499999999998e+01,2.63126542819768590e-03,-2.69946129705322946e-04,-2.69946055035092606e-04,-2.82619357795220765e-08,-2.82619279619428548e-08,-1.41309639809714290e-08,-4.23928997604935022e-08,-4.23928919429142871e-08
1.95020000000000024e+01,1.95020000000000024e+01,2.62930941051608622e-03,-2.69645178676392039e-04,-2.69645104144814460e-04,-2.82094419921055272e-08,-2.82094341948431219e-08,-1.41047170974215610e-08,-4.23141590895270865e-08,-4.23141512922646845e-08
1.95092500000000015e+01,1.95092500000000015e+01,2.62735557310687798e-03,-2.69344674837246334e-04,-2.69344600444084510e-04,-2.81570651637344957e-08,-2.81570573867360964e-08,-1.40785286933680482e-08,-4.22355938571025422e-08,-4.22355860801041462e-08
1.95165000000000006e+01,1.95165000000000006e+01,2.62540391273094649e-03,-2.69044617357772076e-04,-2.69044543102599969e-04,-2.81048049905185646e-08,-2.81047972337117135e-08,-1.40523986168558584e-08,-4.21572036073744246e-08,-4.21571958505675736e-08
1.95237499999999997e+01,1.95237499999999997e+01,2.62345442615519089e-03,-2.68745005409298798e-04,-2.68744931291907646e-04,-2.80526611694270614e-08,-2.80526534327621245e-08,-1.40263267163810639e-08,-4.20789878858081253e-08,-4.20789801491431884e-08
1.95310000000000024e+01,1.95310000000000024e+01,2.62150711015251116e-03,-2.68445838165265460e-04,-2.68445764185398685e-04,-2.80006333983561632e-08,-2.80006256817786125e-08,-1.40003128408893063e-08,-4.20009462392454711e-08,-4.20009385226679205e-08
1.95382500000000014e+01,1.95382500000000014e+01,2.61956196150179427e-03,-2.68147114801026154e-04,-2.68147040958304232e-04,-2.79487213761060756e-08,-2.79487136795486781e-08,-1.39743568397743390e-08,-4.19230782158804179e-08,-4.19230705193230204e-08
1.95455000000000005e+01,1.95455000000000005e+01,2.61761897698789677e-03,-2.67848834493572552e-04,-2.67848760787689900e-04,-2.78969248023495511e-08,-2.78969171257529018e-08,-1.39484585628764526e-08,-4.18453833652260036e-08,-4.18453756886293544e-08
1.95527499999999996e+01,1.95527499999999996e+01,2.61567815340163793e-03,-2.67550996421755949e-04,-2.67550922852451763e-04,-2.78452433776526308e-08,-2.78452357209621029e-08,-1.39226178604810515e-08,-4.17678612381336840e-08,-4.17678535814431560e-08
1.95600000000000023e+01,1.95600000000000023e+01,2.61373948753978059e-03,-2.67253599766426042e-04,-2.67253526333310876e-04,-2.77936768034865863e-08,-2.77936691666342814e-08,-1.38968345833171407e-08,-4.16905113868037286e-08,-4.16905037499514204e-08
1.95672500000000014e+01,1.95672500000000014e+01,2.61180297620502468e-03,-2.66956643709986841e-04,-2.66956570412809594e-04,-2.77422247821792375e-08,-2.77422171651117660e-08,-1.38711085825558863e-08,-4.16133333647351205e-08,-4.16133257476676490e-08
1.95745000000000005e+01,1.95745000000000005e+01,2.60986861620598597e-03,-2.66660127436840755e-04,-2.66660054275305711e-04,-2.76908870169587047e-08,-2.76908794196181508e-08,-1.38454397098090754e-08,-4.15363267267677818e-08,-4.15363191294272246e-08
1.95817499999999995e+01,1.95817499999999995e+01,2.60793640435719089e-03,-2.66364050133083285e-04,-2.66363977106968562e-04,-2.76396632119192192e-08,-2.76396556342554326e-08,-1.38198278171277163e-08,-4.14594910290469388e-08,-4.14594834513831488e-08
1.95890000000000022e+01,1.95890000000000022e+01,2.60600633747905567e-03,-2.66068410986891601e-04,-2.66068338095773709e-04,-2.75885530720590048e-08,-2.75885455140010332e-08,-1.37942727570005150e-08,-4.13828258290595181e-08,-4.13828182710015498e-08
1.95962500000000013e+01,1.95962500000000013e+01,2.60407841239788029e-03,-2.65773209187913917e-04,-2.65773136431498875e-04,-2.75375563032145271e-08,-2.75375487647049774e-08,-1.37687743823524920e-08,-4.13063306855670191e-08,-4.13063231470574728e-08
1.96035000000000004e+01,1.96035000000000004e+01,2.60215262594583156e-03,-2.65478443927685825e-04,-2.65478371305719009e-04,-2.74866726121012633e-08,-2.74866650930869247e-08,-1.37433325465434640e-08,-4.12300051586447290e-08,-4.12299976396303871e-08
1.96107499999999995e+01,1.96107499999999995e+01,2.60022897496092927e-03,-2.65184114399630300e-04,-2.65184041911801355e-04,-2.74359017063112376e-08,-2.74358942067332379e-08,-1.37179471033666206e-08,-4.11538488096778582e-08,-4.11538413100998586e-08
1.96180000000000021e+01,1.96180000000000021e+01,2.59830745628703615e-03,-2.64890219798863402e-04,-2.64890147444901225e-04,-2.73852432942905511e-08,-2.73852358140941939e-08,-1.36926179070470936e-08,-4.10778612013376447e-08,-4.10778537211412876e-08
1.96252500000000012e+01,1.96252500000000012e+01,2.59638806677384495e-03,-2.64596759322360819e-04,-2.64596687101957388e-04,-2.73346970853542021e-08,-2.73346896244810752e-08,-1.36673448122405409e-08,-4.10020418975947414e-08,-4.10020344367216144e-08
1.96325000000000003e+01,1.96325000000000003e+01,2.59447080327686232e-03,-2.64303732168874594e-04,-2.64303660081687247e-04,-2.72842627896750777e-08,-2.72842553480633113e-08,-1.36421276740316540e-08,-4.09263904637067350e-08,-4.09263830220949653e-08
1.96397499999999994e+01,1.96397499999999994e+01,2.59255566265739670e-03,-2.64011137538849860e-04,-2.64011065584581958e-04,-2.72339401182729855e-08,-2.72339326958655736e-08,-1.36169663479327901e-08,-4.08509064662057723e-08,-4.08508990437983636e-08
1.96470000000000020e+01,1.96470000000000020e+01,2.59064264178254832e-03,-2.63718974634480352e-04,-2.63718902812902533e-04,-2.71837287830180449e-08,-2.71837213797650357e-08,-1.35918606898825195e-08,-4.07755894729005644e-08,-4.07755820696475551e-08
1.96542500000000011e+01,1.96542500000000011e+01,2.58873173752519666e-03,-2.63427242659847183e-04,-2.63427170970675223e-04,-2.71336284966426516e-08,-2.71336211124885313e-08,-1.35668105562442673e-08,-4.07004390528869156e-08,-4.07004316687327986e-08
1.96615000000000002e+01,1.96615000000000002e+01,2.58682294676398092e-03,-2.63135940820835579e-04,-2.63135869263685996e-04,-2.70836389727304892e-08,-2.70836316076096360e-08,-1.35418158038048130e-08,-4.06254547765353023e-08,-4.06254474114144524e-08
1.96687499999999993e+01,1.96687499999999993e+01,2.58491626638329523e-03,-2.62845068324801812e-04,-2.62844996899477118e-04,-2.70337599256798952e-08,-2.70337525795459440e-08,-1.35168762897729720e-08,-4.05506362154528688e-08,-4.05506288693189176e-08
1.96760000000000019e+01,1.96760000000000019e+01,2.58301169327327046e-03,-2.62554624381183821e-04,-2.62554553087341951e-04,-2.69839910707644402e-08,-2.69839837435562590e-08,-1.34919918717781311e-08,-4.04759829425425680e-08,-4.04759756153343901e-08
1.96832500000000010e+01,1.96832500000000010e+01,2.58110922432976770e-03,-2.62264608200918348e-04,-2.62264537038321157e-04,-2.69343321240706281e-08,-2.69343248157378680e-08,-1.34671624078689340e-08,-4.04014945319395604e-08,-4.04014872236068037e-08
1.96905000000000001e+01,1.96905000000000001e+01,2.57920885645435789e-03,-2.61975018996912778e-04,-2.61974947965197221e-04,-2.68847828025440163e-08,-2.68847755130236164e-08,-1.34423877565118099e-08,-4.03271705590558228e-08,-4.03271632695354229e-08
1.96977499999999992e+01,1.96977499999999992e+01,2.57731058655431269e-03,-2.61685855983601057e-04,-2.61685785082490391e-04,-2.68353428239413715e-08,-2.68353355531792409e-08,-1.34176677765896238e-08,-4.02530106005309936e-08,-4.02530033297688663e-08
1.97050000000000018e+01,1.97050000000000018e+01,2.57541441154259497e-03,-2.61397118377221238e-04,-2.61397047606454658e-04,-2.67860119068568322e-08,-2.67860046548006202e-08,-1.33930023274003118e-08,-4.01790142342571423e-08,-4.01790069822009303e-08
1.97122500000000009e+01,1.97122500000000009e+01,2.57352032833784274e-03,-2.61108805395759980e-04,-2.61108734755072886e-04,-2.67367897707139771e-08,-2.67367825373110386e-08,-1.33683912686555193e-08,-4.01051810393694981e-08,-4.01051738059665596e-08
1.97195000000000000e+01,1.97195000000000000e+01,2.57162833386435658e-03,-2.60820916258980295e-04,-2.60820845748052090e-04,-2.66876761357662952e-08,-2.66876689209583637e-08,-1.33438344604791802e-08,-4.00315105962454771e-08,-4.00315033814375455e-08
1.97267500000000027e+01,1.97267500000000027e+01,2.56973842505208707e-03,-2.60533450188338289e-04,-2.60533379806819317e-04,-2.66386707230864326e-08,-2.66386635268123761e-08,-1.33193317634061880e-08,-3.99580024864926190e-08,-3.99579952902185625e-08
1.97340000000000018e+01,1.97340000000000018e+01,2.56785059883662568e-03,-2.60246406406816622e-04,-2.60246336154517635e-04,-2.65897732545469224e-08,-2.65897660767621227e-08,-1.32948830383810613e-08,-3.98846562929279870e-08,-3.98846491151431840e-08
1.97412500000000009e+01,1.97412500000000009e+01,2.56596485215918870e-03,-2.59959784139368599e-04,-2.59959714016000875e-04,-2.65409834528633301e-08,-2.65409762935130908e-08,-1.32704881467565437e-08,-3.98114715996198771e-08,-3.98114644402696345e-08
1.97484999999999999e+01,1.97484999999999999e+01,2.56408118196660515e-03,-2.59673582612585108e-04,-2.59673512617829727e-04,-2.64923010415578947e-08,-2.64922939005845546e-08,-1.32461469502922773e-08,-3.97384479918501720e-08,-3.97384408508768319e-08
1.97557500000000026e+01,1.97557500000000026e+01,2.56219958521130544e-03,-2.59387801054694611e-04,-2.59387731188267243e-04,-2.64437257449573808e-08,-2.64437186223069085e-08,-1.32218593111534526e-08,-3.96655850561108334e-08,-3.96655779334603578e-08
1.97630000000000017e+01,1.97630000000000017e+01,2.56032005885131145e-03,-2.59102438695618664e-04,-2.59102368957274821e-04,-2.63952572881965099e-08,-2.63952501838190364e-08,-1.31976250919095182e-08,-3.95928823801060265e-08,-3.95928752757285530e-08
1.97702500000000008e+01,1.97702500000000008e+01,2.55844259985021916e-03,-2.58817494767082934e-04,-2.58817425156507275e-04,-2.63468953972269802e-08,-2.63468883110655260e-08,-1.31734441555327647e-08,-3.95203395527597432e-08,-3.95203324665982890e-08
1.97774999999999999e+01,1.97774999999999999e+01,2.55656720517718908e-03,-2.58532968502395155e-04,-2.58532899019308716e-04,-2.62986397987927105e-08,-2.62986327307940977e-08,-1.31493163653970505e-08,-3.94479561641897626e-08,-3.94479490961911498e-08
1.97847500000000025e+01,1.97847500000000025e+01,2.55469387180693374e-03,-2.58248859136583908e-04,-2.58248789780708211e-04,-2.62504902204417084e-08,-2.62504831705529181e-08,-1.31252415852764590e-08,-3.93757318057181658e-08,-3.93757247558293755e-08
1.97920000000000016e+01,1.97920000000000016e+01,2.55282259671970853e-03,-2.57965165906370864e-04,-2.57965096677415938e-04,-2.62024463905211077e-08,-2.62024393586880556e-08,-1.31012196793440278e-08,-3.93036660698651355e-08,-3.93036590380320833e-08
1.97992500000000007e+01,1.97992500000000007e+01,2.55095337690129176e-03,-2.57681888050115271e-04,-2.57681818947817873e-04,-2.61545080381692736e-08,-2.61545010243406875e-08,-1.30772505121703438e-08,-3.92317585503396190e-08,-3.92317515365110330e-08
1.98064999999999998e+01,1.98064999999999998e+01,2.54908620934298251e-03,-2.57399024807813959e-04,-2.57398955831972590e-04,-2.61066748933136715e-08,-2.61066678974446423e-08,-1.30533339487223228e-08,-3.91600088420359927e-08,-3.91600018461669668e-08
1.98137500000000024e+01,1.98137500000000024e+01,2.54722109104157761e-03,-2.57116575421434401e-04,-2.57116506571605785e-04,-2.60589466867024561e-08,-2.60589397087236528e-08,-1.30294698543618297e-08,-3.90884165410642841e-08,-3.90884095630854808e-08
1.98210000000000015e+01,1.98210000000000015e+01,2.54535801899937126e-03,-2.56834539134082052e-04,-2.56834470410107569e-04,-2.60113231498178747e-08,-2.60113161896889343e-08,-1.30056580948444671e-08,-3.90169812446623386e-08,-3.90169742845333981e-08
1.98282500000000006e+01,1.98282500000000006e+01,2.54349699022413372e-03,-2.56552915190944031e-04,-2.56552846592526666e-04,-2.59638040149697726e-08,-2.59637970726364020e-08,-1.29818985363181994e-08,-3.89457025512879736e-08,-3.89456956089545998e-08
1.98354999999999997e+01,1.98354999999999997e+01,2.54163800172910312e-03,-2.56271702838734017e-04,-2.56271634365567102e-04,-2.59163890152371733e-08,-2.59163820906442064e-08,-1.29581910453221015e-08,-3.88745800605592765e-08,-3.88745731359663063e-08
1.98427500000000023e+01,1.98427500000000023e+01,2.53978105053297154e-03,-2.55990901325747755e-04,-2.55990832977583387e-04,-2.58690778844717866e-08,-2.58690709775701021e-08,-1.29345354887850510e-08,-3.88036133732568409e-08,-3.88036064663551531e-08
1.98500000000000014e+01,1.98500000000000014e+01,2.53792613365987942e-03,-2.55710509901974081e-04,-2.55710441678577260e-04,-2.58218703573071468e-08,-2.58218634680490229e-08,-1.29109317340245098e-08,-3.87328020913316550e-08,-3.87327952020735311e-08
1.98572500000000005e+01,1.98572500000000005e+01,2.53607324813939338e-03,-2.55430527819178188e-04,-2.55430459720192211e-04,-2.57747661691647970e-08,-2.57747592974903127e-08,-1.28873796487451580e-08,-3.86621458179099583e-08,-3.86621389462354708e-08
1.98644999999999996e+01,1.98644999999999996e+01,2.53422239100650195e-03,-2.55150954330513047e-04,-2.55150886355710123e-04,-2.57277650562129958e-08,-2.57277582020753593e-08,-1.28638791010376813e-08,-3.85916441572506788e-08,-3.85916373031130422e-08
1.98717500000000022e+01,1.98717500000000022e+01,2.53237355930160035e-03,-2.54871788690935741e-04,-2.54871720840046825e-04,-2.56808667554066211e-08,-2.56808599187549606e-08,-1.28404299593774820e-08,-3.85212967147841047e-08,-3.85212898781324443e-08
1.98790000000000013e+01,1.98790000000000013e+01,2.53052675007048311e-03,-2.54593030156985423e-04,-2.54592962429748247e-04,-2.56340710044626883e-08,-2.56340641852469132e-08,-1.28170320926234566e-08,-3.84511030970861432e-08,-3.84510962778703715e-08
1.98862500000000004e+01,1.98862500000000004e+01,2.52868196036432459e-03,-2.54314677986838822e-04,-2.54314610382985697e-04,-2.55873775418637752e-08,-2.55873707400333547e-08,-1.27936853700166757e-08,-3.83810629118804509e-08,-3.83810561100500304e-08
1.98934999999999995e+01,1.98934999999999995e+01,2.52683918723967419e-03,-2.54036731440310248e-04,-2.54036663959552017e-04,-2.55407861068560169e-08,-2.55407793223583455e-08,-1.27703896611791744e-08,-3.83111757680351913e-08,-3.83111689835375200e-08
1.99007500000000022e+01,1.99007500000000022e+01,2.52499842775843943e-03,-2.53759189778879346e-04,-2.53759122420857408e-04,-2.54942964394497406e-08,-2.54942896722253475e-08,-1.27471448361126738e-08,-3.82414412755624127e-08,-3.82414345083380196e-08
1.99080000000000013e+01,1.99080000000000013e+01,2.52315967898788032e-03,-2.53482052265330271e-04,-2.53481985029925690e-04,-2.54479082803812176e-08,-2.54479015303948019e-08,-1.27239507651973993e-08,-3.81718590455786153e-08,-3.81718522955922029e-08
1.99152500000000003e+01,1.99152500000000003e+01,2.52132293800059245e-03,-2.53205318164473336e-04,-2.53205251051389529e-04,-2.54016213711830291e-08,-2.54016146383815387e-08,-1.27008073191907677e-08,-3.81024286903737968e-08,-3.81024219575723065e-08
1.99224999999999994e+01,1.99224999999999994e+01,2.51948820187449570e-03,-2.52928986742534390e-04,-2.52928919751486589e-04,-2.53554354541207078e-08,-2.53554287384523680e-08,-1.26777143692261807e-08,-3.80331498233468869e-08,-3.80331431076785503e-08
1.99297500000000021e+01,1.99297500000000021e+01,2.51765546769282516e-03,-2.52653057267321346e-04,-2.52652990398055633e-04,-2.53093502722073727e-08,-2.53093435736236046e-08,-1.26546717868118040e-08,-3.79640220590191733e-08,-3.79640153604354119e-08
1.99370000000000012e+01,1.99370000000000012e+01,2.51582473254411895e-03,-2.52377529008362966e-04,-2.52377462260532559e-04,-2.52633655692156795e-08,-2.52633588876586997e-08,-1.26316794438293499e-08,-3.78950450130450293e-08,-3.78950383314880529e-08
1.99442500000000003e+01,1.99442500000000003e+01,2.51399599352220438e-03,-2.52102401236520279e-04,-2.52102334609945633e-04,-2.52174810896367732e-08,-2.52174744250656363e-08,-1.26087372125328182e-08,-3.78262183021695880e-08,-3.78262116375984545e-08
1.99514999999999993e+01,1.99514999999999993e+01,2.51216924772618968e-03,-2.51827673224513937e-04,-2.51827606718912347e-04,-2.51716965787311131e-08,-2.51716899310946464e-08,-1.25858449655473216e-08,-3.77575415442784330e-08,-3.77575348966419696e-08
1.99587500000000020e+01,1.99587500000000020e+01,2.51034449226044841e-03,-2.51553344246535637e-04,-2.51553277861634426e-04,-2.51260117824875309e-08,-2.51260051517356535e-08,-1.25630025758678284e-08,-3.76890143583553593e-08,-3.76890077276034852e-08
1.99660000000000011e+01,1.99660000000000011e+01,2.50852172423461466e-03,-2.51279413578359145e-04,-2.51279347313895069e-04,-2.50804264476323788e-08,-2.50804198337160489e-08,-1.25402099168580228e-08,-3.76206363644904000e-08,-3.76206297505740734e-08
1.99732500000000002e+01,1.99732500000000002e+01,2.50670094076356270e-03,-2.51005880497340295e-04,-2.51005814353053470e-04,-2.50349403216274458e-08,-2.50349337244980449e-08,-1.25174668622490225e-08,-3.75524071838764649e-08,-3.75524005867470674e-08
1.99804999999999993e+01,1.99804999999999993e+01,2.50488213896740350e-03,-2.50732744282389231e-04,-2.50732678258041946e-04,-2.49895531526652386e-08,-2.49895465722764646e-08,-1.24947732861382323e-08,-3.74843264388034708e-08,-3.74843198584147002e-08
1.99877500000000019e+01,1.99877500000000019e+01,2.50306531597146737e-03,-2.50460004214136944e-04,-2.50459938309361221e-04,-2.49442646896835770e-08,-2.49442581259762302e-08,-1.24721290629881151e-08,-3.74163937526716954e-08,-3.74163871889643452e-08
1.99950000000000010e+01,1.99950000000000010e+01,2.50125046890629834e-03,-2.50187659574407917e-04,-2.50187593789077066e-04,-2.48990746823110925e-08,-2.48990681352501036e-08,-1.24495340676250551e-08,-3.73486087499361509e-08,-3.73486022028751621e-08
2.00022500000000001e+01,2.00022500000000001e+01,2.49943759490763896e-03,-2.49915709646969519e-04,-2.49915643980816069e-04,-2.48539828809398644e-08,-2.48539763504762280e-08,-1.24269881752381140e-08,-3.72809710561779800e-08,-3.72809645257143437e-08
2.00095000000000027e+01,2.00095000000000027e+01,2.49762669111641645e-03,-2.49644153717087924e-04,-2.49644088169760972e-04,-2.48089890366791807e-08,-2.48089825227556990e-08,-1.24044912613778512e-08,-3.72134802980570351e-08,-3.72134737841335501e-08
2.00167500000000018e+01,2.00167500000000018e+01,2.49581775467874051e-03,-2.49372991071333816e-04,-2.49372925642648289e-04,-2.47640929013343821e-08,-2.47640864039104239e-08,-1.23820432019552153e-08,-3.71461361032895973e-08,-3.71461296058656392e-08
2.00240000000000009e+01,2.00240000000000009e+01,2.49401078274588250e-03,-2.49102220998081991e-04,-2.49102155687762935e-04,-2.47192942274544643e-08,-2.47192877464805643e-08,-1.23596438732402822e-08,-3.70789381006947448e-08,-3.70789316197208481e-08
2.00312500000000000e+01,2.00312500000000000e+01,2.49220577247426895e-03,-2.48831842787178292e-04,-2.48831777594934816e-04,-2.46745927682970790e-08,-2.46745863037222827e-08,-1.23372931518611397e-08,-3.70118859201582220e-08,-3.70118794555834191e-08
2.00385000000000026e+01,2.00385000000000026e+01,2.49040272102546813e-03,-2.48561855729911851e-04,-2.48561790655534866e-04,-2.46299882778238245e-08,-2.46299818296053801e-08,-1.23149909148026901e-08,-3.69449791926265163e-08,-3.69449727444080718e-08
2.00457500000000017e+01,2.00457500000000017e+01,2.48860162556618480e-03,-2.48292259119264891e-04,-2.48292194162471800e-04,-2.45854805107231467e-08,-2.45854740788111089e-08,-1.22927370394055544e-08,-3.68782175501287028e-08,-3.68782111182166617e-08
2.00530000000000008e+01,2.00530000000000008e+01,2.48680248326823942e-03,-2.48023052249662923e-04,-2.48022987410186958e-04,-2.45410692223835538e-08,-2.45410628067296318e-08,-1.22705314033648159e-08,-3.68116006257483730e-08,-3.68115942100944477e-08
2.00602499999999999e+01,2.00602499999999999e+01,2.48500529130856514e-03,-2.47754234417002506e-04,-2.47754169694651384e-04,-2.44967541688945434e-08,-2.44967477694579043e-08,-1.22483738847289505e-08,-3.67451280536234955e-08,-3.67451216541868564e-08
2.00675000000000026e+01,2.00675000000000026e+01,2.48321004686919257e-03,-2.47485804918901042e-04,-2.47485740313361645e-04,-2.44525351070693267e-08,-2.44525287237972791e-08,-1.22262643618986396e-08,-3.66787994689679630e-08,-3.66787930856959220e-08
2.00747500000000016e+01,2.00747500000000016e+01,2.48141674713724071e-03,-2.47217763054335959e-04,-2.47217698565336099e-04,-2.44084117944072977e-08,-2.44084054272512927e-08,-1.22042027136256463e-08,-3.66126145080329457e-08,-3.66126081408769374e-08
2.00820000000000007e+01,2.00820000000000007e+01,2.47962538930490521e-03,-2.46950108123727974e-04,-2.46950043751110982e-04,-2.43643839891003492e-08,-2.43643776380233192e-08,-1.21821888190116579e-08,-3.65465728081120072e-08,-3.65465664570349738e-08
2.00892499999999998e+01,2.00892499999999998e+01,2.47783597056944714e-03,-2.46682839429301914e-04,-2.46682775172736405e-04,-2.43204514500665892e-08,-2.43204451150143174e-08,-1.21602225575071571e-08,-3.64806740075737479e-08,-3.64806676725214728e-08
2.00965000000000025e+01,2.00965000000000025e+01,2.47604848813317993e-03,-2.46415956274531611e-04,-2.46415892133772501e-04,-2.42766139368936654e-08,-2.42766076178205411e-08,-1.21383038089102722e-08,-3.64149177458039360e-08,-3.64149114267308117e-08
2.01037500000000016e+01,2.01037500000000016e+01,2.47426293920346594e-03,-2.46149457964417451e-04,-2.46149393939286551e-04,-2.42328712098643485e-08,-2.42328649067314313e-08,-1.21164324533657140e-08,-3.63493036632300642e-08,-3.63492973600971470e-08
2.01110000000000007e+01,2.01110000000000007e+01,2.47247932099269605e-03,-2.45883343805652910e-04,-2.45883279895847619e-04,-2.41892230299709546e-08,-2.41892167427271348e-08,-1.20946083713635674e-08,-3.62838314013345253e-08,-3.62838251140907021e-08
2.01182499999999997e+01,2.01182499999999997e+01,2.47069763071828446e-03,-2.45617613106291488e-04,-2.45617549311524059e-04,-2.41456691588807231e-08,-2.41456628874764492e-08,-1.20728314437382246e-08,-3.62185006026189444e-08,-3.62184943312146771e-08
2.01255000000000024e+01,2.01255000000000024e+01,2.46891786560265438e-03,-2.45352265175857731e-04,-2.45352201495878744e-04,-2.41022093589448791e-08,-2.41022031033344609e-08,-1.20511015516672338e-08,-3.61533109106121129e-08,-3.61533046550016947e-08
2.01327500000000015e+01,2.01327500000000015e+01,2.46714002287323417e-03,-2.45087299325347230e-04,-2.45087235759966623e-04,-2.40588433931968467e-08,-2.40588371533405101e-08,-1.20294185766702551e-08,-3.60882619698671034e-08,-3.60882557300107635e-08
2.01400000000000006e+01,2.01400000000000006e+01,2.46536409976243730e-03,-2.44822714867393154e-04,-2.44822651416329415e-04,-2.40155710253666717e-08,-2.40155648012157421e-08,-1.20077824006078727e-08,-3.60233534259745444e-08,-3.60233472018236181e-08
2.01472499999999997e+01,2.01472499999999997e+01,2.46359009350765766e-03,-2.44558511115988697e-04,-2.44558447778992947e-04,-2.39723920198519645e-08,-2.39723858113610628e-08,-1.19861929056805314e-08,-3.59585849255324976e-08,-3.59585787170415958e-08
2.01545000000000023e+01,2.01545000000000023e+01,2.46181800135125521e-03,-2.44294687386598097e-04,-2.44294624163462766e-04,-2.39293061417269791e-08,-2.39292999488548520e-08,-1.19646499744274244e-08,-3.58939561161544051e-08,-3.58939499232822748e-08
2.01617500000000014e+01,2.01617500000000014e+01,2.46004782054055167e-03,-2.44031242996212150e-04,-2.44031179886721291e-04,-2.38863131567462330e-08,-2.38863069794508863e-08,-1.19431534897254415e-08,-3.58294666464716711e-08,-3.58294604691763244e-08
2.01690000000000005e+01,2.01690000000000005e+01,2.45827954832781052e-03,-2.43768177263431474e-04,-2.43768114267223018e-04,-2.38434128313507901e-08,-2.38434066695760186e-08,-1.19217033347880076e-08,-3.57651161661387961e-08,-3.57651100043640246e-08
2.01762499999999996e+01,2.01762499999999996e+01,2.45651318197023230e-03,-2.43505489507994666e-04,-2.43505426624891373e-04,-2.38006049326202850e-08,-2.38005987863280548e-08,-1.19002993931640274e-08,-3.57009043257843091e-08,-3.57008981794920821e-08
2.01835000000000022e+01,2.01835000000000022e+01,2.45474871872994414e-03,-2.43243179051361169e-04,-2.43243116281115164e-04,-2.37578892283281843e-08,-2.37578830974736324e-08,-1.18789415487368179e-08,-3.56368307770650038e-08,-3.56368246462104486e-08
2.01907500000000013e+01,2.01907500000000013e+01,2.45298615587398764e-03,-2.42981245216322694e-04,-2.42981182558744729e-04,-2.37152654869019601e-08,-2.37152593714460339e-08,-1.18576296857230169e-08,-3.55728951726249771e-08,-3.55728890571690508e-08
2.01980000000000004e+01,2.01980000000000004e+01,2.45122549067430763e-03,-2.42719687327336286e-04,-2.42719624782088090e-04,-2.36727334774538117e-08,-2.36727273773429924e-08,-1.18363636886714945e-08,-3.55090971661253079e-08,-3.55090910660144886e-08
2.02052499999999995e+01,2.02052499999999995e+01,2.44946672040774168e-03,-2.42458504710024725e-04,-2.42458442276907401e-04,-2.36302929697301142e-08,-2.36302868849245714e-08,-1.18151434424622890e-08,-3.54454364121924016e-08,-3.54454303273868588e-08
2.02125000000000021e+01,2.02125000000000021e+01,2.44770984235601194e-03,-2.42197696691620612e-04,-2.42197634370415504e-04,-2.35879437341530098e-08,-2.35879376646110603e-08,-1.17939688323055301e-08,-3.53819125664585416e-08,-3.53819064969165920e-08
2.02197500000000012e+01,2.02197500000000012e+01,2.44595485380571338e-03,-2.41937262600855352e-04,-2.41937200391272218e-04,-2.35456855418077680e-08,-2.35456794874808464e-08,-1.17728397437404232e-08,-3.53185252855481912e-08,-3.53185192312212696e-08
2.02270000000000003e+01,2.02270000000000003e+01,2.44420175204829995e-03,-2.41677201767792615e-04,-2.41677139669580247e-04,-2.35035181644247868e-08,-2.35035121252682087e-08,-1.17517560626341060e-08,-3.52552742270588895e-08,-3.52552681879023146e-08
2.02342499999999994e+01,2.02342499999999994e+01,2.44245053438008107e-03,-2.41417513523800586e-04,-2.41417451536882384e-04,-2.34614413743751714e-08,-2.34614353503613122e-08,-1.17307176751806561e-08,-3.51921590495558308e-08,-3.51921530255419684e-08
2.02415000000000020e+01,2.02415000000000020e+01,2.44070119810220389e-03,-2.41158197202190339e-04,-2.41158135326157016e-04,-2.34194549447310363e-08,-2.34194489358000083e-08,-1.17097244679000025e-08,-3.51291794126310387e-08,-3.51291734037000075e-08
2.02487500000000011e+01,2.02487500000000011e+01,2.43895374052064892e-03,-2.40899252137161124e-04,-2.40899190371815438e-04,-2.33775586491612472e-08,-2.33775526552738519e-08,-1.16887763276369243e-08,-3.50663349767981682e-08,-3.50663289829107729e-08
2.02560000000000002e+01,2.02560000000000002e+01,2.43720815894621530e-03,-2.40640677664605285e-04,-2.40640616009697407e-04,-2.33357522620078593e-08,-2.33357462831198756e-08,-1.16678731415599378e-08,-3.50036254035677987e-08,-3.50036194246798151e-08
2.02632499999999993e+01,2.02632499999999993e+01,2.43546445069451256e-03,-2.40382473121775186e-04,-2.40382411577068112e-04,-2.32940355582520536e-08,-2.32940295943205874e-08,-1.16470147971602970e-08,-3.49410503554123490e-08,-3.49410443914808827e-08
2.02705000000000020e+01,2.02705000000000020e+01,2.43372261308594890e-03,-2.40124637847338729e-04,-2.40124576412614261e-04,-2.32524083135178168e-08,-2.32524023645018761e-08,-1.16262011822509381e-08,-3.48786094957687565e-08,-3.48786035467528125e-08
2.02777500000000011e+01,2.02777500000000011e+01,2.43198264344572602e-03,-2.39867171181379346e-04,-2.39867109856441271e-04,-2.32108703040701970e-08,-2.32108643699309937e-08,-1.16054321849654969e-08,-3.48163024890356922e-08,-3.48162965548964923e-08
2.02850000000000001e+01,2.02850000000000001e+01,2.43024453910381912e-03,-2.39610072465562540e-04,-2.39610011250068441e-04,-2.31694213068296904e-08,-2.31694153875143677e-08,-1.15847076937571838e-08,-3.47541290005868742e-08,-3.47541230812715515e-08
2.02922499999999992e+01,2.02922499999999992e+01,2.42850829739497606e-03,-2.39353341042608525e-04,-2.39353279936426589e-04,-2.31280610993195066e-08,-2.31280551947956622e-08,-1.15640275973978328e-08,-3.46920886967173411e-08,-3.46920827921934967e-08
2.02995000000000019e+01,2.02995000000000019e+01,2.42677391565870090e-03,-2.39096976256986116e-04,-2.39096915259853749e-04,-2.30867894597310091e-08,-2.30867835699536708e-08,-1.15433917849768387e-08,-3.46301812447078461e-08,-3.46301753549305079e-08
2.03067500000000010e+01,2.03067500000000010e+01,2.42504139123924951e-03,-2.38840977454413128e-04,-2.38840916566092484e-04,-2.30456061668736964e-08,-2.30456002918003637e-08,-1.15228001459001835e-08,-3.45684063127738766e-08,-3.45684004377005473e-08
2.03140000000000001e+01,2.03140000000000001e+01,2.42331072148561227e-03,-2.38585343981995157e-04,-2.38585283202285360e-04,-2.30045110001868927e-08,-2.30045051397787080e-08,-1.15022525698893523e-08,-3.45067635700762483e-08,-3.45067577096680636e-08
2.03212500000000027e+01,2.03212500000000027e+01,2.42158190375151017e-03,-2.38330075188336599e-04,-2.38330014516972128e-04,-2.29635037397488031e-08,-2.29634978939607578e-08,-1.14817489469803772e-08,-3.44452526867291787e-08,-3.44452468409411333e-08
2.03285000000000018e+01,2.03285000000000018e+01,2.41985493539538087e-03,-2.38075170423401872e-04,-2.38075109860086143e-04,-2.29225841662614495e-08,-2.29225783350456200e-08,-1.14612891675228100e-08,-3.43838733337842595e-08,-3.43838675025684300e-08
2.03357500000000009e+01,2.03357500000000009e+01,2.41812981378037141e-03,-2.37820629038348885e-04,-2.37820568582950846e-04,-2.28817520610329323e-08,-2.28817462443574226e-08,-1.14408731221787129e-08,-3.43226251832116435e-08,-3.43226193665361338e-08
2.03430000000000000e+01,2.03430000000000000e+01,2.41640653627432514e-03,-2.37566450386056394e-04,-2.37566390038276073e-04,-2.28410072060265714e-08,-2.28410014038432958e-08,-1.14205007019216496e-08,-3.42615079079482193e-08,-3.42615021057649471e-08
2.03502500000000026e+01,2.03502500000000026e+01,2.41468510024977351e-03,-2.37312633820457863e-04,-2.37312573580154856e-04,-2.28003493837951062e-08,-2.28003435960714043e-08,-1.14001717980357022e-08,-3.42005211818308083e-08,-3.42005153941071098e-08
2.03575000000000017e+01,2.03575000000000017e+01,2.41296550308392780e-03,-2.37059178697207606e-04,-2.37059118564060176e-04,-2.27597783775431205e-08,-2.27597726042289810e-08,-1.13798863021144905e-08,-3.41396646796576077e-08,-3.41396589063434682e-08
2.03647500000000008e+01,2.03647500000000008e+01,2.41124774215866443e-03,-2.36806084373042403e-04,-2.36806024346840918e-04,-2.27192939710640154e-08,-2.27192882121202729e-08,-1.13596441060601381e-08,-3.40789380771241535e-08,-3.40789323181804110e-08
2.03719999999999999e+01,2.03719999999999999e+01,2.40953181486051925e-03,-2.36553350206142321e-04,-2.36553290286718948e-04,-2.26788959487730627e-08,-2.26788902041646415e-08,-1.13394451020823191e-08,-3.40183410508553818e-08,-3.40183353062469639e-08
2.03792500000000025e+01,2.03792500000000025e+01,2.40781771858067459e-03,-2.36300975556213988e-04,-2.36300915743285371e-04,-2.26385840957136955e-08,-2.26385783653945050e-08,-1.13192891826972542e-08,-3.39578732784109497e-08,-3.39578675480917592e-08
2.03865000000000016e+01,2.03865000000000016e+01,2.40610545071495404e-03,-2.36048959784102008e-04,-2.36048900077497737e-04,-2.25983581975186732e-08,-2.25983524814535351e-08,-1.12991762407267676e-08,-3.38975344382454441e-08,-3.38975287221803027e-08
2.03937500000000007e+01,2.03937500000000007e+01,2.40439500866380549e-03,-2.35797302252316321e-04,-2.35797242651675682e-04,-2.25582180404589250e-08,-2.25582123385945127e-08,-1.12791061692972547e-08,-3.38373242097561797e-08,-3.38373185078917707e-08
2.04009999999999998e+01,2.04009999999999998e+01,2.40268638983229602e-03,-2.35546002324282799e-04,-2.35545942829498158e-04,-2.25181634113701991e-08,-2.25181577236774784e-08,-1.12590788618387409e-08,-3.37772422732089383e-08,-3.37772365855162176e-08
2.04082500000000024e+01,2.04082500000000024e+01,2.40097959163010268e-03,-2.35295059365148163e-04,-2.35294999976000131e-04,-2.24781940977284911e-08,-2.24781884241678137e-08,-1.12390942120839069e-08,-3.37172883098123946e-08,-3.37172826362517239e-08
2.04155000000000015e+01,2.04155000000000015e+01,2.39927461147150132e-03,-2.35044472741363641e-04,-2.35044413457569107e-04,-2.24383098876085962e-08,-2.24383042281342951e-08,-1.12191521140671476e-08,-3.36574620016757454e-08,-3.36574563422014444e-08
2.04227500000000006e+01,2.04227500000000006e+01,2.39757144677535351e-03,-2.34794241820601712e-04,-2.34794182641941314e-04,-2.23985105696745136e-08,-2.23985049242470959e-08,-1.11992524621235480e-08,-3.35977630317980616e-08,-3.35977573863706439e-08
2.04299999999999997e+01,2.04299999999999997e+01,2.39587009496510309e-03,-2.34544365971894875e-04,-2.34544306898199043e-04,-2.23587959331911627e-08,-2.23587903017759530e-08,-1.11793951508879765e-08,-3.35381910840791409e-08,-3.35381854526639312e-08
2.04372500000000024e+01,2.04372500000000024e+01,2.39417055346876056e-03,-2.34294844565774429e-04,-2.34294785596766720e-04,-2.23191657680359936e-08,-2.23191601505881983e-08,-1.11595800752940975e-08,-3.34787458433300894e-08,-3.34787402258822942e-08
2.04445000000000014e+01,2.04445000000000014e+01,2.39247281971889875e-03,-2.34045676973937411e-04,-2.34045618109408247e-04,-2.22796198646656480e-08,-2.22796142611469257e-08,-1.11398071305734629e-08,-3.34194269952391092e-08,-3.34194213917203869e-08
2.04517500000000005e+01,2.04517500000000005e+01,2.39077689115263893e-03,-2.33796862569468633e-04,-2.33796803809223049e-04,-2.22401580141355439e-08,-2.22401524245090091e-08,-1.11200762122545029e-08,-3.33602342263900468e-08,-3.33602286367635120e-08
2.04589999999999996e+01,2.04589999999999996e+01,2.38908276521164215e-03,-2.33548400726868444e-04,-2.33548342070642951e-04,-2.22007800081008981e-08,-2.22007744323232262e-08,-1.11003872161616131e-08,-3.33011672242625129e-08,-3.33011616484848410e-08
2.04662500000000023e+01,2.04662500000000023e+01,2.38739043934209881e-03,-2.33300290821858436e-04,-2.33300232269428794e-04,-2.21614856387967311e-08,-2.21614800768284028e-08,-1.10807400384142014e-08,-3.32422256772109309e-08,-3.32422201152426026e-08
2.04735000000000014e+01,2.04735000000000014e+01,2.38569991099472521e-03,-2.33052532231492471e-04,-2.33052473782667833e-04,-2.21222746990468210e-08,-2.21222691508515627e-08,-1.10611345754257830e-08,-3.31834092744726040e-08,-3.31834037262773424e-08
2.04807500000000005e+01,2.04807500000000005e+01,2.38401117762474272e-03,-2.32805124334184432e-04,-2.32805065988769236e-04,-2.20831469822648048e-08,-2.20831414478059592e-08,-1.10415707239029796e-08,-3.31247177061677877e-08,-3.31247121717089388e-08
2.04879999999999995e+01,2.04879999999999995e+01,2.38232423669187997e-03,-2.32558066509708228e-04,-2.32558008267461943e-04,-2.20441022824525742e-08,-2.20440967616892952e-08,-1.10220483808446459e-08,-3.30661506632972218e-08,-3.30661451425339428e-08
2.04952500000000022e+01,2.04952500000000022e+01,2.38063908566035157e-03,-2.32311358139142277e-04,-2.32311299999790328e-04,-2.20051403941934892e-08,-2.20051348870817740e-08,-1.10025674435408853e-08,-3.30077078377343745e-08,-3.30077023306226593e-08
2.05025000000000013e+01,2.05025000000000013e+01,2.37895572199886204e-03,-2.32064998604675221e-04,-2.32064940568112361e-04,-2.19662611126324493e-08,-2.19662556191444088e-08,-1.09831278095722060e-08,-3.29493889222046570e-08,-3.29493834287166131e-08
2.05097500000000004e+01,2.05097500000000004e+01,2.37727414318058411e-03,-2.31818987290188794e-04,-2.31818929356094938e-04,-2.19274642335295188e-08,-2.19274587536169977e-08,-1.09637293768084988e-08,-3.28911936103380193e-08,-3.28911881304254982e-08
2.05169999999999995e+01,2.05169999999999995e+01,2.37559434668315481e-03,-2.31573323580536172e-04,-2.31573265748711313e-04,-2.18887495531900820e-08,-2.18887440868163601e-08,-1.09443720434081801e-08,-3.28331215965982621e-08,-3.28331161302245369e-08
2.05242500000000021e+01,2.05242500000000021e+01,2.37391632998866595e-03,-2.31328006862013824e-04,-2.31327949132237786e-04,-2.18501168685079797e-08,-2.18501114156345039e-08,-1.09250557078172536e-08,-3.27751725763252300e-08,-3.27751671234517542e-08
2.05315000000000012e+01,2.05315000000000012e+01,2.37224009058365545e-03,-2.31083036522167218e-04,-2.31082978894250809e-04,-2.18115659769456435e-08,-2.18115605375368516e-08,-1.09057802687684258e-08,-3.27173462457140660e-08,-3.27173408063052774e-08
2.05387500000000003e+01,2.05387500000000003e+01,2.37056562595909515e-03,-2.30838411949874089e-04,-2.30838354423623155e-04,-2.17730966765403821e-08,-2.17730912505603083e-08,-1.08865456252801525e-08,-3.26596423018205379e-08,-3.26596368758404641e-08
2.05459999999999994e+01,2.05459999999999994e+01,2.36889293361038263e-03,-2.30594132535344443e-04,-2.30594075110521056e-04,-2.17347087659028894e-08,-2.17347033533115180e-08,-1.08673516766557557e-08,-3.26020604425586435e-08,-3.26020550299672753e-08
2.05532500000000020e+01,2.05532500000000020e+01,2.36722201103733206e-03,-2.30350197670037282e-04,-2.30350140346400858e-04,-2.16964020442078939e-08,-2.16963966449650205e-08,-1.08481983224825119e-08,-3.25446003666904058e-08,-3.25445949674475357e-08
2.05605000000000011e+01,2.05605000000000011e+01,2.36555285574416687e-03,-2.30106606746632858e-04,-2.30106549524006400e-04,-2.16581763111900590e-08,-2.16581709252615510e-08,-1.08290854626307755e-08,-3.24872617738208312e-08,-3.24872563878923264e-08
2.05677500000000002e+01,2.05677500000000002e+01,2.36388546523950624e-03,-2.29863359159171443e-04,-2.29863302037364918e-04,-2.16200313671555343e-08,-2.16200259945060908e-08,-1.08100129972530470e-08,-3.24300443644085830e-08,-3.24300389917591394e-08
2.05749999999999993e+01,2.05749999999999993e+01,2.36221983703635910e-03,-2.29620454303025578e-04,-2.29620397281784605e-04,-2.15819670129778554e-08,-2.15819616535661869e-08,-1.07909808267830934e-08,-3.23729478397609455e-08,-3.23729424803492836e-08
2.05822500000000019e+01,2.05822500000000019e+01,2.36055596865211194e-03,-2.29377891574733539e-04,-2.29377834653850927e-04,-2.15439830500807721e-08,-2.15439777038701088e-08,-1.07719888519350544e-08,-3.23159719020158249e-08,-3.23159665558051649e-08
2.05895000000000010e+01,2.05895000000000010e+01,2.35889385760852492e-03,-2.29135670372193623e-04,-2.29135613551424260e-04,-2.15060792804550932e-08,-2.15060739474051646e-08,-1.07530369737025823e-08,-3.22591162541576771e-08,-3.22591109211077452e-08
2.05967500000000001e+01,2.05967500000000001e+01,2.35723350143171540e-03,-2.28893790094442107e-04,-2.28893733373635697e-04,-2.14682555066363057e-08,-2.14682501867158113e-08,-1.07341250933579073e-08,-3.22023805999942147e-08,-3.22023752800737170e-08
2.06040000000000028e+01,2.06040000000000028e+01,2.35557489765215490e-03,-2.28652250141958557e-04,-2.28652193520884734e-04,-2.14305115317317666e-08,-2.14305062249019645e-08,-1.07152531124509806e-08,-3.21457646441827505e-08,-3.21457593373529484e-08
2.06112500000000018e+01,2.06112500000000018e+01,2.35391804380465650e-03,-2.28411049916471542e-04,-2.28410993394835945e-04,-2.13928471594010319e-08,-2.13928418656172511e-08,-1.06964209328086239e-08,-3.20892680922096574e-08,-3.20892627984258767e-08
2.06185000000000009e+01,2.06185000000000009e+01,2.35226293742836663e-03,-2.28170188820736586e-04,-2.28170132398415642e-04,-2.13552621938335629e-08,-2.13552569130672029e-08,-1.06776284565336014e-08,-3.20328906503671611e-08,-3.20328853696008010e-08
2.06257500000000000e+01,2.06257500000000000e+01,2.35060957606675639e-03,-2.27929666259008012e-04,-2.27929609935809005e-04,-2.13177564397915113e-08,-2.13177511720075590e-08,-1.06588755860037812e-08,-3.19766320257952941e-08,-3.19766267580113419e-08
2.06330000000000027e+01,2.06330000000000027e+01,2.34895795726761071e-03,-2.27689481636761393e-04,-2.27689425412456775e-04,-2.12803297025822364e-08,-2.12803244477424828e-08,-1.06401622238712414e-08,-3.19204919264534745e-08,-3.19204866716137209e-08
2.06402500000000018e+01,2.06402500000000018e+01,2.34730807858302311e-03,-2.27449634360721298e-04,-2.27449578235052678e-04,-2.12429817880594935e-08,-2.12429765461229237e-08,-1.06214882730614619e-08,-3.18644700611209554e-08,-3.18644648191843856e-08
2.06475000000000009e+01,2.06475000000000009e+01,2.34565993756938058e-03,-2.27210123838750278e-04,-2.27210067811539466e-04,-2.12057125026115886e-08,-2.12057072735447448e-08,-1.06028536367723707e-08,-3.18085661393839610e-08,-3.18085609103171172e-08
2.06547499999999999e+01,2.06547499999999999e+01,2.34401353178736180e-03,-2.26970949479987638e-04,-2.26970893551106808e-04,-2.11685216531729421e-08,-2.11685164369471343e-08,-1.05842582184735688e-08,-3.17527798716465126e-08,-3.17527746554207015e-08
2.06620000000000026e+01,2.06620000000000026e+01,2.34236885880192026e-03,-2.26732110695043731e-04,-2.26732054864187382e-04,-2.11314090472407815e-08,-2.11314038438107960e-08,-1.05657019219053997e-08,-3.16971109691461779e-08,-3.16971057657161957e-08
2.06692500000000017e+01,2.06692500000000017e+01,2.34072591618228335e-03,-2.26493606895472599e-04,-2.26493551162454680e-04,-2.10943744928245047e-08,-2.10943693021563544e-08,-1.05471846510781755e-08,-3.16415591439026803e-08,-3.16415539532345266e-08
2.06765000000000008e+01,2.06765000000000008e+01,2.33908470150193636e-03,-2.26255437494188305e-04,-2.26255381858819082e-04,-2.10574177984830951e-08,-2.10574126205425015e-08,-1.05287063102712508e-08,-3.15861241087543475e-08,-3.15861189308137506e-08
2.06837499999999999e+01,2.06837499999999999e+01,2.33744521233861810e-03,-2.26017601905326160e-04,-2.26017546367425465e-04,-2.10205387733107780e-08,-2.10205336080644190e-08,-1.05102668040322112e-08,-3.15308055773429908e-08,-3.15308004120966318e-08
2.06910000000000025e+01,2.06910000000000025e+01,2.33580744627430881e-03,-2.25780099544353741e-04,-2.25780044103649765e-04,-2.09837372269459346e-08,-2.09837320743520344e-08,-1.04918660371760155e-08,-3.14756032641219518e-08,-3.14755981115280483e-08
2.06982500000000016e+01,2.06982500000000016e+01,2.33417140089522447e-03,-2.25542929827793337e-04,-2.25542874484096427e-04,-2.09470129695438945e-08,-2.09470078295683797e-08,-1.04735039147841899e-08,-3.14205168843280844e-08,-3.14205117443525696e-08
2.07055000000000007e+01,2.07055000000000007e+01,2.33253707379180598e-03,-2.25306092173416239e-04,-2.25306036926594961e-04,-2.09103658117935879e-08,-2.09103606844078547e-08,-1.04551803422039257e-08,-3.13655461539975103e-08,-3.13655410266117837e-08
2.07127499999999998e+01,2.07127499999999998e+01,2.33090446255871048e-03,-2.25069586000381516e-04,-2.25069530850197157e-04,-2.08737955649290540e-08,-2.08737904500945987e-08,-1.04368952250472994e-08,-3.13106907899763533e-08,-3.13106856751418948e-08
2.07200000000000024e+01,2.07200000000000024e+01,2.32927356479479966e-03,-2.24833410729013972e-04,-2.24833355675173687e-04,-2.08373020407073978e-08,-2.08372969383807704e-08,-1.04186484691903852e-08,-3.12559505098977830e-08,-3.12559454075711556e-08
2.07272500000000015e+01,2.07272500000000015e+01,2.32764437810313932e-03,-2.24597565780609854e-04,-2.24597510823012136e-04,-2.08008850513894444e-08,-2.08008799615449989e-08,-1.04004399807724978e-08,-3.12013250321619439e-08,-3.12013199423174984e-08
2.07345000000000006e+01,2.07345000000000006e+01,2.32601690009098154e-03,-2.24362050577964212e-04,-2.24361995716412875e-04,-2.07645444097872189e-08,-2.07645393323905909e-08,-1.03822696661952971e-08,-3.11468140759825160e-08,-3.11468089985858880e-08
2.07417499999999997e+01,2.07417499999999997e+01,2.32439112836975914e-03,-2.24126864545065585e-04,-2.24126809779286623e-04,-2.07282799292342737e-08,-2.07282748642439653e-08,-1.03641374321219810e-08,-3.10924173613562547e-08,-3.10924122963659462e-08
2.07490000000000023e+01,2.07490000000000023e+01,2.32276706055507777e-03,-2.23892007106873958e-04,-2.23891952436751417e-04,-2.06920914235637654e-08,-2.06920863709529625e-08,-1.03460431854764796e-08,-3.10381346090402466e-08,-3.10381295564294438e-08
2.07562500000000014e+01,2.07562500000000014e+01,2.32114469426670904e-03,-2.23657477689820361e-04,-2.23657423115130027e-04,-2.06559787071533533e-08,-2.06559736668852896e-08,-1.03279868334426465e-08,-3.09839655405960015e-08,-3.09839605003279378e-08
2.07635000000000005e+01,2.07635000000000005e+01,2.31952402712857575e-03,-2.23423275721473802e-04,-2.23423221241946277e-04,-2.06199415948929736e-08,-2.06199365669267896e-08,-1.03099682834633931e-08,-3.09299098783563651e-08,-3.09299048503901844e-08
2.07707499999999996e+01,2.07707499999999996e+01,2.31790505676874800e-03,-2.23189400630402490e-04,-2.23189346245922552e-04,-2.05839799021707232e-08,-2.05839748864798399e-08,-1.02919874432399200e-08,-3.08759673454106432e-08,-3.08759623297197632e-08
2.07780000000000022e+01,2.07780000000000022e+01,2.31628778081943406e-03,-2.22955851846673436e-04,-2.22955797556976973e-04,-2.05480934449175978e-08,-2.05480884414617712e-08,-1.02740442207308856e-08,-3.08221376656484817e-08,-3.08221326621926552e-08
2.07852500000000013e+01,2.07852500000000013e+01,2.31467219691697083e-03,-2.22722628801325095e-04,-2.22722574606220338e-04,-2.05122820395575231e-08,-2.05122770483032426e-08,-1.02561385241516229e-08,-3.07684205637091444e-08,-3.07684155724548672e-08
2.07925000000000004e+01,2.07925000000000004e+01,2.31305830270181522e-03,-2.22489730926617169e-04,-2.22489676825953116e-04,-2.04765455030290206e-08,-2.04765405239465936e-08,-1.02382702619732985e-08,-3.07148157650023174e-08,-3.07148107859198904e-08
2.07997499999999995e+01,2.07997499999999995e+01,2.31144609581853538e-03,-2.22257157656086113e-04,-2.22257103649662648e-04,-2.04408836527889992e-08,-2.04408786858442665e-08,-1.02204393429221349e-08,-3.06613229957111342e-08,-3.06613180287664047e-08
2.08070000000000022e+01,2.08070000000000022e+01,2.30983557391580127e-03,-2.22024908424406364e-04,-2.22024854512020090e-04,-2.04052963067986238e-08,-2.04052913519571879e-08,-1.02026456759785923e-08,-3.06079419827772194e-08,-3.06079370279357835e-08
2.08142500000000013e+01,2.08142500000000013e+01,2.30822673464638108e-03,-2.21792982667445848e-04,-2.21792928848878136e-04,-2.03697832835271234e-08,-2.03697783407532468e-08,-1.01848891703766250e-08,-3.05546724539037468e-08,-3.05546675111298702e-08
2.08215000000000003e+01,2.08215000000000003e+01,2.30661957566712398e-03,-2.21561379822238225e-04,-2.21561326097267138e-04,-2.03343444019478805e-08,-2.03343394712055907e-08,-1.01671697356027954e-08,-3.05015141375506743e-08,-3.05015092068083845e-08
2.08287499999999994e+01,2.08287499999999994e+01,2.30501409463895919e-03,-2.21330099326927376e-04,-2.21330045695393077e-04,-2.02989794815320517e-08,-2.02989745627911434e-08,-1.01494872813955717e-08,-3.04484667629276234e-08,-3.04484618441867185e-08
2.08360000000000021e+01,2.08360000000000021e+01,2.30341028922688299e-03,-2.21099140620878432e-04,-2.21099087082634173e-04,-2.02636883422574417e-08,-2.02636834354889537e-08,-1.01318417177444752e-08,-3.03955300600019135e-08,-3.03955251532334288e-08
2.08432500000000012e+01,2.08432500000000012e+01,2.30180815709995611e-03,-2.20868503144733275e-04,-2.20868449699538797e-04,-2.02284708046122751e-08,-2.02284659097787394e-08,-1.01142329548893681e-08,-3.03427037595016448e-08,-3.03426988646681059e-08
2.08505000000000003e+01,2.08505000000000003e+01,2.30020769593128468e-03,-2.20638186340216258e-04,-2.20638132987821355e-04,-2.01933266895760428e-08,-2.01933218066391477e-08,-1.00966609033195722e-08,-3.02899875928956150e-08,-3.02899827099587199e-08
2.08577499999999993e+01,2.08577499999999993e+01,2.29860890339802322e-03,-2.20408189650050934e-04,-2.20408136390360738e-04,-2.01582558186106371e-08,-2.01582509475463580e-08,-1.00791254737731790e-08,-3.02373812923838161e-08,-3.02373764213195370e-08
2.08650000000000020e+01,2.08650000000000020e+01,2.29701177718135818e-03,-2.20178512518431901e-04,-2.20178459351196557e-04,-2.01232580137022440e-08,-2.01232531544724181e-08,-1.00616265772362090e-08,-3.01848845909384563e-08,-3.01848797317086304e-08
2.08722500000000011e+01,2.08722500000000011e+01,2.29541631496650578e-03,-2.19949154390469692e-04,-2.19949101315527139e-04,-2.00883330973092307e-08,-2.00883282498837949e-08,-1.00441641249418974e-08,-3.01324972222511265e-08,-3.01324923748256907e-08
2.08795000000000002e+01,2.08795000000000002e+01,2.29382251444269682e-03,-2.19720114712634862e-04,-2.19720061729705864e-04,-2.00534808924014630e-08,-2.00534760567397135e-08,-1.00267380283698567e-08,-3.00802189207713198e-08,-3.00802140851095702e-08
2.08867499999999993e+01,2.08867499999999993e+01,2.29223037330317323e-03,-2.19491392932230633e-04,-2.19491340041238890e-04,-2.00187012224108899e-08,-2.00186963984907044e-08,-1.00093481992453522e-08,-3.00280494216562454e-08,-3.00280445977360599e-08
2.08940000000000019e+01,2.08940000000000019e+01,2.29063988924517892e-03,-2.19262988498059030e-04,-2.19262935698782307e-04,-1.99839939112910437e-08,-1.99839890990770388e-08,-9.99199454953851774e-09,-2.99759884608295581e-08,-2.99759836486155532e-08
2.09012500000000010e+01,2.09012500000000010e+01,2.28905105996995116e-03,-2.19034900859921278e-04,-2.19034848152139318e-04,-1.99493587834701958e-08,-1.99493539829272296e-08,-9.97467699146361479e-09,-2.99240357749338122e-08,-2.99240309743908427e-08
2.09085000000000001e+01,2.09085000000000001e+01,2.28746388318271055e-03,-2.18807129468756578e-04,-2.18807076852257259e-04,-1.99147956638627184e-08,-1.99147908749564563e-08,-9.95739543747822980e-09,-2.98721911013409499e-08,-2.98721863124346844e-08
2.09157500000000027e+01,2.09157500000000027e+01,2.28587835659265371e-03,-2.18579673776614358e-04,-2.18579621251224884e-04,-1.98803043778653229e-08,-1.98802996005650731e-08,-9.94014980028253821e-09,-2.98204541781478611e-08,-2.98204494008476080e-08
2.09230000000000018e+01,2.09230000000000018e+01,2.28429447791294975e-03,-2.18352533236682023e-04,-2.18352480802270175e-04,-1.98458847513583430e-08,-1.98458799856371528e-08,-9.92293999281857639e-09,-2.97688247441769194e-08,-2.97688199784557292e-08
2.09302500000000009e+01,2.09302500000000009e+01,2.28271224486072252e-03,-2.18125707303423733e-04,-2.18125654959756572e-04,-1.98115366107170515e-08,-1.98115318565388688e-08,-9.90576592826943442e-09,-2.97173025389864842e-08,-2.97172977848083049e-08
2.09375000000000000e+01,2.09375000000000000e+01,2.28113165515705062e-03,-2.17899195432247339e-04,-2.17899143179180963e-04,-1.97772597827801535e-08,-1.97772550401170794e-08,-9.88862752005853969e-09,-2.96658873028386932e-08,-2.96658825601756191e-08
2.09447500000000026e+01,2.09447500000000026e+01,2.27955270652695436e-03,-2.17672997079865205e-04,-2.17672944917170550e-04,-1.97430540948813295e-08,-1.97430493636977819e-08,-9.87152468184889095e-09,-2.96145787767302204e-08,-2.96145740455466729e-08
2.09520000000000017e+01,2.09520000000000017e+01,2.27797539669939231e-03,-2.17447111704016649e-04,-2.17447059631480723e-04,-1.97089193748227815e-08,-1.97089146550847071e-08,-9.85445732754235521e-09,-2.95633767023651384e-08,-2.95633719826270607e-08
2.09592500000000008e+01,2.09592500000000008e+01,2.27639972340724656e-03,-2.17221538763551214e-04,-2.17221486780991356e-04,-1.96748554508815432e-08,-1.96748507425576976e-08,-9.83742537127884880e-09,-2.95122808221603903e-08,-2.95122761138365447e-08
2.09664999999999999e+01,2.09664999999999999e+01,2.27482568438732140e-03,-2.16996277718428665e-04,-2.16996225825704959e-04,-1.96408621518082816e-08,-1.96408574548713381e-08,-9.82042872743567072e-09,-2.94612908792439506e-08,-2.94612861823070072e-08
2.09737500000000026e+01,2.09737500000000026e+01,2.27325327738032903e-03,-2.16771328029885524e-04,-2.16771276226743317e-04,-1.96069393068411049e-08,-1.96069346212534203e-08,-9.80346731062670850e-09,-2.94104066174678151e-08,-2.94104019318801272e-08
2.09810000000000016e+01,2.09810000000000016e+01,2.27168250013088822e-03,-2.16546689159990979e-04,-2.16546637446345542e-04,-1.95730867456641803e-08,-1.95730820714035298e-08,-9.78654103570176324e-09,-2.93596277813659435e-08,-2.93596231071052930e-08
2.09882500000000007e+01,2.09882500000000007e+01,2.27011335038750962e-03,-2.16322360572229755e-04,-2.16322308947864599e-04,-1.95393042984592105e-08,-1.95392996354915110e-08,-9.76964981774575549e-09,-2.93089541162049660e-08,-2.93089494532372665e-08
2.09954999999999998e+01,2.09954999999999998e+01,2.26854582590259139e-03,-2.16098341731085775e-04,-2.16098290195764950e-04,-1.95055917958665801e-08,-1.95055871441560544e-08,-9.75279357207802552e-09,-2.92583853679446040e-08,-2.92583807162340782e-08
2.10027500000000025e+01,2.10027500000000025e+01,2.26697992443240836e-03,-2.15874632102097674e-04,-2.15874580655619683e-04,-1.94719490689891470e-08,-1.94719444285031875e-08,-9.73597221425159374e-09,-2.92079212832407407e-08,-2.92079166427547812e-08
2.10100000000000016e+01,2.10100000000000016e+01,2.26541564373711115e-03,-2.15651231151831047e-04,-2.15651179794108610e-04,-1.94383759493885927e-08,-1.94383713201049517e-08,-9.71918566005247584e-09,-2.91575616094410702e-08,-2.91575569801574292e-08
2.10172500000000007e+01,2.10172500000000007e+01,2.26385298158070713e-03,-2.15428138348239262e-04,-2.15428087079014340e-04,-1.94048722691166970e-08,-1.94048676509977807e-08,-9.70243382549889201e-09,-2.91073060946155874e-08,-2.91073014764966744e-08
2.10244999999999997e+01,2.10244999999999997e+01,2.26229193573106212e-03,-2.15205353160080604e-04,-2.15205301979220625e-04,-1.93714378606616136e-08,-1.93714332536811905e-08,-9.68571662684059524e-09,-2.90571544875022089e-08,-2.90571498805217857e-08
2.10317500000000024e+01,2.10317500000000024e+01,2.26073250395988565e-03,-2.14982875057417866e-04,-2.14982823964709107e-04,-1.93380725569916779e-08,-1.93380679611162670e-08,-9.66903398055813350e-09,-2.90071065375498098e-08,-2.90071019416743989e-08
2.10390000000000015e+01,2.10390000000000015e+01,2.25917468404272922e-03,-2.14760703511313045e-04,-2.14760652506557260e-04,-1.93047761915267568e-08,-1.93047716067243297e-08,-9.65238580336216318e-09,-2.89571619948889217e-08,-2.89571574100864945e-08
2.10462500000000006e+01,2.10462500000000006e+01,2.25761847375897202e-03,-2.14538837993938358e-04,-2.14538787076935024e-04,-1.92715485981470067e-08,-1.92715440243853827e-08,-9.63577201219268972e-09,-2.89073206103396964e-08,-2.89073160365780725e-08
2.10534999999999997e+01,2.10534999999999997e+01,2.25606387089181785e-03,-2.14317277978437470e-04,-2.14317227149102806e-04,-1.92383896111792484e-08,-1.92383850484367886e-08,-9.61919252421839428e-09,-2.88575821353976427e-08,-2.88575775726551828e-08
2.10607500000000023e+01,2.10607500000000023e+01,2.25451087322828389e-03,-2.14096022939341823e-04,-2.14095972197408328e-04,-1.92052990654331743e-08,-1.92052945136717985e-08,-9.60264725683590090e-09,-2.88079463222690752e-08,-2.88079417705076994e-08
2.10680000000000014e+01,2.10680000000000014e+01,2.25295947855919717e-03,-2.13875072351932261e-04,-2.13875021697284710e-04,-1.91722767961428635e-08,-1.91722722553382096e-08,-9.58613612766910644e-09,-2.87584129238119683e-08,-2.87584083830073177e-08
2.10752500000000005e+01,2.10752500000000005e+01,2.25140968467918120e-03,-2.13654425692821892e-04,-2.13654375125247025e-04,-1.91393226390179015e-08,-1.91393181091368690e-08,-9.56965905456843449e-09,-2.87089816935863376e-08,-2.87089771637053018e-08
2.10824999999999996e+01,2.10824999999999996e+01,2.24986148938665156e-03,-2.13434082439650785e-04,-2.13434031958890236e-04,-1.91064364302148127e-08,-1.91064319112203240e-08,-9.55321595561016202e-09,-2.86596523858249747e-08,-2.86596478668304861e-08
2.10897500000000022e+01,2.10897500000000022e+01,2.24831489048380601e-03,-2.13214042070919430e-04,-2.13213991676886245e-04,-1.90736180063210197e-08,-1.90736134981913995e-08,-9.53680674909569810e-09,-2.86104247554167178e-08,-2.86104202472870976e-08
2.10970000000000013e+01,2.10970000000000013e+01,2.24676988577662308e-03,-2.12994304066460582e-04,-2.12994253758982130e-04,-1.90408672043959411e-08,-1.90408627071018906e-08,-9.52043135355094532e-09,-2.85612985579468848e-08,-2.85612940606528343e-08
2.11042500000000004e+01,2.11042500000000004e+01,2.24522647307484309e-03,-2.12774867907133958e-04,-2.12774817685996244e-04,-1.90081838619424602e-08,-1.90081793754510378e-08,-9.50408968772551891e-09,-2.85122735496679775e-08,-2.85122690631765551e-08
2.11114999999999995e+01,2.11114999999999995e+01,2.24368465019196984e-03,-2.12555733074770714e-04,-2.12555682939816665e-04,-1.89755678169008370e-08,-1.89755633411842494e-08,-9.48778167059212471e-09,-2.84633494874929617e-08,-2.84633450117763741e-08
2.11187500000000021e+01,2.11187500000000021e+01,2.24214441494525844e-03,-2.12336899052339989e-04,-2.12336849003398246e-04,-1.89430189076624526e-08,-1.89430144426916724e-08,-9.47150722134583456e-09,-2.84145261290082872e-08,-2.84145216640375070e-08
2.11260000000000012e+01,2.11260000000000012e+01,2.24060576515571061e-03,-2.12118365323921143e-04,-2.12118315360760256e-04,-1.89105369730661731e-08,-1.89105325188068723e-08,-9.45526625940343615e-09,-2.83658032324696093e-08,-2.83657987782103085e-08
2.11332500000000003e+01,2.11332500000000003e+01,2.23906869864806202e-03,-2.11900131374509471e-04,-2.11900081496983370e-04,-1.88781218523798701e-08,-1.88781174088053936e-08,-9.43905870440269846e-09,-2.83171805567825685e-08,-2.83171761132080921e-08
2.11404999999999994e+01,2.11404999999999994e+01,2.23753321325078063e-03,-2.11682196690182733e-04,-2.11682146898207774e-04,-1.88457733853141686e-08,-1.88457689524034597e-08,-9.42288447620172987e-09,-2.82686578615159001e-08,-2.82686534286051880e-08
2.11477500000000020e+01,2.11477500000000020e+01,2.23599930679605364e-03,-2.11464560758378717e-04,-2.11464511051629936e-04,-1.88134914120459887e-08,-1.88134869897565601e-08,-9.40674349487828005e-09,-2.82202349069242704e-08,-2.82202304846348418e-08
2.11550000000000011e+01,2.11550000000000011e+01,2.23446697711978401e-03,-2.11247223067145828e-04,-2.11247173445500711e-04,-1.87812757731507197e-08,-1.87812713614581630e-08,-9.39063568072908148e-09,-2.81719114538798028e-08,-2.81719070421872461e-08
2.11622500000000002e+01,2.11622500000000002e+01,2.23293622206158053e-03,-2.11030183105753721e-04,-2.11030133569122414e-04,-1.87491263096554446e-08,-1.87491219085382994e-08,-9.37456095426914969e-09,-2.81236872639245943e-08,-2.81236828628074491e-08
2.11694999999999993e+01,2.11694999999999993e+01,2.23140703946475083e-03,-2.10813440364748805e-04,-2.10813390912846407e-04,-1.87170428630427417e-08,-1.87170384724622596e-08,-9.35851923623113144e-09,-2.80755620992738748e-08,-2.80755577086933893e-08
2.11767500000000020e+01,2.11767500000000020e+01,2.22987942717629102e-03,-2.10596994335426890e-04,-2.10596944968070252e-04,-1.86850252752026651e-08,-1.86850208951292031e-08,-9.34251044756460157e-09,-2.80275357227672667e-08,-2.80275313426938047e-08
2.11840000000000011e+01,2.11840000000000011e+01,2.22835338304688650e-03,-2.10380844510110743e-04,-2.10380795227236249e-04,-1.86530733884563689e-08,-1.86530690188709284e-08,-9.32653450943546420e-09,-2.79796078978918331e-08,-2.79796035283063926e-08
2.11912500000000001e+01,2.11912500000000001e+01,2.22682890493089468e-03,-2.10164990382427641e-04,-2.10164941183827722e-04,-1.86211870455795594e-08,-1.86211826864504296e-08,-9.31059134322521482e-09,-2.79317783888047759e-08,-2.79317740296756428e-08
2.11985000000000028e+01,2.11985000000000028e+01,2.22530599068634103e-03,-2.09949431446948553e-04,-2.09949382332366984e-04,-1.85893660897693850e-08,-1.85893617410606001e-08,-9.29468087053030006e-09,-2.78840469602996834e-08,-2.78840426115909018e-08
2.12057500000000019e+01,2.12057500000000019e+01,2.22378463817491344e-03,-2.09734167199104871e-04,-2.09734118168413119e-04,-1.85576103646360052e-08,-1.85576060263229616e-08,-9.27880301316148081e-09,-2.78364133777974877e-08,-2.78364090394844408e-08
2.12130000000000010e+01,2.12130000000000010e+01,2.22226484526195445e-03,-2.09519197135493718e-04,-2.09519148188559321e-04,-1.85259197142285115e-08,-1.85259153862863011e-08,-9.26295769314314889e-09,-2.77888774073716604e-08,-2.77888730794294500e-08
2.12202500000000001e+01,2.12202500000000001e+01,2.22074660981644908e-03,-2.09304520753850198e-04,-2.09304471890430052e-04,-1.84942939830313438e-08,-1.84942896654253308e-08,-9.24714483271266539e-09,-2.77414388157440108e-08,-2.77414344981379945e-08
2.12275000000000027e+01,2.12275000000000027e+01,2.21922992971102309e-03,-2.09090137552658817e-04,-2.09090088772679114e-04,-1.84627330159288836e-08,-1.84627287086394408e-08,-9.23136435431972038e-09,-2.76940973702486040e-08,-2.76940930629591611e-08
2.12347500000000018e+01,2.12347500000000018e+01,2.21771480282193520e-03,-2.08876047031736345e-04,-2.08875998334987238e-04,-1.84312366582558762e-08,-1.84312323612514085e-08,-9.21561618062570424e-09,-2.76468528388815804e-08,-2.76468485418771127e-08
2.12420000000000009e+01,2.12420000000000009e+01,2.21620122702906319e-03,-2.08662248691843244e-04,-2.08662200078058859e-04,-1.83998047557619606e-08,-1.83998004690059861e-08,-9.19990023450299303e-09,-2.75997049902649553e-08,-2.75997007035089774e-08
2.12492500000000000e+01,2.12492500000000000e+01,2.21468920021590391e-03,-2.08448742034517132e-04,-2.08448693503620491e-04,-1.83684371545959700e-08,-1.83684328780687223e-08,-9.18421643903436281e-09,-2.75526535936303328e-08,-2.75526493171030851e-08
2.12565000000000026e+01,2.12565000000000026e+01,2.21317872026956242e-03,-2.08235526562544626e-04,-2.08235478114417904e-04,-1.83371337013464700e-08,-1.83371294350246194e-08,-9.16856471751230969e-09,-2.75056984188587797e-08,-2.75056941525369291e-08
2.12637500000000017e+01,2.12637500000000017e+01,2.21166978508074681e-03,-2.08022601779850325e-04,-2.08022553414214013e-04,-1.83058942430308500e-08,-1.83058899868768755e-08,-9.15294499343843774e-09,-2.74588392364692877e-08,-2.74588349803153132e-08
2.12710000000000008e+01,2.12710000000000008e+01,2.21016239254375520e-03,-2.07809967191052714e-04,-2.07809918907785735e-04,-1.82747186270551616e-08,-1.82747143810455482e-08,-9.13735719052277408e-09,-2.74120758175779340e-08,-2.74120715715683239e-08
2.12782499999999999e+01,2.12782499999999999e+01,2.20865654055647700e-03,-2.07597622301936013e-04,-2.07597574100922493e-04,-1.82436067012546111e-08,-1.82436024653663400e-08,-9.12180123268316998e-09,-2.73654079339377811e-08,-2.73654036980495099e-08
2.12855000000000025e+01,2.12855000000000025e+01,2.20715222702037644e-03,-2.07385566619450179e-04,-2.07385518500422943e-04,-1.82125583138924575e-08,-1.82125540880892651e-08,-9.10627704404463253e-09,-2.73188353579370901e-08,-2.73188311321338976e-08
2.12927500000000016e+01,2.12927500000000016e+01,2.20564944984049478e-03,-2.07173799651266810e-04,-2.07173751614093504e-04,-1.81815733136199572e-08,-1.81815690978774746e-08,-9.09078454893873732e-09,-2.72723578625586962e-08,-2.72723536468162136e-08
2.13000000000000007e+01,2.13000000000000007e+01,2.20414820692543334e-03,-2.06962320906250996e-04,-2.06962272950744921e-04,-1.81506515495167136e-08,-1.81506473438058540e-08,-9.07532367190292699e-09,-2.72259752214196406e-08,-2.72259710157087810e-08
2.13072499999999998e+01,2.13072499999999998e+01,2.20264849618735442e-03,-2.06751129894100494e-04,-2.06751082020190715e-04,-1.81197928710580303e-08,-1.81197886753598975e-08,-9.05989433767995042e-09,-2.71796872087379807e-08,-2.71796830130398479e-08
2.13145000000000024e+01,2.13145000000000024e+01,2.20115031554196823e-03,-2.06540226125762061e-04,-2.06540178333244315e-04,-1.80889971281502944e-08,-1.80889929424343589e-08,-9.04449647121717945e-09,-2.71334935993674722e-08,-2.71334894136515400e-08
2.13217500000000015e+01,2.13217500000000015e+01,2.19965366290853035e-03,-2.06329609113042878e-04,-2.06329561401717048e-04,-1.80582641710959306e-08,-1.80582599953320664e-08,-9.02912999766603321e-09,-2.70873941687619638e-08,-2.70873899929980996e-08
2.13290000000000006e+01,2.13290000000000006e+01,2.19815853620982955e-03,-2.06119278368777081e-04,-2.06119230738415241e-04,-1.80275938506069005e-08,-1.80275896847626127e-08,-9.01379484238130637e-09,-2.70413886929882086e-08,-2.70413845271439208e-08
2.13362499999999997e+01,2.13362499999999997e+01,2.19666493337218344e-03,-2.05909233406659231e-04,-2.05909185857138297e-04,-1.79969860177891323e-08,-1.79969818618411473e-08,-8.99849093092057532e-09,-2.69954769487097076e-08,-2.69954727927617227e-08
2.13435000000000024e+01,2.13435000000000024e+01,2.19517285232543290e-03,-2.05699473741438599e-04,-2.05699426272676252e-04,-1.79664405241584947e-08,-1.79664363780871422e-08,-8.98321818904357110e-09,-2.69496587132020658e-08,-2.69496545671307133e-08
2.13507500000000014e+01,2.13507500000000014e+01,2.19368229100293244e-03,-2.05489998889030190e-04,-2.05489951500807449e-04,-1.79359572216494562e-08,-1.79359530854231644e-08,-8.96797654271158219e-09,-2.69039337643610384e-08,-2.69039296281347466e-08
2.13580000000000005e+01,2.13580000000000005e+01,2.19219324734154248e-03,-2.05280808366126166e-04,-2.05280761058295960e-04,-1.79055359625800656e-08,-1.79055318361735988e-08,-8.95276591808679940e-09,-2.68583018806668667e-08,-2.68582977542603998e-08
2.13652499999999996e+01,2.13652499999999996e+01,2.19070571928162410e-03,-2.05071901690501157e-04,-2.05071854462889416e-04,-1.78751765996776474e-08,-1.78751724830634571e-08,-8.93758624153172854e-09,-2.68127628412093775e-08,-2.68127587245951873e-08
2.13725000000000023e+01,2.13725000000000023e+01,2.18921970476702952e-03,-2.04863278380928993e-04,-2.04863231233316572e-04,-1.78448789860704768e-08,-1.78448748792171435e-08,-8.92243743960857175e-09,-2.67673164256790469e-08,-2.67673123188257136e-08
2.13797500000000014e+01,2.13797500000000014e+01,2.18773520174510034e-03,-2.04654937956960659e-04,-2.04654890889285435e-04,-1.78146429752674682e-08,-1.78146388781572868e-08,-8.90731943907864508e-09,-2.67219624143461116e-08,-2.67219583172359336e-08
2.13870000000000005e+01,2.13870000000000005e+01,2.18625220816665369e-03,-2.04446879939423898e-04,-2.04446832951480224e-04,-1.77844684212006186e-08,-1.77844643338034402e-08,-8.89223216690171846e-09,-2.66767005881023388e-08,-2.66766965007051603e-08
2.13942499999999995e+01,2.13942499999999995e+01,2.18477072198597876e-03,-2.04239103849979120e-04,-2.04239056941559426e-04,-1.77543551781853600e-08,-1.77543511004709130e-08,-8.87717555023545652e-09,-2.66315307284208182e-08,-2.66315266507063712e-08
2.14015000000000022e+01,2.14015000000000022e+01,2.18329074116082851e-03,-2.04031609211174914e-04,-2.04031562382153432e-04,-1.77243031009243837e-08,-1.77242990328695666e-08,-8.86214951643478164e-09,-2.65864526173591653e-08,-2.65864485493043482e-08
2.14087500000000013e+01,2.14087500000000013e+01,2.18181226365241629e-03,-2.03824395546642334e-04,-2.03824348796862614e-04,-1.76943120445235719e-08,-1.76943079861026561e-08,-8.84715399305132803e-09,-2.65414660375748999e-08,-2.65414619791539841e-08
2.14160000000000004e+01,2.14160000000000004e+01,2.18033528742540275e-03,-2.03617462380956127e-04,-2.03617415710254264e-04,-1.76643818644788887e-08,-1.76643778156655401e-08,-8.83218890783277003e-09,-2.64965707723116587e-08,-2.64965667234983101e-08
2.14232499999999995e+01,2.14232499999999995e+01,2.17885981044789283e-03,-2.03410809239634727e-04,-2.03410762647860885e-04,-1.76345124166753843e-08,-1.76345083774445425e-08,-8.81725418872227290e-09,-2.64517666053976572e-08,-2.64517625661668154e-08
2.14305000000000021e+01,2.14305000000000021e+01,2.17738583069142753e-03,-2.03204435649195769e-04,-2.03204389136177614e-04,-1.76047035573910657e-08,-1.76046995277157614e-08,-8.80234976385787905e-09,-2.64070533212489447e-08,-2.64070492915736405e-08
2.14377500000000012e+01,2.14377500000000012e+01,2.17591334613097915e-03,-2.02998341137100580e-04,-2.02998294702660411e-04,-1.75749551432910507e-08,-1.75749511231438976e-08,-8.78747556157194881e-09,-2.63624307048629995e-08,-2.63624266847158464e-08
2.14450000000000003e+01,2.14450000000000003e+01,2.17444235474493998e-03,-2.02792525231726417e-04,-2.02792478875723017e-04,-1.75452670314242060e-08,-1.75452630207810273e-08,-8.77263151039051366e-09,-2.63178985418147213e-08,-2.63178945311715393e-08
2.14522499999999994e+01,2.14522499999999994e+01,2.17297285451511970e-03,-2.02586987462421986e-04,-2.02586941184735388e-04,-1.75156390792269722e-08,-1.75156350780654637e-08,-8.75781753903273186e-09,-2.62734566182597040e-08,-2.62734526170981956e-08
2.14595000000000020e+01,2.14595000000000020e+01,2.17150484342673415e-03,-2.02381727359646213e-04,-2.02381681160020870e-04,-1.74860711445343517e-08,-1.74860671528205429e-08,-8.74303357641027145e-09,-2.62291047209446248e-08,-2.62291007292308160e-08
2.14667500000000011e+01,2.14667500000000011e+01,2.17003831946840486e-03,-2.02176744454440893e-04,-2.02176698332854742e-04,-1.74565630855334053e-08,-1.74565591032535417e-08,-8.72827955162677086e-09,-2.61848426371601745e-08,-2.61848386548803142e-08
2.14740000000000002e+01,2.14740000000000002e+01,2.16857328063214515e-03,-2.01972038279235599e-04,-2.01971992235461039e-04,-1.74271147608317883e-08,-1.74271107879544041e-08,-8.71355539397720204e-09,-2.61406701548089920e-08,-2.61406661819316078e-08
2.14812499999999993e+01,2.14812499999999993e+01,2.16710972491335630e-03,-2.01767608367181550e-04,-2.01767562401010766e-04,-1.73977260293992398e-08,-1.73977220658946291e-08,-8.69886103294731455e-09,-2.60965870623465543e-08,-2.60965830988419436e-08
2.14885000000000019e+01,2.14885000000000019e+01,2.16564765031082053e-03,-2.01563454252345897e-04,-2.01563408363619647e-04,-1.73683967505834108e-08,-1.73683927964261131e-08,-8.68419639821305656e-09,-2.60525931487964657e-08,-2.60525891946391713e-08
2.14957500000000010e+01,2.14957500000000010e+01,2.16418705482669714e-03,-2.01359575469683971e-04,-2.01359529658346148e-04,-1.73391267841065563e-08,-1.73391228392800313e-08,-8.66956141964001566e-09,-2.60086882037465737e-08,-2.60086842589200486e-08
2.15030000000000001e+01,2.15030000000000001e+01,2.16272793646651038e-03,-2.01155971555344593e-04,-2.01155925821188710e-04,-1.73099159900908201e-08,-1.73099120545656135e-08,-8.65495602728280677e-09,-2.59648720173736253e-08,-2.59648680818484220e-08
2.15102500000000028e+01,2.15102500000000028e+01,2.16127029323914420e-03,-2.00952642046253738e-04,-2.00952596389083717e-04,-1.72807642290214088e-08,-1.72807603027690226e-08,-8.64038015138451128e-09,-2.59211443804059217e-08,-2.59211404541535322e-08
2.15175000000000018e+01,2.15175000000000018e+01,2.15981412315683925e-03,-2.00749586480170050e-04,-2.00749540899903709e-04,-1.72516713617505091e-08,-1.72516674447522788e-08,-8.62583372237613939e-09,-2.58775050841266501e-08,-2.58775011671284198e-08
2.15247500000000009e+01,2.15247500000000009e+01,2.15835942423518203e-03,-2.00546804395990153e-04,-2.00546758892454670e-04,-1.72226372495225207e-08,-1.72226333417520228e-08,-8.61131667087601141e-09,-2.58339539203985338e-08,-2.58339500126280326e-08
2.15320000000000000e+01,2.15320000000000000e+01,2.15690619449309794e-03,-2.00344295333498845e-04,-2.00344249906473883e-04,-1.71936617539516425e-08,-1.71936578553784368e-08,-8.59682892768922005e-09,-2.57904906816408625e-08,-2.57904867830676569e-08
2.15392500000000027e+01,2.15392500000000027e+01,2.15545443195284611e-03,-2.00142058833258085e-04,-2.00142013482627852e-04,-1.71647447370114304e-08,-1.71647408476140896e-08,-8.58237042380704316e-09,-2.57471151608184752e-08,-2.57471112714211311e-08
2.15465000000000018e+01,2.15465000000000018e+01,2.15400413464001544e-03,-1.99940094436884541e-04,-1.99940049162510421e-04,-1.71358860610576806e-08,-1.71358821808128584e-08,-8.56794109040642918e-09,-2.57038271514641098e-08,-2.57038232712192875e-08
2.15537500000000009e+01,2.15537500000000009e+01,2.15255530058351165e-03,-1.99738401686938571e-04,-1.99738356488639936e-04,-1.71070855888179472e-08,-1.71070817176987370e-08,-8.55354085884937018e-09,-2.56606264476673158e-08,-2.56606225765481089e-08
2.15609999999999999e+01,2.15609999999999999e+01,2.15110792781555548e-03,-1.99536980126840957e-04,-1.99536935004457642e-04,-1.70783431833834629e-08,-1.70783393213647680e-08,-8.53916966068238402e-09,-2.56175128440658452e-08,-2.56175089820471537e-08
2.15682500000000026e+01,2.15682500000000026e+01,2.14966201437167236e-03,-1.99335829300900658e-04,-1.99335784254324949e-04,-1.70496587082106271e-08,-1.70496548552718740e-08,-8.52482742763593699e-09,-2.55744861358465657e-08,-2.55744822829078093e-08
2.15755000000000017e+01,2.15755000000000017e+01,2.14821755829069233e-03,-1.99134948754398078e-04,-1.99134903783522259e-04,-1.70210320271272005e-08,-1.70210281832478486e-08,-8.51051409162392432e-09,-2.55315461187511249e-08,-2.55315422748717730e-08
2.15827500000000008e+01,2.15827500000000008e+01,2.14677455761473407e-03,-1.98934338033696090e-04,-1.98934293138245506e-04,-1.69924630043408217e-08,-1.69924591694861129e-08,-8.49622958474305810e-09,-2.54886925890838782e-08,-2.54886887542291693e-08
2.15899999999999999e+01,2.15899999999999999e+01,2.14533301038920396e-03,-1.98733996685740433e-04,-1.98733951865604820e-04,-1.69639515043954310e-08,-1.69639476785446989e-08,-8.48197383927234779e-09,-2.54459253436677771e-08,-2.54459215178170483e-08
2.15972500000000025e+01,2.15972500000000025e+01,2.14389291466279049e-03,-1.98533924258559313e-04,-1.98533879513622364e-04,-1.69354973922130298e-08,-1.69354935753451284e-08,-8.46774678767256255e-09,-2.54032441798855923e-08,-2.54032403630176909e-08
2.16045000000000016e+01,2.16045000000000016e+01,2.14245426848745472e-03,-1.98334120301124628e-04,-1.98334075631230027e-04,-1.69071005330809224e-08,-1.69070967251713342e-08,-8.45354836258566709e-09,-2.53606488956665895e-08,-2.53606450877570013e-08
2.16117500000000007e+01,2.16117500000000007e+01,2.14101706991842462e-03,-1.98134584363268695e-04,-1.98134539768267230e-04,-1.68787607926436760e-08,-1.68787569936685251e-08,-8.43937849683426255e-09,-2.53181392894779402e-08,-2.53181354905027860e-08
2.16189999999999998e+01,2.16189999999999998e+01,2.13958131701418768e-03,-1.97935315995767525e-04,-1.97935271475478756e-04,-1.68504780369093139e-08,-1.68504742468421174e-08,-8.42523712342106035e-09,-2.52757151603303726e-08,-2.52757113702631794e-08
2.16262500000000024e+01,2.16262500000000024e+01,2.13814700783648576e-03,-1.97736314750229791e-04,-1.97736270304512855e-04,-1.68222521322389633e-08,-1.68222483510566494e-08,-8.41112417552832470e-09,-2.52333763077672897e-08,-2.52333725265849757e-08
2.16335000000000015e+01,2.16335000000000015e+01,2.13671414045030900e-03,-1.97537580179235617e-04,-1.97537535807919100e-04,-1.67940829453577934e-08,-1.67940791730347261e-08,-8.39703958651736305e-09,-2.51911225318751581e-08,-2.51911187595520875e-08
2.16407500000000006e+01,2.16407500000000006e+01,2.13528271292388709e-03,-1.97339111836197789e-04,-1.97339067539146004e-04,-1.67659703433422473e-08,-1.67659665798558843e-08,-8.38298328992794214e-09,-2.51489536332701911e-08,-2.51489498697838248e-08
2.16479999999999997e+01,2.16479999999999997e+01,2.13385272332868459e-03,-1.97140909275417275e-04,-1.97140865052539230e-04,-1.67379141936239362e-08,-1.67379104389555600e-08,-8.36895521947778002e-09,-2.51068694131017162e-08,-2.51068656584333401e-08
2.16552500000000023e+01,2.16552500000000023e+01,2.13242416973939307e-03,-1.96942972052277510e-04,-1.96942927903339180e-04,-1.67099143640051972e-08,-1.67099106181239872e-08,-8.35495530906199358e-09,-2.50648696730671908e-08,-2.50648659271859807e-08
2.16625000000000014e+01,2.16625000000000014e+01,2.13099705023392632e-03,-1.96745299722772549e-04,-1.96745255647679283e-04,-1.66819707226181709e-08,-1.66819669855051813e-08,-8.34098349275259064e-09,-2.50229542153707632e-08,-2.50229504782577736e-08
2.16697500000000005e+01,2.16697500000000005e+01,2.12957136289341304e-03,-1.96547891843978917e-04,-1.96547847842583589e-04,-1.66540831379639437e-08,-1.66540794095958148e-08,-8.32703970479790577e-09,-2.49811228427618495e-08,-2.49811191143937206e-08
2.16769999999999996e+01,2.16769999999999996e+01,2.12814710580218900e-03,-1.96350747973861317e-04,-1.96350704045964759e-04,-1.66262514788951734e-08,-1.66262477592441783e-08,-8.31312387962208749e-09,-2.49393753585172626e-08,-2.49393716388662674e-08
2.16842500000000022e+01,2.16842500000000022e+01,2.12672427704779180e-03,-1.96153867671133852e-04,-1.96153823816621898e-04,-1.65984756146034603e-08,-1.65984719036491146e-08,-8.29923595182455728e-09,-2.48977115664280176e-08,-2.48977078554736718e-08
2.16915000000000013e+01,2.16915000000000013e+01,2.12530287472095748e-03,-1.95957250495454316e-04,-1.95957206714238982e-04,-1.65707554146349606e-08,-1.65707517123590331e-08,-8.28537585617951657e-09,-2.48561312708144788e-08,-2.48561275685385514e-08
2.16987500000000004e+01,2.16987500000000004e+01,2.12388289691560787e-03,-1.95760896007562968e-04,-1.95760852299382013e-04,-1.65430907489011861e-08,-1.65430870552707486e-08,-8.27154352763537597e-09,-2.48146342765365604e-08,-2.48146305829061263e-08
2.17059999999999995e+01,2.17059999999999995e+01,2.12246434172884847e-03,-1.95564803768671913e-04,-1.95564760133497501e-04,-1.65154814876265251e-08,-1.65154778026285015e-08,-8.25773890131425074e-09,-2.47732203889407775e-08,-2.47732167039427539e-08
2.17132500000000022e+01,2.17132500000000022e+01,2.12104720726096147e-03,-1.95368973341297769e-04,-1.95368929778910239e-04,-1.64879275014177447e-08,-1.64879238250228958e-08,-8.24396191251144790e-09,-2.47318894139291926e-08,-2.47318857375343437e-08
2.17205000000000013e+01,2.17205000000000013e+01,2.11963149161539929e-03,-1.95173404288540020e-04,-1.95173360798821304e-04,-1.64604286612021910e-08,-1.64604249933898935e-08,-8.23021249669494840e-09,-2.46906411578971394e-08,-2.46906374900848419e-08
2.17277500000000003e+01,2.17277500000000003e+01,2.11821719289877761e-03,-1.94978096174552862e-04,-1.94978052757305986e-04,-1.64329848382667093e-08,-1.64329811790097258e-08,-8.21649058950486289e-09,-2.46494754277715705e-08,-2.46494717685145870e-08
2.17349999999999994e+01,2.17349999999999994e+01,2.11680430922086887e-03,-1.94783048564239891e-04,-1.94783005219311604e-04,-1.64055959042310586e-08,-1.64055922535058873e-08,-8.20279612675294363e-09,-2.46083920309840023e-08,-2.46083883802588309e-08
2.17422500000000021e+01,2.17422500000000021e+01,2.11539283869459577e-03,-1.94588261023309617e-04,-1.94588217750655575e-04,-1.63782617310517400e-08,-1.63782580888440871e-08,-8.18912904442204354e-09,-2.45673907754737835e-08,-2.45673871332661306e-08
2.17495000000000012e+01,2.17495000000000012e+01,2.11398277943603040e-03,-1.94393733118636280e-04,-1.94393689918023895e-04,-1.63509821910515432e-08,-1.63509785573312994e-08,-8.17548927866564803e-09,-2.45264714697171896e-08,-2.45264678359969457e-08
2.17567500000000003e+01,2.17567500000000003e+01,2.11257412956437603e-03,-1.94199464417649237e-04,-1.94199421288967892e-04,-1.63237571568672425e-08,-1.63237535316146018e-08,-8.16187676580730089e-09,-2.44856339226745417e-08,-2.44856302974219010e-08
2.17639999999999993e+01,2.17639999999999993e+01,2.11116688720197490e-03,-1.94005454488721529e-04,-1.94005411431903598e-04,-1.62965865014814863e-08,-1.62965828846802987e-08,-8.14829144234014937e-09,-2.44448779438216373e-08,-2.44448743270204465e-08
2.17712500000000020e+01,2.17712500000000020e+01,2.10976105047428917e-03,-1.93811702901364180e-04,-1.93811659916108526e-04,-1.62694700982382551e-08,-1.62694664898527899e-08,-8.13473324492639496e-09,-2.44042033431646517e-08,-2.44041997347791832e-08
2.17785000000000011e+01,2.17785000000000011e+01,2.10835661750990522e-03,-1.93618209225449034e-04,-1.93618166311720745e-04,-1.62424078207767372e-08,-1.62424042207936635e-08,-8.12120211039683176e-09,-2.43636099311735707e-08,-2.43636063311904969e-08
2.17857500000000002e+01,2.17857500000000002e+01,2.10695358644052023e-03,-1.93424973032096936e-04,-1.93424930189735984e-04,-1.62153995431050765e-08,-1.62153959515005946e-08,-8.10769797575029563e-09,-2.43230975188553721e-08,-2.43230939272508902e-08
2.17930000000000028e+01,2.17930000000000028e+01,2.10555195540093913e-03,-1.93231993893122622e-04,-1.93231951122006031e-04,-1.61884451395529152e-08,-1.61884415563063721e-08,-8.09422077815318606e-09,-2.42826659177061029e-08,-2.42826623344595598e-08
2.18002500000000019e+01,2.18002500000000019e+01,2.10415172252906941e-03,-1.93039271381284516e-04,-1.93039228681237080e-04,-1.61615444847915547e-08,-1.61615409098779562e-08,-8.08077045493897647e-09,-2.42423149397305328e-08,-2.42423113648169344e-08
2.18075000000000010e+01,2.18075000000000010e+01,2.10275288596591071e-03,-1.92846805070173710e-04,-1.92846762440986881e-04,-1.61346974538237505e-08,-1.61346938872153631e-08,-8.06734694360768318e-09,-2.42020443974314337e-08,-2.42020408308230462e-08
2.18147500000000001e+01,2.18147500000000001e+01,2.10135544385555220e-03,-1.92654594534019674e-04,-1.92654551975663448e-04,-1.61079039219666995e-08,-1.61079003636507680e-08,-8.05395018182538398e-09,-2.41618541037920835e-08,-2.41618505454761519e-08
2.18220000000000027e+01,2.18220000000000027e+01,2.09995939434516696e-03,-1.92462639348245368e-04,-1.92462596860523016e-04,-1.60811637648976075e-08,-1.60811602148474602e-08,-8.04058010742373009e-09,-2.41217438723213376e-08,-2.41217403222711903e-08
2.18292500000000018e+01,2.18292500000000018e+01,2.09856473558500244e-03,-1.92270939088912129e-04,-1.92270896671667798e-04,-1.60544768586064536e-08,-1.60544733167988865e-08,-8.02723665839944325e-09,-2.40817135170058969e-08,-2.40817099751983297e-08
2.18365000000000009e+01,2.18365000000000009e+01,2.09717146572837828e-03,-1.92079493332858453e-04,-1.92079450986044301e-04,-1.60278430794067903e-08,-1.60278395458276454e-08,-8.01391977291382103e-09,-2.40417628523206114e-08,-2.40417593187414664e-08
2.18437500000000000e+01,2.18437500000000000e+01,2.09577958293167632e-03,-1.91888301658005300e-04,-1.91888259381441025e-04,-1.60012623039603933e-08,-1.60012587785844911e-08,-8.00062938929224553e-09,-2.40018916932526404e-08,-2.40018881678767383e-08
2.18510000000000026e+01,2.18510000000000026e+01,2.09438908535433677e-03,-1.91697363642967522e-04,-1.91697321436486807e-04,-1.59747344092440019e-08,-1.59747308920473807e-08,-7.98736544602369036e-09,-2.39620998552676906e-08,-2.39620963380710694e-08
2.18582500000000017e+01,2.18582500000000017e+01,2.09299997115885289e-03,-1.91506678867220392e-04,-1.91506636730648871e-04,-1.59482592725624487e-08,-1.59482557635205115e-08,-7.97412788176025576e-09,-2.39223871543227045e-08,-2.39223836452807673e-08
2.18655000000000008e+01,2.18655000000000008e+01,2.09161223851076243e-03,-1.91316246911016341e-04,-1.91316204844230631e-04,-1.59218367715408505e-08,-1.59218332706332883e-08,-7.96091663531664417e-09,-2.38827534068574930e-08,-2.38827499059499309e-08
2.18727499999999999e+01,2.18727499999999999e+01,2.09022588557864365e-03,-1.91126067355495977e-04,-1.91126025358369985e-04,-1.58954667841331019e-08,-1.58954632913394172e-08,-7.94773164566971024e-09,-2.38431984298028121e-08,-2.38431949370091274e-08
2.18800000000000026e+01,2.18800000000000026e+01,2.08884091053410754e-03,-1.90936139782577063e-04,-1.90936097855037227e-04,-1.58691491886117968e-08,-1.58691457039158894e-08,-7.93457285195794469e-09,-2.38037220405697415e-08,-2.38037185558738341e-08
2.18872500000000016e+01,2.18872500000000016e+01,2.08745731155179611e-03,-1.90746463775176567e-04,-1.90746421917033530e-04,-1.58428838635859041e-08,-1.58428803869620883e-08,-7.92144019348104414e-09,-2.37643240570669499e-08,-2.37643205804431341e-08
2.18945000000000007e+01,2.18945000000000007e+01,2.08607508680936802e-03,-1.90557038916933097e-04,-1.90556997127988125e-04,-1.58166706879768747e-08,-1.58166672193987271e-08,-7.90833360969936356e-09,-2.37250042976762400e-08,-2.37250008290980923e-08
2.19017499999999998e+01,2.19017499999999998e+01,2.08469423448750081e-03,-1.90367864792151398e-04,-1.90367823072357302e-04,-1.57905095410132523e-08,-1.57905060804669722e-08,-7.89525304023348610e-09,-2.36857625812467384e-08,-2.36857591207004583e-08
2.19090000000000025e+01,2.19090000000000025e+01,2.08331475276988132e-03,-1.90178940986190925e-04,-1.90178899335422072e-04,-1.57644003022621652e-08,-1.57643968497274635e-08,-7.88219842486373176e-09,-2.36465987271258953e-08,-2.36465952745911936e-08
2.19162500000000016e+01,2.19162500000000016e+01,2.08193663984320050e-03,-1.89990267085243802e-04,-1.89990225503286416e-04,-1.57383428516100567e-08,-1.57383394070593883e-08,-7.86916970352969252e-09,-2.36075125551397476e-08,-2.36075091105890792e-08
2.19235000000000007e+01,2.19235000000000007e+01,2.08055989389714559e-03,-1.89801842676085020e-04,-1.89801801162875049e-04,-1.57123370692412147e-08,-1.57123336326594687e-08,-7.85616681632973435e-09,-2.35685038855709491e-08,-2.35685004489892031e-08
2.19307499999999997e+01,2.19307499999999997e+01,2.07918451312439755e-03,-1.89613667346572035e-04,-1.89613625901931997e-04,-1.56863828356783796e-08,-1.56863794070410912e-08,-7.84318970352054726e-09,-2.35295725391989285e-08,-2.35295691105616401e-08
2.19380000000000024e+01,2.19380000000000024e+01,2.07781049572062018e-03,-1.89425740685228439e-04,-1.89425699309018146e-04,-1.56604800317474732e-08,-1.56604766110333046e-08,-7.83023830551665229e-09,-2.34907183372641255e-08,-2.34907149165499569e-08
2.19452500000000015e+01,2.19452500000000015e+01,2.07643783988446145e-03,-1.89238062281438246e-04,-1.89238020973510112e-04,-1.56346285385929185e-08,-1.56346251257799560e-08,-7.81731256288997963e-09,-2.34519411014828998e-08,-2.34519376886699339e-08
2.19525000000000006e+01,2.19525000000000006e+01,2.07506654381753959e-03,-1.89050631725362628e-04,-1.89050590485597499e-04,-1.56088282376699532e-08,-1.56088248327386652e-08,-7.80441241636933427e-09,-2.34132406540392858e-08,-2.34132372491080012e-08
2.19597499999999997e+01,2.19597499999999997e+01,2.07369660572444400e-03,-1.88863448608023177e-04,-1.88863407436281759e-04,-1.55830790107507374e-08,-1.55830756136799748e-08,-7.79153780683998738e-09,-2.33746168175907231e-08,-2.33746134205199638e-08
2.19670000000000023e+01,2.19670000000000023e+01,2.07232802381272264e-03,-1.88676512521274153e-04,-1.88676471417373543e-04,-1.55573807399212903e-08,-1.55573773506863335e-08,-7.77868867534316843e-09,-2.33360694152644571e-08,-2.33360660260295003e-08
2.19742500000000014e+01,2.19742500000000014e+01,2.07096079629288552e-03,-1.88489823057552686e-04,-1.88489782021492014e-04,-1.55317333075601321e-08,-1.55317299261513097e-08,-7.76586496307565487e-09,-2.32975982706357870e-08,-2.32975948892269646e-08
2.19815000000000005e+01,2.19815000000000005e+01,2.06959492137838864e-03,-1.88303379810517146e-04,-1.88303338842061603e-04,-1.55061365963901116e-08,-1.55061332227785054e-08,-7.75306661138925272e-09,-2.32592032077793643e-08,-2.32591998341677581e-08
2.19887499999999996e+01,2.19887499999999996e+01,2.06823039728563354e-03,-1.88117182374269998e-04,-1.88117141473311000e-04,-1.54805904894136085e-08,-1.54805871235807327e-08,-7.74029356179036636e-09,-2.32208840512039748e-08,-2.32208806853710991e-08
2.19960000000000022e+01,2.19960000000000022e+01,2.06686722223396128e-03,-1.87931230343829636e-04,-1.87931189510271042e-04,-1.54550948699506465e-08,-1.54550915118790741e-08,-7.72754575593953869e-09,-2.31826406258901852e-08,-2.31826372678186128e-08
2.20032500000000013e+01,2.20032500000000013e+01,2.06550539444564762e-03,-1.87745523315102636e-04,-1.87745482548773250e-04,-1.54296496216358426e-08,-1.54296462713020122e-08,-7.71482313565100608e-09,-2.31444727572868487e-08,-2.31444694069530182e-08
2.20105000000000004e+01,2.20105000000000004e+01,2.06414491214589263e-03,-1.87560060884717217e-04,-1.87560020185447172e-04,-1.54042546284039316e-08,-1.54042512857844206e-08,-7.70212564289221031e-09,-2.31063802712961403e-08,-2.31063769286766293e-08
2.20177499999999995e+01,2.20177499999999995e+01,2.06278577356281941e-03,-1.87374842649995488e-04,-1.87374802017719298e-04,-1.53789097744867449e-08,-1.53789064395667501e-08,-7.68945321978337342e-09,-2.30683629942701183e-08,-2.30683596593501236e-08
2.20250000000000021e+01,2.20250000000000021e+01,2.06142797692746710e-03,-1.87189868209314270e-04,-1.87189827643810839e-04,-1.53536149444420926e-08,-1.53536116171940657e-08,-7.67680580859703120e-09,-2.30304207530391238e-08,-2.30304174257910969e-08
2.20322500000000012e+01,2.20322500000000012e+01,2.06007152047378442e-03,-1.87005137161522228e-04,-1.87005096662736154e-04,-1.53283700231051717e-08,-1.53283667035151994e-08,-7.66418335175759970e-09,-2.29925533748627714e-08,-2.29925500552727991e-08
2.20395000000000003e+01,2.20395000000000003e+01,2.05871640243862532e-03,-1.86820649106439474e-04,-1.86820608674300717e-04,-1.53031748956288163e-08,-1.53031715836818043e-08,-7.65158579184090049e-09,-2.29547606874697168e-08,-2.29547573755227048e-08
2.20467499999999994e+01,2.20467499999999994e+01,2.05736262106174118e-03,-1.86636403644857563e-04,-1.86636363279099301e-04,-1.52780294474826907e-08,-1.52780261431474642e-08,-7.63901307157373210e-09,-2.29170425190564228e-08,-2.29170392147211963e-08
2.20540000000000020e+01,2.20540000000000020e+01,2.05601017458577470e-03,-1.86452400377984384e-04,-1.86452360078514053e-04,-1.52529335644071094e-08,-1.52529302676668038e-08,-7.62646513383340192e-09,-2.28793986982405097e-08,-2.28793954015002074e-08
2.20612500000000011e+01,2.20612500000000011e+01,2.05465906125625996e-03,-1.86268638907999273e-04,-1.86268598674713332e-04,-1.52278871324577743e-08,-1.52278838432946549e-08,-7.61394192164732579e-09,-2.28418290541050985e-08,-2.28418257649419823e-08
2.20685000000000002e+01,2.20685000000000002e+01,2.05330927932160894e-03,-1.86085118837886476e-04,-1.86085078670649020e-04,-1.52028900379913519e-08,-1.52028867563850733e-08,-7.60144337819253667e-09,-2.28043334161838886e-08,-2.28043301345776100e-08
2.20757499999999993e+01,2.20757499999999993e+01,2.05196082703311107e-03,-1.85901839771407396e-04,-1.85901799670055252e-04,-1.51779421676624990e-08,-1.51779388935905255e-08,-7.58896944679526112e-09,-2.27669116144577601e-08,-2.27669083403857867e-08
2.20830000000000020e+01,2.20830000000000020e+01,2.05061370264492332e-03,-1.85718801313045079e-04,-1.85718761277446273e-04,-1.51530434084185751e-08,-1.51530401418609486e-08,-7.57652007093047594e-09,-2.27295634793490494e-08,-2.27295602127914229e-08
2.20902500000000011e+01,2.20902500000000011e+01,2.04926790441407186e-03,-1.85536003068004218e-04,-1.85535963098115383e-04,-1.51281936474989512e-08,-1.51281903884429826e-08,-7.56409519422149128e-09,-2.26922888417204441e-08,-2.26922855826644722e-08
2.20975000000000001e+01,2.20975000000000001e+01,2.04792343060043779e-03,-1.85353444642460952e-04,-1.85353404738132168e-04,-1.51033927724546267e-08,-1.51033895208789549e-08,-7.55169476043947745e-09,-2.26550875328941041e-08,-2.26550842813184324e-08
2.21047500000000028e+01,2.21047500000000028e+01,2.04658027946675583e-03,-1.85171125643285306e-04,-1.85171085804341205e-04,-1.50786406711248439e-08,-1.50786374270060796e-08,-7.53931871350303981e-09,-2.26179593846278820e-08,-2.26179561405091178e-08
2.21120000000000019e+01,2.21120000000000019e+01,2.04523844927860998e-03,-1.84989045678068953e-04,-1.84989005904360510e-04,-1.50539372316386825e-08,-1.50539339949556235e-08,-7.52696699747781174e-09,-2.25809042291164943e-08,-2.25809009924334352e-08
2.21192500000000010e+01,2.21192500000000010e+01,2.04389793830442399e-03,-1.84807204355180721e-04,-1.84807164646579242e-04,-1.50292823424188284e-08,-1.50292791131519531e-08,-7.51463955657597821e-09,-2.25439218989948066e-08,-2.25439186697279313e-08
2.21265000000000001e+01,2.21265000000000001e+01,2.04255874481546048e-03,-1.84625601283683327e-04,-1.84625561640156422e-04,-1.50046758921740859e-08,-1.50046726703117443e-08,-7.50233633515587213e-09,-2.25070122273299596e-08,-2.25070090054676147e-08
2.21337500000000027e+01,2.21337500000000027e+01,2.04122086708581011e-03,-1.84444236073666445e-04,-1.84444196495018686e-04,-1.49801177699257547e-08,-1.49801145554430619e-08,-7.49005727772152931e-09,-2.24701750476472857e-08,-2.24701718331645896e-08
2.21410000000000018e+01,2.21410000000000018e+01,2.03988430339239199e-03,-1.84263108335719350e-04,-1.84263068821859149e-04,-1.49556078649640248e-08,-1.49556046578445762e-08,-7.47780232892228810e-09,-2.24334101938863129e-08,-2.24334069867668643e-08
2.21482500000000009e+01,2.21482500000000009e+01,2.03854905201494244e-03,-1.84082217681402760e-04,-1.84082178232135041e-04,-1.49311460668856126e-08,-1.49311428671046358e-08,-7.46557143355231790e-09,-2.23967175004379289e-08,-2.23967143006569520e-08
2.21555000000000000e+01,2.21555000000000000e+01,2.03721511123601193e-03,-1.83901563722888017e-04,-1.83901524338066116e-04,-1.49067322655637413e-08,-1.49067290731004277e-08,-7.45336453655021384e-09,-2.23600968021139568e-08,-2.23600936096506432e-08
2.21627500000000026e+01,2.21627500000000026e+01,2.03588247934096030e-03,-1.83721146073040353e-04,-1.83721106752633153e-04,-1.48823663511542171e-08,-1.48823631659971598e-08,-7.44118158299857909e-09,-2.23235479341527970e-08,-2.23235447489957381e-08
2.21700000000000017e+01,2.21700000000000017e+01,2.03455115461795288e-03,-1.83540964345668689e-04,-1.83540925089576253e-04,-1.48580482141149871e-08,-1.48580450362472224e-08,-7.42902251812361038e-09,-2.22870707322385974e-08,-2.22870675543708328e-08
2.21772500000000008e+01,2.21772500000000008e+01,2.03322113535794836e-03,-1.83361018155414612e-04,-1.83360978963392507e-04,-1.48337777451963688e-08,-1.48337745745892729e-08,-7.41688728729463730e-09,-2.22506650324910069e-08,-2.22506618618839094e-08
2.21844999999999999e+01,2.21844999999999999e+01,2.03189241985469960e-03,-1.83181307117363801e-04,-1.83181267989334859e-04,-1.48095548354089355e-08,-1.48095516720474588e-08,-7.40477583602372855e-09,-2.22143306714326632e-08,-2.22143275080711881e-08
2.21917500000000025e+01,2.21917500000000025e+01,2.03056500640474633e-03,-1.83001830847573377e-04,-1.83001791783410150e-04,-1.47853793760654925e-08,-1.47853762199305485e-08,-7.39268810996527257e-09,-2.21780674860307642e-08,-2.21780643298958202e-08
2.21990000000000016e+01,2.21990000000000016e+01,2.02923889330740986e-03,-1.82822588962794352e-04,-1.82822549962377551e-04,-1.47612512587579406e-08,-1.47612481098311312e-08,-7.38062405491556644e-09,-2.21418753136735063e-08,-2.21418721647466968e-08
2.22062500000000007e+01,2.22062500000000007e+01,2.02791407886478625e-03,-1.82643581080554895e-04,-1.82643542143746582e-04,-1.47371703753632837e-08,-1.47371672336247416e-08,-7.36858361681236997e-09,-2.21057539921756528e-08,-2.21057508504371124e-08
2.22134999999999998e+01,2.22134999999999998e+01,2.02659056138174230e-03,-1.82464806819049308e-04,-1.82464767945775513e-04,-1.47131366180339846e-08,-1.47131334834690340e-08,-7.35656674173451866e-09,-2.20697033597685024e-08,-2.20697002252035535e-08
2.22207500000000024e+01,2.22207500000000024e+01,2.02526833916590954e-03,-1.82286265797387825e-04,-1.82286226987469764e-04,-1.46891498792174377e-08,-1.46891467518029788e-08,-7.34457337590148939e-09,-2.20337232551189271e-08,-2.20337201277044682e-08
2.22280000000000015e+01,2.22280000000000015e+01,2.02394741052767989e-03,-1.82107957635235795e-04,-1.82107918888580145e-04,-1.46652100516261817e-08,-1.46652069313460398e-08,-7.33260346567301991e-09,-2.19978135172992000e-08,-2.19978103970190614e-08
2.22352500000000006e+01,2.22352500000000006e+01,2.02262777378019913e-03,-1.81929881953091233e-04,-1.81929843269601119e-04,-1.46413170282595755e-08,-1.46413139150973161e-08,-7.32065695754865721e-09,-2.19619739858082343e-08,-2.19619708726459716e-08
2.22424999999999997e+01,2.22424999999999997e+01,2.02130942723936042e-03,-1.81752038372284819e-04,-1.81751999751768962e-04,-1.46174707024031158e-08,-1.46174675963347375e-08,-7.30873379816736876e-09,-2.19262045005704846e-08,-2.19262013945021063e-08
2.22497500000000024e+01,2.22497500000000024e+01,2.01999236922380081e-03,-1.81574426514674592e-04,-1.81574387957060242e-04,-1.45936709676031827e-08,-1.45936678686142561e-08,-7.29683393430712888e-09,-2.18905049019103107e-08,-2.18905018029213842e-08
2.22570000000000014e+01,2.22570000000000014e+01,2.01867659805489734e-03,-1.81397046003062279e-04,-1.81397007508190438e-04,-1.45699177176998695e-08,-1.45699146257690600e-08,-7.28495731288453001e-09,-2.18548750305844003e-08,-2.18548719386535909e-08
2.22642500000000005e+01,2.22642500000000005e+01,2.01736211205675664e-03,-1.81219896460887986e-04,-1.81219858028611473e-04,-1.45462108468017279e-08,-1.45462077619086869e-08,-7.27310388095434180e-09,-2.18193147277560697e-08,-2.18193116428630287e-08
2.22714999999999996e+01,2.22714999999999996e+01,2.01604890955621452e-03,-1.81042977512230197e-04,-1.81042939142510794e-04,-1.45225502492851209e-08,-1.45225471714182744e-08,-7.26127358570913805e-09,-2.17838238349942581e-08,-2.17838207571274117e-08
2.22787500000000023e+01,2.22787500000000023e+01,2.01473698888282897e-03,-1.80866288782111084e-04,-1.80866250474809282e-04,-1.44989358198180620e-08,-1.44989327489577381e-08,-7.24946637447886988e-09,-2.17484021942969302e-08,-2.17483991234366080e-08
2.22860000000000014e+01,2.22860000000000014e+01,2.01342634836887370e-03,-1.80689829896246712e-04,-1.80689791651159791e-04,-1.44753674533394847e-08,-1.44753643894609771e-08,-7.23768219473048856e-09,-2.17130496480699733e-08,-2.17130465841914657e-08
2.22932500000000005e+01,2.22932500000000005e+01,2.01211698634933380e-03,-1.80513600480852743e-04,-1.80513562297945223e-04,-1.44518450450429981e-08,-1.44518419881350340e-08,-7.22592099406751784e-09,-2.16777660391105176e-08,-2.16777629822025519e-08
2.23004999999999995e+01,2.23004999999999995e+01,2.01080890116190139e-03,-1.80337600163144041e-04,-1.80337562042277199e-04,-1.44283684904162840e-08,-1.44283654404593502e-08,-7.21418272022967592e-09,-2.16425512106459599e-08,-2.16425481606890244e-08
2.23077500000000022e+01,2.23077500000000022e+01,2.00950209114696739e-03,-1.80161828570973848e-04,-1.80161790511993998e-04,-1.44049376852114903e-08,-1.44049346421849105e-08,-7.20246732109245609e-09,-2.16074050063039463e-08,-2.16074019632773683e-08
2.23150000000000013e+01,2.23150000000000013e+01,2.00819655464762195e-03,-1.79986285332889295e-04,-1.79986247335659584e-04,-1.43815525254490609e-08,-1.43815494893335371e-08,-7.19077474466676938e-09,-2.15723272701158302e-08,-2.15723242340003065e-08
2.23222500000000004e+01,2.23222500000000004e+01,2.00689229000964101e-03,-1.79810970078131405e-04,-1.79810932142560975e-04,-1.43582129074170426e-08,-1.43582098781969858e-08,-7.17910493909849456e-09,-2.15373178465155372e-08,-2.15373148172954804e-08
2.23294999999999995e+01,2.23294999999999995e+01,2.00558929558148930e-03,-1.79635882436662841e-04,-1.79635844562707567e-04,-1.43349187276726817e-08,-1.43349157053362565e-08,-7.16745785266812826e-09,-2.15023765803408092e-08,-2.15023735580043840e-08
2.23367500000000021e+01,2.23367500000000021e+01,2.00428756971430914e-03,-1.79461022039417717e-04,-1.79460984226828774e-04,-1.43116698830616638e-08,-1.43116668675807295e-08,-7.15583343379036642e-09,-2.14675033168520311e-08,-2.14675003013710968e-08
2.23440000000000012e+01,2.23440000000000012e+01,2.00298711076191778e-03,-1.79286388517635453e-04,-1.79286350766372861e-04,-1.42884662706643506e-08,-1.42884632620274608e-08,-7.14423163101373039e-09,-2.14326979016780802e-08,-2.14326948930411920e-08
2.23512500000000003e+01,2.23512500000000003e+01,2.00168791708080392e-03,-1.79111981503554674e-04,-1.79111943813505187e-04,-1.42653077878504451e-08,-1.42653047860403381e-08,-7.13265239302016904e-09,-2.13979601808706158e-08,-2.13979571790605088e-08
2.23584999999999994e+01,2.23584999999999994e+01,2.00038998703011648e-03,-1.78937800630107890e-04,-1.78937763001106196e-04,-1.42421943322540122e-08,-1.42421913372493070e-08,-7.12109566862465351e-09,-2.13632900008786649e-08,-2.13632870058739614e-08
2.23657500000000020e+01,2.23657500000000020e+01,1.99909331897166675e-03,-1.78763845530810483e-04,-1.78763807962770442e-04,-1.42191258017639744e-08,-1.42191228135496296e-08,-7.10956140677481646e-09,-2.13286872085387917e-08,-2.13286842203244469e-08
2.23730000000000011e+01,2.23730000000000011e+01,1.99779791126991971e-03,-1.78590115840038255e-04,-1.78590078332804689e-04,-1.41961020945456121e-08,-1.41960991131011202e-08,-7.09804955655056091e-09,-2.12941516510961713e-08,-2.12941486696516811e-08
2.23802500000000002e+01,2.23802500000000002e+01,1.99650376229198664e-03,-1.78416611192749874e-04,-1.78416573746225938e-04,-1.41731231090177726e-08,-1.41731201343272981e-08,-7.08656006716364905e-09,-2.12596831761814217e-08,-2.12596802014909471e-08
2.23875000000000028e+01,2.23875000000000028e+01,1.99521087040762431e-03,-1.78243331224708923e-04,-1.78243293838760392e-04,-1.41501887438699257e-08,-1.41501857759146899e-08,-7.07509288795734579e-09,-2.12252816318272732e-08,-2.12252786638720341e-08
2.23947500000000019e+01,2.23947500000000019e+01,1.99391923398922841e-03,-1.78070275572261849e-04,-1.78070238246841615e-04,-1.41272988980438972e-08,-1.41272959368120665e-08,-7.06364796840603574e-09,-2.11909468664499338e-08,-2.11909439052181014e-08
2.24020000000000010e+01,2.24020000000000010e+01,1.99262885141182665e-03,-1.77897443872698791e-04,-1.77897406607608824e-04,-1.41044534707618395e-08,-1.41044505162296325e-08,-7.05222525811481706e-09,-2.11566787288766574e-08,-2.11566757743444487e-08
2.24092500000000001e+01,2.24092500000000001e+01,1.99133972105307441e-03,-1.77724835763781730e-04,-1.77724798558905316e-04,-1.40816523614881631e-08,-1.40816494136382833e-08,-7.04082470681914084e-09,-2.11224770683073031e-08,-2.11224741204574233e-08
2.24165000000000028e+01,2.24165000000000028e+01,1.99005184129325170e-03,-1.77552450883966539e-04,-1.77552413739277007e-04,-1.40588954699465515e-08,-1.40588925287688611e-08,-7.02944626438442973e-09,-2.10883417343309812e-08,-2.10883387931532925e-08
2.24237500000000018e+01,2.24237500000000018e+01,1.98876521051525668e-03,-1.77380288872680536e-04,-1.77380251787970938e-04,-1.40361826961412995e-08,-1.40361797616114132e-08,-7.01808988080570741e-09,-2.10542725769470077e-08,-2.10542696424171214e-08
2.24310000000000009e+01,2.24310000000000009e+01,1.98747982710459781e-03,-1.77208349369767371e-04,-1.77208312344933136e-04,-1.40135139403127079e-08,-1.40135110124143749e-08,-7.00675550620718908e-09,-2.10202694465198986e-08,-2.10202665186215623e-08
2.24382500000000000e+01,2.24382500000000000e+01,1.98619568944939521e-03,-1.77036632015792339e-04,-1.77036595050807907e-04,-1.39908891029606601e-08,-1.39908861816839046e-08,-6.99544309084195230e-09,-2.09863321938026141e-08,-2.09863292725258586e-08
2.24455000000000027e+01,2.24455000000000027e+01,1.98491279594036800e-03,-1.76865136452319938e-04,-1.76865099546935265e-04,-1.39683080848659039e-08,-1.39683051701830368e-08,-6.98415258509151839e-09,-2.09524606699574231e-08,-2.09524577552745543e-08
2.24527500000000018e+01,2.24527500000000018e+01,1.98363114497083657e-03,-1.76693862321192219e-04,-1.76693825475350357e-04,-1.39457707870324312e-08,-1.39457678789310498e-08,-6.97288393946552572e-09,-2.09186547264979577e-08,-2.09186518183965747e-08
2.24600000000000009e+01,2.24600000000000009e+01,1.98235073493671123e-03,-1.76522809265194924e-04,-1.76522772478781057e-04,-1.39232771107394603e-08,-1.39232742092026206e-08,-6.96163710460130948e-09,-2.08849142153407697e-08,-2.08849113138039284e-08
2.24672499999999999e+01,2.24672499999999999e+01,1.98107156423649134e-03,-1.76351976927724419e-04,-1.76351940200646849e-04,-1.39008269575145257e-08,-1.39008240625271318e-08,-6.95041203126356506e-09,-2.08512389887780899e-08,-2.08512360937906960e-08
2.24745000000000026e+01,2.24745000000000026e+01,1.97979363127125888e-03,-1.76181364952926467e-04,-1.76181328285057178e-04,-1.38784202291438049e-08,-1.38784173406879283e-08,-6.93920867034396335e-09,-2.08176288994877674e-08,-2.08176260110318909e-08
2.24817500000000017e+01,2.24817500000000017e+01,1.97851693444467359e-03,-1.76010972985612968e-04,-1.76010936376809929e-04,-1.38560568276649514e-08,-1.38560539457215886e-08,-6.92802697286079428e-09,-2.07840838005257457e-08,-2.07840809185823845e-08
2.24890000000000008e+01,2.24890000000000008e+01,1.97724147216296782e-03,-1.75840800671206443e-04,-1.75840764121389803e-04,-1.38337366553620987e-08,-1.38337337799171709e-08,-6.91686688995858547e-09,-2.07506035453206858e-08,-2.07506006698757581e-08
2.24962499999999999e+01,2.24962499999999999e+01,1.97596724283494131e-03,-1.75670847655934326e-04,-1.75670811164966716e-04,-1.38114596147805509e-08,-1.38114567458154831e-08,-6.90572837290774238e-09,-2.07171879876882933e-08,-2.07171851187232238e-08
2.25035000000000025e+01,2.25035000000000025e+01,1.97469424487195641e-03,-1.75501113586634672e-04,-1.75501077154394309e-04,-1.37892256087108879e-08,-1.37892227462083572e-08,-6.89461137310417944e-09,-2.06838369818150690e-08,-2.06838341193125367e-08
2.25107500000000016e+01,2.25107500000000016e+01,1.97342247668793507e-03,-1.75331598110811671e-04,-1.75331561737208648e-04,-1.37670345401927419e-08,-1.37670316841379617e-08,-6.88351584206898169e-09,-2.06505503822617236e-08,-2.06505475262069451e-08
2.25180000000000007e+01,2.25180000000000007e+01,1.97215193669935014e-03,-1.75162300876746668e-04,-1.75162264561626270e-04,-1.37448863125228777e-08,-1.37448834628959956e-08,-6.87244173144799781e-09,-2.06173280439708738e-08,-2.06173251943439934e-08
2.25252499999999998e+01,2.25252499999999998e+01,1.97088262332522279e-03,-1.74993221533220611e-04,-1.74993185276542802e-04,-1.37227808292328353e-08,-1.37227779860230302e-08,-6.86138899301151425e-09,-2.05841698222443479e-08,-2.05841669790345428e-08
2.25325000000000024e+01,2.25325000000000024e+01,1.96961453498711815e-03,-1.74824359729902623e-04,-1.74824323531531608e-04,-1.37007179941187980e-08,-1.37007151573077626e-08,-6.85035757865387965e-09,-2.05510755727726760e-08,-2.05510727359616423e-08
2.25397500000000015e+01,2.25397500000000015e+01,1.96834767010913882e-03,-1.74655715117072452e-04,-1.74655678976842131e-04,-1.36786977112192434e-08,-1.36786948807863231e-08,-6.83934744039316074e-09,-2.05180451516124025e-08,-2.05180423211794839e-08
2.25470000000000006e+01,2.25470000000000006e+01,1.96708202711792096e-03,-1.74487287345564956e-04,-1.74487251263398324e-04,-1.36567198848099691e-08,-1.36567170607415220e-08,-6.82835853037076019e-09,-2.04850784151807293e-08,-2.04850755911122806e-08
2.25542499999999997e+01,2.25542499999999997e+01,1.96581760444262867e-03,-1.74319076066936640e-04,-1.74319040042797131e-04,-1.36347844194165876e-08,-1.36347816017021582e-08,-6.81739080085107912e-09,-2.04521752202676651e-08,-2.04521724025532374e-08
2.25615000000000023e+01,2.25615000000000023e+01,1.96455440051495006e-03,-1.74151080933604430e-04,-1.74151044967307134e-04,-1.36128912198247607e-08,-1.36128884084423096e-08,-6.80644420422115479e-09,-2.04193354240459155e-08,-2.04193326126634627e-08
2.25687500000000014e+01,2.25687500000000014e+01,1.96329241376909120e-03,-1.73983301598484852e-04,-1.73983265689866840e-04,-1.35910401910513801e-08,-1.35910373859806281e-08,-6.79551869299031321e-09,-2.03865588840416933e-08,-2.03865560789709396e-08
2.25760000000000005e+01,2.25760000000000005e+01,1.96203164264177219e-03,-1.73815737715077301e-04,-1.73815701864083280e-04,-1.35692312383505035e-08,-1.35692284395796069e-08,-6.78461421978980264e-09,-2.03538454581403069e-08,-2.03538426593694104e-08
2.25832499999999996e+01,2.25832499999999996e+01,1.96077208557222287e-03,-1.73648388937658327e-04,-1.73648353144230616e-04,-1.35474642672279623e-08,-1.35474614747449123e-08,-6.77373073737245533e-09,-2.03211950046004177e-08,-2.03211922121173676e-08
2.25905000000000022e+01,2.25905000000000022e+01,1.95951374100217538e-03,-1.73481254921364902e-04,-1.73481219185248254e-04,-1.35257391834472452e-08,-1.35257363972246454e-08,-6.76286819861232023e-09,-2.02886073820595654e-08,-2.02886045958369657e-08
2.25977500000000013e+01,2.25977500000000013e+01,1.95825660737586294e-03,-1.73314335321528290e-04,-1.73314299642739916e-04,-1.35040558929769514e-08,-1.35040531130086841e-08,-6.75202655650434122e-09,-2.02560824494812918e-08,-2.02560796695130245e-08
2.26050000000000004e+01,2.26050000000000004e+01,1.95700068314001328e-03,-1.73147629794534463e-04,-1.73147594172971743e-04,-1.34824143020573282e-08,-1.34824115283279549e-08,-6.74120576416397826e-09,-2.02236200662213081e-08,-2.02236172924919348e-08
2.26122499999999995e+01,2.26122499999999995e+01,1.95574596674384258e-03,-1.72981137997407775e-04,-1.72981102432870918e-04,-1.34608143171671998e-08,-1.34608115496537447e-08,-6.73040577482687236e-09,-2.01912200919940738e-08,-2.01912173244806187e-08
2.26195000000000022e+01,2.26195000000000022e+01,1.95449245663905031e-03,-1.72814859587672176e-04,-1.72814824080023895e-04,-1.34392558450125923e-08,-1.34392530836969799e-08,-6.71962654184848995e-09,-2.01588823868610806e-08,-2.01588796255454715e-08
2.26267500000000013e+01,2.26267500000000013e+01,1.95324015127982132e-03,-1.72648794223378976e-04,-1.72648758772675812e-04,-1.34177387925283812e-08,-1.34177360374076335e-08,-6.70886801870381675e-09,-2.01266068112321987e-08,-2.01266040561114511e-08
2.26340000000000003e+01,2.26340000000000003e+01,1.95198904912281140e-03,-1.72482941563689707e-04,-1.72482906169727965e-04,-1.33962630669229854e-08,-1.33962603179739117e-08,-6.69813015898695583e-09,-2.00943932259099412e-08,-2.00943904769608675e-08
2.26412499999999994e+01,2.26412499999999994e+01,1.95073914862714786e-03,-1.72317301268098966e-04,-1.72317265930736860e-04,-1.33748285756173780e-08,-1.33748258328216347e-08,-6.68741291641081736e-09,-2.00622414920281962e-08,-2.00622387492324529e-08
2.26485000000000021e+01,2.26485000000000021e+01,1.94949044825442372e-03,-1.72151872996711974e-04,-1.72151837715912615e-04,-1.33534352262661313e-08,-1.33534324896135425e-08,-6.67671624480677206e-09,-2.00301514710729034e-08,-2.00301487344203162e-08
2.26557500000000012e+01,2.26557500000000012e+01,1.94824294646869507e-03,-1.71986656410549887e-04,-1.71986621186117874e-04,-1.33320829267805231e-08,-1.33320801962486406e-08,-6.66604009812431947e-09,-1.99981230249048409e-08,-1.99981202943729601e-08
2.26630000000000003e+01,2.26630000000000003e+01,1.94699664173647135e-03,-1.71821651170994683e-04,-1.71821616002865586e-04,-1.33107715852848846e-08,-1.33107688608614480e-08,-6.65538443043072485e-09,-1.99661560157156094e-08,-1.99661532912921729e-08
2.26702499999999993e+01,2.26702499999999993e+01,1.94575153252671620e-03,-1.71656856940261004e-04,-1.71656821828318273e-04,-1.32895011101526660e-08,-1.32894983918213964e-08,-6.64474919591069656e-09,-1.99342503060633633e-08,-1.99342475877320922e-08
2.26775000000000020e+01,2.26775000000000020e+01,1.94450761731083748e-03,-1.71492273381118610e-04,-1.71492238325286051e-04,-1.32682714099843187e-08,-1.32682686977320889e-08,-6.63413434886604443e-09,-1.99024057588503640e-08,-1.99024030465981325e-08
2.26847500000000011e+01,2.26847500000000011e+01,1.94326489456268965e-03,-1.71327900157031143e-04,-1.71327865157225843e-04,-1.32470823936175266e-08,-1.32470796874307110e-08,-6.62353984371535634e-09,-1.98706222373328829e-08,-1.98706195311460657e-08
2.26920000000000002e+01,2.26920000000000002e+01,1.94202336275856079e-03,-1.71163736932239408e-04,-1.71163701988239105e-04,-1.32259339701330402e-08,-1.32259312699872686e-08,-6.61296563499363429e-09,-1.98388996051266745e-08,-1.98388969049809029e-08
2.26992500000000028e+01,2.26992500000000028e+01,1.94078302037717213e-03,-1.70999783371261760e-04,-1.70999748483070764e-04,-1.32048260488155102e-08,-1.32048233547039484e-08,-6.60241167735197420e-09,-1.98072377261674861e-08,-1.98072350320559209e-08
2.27065000000000019e+01,2.27065000000000019e+01,1.93954386589967700e-03,-1.70836039139643514e-04,-1.70836004307108248e-04,-1.31837585392108739e-08,-1.31837558511145182e-08,-6.59187792555725995e-09,-1.97756364647681339e-08,-1.97756337766717765e-08
2.27137500000000010e+01,2.27137500000000010e+01,1.93830589780964778e-03,-1.70672503903346318e-04,-1.70672469126379204e-04,-1.31627313510785853e-08,-1.31627286689835507e-08,-6.58136433449177536e-09,-1.97440956855703607e-08,-1.97440930034753244e-08
2.27210000000000001e+01,2.27210000000000001e+01,1.93706911459307876e-03,-1.70509177329081218e-04,-1.70509142607550609e-04,-1.31417443944168112e-08,-1.31417417183058394e-08,-6.57087085915291885e-09,-1.97126152535697309e-08,-1.97126125774587574e-08
2.27282500000000027e+01,2.27282500000000027e+01,1.93583351473837571e-03,-1.70346059084142132e-04,-1.70346024417927084e-04,-1.31207975794490059e-08,-1.31207949093056938e-08,-6.56039745465284610e-09,-1.96811950341018528e-08,-1.96811923639585408e-08
2.27355000000000018e+01,2.27355000000000018e+01,1.93459909673635824e-03,-1.70183148836405840e-04,-1.70183114225449893e-04,-1.30998908166234085e-08,-1.30998881524363428e-08,-6.54994407621817222e-09,-1.96498348928415815e-08,-1.96498322286545158e-08
2.27427500000000009e+01,2.27427500000000009e+01,1.93336585908024817e-03,-1.70020446254470770e-04,-1.70020411698695021e-04,-1.30790240166231509e-08,-1.30790213583792108e-08,-6.53951067918960539e-09,-1.96185346958127562e-08,-1.96185320375688178e-08
2.27500000000000000e+01,2.27500000000000000e+01,1.93213380026566878e-03,-1.69857951007601482e-04,-1.69857916506871979e-04,-1.30581970903614352e-08,-1.30581944380432897e-08,-6.52909721902164484e-09,-1.95872943093830817e-08,-1.95872916570649362e-08
2.27572500000000026e+01,2.27572500000000026e+01,1.93090291879063729e-03,-1.69695662765756428e-04,-1.69695628319822204e-04,-1.30374099489831175e-08,-1.30374073025644737e-08,-6.51870365128223600e-09,-1.95561136002653526e-08,-1.95561109538467088e-08
2.27645000000000017e+01,2.27645000000000017e+01,1.92967321315556527e-03,-1.69533581199116101e-04,-1.69533546808018194e-04,-1.30166625038279305e-08,-1.30166598633049652e-08,-6.50832993165248177e-09,-1.95249924354804122e-08,-1.95249897949574453e-08
2.27717500000000008e+01,2.27717500000000008e+01,1.92844468186325040e-03,-1.69371705978887954e-04,-1.69371671642561529e-04,-1.29959546664917834e-08,-1.29959520318525505e-08,-6.49797601592627609e-09,-1.94939306824180595e-08,-1.94939280477788250e-08
2.27789999999999999e+01,2.27789999999999999e+01,1.92721732341887149e-03,-1.69210036776862305e-04,-1.69210002495181648e-04,-1.29752863487920961e-08,-1.29752837200200007e-08,-6.48764186001000036e-09,-1.94629282088020957e-08,-1.94629255800300003e-08
2.27862500000000026e+01,2.27862500000000026e+01,1.92599113632998544e-03,-1.69048573265467850e-04,-1.69048539038234470e-04,-1.29546574627715049e-08,-1.29546548398444034e-08,-6.47732741992220169e-09,-1.94319848826937058e-08,-1.94319822597666042e-08
2.27935000000000016e+01,2.27935000000000016e+01,1.92476611910652202e-03,-1.68887315117549619e-04,-1.68887280944701067e-04,-1.29340679206803462e-08,-1.29340653035865521e-08,-6.46703265179327604e-09,-1.94011005724736214e-08,-1.94010979553798273e-08
2.28007500000000007e+01,2.28007500000000007e+01,1.92354227026078129e-03,-1.68726262006729799e-04,-1.68726227888186251e-04,-1.29135176350037614e-08,-1.29135150237302781e-08,-6.45675751186513906e-09,-1.93702751468689013e-08,-1.93702725355954180e-08
2.28079999999999998e+01,2.28079999999999998e+01,1.92231958830742494e-03,-1.68565413607241199e-04,-1.68565379542916948e-04,-1.28930065184484095e-08,-1.28930039129818119e-08,-6.44650195649090676e-09,-1.93395084749393162e-08,-1.93395058694727203e-08
2.28152500000000025e+01,2.28152500000000025e+01,1.92109807176347579e-03,-1.68404769593982762e-04,-1.68404735583741198e-04,-1.28725344839461740e-08,-1.28725318842691673e-08,-6.43626594213458367e-09,-1.93088004260807568e-08,-1.93087978264037502e-08
2.28225000000000016e+01,2.28225000000000016e+01,1.91987771914831160e-03,-1.68244329642408541e-04,-1.68244295686126527e-04,-1.28521014446451602e-08,-1.28520988507415086e-08,-6.42604942537075432e-09,-1.92781508700159129e-08,-1.92781482761122630e-08
2.28297500000000007e+01,2.28297500000000007e+01,1.91865852898366108e-03,-1.68084093428555459e-04,-1.68084059526158727e-04,-1.28317073139112685e-08,-1.28317047257684931e-08,-6.41585236288424737e-09,-1.92475596767955142e-08,-1.92475570886527405e-08
2.28369999999999997e+01,2.28369999999999997e+01,1.91744049979359807e-03,-1.67924060629154326e-04,-1.67924026780540174e-04,-1.28113520053361846e-08,-1.28113494229396592e-08,-6.40567471146982960e-09,-1.92170267168060133e-08,-1.92170241344094880e-08
2.28442500000000024e+01,2.28442500000000024e+01,1.91622363010453809e-03,-1.67764230921518820e-04,-1.67764197126588776e-04,-1.27910354327283438e-08,-1.27910328560637880e-08,-6.39551642803189318e-09,-1.91865518607602386e-08,-1.91865492840956812e-08
2.28515000000000015e+01,2.28515000000000015e+01,1.91500791844523570e-03,-1.67604603983600997e-04,-1.67604570242236667e-04,-1.27707575101166764e-08,-1.27707549391683142e-08,-6.38537746958415793e-09,-1.91561349797008352e-08,-1.91561324087524730e-08
2.28587500000000006e+01,2.28587500000000006e+01,1.91379336334677650e-03,-1.67445179493908025e-04,-1.67445145806028445e-04,-1.27505181517437155e-08,-1.27505155864986528e-08,-6.37525779324932721e-09,-1.91257759449930419e-08,-1.91257733797479808e-08
2.28659999999999997e+01,2.28659999999999997e+01,1.91257996334257430e-03,-1.67285957131613205e-04,-1.67285923497120120e-04,-1.27303172720735528e-08,-1.27303147125175951e-08,-6.36515735625879754e-09,-1.90954746283323511e-08,-1.90954720687763934e-08
2.28732500000000023e+01,2.28732500000000023e+01,1.91136771696836724e-03,-1.67126936576500462e-04,-1.67126902995277645e-04,-1.27101547857870856e-08,-1.27101522319046969e-08,-6.35507611595234762e-09,-1.90652309017394332e-08,-1.90652283478570445e-08
2.28805000000000014e+01,2.28805000000000014e+01,1.91015662276221494e-03,-1.66968117508908831e-04,-1.66968083980875833e-04,-1.26900306077772858e-08,-1.26900280595556761e-08,-6.34501402977783971e-09,-1.90350446375551271e-08,-1.90350420893335158e-08
2.28877500000000005e+01,2.28877500000000005e+01,1.90894667926448810e-03,-1.66809499609898992e-04,-1.66809466134896437e-04,-1.26699446531613420e-08,-1.26699421105817494e-08,-6.33497105529087386e-09,-1.90049157084522159e-08,-1.90049131658726216e-08
2.28949999999999996e+01,2.28949999999999996e+01,1.90773788501787177e-03,-1.66651082560947961e-04,-1.66651049138927438e-04,-1.26498968372569519e-08,-1.26498943003090646e-08,-6.32494715015453149e-09,-1.89748439874114818e-08,-1.89748414504635978e-08
2.29022500000000022e+01,2.29022500000000022e+01,1.90653023856735405e-03,-1.66492866044337662e-04,-1.66492832675161072e-04,-1.26298870756113192e-08,-1.26298845442780427e-08,-6.31494227213902133e-09,-1.89448293477503397e-08,-1.89448268164170632e-08
2.29095000000000013e+01,2.29095000000000013e+01,1.90532373846022873e-03,-1.66334849742766355e-04,-1.66334816426393285e-04,-1.26099152839711749e-08,-1.26099127582428478e-08,-6.30495637912142471e-09,-1.89148716630925988e-08,-1.89148691373642716e-08
2.29167500000000004e+01,2.29167500000000004e+01,1.90411838324608396e-03,-1.66177033339792724e-04,-1.66177000076021591e-04,-1.25899813783159165e-08,-1.25899788581706796e-08,-6.29498942908534063e-09,-1.88849708074012587e-08,-1.88849682872560202e-08
2.29239999999999995e+01,2.29239999999999995e+01,1.90291417147680228e-03,-1.66019416519225249e-04,-1.66019383308044184e-04,-1.25700852748108367e-08,-1.25700827602412356e-08,-6.28504138012061698e-09,-1.88551266549314529e-08,-1.88551241403618518e-08
2.29312500000000021e+01,2.29312500000000021e+01,1.90171110170655501e-03,-1.65861998965760593e-04,-1.65861965807058464e-04,-1.25502268898549899e-08,-1.25502243808460674e-08,-6.27511219042303370e-09,-1.88253390802780244e-08,-1.88253365712691019e-08
2.29385000000000012e+01,2.29385000000000012e+01,1.90050917249179850e-03,-1.65704780364595017e-04,-1.65704747258259988e-04,-1.25304061400512589e-08,-1.25304036365880348e-08,-6.26520181829401658e-09,-1.87956079583452746e-08,-1.87956054548820522e-08
2.29457500000000003e+01,2.29457500000000003e+01,1.89930838239126855e-03,-1.65547760401479893e-04,-1.65547727347440678e-04,-1.25106229422100515e-08,-1.25106204442806293e-08,-6.25531022214031384e-09,-1.87659331643503645e-08,-1.87659306664209440e-08
2.29529999999999994e+01,2.29529999999999994e+01,1.89810872996597733e-03,-1.65390938762860484e-04,-1.65390905760987874e-04,-1.24908772133593024e-08,-1.24908747209474347e-08,-6.24543736047371736e-09,-1.87363145738330190e-08,-1.87363120814211513e-08
2.29602500000000020e+01,2.29602500000000020e+01,1.89691021377920671e-03,-1.65234315135653897e-04,-1.65234282185882704e-04,-1.24711688707271904e-08,-1.24711663838214868e-08,-6.23558319191074258e-09,-1.87067520626379313e-08,-1.87067495757322311e-08
2.29675000000000011e+01,2.29675000000000011e+01,1.89571283239650971e-03,-1.65077889207498885e-04,-1.65077856309699328e-04,-1.24514978317605277e-08,-1.24514953503447441e-08,-6.22574767517237205e-09,-1.86772455069328981e-08,-1.86772430255171161e-08
2.29747500000000002e+01,2.29747500000000002e+01,1.89451658438569799e-03,-1.64921660666589309e-04,-1.64921627820602880e-04,-1.24318640141116514e-08,-1.24318615381674061e-08,-6.21593076908370306e-09,-1.86477947831953528e-08,-1.86477923072511092e-08
2.29820000000000029e+01,2.29820000000000029e+01,1.89332146831684353e-03,-1.64765629201590880e-04,-1.64765596407348650e-04,-1.24122673356316947e-08,-1.24122648651473858e-08,-6.20613243257369288e-09,-1.86183997682053876e-08,-1.86183972977210786e-08
2.29892500000000020e+01,2.29892500000000020e+01,1.89212748276227521e-03,-1.64609794501752171e-04,-1.64609761759280975e-04,-1.23927077143784736e-08,-1.23927052493497269e-08,-6.19635262467486345e-09,-1.85890603390533371e-08,-1.85890578740245887e-08
2.29965000000000011e+01,2.29965000000000011e+01,1.89093462629656814e-03,-1.64454156257265449e-04,-1.64454123566331234e-04,-1.23731850686431402e-08,-1.23731826090459592e-08,-6.18659130452297958e-09,-1.85597763731661189e-08,-1.85597739135689396e-08
2.30037500000000001e+01,2.30037500000000001e+01,1.88974289749654521e-03,-1.64298714158461756e-04,-1.64298681519017142e-04,-1.23536993168890936e-08,-1.23536968627135587e-08,-6.17684843135677934e-09,-1.85305477482458737e-08,-1.85305452940703372e-08
2.30110000000000028e+01,2.30110000000000028e+01,1.88855229494127013e-03,-1.64143467896477047e-04,-1.64143435308441180e-04,-1.23342503778016506e-08,-1.23342479290353442e-08,-6.16712396451767210e-09,-1.85013743423193210e-08,-1.85013718935530163e-08
2.30182500000000019e+01,2.30182500000000019e+01,1.88736281721204571e-03,-1.63988417163057898e-04,-1.63988384626289615e-04,-1.23148381702729398e-08,-1.23148357268989312e-08,-6.15741786344946558e-09,-1.84722560337224037e-08,-1.84722535903483967e-08
2.30255000000000010e+01,2.30255000000000010e+01,1.88617446289240606e-03,-1.63833561650450488e-04,-1.63833529164830825e-04,-1.22954626133930406e-08,-1.22954601753960997e-08,-6.14773008769804984e-09,-1.84431927010910896e-08,-1.84431902630941504e-08
2.30327500000000001e+01,2.30327500000000001e+01,1.88498723056811459e-03,-1.63678901051456105e-04,-1.63678868616914128e-04,-1.22761236264537173e-08,-1.22761211938222388e-08,-6.13806059691111939e-09,-1.84141842233648359e-08,-1.84141817907333573e-08
2.30400000000000027e+01,2.30400000000000027e+01,1.88380111882715975e-03,-1.63524435059458906e-04,-1.63524402675968702e-04,-1.22568211289500073e-08,-1.22568187016757789e-08,-6.12840935083788943e-09,-1.83852304797878959e-08,-1.83852280525136691e-08
2.30472500000000018e+01,2.30472500000000018e+01,1.88261612625975215e-03,-1.63370163368592447e-04,-1.63370131036002310e-04,-1.22375550405922314e-08,-1.22375526186576309e-08,-6.11877630932881463e-09,-1.83563313499210452e-08,-1.83563289279864447e-08
2.30545000000000009e+01,2.30545000000000009e+01,1.88143225145831570e-03,-1.63216085673378863e-04,-1.63216053391599536e-04,-1.22183252812784494e-08,-1.22183228646705578e-08,-6.10916143233527892e-09,-1.83274867136137292e-08,-1.83274842970058376e-08
2.30617500000000000e+01,2.30617500000000000e+01,1.88024949301748823e-03,-1.63062201668978668e-04,-1.63062169437921083e-04,-1.21991317711127251e-08,-1.21991293598186633e-08,-6.09956467990933081e-09,-1.82986964510220551e-08,-1.82986940397279949e-08
2.30690000000000026e+01,2.30690000000000026e+01,1.87906784953411525e-03,-1.62908511051162996e-04,-1.62908478870702253e-04,-1.21799744304025526e-08,-1.21799720244067795e-08,-6.08998601220338973e-09,-1.82699604426059406e-08,-1.82699580366101708e-08
2.30762500000000017e+01,2.30762500000000017e+01,1.87788731960724623e-03,-1.62755013516202585e-04,-1.62754981386251758e-04,-1.21608531796501079e-08,-1.21608507789399461e-08,-6.08042538946997306e-09,-1.82412785691200810e-08,-1.82412761684099192e-08
2.30835000000000008e+01,2.30835000000000008e+01,1.87670790183813046e-03,-1.62601708760978791e-04,-1.62601676681450413e-04,-1.21417679395600428e-08,-1.21417655441227984e-08,-6.07088277206139919e-09,-1.82126507116214428e-08,-1.82126483161841967e-08
2.30907499999999999e+01,2.30907499999999999e+01,1.87552959483021256e-03,-1.62448596482928087e-04,-1.62448564453749895e-04,-1.21227186310349001e-08,-1.21227162408590307e-08,-6.06135812042951451e-09,-1.81840767514644138e-08,-1.81840743612885460e-08
2.30980000000000025e+01,2.30980000000000025e+01,1.87435239718912786e-03,-1.62295676380097564e-04,-1.62295644401171330e-04,-1.21037051751787573e-08,-1.21037027902508062e-08,-6.05185139512540312e-09,-1.81555565703041613e-08,-1.81555541853762085e-08
2.31052500000000016e+01,2.31052500000000016e+01,1.87317630752270071e-03,-1.62142948151117183e-04,-1.62142916222304508e-04,-1.20847274932947229e-08,-1.20847251135982591e-08,-6.04236255679913036e-09,-1.81270900500938525e-08,-1.81270876703973903e-08
2.31125000000000007e+01,2.31125000000000007e+01,1.87200132444093710e-03,-1.61990411495088749e-04,-1.61990379616306067e-04,-1.20657855068761520e-08,-1.20657831323988570e-08,-6.03289156619942769e-09,-1.80986770730755789e-08,-1.80986746985982855e-08
2.31197499999999998e+01,2.31197499999999998e+01,1.87082744655602223e-03,-1.61838066111724688e-04,-1.61838034282898573e-04,-1.20468791376165609e-08,-1.20468767683468923e-08,-6.02343838417344616e-09,-1.80703175217900079e-08,-1.80703151525203393e-08
2.31270000000000024e+01,2.31270000000000024e+01,1.86965467248231690e-03,-1.61685911701348051e-04,-1.61685879922369242e-04,-1.20280083074091506e-08,-1.20280059433329173e-08,-6.01400297166645782e-09,-1.80420112790756084e-08,-1.80420089149993735e-08
2.31342500000000015e+01,2.31342500000000015e+01,1.86848300083635268e-03,-1.61533947964753732e-04,-1.61533916235568698e-04,-1.20091729383360220e-08,-1.20091705794432002e-08,-6.00458528972160011e-09,-1.80137582280576230e-08,-1.80137558691647995e-08
2.31415000000000006e+01,2.31415000000000006e+01,1.86731243023682825e-03,-1.61382174603430517e-04,-1.61382142923909694e-04,-1.19903729526842184e-08,-1.19903705989591512e-08,-5.99518529947957726e-09,-1.79855582521637973e-08,-1.79855558984387285e-08
2.31487499999999997e+01,2.31487499999999997e+01,1.86614295930460352e-03,-1.61230591319283523e-04,-1.61230559689365816e-04,-1.19716082729246453e-08,-1.19716059243567878e-08,-5.98580296217839472e-09,-1.79574112351030391e-08,-1.79574088865351833e-08
2.31560000000000024e+01,2.31560000000000024e+01,1.86497458666269817e-03,-1.61079197814911756e-04,-1.61079166234470370e-04,-1.19528788217322323e-08,-1.19528764783061775e-08,-5.97643823915308876e-09,-1.79293170608853203e-08,-1.79293147174592655e-08
2.31632500000000014e+01,2.31632500000000014e+01,1.86380731093628701e-03,-1.60927993793386070e-04,-1.60927962262315266e-04,-1.19341845219689894e-08,-1.19341821836709201e-08,-5.96709109183546003e-09,-1.79012756138044511e-08,-1.79012732755063801e-08
2.31705000000000005e+01,2.31705000000000005e+01,1.86264113075269443e-03,-1.60776978958332428e-04,-1.60776947476549427e-04,-1.19155252966897339e-08,-1.19155229635075566e-08,-5.95776148175377829e-09,-1.78732867784435105e-08,-1.78732844452613332e-08
2.31777499999999996e+01,2.31777499999999996e+01,1.86147604474139151e-03,-1.60626153013904149e-04,-1.60626121581377971e-04,-1.18969010691395876e-08,-1.18968987410650669e-08,-5.94844937053253180e-09,-1.78453504396721194e-08,-1.78453481115976004e-08
2.31850000000000023e+01,2.31850000000000023e+01,1.86031205153399238e-03,-1.60475515665003954e-04,-1.60475484281560692e-04,-1.18783117627699662e-08,-1.18783094397842954e-08,-5.93915471989214769e-09,-1.78174664826621138e-08,-1.78174641596764431e-08
2.31922500000000014e+01,2.31922500000000014e+01,1.85914914976424901e-03,-1.60325066616839873e-04,-1.60325035282411061e-04,-1.18597573012052406e-08,-1.18597549832974513e-08,-5.92987749164872563e-09,-1.77896347928539654e-08,-1.77896324749461777e-08
2.31995000000000005e+01,2.31995000000000005e+01,1.85798733806804856e-03,-1.60174805575286072e-04,-1.60174774289794920e-04,-1.18412376082690181e-08,-1.18412352954275380e-08,-5.92061764771376900e-09,-1.77618552559827871e-08,-1.77618529431413053e-08
2.32067499999999995e+01,2.32067499999999995e+01,1.85682661508340739e-03,-1.60024732246771828e-04,-1.60024701010129161e-04,-1.18227526079754488e-08,-1.18227503001878122e-08,-5.91137515009390694e-09,-1.77341277580693573e-08,-1.77341254502817175e-08
2.32140000000000022e+01,2.32140000000000022e+01,1.85566697945046990e-03,-1.59874846338253773e-04,-1.59874815150380770e-04,-1.18043022245267602e-08,-1.18042999217812875e-08,-5.90214996089064373e-09,-1.77064521854174031e-08,-1.77064498826719320e-08
2.32212500000000013e+01,2.32212500000000013e+01,1.85450842981150252e-03,-1.59725147557326919e-04,-1.59725116418065556e-04,-1.17858863823209887e-08,-1.17858840846001716e-08,-5.89294204230008665e-09,-1.76788284246210745e-08,-1.76788261269002591e-08
2.32285000000000004e+01,2.32285000000000004e+01,1.85335096481088887e-03,-1.59575635611974853e-04,-1.59575604521246635e-04,-1.17675050059331044e-08,-1.17675027132253327e-08,-5.88375135661266720e-09,-1.76512563625457708e-08,-1.76512540698380008e-08
2.32357499999999995e+01,2.32357499999999995e+01,1.85219458309512940e-03,-1.59426310210736277e-04,-1.59426279168533777e-04,-1.17491580201268716e-08,-1.17491557324257892e-08,-5.87457786621289462e-09,-1.76237358863397670e-08,-1.76237335986386830e-08
2.32430000000000021e+01,2.32430000000000021e+01,1.85103928331283290e-03,-1.59277171062927048e-04,-1.59277140069081672e-04,-1.17308453498707700e-08,-1.17308430671581608e-08,-5.86542153357908042e-09,-1.75962668834498513e-08,-1.75962646007372421e-08
2.32502500000000012e+01,2.32502500000000012e+01,1.84988506411471691e-03,-1.59128217878140577e-04,-1.59128186932589279e-04,-1.17125669203007291e-08,-1.17125646425661739e-08,-5.85628232128308530e-09,-1.75688492415838136e-08,-1.75688469638492600e-08
2.32575000000000003e+01,2.32575000000000003e+01,1.84873192415360038e-03,-1.58979450366580899e-04,-1.58979419469298120e-04,-1.16943226567442366e-08,-1.16943203839800956e-08,-5.84716019199004696e-09,-1.75414828487342852e-08,-1.75414805759701409e-08
2.32647499999999994e+01,2.32647499999999994e+01,1.84757986208440150e-03,-1.58830868239201450e-04,-1.58830837389991437e-04,-1.16761124847301128e-08,-1.16761102169162424e-08,-5.83805510845812203e-09,-1.75141675931882348e-08,-1.75141653253743628e-08
2.32720000000000020e+01,2.32720000000000020e+01,1.84642887656413183e-03,-1.58682471207177711e-04,-1.58682440405992758e-04,-1.16579363299492657e-08,-1.16579340670764329e-08,-5.82896703353821563e-09,-1.74869033634874821e-08,-1.74869011006146477e-08
2.32792500000000011e+01,2.32792500000000011e+01,1.84527896625189696e-03,-1.58534258982406806e-04,-1.58534228229165192e-04,-1.16397941182910239e-08,-1.16397918603475159e-08,-5.81989593017375714e-09,-1.74596900484647827e-08,-1.74596877905212731e-08
2.32865000000000002e+01,2.32865000000000002e+01,1.84413012980888698e-03,-1.58386231277313216e-04,-1.58386200571909637e-04,-1.16216857758284016e-08,-1.16216835228007933e-08,-5.81084176140039584e-09,-1.74325275372287967e-08,-1.74325252842011883e-08
2.32937500000000028e+01,2.32937500000000028e+01,1.84298236589837535e-03,-1.58238387804876535e-04,-1.58238357147163946e-04,-1.16036112288196982e-08,-1.16036089806915236e-08,-5.80180449034576181e-09,-1.74054157191654616e-08,-1.74054134710372838e-08
2.33010000000000019e+01,2.33010000000000019e+01,1.84183567318571637e-03,-1.58090728278381665e-04,-1.58090697668401890e-04,-1.15855704036897854e-08,-1.15855681604584489e-08,-5.79278408022922447e-09,-1.73783544839190107e-08,-1.73783522406876726e-08
2.33082500000000010e+01,2.33082500000000010e+01,1.84069005033833904e-03,-1.57943252412029445e-04,-1.57943221849631699e-04,-1.15675632270744167e-08,-1.15675609887232192e-08,-5.78378049436160960e-09,-1.73513437214360279e-08,-1.73513414830848271e-08
2.33155000000000001e+01,2.33155000000000001e+01,1.83954549602574212e-03,-1.57795959920326023e-04,-1.57795929405394865e-04,-1.15495896257750479e-08,-1.15495873922899041e-08,-5.77479369614495289e-09,-1.73243833219199999e-08,-1.73243810884348578e-08
2.33227500000000028e+01,2.33227500000000028e+01,1.83840200891949388e-03,-1.57648850518304906e-04,-1.57648820050765336e-04,-1.15316495267746927e-08,-1.15316472981445002e-08,-5.76582364907225012e-09,-1.72974731758469428e-08,-1.72974709472167520e-08
2.33300000000000018e+01,2.33300000000000018e+01,1.83725958769322649e-03,-1.57501923921582465e-04,-1.57501893501348154e-04,-1.15137428572415672e-08,-1.15137406334544114e-08,-5.75687031672720653e-09,-1.72706131739687737e-08,-1.72706109501816196e-08
2.33372500000000009e+01,2.33372500000000009e+01,1.83611823102263123e-03,-1.57355179846274673e-04,-1.57355149473278237e-04,-1.14958695445225653e-08,-1.14958673255679376e-08,-5.74793366278396795e-09,-1.72438032073065349e-08,-1.72438009883519055e-08
2.33445000000000000e+01,2.33445000000000000e+01,1.83497793758545589e-03,-1.57208618009052614e-04,-1.57208587683219244e-04,-1.14780295161468945e-08,-1.14780273020137570e-08,-5.73901365100687851e-09,-1.72170431671537714e-08,-1.72170409530206355e-08
2.33517500000000027e+01,2.33517500000000027e+01,1.83383870606149959e-03,-1.57062238127197995e-04,-1.57062207848362485e-04,-1.14602226998297046e-08,-1.14602204905004466e-08,-5.73011024525022413e-09,-1.71903329450799295e-08,-1.71903307357506716e-08
2.33590000000000018e+01,2.33590000000000018e+01,1.83270053513261144e-03,-1.56916039918297834e-04,-1.56916009686425896e-04,-1.14424490234493974e-08,-1.14424468189159821e-08,-5.72122340945799105e-09,-1.71636724329073877e-08,-1.71636702283739740e-08
2.33662500000000009e+01,2.33662500000000009e+01,1.83156342348268471e-03,-1.56770023100660794e-04,-1.56769992915652682e-04,-1.14247084150775862e-08,-1.14247062153272171e-08,-5.71235310766360688e-09,-1.71370615227411948e-08,-1.71370593229908239e-08
2.33734999999999999e+01,2.33734999999999999e+01,1.83042736979765227e-03,-1.56624187393039627e-04,-1.56624157254810122e-04,-1.14070008029584125e-08,-1.14069986079793750e-08,-5.70349930398968750e-09,-1.71105001069481000e-08,-1.71104979119690625e-08
2.33807500000000026e+01,2.33807500000000026e+01,1.82929237276548574e-03,-1.56478532514658930e-04,-1.56478502423188789e-04,-1.13893261155101957e-08,-1.13893239252955944e-08,-5.69466196264779636e-09,-1.70839880781579920e-08,-1.70839858879433891e-08
2.33880000000000017e+01,2.33880000000000017e+01,1.82815843107618937e-03,-1.56333058185492701e-04,-1.56333028140601105e-04,-1.13716842813452056e-08,-1.13716820958764025e-08,-5.68584104793820042e-09,-1.70575253292834068e-08,-1.70575231438146038e-08
2.33952500000000008e+01,2.33952500000000008e+01,1.82702554342179619e-03,-1.56187764125764739e-04,-1.56187734127380238e-04,-1.13540752292328700e-08,-1.13540730484992111e-08,-5.67703652424960553e-09,-1.70311117534824739e-08,-1.70311095727488166e-08
2.34024999999999999e+01,2.34024999999999999e+01,1.82589370849636605e-03,-1.56042650056337218e-04,-1.56042620104379122e-04,-1.13364988881276818e-08,-1.13364967121178561e-08,-5.66824835605892721e-09,-1.70047472441866098e-08,-1.70047450681767825e-08
2.34097500000000025e+01,2.34097500000000025e+01,1.82476292499597929e-03,-1.55897715698544159e-04,-1.55897685792969100e-04,-1.13189551871566422e-08,-1.13189530158620686e-08,-5.65947650793103429e-09,-1.69784316950876773e-08,-1.69784295237931037e-08
2.34170000000000016e+01,2.34170000000000016e+01,1.82363319161873722e-03,-1.55752960774330207e-04,-1.55752930915039250e-04,-1.13014440556289573e-08,-1.13014418890370378e-08,-5.65072094451851810e-09,-1.69521650001474746e-08,-1.69521628335555551e-08
2.34242500000000007e+01,2.34242500000000007e+01,1.82250450706475191e-03,-1.55608385006139605e-04,-1.55608355192994596e-04,-1.12839654230275445e-08,-1.12839632611228539e-08,-5.64198163056142693e-09,-1.69259470535889706e-08,-1.69259448916842800e-08
2.34314999999999998e+01,2.34314999999999998e+01,1.82137687003614836e-03,-1.55463988116805174e-04,-1.55463958349755536e-04,-1.12665192190005834e-08,-1.12665170617740723e-08,-5.63325853088703614e-09,-1.68997777498876195e-08,-1.68997755926611084e-08
2.34387500000000024e+01,2.34387500000000024e+01,1.82025027923705799e-03,-1.55319769829798116e-04,-1.55319740108756461e-04,-1.12491053733792442e-08,-1.12491032208192081e-08,-5.62455161040960321e-09,-1.68736569837888475e-08,-1.68736548312288129e-08
2.34460000000000015e+01,2.34460000000000015e+01,1.81912473337361626e-03,-1.55175729869061474e-04,-1.55175700193944916e-04,-1.12317238161651975e-08,-1.12317216682602791e-08,-5.61586083413013871e-09,-1.68475846502953371e-08,-1.68475825023904170e-08
2.34532500000000006e+01,2.34532500000000006e+01,1.81800023115395704e-03,-1.55031867959065650e-04,-1.55031838329780053e-04,-1.12143744775342202e-08,-1.12143723342722665e-08,-5.60718616713613409e-09,-1.68215606446703527e-08,-1.68215585014084006e-08
2.34604999999999997e+01,2.34604999999999997e+01,1.81687677128821020e-03,-1.54888183824725134e-04,-1.54888154241231873e-04,-1.11970572878298068e-08,-1.11970551492026983e-08,-5.59852757460134915e-09,-1.67955848624311559e-08,-1.67955827238040458e-08
2.34677500000000023e+01,2.34677500000000023e+01,1.81575435248849818e-03,-1.54744677191592794e-04,-1.54744647653780006e-04,-1.11797721775767797e-08,-1.11797700435711161e-08,-5.58988502178555886e-09,-1.67696571993623369e-08,-1.67696550653566749e-08
2.34750000000000014e+01,2.34750000000000014e+01,1.81463297346893182e-03,-1.54601347785721099e-04,-1.54601318293412710e-04,-1.11625190774708817e-08,-1.11625169480686502e-08,-5.58125847403432510e-09,-1.67437775515052060e-08,-1.67437754221029761e-08
2.34822500000000005e+01,2.34822500000000005e+01,1.81351263294560563e-03,-1.54458195333384563e-04,-1.54458165886625485e-04,-1.11452979183583213e-08,-1.11452957935574855e-08,-5.57264789677874191e-09,-1.67179458151370649e-08,-1.67179436903362290e-08
2.34894999999999996e+01,2.34894999999999996e+01,1.81239332963659800e-03,-1.54315219561731998e-04,-1.54315190160420453e-04,-1.11281086312824971e-08,-1.11281065110704423e-08,-5.56405325553522117e-09,-1.66921618868177174e-08,-1.66921597666056627e-08
2.34967500000000022e+01,2.34967500000000022e+01,1.81127506226195991e-03,-1.54172420198328552e-04,-1.54172390842304539e-04,-1.11109511474505015e-08,-1.11109490318104395e-08,-5.55547451590522055e-09,-1.66664256633557237e-08,-1.66664235477156617e-08
2.35040000000000013e+01,2.35040000000000013e+01,1.81015782954372208e-03,-1.54029796971030808e-04,-1.54029767660289474e-04,-1.10938253982237708e-08,-1.10938232871501147e-08,-5.54691164357505816e-09,-1.66407370417988281e-08,-1.66407349307251737e-08
2.35112500000000004e+01,2.35112500000000004e+01,1.80904163020588027e-03,-1.53887349608514135e-04,-1.53887320342889489e-04,-1.10767313151556752e-08,-1.10767292086312478e-08,-5.53836460431562388e-09,-1.66150959194712983e-08,-1.66150938129468725e-08
2.35184999999999995e+01,2.35184999999999995e+01,1.80792646297439890e-03,-1.53745077839662070e-04,-1.53745048619121017e-04,-1.10596688299471474e-08,-1.10596667279643617e-08,-5.52983336398218168e-09,-1.65895021939293299e-08,-1.65895000919465425e-08
2.35257500000000022e+01,2.35257500000000022e+01,1.80681232657720482e-03,-1.53602981394038163e-04,-1.53602952218501393e-04,-1.10426378744802791e-08,-1.10426357770282346e-08,-5.52131788851411729e-09,-1.65639557629943956e-08,-1.65639536655423511e-08
2.35330000000000013e+01,2.35330000000000013e+01,1.80569921974418511e-03,-1.53461060001663929e-04,-1.53461030871047878e-04,-1.10256383808019365e-08,-1.10256362878694464e-08,-5.51281814393472321e-09,-1.65384565247366581e-08,-1.65384544318041696e-08
2.35402500000000003e+01,2.35402500000000003e+01,1.80458714120718101e-03,-1.53319313393018852e-04,-1.53319284307276357e-04,-1.10086702811233731e-08,-1.10086681927018827e-08,-5.50433409635094135e-09,-1.65130043774743153e-08,-1.65130022890528232e-08
2.35474999999999994e+01,2.35474999999999994e+01,1.80347608969998663e-03,-1.53177741299220793e-04,-1.53177712258200364e-04,-1.09917335078328192e-08,-1.09917314239062994e-08,-5.49586571195314970e-09,-1.64875992197859681e-08,-1.64875971358594483e-08
2.35547500000000021e+01,2.35547500000000021e+01,1.80236606395834179e-03,-1.53036343451720680e-04,-1.53036314455329942e-04,-1.09748279934731500e-08,-1.09748259140298383e-08,-5.48741295701491830e-09,-1.64622409504880683e-08,-1.64622388710447582e-08
2.35620000000000012e+01,2.35620000000000012e+01,1.80125706271993657e-03,-1.52895119582455163e-04,-1.52895090630671132e-04,-1.09579536707524897e-08,-1.09579515957856164e-08,-5.47897579789280820e-09,-1.64369294686452979e-08,-1.64369273936784246e-08
2.35692500000000003e+01,2.35692500000000003e+01,1.80014908472439657e-03,-1.52754069423985395e-04,-1.52754040516723828e-04,-1.09411104725537740e-08,-1.09411084020521937e-08,-5.47055420102609603e-09,-1.64116646735798701e-08,-1.64116626030782898e-08
2.35765000000000029e+01,2.35765000000000029e+01,1.79904212871328834e-03,-1.52613192709330492e-04,-1.52613163846481722e-04,-1.09242983319224019e-08,-1.09242962658731626e-08,-5.46214813293658128e-09,-1.63864464648589823e-08,-1.63864443988097447e-08
2.35837500000000020e+01,2.35837500000000020e+01,1.79793619343011110e-03,-1.52472489171995296e-04,-1.52472460353430736e-04,-1.09075171820678748e-08,-1.09075151204566978e-08,-5.45375756022834805e-09,-1.63612747422962229e-08,-1.63612726806850441e-08
2.35910000000000011e+01,2.35910000000000011e+01,1.79683127762029484e-03,-1.52331958545817714e-04,-1.52331929771548017e-04,-1.08907669563524831e-08,-1.08907648991750636e-08,-5.44538244958753179e-09,-1.63361494059400166e-08,-1.63361473487625954e-08
2.35982500000000002e+01,2.35982500000000002e+01,1.79572738003119705e-03,-1.52191600565371177e-04,-1.52191571835301096e-04,-1.08740475883197256e-08,-1.08740455355641986e-08,-5.43702276778209845e-09,-1.63110703561018249e-08,-1.63110683033462962e-08
2.36055000000000028e+01,2.36055000000000028e+01,1.79462449941209662e-03,-1.52051414965687082e-04,-1.52051386279646397e-04,-1.08573590116740541e-08,-1.08573569633232224e-08,-5.42867848166160957e-09,-1.62860374933356653e-08,-1.62860354449848337e-08
2.36127500000000019e+01,2.36127500000000019e+01,1.79352263451419453e-03,-1.51911401482018871e-04,-1.51911372840028751e-04,-1.08407011602636909e-08,-1.08406991163140425e-08,-5.42034955815702041e-09,-1.62610507184207105e-08,-1.62610486744710620e-08
2.36200000000000010e+01,2.36200000000000010e+01,1.79242178409060753e-03,-1.51771559850397142e-04,-1.51771531252379958e-04,-1.08240739681198705e-08,-1.08240719285608554e-08,-5.41203596428042770e-09,-1.62361099324002982e-08,-1.62361078928412814e-08
2.36272500000000001e+01,2.36272500000000001e+01,1.79132194689636385e-03,-1.51631889807338216e-04,-1.51631861253117813e-04,-1.08074773694356569e-08,-1.08074753342497124e-08,-5.40373766712485539e-09,-1.62112150365605140e-08,-1.62112130013745662e-08
2.36345000000000027e+01,2.36345000000000027e+01,1.79022312168840075e-03,-1.51492391089622092e-04,-1.51492362579144936e-04,-1.07909112985497277e-08,-1.07909092677280609e-08,-5.39545463386403130e-09,-1.61863659324137598e-08,-1.61863639015920931e-08
2.36417500000000018e+01,2.36417500000000018e+01,1.78912530722556413e-03,-1.51353063434583879e-04,-1.51353034967848318e-04,-1.07743756899668385e-08,-1.07743736635043623e-08,-5.38718683175218115e-09,-1.61615625217190205e-08,-1.61615604952565426e-08
2.36490000000000009e+01,2.36490000000000009e+01,1.78802850226859964e-03,-1.51213906580224822e-04,-1.51213878157097526e-04,-1.07578704783652924e-08,-1.07578684562475576e-08,-5.37893422812377878e-09,-1.61368047064890696e-08,-1.61368026843713380e-08
2.36562500000000000e+01,2.36562500000000000e+01,1.78693270558015114e-03,-1.51074920264893109e-04,-1.51074891885243947e-04,-1.07413955985738616e-08,-1.07413935807866720e-08,-5.37069679039333601e-09,-1.61120923889671993e-08,-1.61120903711800097e-08
2.36635000000000026e+01,2.36635000000000026e+01,1.78583791592475832e-03,-1.50936104227311629e-04,-1.50936075891119919e-04,-1.07249509855734136e-08,-1.07249489721103735e-08,-5.36247448605518676e-09,-1.60874254716286004e-08,-1.60874234581655603e-08
2.36707500000000017e+01,2.36707500000000017e+01,1.78474413206885498e-03,-1.50797458206827772e-04,-1.50797429914037787e-04,-1.07085365745143185e-08,-1.07085345653665506e-08,-5.35426728268327448e-09,-1.60628038571975938e-08,-1.60628018480498259e-08
2.36780000000000008e+01,2.36780000000000008e+01,1.78365135278075971e-03,-1.50658981943302406e-04,-1.50658953693788295e-04,-1.06921523007081490e-08,-1.06921502958618179e-08,-5.34607514793090894e-09,-1.60382274486390579e-08,-1.60382254437927252e-08
2.36852499999999999e+01,2.36852499999999999e+01,1.78255957683067737e-03,-1.50520675176901708e-04,-1.50520646970640163e-04,-1.06757980996125677e-08,-1.06757960990611288e-08,-5.33789804953056440e-09,-1.60136961491431321e-08,-1.60136941485916932e-08
2.36925000000000026e+01,2.36925000000000026e+01,1.78146880299069415e-03,-1.50382537648485748e-04,-1.50382509485338722e-04,-1.06594739068585319e-08,-1.06594719105873192e-08,-5.32973595529366040e-09,-1.59892098621521931e-08,-1.59892078658809804e-08
2.36997500000000016e+01,2.36997500000000016e+01,1.78037903003477405e-03,-1.50244569099275416e-04,-1.50244540979105161e-04,-1.06431796582262979e-08,-1.06431776662206902e-08,-5.32158883311034674e-09,-1.59647684913366446e-08,-1.59647664993310369e-08
2.37070000000000007e+01,2.37070000000000007e+01,1.77929025673875503e-03,-1.50106769270796914e-04,-1.50106741193635224e-04,-1.06269152896411437e-08,-1.06269133018985502e-08,-5.31345665094927427e-09,-1.59403719405904179e-08,-1.59403699528478245e-08
2.37142499999999998e+01,2.37142499999999998e+01,1.77820248188034769e-03,-1.49969137905339722e-04,-1.49969109871098398e-04,-1.06106807372054596e-08,-1.06106787537147995e-08,-5.30533937685740058e-09,-1.59160201140628610e-08,-1.59160181305722009e-08
2.37215000000000025e+01,2.37215000000000025e+01,1.77711570423912720e-03,-1.49831674745568022e-04,-1.49831646754136719e-04,-1.05944759371708398e-08,-1.05944739579194836e-08,-5.29723697895974179e-09,-1.58917129161305815e-08,-1.58917109368792254e-08
2.37287500000000016e+01,2.37287500000000016e+01,1.77602992259653664e-03,-1.49694379534576205e-04,-1.49694351585864121e-04,-1.05783008259416848e-08,-1.05782988509184077e-08,-5.28914942545920301e-09,-1.58674502514008878e-08,-1.58674482763776090e-08
2.37360000000000007e+01,2.37360000000000007e+01,1.77494513573587609e-03,-1.49557252015930509e-04,-1.49557224109864840e-04,-1.05621553400777796e-08,-1.05621533692726422e-08,-5.28107668463632109e-09,-1.58432320247141015e-08,-1.58432300539089641e-08
2.37432499999999997e+01,2.37432499999999997e+01,1.77386134244230591e-03,-1.49420291933655136e-04,-1.49420264070193083e-04,-1.05460394162929566e-08,-1.05460374496981570e-08,-5.27301872484907848e-09,-1.58190581411420359e-08,-1.58190561745472346e-08
2.37505000000000024e+01,2.37505000000000024e+01,1.77277854150283782e-03,-1.49283499032343281e-04,-1.49283471211371355e-04,-1.05299529914625851e-08,-1.05299510290653449e-08,-5.26497551453267328e-09,-1.57949285059952584e-08,-1.57949265435980182e-08
2.37577500000000015e+01,2.37577500000000015e+01,1.77169673170633670e-03,-1.49146873056948959e-04,-1.49146845278390127e-04,-1.05138960026085279e-08,-1.05138940443986597e-08,-5.25694702219933065e-09,-1.57708430248078569e-08,-1.57708410665979903e-08
2.37650000000000006e+01,2.37650000000000006e+01,1.77061591184351228e-03,-1.49010413752884152e-04,-1.49010386016706269e-04,-1.04978683869056302e-08,-1.04978664328761259e-08,-5.24893321643806212e-09,-1.57468016033436939e-08,-1.57467996493141897e-08
2.37722499999999997e+01,2.37722499999999997e+01,1.76953608070692004e-03,-1.48874120866171467e-04,-1.48874093172242421e-04,-1.04818700816921380e-08,-1.04818681318289605e-08,-5.24093406591448108e-09,-1.57228041476066199e-08,-1.57228021977434424e-08
2.37795000000000023e+01,2.37795000000000023e+01,1.76845723709095253e-03,-1.48737994143152696e-04,-1.48737966491385644e-04,-1.04659010244488094e-08,-1.04658990787411325e-08,-5.23294953937056542e-09,-1.56988505638193740e-08,-1.56988486181116971e-08
2.37867500000000014e+01,2.37867500000000014e+01,1.76737937979184415e-03,-1.48602033330627603e-04,-1.48602005720987036e-04,-1.04499611528083519e-08,-1.04499592112489742e-08,-5.22497960562448795e-09,-1.56749407584328382e-08,-1.56749388168734622e-08
2.37940000000000005e+01,2.37940000000000005e+01,1.76630250760765879e-03,-1.48466238175937182e-04,-1.48466210608359973e-04,-1.04340504045609305e-08,-1.04340484671407216e-08,-5.21702423357036078e-09,-1.56510746381312921e-08,-1.56510727007110815e-08
2.38012499999999996e+01,2.38012499999999996e+01,1.76522661933829349e-03,-1.48330608426866517e-04,-1.48330580901279862e-04,-1.04181687176469705e-08,-1.04181667843561349e-08,-5.20908339217806744e-09,-1.56272521098250371e-08,-1.56272501765342015e-08
2.38085000000000022e+01,2.38085000000000022e+01,1.76415171378546893e-03,-1.48195143831769682e-04,-1.48195116347982328e-04,-1.04023160301655921e-08,-1.04023141009860360e-08,-5.20115705049301882e-09,-1.56034730806586125e-08,-1.56034711514790565e-08
2.38157500000000013e+01,2.38157500000000013e+01,1.76307778975273266e-03,-1.48059844139097896e-04,-1.48059816697163239e-04,-1.03864922803411504e-08,-1.03864903552719722e-08,-5.19324517763598529e-09,-1.55797374579771357e-08,-1.55797355329079559e-08
2.38230000000000004e+01,2.38230000000000004e+01,1.76200484604545240e-03,-1.47924709098162799e-04,-1.47924681697976946e-04,-1.03706974065764599e-08,-1.03706954856057301e-08,-5.18534774280286506e-09,-1.55560451493793242e-08,-1.55560432284085960e-08
2.38302499999999995e+01,2.38302499999999995e+01,1.76093288147080953e-03,-1.47789738458622977e-04,-1.47789711100035413e-04,-1.03549313474164051e-08,-1.03549294305289465e-08,-5.17746471526447409e-09,-1.55323960626808784e-08,-1.55323941457934214e-08
2.38375000000000021e+01,2.38375000000000021e+01,1.75986189483780210e-03,-1.47654931970359060e-04,-1.47654904653407598e-04,-1.03391940415388661e-08,-1.03391921287327166e-08,-5.16959606436635831e-09,-1.55087901059052236e-08,-1.55087881930990758e-08
2.38447500000000012e+01,2.38447500000000012e+01,1.75879188495723900e-03,-1.47520289384070469e-04,-1.47520262108618362e-04,-1.03234854277962035e-08,-1.03234835190571836e-08,-5.16174175952859265e-09,-1.54852271873247961e-08,-1.54852252785857763e-08
2.38520000000000003e+01,2.38520000000000003e+01,1.75772285064173346e-03,-1.47385810450678667e-04,-1.47385783216647122e-04,-1.03078054451730856e-08,-1.03078035404910954e-08,-5.15390177024554772e-09,-1.54617072154186324e-08,-1.54617053107366423e-08
2.38592499999999994e+01,2.38592499999999994e+01,1.75665479070570433e-03,-1.47251494921618598e-04,-1.47251467728927302e-04,-1.02921540328065901e-08,-1.02921521321714373e-08,-5.14607606608571945e-09,-1.54382300988923104e-08,-1.54382281982571559e-08
2.38665000000000020e+01,2.38665000000000020e+01,1.75558770396536958e-03,-1.47117342548755414e-04,-1.47117315397345198e-04,-1.02765311299800175e-08,-1.02765292333830049e-08,-5.13826461669150244e-09,-1.54147957466715208e-08,-1.54147938500745065e-08
2.38737500000000011e+01,2.38737500000000011e+01,1.75452158923874698e-03,-1.46983353084453872e-04,-1.46983325974239218e-04,-1.02609366761274233e-08,-1.02609347835580275e-08,-5.13046739177901457e-09,-1.53914040679064379e-08,-1.53914021753370421e-08
2.38810000000000002e+01,2.38810000000000002e+01,1.75345644534564537e-03,-1.46849526281481180e-04,-1.46849499212398581e-04,-1.02453706108264814e-08,-1.02453687222757292e-08,-5.12268436113786460e-09,-1.53680549719643444e-08,-1.53680530834135938e-08
2.38882500000000029e+01,2.38882500000000029e+01,1.75239227110766515e-03,-1.46715861893090271e-04,-1.46715834865062533e-04,-1.02298328738039569e-08,-1.02298309892619387e-08,-5.11491549463096934e-09,-1.53447483684349254e-08,-1.53447464838929072e-08
2.38955000000000020e+01,2.38955000000000020e+01,1.75132906534819542e-03,-1.46582359672950413e-04,-1.46582332685919558e-04,-1.02143234049305691e-08,-1.02143215243887251e-08,-5.10716076219436173e-09,-1.53214841671249316e-08,-1.53214822865830860e-08
2.39027500000000011e+01,2.39027500000000011e+01,1.75026682689240752e-03,-1.46449019375258227e-04,-1.46448992429106049e-04,-1.01988421442283433e-08,-1.01988402676739384e-08,-5.09942013383696921e-09,-1.52982622780653125e-08,-1.52982604015109076e-08
2.39100000000000001e+01,2.39100000000000001e+01,1.74920555456725430e-03,-1.46315840754529525e-04,-1.46315813849205717e-04,-1.01833890318558181e-08,-1.01833871592808600e-08,-5.09169357964042918e-09,-1.52750826114962481e-08,-1.52750807389212900e-08
2.39172500000000028e+01,2.39172500000000028e+01,1.74814524720146654e-03,-1.46182823565835229e-04,-1.46182796701248367e-04,-1.01679640081241235e-08,-1.01679621395177745e-08,-5.08398106975888726e-09,-1.52519450778830108e-08,-1.52519432092766634e-08
2.39245000000000019e+01,2.39245000000000019e+01,1.74708590362554960e-03,-1.46049967564593208e-04,-1.46049940740709274e-04,-1.01525670134821830e-08,-1.01525651488376122e-08,-5.07628257441880611e-09,-1.52288495879009899e-08,-1.52288477232564175e-08
2.39317500000000010e+01,2.39317500000000010e+01,1.74602752267178024e-03,-1.45917272506776441e-04,-1.45917245723507913e-04,-1.01371979885308483e-08,-1.01371961278375175e-08,-5.06859806391875874e-09,-1.52057960524496087e-08,-1.52057941917562762e-08
2.39390000000000001e+01,2.39390000000000001e+01,1.74497010317420159e-03,-1.45784738148746484e-04,-1.45784711406007060e-04,-1.01218568740109863e-08,-1.01218550172584598e-08,-5.06092750862923071e-09,-1.51827843826402170e-08,-1.51827825258876921e-08
2.39462500000000027e+01,2.39462500000000027e+01,1.74391364396862293e-03,-1.45652364247322863e-04,-1.45652337545012090e-04,-1.01065436108079924e-08,-1.01065417579848699e-08,-5.05327087899243410e-09,-1.51598144898004265e-08,-1.51598126369773040e-08
2.39535000000000018e+01,2.39535000000000018e+01,1.74285814389261540e-03,-1.45520150559644290e-04,-1.45520123897769867e-04,-1.00912581399418274e-08,-1.00912562910442278e-08,-5.04562814552211308e-09,-1.51368862854639422e-08,-1.51368844365663409e-08
2.39607500000000009e+01,2.39607500000000009e+01,1.74180360178550825e-03,-1.45388096843557246e-04,-1.45388070221967846e-04,-1.00760004025936567e-08,-1.00759985576066775e-08,-5.03799927880333877e-09,-1.51139996813969963e-08,-1.51139978364100171e-08
2.39680000000000000e+01,2.39680000000000000e+01,1.74075001648838412e-03,-1.45256202857130257e-04,-1.45256176275732990e-04,-1.00607703400718146e-08,-1.00607684989846330e-08,-5.03038424949231569e-09,-1.50911545895641295e-08,-1.50911527484769496e-08
2.39752500000000026e+01,2.39752500000000026e+01,1.73969738684407967e-03,-1.45124468358820424e-04,-1.45124441817631066e-04,-1.00455678938230642e-08,-1.00455660566323913e-08,-5.02278302831619565e-09,-1.50683509221392582e-08,-1.50683490849485853e-08
2.39825000000000017e+01,2.39825000000000017e+01,1.73864571169718104e-03,-1.44992893107778742e-04,-1.44992866606665779e-04,-1.00303930054534188e-08,-1.00303911721457832e-08,-5.01519558607289160e-09,-1.50455885915263113e-08,-1.50455867582186756e-08
2.39897500000000008e+01,2.39897500000000008e+01,1.73759498989401731e-03,-1.44861476863364369e-04,-1.44861450402277412e-04,-1.00152456166941636e-08,-1.00152437872617236e-08,-5.00762189363086098e-09,-1.50228675103250246e-08,-1.50228656808925846e-08
2.39969999999999999e+01,2.39969999999999999e+01,1.73654522028266248e-03,-1.44730219385449943e-04,-1.44730192964342427e-04,-1.00001256694226902e-08,-1.00001238438578804e-08,-5.00006192192893935e-09,-1.50001875913516304e-08,-1.50001857657868189e-08
2.40042500000000025e+01,2.40042500000000025e+01,1.73549640171292790e-03,-1.44599120434421580e-04,-1.44599094053172073e-04,-9.98503310566216085e-09,-9.98503128395225751e-09,-4.99251564197612875e-09,-1.49775487476382879e-08,-1.49775469259283863e-08
2.40115000000000016e+01,2.40115000000000016e+01,1.73444853303636329e-03,-1.44468179770929073e-04,-1.44468153429511961e-04,-9.96996786756394759e-09,-9.96996604970286104e-09,-4.98498302485143052e-09,-1.49549508924153789e-08,-1.49549490745542924e-08
2.40187500000000007e+01,2.40187500000000007e+01,1.73340161310624966e-03,-1.44337397156260594e-04,-1.44337370854540704e-04,-9.95492989743316885e-09,-9.95492808340726220e-09,-4.97746404170363110e-09,-1.49323939391367991e-08,-1.49323921251108925e-08
2.40259999999999998e+01,2.40259999999999998e+01,1.73235564077759774e-03,-1.44206772351926360e-04,-1.44206746089869134e-04,-9.93991913769965211e-09,-9.93991732750224670e-09,-4.96995866375112335e-09,-1.49098778014507755e-08,-1.49098759912533717e-08
2.40332500000000024e+01,2.40332500000000024e+01,1.73131061490714648e-03,-1.44076305119991699e-04,-1.44076278897539565e-04,-9.92493553094060196e-09,-9.92493372456344253e-09,-4.96246686228172044e-09,-1.48874023932223224e-08,-1.48874005868451630e-08
2.40405000000000015e+01,2.40405000000000015e+01,1.73026653435335762e-03,-1.43945995222952150e-04,-1.43945969040024742e-04,-9.90997901987166325e-09,-9.90997721730493778e-09,-4.95498860865246972e-09,-1.48649676285241330e-08,-1.48649658259574075e-08
2.40477500000000006e+01,2.40477500000000006e+01,1.72922339797641376e-03,-1.43815842423733464e-04,-1.43815816280226942e-04,-9.89504954734660677e-09,-9.89504774857890513e-09,-4.94752387428945174e-09,-1.48425734216360593e-08,-1.48425716228683560e-08
2.40549999999999997e+01,2.40549999999999997e+01,1.72818120463821378e-03,-1.43685846485608337e-04,-1.43685820381476921e-04,-9.88014705635128252e-09,-9.88014526137520475e-09,-4.94007263068760238e-09,-1.48202196870388857e-08,-1.48202178920628063e-08
2.40622500000000024e+01,2.40622500000000024e+01,1.72713995320237200e-03,-1.43556007172362943e-04,-1.43555981107533313e-04,-9.86527149001478835e-09,-9.86526969882105349e-09,-4.93263484941052675e-09,-1.47979063394253151e-08,-1.47979045482315802e-08
2.40695000000000014e+01,2.40695000000000014e+01,1.72609964253421446e-03,-1.43426324248185910e-04,-1.43426298222581631e-04,-9.85042279160150584e-09,-9.85042100418063440e-09,-4.92521050209031720e-09,-1.47756332936918230e-08,-1.47756315062709516e-08
2.40767500000000005e+01,2.40767500000000005e+01,1.72506027150077352e-03,-1.43296797477668325e-04,-1.43296771491233126e-04,-9.83560090451079425e-09,-9.83559912085470302e-09,-4.91779956042735151e-09,-1.47534004649381466e-08,-1.47533986812820537e-08
2.40839999999999996e+01,2.40839999999999996e+01,1.72402183897078852e-03,-1.43167426625873118e-04,-1.43167400678524220e-04,-9.82080577228145233e-09,-9.82080399238025650e-09,-4.91040199619012825e-09,-1.47312077684715806e-08,-1.47312059885703847e-08
2.40912500000000023e+01,2.40912500000000023e+01,1.72298434381469795e-03,-1.43038211458279552e-04,-1.43038185549915231e-04,-9.80603733858759068e-09,-9.80603556243011835e-09,-4.90301778121506000e-09,-1.47090551198026499e-08,-1.47090533436451775e-08
2.40985000000000014e+01,2.40985000000000014e+01,1.72194778490464338e-03,-1.42909151740672202e-04,-1.42909125871290181e-04,-9.79129554723072888e-09,-9.79129377481264397e-09,-4.89564688740632199e-09,-1.46869424346370509e-08,-1.46869406622189660e-08
2.41057500000000005e+01,2.41057500000000005e+01,1.72091216111445859e-03,-1.42780247239460145e-04,-1.42780221408955011e-04,-9.77658034216136010e-09,-9.77657857347126737e-09,-4.88828928673563286e-09,-1.46648696288969930e-08,-1.46648678602069002e-08
2.41129999999999995e+01,2.41129999999999995e+01,1.71987747131967152e-03,-1.42651497721316134e-04,-1.42651471929637256e-04,-9.76189166745391562e-09,-9.76188990248418680e-09,-4.88094495124209340e-09,-1.46428366186960090e-08,-1.46428348537262802e-08
2.41202500000000022e+01,2.41202500000000022e+01,1.71884371439749934e-03,-1.42522902953454156e-04,-1.42522877200485008e-04,-9.74722946732548062e-09,-9.74722770606399587e-09,-4.87361385303199711e-09,-1.46208433203574777e-08,-1.46208415590959930e-08
2.41275000000000013e+01,2.41275000000000013e+01,1.71781088922684619e-03,-1.42394462703337998e-04,-1.42394436989066087e-04,-9.73259368611554649e-09,-9.73259192855731296e-09,-4.86629596427865731e-09,-1.45988896503942038e-08,-1.45988878928359703e-08
2.41347500000000004e+01,2.41347500000000004e+01,1.71677899468830109e-03,-1.42266176739014316e-04,-1.42266151063367215e-04,-9.71798426830849358e-09,-9.71798251444443046e-09,-4.85899125722221606e-09,-1.45769755255307105e-08,-1.45769737716666457e-08
2.41419999999999995e+01,2.41419999999999995e+01,1.71574802966413076e-03,-1.42138044828959975e-04,-1.42138019191792781e-04,-9.70340115852282460e-09,-9.70339940833892276e-09,-4.85169970416946221e-09,-1.45551008626922860e-08,-1.45550991125083841e-08
2.41492500000000021e+01,2.41492500000000021e+01,1.71471799303828088e-03,-1.42010066741860008e-04,-1.42010041143164346e-04,-9.68884430149572943e-09,-9.68884255498731366e-09,-4.84442127749365683e-09,-1.45332655789893863e-08,-1.45332638324809705e-08
2.41565000000000012e+01,2.41565000000000012e+01,1.71368888369637356e-03,-1.41882242247037826e-04,-1.41882216686719804e-04,-9.67431364211216221e-09,-9.67431189926873558e-09,-4.83715594963436779e-09,-1.45114695917465300e-08,-1.45114678489031034e-08
2.41637500000000003e+01,2.41637500000000003e+01,1.71266070052569904e-03,-1.41754571114108274e-04,-1.41754545592112082e-04,-9.65980912538083984e-09,-9.65980738619451435e-09,-4.82990369309725718e-09,-1.44897128184780970e-08,-1.44897110792917715e-08
2.41710000000000029e+01,2.41710000000000029e+01,1.71163344241521877e-03,-1.41627053113130286e-04,-1.41627027629408680e-04,-9.64533069644437659e-09,-9.64532896090786148e-09,-4.82266448045393074e-09,-1.44679951768983073e-08,-1.44679934413617922e-08
2.41782500000000020e+01,2.41782500000000020e+01,1.71060710825555844e-03,-1.41499688014648517e-04,-1.41499662569090665e-04,-9.63087830058182190e-09,-9.63087656868350851e-09,-4.81543828434175508e-09,-1.44463165849235770e-08,-1.44463148530252636e-08
2.41855000000000011e+01,2.41855000000000011e+01,1.70958169693900667e-03,-1.41372475589485180e-04,-1.41372450182051780e-04,-9.61645188319417315e-09,-9.61645015492733982e-09,-4.80822507746366991e-09,-1.44246769606578422e-08,-1.44246752323910106e-08
2.41927500000000002e+01,2.41927500000000002e+01,1.70855720735951116e-03,-1.41245415608989844e-04,-1.41245390239597493e-04,-9.60205138982110620e-09,-9.60204966517604182e-09,-4.80102483258802091e-09,-1.44030762224091279e-08,-1.44030744977640636e-08
2.42000000000000028e+01,2.42000000000000028e+01,1.70753363841267625e-03,-1.41118507844845142e-04,-1.41118482513444293e-04,-9.58767676612744602e-09,-9.58767504509675395e-09,-4.79383752254837697e-09,-1.43815142886758230e-08,-1.43815125676451309e-08
2.42072500000000019e+01,2.42072500000000019e+01,1.70651098899576078e-03,-1.40991752069219434e-04,-1.40991726775718904e-04,-9.57332795791326659e-09,-9.57332624048673610e-09,-4.78666312024336722e-09,-1.43599910781566346e-08,-1.43599893607301041e-08
2.42145000000000010e+01,2.42145000000000010e+01,1.70548925800767287e-03,-1.40865148054600264e-04,-1.40865122798957066e-04,-9.55900491110227227e-09,-9.55900319727297656e-09,-4.77950159863648828e-09,-1.43385065097387614e-08,-1.43385047959094640e-08
2.42217500000000001e+01,2.42217500000000001e+01,1.70446844434896929e-03,-1.40738695573974781e-04,-1.40738670356103018e-04,-9.54470757175376222e-09,-9.54470586151188100e-09,-4.77235293075594133e-09,-1.43170605025097035e-08,-1.43170587922678223e-08
2.42290000000000028e+01,2.42290000000000028e+01,1.70344854692185002e-03,-1.40612394400677077e-04,-1.40612369220508471e-04,-9.53043588605198121e-09,-9.53043417938889856e-09,-4.76521708969444845e-09,-1.42956529757464288e-08,-1.42956512690833478e-08
2.42362500000000018e+01,2.42362500000000018e+01,1.70242956463015935e-03,-1.40486244308429820e-04,-1.40486219165931954e-04,-9.51618980030865576e-09,-9.51618809721820092e-09,-4.75809404860910128e-09,-1.42742838489177579e-08,-1.42742821458273030e-08
2.42435000000000009e+01,2.42435000000000009e+01,1.70141149637937803e-03,-1.40360245071483036e-04,-1.40360219966537678e-04,-9.50196926097210806e-09,-9.50196756144231007e-09,-4.75098378072115503e-09,-1.42529530416932631e-08,-1.42529513421634651e-08
2.42507500000000000e+01,2.42507500000000000e+01,1.70039434107662315e-03,-1.40234396464364308e-04,-1.40234371396894778e-04,-9.48777421461004231e-09,-9.48777251863175916e-09,-4.74388625931587958e-09,-1.42316604739259211e-08,-1.42316587779476379e-08
2.42580000000000027e+01,2.42580000000000027e+01,1.69937809763064432e-03,-1.40108698262031428e-04,-1.40108673231976603e-04,-9.47360460791959826e-09,-9.47360291548475503e-09,-4.73680145774237752e-09,-1.42104060656619758e-08,-1.42104043732271325e-08
2.42652500000000018e+01,2.42652500000000018e+01,1.69836276495182359e-03,-1.39983150239803011e-04,-1.39983125247159911e-04,-9.45946038772238321e-09,-9.45945869882684895e-09,-4.72972934941342448e-09,-1.41891897371358085e-08,-1.41891880482402726e-08
2.42725000000000009e+01,2.42725000000000009e+01,1.69734834195216754e-03,-1.39857752173538907e-04,-1.39857727218223695e-04,-9.44534150097637839e-09,-9.44533981561056277e-09,-4.72266990780528221e-09,-1.41680114087816606e-08,-1.41680097234158450e-08
2.42797499999999999e+01,2.42797499999999999e+01,1.69633482754530753e-03,-1.39732503839445910e-04,-1.39732478921348647e-04,-9.43124789476249567e-09,-9.43124621291506632e-09,-4.71562310645753316e-09,-1.41468710012200280e-08,-1.41468693193726003e-08
2.42870000000000026e+01,2.42870000000000026e+01,1.69532222064649519e-03,-1.39607405014077757e-04,-1.39607380133116072e-04,-9.41717951628432441e-09,-9.41717783794582499e-09,-4.70858891897291250e-09,-1.41257684352572361e-08,-1.41257667569187383e-08
2.42942500000000017e+01,2.42942500000000017e+01,1.69431052017260321e-03,-1.39482455474349010e-04,-1.39482430630507480e-04,-9.40313631286879819e-09,-9.40313463803429871e-09,-4.70156731901714935e-09,-1.41047036318859475e-08,-1.41047019570514481e-08
2.43015000000000008e+01,2.43015000000000008e+01,1.69329972504211738e-03,-1.39357654997701585e-04,-1.39357630190903233e-04,-9.38911823197711522e-09,-9.38911656063754979e-09,-4.69455828031877489e-09,-1.40836765122958909e-08,-1.40836748409563239e-08
2.43087499999999999e+01,2.43087499999999999e+01,1.69228983417513677e-03,-1.39233003361910468e-04,-1.39232978592082000e-04,-9.37512522119137777e-09,-9.37512355333793855e-09,-4.68756177666896928e-09,-1.40626869978603462e-08,-1.40626853300069087e-08
2.43160000000000025e+01,2.43160000000000025e+01,1.69128084649336941e-03,-1.39108500345153097e-04,-1.39108475612219866e-04,-9.36115722821897285e-09,-9.36115556384277593e-09,-4.68057778192138797e-09,-1.40417350101403600e-08,-1.40417333457641647e-08
2.43232500000000016e+01,2.43232500000000016e+01,1.69027276092013185e-03,-1.38984145725939978e-04,-1.38984121029889652e-04,-9.34721420088764557e-09,-9.34721253998401408e-09,-4.67360626999200787e-09,-1.40208204708796534e-08,-1.40208188099760219e-08
2.43305000000000007e+01,2.43305000000000007e+01,1.68926557638034353e-03,-1.38859939283336731e-04,-1.38859914624059805e-04,-9.33329608716014190e-09,-9.33329442971787250e-09,-4.66664721485893625e-09,-1.39999433020190781e-08,-1.39999416445768087e-08
2.43377499999999998e+01,2.43377499999999998e+01,1.68825929180052374e-03,-1.38735880796686528e-04,-1.38735856174093637e-04,-9.31940283511525791e-09,-9.31940118112451873e-09,-4.65970059056225936e-09,-1.39791034256775181e-08,-1.39791017716867773e-08
2.43450000000000024e+01,2.43450000000000024e+01,1.68725390610879118e-03,-1.38611970045735000e-04,-1.38611945459748704e-04,-9.30553439295597266e-09,-9.30553274240774743e-09,-4.65276637120387371e-09,-1.39583007641598472e-08,-1.39582991136116203e-08
2.43522500000000015e+01,2.43522500000000015e+01,1.68624941823486050e-03,-1.38488206810574721e-04,-1.38488182261175912e-04,-9.29169070900545951e-09,-9.29168906189466107e-09,-4.64584453094732971e-09,-1.39375352399527900e-08,-1.39375335928419916e-08
2.43595000000000006e+01,2.43595000000000006e+01,1.68524582711003816e-03,-1.38364590871783988e-04,-1.38364566358918536e-04,-9.27787173171609908e-09,-9.27787008803529769e-09,-4.63893504401764885e-09,-1.39168067757337479e-08,-1.39168051320529465e-08
2.43667499999999997e+01,2.43667499999999997e+01,1.68424313166722008e-03,-1.38241122010357431e-04,-1.38241097533911577e-04,-9.26407740966455589e-09,-9.26407576940233978e-09,-4.63203788470116989e-09,-1.38961152943657250e-08,-1.38961136541035088e-08
2.43740000000000023e+01,2.43740000000000023e+01,1.68324133084088771e-03,-1.38117800007553360e-04,-1.38117775567480727e-04,-9.25030769154127150e-09,-9.25030605469075851e-09,-4.62515302734537843e-09,-1.38754607188866508e-08,-1.38754590820361378e-08
2.43812500000000014e+01,2.43812500000000014e+01,1.68224042356711042e-03,-1.37994624645046415e-04,-1.37994600241342043e-04,-9.23656252616043698e-09,-9.23656089271752761e-09,-4.61828044635876298e-09,-1.38548429725192008e-08,-1.38548413390762914e-08
2.43885000000000005e+01,2.43885000000000005e+01,1.68124040878353488e-03,-1.37871595705066352e-04,-1.37871571337600489e-04,-9.22284186246899432e-09,-9.22284023242124612e-09,-4.61142011621062306e-09,-1.38342619786796174e-08,-1.38342603486318692e-08
2.43957499999999996e+01,2.43957499999999996e+01,1.68024128542938723e-03,-1.37748712970051090e-04,-1.37748688638749550e-04,-9.20914564952313622e-09,-9.20914402286184229e-09,-4.60457201143092197e-09,-1.38137176609540590e-08,-1.38137160342927634e-08
2.44030000000000022e+01,2.44030000000000022e+01,1.67924305244546894e-03,-1.37625976222868762e-04,-1.37625951927670259e-04,-9.19547383650291408e-09,-9.19547221322024433e-09,-4.59773610661012299e-09,-1.37932099431130362e-08,-1.37932083198303665e-08
2.44102500000000013e+01,2.44102500000000013e+01,1.67824570877415555e-03,-1.37503385246762200e-04,-1.37503360987630631e-04,-9.18182637270825600e-09,-9.18182475279807274e-09,-4.59091237639903637e-09,-1.37727387491072924e-08,-1.37727371291971091e-08
2.44175000000000004e+01,2.44175000000000004e+01,1.67724925335939121e-03,-1.37380939825390569e-04,-1.37380915602284518e-04,-9.16820320756146480e-09,-9.16820159101728460e-09,-4.58410079550864312e-09,-1.37523040030701079e-08,-1.37523023865259277e-08
2.44247499999999995e+01,2.44247499999999995e+01,1.67625368514668759e-03,-1.37258639742829369e-04,-1.37258615555670990e-04,-9.15460429060695669e-09,-9.15460267741988072e-09,-4.57730133870993954e-09,-1.37319056293168954e-08,-1.37319040161298194e-08
2.44320000000000022e+01,2.44320000000000022e+01,1.67525900308311982e-03,-1.37136484783542678e-04,-1.37136460632213467e-04,-9.14102957150913040e-09,-9.14102796166755665e-09,-4.57051398083377832e-09,-1.37115435523429096e-08,-1.37115419425013358e-08
2.44392500000000013e+01,2.44392500000000013e+01,1.67426520611732598e-03,-1.37014474732230496e-04,-1.37014450616719069e-04,-9.12747900004194312e-09,-9.12747739354142796e-09,-4.56373869677071481e-09,-1.36912176968126579e-08,-1.36912160903121428e-08
2.44465000000000003e+01,2.44465000000000003e+01,1.67327229319950261e-03,-1.36892609374134055e-04,-1.36892585294377719e-04,-9.11395252610898443e-09,-9.11395092294167626e-09,-4.55697546147083813e-09,-1.36709279875798226e-08,-1.36709263844125144e-08
2.44537499999999994e+01,2.44537499999999994e+01,1.67228026328140118e-03,-1.36770888494883169e-04,-1.36770864450761224e-04,-9.10045009973303239e-09,-9.10044849988722827e-09,-4.55022424994361496e-09,-1.36506743496766474e-08,-1.36506727498308432e-08
2.44610000000000021e+01,2.44610000000000021e+01,1.67128911531632643e-03,-1.36649311880371327e-04,-1.36649287871822597e-04,-9.08697167104747732e-09,-9.08697007451545634e-09,-4.54348503725772817e-09,-1.36304567083052063e-08,-1.36304551117731837e-08
2.44682500000000012e+01,2.44682500000000012e+01,1.67029884825913564e-03,-1.36527879316866718e-04,-1.36527855343895513e-04,-9.07351719030347520e-09,-9.07351559708187405e-09,-4.53675779854093703e-09,-1.36102749888444131e-08,-1.36102733956228102e-08
2.44755000000000003e+01,2.44755000000000003e+01,1.66930946106623218e-03,-1.36406590591137133e-04,-1.36406566653693066e-04,-9.06008660787795983e-09,-9.06008501795979214e-09,-4.53004250897989607e-09,-1.35901291168578559e-08,-1.35901275269396882e-08
2.44827500000000029e+01,2.44827500000000029e+01,1.66832095269556398e-03,-1.36285445490325063e-04,-1.36285421588307166e-04,-9.04667987426507980e-09,-9.04667828764001076e-09,-4.52333914382000538e-09,-1.35700190180850844e-08,-1.35700174314600153e-08
2.44900000000000020e+01,2.44900000000000020e+01,1.66733332210662220e-03,-1.36164443801906065e-04,-1.36164419935208005e-04,-9.03329694007317926e-09,-9.03329535673053495e-09,-4.51664767836526830e-09,-1.35499446184384476e-08,-1.35499430350958033e-08
2.44972500000000011e+01,2.44972500000000011e+01,1.66634656826043673e-03,-1.36043585313633253e-04,-1.36043561482242833e-04,-9.01993775602086062e-09,-9.01993617595622389e-09,-4.50996808797811194e-09,-1.35299058439989734e-08,-1.35299042639343367e-08
2.45045000000000002e+01,2.45045000000000002e+01,1.66536069011957461e-03,-1.35922869813787095e-04,-1.35922846017635495e-04,-9.00660227295329150e-09,-9.00660069615850139e-09,-4.50330034807925070e-09,-1.35099026210325414e-08,-1.35099010442377529e-08
2.45117500000000028e+01,2.45117500000000028e+01,1.66437568664813663e-03,-1.35802297090967250e-04,-1.35802273329985542e-04,-8.99329044182814605e-09,-8.99328886829504490e-09,-4.49664443414752079e-09,-1.34899348759756668e-08,-1.34899333024425657e-08
2.45190000000000019e+01,2.45190000000000019e+01,1.66339155681175530e-03,-1.35681866934148077e-04,-1.35681843208267468e-04,-8.98000221371901947e-09,-8.98000064343947444e-09,-4.49000032171973722e-09,-1.34700025354387567e-08,-1.34700009651592117e-08
2.45262500000000010e+01,2.45262500000000010e+01,1.66240829957759167e-03,-1.35561579132650878e-04,-1.35561555441830007e-04,-8.96673753981334028e-09,-8.96673597278104329e-09,-4.48336798639052082e-09,-1.34501055262038611e-08,-1.34501039591715641e-08
2.45335000000000001e+01,2.45335000000000001e+01,1.66142591391433203e-03,-1.35441433476227169e-04,-1.35441409820395128e-04,-8.95349637141762783e-09,-8.95349480762432693e-09,-4.47674740381216346e-09,-1.34302437752297921e-08,-1.34302422114364896e-08
2.45407500000000027e+01,2.45407500000000027e+01,1.66044439879218598e-03,-1.35321429755003164e-04,-1.35321406134057497e-04,-8.94027865995354501e-09,-8.94027709938891864e-09,-4.47013854969445932e-09,-1.34104172096480043e-08,-1.34104156490833780e-08
2.45480000000000018e+01,2.45480000000000018e+01,1.65946375318288424e-03,-1.35201567759382635e-04,-1.35201544173283686e-04,-8.92708435695124608e-09,-8.92708279960913505e-09,-4.46354139980456752e-09,-1.33906257567558136e-08,-1.33906241994137026e-08
2.45552500000000009e+01,2.45552500000000009e+01,1.65848397605967523e-03,-1.35081847280144052e-04,-1.35081823728911337e-04,-8.91391341405553913e-09,-8.91391185993369847e-09,-4.45695592996685006e-09,-1.33708693440223892e-08,-1.33708677899005485e-08
2.45625000000000000e+01,2.45625000000000000e+01,1.65750506639732241e-03,-1.34962268108662631e-04,-1.34962244592148401e-04,-8.90076578304028237e-09,-8.90076423212543749e-09,-4.45038211606271874e-09,-1.33511478991030011e-08,-1.33511463481881562e-08
2.45697500000000026e+01,2.45697500000000026e+01,1.65652702317209931e-03,-1.34842830036438488e-04,-1.34842806554572107e-04,-8.88764141577698101e-09,-8.88763986806096267e-09,-4.44381993403048051e-09,-1.33314613498074615e-08,-1.33314598020914432e-08
2.45770000000000017e+01,2.45770000000000017e+01,1.65554984536179389e-03,-1.34723532855374195e-04,-1.34723509408129046e-04,-8.87454026425287774e-09,-8.87453871973042673e-09,-4.43726935986521336e-09,-1.33118096241180911e-08,-1.33118080795956401e-08
2.45842500000000008e+01,2.45842500000000008e+01,1.65457353194569659e-03,-1.34604376357830291e-04,-1.34604352945133298e-04,-8.86146228057433585e-09,-8.86146073923714562e-09,-4.43073036961857198e-09,-1.32921926501929087e-08,-1.32921911088557168e-08
2.45914999999999999e+01,2.45914999999999999e+01,1.65359808190460554e-03,-1.34485360336430992e-04,-1.34485336958266517e-04,-8.84840741695380124e-09,-8.84840587879735539e-09,-4.42420293939867769e-09,-1.32726103563524789e-08,-1.32726088181960331e-08
2.45987500000000026e+01,2.45987500000000026e+01,1.65262349422081790e-03,-1.34366484584341750e-04,-1.34366461240576678e-04,-8.83537562572781182e-09,-8.83537409073987468e-09,-4.41768704536993734e-09,-1.32530626710977483e-08,-1.32530611361098128e-08
2.46060000000000016e+01,2.46060000000000016e+01,1.65164976787813243e-03,-1.34247748894866792e-04,-1.34247725585477705e-04,-8.82236685933028116e-09,-8.82236532750584830e-09,-4.41118266375292415e-09,-1.32335495230832045e-08,-1.32335479912587716e-08
2.46132500000000007e+01,2.46132500000000007e+01,1.65067690186184259e-03,-1.34129153061837703e-04,-1.34129129786748409e-04,-8.80938107031780035e-09,-8.80937954164840806e-09,-4.40468977082420320e-09,-1.32140708411420027e-08,-1.32140693124726121e-08
2.46204999999999998e+01,2.46204999999999998e+01,1.64970489515873608e-03,-1.34010696879391378e-04,-1.34010673638531810e-04,-8.79641821135479342e-09,-8.79641668583239157e-09,-4.39820834291619496e-09,-1.31946265542709875e-08,-1.31946250287485857e-08
2.46277500000000025e+01,2.46277500000000025e+01,1.64873374675709116e-03,-1.33892380142011658e-04,-1.33892356935334409e-04,-8.78347823521601041e-09,-8.78347671283404772e-09,-4.39173835641702304e-09,-1.31752165916330334e-08,-1.31752150692510708e-08
2.46350000000000016e+01,2.46350000000000016e+01,1.64776345564667686e-03,-1.33774202644515450e-04,-1.33774179472025725e-04,-8.77056109478538093e-09,-8.77055957554076708e-09,-4.38527978777038271e-09,-1.31558408825557628e-08,-1.31558393633111490e-08
2.46422500000000007e+01,2.46422500000000007e+01,1.64679402081874585e-03,-1.33656164182274773e-04,-1.33656141043836965e-04,-8.75766674307031118e-09,-8.75766522695073274e-09,-4.37883261347536637e-09,-1.31364993565456775e-08,-1.31364978404260991e-08
2.46494999999999997e+01,2.46494999999999997e+01,1.64582544126603419e-03,-1.33538264550786545e-04,-1.33538241446360702e-04,-8.74479513317324211e-09,-8.74479362017267059e-09,-4.37239681008633529e-09,-1.31171919432595782e-08,-1.31171904302590067e-08
2.46567500000000024e+01,2.46567500000000024e+01,1.64485771598275898e-03,-1.33420503546047287e-04,-1.33420480475550005e-04,-8.73194621831596691e-09,-8.73194470842553660e-09,-4.36597235421276830e-09,-1.30979185725287360e-08,-1.30979170626383041e-08
2.46640000000000015e+01,2.46640000000000015e+01,1.64389084396461636e-03,-1.33302880964317194e-04,-1.33302857927717819e-04,-8.71911995182393776e-09,-8.71911844503825046e-09,-4.35955922251912523e-09,-1.30786791743430622e-08,-1.30786776675573765e-08
2.46712500000000006e+01,2.46712500000000006e+01,1.64292482420877657e-03,-1.33185396602328310e-04,-1.33185373599536012e-04,-8.70631628713963797e-09,-8.70631478344936641e-09,-4.35315739172468403e-09,-1.30594736788643228e-08,-1.30594721751740496e-08
2.46784999999999997e+01,2.46784999999999997e+01,1.64195965571388284e-03,-1.33068050257048598e-04,-1.33068027288034754e-04,-8.69353517780691856e-09,-8.69353367720681509e-09,-4.34676683860340755e-09,-1.30403020164103269e-08,-1.30403005158102218e-08
2.46857500000000023e+01,2.46857500000000023e+01,1.64099533748004902e-03,-1.32950841725890112e-04,-1.32950818790601786e-04,-8.68077657748435717e-09,-8.68077507996759756e-09,-4.34038753998379878e-09,-1.30211641174681560e-08,-1.30211626199513963e-08
2.46930000000000014e+01,2.46930000000000014e+01,1.64003186850885719e-03,-1.32833770806625728e-04,-1.32833747904981741e-04,-8.66804043993959191e-09,-8.66803894549751557e-09,-4.33401947274875861e-09,-1.30020599126883505e-08,-1.30020584182462742e-08
2.47002500000000005e+01,2.47002500000000005e+01,1.63906924780335308e-03,-1.32716837297333634e-04,-1.32716814429275249e-04,-8.65532671904543357e-09,-8.65532522767085893e-09,-4.32766261383542947e-09,-1.29829893328808622e-08,-1.29829878415062892e-08
2.47074999999999996e+01,2.47074999999999996e+01,1.63810747436804612e-03,-1.32600040996480595e-04,-1.32600018161938368e-04,-8.64263536878508189e-09,-8.64263388047013914e-09,-4.32131694023507040e-09,-1.29639523090201523e-08,-1.29639508207052095e-08
2.47147500000000022e+01,2.47147500000000022e+01,1.63714654720890397e-03,-1.32483381702838687e-04,-1.32483358901781638e-04,-8.62996634324644605e-09,-8.62996485798578665e-09,-4.31498242899289333e-09,-1.29449487722393402e-08,-1.29449472869786808e-08
2.47220000000000013e+01,2.47220000000000013e+01,1.63618646533335494e-03,-1.32366859215610200e-04,-1.32366836447969806e-04,-8.61731959663006748e-09,-8.61731811441590270e-09,-4.30865905720795135e-09,-1.29259786538380188e-08,-1.29259771716238541e-08
2.47292500000000004e+01,2.47292500000000004e+01,1.63522722775027800e-03,-1.32250473334344365e-04,-1.32250450600020447e-04,-8.60469508324342220e-09,-8.60469360406591686e-09,-4.30234680203295926e-09,-1.29070418852763815e-08,-1.29070404060988761e-08
2.47364999999999995e+01,2.47364999999999995e+01,1.63426883347000734e-03,-1.32134223858784705e-04,-1.32134201157803853e-04,-8.59209275749078291e-09,-8.59209128134836206e-09,-4.29604564067418103e-09,-1.28881383981649631e-08,-1.28881369220225439e-08
2.47437500000000021e+01,2.47437500000000021e+01,1.63331128150432520e-03,-1.32018110589271487e-04,-1.32018087921541814e-04,-8.57951257389915606e-09,-8.57951110078254369e-09,-4.28975555039127185e-09,-1.28692681242904287e-08,-1.28692666511738164e-08
2.47510000000000012e+01,2.47510000000000012e+01,1.63235457086646275e-03,-1.31902133326394777e-04,-1.31902110691807403e-04,-8.56695448709547482e-09,-8.56695301699430967e-09,-4.28347650849715566e-09,-1.28504309955926305e-08,-1.28504295254914653e-08
2.47582500000000003e+01,2.47582500000000003e+01,1.63139870057109272e-03,-1.31786291870966688e-04,-1.31786269269523699e-04,-8.55441845180457747e-09,-8.55441698471571459e-09,-4.27720849235785812e-09,-1.28316269441624356e-08,-1.28316254770735727e-08
2.47655000000000030e+01,2.47655000000000030e+01,1.63044366963433331e-03,-1.31670586024354441e-04,-1.31670563455963600e-04,-8.54190442287060322e-09,-8.54190295878478647e-09,-4.27095147939239324e-09,-1.28128559022629965e-08,-1.28128544381771797e-08
2.47727500000000020e+01,2.47727500000000020e+01,1.62948947707373948e-03,-1.31555015588147306e-04,-1.31554993052748629e-04,-8.52941235523513980e-09,-8.52941089414521407e-09,-4.26470544707260703e-09,-1.27941178023077477e-08,-1.27941163412178219e-08
2.47800000000000011e+01,2.47800000000000011e+01,1.62853612190830537e-03,-1.31439580364253739e-04,-1.31439557861848689e-04,-8.51694220394329161e-09,-8.51694074584609872e-09,-4.25847037292304936e-09,-1.27754125768663418e-08,-1.27754111187691489e-08
2.47872500000000002e+01,2.47872500000000002e+01,1.62758360315845801e-03,-1.31324280155109552e-04,-1.31324257685580927e-04,-8.50449392415694773e-09,-8.50449246904164499e-09,-4.25224623452082167e-09,-1.27567401586777686e-08,-1.27567387035624658e-08
2.47945000000000029e+01,2.47945000000000029e+01,1.62663191984605601e-03,-1.31209114763344847e-04,-1.31209092326609191e-04,-8.49206747113295260e-09,-8.49206601899090094e-09,-4.24603300949545130e-09,-1.27381004806284047e-08,-1.27380990284863531e-08
2.48017500000000020e+01,2.48017500000000020e+01,1.62568107099438932e-03,-1.31094083991895038e-04,-1.31094061587943515e-04,-8.47966280023010233e-09,-8.47966135105750499e-09,-4.23983067552875332e-09,-1.27194934757588565e-08,-1.27194920265862575e-08
2.48090000000000011e+01,2.48090000000000011e+01,1.62473105562817364e-03,-1.30979187644153505e-04,-1.30979165272939141e-04,-8.46727986691877143e-09,-8.46727842070936666e-09,-4.23363921035468333e-09,-1.27009190772734556e-08,-1.27009176310640492e-08
2.48162500000000001e+01,2.48162500000000001e+01,1.62378187277354932e-03,-1.30864425523860572e-04,-1.30864403185295872e-04,-8.45491862677349795e-09,-8.45491718351841837e-09,-4.22745859175920918e-09,-1.26823772185327071e-08,-1.26823757752776276e-08
2.48235000000000028e+01,2.48235000000000028e+01,1.62283352145807741e-03,-1.30749797435020243e-04,-1.30749775129057312e-04,-8.44257903546738182e-09,-8.44257759516033093e-09,-4.22128879758016546e-09,-1.26638678330475473e-08,-1.26638663927404964e-08
2.48307500000000019e+01,2.48307500000000019e+01,1.62188600071074126e-03,-1.30635303182025098e-04,-1.30635280908610594e-04,-8.43026104877993644e-09,-8.43025961141427694e-09,-4.21512980570713847e-09,-1.26453908544870757e-08,-1.26453894171214146e-08
2.48380000000000010e+01,2.48380000000000010e+01,1.62093930956193821e-03,-1.30520942569628540e-04,-1.30520920328684942e-04,-8.41796462259505217e-09,-8.41796318816259497e-09,-4.20898159408129583e-09,-1.26269462166763488e-08,-1.26269447822438900e-08
2.48452500000000001e+01,2.48452500000000001e+01,1.61999344704348200e-03,-1.30406715402833773e-04,-1.30406693194351595e-04,-8.40568971289361458e-09,-8.40568828139056955e-09,-4.20284414069528560e-09,-1.26085338535889002e-08,-1.26085324220858551e-08
2.48525000000000027e+01,2.48525000000000027e+01,1.61904841218859694e-03,-1.30292621487129723e-04,-1.30292599311022771e-04,-8.39343627576850287e-09,-8.39343484718614490e-09,-4.19671742359307245e-09,-1.25901536993615753e-08,-1.25901522707792173e-08
2.48597500000000018e+01,2.48597500000000018e+01,1.61810420403191830e-03,-1.30178660628268994e-04,-1.30178638484451236e-04,-8.38120426741003812e-09,-8.38120284173966361e-09,-4.19060142086983180e-09,-1.25718056882798707e-08,-1.25718042626094946e-08
2.48670000000000009e+01,2.48670000000000009e+01,1.61716082160948734e-03,-1.30064832632281746e-04,-1.30064810520729275e-04,-8.36899364410665990e-09,-8.36899222134357709e-09,-4.18449611067178855e-09,-1.25534897547784484e-08,-1.25534883320153656e-08
2.48742500000000000e+01,2.48742500000000000e+01,1.61621826395875047e-03,-1.29951137305600595e-04,-1.29951115226288258e-04,-8.35680436225274980e-09,-8.35680294239219744e-09,-4.17840147119609872e-09,-1.25352058334488485e-08,-1.25352044135882962e-08
2.48815000000000026e+01,2.48815000000000026e+01,1.61527653011855573e-03,-1.29837574455088367e-04,-1.29837552407897878e-04,-8.34463637835018976e-09,-8.34463496138142278e-09,-4.17231748069071139e-09,-1.25169538590409003e-08,-1.25169524420721333e-08
2.48887500000000017e+01,2.48887500000000017e+01,1.61433561912915154e-03,-1.29724143887760546e-04,-1.29724121872665477e-04,-8.33248964899028661e-09,-8.33248823490848088e-09,-4.16624411745423961e-09,-1.24987337664445262e-08,-1.24987323523627205e-08
2.48960000000000008e+01,2.48960000000000008e+01,1.61339553003218340e-03,-1.29610845411104458e-04,-1.29610823428035285e-04,-8.32036413087407926e-09,-8.32036271967164623e-09,-4.16018135983582311e-09,-1.24805454907099016e-08,-1.24805440795074702e-08
2.49032499999999999e+01,2.49032499999999999e+01,1.61245626187069089e-03,-1.29497678832884988e-04,-1.29497656881787798e-04,-8.30825978079961840e-09,-8.30825837246998859e-09,-4.15412918623499512e-09,-1.24623889670346135e-08,-1.24623875587049837e-08
2.49105000000000025e+01,2.49105000000000025e+01,1.61151781368910636e-03,-1.29384643961213963e-04,-1.29384622042038992e-04,-8.29617655566622144e-09,-8.29617515020310003e-09,-4.14808757510154919e-09,-1.24442641307677706e-08,-1.24442627253046492e-08
2.49177500000000016e+01,2.49177500000000016e+01,1.61058018453325317e-03,-1.29271740604550156e-04,-1.29271718717239968e-04,-8.28411441247424264e-09,-8.28411300987085169e-09,-4.14205650493542502e-09,-1.24261709174096685e-08,-1.24261695148062759e-08
2.49250000000000007e+01,2.49250000000000007e+01,1.60964337345034076e-03,-1.29158968571643773e-04,-1.29158946716175790e-04,-8.27207330832129941e-09,-8.27207190857310267e-09,-4.13603595428655051e-09,-1.24081092626078508e-08,-1.24081078628596540e-08
2.49322499999999998e+01,2.49322499999999998e+01,1.60870737948896458e-03,-1.29046327671661354e-04,-1.29046305847965156e-04,-8.26005320041005123e-09,-8.26005180350945849e-09,-4.13002590175472842e-09,-1.23900791021647788e-08,-1.23900777052641877e-08
2.49395000000000024e+01,2.49395000000000024e+01,1.60777220169910137e-03,-1.28933817714060872e-04,-1.28933795922059482e-04,-8.24805404603998399e-09,-8.24805265197899641e-09,-4.12402632598949738e-09,-1.23720803720294822e-08,-1.23720789779684930e-08
2.49467500000000015e+01,2.49467500000000015e+01,1.60683783913211043e-03,-1.28821438508605612e-04,-1.28821416748242597e-04,-8.23607580260808999e-09,-8.23607441138003554e-09,-4.11803720569001694e-09,-1.23541130082981061e-08,-1.23541116170700517e-08
2.49540000000000006e+01,2.49540000000000006e+01,1.60590429084072695e-03,-1.28709189865419682e-04,-1.28709168136629555e-04,-8.22411842761219155e-09,-8.22411703920982908e-09,-4.11205851960491454e-09,-1.23361769472171061e-08,-1.23361755588147436e-08
2.49612499999999997e+01,2.49612499999999997e+01,1.60497155587906214e-03,-1.28597071594932499e-04,-1.28597049897666364e-04,-8.21218187864719219e-09,-8.21218049306435094e-09,-4.10609024653217547e-09,-1.23182721251793685e-08,-1.23182707395965272e-08
2.49685000000000024e+01,2.49685000000000024e+01,1.60403963330260006e-03,-1.28485083507878795e-04,-1.28485061842129088e-04,-8.20026611340484507e-09,-8.20026473063800291e-09,-4.10013236531900145e-09,-1.23003984787238465e-08,-1.23003970959570044e-08
2.49757500000000014e+01,2.49757500000000014e+01,1.60310852216819758e-03,-1.28373225415423509e-04,-1.28373203781123499e-04,-8.18837108968153507e-09,-8.18836970972339957e-09,-4.09418485486169978e-09,-1.22825559445432349e-08,-1.22825545645850993e-08
2.49830000000000005e+01,2.49830000000000005e+01,1.60217822153407657e-03,-1.28261497129036894e-04,-1.28261475526083852e-04,-8.17649676537006324e-09,-8.17649538821105895e-09,-4.08824769410553113e-09,-1.22647444594755952e-08,-1.22647430823165893e-08
2.49902499999999996e+01,2.49902499999999996e+01,1.60124873045982695e-03,-1.28149898460397371e-04,-1.28149876888772785e-04,-8.16464309845326262e-09,-8.16464172408919409e-09,-4.08232086204459705e-09,-1.22469639604978597e-08,-1.22469625861337911e-08
2.49975000000000023e+01,2.49975000000000023e+01,1.60032004800640042e-03,-1.28038429221655203e-04,-1.28038407681280142e-04,-8.15281004702058488e-09,-8.15280867544341522e-09,-4.07640433772170761e-09,-1.22292143847422917e-08,-1.22292130131651237e-08
2.50047500000000014e+01,2.50047500000000014e+01,1.59939217323611278e-03,-1.27927089225182700e-04,-1.27927067716022958e-04,-8.14099756925197855e-09,-8.14099620045653291e-09,-4.07049810022826728e-09,-1.22114956694802450e-08,-1.22114943006847994e-08
2.50120000000000005e+01,2.50120000000000005e+01,1.59846510521263556e-03,-1.27815878283768503e-04,-1.27815856805744093e-04,-8.12920562343005022e-09,-8.12920425740824541e-09,-4.06460212870412188e-09,-1.21938077521341729e-08,-1.21938063861123665e-08
2.50192499999999995e+01,2.50192499999999995e+01,1.59753884300099834e-03,-1.27704796210423299e-04,-1.27704774763511968e-04,-8.11743416792747822e-09,-8.11743280467491527e-09,-4.05871640233745764e-09,-1.21761505702649359e-08,-1.21761492070123729e-08
2.50265000000000022e+01,2.50265000000000022e+01,1.59661338566758422e-03,-1.27593842818574110e-04,-1.27593821402719832e-04,-8.10568316121917539e-09,-8.10568180072931463e-09,-4.05284090036465731e-09,-1.21585240615838319e-08,-1.21585227010939711e-08
2.50337500000000013e+01,2.50337500000000013e+01,1.59568873228012873e-03,-1.27483017921953268e-04,-1.27482996537085216e-04,-8.09395256187500998e-09,-8.09395120414038527e-09,-4.04697560207019346e-09,-1.21409281639452034e-08,-1.21409268062105787e-08
2.50410000000000004e+01,2.50410000000000004e+01,1.59476488190771616e-03,-1.27372321334556782e-04,-1.27372299980649018e-04,-8.08224232855696340e-09,-8.08224097357296403e-09,-4.04112048678648202e-09,-1.21233628153434446e-08,-1.21233614603594469e-08
2.50482499999999995e+01,2.50482499999999995e+01,1.59384183362077801e-03,-1.27261752870810874e-04,-1.27261731547775034e-04,-8.07055242002947827e-09,-8.07055106778754624e-09,-4.03527553389377395e-09,-1.21058279539232514e-08,-1.21058266016813210e-08
2.50555000000000021e+01,2.50555000000000021e+01,1.59291958649108892e-03,-1.27151312345363809e-04,-1.27151291053149100e-04,-8.05888279514605645e-09,-8.05888144564002595e-09,-4.02944072282001297e-09,-1.20883235179660694e-08,-1.20883221684600389e-08
2.50627500000000012e+01,2.50627500000000012e+01,1.59199813959177007e-03,-1.27040999573183044e-04,-1.27040978311779030e-04,-8.04723341285522133e-09,-8.04723206608149081e-09,-4.02361603304074540e-09,-1.20708494458959667e-08,-1.20708480991222362e-08
2.50700000000000003e+01,2.50700000000000003e+01,1.59107749199727797e-03,-1.26930814369694001e-04,-1.26930793138993047e-04,-8.03560423220908081e-09,-8.03560288815790444e-09,-4.01780144407895222e-09,-1.20534056762880330e-08,-1.20534043322368567e-08
2.50772500000000029e+01,2.50772500000000029e+01,1.59015764278340921e-03,-1.26820756550502511e-04,-1.26820735350439864e-04,-8.02399521234555124e-09,-8.02399387100990790e-09,-4.01199693550495395e-09,-1.20359921478505044e-08,-1.20359908065148610e-08
2.50845000000000020e+01,2.50845000000000020e+01,1.58923859102729566e-03,-1.26710825931519722e-04,-1.26710804762087792e-04,-8.01240631249607989e-09,-8.01240497387257319e-09,-4.00620248693628659e-09,-1.20186087994323665e-08,-1.20186074608088598e-08
2.50917500000000011e+01,2.50917500000000011e+01,1.58832033580740255e-03,-1.26601022329059232e-04,-1.26601001190224083e-04,-8.00083749199156268e-09,-8.00083615607514184e-09,-4.00041807803757009e-09,-1.20012555700291336e-08,-1.20012542341127111e-08
2.50990000000000002e+01,2.50990000000000002e+01,1.58740287620352458e-03,-1.26491345559781587e-04,-1.26491324451454207e-04,-7.98928871025863504e-09,-7.98928737704077019e-09,-3.99464368852038592e-09,-1.19839323987790201e-08,-1.19839310655611553e-08
2.51062500000000028e+01,2.51062500000000028e+01,1.58648621129678564e-03,-1.26381795440583256e-04,-1.26381774362701357e-04,-7.97775992681244903e-09,-7.97775859628631591e-09,-3.98887929814315795e-09,-1.19666392249556070e-08,-1.19666378944294739e-08
2.51135000000000019e+01,2.51135000000000019e+01,1.58557034016963607e-03,-1.26272371788679894e-04,-1.26272350741205800e-04,-7.96625110126174223e-09,-7.96624977342207998e-09,-3.98312488671103916e-09,-1.19493759879727814e-08,-1.19493746601331191e-08
2.51207500000000010e+01,2.51207500000000010e+01,1.58465526190585001e-03,-1.26163074421634103e-04,-1.26163053404524148e-04,-7.95476219331038299e-09,-7.95476086815155686e-09,-3.97738043407577760e-09,-1.19321426273861598e-08,-1.19321413022273336e-08
2.51280000000000001e+01,2.51280000000000001e+01,1.58374097559052258e-03,-1.26053903157355429e-04,-1.26053882170528705e-04,-7.94329316275715696e-09,-7.94329184027119624e-09,-3.97164592013559812e-09,-1.19149390828927551e-08,-1.19149377604067944e-08
2.51352500000000028e+01,2.51352500000000028e+01,1.58282748031006817e-03,-1.25944857813989342e-04,-1.25944836857406871e-04,-7.93184396948857892e-09,-7.93184264967016649e-09,-3.96592132483508242e-09,-1.18977652943236613e-08,-1.18977639745052489e-08
2.51425000000000018e+01,2.51425000000000018e+01,1.58191477515221956e-03,-1.25835938210042131e-04,-1.25835917283660681e-04,-7.92041457348656570e-09,-7.92041325633012305e-09,-3.96020662816506152e-09,-1.18806212016516272e-08,-1.18806198844951846e-08
2.51497500000000009e+01,2.51497500000000009e+01,1.58100285920602292e-03,-1.25727144164297644e-04,-1.25727123268105885e-04,-7.90900493482298340e-09,-7.90900362032495034e-09,-3.95450181016247434e-09,-1.18635067449854577e-08,-1.18635054304874247e-08
2.51570000000000000e+01,2.51570000000000000e+01,1.58009173156183741e-03,-1.25618475495983817e-04,-1.25618454629871404e-04,-7.89761501366993255e-09,-7.89761370182052519e-09,-3.94880685091026177e-09,-1.18464218645801951e-08,-1.18464205527307878e-08
2.51642500000000027e+01,2.51642500000000027e+01,1.57918139131133081e-03,-1.25509932024495119e-04,-1.25509911188398680e-04,-7.88624477028207624e-09,-7.88624346107448028e-09,-3.94312173053723931e-09,-1.18293665008193147e-08,-1.18293651916117204e-08
2.51715000000000018e+01,2.51715000000000018e+01,1.57827183754748190e-03,-1.25401513569517453e-04,-1.25401492763441326e-04,-7.87489416500432960e-09,-7.87489285843598903e-09,-3.93744642921799452e-09,-1.18123405942223249e-08,-1.18123392876539827e-08
2.51787500000000009e+01,2.51787500000000009e+01,1.57736306936457314e-03,-1.25293219951208568e-04,-1.25293199175064145e-04,-7.86356315828296382e-09,-7.86356185434549766e-09,-3.93178092717274883e-09,-1.17953440854557126e-08,-1.17953427815182465e-08
2.51859999999999999e+01,2.51859999999999999e+01,1.57645508585818974e-03,-1.25185050989920499e-04,-1.25185030243642485e-04,-7.85225171064799222e-09,-7.85225040933449186e-09,-3.92612520466724510e-09,-1.17783769153152365e-08,-1.17783756140017378e-08
2.51932500000000026e+01,2.51932500000000026e+01,1.57554788612521905e-03,-1.25077006506338351e-04,-1.25076985789861883e-04,-7.84095978272168026e-09,-7.84095848402527513e-09,-3.92047924201263839e-09,-1.17614390247343178e-08,-1.17614377260379127e-08
2.52005000000000017e+01,2.52005000000000017e+01,1.57464146926384794e-03,-1.24969086321397027e-04,-1.24969065634717390e-04,-7.82968733521314407e-09,-7.82968603913074217e-09,-3.91484301956537109e-09,-1.17445303547785152e-08,-1.17445290586961133e-08
2.52077500000000008e+01,2.52077500000000008e+01,1.57373583437355911e-03,-1.24861290256406132e-04,-1.24861269599512781e-04,-7.81843432892596710e-09,-7.81843303545411578e-09,-3.90921651772705789e-09,-1.17276508466530250e-08,-1.17276495531811737e-08
2.52149999999999999e+01,2.52149999999999999e+01,1.57283098055513025e-03,-1.24753618133077726e-04,-1.24753597505860019e-04,-7.80720072475974033e-09,-7.80719943388873015e-09,-3.90359971694436508e-09,-1.17108004417041046e-08,-1.17107991508330961e-08
2.52222500000000025e+01,2.52222500000000025e+01,1.57192690691062924e-03,-1.24646069773332036e-04,-1.24646049175678543e-04,-7.79598648369770591e-09,-7.79598519541779102e-09,-3.89799259770889551e-09,-1.16939790814066014e-08,-1.16939777931266865e-08
2.52295000000000016e+01,2.52295000000000016e+01,1.57102361254341676e-03,-1.24538644999228065e-04,-1.24538624431194976e-04,-7.78479156680223568e-09,-7.78479028111416220e-09,-3.89239514055708027e-09,-1.16771867073593160e-08,-1.16771854216712425e-08
2.52367500000000007e+01,2.52367500000000007e+01,1.57012109655814067e-03,-1.24431343633435443e-04,-1.24431323094942146e-04,-7.77361593524414491e-09,-7.77361465214011253e-09,-3.88680732607005626e-09,-1.16604232613142012e-08,-1.16604219782101688e-08
2.52439999999999998e+01,2.52439999999999998e+01,1.56921935806073228e-03,-1.24324165498790329e-04,-1.24324144989758546e-04,-7.76245955027472194e-09,-7.76245826974708750e-09,-3.88122913487354292e-09,-1.16436886851482649e-08,-1.16436874046206304e-08
2.52512500000000024e+01,2.52512500000000024e+01,1.56831839615840791e-03,-1.24217110418406440e-04,-1.24217089938787815e-04,-7.75132237323248626e-09,-7.75132109527548432e-09,-3.87566054763774133e-09,-1.16269829208702284e-08,-1.16269816429132265e-08
2.52585000000000015e+01,2.52585000000000015e+01,1.56741820995966522e-03,-1.24110178215744438e-04,-1.24110157765478174e-04,-7.74020436554733436e-09,-7.74020309015443351e-09,-3.87010154507721593e-09,-1.16103059106245503e-08,-1.16103046352316494e-08
2.52657500000000006e+01,2.52657500000000006e+01,1.56651879857427987e-03,-1.24003368714514783e-04,-1.24003348293581610e-04,-7.72910548873427632e-09,-7.72910421590154247e-09,-3.86455210795077206e-09,-1.15936575966850484e-08,-1.15936563238523145e-08
2.52729999999999997e+01,2.52729999999999997e+01,1.56562016111330498e-03,-1.23896681738774883e-04,-1.23896661347153495e-04,-7.71802570439931702e-09,-7.71802443412269700e-09,-3.85901221706134767e-09,-1.15770379214606639e-08,-1.15770366511840438e-08
2.52802500000000023e+01,2.52802500000000023e+01,1.56472229668906736e-03,-1.23790117112970721e-04,-1.23790096750551695e-04,-7.70696497424184178e-09,-7.70696370651180150e-09,-3.85348185325590075e-09,-1.15604468274977425e-08,-1.15604455597677022e-08
2.52875000000000014e+01,2.52875000000000014e+01,1.56382520441516689e-03,-1.23683674661659304e-04,-1.23683654328436324e-04,-7.69592326003715786e-09,-7.69592199485059208e-09,-3.84796099742529604e-09,-1.15438842574624539e-08,-1.15438829922758881e-08
2.52947500000000005e+01,2.52947500000000005e+01,1.56292888340647351e-03,-1.23577354209897239e-04,-1.23577333905768852e-04,-7.68490052366047940e-09,-7.68489926100837185e-09,-3.84244963050418593e-09,-1.15273501541646653e-08,-1.15273488915125578e-08
2.53019999999999996e+01,2.53019999999999996e+01,1.56203333277912370e-03,-1.23471155582866032e-04,-1.23471135307811529e-04,-7.67389672706343547e-09,-7.67389546694180080e-09,-3.83694773347090040e-09,-1.15108444605343359e-08,-1.15108432004127012e-08
2.53092500000000022e+01,2.53092500000000022e+01,1.56113855165052160e-03,-1.23365078606135770e-04,-1.23365058360126934e-04,-7.66291183229028118e-09,-7.66291057469467578e-09,-3.83145528734733789e-09,-1.14943671196376182e-08,-1.14943658620420145e-08
2.53165000000000013e+01,2.53165000000000013e+01,1.56024453913933443e-03,-1.23259123105595725e-04,-1.23259102888577371e-04,-7.65194580147339782e-09,-7.65194454639771048e-09,-3.82597227319885441e-09,-1.14779180746722531e-08,-1.14779168195965657e-08
2.53237500000000004e+01,2.53237500000000004e+01,1.55935129436549059e-03,-1.23153288907440484e-04,-1.23153268719324006e-04,-7.64099859683223404e-09,-7.64099734426828559e-09,-3.82049867213414279e-09,-1.14614972689663777e-08,-1.14614960164024276e-08
2.53309999999999995e+01,2.53309999999999995e+01,1.55845881645017676e-03,-1.23047575838072798e-04,-1.23047555678826483e-04,-7.63007018066709539e-09,-7.63006893061025197e-09,-3.81503446530512598e-09,-1.14451046459722214e-08,-1.14451033959153780e-08
2.53382500000000022e+01,2.53382500000000022e+01,1.55756710451583841e-03,-1.22941983724283999e-04,-1.22941963593842387e-04,-7.61916051537015247e-09,-7.61915926781369240e-09,-3.80957963390684620e-09,-1.14287401492769995e-08,-1.14287389017205394e-08
2.53455000000000013e+01,2.53455000000000013e+01,1.55667615768617456e-03,-1.22836512393101338e-04,-1.22836492291426456e-04,-7.60826956341579926e-09,-7.60826831835471480e-09,-3.80413415917735740e-09,-1.14124037225931558e-08,-1.14124024775320714e-08
2.53527500000000003e+01,2.53527500000000003e+01,1.55578597508613864e-03,-1.22731161671829625e-04,-1.22731141598930173e-04,-7.59739728736304041e-09,-7.59739604479522224e-09,-3.79869802239761112e-09,-1.13960953097606524e-08,-1.13960940671928325e-08
2.53600000000000030e+01,2.53600000000000030e+01,1.55489655584193287e-03,-1.22625931388259390e-04,-1.22625911344001010e-04,-7.58654364986819339e-09,-7.58654240978267973e-09,-3.79327120489133904e-09,-1.13798148547595324e-08,-1.13798136146740188e-08
2.53672500000000021e+01,2.53672500000000021e+01,1.55400789908100869e-03,-1.22520821370236677e-04,-1.22520801354581880e-04,-7.57570861365807795e-09,-7.57570737604991562e-09,-3.78785368802495864e-09,-1.13635623016830374e-08,-1.13635610640748734e-08
2.53745000000000012e+01,2.53745000000000012e+01,1.55312000393206459e-03,-1.22415831445940593e-04,-1.22415811458910685e-04,-7.56489214154702125e-09,-7.56489090641490001e-09,-3.78244545320745000e-09,-1.13473375947544712e-08,-1.13473363596223500e-08
2.53817500000000003e+01,2.53817500000000003e+01,1.55223286952504286e-03,-1.22310961444022093e-04,-1.22310941485519550e-04,-7.55409419644523889e-09,-7.55409296378050974e-09,-3.77704648189025487e-09,-1.13311406783354938e-08,-1.13311394456707646e-08
2.53890000000000029e+01,2.53890000000000029e+01,1.55134649499112588e-03,-1.22206211193312542e-04,-1.22206191263234121e-04,-7.54331474134064026e-09,-7.54331351113431174e-09,-3.77165675556715587e-09,-1.13149714969077953e-08,-1.13149702667014684e-08
2.53962500000000020e+01,2.53962500000000020e+01,1.55046087946273986e-03,-1.22101580522754327e-04,-1.22101560621173591e-04,-7.53255373929437329e-09,-7.53255251154837935e-09,-3.76627625577418968e-09,-1.12988299950685638e-08,-1.12988287673225699e-08
2.54035000000000011e+01,2.54035000000000011e+01,1.54957602207354611e-03,-1.21997069261942093e-04,-1.21997049388749266e-04,-7.52181115347406392e-09,-7.52180992817902764e-09,-3.76090496408951299e-09,-1.12827161175635769e-08,-1.12827148922685406e-08
2.54107500000000002e+01,2.54107500000000002e+01,1.54869192195844193e-03,-1.21892677240567626e-04,-1.21892657395664589e-04,-7.51108694711934912e-09,-7.51108572426662647e-09,-3.75554286213331324e-09,-1.12666298092526624e-08,-1.12666285863999397e-08
2.54180000000000028e+01,2.54180000000000028e+01,1.54780857825355758e-03,-1.21788404288530883e-04,-1.21788384471914192e-04,-7.50038108354857707e-09,-7.50037986313537052e-09,-3.75018993156768526e-09,-1.12505710151162623e-08,-1.12505697947030558e-08
2.54252500000000019e+01,2.54252500000000019e+01,1.54692599009625801e-03,-1.21684250236120395e-04,-1.21684230447783830e-04,-7.48969352616974909e-09,-7.48969230819309237e-09,-3.74484615409654701e-09,-1.12345396802662961e-08,-1.12345384622896394e-08
2.54325000000000010e+01,2.54325000000000010e+01,1.54604415662513398e-03,-1.21580214914013274e-04,-1.21580195153849120e-04,-7.47902423848031945e-09,-7.47902302293100769e-09,-3.73951151146550467e-09,-1.12185357499458241e-08,-1.12185345343965124e-08
2.54397500000000001e+01,2.54397500000000001e+01,1.54516307698000506e-03,-1.21476298153025408e-04,-1.21476278420975443e-04,-7.46837318405164275e-09,-7.46837197092352670e-09,-3.73418598546176252e-09,-1.12025591695134044e-08,-1.12025579563852900e-08
2.54470000000000027e+01,2.54470000000000027e+01,1.54428275030191490e-03,-1.21372499784291876e-04,-1.21372480080317110e-04,-7.45774032653990428e-09,-7.45773911582802581e-09,-3.72886955791401290e-09,-1.11866098844539172e-08,-1.11866086737420387e-08
2.54542500000000018e+01,2.54542500000000018e+01,1.54340317573313274e-03,-1.21268819639225311e-04,-1.21268799963317138e-04,-7.44712562968339277e-09,-7.44712442138466898e-09,-3.72356221069233449e-09,-1.11706878403757273e-08,-1.11706866320770026e-08
2.54615000000000009e+01,2.54615000000000009e+01,1.54252435241714644e-03,-1.21165257549585292e-04,-1.21165237901706211e-04,-7.43652905730657266e-09,-7.43652785141614882e-09,-3.71826392570807441e-09,-1.11547929830146467e-08,-1.11547917771242236e-08
2.54687500000000000e+01,2.54687500000000000e+01,1.54164627949866405e-03,-1.21061813347436709e-04,-1.21061793727502451e-04,-7.42595057331734523e-09,-7.42594936982750789e-09,-3.71297468491375436e-09,-1.11389252582311004e-08,-1.11389240547412614e-08
2.54760000000000026e+01,2.54760000000000026e+01,1.54076895612360854e-03,-1.20958486865094250e-04,-1.20958467273010544e-04,-7.41539014170347443e-09,-7.41538894060590712e-09,-3.70769447030295273e-09,-1.11230846120064276e-08,-1.11230834109088594e-08
2.54832500000000017e+01,2.54832500000000017e+01,1.53989238143912004e-03,-1.20855277935025263e-04,-1.20855258370821612e-04,-7.40484772652645907e-09,-7.40484652782044131e-09,-3.70242326391022024e-09,-1.11072709904366789e-08,-1.11072697917306620e-08
2.54905000000000008e+01,2.54905000000000008e+01,1.53901655459355103e-03,-1.20752186390168936e-04,-1.20752166853812287e-04,-7.39432329194092609e-09,-7.39432209562190839e-09,-3.69716104781095378e-09,-1.10914843397518803e-08,-1.10914831434328618e-08
2.54977499999999999e+01,2.54977499999999999e+01,1.53814147473646285e-03,-1.20649212063769773e-04,-1.20649192555144115e-04,-7.38381680218423788e-09,-7.38381560824259930e-09,-3.69190780412129924e-09,-1.10757246063055375e-08,-1.10757234123638989e-08
2.55050000000000026e+01,2.55050000000000026e+01,1.53726714101862618e-03,-1.20546354789211052e-04,-1.20546335308263164e-04,-7.37332822156612354e-09,-7.37332702999609945e-09,-3.68666351499805014e-09,-1.10599917365641741e-08,-1.10599905449941500e-08
2.55122500000000016e+01,2.55122500000000016e+01,1.53639355259201928e-03,-1.20443614400181365e-04,-1.20443594946899565e-04,-7.36285751447871754e-09,-7.36285632527709187e-09,-3.68142816263854511e-09,-1.10442856771172622e-08,-1.10442844879156366e-08
2.55195000000000007e+01,2.55195000000000007e+01,1.53552070860982367e-03,-1.20340990730688491e-04,-1.20340971305066600e-04,-7.35240464539722152e-09,-7.35240345856111733e-09,-3.67620172928055908e-09,-1.10286063746777806e-08,-1.10286051878416764e-08
2.55267499999999998e+01,2.55267499999999998e+01,1.53464860822642452e-03,-1.20238483615087155e-04,-1.20238464217060499e-04,-7.34196957888143284e-09,-7.34196839440440557e-09,-3.67098419720220237e-09,-1.10129537760836352e-08,-1.10129525916066071e-08
2.55340000000000025e+01,2.55340000000000025e+01,1.53377725059740465e-03,-1.20136092888023516e-04,-1.20136073517459430e-04,-7.33155227957215634e-09,-7.33155109744362305e-09,-3.66577554872181070e-09,-1.09973278282939670e-08,-1.09973266461654337e-08
2.55412500000000016e+01,2.55412500000000016e+01,1.53290663487954792e-03,-1.20033818384199242e-04,-1.20033799041123504e-04,-7.32115271217666826e-09,-7.32115153239572566e-09,-3.66057576619786283e-09,-1.09817284783745307e-08,-1.09817272985935889e-08
2.55485000000000007e+01,2.55485000000000007e+01,1.53203676023083387e-03,-1.19931659938829482e-04,-1.19931640623193830e-04,-7.31077084149647726e-09,-7.31076966405770979e-09,-3.65538483202885448e-09,-1.09661556735253322e-08,-1.09661544960865639e-08
2.55557499999999997e+01,2.55557499999999997e+01,1.53116762581043510e-03,-1.19829617387365306e-04,-1.19829598099091989e-04,-7.30040663241021085e-09,-7.30040545730641378e-09,-3.65020272865320731e-09,-1.09506093610634186e-08,-1.09506081859596207e-08
2.55630000000000024e+01,2.55630000000000024e+01,1.53029923077871704e-03,-1.19727690565438194e-04,-1.19727671304519569e-04,-7.29006004987008256e-09,-7.29005887709833098e-09,-3.64502943854916591e-09,-1.09350894884192485e-08,-1.09350883156474961e-08
2.55702500000000015e+01,2.55702500000000015e+01,1.52943157429723600e-03,-1.19625879309082084e-04,-1.19625860075457679e-04,-7.27973105891524260e-09,-7.27972988846940130e-09,-3.63986494423470107e-09,-1.09195960031499432e-08,-1.09195948327041020e-08
2.55775000000000006e+01,2.55775000000000006e+01,1.52856465552873573e-03,-1.19524183454525201e-04,-1.19524164248166218e-04,-7.26941962465892923e-09,-7.26941845653479863e-09,-3.63470922826739931e-09,-1.09041288529263285e-08,-1.09041276848021979e-08
2.55847499999999997e+01,2.55847499999999997e+01,1.52769847363714542e-03,-1.19422602838384351e-04,-1.19422583659183331e-04,-7.25912571230012712e-09,-7.25912454648873147e-09,-3.62956227324436574e-09,-1.08886879855444933e-08,-1.08886868197330968e-08
2.55920000000000023e+01,2.55920000000000023e+01,1.52683302778757889e-03,-1.19321137297345725e-04,-1.19321118145325003e-04,-7.24884928710398048e-09,-7.24884812360424446e-09,-3.62442406180212223e-09,-1.08732733489061027e-08,-1.08732721854063667e-08
2.55992500000000014e+01,2.55992500000000014e+01,1.52596831714633366e-03,-1.19219786668608996e-04,-1.19219767543684573e-04,-7.23859031442864751e-09,-7.23858915323303879e-09,-3.61929457661651981e-09,-1.08578848910451677e-08,-1.08578837298495582e-08
2.56065000000000005e+01,2.56065000000000005e+01,1.52510434088088428e-03,-1.19118550789498734e-04,-1.19118531691631756e-04,-7.22834875970148419e-09,-7.22834760080522333e-09,-3.61417380040261208e-09,-1.08425225601040963e-08,-1.08425214012078354e-08
2.56137499999999996e+01,2.56137499999999996e+01,1.52424109815988600e-03,-1.19017429497658700e-04,-1.19017410426812628e-04,-7.21812458843070837e-09,-7.21812343182916234e-09,-3.60906171591458158e-09,-1.08271863043452904e-08,-1.08271851477437443e-08
2.56210000000000022e+01,2.56210000000000022e+01,1.52337858815316781e-03,-1.18916422631024088e-04,-1.18916403587148643e-04,-7.20791776620352953e-09,-7.20791661189123976e-09,-3.60395830594561988e-09,-1.08118760721491494e-08,-1.08118749178368588e-08
2.56282500000000013e+01,2.56282500000000013e+01,1.52251681003173593e-03,-1.18815530027779892e-04,-1.18815511010836544e-04,-7.19772825868347694e-09,-7.19772710665570369e-09,-3.59886355332785184e-09,-1.07965918120113288e-08,-1.07965906599835555e-08
2.56355000000000004e+01,2.56355000000000004e+01,1.52165576296776515e-03,-1.18714751526444173e-04,-1.18714732536347257e-04,-7.18755603161525940e-09,-7.18755488186441659e-09,-3.59377744093220871e-09,-1.07813334725474681e-08,-1.07813323227966253e-08
2.56427499999999995e+01,2.56427499999999995e+01,1.52079544613460270e-03,-1.18614086965687648e-04,-1.18614068002425847e-04,-7.17740105081368679e-09,-7.17739990333669896e-09,-3.58869995166834948e-09,-1.07661010024820359e-08,-1.07660998550050480e-08
2.56500000000000021e+01,2.56500000000000021e+01,1.51993585870676242e-03,-1.18513536184611246e-04,-1.18513517248090627e-04,-7.16726328218030215e-09,-7.16726213696910264e-09,-3.58363106848455091e-09,-1.07508943506648531e-08,-1.07508932054536535e-08
2.56572500000000012e+01,2.56572500000000012e+01,1.51907699985992582e-03,-1.18413099022385282e-04,-1.18413080112632937e-04,-7.15714269168140274e-09,-7.15714154873525122e-09,-3.57857077436762520e-09,-1.07357134660490275e-08,-1.07357123231028768e-08
2.56645000000000003e+01,2.56645000000000003e+01,1.51821886877093800e-03,-1.18312775318638042e-04,-1.18312756435616349e-04,-7.14703924537135985e-09,-7.14703810468560757e-09,-3.57351905234280378e-09,-1.07205582977141628e-08,-1.07205571570284122e-08
2.56717500000000030e+01,2.56717500000000030e+01,1.51736146461780522e-03,-1.18212564913275364e-04,-1.18212546056876148e-04,-7.13695290938154372e-09,-7.13695177094728856e-09,-3.56847588547364428e-09,-1.07054287948551880e-08,-1.07054276564209337e-08
2.56790000000000020e+01,2.56790000000000020e+01,1.51650478657969537e-03,-1.18112467646286357e-04,-1.18112448816518967e-04,-7.12688364990844685e-09,-7.12688251372389300e-09,-3.56344125686194567e-09,-1.06903249067703917e-08,-1.06903237705858387e-08
2.56862500000000011e+01,2.56862500000000011e+01,1.51564883383693426e-03,-1.18012483358159725e-04,-1.18012464554922126e-04,-7.11683143323863676e-09,-7.11683029929527253e-09,-3.55841514964763668e-09,-1.06752465828862739e-08,-1.06752454489429088e-08
2.56935000000000002e+01,2.56935000000000002e+01,1.51479360557100215e-03,-1.17912611889467445e-04,-1.17912593112732964e-04,-7.10679622572348726e-09,-7.10679509401735707e-09,-3.55339754700867895e-09,-1.06601937727321662e-08,-1.06601926410260368e-08
2.57007500000000029e+01,2.57007500000000029e+01,1.51393910096453660e-03,-1.17812853081100677e-04,-1.17812834330868665e-04,-7.09677799379324630e-09,-7.09677686432196705e-09,-3.54838843216098394e-09,-1.06451664259542298e-08,-1.06451652964829506e-08
2.57080000000000020e+01,2.57080000000000020e+01,1.51308531920132591e-03,-1.17713206774325285e-04,-1.17713188050515470e-04,-7.08677670396021816e-09,-7.08677557671661571e-09,-3.54338778835830785e-09,-1.06301644923185256e-08,-1.06301633650749231e-08
2.57152500000000011e+01,2.57152500000000011e+01,1.51223225946630897e-03,-1.17613672810559788e-04,-1.17613654113128124e-04,-7.07679232280521174e-09,-7.07679119778430480e-09,-3.53839559889215240e-09,-1.06151879216973641e-08,-1.06151867966764572e-08
2.57225000000000001e+01,2.57225000000000001e+01,1.51137992094557303e-03,-1.17514251031514139e-04,-1.17514232360429427e-04,-7.06682481698576271e-09,-7.06682369418334839e-09,-3.53341184709167378e-09,-1.06002366640774369e-08,-1.06002355412750218e-08
2.57297500000000028e+01,2.57297500000000028e+01,1.51052830282635158e-03,-1.17414941279231355e-04,-1.17414922634409693e-04,-7.05687415323845794e-09,-7.05687303264717184e-09,-3.52843651632358592e-09,-1.05853106695620430e-08,-1.05853095489707578e-08
2.57370000000000019e+01,2.57370000000000019e+01,1.50967740429702410e-03,-1.17315743395893235e-04,-1.17315724777326342e-04,-7.04694029836711007e-09,-7.04693917998414226e-09,-3.52346958999207030e-09,-1.05704098883591812e-08,-1.05704087699762117e-08
2.57442500000000010e+01,2.57442500000000010e+01,1.50882722454711128e-03,-1.17216657224084031e-04,-1.17216638631703100e-04,-7.03702321925843510e-09,-7.03702210307734516e-09,-3.51851105153867175e-09,-1.05555342707971073e-08,-1.05555331546160165e-08
2.57515000000000001e+01,2.57515000000000001e+01,1.50797776276727510e-03,-1.17117682606568407e-04,-1.17117664040329692e-04,-7.02712288286856107e-09,-7.02712176888442147e-09,-3.51356088444221074e-09,-1.05406837673107718e-08,-1.05406826533266330e-08
2.57587500000000027e+01,2.57587500000000027e+01,1.50712901814931588e-03,-1.17018819386360828e-04,-1.17018800846261224e-04,-7.01723925622703656e-09,-7.01723814443736577e-09,-3.50861907221868330e-09,-1.05258583284457194e-08,-1.05258572166560495e-08
2.57660000000000018e+01,2.57660000000000018e+01,1.50628098988617263e-03,-1.16920067406850459e-04,-1.16920048892817866e-04,-7.00737230644417690e-09,-7.00737119684235913e-09,-3.50368559842117998e-09,-1.05110579048653565e-08,-1.05110567952635395e-08
2.57732500000000009e+01,2.57732500000000009e+01,1.50543367717191666e-03,-1.16821426511620752e-04,-1.16821408023583885e-04,-6.99752200070006018e-09,-6.99752089327954167e-09,-3.49876044663977083e-09,-1.04962824473398318e-08,-1.04962813399193117e-08
2.57805000000000000e+01,2.57805000000000000e+01,1.50458707920175447e-03,-1.16722896544421695e-04,-1.16722878082407591e-04,-6.98768830624274135e-09,-6.98768720100286201e-09,-3.49384360050143101e-09,-1.04815319067441728e-08,-1.04815308015042926e-08
2.57877500000000026e+01,2.57877500000000026e+01,1.50374119517202227e-03,-1.16624477349475120e-04,-1.16624458913400513e-04,-6.97787119040637082e-09,-6.97787008733987297e-09,-3.48893504366993649e-09,-1.04668062340763073e-08,-1.04668051310098095e-08
2.57950000000000017e+01,2.57950000000000017e+01,1.50289602428018690e-03,-1.16526168771113880e-04,-1.16526150360937136e-04,-6.96807062058943544e-09,-6.96806951969155949e-09,-3.48403475984577974e-09,-1.04521053804352152e-08,-1.04521042795373401e-08
2.58022500000000008e+01,2.58022500000000008e+01,1.50205156572484123e-03,-1.16427970653990021e-04,-1.16427952269654097e-04,-6.95828656426705622e-09,-6.95828546553213101e-09,-3.47914273276606509e-09,-1.04374292970331205e-08,-1.04374281982981953e-08
2.58094999999999999e+01,2.58094999999999999e+01,1.50120781870570420e-03,-1.16329882842991505e-04,-1.16329864484449849e-04,-6.94851898898586639e-09,-6.94851789240885440e-09,-3.47425894620442678e-09,-1.04227779351902936e-08,-1.04227768386132808e-08
2.58167500000000025e+01,2.58167500000000025e+01,1.50036478242361756e-03,-1.16231905183269979e-04,-1.16231886850484074e-04,-6.93876786236550618e-09,-6.93876676794185790e-09,-3.46938338397092895e-09,-1.04081512463364360e-08,-1.04081501519127860e-08
2.58240000000000016e+01,2.58240000000000016e+01,1.49952245608054647e-03,-1.16134037520213007e-04,-1.16134019213177378e-04,-6.92903315209682694e-09,-6.92903205982397150e-09,-3.46451602991198575e-09,-1.03935491820088123e-08,-1.03935480897359577e-08
2.58312500000000007e+01,2.58312500000000007e+01,1.49868083887957459e-03,-1.16036279699582856e-04,-1.16036261418210468e-04,-6.91931482595000334e-09,-6.91931373582050853e-09,-3.45965686791025426e-09,-1.03789716938602576e-08,-1.03789706037307636e-08
2.58384999999999998e+01,2.58384999999999998e+01,1.49783993002490273e-03,-1.15938631567266692e-04,-1.15938613311523719e-04,-6.90961285175948282e-09,-6.90961176376909940e-09,-3.45480588188455012e-09,-1.03644187336440333e-08,-1.03644176456536499e-08
2.58457500000000024e+01,2.58457500000000024e+01,1.49699972872184887e-03,-1.15841092969484749e-04,-1.15841074739316804e-04,-6.89992719743625265e-09,-6.89992611157951215e-09,-3.44996305578975649e-09,-1.03498902532260100e-08,-1.03498891673692678e-08
2.58530000000000015e+01,2.58530000000000015e+01,1.49616023417684508e-03,-1.15743663752679304e-04,-1.15743645548048197e-04,-6.89025783096106786e-09,-6.89025674723347619e-09,-3.44512837361673809e-09,-1.03353862045778064e-08,-1.03353851208502139e-08
2.58602500000000006e+01,2.58602500000000006e+01,1.49532144559743523e-03,-1.15646343763528558e-04,-1.15646325584434424e-04,-6.88060472038513357e-09,-6.88060363878448134e-09,-3.44030181939223984e-09,-1.03209065397773738e-08,-1.03209054581767208e-08
2.58674999999999997e+01,2.58674999999999997e+01,1.49448336219227423e-03,-1.15549132849057656e-04,-1.15549114695449835e-04,-6.87096783383654966e-09,-6.87096675435760991e-09,-3.43548337717880454e-09,-1.03064512110153538e-08,-1.03064501315364140e-08
2.58747500000000024e+01,2.58747500000000024e+01,1.49364598317112355e-03,-1.15452030856555421e-04,-1.15452012728325750e-04,-6.86134713951521030e-09,-6.86134606214934808e-09,-3.43067303107467363e-09,-1.02920201705898848e-08,-1.02920190932240225e-08
2.58820000000000014e+01,2.58820000000000014e+01,1.49280930774485423e-03,-1.15355037633393942e-04,-1.15355019530550513e-04,-6.85174260568193233e-09,-6.85174153042742961e-09,-3.42587076521371563e-09,-1.02776133708956471e-08,-1.02776122956411452e-08
2.58892500000000005e+01,2.58892500000000005e+01,1.49197333512543951e-03,-1.15258153027389398e-04,-1.15258134949868337e-04,-6.84215420067975189e-09,-6.84215312753062235e-09,-3.42107656376531117e-09,-1.02632307644450622e-08,-1.02632296912959335e-08
2.58964999999999996e+01,2.58964999999999996e+01,1.49113806452595720e-03,-1.15161376886496747e-04,-1.15161358834279325e-04,-6.83258189291562879e-09,-6.83258082186857115e-09,-3.41629041093428516e-09,-1.02488723038499139e-08,-1.02488712328028563e-08
2.59037500000000023e+01,2.59037500000000023e+01,1.49030349516058517e-03,-1.15064709059031767e-04,-1.15064691032038606e-04,-6.82302565087348455e-09,-6.82302458192160758e-09,-3.41151229096080420e-09,-1.02345379418342892e-08,-1.02345368728824122e-08
2.59110000000000014e+01,2.59110000000000014e+01,1.48946962624460109e-03,-1.14968149393421259e-04,-1.14968131391656128e-04,-6.81348544309924285e-09,-6.81348437624059274e-09,-3.40674218812029637e-09,-1.02202276312195396e-08,-1.02202265643608895e-08
2.59182500000000005e+01,2.59182500000000005e+01,1.48863645699438070e-03,-1.14871697738494483e-04,-1.14871679761896015e-04,-6.80396123821795051e-09,-6.80396017344671880e-09,-3.40198008672335940e-09,-1.02059413249413103e-08,-1.02059402601700786e-08
2.59254999999999995e+01,2.59254999999999995e+01,1.48780398662739306e-03,-1.14775353943261105e-04,-1.14775335991775904e-04,-6.79445300492047061e-09,-6.79445194223132694e-09,-3.39722597111566347e-09,-1.01916789760361341e-08,-1.01916779133469904e-08
2.59327500000000022e+01,2.59327500000000022e+01,1.48697221436220315e-03,-1.14679117856980595e-04,-1.14679099930566796e-04,-6.78496071196744967e-09,-6.78495965135575688e-09,-3.39247982567787844e-09,-1.01774405376453277e-08,-1.01774394770336349e-08
2.59400000000000013e+01,2.59400000000000013e+01,1.48614113941846664e-03,-1.14582989329189977e-04,-1.14582971427792328e-04,-6.77548432819081901e-09,-6.77548326965115327e-09,-3.38774163482557663e-09,-1.01632259630163965e-08,-1.01632249044767299e-08
2.59472500000000004e+01,2.59472500000000004e+01,1.48531076101693013e-03,-1.14486968209578932e-04,-1.14486950333228386e-04,-6.76602382248625493e-09,-6.76602276601829530e-09,-3.38301138300914806e-09,-1.01490352054954026e-08,-1.01490341490274429e-08
2.59545000000000030e+01,2.59545000000000030e+01,1.48448107837942747e-03,-1.14391054348322863e-04,-1.14391036496902447e-04,-6.75657916383272423e-09,-6.75657810942741308e-09,-3.37828905471370654e-09,-1.01348682185464304e-08,-1.01348671641411200e-08
2.59617500000000021e+01,2.59617500000000021e+01,1.48365209072887929e-03,-1.14295247595611049e-04,-1.14295229769093308e-04,-6.74715032126445019e-09,-6.74714926891802797e-09,-3.37357463445901440e-09,-1.01207249557234638e-08,-1.01207239033770424e-08
2.59690000000000012e+01,2.59690000000000012e+01,1.48282379728929131e-03,-1.14199547801965839e-04,-1.14199530000330484e-04,-6.73773726388963416e-09,-6.73773621359876900e-09,-3.36886810679938491e-09,-1.01066053706890195e-08,-1.01066043203981535e-08
2.59762500000000003e+01,2.59762500000000003e+01,1.48199619728575107e-03,-1.14103954818187137e-04,-1.14103937041393658e-04,-6.72833996088702442e-09,-6.72833891264719660e-09,-3.36416945632359871e-09,-1.00925094172106231e-08,-1.00925083689707961e-08
2.59835000000000029e+01,2.59835000000000029e+01,1.48116928994442725e-03,-1.14008468495338522e-04,-1.14008450743312260e-04,-6.71895838150495167e-09,-6.71895733530963640e-09,-3.35947866765481861e-09,-1.00784370491597703e-08,-1.00784360029644558e-08
2.59907500000000020e+01,2.59907500000000020e+01,1.48034307449256865e-03,-1.13913088684622354e-04,-1.13913070957365097e-04,-6.70959249505382737e-09,-6.70959145090101210e-09,-3.35479572545050564e-09,-1.00643882205043330e-08,-1.00643871763515177e-08
2.59980000000000011e+01,2.59980000000000011e+01,1.47951755015850043e-03,-1.13817815237629572e-04,-1.13817797535079656e-04,-6.70024227092071695e-09,-6.70024122880465610e-09,-3.35012061440232763e-09,-1.00503628853230454e-08,-1.00503618432069837e-08
2.60052500000000002e+01,2.60052500000000002e+01,1.47869271617162307e-03,-1.13722648006131521e-04,-1.13722630328231647e-04,-6.69090767855693546e-09,-6.69090663847214895e-09,-3.34545331923607447e-09,-1.00363609977930099e-08,-1.00363599577082242e-08
2.60125000000000028e+01,2.60125000000000028e+01,1.47786857176241109e-03,-1.13627586842163231e-04,-1.13627569188844672e-04,-6.68158868748280217e-09,-6.68158764942314736e-09,-3.34079382471157285e-09,-1.00223825121943758e-08,-1.00223814741347202e-08
2.60197500000000019e+01,2.60197500000000019e+01,1.47704511616241168e-03,-1.13532631597912381e-04,-1.13532613969189681e-04,-6.67228526728098510e-09,-6.67228423124522039e-09,-3.33614211562260978e-09,-1.00084273829035945e-08,-1.00084263468678298e-08
2.60270000000000010e+01,2.60270000000000010e+01,1.47622234860424152e-03,-1.13437782125927478e-04,-1.13437764521784413e-04,-6.66299738760858528e-09,-6.66299635359366500e-09,-3.33149817679683291e-09,-9.99449556440541820e-09,-9.99449453039049708e-09
2.60342500000000001e+01,2.60342500000000001e+01,1.47540026832158585e-03,-1.13343038279062336e-04,-1.13343020699392980e-04,-6.65372501819373293e-09,-6.65372398619134804e-09,-3.32686199309567402e-09,-9.98058701128940654e-09,-9.98058597928702247e-09
2.60415000000000028e+01,2.60415000000000028e+01,1.47457887454919482e-03,-1.13248399910240161e-04,-1.13248382355025229e-04,-6.64446812882157829e-09,-6.64446709882851685e-09,-3.32223354941425842e-09,-9.96670167823583754e-09,-9.96670064824277444e-09
2.60487500000000018e+01,2.60487500000000018e+01,1.47375816652288720e-03,-1.13153866872717224e-04,-1.13153849341936726e-04,-6.63522668934966315e-09,-6.63522566136267682e-09,-3.31761283068133758e-09,-9.95283952003100073e-09,-9.95283849204401440e-09
2.60560000000000009e+01,2.60560000000000009e+01,1.47293814347954077e-03,-1.13059439020041230e-04,-1.13059421513627621e-04,-6.62600066970530445e-09,-6.62599964371836061e-09,-3.31299982185918072e-09,-9.93900049156448559e-09,-9.93899946557754092e-09
2.60632500000000000e+01,2.60632500000000000e+01,1.47211880465709672e-03,-1.12965116205926419e-04,-1.12965098723842713e-04,-6.61679003987814806e-09,-6.61678901588701484e-09,-3.30839450794350701e-09,-9.92518454782165589e-09,-9.92518352383052267e-09
2.60705000000000027e+01,2.60705000000000027e+01,1.47130014929455440e-03,-1.12870898284350707e-04,-1.12870880826570585e-04,-6.60759476992571409e-09,-6.60759374792678914e-09,-3.30379687396339457e-09,-9.91139164388910908e-09,-9.91139062189018412e-09
2.60777500000000018e+01,2.60777500000000018e+01,1.47048217663197354e-03,-1.12776785109541811e-04,-1.12776767676043630e-04,-6.59841482997245734e-09,-6.59841380996241868e-09,-3.29920690498121058e-09,-9.89762173495366875e-09,-9.89762071494363009e-09
2.60850000000000009e+01,2.60850000000000009e+01,1.46966488591046616e-03,-1.12682776536074392e-04,-1.12682759126736911e-04,-6.58925019021530187e-09,-6.58924917218500585e-09,-3.29462458609250293e-09,-9.88387477630780438e-09,-9.88387375827750836e-09
2.60922499999999999e+01,2.60922499999999999e+01,1.46884827637220054e-03,-1.12588872418536989e-04,-1.12588855033368191e-04,-6.58010082090400955e-09,-6.58009980485188123e-09,-3.29004990242594103e-09,-9.87015072332995099e-09,-9.87014970727782267e-09
2.60995000000000026e+01,2.60995000000000026e+01,1.46803234726039706e-03,-1.12495072611906721e-04,-1.12495055250897295e-04,-6.57096669236298705e-09,-6.57096567828644066e-09,-3.28548283914321992e-09,-9.85644953150620614e-09,-9.85644851742965975e-09
2.61067500000000017e+01,2.61067500000000017e+01,1.46721709781932777e-03,-1.12401376971438260e-04,-1.12401359634525756e-04,-6.56184777498462618e-09,-6.56184676287797981e-09,-3.28092338143898991e-09,-9.84277115642361650e-09,-9.84277014431696930e-09
2.61140000000000008e+01,2.61140000000000008e+01,1.46640252729431141e-03,-1.12307785352566691e-04,-1.12307768039696058e-04,-6.55274403922350122e-09,-6.55274302908151055e-09,-3.27637151454075445e-09,-9.82911555376425526e-09,-9.82911454362226458e-09
2.61212499999999999e+01,2.61212499999999999e+01,1.46558863493171580e-03,-1.12214297610935265e-04,-1.12214280322091460e-04,-6.54365545559785372e-09,-6.54365444741761700e-09,-3.27182722370880850e-09,-9.81548267930666305e-09,-9.81548167112642550e-09
2.61285000000000025e+01,2.61285000000000025e+01,1.46477541997895263e-03,-1.12120913602534178e-04,-1.12120896337635344e-04,-6.53458199469755659e-09,-6.53458098847228184e-09,-3.26729049423614133e-09,-9.80187248893369793e-09,-9.80187148270842234e-09
2.61357500000000016e+01,2.61357500000000016e+01,1.46396288168447876e-03,-1.12027633183436892e-04,-1.12027615942490930e-04,-6.52552362716860363e-09,-6.52552262289673740e-09,-3.26276131144836870e-09,-9.78828493861697275e-09,-9.78828393434510569e-09
2.61430000000000007e+01,2.61430000000000007e+01,1.46315101929779296e-03,-1.11934456210105449e-04,-1.11934438993060696e-04,-6.51648032373075992e-09,-6.51647932140728288e-09,-3.25823966070364186e-09,-9.77471998443440137e-09,-9.77471898211092515e-09
2.61502499999999998e+01,2.61502499999999998e+01,1.46233983206943245e-03,-1.11841382539196177e-04,-1.11841365345985793e-04,-6.50745205516611364e-09,-6.50745105478512965e-09,-3.25372552739256482e-09,-9.76117758255867929e-09,-9.76117658217769447e-09
2.61575000000000024e+01,2.61575000000000024e+01,1.46152931925097444e-03,-1.11748412027545818e-04,-1.11748394858145788e-04,-6.49843879231812562e-09,-6.49843779387624076e-09,-3.24921889693812079e-09,-9.74765768925624642e-09,-9.74765669081436155e-09
2.61647500000000015e+01,2.61647500000000015e+01,1.46071948009503282e-03,-1.11655544532268669e-04,-1.11655527386658217e-04,-6.48944050609717397e-09,-6.48943950959118373e-09,-3.24471975479559187e-09,-9.73416026089276625e-09,-9.73415926438677519e-09
2.61720000000000006e+01,2.61720000000000006e+01,1.45991031385525670e-03,-1.11562779910742704e-04,-1.11562762788877933e-04,-6.48045716747957797e-09,-6.48045617290494196e-09,-3.24022808645247057e-09,-9.72068525393204895e-09,-9.72068425935741212e-09
2.61792499999999997e+01,2.61792499999999997e+01,1.45910181978632734e-03,-1.11470118020609577e-04,-1.11470100922396730e-04,-6.47148874750748062e-09,-6.47148775485676828e-09,-3.23574387742838373e-09,-9.70723262493586434e-09,-9.70723163228515201e-09
2.61865000000000023e+01,2.61865000000000023e+01,1.45829399714395773e-03,-1.11377558719566450e-04,-1.11377541645042878e-04,-6.46253521727662209e-09,-6.46253422655002368e-09,-3.23126711327501184e-09,-9.69380233055163352e-09,-9.69380133982503593e-09
2.61937500000000014e+01,2.61937500000000014e+01,1.45748684518489345e-03,-1.11285101865782332e-04,-1.11285084814880911e-04,-6.45359654796039250e-09,-6.45359555915203751e-09,-3.22679777957601917e-09,-9.68039432753641208e-09,-9.68039333872805626e-09
2.62010000000000005e+01,2.62010000000000005e+01,1.45668036316690401e-03,-1.11192747317565011e-04,-1.11192730290210603e-04,-6.44467271079034100e-09,-6.44467172389390315e-09,-3.22233586194695075e-09,-9.66700857273729092e-09,-9.66700758584085390e-09
2.62082499999999996e+01,2.62082499999999996e+01,1.45587455034878891e-03,-1.11100494933374927e-04,-1.11100477929567141e-04,-6.43576367705686901e-09,-6.43576269207036060e-09,-3.21788134603518030e-09,-9.65364502309204973e-09,-9.65364403810554131e-09
2.62155000000000022e+01,2.62155000000000022e+01,1.45506940599036982e-03,-1.11008344572047224e-04,-1.11008327591720140e-04,-6.42686941812196961e-09,-6.42686843503961442e-09,-3.21343421751980638e-09,-9.64030363564177641e-09,-9.64030265255942121e-09
2.62227500000000013e+01,2.62227500000000013e+01,1.45426492935249430e-03,-1.10916296092472555e-04,-1.10916279135673729e-04,-6.41798990540060602e-09,-6.41798892422319981e-09,-3.20899446211159990e-09,-9.62698436751220593e-09,-9.62698338633479971e-09
2.62300000000000004e+01,2.62300000000000004e+01,1.45346111969702906e-03,-1.10824349354055052e-04,-1.10824332420665574e-04,-6.40912511038708714e-09,-6.40912413110579808e-09,-3.20456206555289904e-09,-9.61368717593998659e-09,-9.61368619665869671e-09
2.62372499999999995e+01,2.62372499999999995e+01,1.45265797628686059e-03,-1.10732504216212724e-04,-1.10732487306166661e-04,-6.40027500462601854e-09,-6.40027402723508948e-09,-3.20013701361754474e-09,-9.60041201824356328e-09,-9.60041104085263422e-09
2.62445000000000022e+01,2.62445000000000022e+01,1.45185549838589369e-03,-1.10640760538599503e-04,-1.10640743651880863e-04,-6.39143955972503122e-09,-6.39143858422160010e-09,-3.19571929211079964e-09,-9.58715885183583168e-09,-9.58715787633239974e-09
2.62517500000000013e+01,2.62517500000000013e+01,1.45105368525905078e-03,-1.10549118181132999e-04,-1.10549101317744587e-04,-6.38261874735626215e-09,-6.38261777373855468e-09,-3.19130888686927817e-09,-9.57392763422554115e-09,-9.57392666060783284e-09
2.62590000000000003e+01,2.62590000000000003e+01,1.45025253617226757e-03,-1.10457577004036134e-04,-1.10457560163926085e-04,-6.37381253925861423e-09,-6.37381156752170454e-09,-3.18690578376085227e-09,-9.56071832301946691e-09,-9.56071735128255722e-09
2.62662500000000030e+01,2.62662500000000030e+01,1.44945205039249199e-03,-1.10366136867712239e-04,-1.10366120050825055e-04,-6.36502090723040836e-09,-6.36501993736916711e-09,-3.18250996868458355e-09,-9.54753087591499192e-09,-9.54752990605375066e-09
2.62735000000000021e+01,2.62735000000000021e+01,1.44865222718768547e-03,-1.10274797632745059e-04,-1.10274780839072473e-04,-6.35624382312927432e-09,-6.35624285514130268e-09,-3.17812142757065175e-09,-9.53436525069992649e-09,-9.53436428271195484e-09
2.62807500000000012e+01,2.62807500000000012e+01,1.44785306582681733e-03,-1.10183559160093036e-04,-1.10183542389529773e-04,-6.34748125888321427e-09,-6.34748029276052911e-09,-3.17374014638026456e-09,-9.52122140526347841e-09,-9.52122043914079408e-09
2.62880000000000003e+01,2.62880000000000003e+01,1.44705456557986433e-03,-1.10092421310742372e-04,-1.10092404563288525e-04,-6.33873318647047578e-09,-6.33873222221117212e-09,-3.16936611110558606e-09,-9.50809929757606143e-09,-9.50809833331675859e-09
2.62952500000000029e+01,2.62952500000000029e+01,1.44625672571781130e-03,-1.10001383946026210e-04,-1.10001367221670165e-04,-6.32999957793782514e-09,-6.32999861553932713e-09,-3.16499930776966315e-09,-9.49499888570748829e-09,-9.49499792330899111e-09
2.63025000000000020e+01,2.63025000000000020e+01,1.44545954551264684e-03,-1.09910446927513616e-04,-1.09910430226225396e-04,-6.32128040539402165e-09,-6.32127944485269963e-09,-3.16063972242634981e-09,-9.48192012782037146e-09,-9.48191916727905027e-09
2.63097500000000011e+01,2.63097500000000011e+01,1.44466302423736244e-03,-1.09819610117023458e-04,-1.09819593438733728e-04,-6.31257564101047613e-09,-6.31257468232044470e-09,-3.15628734116022235e-09,-9.46886298217069890e-09,-9.46886202348066747e-09
2.63170000000000002e+01,2.63170000000000002e+01,1.44386716116595010e-03,-1.09728873376568892e-04,-1.09728856721203030e-04,-6.30388525701793884e-09,-6.30388430017301648e-09,-3.15194215008650824e-09,-9.45582740710444749e-09,-9.45582645025952514e-09
2.63242500000000028e+01,2.63242500000000028e+01,1.44307195557340185e-03,-1.09638236568343483e-04,-1.09638219935869141e-04,-6.29520922570557884e-09,-6.29520827070202174e-09,-3.14760413535101046e-09,-9.44281336105658888e-09,-9.44281240605303178e-09
2.63315000000000019e+01,2.63315000000000019e+01,1.44227740673570897e-03,-1.09547699554762845e-04,-1.09547682945195594e-04,-6.28654751942325792e-09,-6.28654656626007677e-09,-3.14327328313003838e-09,-9.42982080255329630e-09,-9.42981984939011515e-09
2.63387500000000010e+01,2.63387500000000010e+01,1.44148351392985800e-03,-1.09457262198575656e-04,-1.09457245611872846e-04,-6.27790011058776836e-09,-6.27789915926063535e-09,-3.13894957963031809e-09,-9.41684969021808727e-09,-9.41684873889095261e-09
2.63460000000000001e+01,2.63460000000000001e+01,1.44069027643382993e-03,-1.09366924362724882e-04,-1.09366907798818033e-04,-6.26926697167473732e-09,-6.26926602217785143e-09,-3.13463301108892571e-09,-9.40389998276366262e-09,-9.40389903326677755e-09
2.63532500000000027e+01,2.63532500000000027e+01,1.43989769352659822e-03,-1.09276685910306148e-04,-1.09276669369174430e-04,-6.26064807521612047e-09,-6.26064712754641782e-09,-3.13032356377320932e-09,-9.39097163898932897e-09,-9.39097069131962632e-09
2.63605000000000018e+01,2.63605000000000018e+01,1.43910576448813055e-03,-1.09186546704692633e-04,-1.09186530186311366e-04,-6.25204339380725041e-09,-6.25204244796145206e-09,-3.12602122398072603e-09,-9.37806461778797685e-09,-9.37806367194217767e-09
2.63677500000000009e+01,2.63677500000000009e+01,1.43831448859938035e-03,-1.09096506609521193e-04,-1.09096490113823157e-04,-6.24345290010588954e-09,-6.24345195607828546e-09,-3.12172597803914232e-09,-9.36517887814503185e-09,-9.36517793411742860e-09
2.63750000000000000e+01,2.63750000000000000e+01,1.43752386514229267e-03,-1.09006565488567464e-04,-1.09006549015529307e-04,-6.23487656682497486e-09,-6.23487562461237379e-09,-3.11743781230618648e-09,-9.35231437913116051e-09,-9.35231343691856027e-09
2.63822500000000026e+01,2.63822500000000026e+01,1.43673389339979592e-03,-1.08916723205884636e-04,-1.08916706755473534e-04,-6.22631436674042904e-09,-6.22631342633910288e-09,-3.11315671316955144e-09,-9.33947107990998131e-09,-9.33947013950865514e-09
2.63895000000000017e+01,2.63895000000000017e+01,1.43594457265580708e-03,-1.08826979625775699e-04,-1.08826963197923945e-04,-6.21776627268945560e-09,-6.21776533409368687e-09,-3.10888266704684385e-09,-9.32664893973629945e-09,-9.32664800114053155e-09
2.63967500000000008e+01,2.63967500000000008e+01,1.43515590219522242e-03,-1.08737334612668546e-04,-1.08737318207371923e-04,-6.20923225756326468e-09,-6.20923132077097220e-09,-3.10461566038548610e-09,-9.31384791794874996e-09,-9.31384698115645913e-09
2.64039999999999999e+01,2.64039999999999999e+01,1.43436788130392348e-03,-1.08647788031296377e-04,-1.08647771648532308e-04,-6.20071229431727053e-09,-6.20071135932532589e-09,-3.10035567966266295e-09,-9.30106797397993389e-09,-9.30106703898798843e-09
2.64112500000000026e+01,2.64112500000000026e+01,1.43358050926876849e-03,-1.08558339746669952e-04,-1.08558323386342444e-04,-6.19220635596936764e-09,-6.19220542277046106e-09,-3.09610271138523012e-09,-9.28830906735459694e-09,-9.28830813415569118e-09
2.64185000000000016e+01,2.64185000000000016e+01,1.43279378537759664e-03,-1.08468989623800027e-04,-1.08468973285962233e-04,-6.18371441558399102e-09,-6.18371348417932522e-09,-3.09185674208966220e-09,-9.27557115767365322e-09,-9.27557022626898824e-09
2.64257500000000007e+01,2.64257500000000007e+01,1.43200770891922357e-03,-1.08379737528210840e-04,-1.08379721212773408e-04,-6.17523644630126435e-09,-6.17523551668391912e-09,-3.08761775834196039e-09,-9.26285420464322432e-09,-9.26285327502587993e-09
2.64329999999999998e+01,2.64329999999999998e+01,1.43122227918343766e-03,-1.08290583325496015e-04,-1.08290567032379040e-04,-6.16677242131156251e-09,-6.16677149347516775e-09,-3.08338574673758470e-09,-9.25015816804914721e-09,-9.25015724021275245e-09
2.64402500000000025e+01,2.64402500000000025e+01,1.43043749546100350e-03,-1.08201526881387955e-04,-1.08201510610603403e-04,-6.15832231385934974e-09,-6.15832138780277304e-09,-3.07916069390138693e-09,-9.23748300776073626e-09,-9.23748208170415956e-09
2.64475000000000016e+01,2.64475000000000016e+01,1.42965335704365757e-03,-1.08112568061979886e-04,-1.08112551813491450e-04,-6.14988609725571556e-09,-6.14988517297507991e-09,-3.07494258648753913e-09,-9.22482868374325552e-09,-9.22482775946261904e-09
2.64547500000000007e+01,2.64547500000000007e+01,1.42886986322410497e-03,-1.08023706733545444e-04,-1.08023690507308130e-04,-6.14146374486795968e-09,-6.14146282235889924e-09,-3.07073141117944962e-09,-9.21219515604741013e-09,-9.21219423353834803e-09
2.64619999999999997e+01,2.64619999999999997e+01,1.42808701329602138e-03,-1.07934942762524799e-04,-1.07934926558538391e-04,-6.13305523011870534e-09,-6.13305430937940609e-09,-3.06652715468970305e-09,-9.19958238480840839e-09,-9.19958146406910914e-09
2.64692500000000024e+01,2.64692500000000024e+01,1.42730480655404806e-03,-1.07846276015718945e-04,-1.07846259833886338e-04,-6.12466052649680977e-09,-6.12465960751995613e-09,-3.06232980375997806e-09,-9.18699033025678784e-09,-9.18698941127993419e-09
2.64765000000000015e+01,2.64765000000000015e+01,1.42652324229379339e-03,-1.07757706359984384e-04,-1.07757690200275207e-04,-6.11627960753990491e-09,-6.11627869032198135e-09,-3.05813934516099067e-09,-9.17441895270089558e-09,-9.17441803548297202e-09
2.64837500000000006e+01,2.64837500000000006e+01,1.42574231981182852e-03,-1.07669233662455177e-04,-1.07669217524846634e-04,-6.10791244684688616e-09,-6.10791153138481061e-09,-3.05395576569240448e-09,-9.16186821253929105e-09,-9.16186729707721551e-09
2.64909999999999997e+01,2.64909999999999997e+01,1.42496203840568802e-03,-1.07580857790487427e-04,-1.07580841674960410e-04,-6.09955901807464505e-09,-6.09955810436555052e-09,-3.04977905218277526e-09,-9.14933807025742073e-09,-9.14933715654832619e-09
2.64982500000000023e+01,2.64982500000000023e+01,1.42418239737386620e-03,-1.07492578611687040e-04,-1.07492562518193924e-04,-6.09121929493952342e-09,-6.09121838297892989e-09,-3.04560919148946494e-09,-9.13682848642898795e-09,-9.13682757446839442e-09
2.65055000000000014e+01,2.65055000000000014e+01,1.42340339601581840e-03,-1.07404395993812574e-04,-1.07404379922342030e-04,-6.08289325121168857e-09,-6.08289234099717817e-09,-3.04144617049858909e-09,-9.12433942171027683e-09,-9.12433851149576726e-09
2.65127500000000005e+01,2.65127500000000005e+01,1.42262503363195622e-03,-1.07316309804941779e-04,-1.07316293755416260e-04,-6.07458086072444895e-09,-6.07457995224985921e-09,-3.03728997612492919e-09,-9.11187083684937855e-09,-9.11186992837478881e-09
2.65199999999999996e+01,2.65199999999999996e+01,1.42184730952364690e-03,-1.07228319913249548e-04,-1.07228303885644564e-04,-6.06628209736155618e-09,-6.06628119062373470e-09,-3.03314059531186777e-09,-9.09942269267342477e-09,-9.09942178593560330e-09
2.65272500000000022e+01,2.65272500000000022e+01,1.42107022299321393e-03,-1.07140426187174453e-04,-1.07140410181471045e-04,-6.05799693506653062e-09,-6.05799603006264266e-09,-3.02899801503132133e-09,-9.08699495009785195e-09,-9.08699404509396482e-09
2.65345000000000013e+01,2.65345000000000013e+01,1.42029377334393272e-03,-1.07052628495390989e-04,-1.07052612511555342e-04,-6.04972534784096567e-09,-6.04972444456734186e-09,-3.02486222228367176e-09,-9.07458757012463784e-09,-9.07458666685101403e-09
2.65417500000000004e+01,2.65417500000000004e+01,1.41951795988003084e-03,-1.06964926706795693e-04,-1.06964910744772351e-04,-6.04146730974362120e-09,-6.04146640819537372e-09,-3.02073320409768727e-09,-9.06220051384130888e-09,-9.06219961229306141e-09
2.65490000000000030e+01,2.65490000000000030e+01,1.41874278190668389e-03,-1.06877320690479394e-04,-1.06877304750211584e-04,-6.03322279488873854e-09,-6.03322189506091259e-09,-3.01661094753045671e-09,-9.04983374241919483e-09,-9.04983284259136888e-09
2.65562500000000021e+01,2.65562500000000021e+01,1.41796823873001875e-03,-1.06789810315699452e-04,-1.06789794397177214e-04,-6.02499177744436880e-09,-6.02499087933465819e-09,-3.01249543966732992e-09,-9.03748721711169831e-09,-9.03748631900198770e-09
2.65635000000000012e+01,2.65635000000000012e+01,1.41719432965710639e-03,-1.06702395451990784e-04,-1.06702379555187108e-04,-6.01677423163852043e-09,-6.01677333524366111e-09,-3.00838666762183055e-09,-9.02516089926035140e-09,-9.02516000286549208e-09
2.65707500000000003e+01,2.65707500000000003e+01,1.41642105399596499e-03,-1.06615075969082596e-04,-1.06615060093972884e-04,-6.00857013175433761e-09,-6.00856923707120614e-09,-3.00428461853560266e-09,-9.01285475028994027e-09,-9.01285385560680880e-09
2.65780000000000030e+01,2.65780000000000030e+01,1.41564841105555443e-03,-1.06527851736967771e-04,-1.06527835883479138e-04,-6.00037945213390362e-09,-6.00037855915666011e-09,-3.00018927957832964e-09,-9.00056873171223409e-09,-9.00056783873498893e-09
2.65852500000000020e+01,2.65852500000000020e+01,1.41487640014577895e-03,-1.06440722625736339e-04,-1.06440706793863431e-04,-5.99220216716873902e-09,-5.99220127589535440e-09,-2.99610063794767720e-09,-8.98830280511641622e-09,-8.98830191384303243e-09
2.65925000000000011e+01,2.65925000000000011e+01,1.41410502057748148e-03,-1.06353688505783639e-04,-1.06353672695495447e-04,-5.98403825131142352e-09,-5.98403736173842777e-09,-2.99201868086921388e-09,-8.97605693218063824e-09,-8.97605604260764165e-09
2.65997500000000002e+01,2.65997500000000002e+01,1.41333427166244539e-03,-1.06266749247727055e-04,-1.06266733458956970e-04,-5.97588767907077439e-09,-5.97588679119270066e-09,-2.98794339559635033e-09,-8.96383107466712472e-09,-8.96383018678905099e-09
2.66070000000000029e+01,2.66070000000000029e+01,1.41256415271338929e-03,-1.06179904722322749e-04,-1.06179888955041090e-04,-5.96775042500705536e-09,-5.96774953882052049e-09,-2.98387476941026066e-09,-8.95162519441731602e-09,-8.95162430823078197e-09
2.66142500000000020e+01,2.66142500000000020e+01,1.41179466304397158e-03,-1.06093154800562806e-04,-1.06093139054752361e-04,-5.95962646373734343e-09,-5.95962557923966983e-09,-2.97981278961983533e-09,-8.93943925335717876e-09,-8.93943836885950433e-09
2.66215000000000011e+01,2.66215000000000011e+01,1.41102580196878131e-03,-1.06006499353702988e-04,-1.06006483629305726e-04,-5.95151576993695407e-09,-5.95151488712317535e-09,-2.97575744356158768e-09,-8.92727321349854092e-09,-8.92727233068476303e-09
2.66287500000000001e+01,2.66287500000000001e+01,1.41025756880334323e-03,-1.05919938253082324e-04,-1.05919922550126705e-04,-5.94341831832919990e-09,-5.94341743719921019e-09,-2.97170871859960468e-09,-8.91512703692880500e-09,-8.91512615579881446e-09
2.66360000000000028e+01,2.66360000000000028e+01,1.40948996286411124e-03,-1.05833471370483934e-04,-1.05833455688850506e-04,-5.93533408370553835e-09,-5.93533320425093680e-09,-2.96766660212546840e-09,-8.90300068583100717e-09,-8.90299980637640478e-09
2.66432500000000019e+01,2.66432500000000019e+01,1.40872298346847121e-03,-1.05747098577621546e-04,-1.05747082917322113e-04,-5.92726304089664348e-09,-5.92726216311639941e-09,-2.96363108155819929e-09,-8.89089412245484277e-09,-8.89089324467459787e-09
2.66505000000000010e+01,2.66505000000000010e+01,1.40795662993473602e-03,-1.05660819746597467e-04,-1.05660804107595425e-04,-5.91920516479798899e-09,-5.91920428868835860e-09,-2.95960214434417930e-09,-8.87880730914216829e-09,-8.87880643303253872e-09
2.66577500000000001e+01,2.66577500000000001e+01,1.40719090158214575e-03,-1.05574634749680540e-04,-1.05574619131933170e-04,-5.91116043035727186e-09,-5.91115955591417796e-09,-2.95557977795708898e-09,-8.86674020831436042e-09,-8.86673933387126652e-09
2.66650000000000027e+01,2.66650000000000027e+01,1.40642579773086530e-03,-1.05488543459347772e-04,-1.05488527862806312e-04,-5.90312881257664562e-09,-5.90312793979567604e-09,-2.95156396989783843e-09,-8.85469278247448488e-09,-8.85469190969351447e-09
2.66722500000000018e+01,2.66722500000000018e+01,1.40566131770198505e-03,-1.05402545748256582e-04,-1.05402530172893927e-04,-5.89511028651105948e-09,-5.89510941538902046e-09,-2.94755470769450940e-09,-8.84266499420556929e-09,-8.84266412308352945e-09
2.66795000000000009e+01,2.66795000000000009e+01,1.40489746081751588e-03,-1.05316641489286433e-04,-1.05316625935082431e-04,-5.88710482727046267e-09,-5.88710395780455339e-09,-2.94355197890227670e-09,-8.83065680617273895e-09,-8.83065593670683050e-09
2.66867500000000000e+01,2.66867500000000000e+01,1.40413422640039065e-03,-1.05230830555538835e-04,-1.05230815022465499e-04,-5.87911241001971353e-09,-5.87911154220669889e-09,-2.93955577110334986e-09,-8.81866818112306298e-09,-8.81866731331004834e-09
2.66940000000000026e+01,2.66940000000000026e+01,1.40337161377446012e-03,-1.05145112820337339e-04,-1.05145097308343441e-04,-5.87113300997844464e-09,-5.87113214381379913e-09,-2.93556607190689956e-09,-8.80669908188534421e-09,-8.80669821572069869e-09
2.67012500000000017e+01,2.67012500000000017e+01,1.40260962226449576e-03,-1.05059488157172032e-04,-1.05059472666223163e-04,-5.86316660241787900e-09,-5.86316573789801844e-09,-2.93158286894900922e-09,-8.79474947136688822e-09,-8.79474860684702683e-09
2.67085000000000008e+01,2.67085000000000008e+01,1.40184825119618129e-03,-1.04973956439782801e-04,-1.04973940969817187e-04,-5.85521316266534478e-09,-5.85521229978516630e-09,-2.92760614989258356e-09,-8.78281931255792876e-09,-8.78281844967774945e-09
2.67157499999999999e+01,2.67157499999999999e+01,1.40108749989611915e-03,-1.04888517541965043e-04,-1.04888502093043929e-04,-5.84727266609334582e-09,-5.84727180485461131e-09,-2.92363590242730483e-09,-8.77090856852065106e-09,-8.77090770728191573e-09
2.67230000000000025e+01,2.67230000000000025e+01,1.40032736769182256e-03,-1.04803171338055390e-04,-1.04803155910026757e-04,-5.83934508814652518e-09,-5.83934422853910996e-09,-2.91967211426955539e-09,-8.75901720241608016e-09,-8.75901634280866576e-09
2.67302500000000016e+01,2.67302500000000016e+01,1.39956785391171716e-03,-1.04717917702237817e-04,-1.04717902295093913e-04,-5.83143040430288531e-09,-5.83142954632471562e-09,-2.91571477316235822e-09,-8.74714517746524312e-09,-8.74714431948707343e-09
2.67375000000000007e+01,2.67375000000000007e+01,1.39880895788514043e-03,-1.04632756508959979e-04,-1.04632741122778148e-04,-5.82352859009688454e-09,-5.82352773375062391e-09,-2.91176386687531154e-09,-8.73529245697219608e-09,-8.73529160062593628e-09
2.67447499999999998e+01,2.67447499999999998e+01,1.39805067894233732e-03,-1.04547687633183006e-04,-1.04547672267816096e-04,-5.81563962113322291e-09,-5.81563876640904279e-09,-2.90781938320452140e-09,-8.72345900433774390e-09,-8.72345814961356377e-09
2.67520000000000024e+01,2.67520000000000024e+01,1.39729301641445896e-03,-1.04462710949743132e-04,-1.04462695605147935e-04,-5.80776347305119979e-09,-5.80776261994506600e-09,-2.90388130997253300e-09,-8.71164478302373237e-09,-8.71164392991759859e-09
2.67592500000000015e+01,2.67592500000000015e+01,1.39653596963356589e-03,-1.04377826333712509e-04,-1.04377811009917379e-04,-5.79990012154470594e-09,-5.79989927005656556e-09,-2.89994963502828278e-09,-8.69984975657298831e-09,-8.69984890508484793e-09
2.67665000000000006e+01,2.67665000000000006e+01,1.39577953793262031e-03,-1.04293033660524115e-04,-1.04293018357470735e-04,-5.79204954236903958e-09,-5.79204869249402712e-09,-2.89602434624701356e-09,-8.68807388861605272e-09,-8.68807303874104027e-09
2.67737499999999997e+01,2.67737499999999997e+01,1.39502372064548839e-03,-1.04208332805680315e-04,-1.04208317523356894e-04,-5.78421171132460918e-09,-5.78421086306044743e-09,-2.89210543153022330e-09,-8.67631714285483248e-09,-8.67631629459066990e-09
2.67810000000000024e+01,2.67810000000000024e+01,1.39426851710693772e-03,-1.04123723644988786e-04,-1.04123708383326802e-04,-5.77638660426992441e-09,-5.77638575761119201e-09,-2.88819287880559683e-09,-8.66457948307552083e-09,-8.66457863641678843e-09
2.67882500000000014e+01,2.67882500000000014e+01,1.39351392665263600e-03,-1.04039206054382105e-04,-1.04039190813333149e-04,-5.76857419711148712e-09,-5.76857335205388770e-09,-2.88428667602694385e-09,-8.65286087313843139e-09,-8.65286002808083114e-09
2.67955000000000005e+01,2.67955000000000005e+01,1.39275994861914952e-03,-1.03954779909973261e-04,-1.03954764689529920e-04,-5.76077446580675596e-09,-5.76077362234826872e-09,-2.88038681117413436e-09,-8.64116127698088991e-09,-8.64116043352240349e-09
2.68027499999999996e+01,2.68027499999999996e+01,1.39200658234394162e-03,-1.03870445088111163e-04,-1.03870429888272041e-04,-5.75298738636712755e-09,-5.75298654450607000e-09,-2.87649327225303459e-09,-8.62948065862016255e-09,-8.62947981675910418e-09
2.68100000000000023e+01,2.68100000000000023e+01,1.39125382716537163e-03,-1.03786201465422279e-04,-1.03786186286114991e-04,-5.74521293486012686e-09,-5.74521209459088741e-09,-2.87260604729544412e-09,-8.61781898215557015e-09,-8.61781814188633153e-09
2.68172500000000014e+01,2.68172500000000014e+01,1.39050168242269294e-03,-1.03702048918630219e-04,-1.03702033759814515e-04,-5.73745108739931724e-09,-5.73745024871807100e-09,-2.86872512435903550e-09,-8.60617621175835357e-09,-8.60617537307710651e-09
2.68245000000000005e+01,2.68245000000000005e+01,1.38975014745605164e-03,-1.03617987324639005e-04,-1.03617972186326052e-04,-5.72970182014880278e-09,-5.72970098305457368e-09,-2.86485049152728684e-09,-8.59455231167608921e-09,-8.59455147458186094e-09
2.68317499999999995e+01,2.68317499999999995e+01,1.38899922160648590e-03,-1.03534016560671849e-04,-1.03534001442804577e-04,-5.72196510933080610e-09,-5.72196427381884613e-09,-2.86098213690942307e-09,-8.58294724624022958e-09,-8.58294641072826879e-09
2.68390000000000022e+01,2.68390000000000022e+01,1.38824890421592167e-03,-1.03450136504104617e-04,-1.03450121406603934e-04,-5.71424093121633778e-09,-5.71424009728069206e-09,-2.85712004864034603e-09,-8.57136097985668339e-09,-8.57136014592103768e-09
2.68462500000000013e+01,2.68462500000000013e+01,1.38749919462717629e-03,-1.03366347032382566e-04,-1.03366331955276905e-04,-5.70652926212051943e-09,-5.70652842976117639e-09,-2.85326421488058819e-09,-8.55979347700110721e-09,-8.55979264464176500e-09
2.68535000000000004e+01,2.68535000000000004e+01,1.38675009218395227e-03,-1.03282648023353407e-04,-1.03282632966574355e-04,-5.69883007842085534e-09,-5.69882924763246063e-09,-2.84941462381623073e-09,-8.54824470223708525e-09,-8.54824387144869136e-09
2.68607500000000030e+01,2.68607500000000030e+01,1.38600159623083747e-03,-1.03199039354878730e-04,-1.03199024318445111e-04,-5.69114335653568687e-09,-5.69114252731770366e-09,-2.84557126365885183e-09,-8.53671462019453829e-09,-8.53671379097655507e-09
2.68680000000000021e+01,2.68680000000000021e+01,1.38525370611330642e-03,-1.03115520905194824e-04,-1.03115505889035759e-04,-5.68346907294399682e-09,-5.68346824529094419e-09,-2.84173412264547168e-09,-8.52520319558946850e-09,-8.52520236793641505e-09
2.68752500000000012e+01,2.68752500000000012e+01,1.38450642117771226e-03,-1.03032092552635124e-04,-1.03032077556689680e-04,-5.67580720416998911e-09,-5.67580637807694370e-09,-2.83790318903847144e-09,-8.51371039320845972e-09,-8.51370956711541431e-09
2.68825000000000003e+01,2.68825000000000003e+01,1.38375974077129330e-03,-1.02948754175657964e-04,-1.02948739199947419e-04,-5.66815772678453143e-09,-5.66815690225110115e-09,-2.83407845112555099e-09,-8.50223617791008200e-09,-8.50223535337665255e-09
2.68897500000000029e+01,2.68897500000000029e+01,1.38301366424216495e-03,-1.02865505653082501e-04,-1.02865490697545705e-04,-5.66052061741804679e-09,-5.66051979443930578e-09,-2.83025989721965248e-09,-8.49078051463769968e-09,-8.49077969165895785e-09
2.68970000000000020e+01,2.68970000000000020e+01,1.38226819093932346e-03,-1.02782346863825036e-04,-1.02782331928417552e-04,-5.65289585274588489e-09,-5.65289503131783208e-09,-2.82644751565891645e-09,-8.47934336840480051e-09,-8.47934254697674936e-09
2.69042500000000011e+01,2.69042500000000011e+01,1.38152332021263978e-03,-1.02699277686996160e-04,-1.02699262771691437e-04,-5.64528340949357466e-09,-5.64528258961319910e-09,-2.82264129480659914e-09,-8.46792470430017380e-09,-8.46792388441979907e-09
2.69115000000000002e+01,2.69115000000000002e+01,1.38077905141286220e-03,-1.02616298001886874e-04,-1.02616283106691351e-04,-5.63768326443595576e-09,-5.63768244610206384e-09,-2.81884122305103192e-09,-8.45652448748698727e-09,-8.45652366915309618e-09
2.69187500000000028e+01,2.69187500000000028e+01,1.38003538389161223e-03,-1.02533407688065736e-04,-1.02533392812936125e-04,-5.63009539440241959e-09,-5.63009457761108717e-09,-2.81504728880554400e-09,-8.44514268320796358e-09,-8.44514186641663034e-09
2.69260000000000019e+01,2.69260000000000019e+01,1.37929231700138506e-03,-1.02450606625295593e-04,-1.02450591770139262e-04,-5.62251977627223322e-09,-5.62251896101683292e-09,-2.81125948050841646e-09,-8.43377925678064885e-09,-8.43377844152524938e-09
2.69332500000000010e+01,2.69332500000000010e+01,1.37854985009554557e-03,-1.02367894693380923e-04,-1.02367879858208390e-04,-5.61495638696604344e-09,-5.61495557324561904e-09,-2.80747778662280911e-09,-8.42243417358885296e-09,-8.42243335986842774e-09
2.69405000000000001e+01,2.69405000000000001e+01,1.37780798252833125e-03,-1.02285271772431519e-04,-1.02285256957245128e-04,-5.60740520346027796e-09,-5.60740439127342243e-09,-2.80370219563671163e-09,-8.41110739909698959e-09,-8.41110658691013406e-09
2.69477500000000028e+01,2.69477500000000028e+01,1.37706671365484521e-03,-1.02202737742834726e-04,-1.02202722947544421e-04,-5.59986620278549354e-09,-5.59986539212573998e-09,-2.79993269606286999e-09,-8.39979889884836394e-09,-8.39979808818860956e-09
2.69550000000000018e+01,2.69550000000000018e+01,1.37632604283106008e-03,-1.02120292485019526e-04,-1.02120277709594502e-04,-5.59233936201334871e-09,-5.59233855287748600e-09,-2.79616927643874300e-09,-8.38850863845209171e-09,-8.38850782931622900e-09
2.69622500000000009e+01,2.69622500000000009e+01,1.37558596941381259e-03,-1.02037935879664698e-04,-1.02037921124076264e-04,-5.58482465826792126e-09,-5.58482385065285741e-09,-2.79241192532642788e-09,-8.37723658359434872e-09,-8.37723577597928570e-09
2.69695000000000000e+01,2.69695000000000000e+01,1.37484649276080513e-03,-1.01955667807587802e-04,-1.01955653071863036e-04,-5.57732206871952343e-09,-5.57732126262522120e-09,-2.78866063131261019e-09,-8.36598270003213403e-09,-8.36598189393783098e-09
2.69767500000000027e+01,2.69767500000000027e+01,1.37410761223060243e-03,-1.01873488149925584e-04,-1.01873473434020210e-04,-5.56983157059447584e-09,-5.56983076601699621e-09,-2.78491538300849769e-09,-8.35474695360297270e-09,-8.35474614902549390e-09
2.69840000000000018e+01,2.69840000000000018e+01,1.37336932718263097e-03,-1.01791396787981325e-04,-1.01791382091804839e-04,-5.56235314116665291e-09,-5.56235233809953725e-09,-2.78117616904976862e-09,-8.34352931021642070e-09,-8.34352850714930587e-09
2.69912500000000009e+01,2.69912500000000009e+01,1.37263163697717698e-03,-1.01709393603141574e-04,-1.01709378926665271e-04,-5.55488675775283325e-09,-5.55488595619300693e-09,-2.77744297809650388e-09,-8.33232973584933672e-09,-8.33232893428951040e-09
2.69984999999999999e+01,2.69984999999999999e+01,1.37189454097538560e-03,-1.01627478477001043e-04,-1.01627463820240795e-04,-5.54743239771944204e-09,-5.54743159766626814e-09,-2.77371579883313407e-09,-8.32114819655257570e-09,-8.32114739649940262e-09
2.70057500000000026e+01,2.70057500000000026e+01,1.37115803853926003e-03,-1.01545651291432004e-04,-1.01545636654361382e-04,-5.53999003848622286e-09,-5.53998923993675826e-09,-2.76999461996837872e-09,-8.30998465845460199e-09,-8.30998385990513739e-09
2.70130000000000017e+01,2.70130000000000017e+01,1.37042212903165975e-03,-1.01463911928473260e-04,-1.01463897311047244e-04,-5.53255965752009423e-09,-5.53255886047038500e-09,-2.76627943023519291e-09,-8.29883908775528714e-09,-8.29883829070557709e-09
2.70202500000000008e+01,2.70202500000000008e+01,1.36968681181629730e-03,-1.01382260270371782e-04,-1.01382245672508378e-04,-5.52514123233730853e-09,-5.52514043678139237e-09,-2.76257021839069660e-09,-8.28771145072800431e-09,-8.28771065517208814e-09
2.70274999999999999e+01,2.70274999999999999e+01,1.36895208625773955e-03,-1.01300696199457807e-04,-1.01300681621144356e-04,-5.51773474049655172e-09,-5.51773394643225064e-09,-2.75886697321612532e-09,-8.27660171371267662e-09,-8.27660091964837555e-09
2.70347500000000025e+01,2.70347500000000025e+01,1.36821795172140494e-03,-1.01219219598325250e-04,-1.01219205039543904e-04,-5.51034015960868743e-09,-5.51033936703354308e-09,-2.75516968351677195e-09,-8.26550984312546021e-09,-8.26550905055031585e-09
2.70420000000000016e+01,2.70420000000000016e+01,1.36748440757356385e-03,-1.01137830349748437e-04,-1.01137815810484709e-04,-5.50295746733211576e-09,-5.50295667624385833e-09,-2.75147833812192999e-09,-8.25443580545404576e-09,-8.25443501436578833e-09
2.70492500000000007e+01,2.70492500000000007e+01,1.36675145318133386e-03,-1.01056528336695983e-04,-1.01056513816932730e-04,-5.49558664137343411e-09,-5.49558585176965238e-09,-2.74779292588482660e-09,-8.24337956725826072e-09,-8.24337877765447816e-09
2.70564999999999998e+01,2.70564999999999998e+01,1.36601908791268191e-03,-1.00975313442344672e-04,-1.00975298942042170e-04,-5.48822765948809483e-09,-5.48822687136515086e-09,-2.74411343568257543e-09,-8.23234109517066984e-09,-8.23234030704772587e-09
2.70637500000000024e+01,2.70637500000000024e+01,1.36528731113641955e-03,-1.00894185550093329e-04,-1.00894171069154827e-04,-5.48088049948105537e-09,-5.48087971283222087e-09,-2.74043985641611044e-09,-8.22132035589716581e-09,-8.22131956924833048e-09
2.70710000000000015e+01,2.70710000000000015e+01,1.36455612222220551e-03,-1.00813144543354660e-04,-1.00813130081800107e-04,-5.47354513919538472e-09,-5.47354435402027753e-09,-2.73677217701013876e-09,-8.21031731620552265e-09,-8.21031653103041546e-09
2.70782500000000006e+01,2.70782500000000006e+01,1.36382552054054116e-03,-1.00732190305888314e-04,-1.00732175863694373e-04,-5.46622155653025784e-09,-5.46622077282614496e-09,-2.73311038641307289e-09,-8.19933194294333073e-09,-8.19933115923921868e-09
2.70854999999999997e+01,2.70854999999999997e+01,1.36309550546277031e-03,-1.00651322721578840e-04,-1.00651308298740685e-04,-5.45890972942880114e-09,-5.45890894719395872e-09,-2.72945447359697936e-09,-8.18836420302578091e-09,-8.18836342079093850e-09
2.70927500000000023e+01,2.70927500000000023e+01,1.36236607636107789e-03,-1.00570541674602221e-04,-1.00570527271028428e-04,-5.45160963588702680e-09,-5.45160885511504006e-09,-2.72580442755751962e-09,-8.17741406344454683e-09,-8.17741328267256010e-09
2.71000000000000014e+01,2.71000000000000014e+01,1.36163723260848842e-03,-1.00489847049189951e-04,-1.00489832664833086e-04,-5.44432125394094947e-09,-5.44432047462779418e-09,-2.72216023731389750e-09,-8.16648149125484615e-09,-8.16648071194169168e-09
2.71072500000000005e+01,2.71072500000000005e+01,1.36090897357886496e-03,-1.00409238729712302e-04,-1.00409224364615733e-04,-5.43704456167101498e-09,-5.43704378381759027e-09,-2.71852189190879514e-09,-8.15556645357980970e-09,-8.15556567572638582e-09
2.71144999999999996e+01,2.71144999999999996e+01,1.36018129864690779e-03,-1.00328716600914247e-04,-1.00328702255022802e-04,-5.42977953721477933e-09,-5.42977876081665070e-09,-2.71488938040832535e-09,-8.14466891762310427e-09,-8.14466814122497564e-09
2.71217500000000022e+01,2.71217500000000022e+01,1.35945420718815136e-03,-1.00248280547637902e-04,-1.00248266220885539e-04,-5.42252615875177468e-09,-5.42252538380392528e-09,-2.71126269190196264e-09,-8.13378885065373732e-09,-8.13378807570588791e-09
2.71290000000000013e+01,2.71290000000000013e+01,1.35872769857896692e-03,-1.00167930454836407e-04,-1.00167916147220090e-04,-5.41528440450418754e-09,-5.41528363100501346e-09,-2.70764181550250632e-09,-8.12292622000669386e-09,-8.12292544650752060e-09
2.71362500000000004e+01,2.71362500000000004e+01,1.35800177219655644e-03,-1.00087666207726578e-04,-1.00087651919226602e-04,-5.40805425274500989e-09,-5.40805348069200891e-09,-2.70402674034600404e-09,-8.11208099309101310e-09,-8.11208022103801294e-09
2.71435000000000031e+01,2.71435000000000031e+01,1.35727642741895454e-03,-1.00007487691719521e-04,-1.00007473422289266e-04,-5.40083568179419520e-09,-5.40083491118341505e-09,-2.70041745559170794e-09,-8.10125313738590397e-09,-8.10125236677512299e-09
2.71507500000000022e+01,2.71507500000000022e+01,1.35655166362502635e-03,-9.99273947923928763e-05,-9.99273805419759084e-05,-5.39362867001707196e-09,-5.39362790084403676e-09,-2.69681395042201838e-09,-8.09044262043909075e-09,-8.09044185126605556e-09
2.71580000000000013e+01,2.71580000000000013e+01,1.35582748019446512e-03,-9.98473873954353053e-05,-9.98473731640374932e-05,-5.38643319582124171e-09,-5.38643242808484387e-09,-2.69321621404242194e-09,-8.07964940986366323e-09,-8.07964864212726540e-09
2.71652500000000003e+01,2.71652500000000003e+01,1.35510387650779264e-03,-9.97674653868130257e-05,-9.97674511744079420e-05,-5.37924923766549689e-09,-5.37924847136288596e-09,-2.68962423568144339e-09,-8.06887347334694070e-09,-8.06887270704432976e-09
2.71725000000000030e+01,2.71725000000000030e+01,1.35438085194635621e-03,-9.96876286526587885e-05,-9.96876144592036886e-05,-5.37207677405371378e-09,-5.37207600918116578e-09,-2.68603800459058289e-09,-8.05811477864429626e-09,-8.05811401377174825e-09
2.71797500000000021e+01,2.71797500000000021e+01,1.35365840589232907e-03,-9.96078770792441226e-05,-9.96078629047234752e-05,-5.36491578353328083e-09,-5.36491502008854417e-09,-2.68245751004427167e-09,-8.04737329357755208e-09,-8.04737253013281542e-09
2.71870000000000012e+01,2.71870000000000012e+01,1.35293653772870738e-03,-9.95282105530903571e-05,-9.95281963974478515e-05,-5.35776624470098240e-09,-5.35776548267960933e-09,-2.67888274133980508e-09,-8.03664898604078789e-09,-8.03664822401941399e-09
2.71942500000000003e+01,2.71942500000000003e+01,1.35221524683930955e-03,-9.94486289608437213e-05,-9.94486148240388760e-05,-5.35062813619618198e-09,-5.35062737559458751e-09,-2.67531368779729417e-09,-8.02594182399347532e-09,-8.02594106339188250e-09
2.72015000000000029e+01,2.72015000000000029e+01,1.35149453260877497e-03,-9.93691321893030999e-05,-9.93691180713398046e-05,-5.34350143670222674e-09,-5.34350067751921393e-09,-2.67175033875960779e-09,-8.01525177546183453e-09,-8.01525101627882172e-09
2.72087500000000020e+01,2.72087500000000020e+01,1.35077439442256460e-03,-9.92897201255171780e-05,-9.92897060263749412e-05,-5.33638612495159176e-09,-5.33638536718465508e-09,-2.66819268359232754e-09,-8.00457880854391971e-09,-8.00457805077698221e-09
2.72160000000000011e+01,2.72160000000000011e+01,1.35005483166695519e-03,-9.92103926567428074e-05,-9.92103785763488521e-05,-5.32928217972352586e-09,-5.32928142336735564e-09,-2.66464071168367782e-09,-7.99392289140720368e-09,-7.99392213505103264e-09
2.72232500000000002e+01,2.72232500000000002e+01,1.34933584372904205e-03,-9.91311496702923511e-05,-9.91311356086464334e-05,-5.32218957983578065e-09,-5.32218882488896904e-09,-2.66109441244448452e-09,-7.98328399228026476e-09,-7.98328323733345397e-09
2.72305000000000028e+01,2.72305000000000028e+01,1.34861742999673579e-03,-9.90519910537557280e-05,-9.90519770108323826e-05,-5.31510830415643672e-09,-5.31510755061622340e-09,-2.65755377530811170e-09,-7.97266207946454760e-09,-7.97266132592433428e-09
2.72377500000000019e+01,2.72377500000000019e+01,1.34789958985876237e-03,-9.89729166949310235e-05,-9.89729026706510088e-05,-5.30803833160009198e-09,-5.30803757946083642e-09,-2.65401878973041779e-09,-7.96205712133051019e-09,-7.96205636919125462e-09
2.72450000000000010e+01,2.72450000000000010e+01,1.34718232270465959e-03,-9.88939264816579566e-05,-9.88939124760256636e-05,-5.30097964111883134e-09,-5.30097889037938458e-09,-2.65048944518969187e-09,-7.95146908630852322e-09,-7.95146833556907562e-09
2.72522500000000001e+01,2.72522500000000001e+01,1.34646562792477839e-03,-9.88150203020121687e-05,-9.88150063150586327e-05,-5.29393221171256813e-09,-5.29393146237321057e-09,-2.64696573118660570e-09,-7.94089794289917341e-09,-7.94089719355981669e-09
2.72595000000000027e+01,2.72595000000000027e+01,1.34574950491028007e-03,-9.87361980444023679e-05,-9.87361840760307425e-05,-5.28689602243415107e-09,-5.28689527448831327e-09,-2.64344763724415663e-09,-7.93034365967830771e-09,-7.93034291173246907e-09
2.72667500000000018e+01,2.72667500000000018e+01,1.34503395305313428e-03,-9.86574595972511403e-05,-9.86574456474009000e-05,-5.27987105237217141e-09,-5.27987030581523850e-09,-2.63993515290761884e-09,-7.91980620527978983e-09,-7.91980545872285693e-09
2.72740000000000009e+01,2.72740000000000009e+01,1.34431897174612015e-03,-9.85788048491059721e-05,-9.85787909178059701e-05,-5.27285728065682919e-09,-5.27285653548897324e-09,-2.63642826774448662e-09,-7.90928554840131539e-09,-7.90928480323346027e-09
2.72812500000000000e+01,2.72812500000000000e+01,1.34360456038282237e-03,-9.85002336888612939e-05,-9.85002197760602883e-05,-5.26585468647172890e-09,-5.26585394268883965e-09,-2.63292697134442024e-09,-7.89878165781614955e-09,-7.89878091403325948e-09
2.72885000000000026e+01,2.72885000000000026e+01,1.34289071835763142e-03,-9.84217460054948035e-05,-9.84217321111553484e-05,-5.25886324903967927e-09,-5.25886250663839009e-09,-2.62943125331919463e-09,-7.88829450235887473e-09,-7.88829375995758472e-09
2.72957500000000017e+01,2.72957500000000017e+01,1.34217744506574246e-03,-9.83433416881646094e-05,-9.83433278122595864e-05,-5.25188294762780273e-09,-5.25188220660530286e-09,-2.62594110330265102e-09,-7.87782405093045292e-09,-7.87782330990795388e-09
2.73030000000000008e+01,2.73030000000000008e+01,1.34146473990315318e-03,-9.82650206261675985e-05,-9.82650067687179597e-05,-5.24491376154522512e-09,-5.24491302190127221e-09,-2.62245651095063610e-09,-7.86737027249586164e-09,-7.86736953285190872e-09
2.73102499999999999e+01,2.73102499999999999e+01,1.34075260226666315e-03,-9.81867827091337242e-05,-9.81867688700515816e-05,-5.23795567015336168e-09,-5.23795493188190820e-09,-2.61897746594095410e-09,-7.85693313609431620e-09,-7.85693239782286271e-09
2.73175000000000026e+01,2.73175000000000026e+01,1.34004103155387034e-03,-9.81086278267345735e-05,-9.81086140059573685e-05,-5.23100865285026183e-09,-5.23100791594662015e-09,-2.61550395797330925e-09,-7.84651261082357149e-09,-7.84651187391992898e-09
2.73247500000000016e+01,2.73247500000000016e+01,1.33933002716317548e-03,-9.80305558687111223e-05,-9.80305420663080406e-05,-5.22407268907202859e-09,-5.22407195353853715e-09,-2.61203597676926899e-09,-7.83610866584129675e-09,-7.83610793030780613e-09
2.73320000000000007e+01,2.73320000000000007e+01,1.33861958849377420e-03,-9.79525667252484356e-05,-9.79525529411513351e-05,-5.21714775831269741e-09,-5.21714702414437823e-09,-2.60857351207218912e-09,-7.82572127038488653e-09,-7.82572053621656652e-09
2.73392499999999998e+01,2.73392499999999998e+01,1.33790971494565951e-03,-9.78746602865732118e-05,-9.78746465207099389e-05,-5.21023384010269060e-09,-5.21023310729435726e-09,-2.60511655364717904e-09,-7.81535039374986964e-09,-7.81534966094153548e-09
2.73465000000000025e+01,2.73465000000000025e+01,1.33720040591961864e-03,-9.77968364430092940e-05,-9.77968226953810141e-05,-5.20333091401170084e-09,-5.20333018256207783e-09,-2.60166509128103892e-09,-7.80499600529273976e-09,-7.80499527384311592e-09
2.73537500000000016e+01,2.73537500000000016e+01,1.33649166081723576e-03,-9.77190950851303253e-05,-9.77190813557362795e-05,-5.19643895965674054e-09,-5.19643822956444812e-09,-2.59821911478222447e-09,-7.79465807443896418e-09,-7.79465734434667260e-09
2.73610000000000007e+01,2.73610000000000007e+01,1.33578347904088433e-03,-9.76414361037458711e-05,-9.76414223925210615e-05,-5.18955795670129225e-09,-5.18955722796154106e-09,-2.59477861398077094e-09,-7.78433657068206237e-09,-7.78433584194231200e-09
2.73682499999999997e+01,2.73682499999999997e+01,1.33507585999373163e-03,-9.75638593896932527e-05,-9.75638456966544573e-05,-5.18268788484417407e-09,-5.18268715745652568e-09,-2.59134357872826243e-09,-7.77403146357243732e-09,-7.77403073618478811e-09
2.73755000000000024e+01,2.73755000000000024e+01,1.33436880307973363e-03,-9.74863648341706135e-05,-9.74863511592287651e-05,-5.17582872383714444e-09,-5.17582799779553977e-09,-2.58791399889776947e-09,-7.76374272273491350e-09,-7.76374199669330883e-09
2.73827500000000015e+01,2.73827500000000015e+01,1.33366230770363601e-03,-9.74089523283760972e-05,-9.74089386715093220e-05,-5.16898045346565537e-09,-5.16897972876760957e-09,-2.58448986438380478e-09,-7.75347031784946016e-09,-7.75346959315141518e-09
2.73900000000000006e+01,2.73900000000000006e+01,1.33295637327097223e-03,-9.73316217637437697e-05,-9.73316081249340836e-05,-5.16214305356129239e-09,-5.16214233020453153e-09,-2.58107116510226618e-09,-7.74321421866355775e-09,-7.74321349530679771e-09
2.73972499999999997e+01,2.73972499999999997e+01,1.33225099918806203e-03,-9.72543730318464750e-05,-9.72543594111133122e-05,-5.15531650399654098e-09,-5.15531578198077637e-09,-2.57765789099038819e-09,-7.73297439498692875e-09,-7.73297367297116414e-09
2.74045000000000023e+01,2.74045000000000023e+01,1.33154618486201011e-03,-9.71772060245901237e-05,-9.71771924218292653e-05,-5.14850078469498980e-09,-5.14850006401338315e-09,-2.57425003200669116e-09,-7.72275081670168055e-09,-7.72275009602007390e-09
2.74117500000000014e+01,2.74117500000000014e+01,1.33084192970070545e-03,-9.71001206338251155e-05,-9.71001070490359381e-05,-5.14169587561066119e-09,-5.14169515626186916e-09,-2.57084757813093375e-09,-7.71254345374159453e-09,-7.71254273439280250e-09
2.74190000000000005e+01,2.74190000000000005e+01,1.33013823311281987e-03,-9.70231167516655280e-05,-9.70231031848586568e-05,-5.13490175674483760e-09,-5.13490103872811406e-09,-2.56745051936405662e-09,-7.70235227610889463e-09,-7.70235155809217110e-09
2.74262499999999996e+01,2.74262499999999996e+01,1.32943509450780643e-03,-9.69461942704891166e-05,-9.69461807215938346e-05,-5.12811840814597642e-09,-5.12811769145627227e-09,-2.56405884572813572e-09,-7.69217725387411173e-09,-7.69217653718440758e-09
2.74335000000000022e+01,2.74335000000000022e+01,1.32873251329589754e-03,-9.68693530827013927e-05,-9.68693395517084840e-05,-5.12134580989712939e-09,-5.12134509453265543e-09,-2.56067254726632813e-09,-7.68201835716345752e-09,-7.68201764179898274e-09
2.74407500000000013e+01,2.74407500000000013e+01,1.32803048888810709e-03,-9.67925930809715451e-05,-9.67925795678403116e-05,-5.11458394212835940e-09,-5.11458322808566464e-09,-2.55729161404283274e-09,-7.67187555617119255e-09,-7.67187484212849779e-09
2.74480000000000004e+01,2.74480000000000004e+01,1.32732902069622352e-03,-9.67159141581075410e-05,-9.67159006627968100e-05,-5.10783278501003373e-09,-5.10783207228564732e-09,-2.55391603614282407e-09,-7.66174882115285822e-09,-7.66174810842847098e-09
2.74552500000000030e+01,2.74552500000000030e+01,1.32662810813281417e-03,-9.66393162070283696e-05,-9.66393027295554748e-05,-5.10109231875128464e-09,-5.10109160734482855e-09,-2.55054580367241428e-09,-7.65163812242369850e-09,-7.65163741101724324e-09
2.74625000000000021e+01,2.74625000000000021e+01,1.32592775061122136e-03,-9.65627991209583314e-05,-9.65627856612632623e-05,-5.09436252361019114e-09,-5.09436181351720771e-09,-2.54718090675860427e-09,-7.64154343036879459e-09,-7.64154272027581281e-09
2.74697500000000012e+01,2.74697500000000012e+01,1.32522794754556046e-03,-9.64863627932049939e-05,-9.64863493512362102e-05,-5.08764337988196358e-09,-5.08764267109844759e-09,-2.54382133554922380e-09,-7.63146471543118821e-09,-7.63146400664767139e-09
2.74770000000000003e+01,2.74770000000000003e+01,1.32452869835072008e-03,-9.64100071171869466e-05,-9.64099936929592070e-05,-5.08093486790033326e-09,-5.08093416042577930e-09,-2.54046708021288965e-09,-7.62140194811322332e-09,-7.62140124063866854e-09
2.74842500000000030e+01,2.74842500000000030e+01,1.32383000244236100e-03,-9.63337319866142128e-05,-9.63337185800857484e-05,-5.07423696804698562e-09,-5.07423626187791127e-09,-2.53711813093895563e-09,-7.61135509898594125e-09,-7.61135439281686772e-09
2.74915000000000020e+01,2.74915000000000020e+01,1.32313185923691400e-03,-9.62575372953078379e-05,-9.62575239064375438e-05,-5.06754966074196496e-09,-5.06754895587492831e-09,-2.53377447793746415e-09,-7.60132413867942911e-09,-7.60132343381239246e-09
2.74987500000000011e+01,2.74987500000000011e+01,1.32243426815157922e-03,-9.61814229372276452e-05,-9.61814095660042188e-05,-5.06087292644505746e-09,-5.06087222287818826e-09,-2.53043611143909372e-09,-7.59130903788415159e-09,-7.59130833431728239e-09
2.75060000000000002e+01,2.75060000000000002e+01,1.32173722860432440e-03,-9.61053888065693807e-05,-9.61053754529429485e-05,-5.05420674566081964e-09,-5.05420604339022270e-09,-2.52710302169511135e-09,-7.58130976735593057e-09,-7.58130906508533446e-09
2.75132500000000029e+01,2.75132500000000029e+01,1.32104074001388383e-03,-9.60294347976259344e-05,-9.60294214615782412e-05,-5.04755109893120070e-09,-5.04755039795464842e-09,-2.52377519897732421e-09,-7.57132629790852533e-09,-7.57132559693197221e-09
2.75205000000000020e+01,2.75205000000000020e+01,1.32034480179975874e-03,-9.59535608048844857e-05,-9.59535474864016809e-05,-5.04090596684057016e-09,-5.04090526715606821e-09,-2.52045263357803369e-09,-7.56135860041860385e-09,-7.56135790073410189e-09
2.75277500000000011e+01,2.75277500000000011e+01,1.31964941338221322e-03,-9.58777667230265029e-05,-9.58777534220714119e-05,-5.03427133001563346e-09,-5.03427063161996575e-09,-2.51713531580998288e-09,-7.55140664582561717e-09,-7.55140594742994863e-09
2.75350000000000001e+01,2.75350000000000001e+01,1.31895457418227508e-03,-9.58020524468444767e-05,-9.58020391634120308e-05,-5.02764716912097348e-09,-5.02764647201261469e-09,-2.51382323600630735e-09,-7.54147040512728124e-09,-7.54146970801892246e-09
2.75422500000000028e+01,2.75422500000000028e+01,1.31826028362173387e-03,-9.57264178713668201e-05,-9.57264046054141391e-05,-5.02103346486553808e-09,-5.02103276904098098e-09,-2.51051638452049008e-09,-7.53154984938602733e-09,-7.53154915356147105e-09
2.75495000000000019e+01,2.75495000000000019e+01,1.31756654112314005e-03,-9.56508628917468462e-05,-9.56508496432341806e-05,-5.01443019799672581e-09,-5.01442950345263106e-09,-2.50721475172631553e-09,-7.52164494972304134e-09,-7.52164425517894742e-09
2.75567500000000010e+01,2.75567500000000010e+01,1.31687334610980367e-03,-9.55753874032766459e-05,-9.55753741721940075e-05,-5.00783734930103438e-09,-5.00783665603562768e-09,-2.50391832801781343e-09,-7.51175567731884781e-09,-7.51175498405344111e-09
2.75640000000000001e+01,2.75640000000000001e+01,1.31618069800579262e-03,-9.54999913014981106e-05,-9.54999780877806233e-05,-5.00125489960980214e-09,-5.00125420761843722e-09,-2.50062710380921861e-09,-7.50188200341902075e-09,-7.50188131142765583e-09
2.75712500000000027e+01,2.75712500000000027e+01,1.31548859623593179e-03,-9.54246744819808868e-05,-9.54246612856458573e-05,-4.99468282978749519e-09,-4.99468213906983373e-09,-2.49734106953491686e-09,-7.49202389932241122e-09,-7.49202320860475059e-09
2.75785000000000018e+01,2.75785000000000018e+01,1.31479704022580374e-03,-9.53494368406138104e-05,-9.53494236616062290e-05,-4.98812112074689360e-09,-4.98812043129881459e-09,-2.49406021564940729e-09,-7.48218133639630130e-09,-7.48218064694822229e-09
2.75857500000000009e+01,2.75857500000000009e+01,1.31410602940174297e-03,-9.52742782733551064e-05,-9.52742651116422707e-05,-4.98156975343592847e-09,-4.98156906525448218e-09,-2.49078453262724109e-09,-7.47235428606316915e-09,-7.47235359788172369e-09
2.75930000000000000e+01,2.75930000000000000e+01,1.31341556319084017e-03,-9.51991986763156550e-05,-9.51991855318986765e-05,-4.97502870884196263e-09,-4.97502802192597281e-09,-2.48751401096298682e-09,-7.46254271980494903e-09,-7.46254203288895921e-09
2.76002500000000026e+01,2.76002500000000026e+01,1.31272564102093603e-03,-9.51241979458283815e-05,-9.51241848186835975e-05,-4.96849796799534744e-09,-4.96849728234234248e-09,-2.48424864117117124e-09,-7.45274660916651868e-09,-7.45274592351351289e-09
2.76075000000000017e+01,2.76075000000000017e+01,1.31203626232062544e-03,-9.50492759783788665e-05,-9.50492628684687364e-05,-4.96197751196570553e-09,-4.96197682757249415e-09,-2.48098841378624749e-09,-7.44296592575195302e-09,-7.44296524135874165e-09
2.76147500000000008e+01,2.76147500000000008e+01,1.31134742651924964e-03,-9.49744326706469799e-05,-9.49744195778886029e-05,-4.95546732186403259e-09,-4.95546663872506029e-09,-2.47773331936253056e-09,-7.43320064122656315e-09,-7.43319995808759085e-09
2.76219999999999999e+01,2.76219999999999999e+01,1.31065913304690123e-03,-9.48996679193125914e-05,-9.48996548437405806e-05,-4.94896737883247348e-09,-4.94896669694832424e-09,-2.47448334847416171e-09,-7.42345072730663519e-09,-7.42345004542248595e-09
2.76292500000000025e+01,2.76292500000000025e+01,1.30997138133441961e-03,-9.48249816214025154e-05,-9.48249685629844804e-05,-4.94247766406235802e-09,-4.94247698343012017e-09,-2.47123849171506050e-09,-7.41371615577741893e-09,-7.41371547514518108e-09
2.76365000000000016e+01,2.76365000000000016e+01,1.30928417081339074e-03,-9.47503736740823443e-05,-9.47503606327422553e-05,-4.93599815878325825e-09,-4.93599747939775116e-09,-2.46799873969887599e-09,-7.40399689848213383e-09,-7.40399621909662756e-09
2.76437500000000007e+01,2.76437500000000007e+01,1.30859750091614569e-03,-9.46758439745176705e-05,-9.46758309502976759e-05,-4.92952884425567038e-09,-4.92952816611787424e-09,-2.46476408305893754e-09,-7.39429292731460791e-09,-7.39429224917681178e-09
2.76509999999999998e+01,2.76509999999999998e+01,1.30791137107576032e-03,-9.46013924201932754e-05,-9.46013794130961129e-05,-4.92306970178758812e-09,-4.92306902489643093e-09,-2.46153451244821546e-09,-7.38460421423580400e-09,-7.38460353734464598e-09
2.76582500000000024e+01,2.76582500000000024e+01,1.30722578072605257e-03,-9.45270189088576185e-05,-9.45270059187441306e-05,-4.91662071273150670e-09,-4.91662003707853714e-09,-2.45831001853926857e-09,-7.37493073127077486e-09,-7.37493005561780530e-09
2.76655000000000015e+01,2.76655000000000015e+01,1.30654072930158193e-03,-9.44527233381065034e-05,-9.44527103650092569e-05,-4.91018185846269446e-09,-4.91018118404840057e-09,-2.45509059202420028e-09,-7.36527245048689515e-09,-7.36527177607260044e-09
2.76727500000000006e+01,2.76727500000000006e+01,1.30585621623765017e-03,-9.43785056058965566e-05,-9.43784926498197798e-05,-4.90375312040583382e-09,-4.90375244722922960e-09,-2.45187622361461439e-09,-7.35562934402044863e-09,-7.35562867084384441e-09
2.76799999999999997e+01,2.76799999999999997e+01,1.30517224097029651e-03,-9.43043656103925709e-05,-9.43043526712642052e-05,-4.89733448002698861e-09,-4.89733380808312835e-09,-2.44866690404156459e-09,-7.34600138406855320e-09,-7.34600071212469294e-09
2.76872500000000024e+01,2.76872500000000024e+01,1.30448880293629918e-03,-9.42303032498287285e-05,-9.42302903275911484e-05,-4.89092591882632398e-09,-4.89092524811101801e-09,-2.44546262405550942e-09,-7.33638854288183381e-09,-7.33638787216652702e-09
2.76945000000000014e+01,2.76945000000000014e+01,1.30380590157317387e-03,-9.41563184225363559e-05,-9.41563055172091041e-05,-4.88452741833948204e-09,-4.88452674885254920e-09,-2.44226337442627419e-09,-7.32679079276575581e-09,-7.32679012327882380e-09
2.77017500000000005e+01,2.77017500000000005e+01,1.30312353631917245e-03,-9.40824110271243352e-05,-9.40823981386859989e-05,-4.87813896014685867e-09,-4.87813829188599527e-09,-2.43906914594299764e-09,-7.31720810608985630e-09,-7.31720743782899291e-09
2.77089999999999996e+01,2.77089999999999996e+01,1.30244170661328079e-03,-9.40085809623264490e-05,-9.40085680907489066e-05,-4.87176052586561297e-09,-4.87175985882817121e-09,-2.43587992941408519e-09,-7.30764045527969816e-09,-7.30763978824225640e-09
2.77162500000000023e+01,2.77162500000000023e+01,1.30176041189521857e-03,-9.39348281270152574e-05,-9.39348152722838315e-05,-4.86539209715030751e-09,-4.86539143133433771e-09,-2.43269571566716927e-09,-7.29808781281747636e-09,-7.29808714700150739e-09
2.77235000000000014e+01,2.77235000000000014e+01,1.30107965160543900e-03,-9.38611524202714875e-05,-9.38611395823354917e-05,-4.85903365569643620e-09,-4.85903299109812838e-09,-2.42951649554906378e-09,-7.28855015124550040e-09,-7.28854948664719257e-09
2.77307500000000005e+01,2.77307500000000005e+01,1.30039942518512478e-03,-9.37875537413007665e-05,-9.37875409201067224e-05,-4.85268518323601798e-09,-4.85268451985142317e-09,-2.42634225992571159e-09,-7.27902744316172916e-09,-7.27902677977713517e-09
2.77380000000000031e+01,2.77380000000000031e+01,1.29971973207618999e-03,-9.37140319894058660e-05,-9.37140191849585307e-05,-4.84634666153610948e-09,-4.84634599936429545e-09,-2.42317299968214773e-09,-7.26951966121825721e-09,-7.26951899904644318e-09
2.77452500000000022e+01,2.77452500000000022e+01,1.29904057172127840e-03,-9.36405870641254801e-05,-9.36405742764097153e-05,-4.84001807240590226e-09,-4.84001741144490942e-09,-2.42000870572245471e-09,-7.26002677812835738e-09,-7.26002611716736454e-09
2.77525000000000013e+01,2.77525000000000013e+01,1.29836194356376037e-03,-9.35672188651370806e-05,-9.35672060941364066e-05,-4.83369939769161744e-09,-4.83369873793942003e-09,-2.41684936896971002e-09,-7.25054876666132746e-09,-7.25054810690913005e-09
2.77597500000000004e+01,2.77597500000000004e+01,1.29768384704773403e-03,-9.34939272923124287e-05,-9.34939145379719982e-05,-4.82739061927930326e-09,-4.82738996073189689e-09,-2.41369498036594762e-09,-7.24108559964525130e-09,-7.24108494109784410e-09
2.77670000000000030e+01,2.77670000000000030e+01,1.29700628161802172e-03,-9.34207122456204297e-05,-9.34206995079066191e-05,-4.82109171908974125e-09,-4.82109106174422252e-09,-2.41054553087211085e-09,-7.23163724996185210e-09,-7.23163659261633337e-09
2.77742500000000021e+01,2.77742500000000021e+01,1.29632924672017243e-03,-9.33475736251826449e-05,-9.33475609040872276e-05,-4.81480267908124874e-09,-4.81480202293602781e-09,-2.40740101146801391e-09,-7.22220369054926265e-09,-7.22220303440404172e-09
2.77815000000000012e+01,2.77815000000000012e+01,1.29565274180045678e-03,-9.32745113313288021e-05,-9.32744986268168940e-05,-4.80852348125245903e-09,-4.80852282630457459e-09,-2.40426141315228730e-09,-7.21278489440474592e-09,-7.21278423945686148e-09
2.77887500000000003e+01,2.77887500000000003e+01,1.29497676630586835e-03,-9.32015252645135295e-05,-9.32015125765547865e-05,-4.80225410763795386e-09,-4.80225345388468283e-09,-2.40112672694234183e-09,-7.20338083458029610e-09,-7.20338018082702425e-09
2.77960000000000029e+01,2.77960000000000029e+01,1.29430131968412128e-03,-9.31286153253024773e-05,-9.31286026539157510e-05,-4.79599454030748005e-09,-4.79599388774863632e-09,-2.39799694387431816e-09,-7.19399148418179821e-09,-7.19399083162295449e-09
2.78032500000000020e+01,2.78032500000000020e+01,1.29362640138365134e-03,-9.30557814145388518e-05,-9.30557687596702708e-05,-4.78974476137445794e-09,-4.78974411000611157e-09,-2.39487205500305537e-09,-7.18461681637751331e-09,-7.18461616500916695e-09
2.78105000000000011e+01,2.78105000000000011e+01,1.29295201085361054e-03,-9.29830234331491257e-05,-9.29830107947437481e-05,-4.78350475298588724e-09,-4.78350410280405867e-09,-2.39175205140202892e-09,-7.17525680438791574e-09,-7.17525615420608717e-09
2.78177500000000002e+01,2.78177500000000002e+01,1.29227814754387079e-03,-9.29103412821569163e-05,-9.29103286602166395e-05,-4.77727449732300383e-09,-4.77727384832664254e-09,-2.38863692416332169e-09,-7.16591142148632511e-09,-7.16591077248996382e-09
2.78250000000000028e+01,2.78250000000000028e+01,1.29160481090501915e-03,-9.28377348628495191e-05,-9.28377222573239141e-05,-4.77105397660977330e-09,-4.77105332879514043e-09,-2.38552666439757063e-09,-7.15658064100734434e-09,-7.15657999319271148e-09
2.78322500000000019e+01,2.78322500000000019e+01,1.29093200038835933e-03,-9.27652040765419850e-05,-9.27651914874549720e-05,-4.76484317310068582e-09,-4.76484252646786822e-09,-2.38242126323393411e-09,-7.14726443633461993e-09,-7.14726378970180234e-09
2.78395000000000010e+01,2.78395000000000010e+01,1.29025971544590931e-03,-9.26927488248269205e-05,-9.26927362521531834e-05,-4.75864206909352207e-09,-4.75864142364007626e-09,-2.37932071182003771e-09,-7.13796278091355978e-09,-7.13796213546011397e-09
2.78467500000000001e+01,2.78467500000000001e+01,1.28958795553039940e-03,-9.26203690094634657e-05,-9.26203564531156721e-05,-4.75245064692356875e-09,-4.75245000264387238e-09,-2.37622500132193619e-09,-7.12867564824550494e-09,-7.12867500396580856e-09
2.78540000000000028e+01,2.78540000000000028e+01,1.28891672009527180e-03,-9.25480645322246387e-05,-9.25480519921929764e-05,-4.74626888895571654e-09,-4.74626824584813261e-09,-2.37313412292406672e-09,-7.11940301187978284e-09,-7.11940236877219974e-09
2.78612500000000018e+01,2.78612500000000018e+01,1.28824600859468209e-03,-9.24758352950777462e-05,-9.24758227713890765e-05,-4.74009677759365832e-09,-4.74009613565843168e-09,-2.37004806782921584e-09,-7.11014484542287416e-09,-7.11014420348764752e-09
2.78685000000000009e+01,2.78685000000000009e+01,1.28757582048349322e-03,-9.24036812003092844e-05,-9.24036686928606215e-05,-4.73393429528620637e-09,-4.73393365451692720e-09,-2.36696682725846360e-09,-7.10090112254467038e-09,-7.10090048177539121e-09
2.78757500000000000e+01,2.78757500000000000e+01,1.28690615521727782e-03,-9.23316021500947270e-05,-9.23315896589169978e-05,-4.72778142450516693e-09,-4.72778078490229349e-09,-2.36389039245114716e-09,-7.09167181695631368e-09,-7.09167117735344024e-09
2.78830000000000027e+01,2.78830000000000027e+01,1.28623701225231654e-03,-9.22595980469564925e-05,-9.22595855720199763e-05,-4.72163814776875027e-09,-4.72163750932963475e-09,-2.36081875466481738e-09,-7.08245690243356723e-09,-7.08245626399445254e-09
2.78902500000000018e+01,2.78902500000000018e+01,1.28556839104559668e-03,-9.21876687935002659e-05,-9.21876563347834142e-05,-4.71550444762798171e-09,-4.71550381035039900e-09,-2.35775190517520033e-09,-7.07325635280318245e-09,-7.07325571552559974e-09
2.78975000000000009e+01,2.78975000000000009e+01,1.28490029105481096e-03,-9.21158142925121437e-05,-9.21158018499729979e-05,-4.70938030667160767e-09,-4.70937967055229123e-09,-2.35468983527614520e-09,-7.06407014194775287e-09,-7.06406950582843643e-09
2.79047499999999999e+01,2.79047499999999999e+01,1.28423271173835549e-03,-9.20440344469031224e-05,-9.20440220205058631e-05,-4.70326570752318069e-09,-4.70326507255918245e-09,-2.35163253627959123e-09,-7.05489824380277192e-09,-7.05489760883877368e-09
2.79120000000000026e+01,2.79120000000000026e+01,1.28356565255533070e-03,-9.19723291597229764e-05,-9.19723167494504597e-05,-4.69716063284170543e-09,-4.69715999903103602e-09,-2.34857999951551760e-09,-7.04574063235722344e-09,-7.04573999854655320e-09
2.79192500000000017e+01,2.79192500000000017e+01,1.28289911296553937e-03,-9.19006983342018913e-05,-9.19006859400262803e-05,-4.69106506532369754e-09,-4.69106443266382413e-09,-2.34553221633191165e-09,-7.03659728165560919e-09,-7.03659664899573578e-09
2.79265000000000008e+01,2.79265000000000008e+01,1.28223309242948488e-03,-9.18291418737088305e-05,-9.18291294956034539e-05,-4.68497898770098087e-09,-4.68497835618943268e-09,-2.34248917809471593e-09,-7.02746816579569721e-09,-7.02746753428414902e-09
2.79337499999999999e+01,2.79337499999999999e+01,1.28156759040837080e-03,-9.17576596817099022e-05,-9.17576473197025697e-05,-4.67890238273849464e-09,-4.67890175237558267e-09,-2.33945087618779134e-09,-7.01835325892628597e-09,-7.01835262856337401e-09
2.79410000000000025e+01,2.79410000000000025e+01,1.28090260636409977e-03,-9.16862516619765255e-05,-9.16862393159943923e-05,-4.67283523324484737e-09,-4.67283460402575249e-09,-2.33641730201287624e-09,-7.00925253525772362e-09,-7.00925190603862873e-09
2.79482500000000016e+01,2.79482500000000016e+01,1.28023813975927181e-03,-9.16149177183217533e-05,-9.16149053882995776e-05,-4.66677752205879092e-09,-4.66677689397908687e-09,-2.33338844698954344e-09,-7.00016596904833395e-09,-7.00016534096863073e-09
2.79555000000000007e+01,2.79555000000000007e+01,1.27957419005718430e-03,-9.15436577546141494e-05,-9.15436454405883874e-05,-4.66072923204986727e-09,-4.66072860511031506e-09,-2.33036430255515712e-09,-6.99109353460502439e-09,-6.99109290766547218e-09
2.79627499999999998e+01,2.79627499999999998e+01,1.27891075672183002e-03,-9.14724716750137112e-05,-9.14724593769804462e-05,-4.65469034613036792e-09,-4.65468972032966888e-09,-2.32734486016483444e-09,-6.98203520629520236e-09,-6.98203458049450332e-09
2.79700000000000024e+01,2.79700000000000024e+01,1.27824783921789628e-03,-9.14013593838469696e-05,-9.14013471017444563e-05,-4.64866084724888353e-09,-4.64866022258280084e-09,-2.32433011129140083e-09,-6.97299095854028437e-09,-6.97299033387420168e-09
2.79772500000000015e+01,2.79772500000000015e+01,1.27758543701076408e-03,-9.13303207855375998e-05,-9.13303085192979265e-05,-4.64264071838671316e-09,-4.64264009485070395e-09,-2.32132004742535197e-09,-6.96396076581206555e-09,-6.96396014227605550e-09
2.79845000000000006e+01,2.79845000000000006e+01,1.27692354956650614e-03,-9.12593557845647885e-05,-9.12593435342068745e-05,-4.63662994255568212e-09,-4.63662932014961900e-09,-2.31831466007480950e-09,-6.95494460263049121e-09,-6.95494398022442808e-09
2.79917499999999997e+01,2.79917499999999997e+01,1.27626217635188797e-03,-9.11884642856575223e-05,-9.11884520511856503e-05,-4.63062850280795072e-09,-4.63062788153096514e-09,-2.31531394076548298e-09,-6.94594244357343412e-09,-6.94594182229644771e-09
2.79990000000000023e+01,2.79990000000000023e+01,1.27560131683436377e-03,-9.11176461937668325e-05,-9.11176339750965160e-05,-4.62463638223453027e-09,-4.62463576208124805e-09,-2.31231788104062444e-09,-6.93695426327515429e-09,-6.93695364312187290e-09
2.80062500000000014e+01,2.80062500000000014e+01,1.27494097048207839e-03,-9.10469014138021171e-05,-9.10468892109495784e-05,-4.61865356395182654e-09,-4.61865294492199207e-09,-2.30932647246099562e-09,-6.92798003641282257e-09,-6.92797941738298810e-09
2.80135000000000005e+01,2.80135000000000005e+01,1.27428113676386384e-03,-9.09762298509503298e-05,-9.09762176639023146e-05,-4.61268003111777637e-09,-4.61267941320963521e-09,-2.30633970660481802e-09,-6.91901973772259438e-09,-6.91901911981445322e-09
2.80207499999999996e+01,2.80207499999999996e+01,1.27362181514923973e-03,-9.09056314105649577e-05,-9.09056192392594632e-05,-4.60671576692614097e-09,-4.60671515013547533e-09,-2.30335757506773725e-09,-6.91007334199387822e-09,-6.91007272520321258e-09
2.80280000000000022e+01,2.80280000000000022e+01,1.27296300510841044e-03,-9.08351059980688769e-05,-9.08350938424725503e-05,-4.60076075460151225e-09,-4.60076013892555850e-09,-2.30038006946277966e-09,-6.90114082406429233e-09,-6.90114020838833775e-09
2.80352500000000013e+01,2.80352500000000013e+01,1.27230470611226776e-03,-9.07646535189959858e-05,-9.07646413791400250e-05,-4.59481497740137161e-09,-4.59481436284063848e-09,-2.29740718142031924e-09,-6.89222215882169126e-09,-6.89222154426095813e-09
2.80425000000000004e+01,2.80425000000000004e+01,1.27164691763238520e-03,-9.06942738791716163e-05,-9.06942617550065275e-05,-4.58887841862514101e-09,-4.58887780517605425e-09,-2.29443890258802671e-09,-6.88331732121316730e-09,-6.88331670776408055e-09
2.80497500000000031e+01,2.80497500000000031e+01,1.27098963914101955e-03,-9.06239669844904894e-05,-9.06239548759628485e-05,-4.58295106160288034e-09,-4.58295044926166967e-09,-2.29147522463083525e-09,-6.87442628623371559e-09,-6.87442567389250491e-09
2.80570000000000022e+01,2.80570000000000022e+01,1.27033287011111000e-03,-9.05537327409583481e-05,-9.05537206480457529e-05,-4.57703288969733225e-09,-4.57703227846180397e-09,-2.28851613923090199e-09,-6.86554902892823424e-09,-6.86554841769270596e-09
2.80642500000000013e+01,2.80642500000000013e+01,1.26967661001627596e-03,-9.04835710547197136e-05,-9.04835589774375461e-05,-4.57112388630525716e-09,-4.57112327617512756e-09,-2.28556163808756337e-09,-6.85668552439282053e-09,-6.85668491426269093e-09
2.80715000000000003e+01,2.80715000000000003e+01,1.26902085833081684e-03,-9.04134818321550293e-05,-9.04134697704658981e-05,-4.56522403486227811e-09,-4.56522342583459746e-09,-2.28261171291729873e-09,-6.84783574777957684e-09,-6.84783513875189619e-09
2.80787500000000030e+01,2.80787500000000030e+01,1.26836561452970949e-03,-9.03434649797418832e-05,-9.03434529336034773e-05,-4.55933331883579511e-09,-4.55933271090737214e-09,-2.27966635545368607e-09,-6.83899967428948118e-09,-6.83899906636105821e-09
2.80860000000000021e+01,2.80860000000000021e+01,1.26771087808861052e-03,-9.02735204040272521e-05,-9.02735083734679505e-05,-4.55345172172353011e-09,-4.55345111489474202e-09,-2.27672555744737101e-09,-6.83017727917090153e-09,-6.83017667234211345e-09
2.80932500000000012e+01,2.80932500000000012e+01,1.26705664848385116e-03,-9.02036480118773021e-05,-9.02036359968213733e-05,-4.54757922706605965e-09,-4.54757862133203518e-09,-2.27378931066601759e-09,-6.82136853773207724e-09,-6.82136793199805278e-09
2.81005000000000003e+01,2.81005000000000003e+01,1.26640292519243853e-03,-9.01338477101165658e-05,-9.01338357105701626e-05,-4.54171581842854574e-09,-4.54171521378854539e-09,-2.27085760689427269e-09,-6.81257342532281844e-09,-6.81257282068281808e-09
2.81077500000000029e+01,2.81077500000000029e+01,1.26574970769205409e-03,-9.00641194058610095e-05,-9.00641074217647448e-05,-4.53586147941746970e-09,-4.53586087586745434e-09,-2.26793043793372717e-09,-6.80379191735119687e-09,-6.80379131380118151e-09
2.81150000000000020e+01,2.81150000000000020e+01,1.26509699546105349e-03,-8.99944630062543549e-05,-8.99944510375993924e-05,-4.53001619366727570e-09,-4.53001559120575806e-09,-2.26500779560287861e-09,-6.79502398927015390e-09,-6.79502338680863626e-09
2.81222500000000011e+01,2.81222500000000011e+01,1.26444478797846350e-03,-8.99248784186762462e-05,-8.99248664654117910e-05,-4.52417994485079156e-09,-4.52417934347417257e-09,-2.26208967173708670e-09,-6.78626961658787826e-09,-6.78626901521125927e-09
2.81295000000000002e+01,2.81295000000000002e+01,1.26379308472398286e-03,-8.98553655505479609e-05,-8.98553536126829713e-05,-4.51835271666938201e-09,-4.51835211637707522e-09,-2.25917605818853761e-09,-6.77752877485791962e-09,-6.77752817456561282e-09
2.81367500000000028e+01,2.81367500000000028e+01,1.26314188517798035e-03,-8.97859243095266990e-05,-8.97859123870369024e-05,-4.51253449286266062e-09,-4.51253389365240699e-09,-2.25626694682620349e-09,-6.76880143968886412e-09,-6.76880084047861048e-09
2.81440000000000019e+01,2.81440000000000019e+01,1.26249118882149460e-03,-8.97165546033390493e-05,-8.97165426962403699e-05,-4.50672525720005338e-09,-4.50672465907161880e-09,-2.25336232953580899e-09,-6.76008758673586236e-09,-6.76008698860742779e-09
2.81512500000000010e+01,2.81512500000000010e+01,1.26184099513623207e-03,-8.96472563399891564e-05,-8.96472444482026236e-05,-4.50092499349118557e-09,-4.50092439643957058e-09,-2.25046219821978529e-09,-6.75138719171097086e-09,-6.75138659465935588e-09
2.81585000000000001e+01,2.81585000000000001e+01,1.26119130360456493e-03,-8.95780294275089206e-05,-8.95780175509750117e-05,-4.49513368557327312e-09,-4.49513308959446093e-09,-2.24756654479723047e-09,-6.74270023037050359e-09,-6.74269963439169140e-09
2.81657500000000027e+01,2.81657500000000027e+01,1.26054211370953302e-03,-8.95088737739857532e-05,-8.95088619127509805e-05,-4.48935131731245762e-09,-4.48935072240775517e-09,-2.24467536120387717e-09,-6.73402667851633479e-09,-6.73402608361163234e-09
2.81730000000000018e+01,2.81730000000000018e+01,1.25989342493484208e-03,-8.94397892877984990e-05,-8.94397774418657628e-05,-4.48357787261558704e-09,-4.48357727878411256e-09,-2.24178863939205628e-09,-6.72536651200764332e-09,-6.72536591817616884e-09
2.81802500000000009e+01,2.81802500000000009e+01,1.25924523676486009e-03,-8.93707758775341699e-05,-8.93707640467959036e-05,-4.47781333542595659e-09,-4.47781274266129612e-09,-2.23890637133064806e-09,-6.71671970675660465e-09,-6.71671911399194418e-09
2.81875000000000000e+01,2.81875000000000000e+01,1.25859754868461811e-03,-8.93018334516965107e-05,-8.93018216361591519e-05,-4.47205768970864032e-09,-4.47205709801009737e-09,-2.23602854900504910e-09,-6.70808623871368942e-09,-6.70808564701514647e-09
2.81947500000000026e+01,2.81947500000000026e+01,1.25795036017981032e-03,-8.92329619190668222e-05,-8.92329501187143112e-05,-4.46631091946851952e-09,-4.46631032883427264e-09,-2.23315516441713632e-09,-6.69946608388565543e-09,-6.69946549325140938e-09
2.82020000000000017e+01,2.82020000000000017e+01,1.25730367073679161e-03,-8.91641611885651830e-05,-8.91641494033608602e-05,-4.46057300874325995e-09,-4.46057241917045868e-09,-2.23028620958522892e-09,-6.69085921832848929e-09,-6.69085862875568801e-09
2.82092500000000008e+01,2.82092500000000008e+01,1.25665747984257626e-03,-8.90954311692088163e-05,-8.90954193991386683e-05,-4.45484394160116283e-09,-4.45484335308809325e-09,-2.22742167654404662e-09,-6.68226561814520945e-09,-6.68226502963213987e-09
2.82164999999999999e+01,2.82164999999999999e+01,1.25601178698483821e-03,-8.90267717701537231e-05,-8.90267600152278466e-05,-4.44912370214318979e-09,-4.44912311468934483e-09,-2.22456155734467242e-09,-6.67368525948786220e-09,-6.67368467203401725e-09
2.82237500000000026e+01,2.82237500000000026e+01,1.25536659165190884e-03,-8.89581829007779490e-05,-8.89581711609483951e-05,-4.44341227450705988e-09,-4.44341168810903487e-09,-2.22170584405451743e-09,-6.66511811856157731e-09,-6.66511753216355230e-09
2.82310000000000016e+01,2.82310000000000016e+01,1.25472189333277677e-03,-8.88896644705428063e-05,-8.88896527457600947e-05,-4.43770964286024830e-09,-4.43770905751456578e-09,-2.21885452875728331e-09,-6.65656417161753202e-09,-6.65656358627184868e-09
2.82382500000000007e+01,2.82382500000000007e+01,1.25407769151708614e-03,-8.88212163890067519e-05,-8.88212046792620735e-05,-4.43201579140062091e-09,-4.43201520710583827e-09,-2.21600760355291955e-09,-6.64802339495354005e-09,-6.64802281065875823e-09
2.82454999999999998e+01,2.82454999999999998e+01,1.25343398569513638e-03,-8.87528385658947760e-05,-8.87528268711926846e-05,-4.42633070435984130e-09,-4.42633012111518347e-09,-2.21316506055759174e-09,-6.63949576491743303e-09,-6.63949518167277521e-09
2.82527500000000025e+01,2.82527500000000025e+01,1.25279077535788027e-03,-8.86845309111400359e-05,-8.86845192314291672e-05,-4.42065436600537428e-09,-4.42065378380728025e-09,-2.21032689190364012e-09,-6.63098125790901440e-09,-6.63098067571092037e-09
2.82600000000000016e+01,2.82600000000000016e+01,1.25214805999692477e-03,-8.86162933347450776e-05,-8.86162816699875931e-05,-4.41498676063350942e-09,-4.41498617947909729e-09,-2.20749308973954865e-09,-6.62247985037305806e-09,-6.62247926921864594e-09
2.82672500000000007e+01,2.82672500000000007e+01,1.25150583910452673e-03,-8.85481257468512251e-05,-8.85481140970222964e-05,-4.40932787257275332e-09,-4.40932729245979302e-09,-2.20466364622989651e-09,-6.61399151880265025e-09,-6.61399093868968995e-09
2.82744999999999997e+01,2.82744999999999997e+01,1.25086411217359568e-03,-8.84800280576830689e-05,-8.84800164228259151e-05,-4.40367768618101391e-09,-4.40367710711066431e-09,-2.20183855355533215e-09,-6.60551623973634647e-09,-6.60551566066599605e-09
2.82817500000000024e+01,2.82817500000000024e+01,1.25022287869769018e-03,-8.84120001777705111e-05,-8.84119885578289977e-05,-4.39803618585658451e-09,-4.39803560782505962e-09,-2.19901780391252939e-09,-6.59705398976911432e-09,-6.59705341173758860e-09
2.82890000000000015e+01,2.82890000000000015e+01,1.24958213817101798e-03,-8.83440420176712093e-05,-8.83440304125997997e-05,-4.39240335602426384e-09,-4.39240277902831200e-09,-2.19620138951415600e-09,-6.58860474553842026e-09,-6.58860416854246841e-09
2.82962500000000006e+01,2.82962500000000006e+01,1.24894189008843410e-03,-8.82761534880815990e-05,-8.82761418978439996e-05,-4.38677918114082609e-09,-4.38677860517765804e-09,-2.19338930258882902e-09,-6.58016848372965511e-09,-6.58016790776648706e-09
2.83034999999999997e+01,2.83034999999999997e+01,1.24830213394544086e-03,-8.82083344997813823e-05,-8.82083229244044677e-05,-4.38116364569220190e-09,-4.38116307076217003e-09,-2.19058153538108501e-09,-6.57174518107328692e-09,-6.57174460614325504e-09
2.83107500000000023e+01,2.83107500000000023e+01,1.24766286923818693e-03,-8.81405849638139394e-05,-8.81405734032610771e-05,-4.37555673420237803e-09,-4.37555616030268151e-09,-2.18777808015134075e-09,-6.56333481435371920e-09,-6.56333424045402185e-09
2.83180000000000014e+01,2.83180000000000014e+01,1.24702409546346548e-03,-8.80729047913059171e-05,-8.80728932455304323e-05,-4.36995843122437362e-09,-4.36995785835171778e-09,-2.18497892917585889e-09,-6.55493736040023251e-09,-6.55493678752757667e-09
2.83252500000000005e+01,2.83252500000000005e+01,1.24638581211871302e-03,-8.80052938934949847e-05,-8.80052823624655032e-05,-4.36436872134155955e-09,-4.36436814949341073e-09,-2.18218407474670495e-09,-6.54655279608826491e-09,-6.54655222424011610e-09
2.83325000000000031e+01,2.83325000000000031e+01,1.24574801870200986e-03,-8.79377521817020780e-05,-8.79377406654555577e-05,-4.35878758916622078e-09,-4.35878701834343761e-09,-2.17939350917171839e-09,-6.53818109833793958e-09,-6.53818052751515558e-09
2.83397500000000022e+01,2.83397500000000022e+01,1.24511071471207816e-03,-8.78702795675673221e-05,-8.78702680660258494e-05,-4.35321501935120061e-09,-4.35321444954894986e-09,-2.17660722477447535e-09,-6.52982224412567596e-09,-6.52982167432342521e-09
2.83470000000000013e+01,2.83470000000000013e+01,1.24447389964828020e-03,-8.78028759626892086e-05,-8.78028644758373065e-05,-4.34765099657194339e-09,-4.34765042778848882e-09,-2.17382521389424482e-09,-6.52147621046618780e-09,-6.52147564168273323e-09
2.83542500000000004e+01,2.83542500000000004e+01,1.24383757301061945e-03,-8.77355412788327627e-05,-8.77355298066864368e-05,-4.34209550553676067e-09,-4.34209493777192691e-09,-2.17104746888596304e-09,-6.51314297442272371e-09,-6.51314240665788995e-09
2.83615000000000030e+01,2.83615000000000030e+01,1.24320173429973689e-03,-8.76682754280128096e-05,-8.76682639705048529e-05,-4.33654853099088270e-09,-4.33654796424037917e-09,-2.16827398212018959e-09,-6.50482251311107229e-09,-6.50482194636056876e-09
2.83687500000000021e+01,2.83687500000000021e+01,1.24256638301691318e-03,-8.76010783222441747e-05,-8.76010668793593677e-05,-4.33101005770404500e-09,-4.33100949196615530e-09,-2.16550474598307765e-09,-6.49651480368712224e-09,-6.49651423794923253e-09
2.83760000000000012e+01,2.83760000000000012e+01,1.24193151866406454e-03,-8.75339498737082167e-05,-8.75339384454513976e-05,-4.32548007047865999e-09,-4.32547950575266364e-09,-2.16273975287633182e-09,-6.48821982335499181e-09,-6.48821925862899546e-09
2.83832500000000003e+01,2.83832500000000003e+01,1.24129714074374450e-03,-8.74668899947667056e-05,-8.74668785811169900e-05,-4.31995855415045151e-09,-4.31995799043435583e-09,-2.15997899521717791e-09,-6.47993754936762942e-09,-6.47993698565153374e-09
2.83905000000000030e+01,2.83905000000000030e+01,1.24066324875914016e-03,-8.73998985979340670e-05,-8.73998871988263757e-05,-4.31444549358700885e-09,-4.31444493087664403e-09,-2.15722246543832202e-09,-6.47166795902533046e-09,-6.47166739631496646e-09
2.83977500000000020e+01,2.83977500000000020e+01,1.24002984221407444e-03,-8.73329755957802378e-05,-8.73329642111839421e-05,-4.30894087368294367e-09,-4.30894031197584554e-09,-2.15447015598792277e-09,-6.46341102967086603e-09,-6.46341046796376789e-09
2.84050000000000011e+01,2.84050000000000011e+01,1.23939692061300166e-03,-8.72661209009861771e-05,-8.72661095309277721e-05,-4.30344467936256753e-09,-4.30344411865909094e-09,-2.15172205932954505e-09,-6.45516673869211258e-09,-6.45516617798863599e-09
2.84122500000000002e+01,2.84122500000000002e+01,1.23876448346101021e-03,-8.71993344264548886e-05,-8.71993230709296310e-05,-4.29795689558531242e-09,-4.29795633588427285e-09,-2.14897816794213642e-09,-6.44693506352744843e-09,-6.44693450382640886e-09
2.84195000000000029e+01,2.84195000000000029e+01,1.23813253026381796e-03,-8.71326160852559095e-05,-8.71326047441945052e-05,-4.29247750734292746e-09,-4.29247694863996236e-09,-2.14623847431998077e-09,-6.43871598166290823e-09,-6.43871542295994313e-09
2.84267500000000020e+01,2.84267500000000020e+01,1.23750106052777399e-03,-8.70659657904865325e-05,-8.70659544638605483e-05,-4.28700649965258268e-09,-4.28700594194534617e-09,-2.14350297097267267e-09,-6.43050947062525535e-09,-6.43050891291801885e-09
2.84340000000000011e+01,2.84340000000000011e+01,1.23687007375985602e-03,-8.69993834553689505e-05,-8.69993721431987015e-05,-4.28154385756159968e-09,-4.28154330085014801e-09,-2.14077165042507400e-09,-6.42231550798667368e-09,-6.42231495127522201e-09
2.84412500000000001e+01,2.84412500000000001e+01,1.23623956946767124e-03,-8.69328689933751564e-05,-8.69328576956126262e-05,-4.27608956615354544e-09,-4.27608901043457485e-09,-2.13804450521728742e-09,-6.41413407137083245e-09,-6.41413351565186185e-09
2.84485000000000028e+01,2.84485000000000028e+01,1.23560954715945200e-03,-8.68664223180326545e-05,-8.68664110346381612e-05,-4.27064361053860067e-09,-4.27064305580922015e-09,-2.13532152790461008e-09,-6.40596513844321074e-09,-6.40596458371383023e-09
2.84557500000000019e+01,2.84557500000000019e+01,1.23498000634405971e-03,-8.68000433429522156e-05,-8.68000320739435537e-05,-4.26520597585487912e-09,-4.26520542211502831e-09,-2.13260271105751415e-09,-6.39780868691239369e-09,-6.39780813317254205e-09
2.84630000000000010e+01,2.84630000000000010e+01,1.23435094653097941e-03,-8.67337319819944108e-05,-8.67337207273287679e-05,-4.25977664727655469e-09,-4.25977609452319368e-09,-2.12988804726159684e-09,-6.38966469453815153e-09,-6.38966414178479052e-09
2.84702500000000001e+01,2.84702500000000001e+01,1.23372236723032084e-03,-8.66674881490892002e-05,-8.66674769087254850e-05,-4.25435561000493110e-09,-4.25435505823510935e-09,-2.12717752911755509e-09,-6.38153313912248619e-09,-6.38153258735266443e-09
2.84775000000000027e+01,2.84775000000000027e+01,1.23309426795281739e-03,-8.66013117582220548e-05,-8.66013005321968049e-05,-4.24894284926770909e-09,-4.24894229848229100e-09,-2.12447114924114591e-09,-6.37341399850885459e-09,-6.37341344772343732e-09
2.84847500000000018e+01,2.84847500000000018e+01,1.23246664820982651e-03,-8.65352027236698795e-05,-8.65351915119371925e-05,-4.24353835033051811e-09,-4.24353780052632151e-09,-2.12176890026316076e-09,-6.36530725059367886e-09,-6.36530670078948227e-09
2.84920000000000009e+01,2.84920000000000009e+01,1.23183950751332432e-03,-8.64691609598206012e-05,-8.64691497622718130e-05,-4.23814209848798028e-09,-4.23814154965875169e-09,-2.11907077482937584e-09,-6.35721287331735571e-09,-6.35721232448812795e-09
2.84992500000000000e+01,2.84992500000000000e+01,1.23121284537590944e-03,-8.64031863809511247e-05,-8.64031751976567354e-05,-4.23275407905279327e-09,-4.23275353120106552e-09,-2.11637676560053276e-09,-6.34913084465332604e-09,-6.34913029680159828e-09
2.85065000000000026e+01,2.85065000000000026e+01,1.23058666131080048e-03,-8.63372789017130549e-05,-8.63372677326785398e-05,-4.22737427737947206e-09,-4.22737373050459002e-09,-2.11368686525229501e-09,-6.34106114263176707e-09,-6.34106059575688503e-09
2.85137500000000017e+01,2.85137500000000017e+01,1.22996095483183447e-03,-8.62714384369245302e-05,-8.62714272820540594e-05,-4.22200267885409103e-09,-4.22200213295044227e-09,-2.11100106647522114e-09,-6.33300374532931217e-09,-6.33300319942566341e-09
2.85210000000000008e+01,2.85210000000000008e+01,1.22933572545346533e-03,-8.62056649013204224e-05,-8.62056537606300827e-05,-4.21663926888198629e-09,-4.21663872394944095e-09,-2.10831936197472048e-09,-6.32495863085670676e-09,-6.32495808592416143e-09
2.85282499999999999e+01,2.85282499999999999e+01,1.22871097269076543e-03,-8.61399582099131589e-05,-8.61399470833833399e-05,-4.21128403290537794e-09,-4.21128348894206163e-09,-2.10564174447103082e-09,-6.31692577737640917e-09,-6.31692523341309286e-09
2.85355000000000025e+01,2.85355000000000025e+01,1.22808669605942145e-03,-8.60743182778539451e-05,-8.60743071654200147e-05,-4.20593695639650942e-09,-4.20593641339834828e-09,-2.10296820669917414e-09,-6.30890516309568356e-09,-6.30890462009752243e-09
2.85427500000000016e+01,2.85427500000000016e+01,1.22746289507573653e-03,-8.60087450202939863e-05,-8.60087339219757312e-05,-4.20059802485081337e-09,-4.20059748281786365e-09,-2.10029874140893182e-09,-6.30089676625974519e-09,-6.30089622422679547e-09
2.85500000000000007e+01,2.85500000000000007e+01,1.22683956925662726e-03,-8.59432383526481658e-05,-8.59432272684152148e-05,-4.19526722379974116e-09,-4.19526668272961064e-09,-2.09763334136480532e-09,-6.29290056516454606e-09,-6.29290002409441638e-09
2.85572499999999998e+01,2.85572499999999998e+01,1.22621671811962325e-03,-8.58777981904007559e-05,-8.58777871202320484e-05,-4.18994453880121394e-09,-4.18994399869196704e-09,-2.09497199934598310e-09,-6.28491653814719705e-09,-6.28491599803795014e-09
2.85645000000000024e+01,2.85645000000000024e+01,1.22559434118286624e-03,-8.58124244492025623e-05,-8.58124133930484418e-05,-4.18462995544430534e-09,-4.18462941629261429e-09,-2.09231470814630715e-09,-6.27694466359061249e-09,-6.27694412443892144e-09
2.85717500000000015e+01,2.85717500000000015e+01,1.22497243796510988e-03,-8.57471170447182685e-05,-8.57471060026151642e-05,-4.17932345934174963e-09,-4.17932292114848877e-09,-2.08966146057424397e-09,-6.26898491991599360e-09,-6.26898438172273274e-09
2.85790000000000006e+01,2.85790000000000006e+01,1.22435100798571803e-03,-8.56818758928901136e-05,-8.56818648648110831e-05,-4.17402503614273907e-09,-4.17402449890569238e-09,-2.08701224945284660e-09,-6.26103728559558527e-09,-6.26103674835853940e-09
2.85862499999999997e+01,2.85862499999999997e+01,1.22373005076466300e-03,-8.56167009097574816e-05,-8.56166898956430429e-05,-4.16873467152406483e-09,-4.16873413523943555e-09,-2.08436706761971736e-09,-6.25310173914378219e-09,-6.25310120285915291e-09
2.85935000000000024e+01,2.85935000000000024e+01,1.22310956582252620e-03,-8.55515920114430228e-05,-8.55515810112456336e-05,-4.16345235118939313e-09,-4.16345181585397015e-09,-2.08172590792698507e-09,-6.24517825911637779e-09,-6.24517772378095564e-09
2.86007500000000014e+01,2.86007500000000014e+01,1.22248955268049707e-03,-8.54865491141110212e-05,-8.54865381278810562e-05,-4.15817806086719077e-09,-4.15817752648253166e-09,-2.07908876324126542e-09,-6.23726682410845577e-09,-6.23726628972379667e-09
2.86080000000000005e+01,2.86080000000000005e+01,1.22187001086037175e-03,-8.54215721342310719e-05,-8.54215611619387426e-05,-4.15291178632349836e-09,-4.15291125288725973e-09,-2.07645562644362987e-09,-6.22936741276712781e-09,-6.22936687933088918e-09
2.86152499999999996e+01,2.86152499999999996e+01,1.22125093988455094e-03,-8.53566609883699146e-05,-8.53566500299351527e-05,-4.14765351335173705e-09,-4.14765298085913613e-09,-2.07382649042956807e-09,-6.22148000378130470e-09,-6.22147947128870378e-09
2.86225000000000023e+01,2.86225000000000023e+01,1.22063233927604013e-03,-8.52918155930942889e-05,-8.52918046485135844e-05,-4.14240322776794225e-09,-4.14240269621792026e-09,-2.07120134810896054e-09,-6.21360457587690279e-09,-6.21360404432688080e-09
2.86297500000000014e+01,2.86297500000000014e+01,1.22001420855845106e-03,-8.52270358651374682e-05,-8.52270249344441331e-05,-4.13716091541880801e-09,-4.13716038481209617e-09,-2.06858019240604809e-09,-6.20574110782485610e-09,-6.20574057721814426e-09
2.86370000000000005e+01,2.86370000000000005e+01,1.21939654725599571e-03,-8.51623217214964034e-05,-8.51623108046230818e-05,-4.13192656218633659e-09,-4.13192603251877997e-09,-2.06596301625938999e-09,-6.19788957844572616e-09,-6.19788904877817037e-09
2.86442500000000031e+01,2.86442500000000031e+01,1.21877935489348907e-03,-8.50976730791680458e-05,-8.50976621760729551e-05,-4.12670015397498570e-09,-4.12669962524367512e-09,-2.06334981262183756e-09,-6.19004996659682284e-09,-6.19004943786551309e-09
2.86515000000000022e+01,2.86515000000000022e+01,1.21816263099634768e-03,-8.50330898552187353e-05,-8.50330789659422756e-05,-4.12148167671499298e-09,-4.12148114892100707e-09,-2.06074057446050395e-09,-6.18222225117549734e-09,-6.18222172338151061e-09
2.86587500000000013e+01,2.86587500000000013e+01,1.21754637509058849e-03,-8.49685719670062456e-05,-8.49685610915052792e-05,-4.11627111637308218e-09,-4.11627058951345137e-09,-2.05813529475672486e-09,-6.17440641112980703e-09,-6.17440588427017622e-09
2.86660000000000004e+01,2.86660000000000004e+01,1.21693058670282626e-03,-8.49041193319299836e-05,-8.49041084701616033e-05,-4.11106845894029532e-09,-4.11106793301206243e-09,-2.05553396650603121e-09,-6.16660242544632612e-09,-6.16660189951809323e-09
2.86732500000000030e+01,2.86732500000000030e+01,1.21631526536027535e-03,-8.48397318674865009e-05,-8.48397210194362460e-05,-4.10587369043463306e-09,-4.10587316543622563e-09,-2.05293658271811282e-09,-6.15881027315274629e-09,-6.15880974815433886e-09
2.86805000000000021e+01,2.86805000000000021e+01,1.21570041059074771e-03,-8.47754094913250045e-05,-8.47753986569793090e-05,-4.10068679690369923e-09,-4.10068627283358780e-09,-2.05034313641679390e-09,-6.15102993332049313e-09,-6.15102940925038170e-09
2.86877500000000012e+01,2.86877500000000012e+01,1.21508602192265118e-03,-8.47111521212334795e-05,-8.47111413005656450e-05,-4.09550776442395962e-09,-4.09550724127998110e-09,-2.04775362063999097e-09,-6.14326138506395017e-09,-6.14326086191997248e-09
2.86950000000000003e+01,2.86950000000000003e+01,1.21447209888498990e-03,-8.46469596750692999e-05,-8.46469488680947761e-05,-4.09033657909734229e-09,-4.09033605687937510e-09,-2.04516802843968796e-09,-6.13550460753703025e-09,-6.13550408531906306e-09
2.87022500000000029e+01,2.87022500000000029e+01,1.21385864100736259e-03,-8.45828320709535175e-05,-8.45828212775906100e-05,-4.08517322706057149e-09,-4.08517270576380144e-09,-2.04258635288190030e-09,-6.12775957994247138e-09,-6.12775905864570215e-09
2.87095000000000020e+01,2.87095000000000020e+01,1.21324564781996103e-03,-8.45187692269239177e-05,-8.45187584472011680e-05,-4.08001769446835190e-09,-4.08001717409329266e-09,-2.04000858704664633e-09,-6.12002628151499782e-09,-6.12002576113993940e-09
2.87167500000000011e+01,2.87167500000000011e+01,1.21263311885357224e-03,-8.44547710613097191e-05,-8.44547602951985991e-05,-4.07486996751141770e-09,-4.07486944805582844e-09,-2.03743472402791422e-09,-6.11230469153933192e-09,-6.11230417208374266e-09
2.87240000000000002e+01,2.87240000000000002e+01,1.21202105363957214e-03,-8.43908374925234073e-05,-8.43908267399785702e-05,-4.06973003240642194e-09,-4.06972951386725450e-09,-2.03486475693362725e-09,-6.10459478934004961e-09,-6.10459427080088217e-09
2.87312500000000028e+01,2.87312500000000028e+01,1.21140945170993041e-03,-8.43269684390468566e-05,-8.43269577000604014e-05,-4.06459787539521609e-09,-4.06459735777123053e-09,-2.03229867888561526e-09,-6.09689655428083094e-09,-6.09689603665684621e-09
2.87385000000000019e+01,2.87385000000000019e+01,1.21079831259720584e-03,-8.42631638195701083e-05,-8.42631530940867270e-05,-4.05947348275149723e-09,-4.05947296603917141e-09,-2.02973648301958612e-09,-6.08920996577108335e-09,-6.08920944905875753e-09
2.87457500000000010e+01,2.87457500000000010e+01,1.21018763583454684e-03,-8.41994235527693258e-05,-8.41994128408231980e-05,-4.05435684077004563e-09,-4.05435632497017116e-09,-2.02717816248508641e-09,-6.08153500325513203e-09,-6.08153448745525756e-09
2.87530000000000001e+01,2.87530000000000001e+01,1.20957742095569075e-03,-8.41357475575427172e-05,-8.41357368591584001e-05,-4.04924793577804800e-09,-4.04924742089095328e-09,-2.02462371044547622e-09,-6.07387164622352423e-09,-6.07387113133642950e-09
2.87602500000000028e+01,2.87602500000000028e+01,1.20896766749496211e-03,-8.40721357530521685e-05,-8.40721250681035151e-05,-4.04414675413703231e-09,-4.04414624015579465e-09,-2.02207312007789691e-09,-6.06621987421492922e-09,-6.06621936023369156e-09
2.87675000000000018e+01,2.87675000000000018e+01,1.20835837498727136e-03,-8.40085880583069100e-05,-8.40085773867921314e-05,-4.03905328222278874e-09,-4.03905276914647344e-09,-2.01952638457323672e-09,-6.05857966679602546e-09,-6.05857915371971015e-09
2.87747500000000009e+01,2.87747500000000009e+01,1.20774954296811680e-03,-8.39451043925382168e-05,-8.39450937344801760e-05,-4.03396750644334852e-09,-4.03396699427220869e-09,-2.01698349713610434e-09,-6.05095100357945286e-09,-6.05095049140831303e-09
2.87820000000000000e+01,2.87820000000000000e+01,1.20714117097357959e-03,-8.38816846752132861e-05,-8.38816740305454539e-05,-4.02888941323959185e-09,-4.02888890196958507e-09,-2.01444445098479212e-09,-6.04333386422438439e-09,-6.04333335295437760e-09
2.87892500000000027e+01,2.87892500000000027e+01,1.20653325854032617e-03,-8.38183288257299264e-05,-8.38183181944875935e-05,-4.02381898907052249e-09,-4.02381847870249909e-09,-2.01190923935124996e-09,-6.03572822842177245e-09,-6.03572771805374905e-09
2.87965000000000018e+01,2.87965000000000018e+01,1.20592580520560624e-03,-8.37550367638051352e-05,-8.37550261459278845e-05,-4.01875622043189002e-09,-4.01875571096210949e-09,-2.00937785548105433e-09,-6.02813407591294477e-09,-6.02813356644316424e-09
2.88037500000000009e+01,2.88037500000000009e+01,1.20531881050725130e-03,-8.36918084091003989e-05,-8.36917978046088573e-05,-4.01370109383813748e-09,-4.01370058526674789e-09,-2.00685029263337394e-09,-6.02055138647151143e-09,-6.02055087790012183e-09
2.88109999999999999e+01,2.88109999999999999e+01,1.20471227398367443e-03,-8.36286436815825152e-05,-8.36286330903942562e-05,-4.00865359583966959e-09,-4.00865308816188073e-09,-2.00432654408094036e-09,-6.01298013992060995e-09,-6.01297963224282109e-09
2.88182500000000026e+01,2.88182500000000026e+01,1.20410619517386831e-03,-8.35655425011350150e-05,-8.35655319232686327e-05,-4.00361371300416342e-09,-4.00361320622003154e-09,-2.00180660311001577e-09,-6.00542031611417960e-09,-6.00541980933004772e-09
2.88255000000000017e+01,2.88255000000000017e+01,1.20350057361740784e-03,-8.35025047879189852e-05,-8.35024942233375083e-05,-3.99858143193382256e-09,-3.99858092604074287e-09,-1.99929046302037185e-09,-5.99787189495419400e-09,-5.99787138906111431e-09
2.88327500000000008e+01,2.88327500000000008e+01,1.20289540885444362e-03,-8.34395304621371459e-05,-8.34395199108266559e-05,-3.99355673925401168e-09,-3.99355623425048533e-09,-1.99677811712524225e-09,-5.99033485637925434e-09,-5.99033435137572799e-09
2.88399999999999999e+01,2.88399999999999999e+01,1.20229070042570697e-03,-8.33766194440893615e-05,-8.33766089060823169e-05,-3.98853962161586954e-09,-3.98853911750261866e-09,-1.99426955875130933e-09,-5.98280918036717928e-09,-5.98280867625392757e-09
2.88472500000000025e+01,2.88472500000000025e+01,1.20168644787250404e-03,-8.33137716543808082e-05,-8.33137611295706860e-05,-3.98353006570621948e-09,-3.98352956247732063e-09,-1.99176478123865990e-09,-5.97529484694487897e-09,-5.97529434371598095e-09
2.88545000000000016e+01,2.88545000000000016e+01,1.20108265073671843e-03,-8.32509870134640062e-05,-8.32509765018779249e-05,-3.97852805822560779e-09,-3.97852755588153163e-09,-1.98926377794076623e-09,-5.96779183616637360e-09,-5.96779133382229744e-09
2.88617500000000007e+01,2.88617500000000007e+01,1.20047930856080902e-03,-8.31882654420967871e-05,-8.31882549437098644e-05,-3.97353358591016272e-09,-3.97353308444889507e-09,-1.98676654222444712e-09,-5.96030012813460943e-09,-5.96029962667334178e-09
2.88689999999999998e+01,2.88689999999999998e+01,1.19987642088780822e-03,-8.31256068611341270e-05,-8.31255963758916649e-05,-3.96854663552157823e-09,-3.96854613493968464e-09,-1.98427306746984232e-09,-5.95281970299142014e-09,-5.95281920240952654e-09
2.88762500000000024e+01,2.88762500000000024e+01,1.19927398726132244e-03,-8.30630111914171243e-05,-8.30630007193678034e-05,-3.96356719384177696e-09,-3.96356669414076040e-09,-1.98178334707037979e-09,-5.94535054091215675e-09,-5.94535004121114019e-09
2.88835000000000015e+01,2.88835000000000015e+01,1.19867200722553269e-03,-8.30004783541199442e-05,-8.30004678952019379e-05,-3.95859524768941664e-09,-3.95859474886550684e-09,-1.97929737443275383e-09,-5.93789262212217006e-09,-5.93789212329826026e-09
2.88907500000000006e+01,2.88907500000000006e+01,1.19807048032518791e-03,-8.29380082704167521e-05,-8.29379978245762297e-05,-3.95363078390394123e-09,-3.95363028595375502e-09,-1.97681514297687792e-09,-5.93044592688081957e-09,-5.93044542893063253e-09
2.88979999999999997e+01,2.88979999999999997e+01,1.19746940610561186e-03,-8.28756008614955908e-05,-8.28755904287917363e-05,-3.94867378934620544e-09,-3.94867329227174872e-09,-1.97433664613587436e-09,-5.92301043548207980e-09,-5.92300993840762308e-09
2.89052500000000023e+01,2.89052500000000023e+01,1.19686878411269602e-03,-8.28132560489053260e-05,-8.28132456292677611e-05,-3.94372425091495628e-09,-3.94372375471206172e-09,-1.97186187735603086e-09,-5.91558612827098714e-09,-5.91558563206809258e-09
2.89125000000000014e+01,2.89125000000000014e+01,1.19626861389290256e-03,-8.27509737541254342e-05,-8.27509633475418939e-05,-3.93878215552628674e-09,-3.93878166019355889e-09,-1.96939083009677944e-09,-5.90817298562306619e-09,-5.90817249029033833e-09
2.89197500000000005e+01,2.89197500000000005e+01,1.19566889499326135e-03,-8.26887538987880477e-05,-8.26887435052696721e-05,-3.93384749012416002e-09,-3.93384699566131846e-09,-1.96692349783065923e-09,-5.90077098795481925e-09,-5.90077049349197769e-09
2.89270000000000032e+01,2.89270000000000032e+01,1.19506962696136997e-03,-8.26265964047334656e-05,-8.26265860242244183e-05,-3.92892024168300520e-09,-3.92891974808658570e-09,-1.96445987404329244e-09,-5.89338011572629722e-09,-5.89337962212987772e-09
2.89342500000000022e+01,2.89342500000000022e+01,1.19447080934539256e-03,-8.25645011938297424e-05,-8.25644908262970366e-05,-3.92400039719907899e-09,-3.92399990446670755e-09,-1.96199995223335377e-09,-5.88600034943243318e-09,-5.88599985670006173e-09
2.89415000000000013e+01,2.89415000000000013e+01,1.19387244169405970e-03,-8.25024681880143218e-05,-8.25024578334958232e-05,-3.91908794369240716e-09,-3.91908745182507804e-09,-1.95954372591253902e-09,-5.87863166960494659e-09,-5.87863117773761747e-09
2.89487500000000004e+01,2.89487500000000004e+01,1.19327452355666658e-03,-8.24404973095299587e-05,-8.24404869679462224e-05,-3.91418286821793820e-09,-3.91418237721107627e-09,-1.95709118860553772e-09,-5.87127405682347634e-09,-5.87127356581661358e-09
2.89560000000000031e+01,2.89560000000000031e+01,1.19267705448307133e-03,-8.23785884805638968e-05,-8.23785781518905419e-05,-3.90928515784835371e-09,-3.90928466770000103e-09,-1.95464233385000051e-09,-5.86392749169835464e-09,-5.86392700155000113e-09
2.89632500000000022e+01,2.89632500000000022e+01,1.19208003402369845e-03,-8.23167416234144023e-05,-8.23167313076880746e-05,-3.90439479968194148e-09,-3.90439431039303856e-09,-1.95219715519651928e-09,-5.85659195487846035e-09,-5.85659146558955742e-09
2.89705000000000013e+01,2.89705000000000013e+01,1.19148346172953212e-03,-8.22549566606434190e-05,-8.22549463578144759e-05,-3.89951178084977627e-09,-3.89951129241717071e-09,-1.94975564620858494e-09,-5.84926742705836080e-09,-5.84926693862575524e-09
2.89777500000000003e+01,2.89777500000000003e+01,1.19088733715211922e-03,-8.21932335147851356e-05,-8.21932232248617762e-05,-3.89463608850185045e-09,-3.89463560092513446e-09,-1.94731780046256723e-09,-5.84195388896441768e-09,-5.84195340138770169e-09
2.89850000000000030e+01,2.89850000000000030e+01,1.19029165984356759e-03,-8.21315721086096628e-05,-8.21315618315382055e-05,-3.88976770981952970e-09,-3.88976722309536643e-09,-1.94488361154768363e-09,-5.83465132136721374e-09,-5.83465083464305048e-09
2.89922500000000021e+01,2.89922500000000021e+01,1.18969642935654431e-03,-8.20699723649009893e-05,-8.20699621006678817e-05,-3.88490663200498330e-09,-3.88490614613194008e-09,-1.94245307306597004e-09,-5.82735970507095334e-09,-5.82735921919791012e-09
2.89995000000000012e+01,2.89995000000000012e+01,1.18910164524427676e-03,-8.20084342065957594e-05,-8.20084239551907286e-05,-3.88005284228770560e-09,-3.88005235726450526e-09,-1.94002617863225263e-09,-5.82007902091995823e-09,-5.82007853589675789e-09
2.90067500000000003e+01,2.90067500000000003e+01,1.18850730706054897e-03,-8.19469575567971509e-05,-8.19469473181620836e-05,-3.87520632792512733e-09,-3.87520584374823285e-09,-1.93760292187411684e-09,-5.81280924979924417e-09,-5.81280876562234969e-09
2.90140000000000029e+01,2.90140000000000029e+01,1.18791341435970309e-03,-8.18855423385667081e-05,-8.18855321127526703e-05,-3.87036707619271839e-09,-3.87036659286375931e-09,-1.93518329643187965e-09,-5.80555037262459804e-09,-5.80554988929563896e-09
2.90212500000000020e+01,2.90212500000000020e+01,1.18731996669663967e-03,-8.18241884752851645e-05,-8.18241782622484900e-05,-3.86553507440101117e-09,-3.86553459191713620e-09,-1.93276729595856851e-09,-5.79830237035957969e-09,-5.79830188787570472e-09
2.90285000000000011e+01,2.90285000000000011e+01,1.18672696362681152e-03,-8.17628958903610092e-05,-8.17628856900502255e-05,-3.86071030988175777e-09,-3.86070982823975414e-09,-1.93035491411987707e-09,-5.79106522400163443e-09,-5.79106474235963080e-09
2.90357500000000002e+01,2.90357500000000002e+01,1.18613440470622961e-03,-8.17016645072304870e-05,-8.17016543196734851e-05,-3.85589276998790098e-09,-3.85589228918830387e-09,-1.92794614459415194e-09,-5.78383891458205333e-09,-5.78383843378245540e-09
2.90430000000000028e+01,2.90430000000000028e+01,1.18554228949145635e-03,-8.16404942496351538e-05,-8.16404840747482198e-05,-3.85108244210662720e-09,-3.85108196214470598e-09,-1.92554098107235299e-09,-5.77662342317898061e-09,-5.77662294321705855e-09
2.90502500000000019e+01,2.90502500000000019e+01,1.18495061753960988e-03,-8.15793850411777877e-05,-8.15793748790189264e-05,-3.84627931363835693e-09,-3.84627883451607200e-09,-1.92313941725803600e-09,-5.76941873089639334e-09,-5.76941825177410759e-09
2.90575000000000010e+01,2.90575000000000010e+01,1.18435938840835936e-03,-8.15183368058497448e-05,-8.15183266563440921e-05,-3.84148337202158410e-09,-3.84148289373462834e-09,-1.92074144686731417e-09,-5.76222481888889869e-09,-5.76222434060194293e-09
2.90647500000000001e+01,2.90647500000000001e+01,1.18376860165592514e-03,-8.14573494675591148e-05,-8.14573393306961268e-05,-3.83669460471056625e-09,-3.83669412725766828e-09,-1.91834706362883414e-09,-5.75504166833939998e-09,-5.75504119088650201e-09
2.90720000000000027e+01,2.90720000000000027e+01,1.18317825684107966e-03,-8.13964229503666425e-05,-8.13964128261612270e-05,-3.83191299918640953e-09,-3.83191252256750070e-09,-1.91595626128375035e-09,-5.74786926047015947e-09,-5.74786878385125147e-09
2.90792500000000018e+01,2.90792500000000018e+01,1.18258835352314483e-03,-8.13355571785551179e-05,-8.13355470669391192e-05,-3.82713854296028812e-09,-3.82713806717138720e-09,-1.91356903358569402e-09,-5.74070757654598213e-09,-5.74070710075708122e-09
2.90865000000000009e+01,2.90865000000000009e+01,1.18199889126199072e-03,-8.12747520763518194e-05,-8.12747419773428016e-05,-3.82237122356032097e-09,-3.82237074860148671e-09,-1.91118537430074335e-09,-5.73355659786106433e-09,-5.73355612290223006e-09
2.90937500000000000e+01,2.90937500000000000e+01,1.18140986961803775e-03,-8.12140075681921925e-05,-8.12139974817985174e-05,-3.81761102854394566e-09,-3.81761055441480333e-09,-1.90880527720740166e-09,-5.72641630575134691e-09,-5.72641583162220457e-09
2.91010000000000026e+01,2.91010000000000026e+01,1.18082128815225171e-03,-8.11533235787337270e-05,-8.11533135048453076e-05,-3.81285794549851472e-09,-3.81285747219312433e-09,-1.90642873609656217e-09,-5.71928668159507688e-09,-5.71928620828968650e-09
2.91082500000000017e+01,2.91082500000000017e+01,1.18023314642614588e-03,-8.10927000324951353e-05,-8.10926899711350379e-05,-3.80811196202429050e-09,-3.80811148954297301e-09,-1.90405574477148609e-09,-5.71216770679577659e-09,-5.71216723431445910e-09
2.91155000000000008e+01,2.91155000000000008e+01,1.17964544400178065e-03,-8.10321368542449294e-05,-8.10321268054321953e-05,-3.80337306575266299e-09,-3.80337259409554991e-09,-1.90168629704777496e-09,-5.70505936280043836e-09,-5.70505889114332528e-09
2.91227499999999999e+01,2.91227499999999999e+01,1.17905818044175960e-03,-8.09716339689042774e-05,-8.09716239326134822e-05,-3.79864124434153496e-09,-3.79864077350667250e-09,-1.89932038675333625e-09,-5.69796163109487080e-09,-5.69796116026000834e-09
2.91300000000000026e+01,2.91300000000000026e+01,1.17847135530923142e-03,-8.09111913015053696e-05,-8.09111812776677883e-05,-3.79391648547332021e-09,-3.79391601545672467e-09,-1.89695800772836233e-09,-5.69087449320168296e-09,-5.69087402318508742e-09
2.91372500000000016e+01,2.91372500000000016e+01,1.17788496816788779e-03,-8.08508087770665185e-05,-8.08507987656959881e-05,-3.78919877684903997e-09,-3.78919830765060463e-09,-1.89459915382530232e-09,-5.68379793067434187e-09,-5.68379746147590736e-09
2.91445000000000007e+01,2.91445000000000007e+01,1.17729901858196402e-03,-8.07904863208419588e-05,-8.07904763219107511e-05,-3.78448810619999439e-09,-3.78448763781766455e-09,-1.89224381890883269e-09,-5.67673192510882667e-09,-5.67673145672649682e-09
2.91517499999999998e+01,2.91517499999999998e+01,1.17671350611623575e-03,-8.07302238581275589e-05,-8.07302138716362293e-05,-3.77978446127860985e-09,-3.77978399371165757e-09,-1.88989199685582879e-09,-5.66967645813443863e-09,-5.66967599056748636e-09
2.91590000000000025e+01,2.91590000000000025e+01,1.17612843033602097e-03,-8.06700213143857203e-05,-8.06700113403080313e-05,-3.77508782986423908e-09,-3.77508736311068328e-09,-1.88754368155534164e-09,-5.66263151141958071e-09,-5.66263104466602492e-09
2.91662500000000016e+01,2.91662500000000016e+01,1.17554379080717715e-03,-8.06098786151482338e-05,-8.06098686534729097e-05,-3.77039819975857532e-09,-3.77039773381713800e-09,-1.88519886690856859e-09,-5.65559706666714432e-09,-5.65559660072570700e-09
2.91735000000000007e+01,2.91735000000000007e+01,1.17495958709610149e-03,-8.05497956860995457e-05,-8.05497857367886257e-05,-3.76571555878949373e-09,-3.76571509365765034e-09,-1.88285754682882517e-09,-5.64857310561831931e-09,-5.64857264048647509e-09
2.91807499999999997e+01,2.91807499999999997e+01,1.17437581876972874e-03,-8.04897724529796132e-05,-8.04897625160236649e-05,-3.76103989480647129e-09,-3.76103943048303482e-09,-1.88051971524151741e-09,-5.64155961004798829e-09,-5.64155914572455265e-09
2.91880000000000024e+01,2.91880000000000024e+01,1.17379248539553312e-03,-8.04298088416949275e-05,-8.04297989170572235e-05,-3.75637119568572691e-09,-3.75637073216823567e-09,-1.87818536608411784e-09,-5.63455656176984433e-09,-5.63455609825235392e-09
2.91952500000000015e+01,2.91952500000000015e+01,1.17320958654152404e-03,-8.03699047782213682e-05,-8.03698948658788015e-05,-3.75170944932564214e-09,-3.75170898661227468e-09,-1.87585449330613693e-09,-5.62756394263177948e-09,-5.62756347991841119e-09
2.92025000000000006e+01,2.92025000000000006e+01,1.17262712177624911e-03,-8.03100601885903265e-05,-8.03100502885882437e-05,-3.74705464364606634e-09,-3.74705418173819661e-09,-1.87352709086909831e-09,-5.62058173451516506e-09,-5.62058127260729533e-09
2.92097499999999997e+01,2.92097499999999997e+01,1.17204509066878956e-03,-8.02502749991385045e-05,-8.02502651113953059e-05,-3.74240676659993033e-09,-3.74240630549301131e-09,-1.87120315274650566e-09,-5.61360991934643557e-09,-5.61360945823951656e-09
2.92170000000000023e+01,2.92170000000000023e+01,1.17146349278876159e-03,-8.01905491360915823e-05,-8.01905392606196008e-05,-3.73776580615377534e-09,-3.73776534584764408e-09,-1.86888267292382204e-09,-5.60664847907759696e-09,-5.60664801877146654e-09
2.92242500000000014e+01,2.92242500000000014e+01,1.17088232770631612e-03,-8.01308825259250401e-05,-8.01308726626904756e-05,-3.73313175030454314e-09,-3.73313129079688602e-09,-1.86656564539844301e-09,-5.59969739570298615e-09,-5.59969693619532903e-09
2.92315000000000005e+01,2.92315000000000005e+01,1.17030159499213575e-03,-8.00712750951421137e-05,-8.00712652441466061e-05,-3.72850458706917426e-09,-3.72850412835933284e-09,-1.86425206417966642e-09,-5.59275665124884110e-09,-5.59275619253899885e-09
2.92387500000000031e+01,2.92387500000000031e+01,1.16972129421743631e-03,-8.00117267704264501e-05,-8.00117169316360096e-05,-3.72388430449167747e-09,-3.72388384657733441e-09,-1.86194192328866700e-09,-5.58582622778034426e-09,-5.58582576986600161e-09
2.92460000000000022e+01,2.92460000000000022e+01,1.16914142495396444e-03,-7.99522374785172074e-05,-7.99522276519157744e-05,-3.71927089063727210e-09,-3.71927043351694880e-09,-1.85963521675847461e-09,-5.57890610739574712e-09,-5.57890565027542341e-09
2.92532500000000013e+01,2.92532500000000013e+01,1.16856198677399805e-03,-7.98928071462923217e-05,-7.98927973318518830e-05,-3.71466433359621706e-09,-3.71466387726787950e-09,-1.85733193863393996e-09,-5.57199627223015702e-09,-5.57199581590181987e-09
2.92605000000000004e+01,2.92605000000000004e+01,1.16798297925034349e-03,-7.98334357006991180e-05,-7.98334258984189282e-05,-3.71006462148053978e-09,-3.71006416594342529e-09,-1.85503208297171244e-09,-5.56509670445225242e-09,-5.56509624891513752e-09
2.92677500000000030e+01,2.92677500000000030e+01,1.16740440195633771e-03,-7.97741230688653324e-05,-7.97741132787001126e-05,-3.70547174242915351e-09,-3.70547128768043066e-09,-1.85273564384021574e-09,-5.55820738626936926e-09,-5.55820693152064598e-09
2.92750000000000021e+01,2.92750000000000021e+01,1.16682625446584503e-03,-7.97148691779325791e-05,-7.97148593998869370e-05,-3.70088568460007858e-09,-3.70088523063923657e-09,-1.85044261531961808e-09,-5.55132829991969645e-09,-5.55132784595885444e-09
2.92822500000000012e+01,2.92822500000000012e+01,1.16624853635325775e-03,-7.96556739552090054e-05,-7.96556641892790109e-05,-3.69630643617748371e-09,-3.69630598300361555e-09,-1.84815299150180798e-09,-5.54445942767929211e-09,-5.54445897450542394e-09
2.92895000000000003e+01,2.92895000000000003e+01,1.16567124719349469e-03,-7.95965373281415367e-05,-7.95965275742839301e-05,-3.69173398537035843e-09,-3.69173353298073400e-09,-1.84586676649036721e-09,-5.53760075186072523e-09,-5.53760029947110121e-09
2.92967500000000030e+01,2.92967500000000030e+01,1.16509438656199962e-03,-7.95374592242187317e-05,-7.95374494824169518e-05,-3.68716832040795530e-09,-3.68716786880108651e-09,-1.84358393440054305e-09,-5.53075225480849814e-09,-5.53075180320162935e-09
2.93040000000000020e+01,2.93040000000000020e+01,1.16451795403474325e-03,-7.94784395710401714e-05,-7.94784298413010623e-05,-3.68260942954297579e-09,-3.68260897871846063e-09,-1.84130448935923011e-09,-5.52391391890220631e-09,-5.52391346807769073e-09
2.93112500000000011e+01,2.93112500000000011e+01,1.16394194918821971e-03,-7.94194782963719703e-05,-7.94194685786665295e-05,-3.67805730105409195e-09,-3.67805685100986825e-09,-1.83902842550493413e-09,-5.51708572655902566e-09,-5.51708527651480196e-09
2.93185000000000002e+01,2.93185000000000002e+01,1.16336637159944597e-03,-7.93605753280773873e-05,-7.93605656223507949e-05,-3.67351192324268690e-09,-3.67351147397550095e-09,-1.83675573698775068e-09,-5.51026766023043779e-09,-5.51026721096325184e-09
2.93257500000000029e+01,2.93257500000000029e+01,1.16279122084596244e-03,-7.93017305940196815e-05,-7.93017209002983649e-05,-3.66897328442831857e-09,-3.66897283593867950e-09,-1.83448641796933975e-09,-5.50345970239765812e-09,-5.50345925390801946e-09
2.93330000000000020e+01,2.93330000000000020e+01,1.16221649650583253e-03,-7.92429440223119119e-05,-7.92429343405606345e-05,-3.66444137296024317e-09,-3.66444092524580757e-09,-1.83222046262290358e-09,-5.49666183558314695e-09,-5.49666138786871136e-09
2.93402500000000011e+01,2.93402500000000011e+01,1.16164219815763923e-03,-7.91842155410810156e-05,-7.91842058712955219e-05,-3.65991617720644507e-09,-3.65991573026630513e-09,-1.82995786513315277e-09,-5.48987404233959805e-09,-5.48987359539945811e-09
2.93475000000000001e+01,2.93475000000000001e+01,1.16106832538048700e-03,-7.91255450786065850e-05,-7.91255354207674949e-05,-3.65539768556002230e-09,-3.65539723939257245e-09,-1.82769861969628602e-09,-5.48309630525630874e-09,-5.48309585908885888e-09
2.93547500000000028e+01,2.93547500000000028e+01,1.16049487775399924e-03,-7.90669325632653575e-05,-7.90669229173472193e-05,-3.65088588643657136e-09,-3.65088544103992769e-09,-1.82544272051996385e-09,-5.47632860695653541e-09,-5.47632816155989133e-09
2.93620000000000019e+01,2.93620000000000019e+01,1.15992185485831950e-03,-7.90083779235450923e-05,-7.90083682895115718e-05,-3.64638076827479147e-09,-3.64638032364657006e-09,-1.82319016182328482e-09,-5.46957093009807588e-09,-5.46957048546985529e-09
2.93692500000000010e+01,2.93692500000000010e+01,1.15934925627410811e-03,-7.89498810880029378e-05,-7.89498714658432200e-05,-3.64188231953451387e-09,-3.64188187567351157e-09,-1.82094093783675599e-09,-5.46282325737127006e-09,-5.46282281351026776e-09
2.93765000000000001e+01,2.93765000000000001e+01,1.15877708158254361e-03,-7.88914419852931870e-05,-7.88914323750306229e-05,-3.63739052869795038e-09,-3.63739008560454067e-09,-1.81869504280227033e-09,-5.45608557150022091e-09,-5.45608512840681079e-09
2.93837500000000027e+01,2.93837500000000027e+01,1.15820533036532108e-03,-7.88330605442782995e-05,-7.88330509458677592e-05,-3.63290538427476282e-09,-3.63290494194616265e-09,-1.81645247097308153e-09,-5.44935785524784435e-09,-5.44935741291924377e-09
2.93910000000000018e+01,2.93910000000000018e+01,1.15763400220465144e-03,-7.87747366938623683e-05,-7.87747271072540193e-05,-3.62842687479434500e-09,-3.62842643322755832e-09,-1.81421321661377895e-09,-5.44264009140812354e-09,-5.44263964984133727e-09
2.93982500000000009e+01,2.93982500000000009e+01,1.15706309668326020e-03,-7.87164703629772422e-05,-7.87164607881938661e-05,-3.62395498880514275e-09,-3.62395454800052029e-09,-1.81197727400026015e-09,-5.43593226280540331e-09,-5.43593182200078044e-09
2.94055000000000000e+01,2.94055000000000000e+01,1.15649261338438849e-03,-7.86582614807629366e-05,-7.86582519177969034e-05,-3.61948971488292494e-09,-3.61948927483941824e-09,-1.80974463741970933e-09,-5.42923435230263386e-09,-5.42923391225912799e-09
2.94127500000000026e+01,2.94127500000000026e+01,1.15592255189178898e-03,-7.86001099764843669e-05,-7.86001004252774008e-05,-3.61503104162690230e-09,-3.61503060234113440e-09,-1.80751530117056720e-09,-5.42254634279746971e-09,-5.42254590351170181e-09
2.94200000000000017e+01,2.94200000000000017e+01,1.15535291178972955e-03,-7.85420157794064488e-05,-7.85420062399544162e-05,-3.61057895765394133e-09,-3.61057851912502839e-09,-1.80528925956251419e-09,-5.41586821721645552e-09,-5.41586777868754216e-09
2.94272500000000008e+01,2.94272500000000008e+01,1.15478369266298789e-03,-7.84839788189328758e-05,-7.84839692912513349e-05,-3.60613345160490709e-09,-3.60613301383287227e-09,-1.80306650691643593e-09,-5.40919995852134323e-09,-5.40919952074930841e-09
2.94344999999999999e+01,2.94344999999999999e+01,1.15421489409685512e-03,-7.84259990246338745e-05,-7.84259895086959237e-05,-3.60169451214589824e-09,-3.60169407512881296e-09,-1.80084703756440669e-09,-5.40254154971030472e-09,-5.40254111269321945e-09
2.94417500000000025e+01,2.94417500000000025e+01,1.15364651567713048e-03,-7.83680763262184499e-05,-7.83680668219199244e-05,-3.59726212796692056e-09,-3.59726169169931304e-09,-1.79863084584965652e-09,-5.39589297381657688e-09,-5.39589253754896935e-09
2.94490000000000016e+01,2.94490000000000016e+01,1.15307855699012512e-03,-7.83102106532568287e-05,-7.83102011606591079e-05,-3.59283628776911125e-09,-3.59283585225311311e-09,-1.79641792612655676e-09,-5.38925421389566760e-09,-5.38925377837967029e-09
2.94562500000000007e+01,2.94562500000000007e+01,1.15251101762265848e-03,-7.82524019356245493e-05,-7.82523924547529629e-05,-3.58841698028508582e-09,-3.58841654552117147e-09,-1.79420827276058573e-09,-5.38262525304567135e-09,-5.38262481828175741e-09
2.94634999999999998e+01,2.94634999999999998e+01,1.15194389716205873e-03,-7.81946501033220498e-05,-7.81946406341445325e-05,-3.58400419427060765e-09,-3.58400376025661937e-09,-1.79200188012830989e-09,-5.37600607439891713e-09,-5.37600564038492927e-09
2.94707500000000024e+01,2.94707500000000024e+01,1.15137719519616010e-03,-7.81369550864885465e-05,-7.81369456288801576e-05,-3.57959791850517934e-09,-3.57959748523470856e-09,-1.78979874261735449e-09,-5.36939666112253341e-09,-5.36939622785206346e-09
2.94780000000000015e+01,2.94780000000000015e+01,1.15081091131330471e-03,-7.80793168150689665e-05,-7.80793073691094761e-05,-3.57519814177675025e-09,-3.57519770925277110e-09,-1.78759885462638596e-09,-5.36279699640313622e-09,-5.36279656387915707e-09
2.94852500000000006e+01,2.94852500000000006e+01,1.15024504510234161e-03,-7.80217352194106928e-05,-7.80217257850851931e-05,-3.57080485290901679e-09,-3.57080442113016442e-09,-1.78540221056508242e-09,-5.35620706347409962e-09,-5.35620663169524642e-09
2.94924999999999997e+01,2.94924999999999997e+01,1.14967959615262338e-03,-7.79642102299166195e-05,-7.79642008071627284e-05,-3.56641804074547681e-09,-3.56641760970821791e-09,-1.78320880485410875e-09,-5.34962684559958535e-09,-5.34962641456232687e-09
2.94997500000000024e+01,2.94997500000000024e+01,1.14911456405400762e-03,-7.79067417770312742e-05,-7.79067323658002160e-05,-3.56203769414876250e-09,-3.56203726385018995e-09,-1.78101863192509518e-09,-5.34305632607385789e-09,-5.34305589577528492e-09
2.95070000000000014e+01,2.95070000000000014e+01,1.14854994839685650e-03,-7.78493297911853066e-05,-7.78493203915583693e-05,-3.55766380199807035e-09,-3.55766337244122486e-09,-1.77883168622061264e-09,-5.33649548821868299e-09,-5.33649505866183709e-09
2.95142500000000005e+01,2.95142500000000005e+01,1.14798574877203550e-03,-7.77919742031840666e-05,-7.77919648151001962e-05,-3.55329635320688100e-09,-3.55329592438829752e-09,-1.77664796219414876e-09,-5.32994431540103018e-09,-5.32994388658244629e-09
2.95215000000000032e+01,2.95215000000000032e+01,1.14742196477091011e-03,-7.77346749437496376e-05,-7.77346655671906872e-05,-3.54893533670197948e-09,-3.54893490862015585e-09,-1.77446745431007813e-09,-5.32340279101205740e-09,-5.32340236293023418e-09
2.95287500000000023e+01,2.95287500000000023e+01,1.14685859598535086e-03,-7.76774319437428806e-05,-7.76774225786970867e-05,-3.54458074143357283e-09,-3.54458031408730094e-09,-1.77229015704365026e-09,-5.31687089847722330e-09,-5.31687047113095141e-09
2.95360000000000014e+01,2.95360000000000014e+01,1.14629564200772593e-03,-7.76202451341911903e-05,-7.76202357805881609e-05,-3.54023255637650608e-09,-3.54023212976190440e-09,-1.77011606488095199e-09,-5.31034862125745766e-09,-5.31034819464285680e-09
2.95432500000000005e+01,2.95432500000000005e+01,1.14573310243090525e-03,-7.75631144460248168e-05,-7.75631051039344152e-05,-3.53589077051819866e-09,-3.53589034463778553e-09,-1.76794517231889235e-09,-5.30383594283709122e-09,-5.30383551695667768e-09
2.95505000000000031e+01,2.95505000000000031e+01,1.14517097684825836e-03,-7.75060398105348325e-05,-7.75060304799078361e-05,-3.53155537287949058e-09,-3.53155494773035391e-09,-1.76577747386517696e-09,-5.29733284674466754e-09,-5.29733242159553129e-09
2.95577500000000022e+01,2.95577500000000022e+01,1.14460926485365246e-03,-7.74490211590123101e-05,-7.74490118397816067e-05,-3.52722635249814842e-09,-3.52722592807656591e-09,-1.76361296403828296e-09,-5.29083931653643159e-09,-5.29083889211484866e-09
2.95650000000000013e+01,2.95650000000000013e+01,1.14404796604145281e-03,-7.73920584227483221e-05,-7.73920491149299985e-05,-3.52290369842882651e-09,-3.52290327473486805e-09,-1.76145163736743444e-09,-5.28435533579626116e-09,-5.28435491210230270e-09
2.95722500000000004e+01,2.95722500000000004e+01,1.14348708000652278e-03,-7.73351515332282302e-05,-7.73351422368282902e-05,-3.51858739975188670e-09,-3.51858697678516269e-09,-1.75929348839258155e-09,-5.27788088814446805e-09,-5.27788046517774445e-09
2.95795000000000030e+01,2.95795000000000030e+01,1.14292660634422098e-03,-7.72783004220345404e-05,-7.72782911370524148e-05,-3.51427744556892581e-09,-3.51427702332874844e-09,-1.75713851166437422e-09,-5.27141595723329982e-09,-5.27141553499312287e-09
2.95867500000000021e+01,2.95867500000000021e+01,1.14236654465040325e-03,-7.72215050209162923e-05,-7.72214957472789736e-05,-3.50997382500589491e-09,-3.50997340348828462e-09,-1.75498670174414252e-09,-5.26496052675003764e-09,-5.26496010523242693e-09
2.95940000000000012e+01,2.95940000000000012e+01,1.14180689452141786e-03,-7.71647652615947699e-05,-7.71647559992848432e-05,-3.50567652720422371e-09,-3.50567610640773211e-09,-1.75283805320386605e-09,-5.25851458040808997e-09,-5.25851415961159796e-09
2.96012500000000003e+01,2.96012500000000003e+01,1.14124765555411031e-03,-7.71080810758467683e-05,-7.71080718249472834e-05,-3.50138554132457344e-09,-3.50138512125231569e-09,-1.75069256062615764e-09,-5.25207810195073150e-09,-5.25207768187847333e-09
2.96085000000000029e+01,2.96085000000000029e+01,1.14068882734581789e-03,-7.70514523958515385e-05,-7.70514431562434906e-05,-3.49710085656255579e-09,-3.49710043720847197e-09,-1.74855021860423619e-09,-5.24565107516679219e-09,-5.24565065581270795e-09
2.96157500000000020e+01,2.96157500000000020e+01,1.14013040949437054e-03,-7.69948791535801647e-05,-7.69948699252506112e-05,-3.49282246212095782e-09,-3.49282204348380839e-09,-1.74641102174190440e-09,-5.23923348386286243e-09,-5.23923306522571300e-09
2.96230000000000011e+01,2.96230000000000011e+01,1.13957240159809109e-03,-7.69383612811702644e-05,-7.69383520641454973e-05,-3.48855034722672399e-09,-3.48854992930704869e-09,-1.74427496465352434e-09,-5.23282531188024854e-09,-5.23282489396057324e-09
2.96302500000000002e+01,2.96302500000000002e+01,1.13901480325579374e-03,-7.68818987109398666e-05,-7.68818895052045579e-05,-3.48428450113154138e-09,-3.48428408392799439e-09,-1.74214204196399740e-09,-5.22642654309553858e-09,-5.22642612589199158e-09
2.96375000000000028e+01,2.96375000000000028e+01,1.13845761406678229e-03,-7.68254913753319002e-05,-7.68254821808035150e-05,-3.48002491310927710e-09,-3.48002449661746857e-09,-1.74001224830873428e-09,-5.22003716141801159e-09,-5.22003674492620306e-09
2.96447500000000019e+01,2.96447500000000019e+01,1.13790083363085148e-03,-7.67691392066921496e-05,-7.67691300234173900e-05,-3.47577157244588461e-09,-3.47577115666728278e-09,-1.73788557833364180e-09,-5.21365715077952621e-09,-5.21365673500092437e-09
2.96520000000000010e+01,2.96520000000000010e+01,1.13734446154828547e-03,-7.67128421376717107e-05,-7.67128329656202189e-05,-3.47152446845759920e-09,-3.47152405339018286e-09,-1.73576202669509163e-09,-5.20728649515269042e-09,-5.20728608008527449e-09
2.96592500000000001e+01,2.96592500000000001e+01,1.13678849741985543e-03,-7.66566001009078013e-05,-7.66565909400848222e-05,-3.46728359047643754e-09,-3.46728317611979847e-09,-1.73364158805989923e-09,-5.20092517853633636e-09,-5.20092476417969770e-09
2.96665000000000028e+01,2.96665000000000028e+01,1.13623294084682193e-03,-7.66004130292596841e-05,-7.66004038795828183e-05,-3.46304892786083725e-09,-3.46304851421060505e-09,-1.73152425710530253e-09,-5.19457318496613957e-09,-5.19457277131590737e-09
2.96737500000000018e+01,2.96737500000000018e+01,1.13567779143093129e-03,-7.65442808554755993e-05,-7.65442717169842848e-05,-3.45882046998056341e-09,-3.45882005703787875e-09,-1.72941002851893958e-09,-5.18823049849950319e-09,-5.18823008555681813e-09
2.96810000000000009e+01,2.96810000000000009e+01,1.13512304877441770e-03,-7.64882035125535875e-05,-7.64881943852577581e-05,-3.45459820623297620e-09,-3.45459779399764636e-09,-1.72729889699882297e-09,-5.18189710323179958e-09,-5.18189669099646975e-09
2.96882500000000000e+01,2.96882500000000000e+01,1.13456871247999934e-03,-7.64321809336582225e-05,-7.64321718174698275e-05,-3.45038212603922762e-09,-3.45038171450663611e-09,-1.72519085725331826e-09,-5.17557298329254547e-09,-5.17557257175995436e-09
2.96955000000000027e+01,2.96955000000000027e+01,1.13401478215087947e-03,-7.63762130518430560e-05,-7.63762039467851618e-05,-3.44617221883168914e-09,-3.44617180800223960e-09,-1.72308590400111980e-09,-5.16925812283280894e-09,-5.16925771200335940e-09
2.97027500000000018e+01,2.97027500000000018e+01,1.13346125739074749e-03,-7.63202998003975619e-05,-7.63202907064664009e-05,-3.44196847406958454e-09,-3.44196806394246967e-09,-1.72098403197123504e-09,-5.16295250604082000e-09,-5.16295209591370471e-09
2.97100000000000009e+01,2.97100000000000009e+01,1.13290813780377378e-03,-7.62644411127361144e-05,-7.62644320298736954e-05,-3.43777088123393179e-09,-3.43777047180590075e-09,-1.71888523590295037e-09,-5.15665611713688175e-09,-5.15665570770885071e-09
2.97172499999999999e+01,2.97172499999999999e+01,1.13235542299461290e-03,-7.62086369222453319e-05,-7.62086278504648279e-05,-3.43357942982062236e-09,-3.43357902109163586e-09,-1.71678951054581772e-09,-5.15036894036644029e-09,-5.15036853163745379e-09
2.97245000000000026e+01,2.97245000000000026e+01,1.13180311256840102e-03,-7.61528871625338777e-05,-7.61528781017948751e-05,-3.42939410935165107e-09,-3.42939370131925570e-09,-1.71469685065962785e-09,-5.14409096001127892e-09,-5.14409055197888355e-09
2.97317500000000017e+01,2.97317500000000017e+01,1.13125120613075613e-03,-7.60971917672242926e-05,-7.60971827175161932e-05,-3.42521490936569325e-09,-3.42521450202878100e-09,-1.71260725101439071e-09,-5.13782216038008417e-09,-5.13782175304317151e-09
2.97390000000000008e+01,2.97390000000000008e+01,1.13069970328777631e-03,-7.60415506700362620e-05,-7.60415416313780802e-05,-3.42104181942182086e-09,-3.42104141278061838e-09,-1.71052070639030919e-09,-5.13156252581213005e-09,-5.13156211917092757e-09
2.97462499999999999e+01,2.97462499999999999e+01,1.13014860364604080e-03,-7.59859638048560049e-05,-7.59859547772267612e-05,-3.41687482910258908e-09,-3.41687442315552224e-09,-1.70843721157776133e-09,-5.12531204068035021e-09,-5.12531163473328378e-09
2.97535000000000025e+01,2.97535000000000025e+01,1.12959790681260567e-03,-7.59304311056946402e-05,-7.59304220890050235e-05,-3.41271392801211565e-09,-3.41271352275454231e-09,-1.70635676137727136e-09,-5.11907068938938743e-09,-5.11907028413181409e-09
2.97607500000000016e+01,2.97607500000000016e+01,1.12904761239500818e-03,-7.58749525064383867e-05,-7.58749435007523786e-05,-3.40855910576482330e-09,-3.40855870119899464e-09,-1.70427935059949732e-09,-5.11283845636432083e-09,-5.11283805179849217e-09
2.97680000000000007e+01,2.97680000000000007e+01,1.12849772000126239e-03,-7.58195279413204082e-05,-7.58195189466045609e-05,-3.40441035200661106e-09,-3.40440994813039916e-09,-1.70220497406519979e-09,-5.10661532607181106e-09,-5.10661492219559874e-09
2.97752499999999998e+01,2.97752499999999998e+01,1.12794822923985923e-03,-7.57641573445738681e-05,-7.57641483607935550e-05,-3.40026765639921972e-09,-3.40026725321044661e-09,-1.70013362660522330e-09,-5.10040128300444261e-09,-5.10040087981566950e-09
2.97825000000000024e+01,2.97825000000000024e+01,1.12739913971976577e-03,-7.57088406505151967e-05,-7.57088316776473243e-05,-3.39613100862393841e-09,-3.39613060612094723e-09,-1.69806530306047362e-09,-5.09419631168441223e-09,-5.09419590918142064e-09
2.97897500000000015e+01,2.97897500000000015e+01,1.12685045105042681e-03,-7.56535777935163356e-05,-7.56535688315898385e-05,-3.39200039838033321e-09,-3.39199999656380144e-09,-1.69599999828190072e-09,-5.08800039666223434e-09,-5.08799999484570257e-09
2.97970000000000006e+01,2.97970000000000006e+01,1.12630216284176007e-03,-7.55983687081573930e-05,-7.55983597571406531e-05,-3.38787581539304289e-09,-3.38787541426093318e-09,-1.69393770713046639e-09,-5.08181352252350907e-09,-5.08181312139139978e-09
2.98042499999999997e+01,2.98042499999999997e+01,1.12575427470415859e-03,-7.55432133290739882e-05,-7.55432043889149097e-05,-3.38375724940490337e-09,-3.38375684895426352e-09,-1.69187842447713217e-09,-5.07563567388203513e-09,-5.07563527343139528e-09
2.98115000000000023e+01,2.98115000000000023e+01,1.12520678624848831e-03,-7.54881115909294964e-05,-7.54881026616230783e-05,-3.37964469017566807e-09,-3.37964429040565931e-09,-1.68982214520282965e-09,-5.06946683537849793e-09,-5.06946643560848875e-09
2.98187500000000014e+01,2.98187500000000014e+01,1.12465969708609010e-03,-7.54330634285260704e-05,-7.54330545100710117e-05,-3.37553812748694863e-09,-3.37553772839689805e-09,-1.68776886419844902e-09,-5.06330699168539786e-09,-5.06330659259534687e-09
2.98260000000000005e+01,2.98260000000000005e+01,1.12411300682877489e-03,-7.53780687767630075e-05,-7.53780598691594438e-05,-3.37143755114030997e-09,-3.37143715272961001e-09,-1.68571857636480480e-09,-5.05715612750511477e-09,-5.05715572909441481e-09
2.98332500000000032e+01,2.98332500000000032e+01,1.12356671508882680e-03,-7.53231275706367498e-05,-7.53231186738841118e-05,-3.36734295095723469e-09,-3.36734255322524676e-09,-1.68367127661262358e-09,-5.05101422756985827e-09,-5.05101382983786993e-09
2.98405000000000022e+01,2.98405000000000022e+01,1.12302082147900046e-03,-7.52682397453102725e-05,-7.52682308593354986e-05,-3.36325431678218941e-09,-3.36325391972503568e-09,-1.68162695986251764e-09,-5.04488127664470684e-09,-5.04488087958755311e-09
2.98477500000000013e+01,2.98477500000000013e+01,1.12247532561251975e-03,-7.52134052359187955e-05,-7.52133963606985210e-05,-3.35917163847390053e-09,-3.35917124208992996e-09,-1.67958562104496477e-09,-5.03875725951886530e-09,-5.03875686313489432e-09
2.98550000000000004e+01,2.98550000000000004e+01,1.12193022710307976e-03,-7.51586239776669274e-05,-7.51586151132527063e-05,-3.35509490590966921e-09,-3.35509451020057545e-09,-1.67754725510028772e-09,-5.03264216100995714e-09,-5.03264176530086297e-09
2.98622500000000031e+01,2.98622500000000031e+01,1.12138552556484352e-03,-7.51038959060368327e-05,-7.51038870523717037e-05,-3.35102410899462626e-09,-3.35102371395725899e-09,-1.67551185697862970e-09,-5.02653596597325576e-09,-5.02653557093588849e-09
2.98695000000000022e+01,2.98695000000000022e+01,1.12084122061244218e-03,-7.50492209564690427e-05,-7.50492121135232985e-05,-3.34695923764744386e-09,-3.34695884327987286e-09,-1.67347942163993643e-09,-5.02043865928738009e-09,-5.02043826491980909e-09
2.98767500000000013e+01,2.98767500000000013e+01,1.12029731186097468e-03,-7.49945990644873550e-05,-7.49945902322692086e-05,-3.34290028180587808e-09,-3.34289988810786636e-09,-1.67144994405393339e-09,-5.01435022585981188e-09,-5.01434983216179975e-09
2.98840000000000003e+01,2.98840000000000003e+01,1.11975379892600741e-03,-7.49400301657265899e-05,-7.49400213442649895e-05,-3.33884723142797406e-09,-3.33884683840020777e-09,-1.66942341920010388e-09,-5.00827065062807774e-09,-5.00827025760031186e-09
2.98912500000000030e+01,2.98912500000000030e+01,1.11921068142357126e-03,-7.48855141960574899e-05,-7.48855053852596412e-05,-3.33480007649758830e-09,-3.33479968413533140e-09,-1.66739984206766570e-09,-5.00219991856525400e-09,-5.00219952620299710e-09
2.98985000000000021e+01,2.98985000000000021e+01,1.11866795897016440e-03,-7.48310510912258975e-05,-7.48310422910958257e-05,-3.33075880700828134e-09,-3.33075841531111406e-09,-1.66537920765555703e-09,-4.99613801466383837e-09,-4.99613762296667109e-09
2.99057500000000012e+01,2.99057500000000012e+01,1.11812563118274862e-03,-7.47766407871858219e-05,-7.47766319977093781e-05,-3.32672341297812065e-09,-3.32672302194481461e-09,-1.66336151097240689e-09,-4.99008492395052754e-09,-4.99008453291722150e-09
2.99130000000000003e+01,2.99130000000000003e+01,1.11758369767875039e-03,-7.47222832199467835e-05,-7.47222744411292939e-05,-3.32269388444284430e-09,-3.32269349407303844e-09,-1.66134674703651901e-09,-4.98404063147936310e-09,-4.98404024110955766e-09
2.99202500000000029e+01,2.99202500000000029e+01,1.11704215807605913e-03,-7.46679783256709584e-05,-7.46679695574775659e-05,-3.31867021146014830e-09,-3.31866982175169650e-09,-1.65933491087584846e-09,-4.97800512233599655e-09,-4.97800473262754516e-09
2.99275000000000020e+01,2.99275000000000020e+01,1.11650101199302809e-03,-7.46137260405344005e-05,-7.46137172829690489e-05,-3.31465238410348480e-09,-3.31465199505596727e-09,-1.65732599752798343e-09,-4.97197838163146802e-09,-4.97197799258395049e-09
2.99347500000000011e+01,2.99347500000000011e+01,1.11596025904847152e-03,-7.45595263008935749e-05,-7.45595175539111885e-05,-3.31064039246942151e-09,-3.31064000408024255e-09,-1.65532000204012128e-09,-4.96596039450954258e-09,-4.96596000612036403e-09
2.99420000000000002e+01,2.99420000000000002e+01,1.11541989886166531e-03,-7.45053790431049467e-05,-7.45053703067039805e-05,-3.30663422666959612e-09,-3.30663383893809524e-09,-1.65331691946904762e-09,-4.95995114613864353e-09,-4.95995075840714306e-09
2.99492500000000028e+01,2.99492500000000028e+01,1.11487993105234637e-03,-7.44512842036776368e-05,-7.44512754778397677e-05,-3.30263387683746116e-09,-3.30263348976223421e-09,-1.65131674488111710e-09,-4.95395062171857827e-09,-4.95395023464335131e-09
2.99565000000000019e+01,2.99565000000000019e+01,1.11434035524071197e-03,-7.43972417191485214e-05,-7.43972330039031177e-05,-3.29863933312270919e-09,-3.29863894670446795e-09,-1.64931947335223418e-09,-4.94795880647494316e-09,-4.94795842005670192e-09
2.99637500000000010e+01,2.99637500000000010e+01,1.11380117104741883e-03,-7.43432515262903992e-05,-7.43432428215706472e-05,-3.29465058570046193e-09,-3.29465019993565574e-09,-1.64732509996782787e-09,-4.94197568566828960e-09,-4.94197529990348382e-09
2.99710000000000001e+01,2.99710000000000001e+01,1.11326237809358081e-03,-7.42893135618344358e-05,-7.42893048676107501e-05,-3.29066762475893335e-09,-3.29066723964566424e-09,-1.64533361982283212e-09,-4.93600124458176505e-09,-4.93600085946849636e-09
2.99782500000000027e+01,2.99782500000000027e+01,1.11272397600077210e-03,-7.42354277625811854e-05,-7.42354190788836526e-05,-3.28669044050432235e-09,-3.28669005604333768e-09,-1.64334502802166884e-09,-4.93003546852599098e-09,-4.93003508406500631e-09
2.99855000000000018e+01,2.99855000000000018e+01,1.11218596439102333e-03,-7.41815940655393691e-05,-7.41815853923411824e-05,-3.28271902316692238e-09,-3.28271863935644992e-09,-1.64135931967822496e-09,-4.92407834284514755e-09,-4.92407795903467509e-09
2.99927500000000009e+01,2.99927500000000009e+01,1.11164834288682182e-03,-7.41278124077454637e-05,-7.41278037450264976e-05,-3.27875336299309323e-09,-3.27875297983165852e-09,-1.63937648991582947e-09,-4.91812985290892270e-09,-4.91812946974748840e-09
3.00000000000000000e+01,3.00000000000000000e+01,1.11111111111111111e-03,-7.40740567538866745e-05,-7.40740740740740731e-05,-3.27479230201407222e-09,-3.27479306773447208e-09,-1.63739653386723604e-09,-4.91218883588130847e-09,-4.91218960160170833e-09
