x,r,b,b_prime_fd,b_prime_exact,rho_fd,rho_exact,p_radial,nec_fd,nec_exact
1.00000000000000000e+00,1.00000000000000000e+00,1.00000000000000000e+00,-9.99897123381373376e-01,-1.00000000000000000e+00,-3.97846424423780806e-02,-3.97887357729738364e-02,-3.97887357729738364e-02,-7.95733782153519170e-02,-7.95774715459476728e-02
1.00724999999999998e+00,1.00724999999999998e+00,9.92802184164805146e-01,-9.85707244948244465e-01,-9.85656176882407697e-01,-3.86574797289043343e-02,-3.86554769408250162e-02,-3.86554769408250162e-02,-7.73129566697293436e-02,-7.73109538816500325e-02
1.01449999999999996e+00,1.01449999999999996e+00,9.85707244948250461e-01,-9.71668396540053436e-01,-9.71618772743470194e-01,-3.75641974891732233e-02,-3.75622790588716407e-02,-3.75622790588716476e-02,-7.51264765480448710e-02,-7.51245581177432953e-02
1.02174999999999994e+00,1.02174999999999994e+00,9.78712992414974337e-01,-9.57927351747585476e-01,-9.57879121521873600e-01,-3.65092928711359815e-02,-3.65074546822247437e-02,-3.65074546822247437e-02,-7.30167475533607252e-02,-7.30149093644494873e-02
1.02899999999999991e+00,1.02899999999999991e+00,9.71817298347910641e-01,-9.44475746600701882e-01,-9.44428861368232009e-01,-3.54911605476908448e-02,-3.54893987117528703e-02,-3.54893987117528703e-02,-7.09805592594437151e-02,-7.09787974235057406e-02
1.03624999999999989e+00,1.03624999999999989e+00,9.65018094089264311e-01,-9.31305508718637043e-01,-9.31259921919676104e-01,-3.45082729909963679e-02,-3.45065838334765174e-02,-3.45065838334765243e-02,-6.90148568244728922e-02,-6.90131676669530347e-02
1.04350000000000009e+00,1.04350000000000009e+00,9.58313368471490068e-01,-9.18408845195600065e-01,-9.18364512191173876e-01,-3.35591761930987692e-02,-3.35575562401611502e-02,-3.35575562401611571e-02,-6.71167324332599263e-02,-6.71151124803223142e-02
1.05075000000000007e+00,1.05075000000000007e+00,9.51701165833928053e-01,-9.05778231069461981e-01,-9.05735109049657816e-01,-3.26424856495584823e-02,-3.26409316158399049e-02,-3.26409316158399049e-02,-6.52834172653983802e-02,-6.52818632316798098e-02
1.05800000000000005e+00,1.05800000000000005e+00,9.45179584120982907e-01,-8.93406398342108332e-01,-8.93364446239114263e-01,-3.17568825882540082e-02,-3.17553913654335870e-02,-3.17553913654335870e-02,-6.35122739536875952e-02,-6.35107827308671741e-02
1.06525000000000003e+00,1.06525000000000003e+00,9.38746773057967610e-01,-8.81286325520733271e-01,-8.81245503926747276e-01,-3.09011104268181146e-02,-3.08996790729583887e-02,-3.08996790729583887e-02,-6.18007894997765067e-02,-6.17993581459167773e-02
1.07250000000000001e+00,1.07250000000000001e+00,9.32400932400932358e-01,-8.69411227652662433e-01,-8.69371498742128046e-01,-3.00739714434314874e-02,-3.00725971730253921e-02,-3.00725971730253887e-02,-6.01465686164568761e-02,-6.01451943460507843e-02
1.07974999999999999e+00,1.07974999999999999e+00,9.26140310257003940e-01,-8.57774546826988171e-01,-8.57735874282939514e-01,-2.92743236467810711e-02,-2.92730038214552742e-02,-2.92730038214552742e-02,-5.85473274682363487e-02,-5.85460076429105483e-02
1.08699999999999997e+00,1.08699999999999997e+00,9.19963201471941106e-01,-8.46369943118119750e-01,-8.46332292062503377e-01,-2.85010778320299238e-02,-2.84998099518608480e-02,-2.84998099518608446e-02,-5.70008877838907718e-02,-5.69996199037216961e-02
1.09424999999999994e+00,1.09424999999999994e+00,9.13867946081791227e-01,-8.35191285948198470e-01,-8.35154622875751707e-01,-2.77531948106064900e-02,-2.77519765059988030e-02,-2.77519765059987995e-02,-5.55051713166052896e-02,-5.55039530119976060e-02
1.10149999999999992e+00,1.10149999999999992e+00,9.07852927825692269e-01,-8.24232645846038281e-01,-8.24196938561681636e-01,-2.70296828024732816e-02,-2.70285118265664662e-02,-2.70285118265664662e-02,-5.40581946290397478e-02,-5.40570236531329323e-02
1.10874999999999990e+00,1.10874999999999990e+00,9.01916572717023746e-01,-8.13488286582156661e-01,-8.13453504141622430e-01,-2.63295949803627992e-02,-2.63284692019259102e-02,-2.63284692019259137e-02,-5.26580641822887163e-02,-5.26569384038518273e-02
1.11600000000000010e+00,1.11600000000000010e+00,8.96057347670250803e-01,-8.02952657660391367e-01,-8.02918770313844732e-01,-2.56520271562033671e-02,-2.56509445529819018e-02,-2.56509445529819052e-02,-5.13029717091852688e-02,-5.13018891059638105e-02
1.12325000000000008e+00,1.12325000000000008e+00,8.90273759180948088e-01,-7.92620387147501049e-01,-7.92587366286176764e-01,-2.49961156006381253e-02,-2.49950742531276672e-02,-2.49950742531276672e-02,-4.99911898537657926e-02,-4.99901485062553344e-02
1.13050000000000006e+00,1.13050000000000006e+00,8.84564352056612102e-01,-7.82486274823952499e-01,-7.82454092929333989e-01,-2.43610349871991143e-02,-2.43600330728065174e-02,-2.43600330728065174e-02,-4.87210680600056317e-02,-4.87200661456130349e-02
1.13775000000000004e+00,1.13775000000000004e+00,8.78927708196000856e-01,-7.72545285638962298e-01,-7.72513916234674469e-01,-2.37459964532497625e-02,-2.37450322408251889e-02,-2.37450322408251924e-02,-4.74910286940749549e-02,-4.74900644816503847e-02
1.14500000000000002e+00,1.14500000000000002e+00,8.73362445414847199e-01,-7.62792543454978045e-01,-7.62761961061001914e-01,-2.31502457703894153e-02,-2.31493176150962508e-02,-2.31493176150962543e-02,-4.62995633854856731e-02,-4.62986352301925086e-02
1.15225000000000000e+00,1.15225000000000000e+00,8.67867216315903689e-01,-7.53223325066713301e-01,-7.53193505155915544e-01,-2.25730616174860572e-02,-2.25721679559895728e-02,-2.25721679559895694e-02,-4.51452295734756232e-02,-4.51443359119791388e-02
1.15949999999999998e+00,1.15949999999999998e+00,8.62440707201379886e-01,-7.43833054481171985e-01,-7.43803973438016297e-01,-2.20137539499843174e-02,-2.20128932959373080e-02,-2.20128932959373080e-02,-4.40266472459216254e-02,-4.40257865918746161e-02
1.16674999999999995e+00,1.16674999999999995e+00,8.57081637025926768e-01,-7.34617297445808504e-01,-7.34588932527042493e-01,-2.14716624595643682e-02,-2.14708333993672354e-02,-2.14708333993672319e-02,-4.29424958589316036e-02,-4.29416667987344708e-02
1.17399999999999993e+00,1.17399999999999993e+00,8.51788756388415669e-01,-7.25571756212424646e-01,-7.25544085509723824e-01,-2.09461551186183002e-02,-2.09453563074379449e-02,-2.09453563074379449e-02,-4.18915114260562452e-02,-4.18907126148758899e-02
1.18124999999999991e+00,1.18124999999999991e+00,8.46560846560846625e-01,-7.16692264525377709e-01,-7.16665266929817357e-01,-2.04366268043896827e-02,-2.04358569624192958e-02,-2.04358569624192958e-02,-4.08724837668089785e-02,-4.08717139248385916e-02
1.18849999999999989e+00,1.18849999999999989e+00,8.41396718552797740e-01,-7.07974782823207249e-01,-7.07948437991415935e-01,-1.99424979979615571e-02,-1.99417559069040781e-02,-1.99417559069040747e-02,-3.98842539048656353e-02,-3.98835118138081562e-02
1.19575000000000009e+00,1.19575000000000009e+00,8.36295212209909988e-01,-6.99415393643228356e-01,-6.99389681965218446e-01,-1.94632135535921652e-02,-1.94624980533551449e-02,-1.94624980533551449e-02,-3.89257116069473136e-02,-3.89249961067102898e-02
1.20300000000000007e+00,1.20300000000000007e+00,8.31255195344970832e-01,-6.91010297219506242e-01,-6.90985199788005655e-01,-1.89982415342020740e-02,-1.89975515197877351e-02,-1.89975515197877351e-02,-3.79957930539898125e-02,-3.79951030395754702e-02
1.21025000000000005e+00,1.21025000000000005e+00,8.26275562900227190e-01,-6.82755807264861403e-01,-6.82731305846087322e-01,-1.85470721090820398e-02,-1.85464065276604792e-02,-1.85464065276604827e-02,-3.70934786367425190e-02,-3.70928130553209584e-02
1.21750000000000003e+00,1.21750000000000003e+00,8.21355236139630351e-01,-6.74648346928130138e-01,-6.74624423933987916e-01,-1.81092165101489344e-02,-1.81085743583042497e-02,-1.81085743583042531e-02,-3.62177908684531841e-02,-3.62171487166084993e-02
1.22475000000000001e+00,1.22475000000000001e+00,8.16493161869769390e-01,-6.66684444918530517e-01,-6.66661083380093444e-01,-1.76842060433178121e-02,-1.76835863644542075e-02,-1.76835863644542075e-02,-3.53677924077720196e-02,-3.53671727289084151e-02
1.23199999999999998e+00,1.23199999999999998e+00,8.11688311688311681e-01,-6.58860731789197018e-01,-6.58837915331421775e-01,-1.72715911517728922e-02,-1.72709930336711268e-02,-1.72709930336711337e-02,-3.45425841854440224e-02,-3.45419860673422605e-02
1.23924999999999996e+00,1.23924999999999996e+00,8.06939681258825980e-01,-6.51173936372494211e-01,-6.51151649190095605e-01,-1.68709405281287222e-02,-1.68703631006430904e-02,-1.68703631006430939e-02,-3.37413036287718127e-02,-3.37407262012861808e-02
1.24649999999999994e+00,1.24649999999999994e+00,8.02246289610910601e-01,-6.43620882359982716e-01,-6.43599109194473051e-01,-1.64818402726605237e-02,-1.64812827055492092e-02,-1.64812827055492092e-02,-3.29631229782097329e-02,-3.29625654110984184e-02
1.25375000000000014e+00,1.25375000000000014e+00,7.97607178464606048e-01,-6.36198485020543103e-01,-6.36177211138269971e-01,-1.61038930949674690e-02,-1.61033545958450923e-02,-1.61033545958450888e-02,-3.22072476908125543e-02,-3.22067091916901777e-02
1.26100000000000012e+00,1.26100000000000012e+00,7.93021411578112567e-01,-6.28903748050149147e-01,-6.28882959221342186e-01,-1.57367175565886405e-02,-1.57361973689950987e-02,-1.57361973689950987e-02,-3.14729149255837393e-02,-3.14723947379901975e-02
1.26825000000000010e+00,1.26825000000000010e+00,7.88488074117878912e-01,-6.21733760547321879e-01,-6.21713443026121748e-01,-1.53799473522516980e-02,-1.53794447538306133e-02,-1.53794447538306116e-02,-3.07593921060823096e-02,-3.07588895076612232e-02
1.27550000000000008e+00,1.27550000000000008e+00,7.84006272050176367e-01,-6.14685694108665359e-01,-6.14665834614015139e-01,-1.50332306275794744e-02,-1.50327449283577663e-02,-1.50327449283577663e-02,-3.00659755559372424e-02,-3.00654898567155326e-02
1.28275000000000006e+00,1.28275000000000006e+00,7.79575131553303380e-01,-6.07756800038899314e-01,-6.07737385736350277e-01,-1.46962293312071779e-02,-1.46957598719719244e-02,-1.46957598719719262e-02,-2.93919892031791058e-02,-2.93915197439438489e-02
1.29000000000000004e+00,1.29000000000000004e+00,7.75193798449612337e-01,-6.00944406670492981e-01,-6.00925425154738235e-01,-1.43686185993983397e-02,-1.43681647501615536e-02,-1.43681647501615536e-02,-2.87367833495598933e-02,-2.87363295003231073e-02
1.29725000000000001e+00,1.29725000000000001e+00,7.70861437656581217e-01,-5.94245916787741635e-01,-5.94227356065971213e-01,-1.40500861713518006e-02,-1.40496473299009644e-02,-1.40496473299009644e-02,-2.80997335012527633e-02,-2.80992946598019287e-02
1.30449999999999999e+00,1.30449999999999999e+00,7.66577232656190155e-01,-5.87658805150816477e-01,-5.87640653626822607e-01,-1.37403318335122086e-02,-1.37399074240406351e-02,-1.37399074240406351e-02,-2.74802392575528437e-02,-2.74798148480812701e-02
1.31174999999999997e+00,1.31174999999999997e+00,7.62340384981894381e-01,-5.81180616115389626e-01,-5.81162862574343020e-01,-1.34390668912944700e-02,-1.34386563631057002e-02,-1.34386563631056985e-02,-2.68777232544001668e-02,-2.68773127262113970e-02
1.31899999999999995e+00,1.31899999999999995e+00,7.58150113722517061e-01,-5.74808961343556746e-01,-5.74791594937465566e-01,-1.31460136667256658e-02,-1.31456164930085356e-02,-1.31456164930085356e-02,-2.62916301597342014e-02,-2.62912329860170713e-02
1.32624999999999993e+00,1.32624999999999993e+00,7.54005655042412903e-01,-5.68541517602184854e-01,-5.68524527835938098e-01,-1.28609050206018091e-02,-1.28605206972705194e-02,-1.28605206972705194e-02,-2.57214257178723302e-02,-2.57210413945410388e-02
1.33349999999999991e+00,1.33349999999999991e+00,7.49906261717285361e-01,-5.62376024644720474e-01,-5.62359401362793720e-01,-1.25834838978334720e-02,-1.25831119424312365e-02,-1.25831119424312365e-02,-2.51665958402647084e-02,-2.51662238848624729e-02
1.34074999999999989e+00,1.34074999999999989e+00,7.45851202685064441e-01,-5.56310283173054643e-01,-5.56294016546757031e-01,-1.23135028947411011e-02,-1.23131428454016194e-02,-1.23131428454016194e-02,-2.46266457401427205e-02,-2.46262856908032388e-02
1.34800000000000009e+00,1.34800000000000009e+00,7.41839762611275932e-01,-5.50342152875906265e-01,-5.50326233391154163e-01,-1.20507238471265297e-02,-1.20503752615901787e-02,-1.20503752615901804e-02,-2.41010991087167101e-02,-2.41007505231803573e-02
1.35525000000000007e+00,1.35525000000000007e+00,7.37871241468363692e-01,-5.44469550540384262e-01,-5.44453968986064352e-01,-1.17949174380166805e-02,-1.17945798927001841e-02,-1.17945798927001841e-02,-2.35894973307168646e-02,-2.35891597854003682e-02
1.36250000000000004e+00,1.36250000000000004e+00,7.33944954128440297e-01,-5.38690448233879238e-01,-5.38675195690598407e-01,-1.15458628240465468e-02,-1.15455359131591984e-02,-1.15455359131591967e-02,-2.30913987372057435e-02,-2.30910718263183934e-02
1.36975000000000002e+00,1.36975000000000002e+00,7.30060229968972463e-01,-5.33002871552973545e-01,-5.32987939382348896e-01,-1.13033472794953505e-02,-1.13030306142028816e-02,-1.13030306142028834e-02,-2.26063778936982339e-02,-2.26060612284057633e-02
1.37700000000000000e+00,1.37700000000000000e+00,7.26216412490922281e-01,-5.27404897936776251e-01,-5.27390277771185412e-01,-1.10671658570585772e-02,-1.10668590646907320e-02,-1.10668590646907320e-02,-2.21340249217493110e-02,-2.21337181293814640e-02
1.38424999999999998e+00,1.38424999999999998e+00,7.22412858948889292e-01,-5.21894655041982958e-01,-5.21880338774707853e-01,-1.08371210644860015e-02,-1.08368237877843662e-02,-1.08368237877843662e-02,-2.16739448522703659e-02,-2.16736475755687323e-02
1.39149999999999996e+00,1.39149999999999996e+00,7.18648939992813540e-01,-5.16470319177045667e-01,-5.16456298952794546e-01,-1.06130225562644578e-02,-1.06127344526683823e-02,-1.06127344526683823e-02,-2.12257570089328385e-02,-2.12254689053367647e-02
1.39874999999999994e+00,1.39874999999999994e+00,7.14924039320822158e-01,-5.11130113792894747e-01,-5.11116381998800495e-01,-1.03946868395693101e-02,-1.03944075805401451e-02,-1.03944075805401433e-02,-2.07890944201094552e-02,-2.07888151610802902e-02
1.40600000000000014e+00,1.40600000000000014e+00,7.11237553342816464e-01,-5.05872308028180839e-01,-5.05858857285075625e-01,-1.01819369937605920e-02,-1.01816662641384271e-02,-1.01816662641384271e-02,-2.03636032578990191e-02,-2.03633325282768542e-02
1.41325000000000012e+00,1.41325000000000012e+00,7.07588890854413566e-01,-5.00695215306457442e-01,-5.00682038460579126e-01,-9.97460240272722912e-03,-9.97433990012177099e-03,-9.97433990012177099e-03,-1.99489423028490001e-02,-1.99486798002435420e-02
1.42050000000000010e+00,1.42050000000000010e+00,7.03977472720872854e-01,-4.95597191983478069e-01,-4.95584282098467332e-01,-9.77251849943442351e-03,-9.77226393364564669e-03,-9.77226393364564495e-03,-1.95447824330800685e-02,-1.95445278672912934e-02
1.42775000000000007e+00,1.42775000000000007e+00,7.00402731570653136e-01,-4.90576636042419523e-01,-4.90563986391632345e-01,-9.57552652205613704e-03,-9.57527961452384231e-03,-9.57527961452384058e-03,-1.91508061365799759e-02,-1.91505592290476812e-02
1.43500000000000005e+00,1.43500000000000005e+00,6.96864111498257777e-01,-4.85631985835091484e-01,-4.85619589894256298e-01,-9.38347328111159736e-03,-9.38323376439314724e-03,-9.38323376439314551e-03,-1.87667070455047429e-02,-1.87664675287862945e-02
1.44225000000000003e+00,1.44225000000000003e+00,6.93361067776044337e-01,-4.80761718867370291e-01,-4.80749570307536345e-01,-9.19621093705850524e-03,-9.19597855433244848e-03,-9.19597855433244848e-03,-1.83921894913909520e-02,-1.83919571086648970e-02
1.44950000000000001e+00,1.44950000000000001e+00,6.89893066574680969e-01,-4.75964350627108956e-01,-4.75952443307817163e-01,-9.01359678782414318e-03,-9.01337129241723024e-03,-9.01337129241723024e-03,-1.80269680802413734e-02,-1.80267425848344605e-02
1.45674999999999999e+00,1.45674999999999999e+00,6.86459584691951230e-01,-4.71238433452654704e-01,-4.71226761415446171e-01,-8.83549306577994728e-03,-8.83527422071872341e-03,-8.83527422071872515e-03,-1.76707672864986724e-02,-1.76705484414374503e-02
1.46399999999999997e+00,1.46399999999999997e+00,6.83060109289617468e-01,-4.66582555440581359e-01,-4.66571112902744167e-01,-8.66176674369952167e-03,-8.66155432128349646e-03,-8.66155432128349646e-03,-1.73233210649830181e-02,-1.73231086425669929e-02
1.47124999999999995e+00,1.47124999999999995e+00,6.79694137638062856e-01,-4.61995339391016557e-01,-4.61984120739549975e-01,-8.49228934925905753e-03,-8.49208313065414992e-03,-8.49208313065414819e-03,-1.69843724799132040e-02,-1.69841662613082964e-02
1.47849999999999993e+00,1.47849999999999993e+00,6.76361176868447767e-01,-4.57475441789028991e-01,-4.57464441574871705e-01,-8.32693678766325759e-03,-8.32673656251547642e-03,-8.32673656251547815e-03,-1.66536733501787340e-02,-1.66534731250309528e-02
1.48574999999999990e+00,1.48574999999999990e+00,6.73060743732121880e-01,-4.53021551820789625e-01,-4.53010764753237039e-01,-8.16558917200531711e-03,-8.16539473807242552e-03,-8.16539473807242552e-03,-1.63309839100777426e-02,-1.63307894761448510e-02
1.49300000000000010e+00,1.49300000000000010e+00,6.69792364367046145e-01,-4.48632390423014726e-01,-4.48621811364397938e-01,-8.00813066098545606e-03,-8.00794182378715760e-03,-8.00794182378715587e-03,-1.60160724847726102e-02,-1.60158836475743152e-02
1.50024999999999986e+00,1.50024999999999986e+00,6.66555574070988199e-01,-4.44306709364532537e-01,-4.44296333325104653e-01,-7.85444930363735951e-03,-7.85426587612222081e-03,-7.85426587612221908e-03,-1.57087151797595803e-02,-1.57085317522444382e-02
1.50750000000000006e+00,1.50750000000000006e+00,6.63349917081260343e-01,-4.40043290358794081e-01,-4.40033112491714951e-01,-7.70443689072869420e-03,-7.70425869295517703e-03,-7.70425869295517703e-03,-1.54086955836838721e-02,-1.54085173859103541e-02
1.51475000000000004e+00,1.51475000000000004e+00,6.60174946360785553e-01,-4.35840944205821756e-01,-4.35830959802466111e-01,-7.55798881251295695e-03,-7.55781567134789466e-03,-7.55781567134789379e-03,-1.51158044838608507e-02,-1.51156313426957893e-02
1.52200000000000002e+00,1.52200000000000002e+00,6.57030223390275947e-01,-4.31698509962906485e-01,-4.31688714448275890e-01,-7.41500392253976320e-03,-7.41483567136971486e-03,-7.41483567136971486e-03,-1.48298395939094781e-02,-1.48296713427394297e-02
1.52925000000000000e+00,1.52925000000000000e+00,6.53915317966323406e-01,-4.27614854142710499e-01,-4.27605243070997787e-01,-7.27538440723393860e-03,-7.27522088568973054e-03,-7.27522088568973140e-03,-1.45506052929236691e-02,-1.45504417713794611e-02
1.53649999999999998e+00,1.53649999999999998e+00,6.50829808005206623e-01,-4.23588869937702839e-01,-4.23579438988094137e-01,-7.13903566097245489e-03,-7.13887671466779082e-03,-7.13887671466779082e-03,-1.42779123756402448e-02,-1.42777534293355816e-02
1.54375000000000018e+00,1.54375000000000018e+00,6.47773279352226616e-01,-4.19619476470160180e-01,-4.19610221442737852e-01,-7.00586616640658244e-03,-7.00571164668782956e-03,-7.00571164668782956e-03,-1.40115778130944120e-02,-1.40114232933756591e-02
1.55100000000000016e+00,1.55100000000000016e+00,6.44745325596389307e-01,-4.15705618066560589e-01,-4.15696534878394086e-01,-6.87578737978208118e-03,-6.87563714349022186e-03,-6.87563714349022186e-03,-1.37514245232723022e-02,-1.37512742869804437e-02
1.55825000000000014e+00,1.55825000000000014e+00,6.41745547890261503e-01,-4.11846263555652570e-01,-4.11837348236971879e-01,-6.74871362102965125e-03,-6.74856753027215130e-03,-6.74856753027215043e-03,-1.34972811513018008e-02,-1.34971350605443026e-02
1.56550000000000011e+00,1.56550000000000011e+00,6.38773554774832331e-01,-4.08040405589112254e-01,-4.08031654279675693e-01,-6.62456196840274791e-03,-6.62441989033676903e-03,-6.62441989033676903e-03,-1.32489818587395169e-02,-1.32488397806735381e-02
1.57275000000000009e+00,1.57275000000000009e+00,6.35828962009219456e-01,-4.04287059984078212e-01,-4.04278468929721468e-01,-6.50325215745662343e-03,-6.50311396408287910e-03,-6.50311396408287997e-03,-1.30063661215395025e-02,-1.30062279281657582e-02
1.58000000000000007e+00,1.58000000000000007e+00,6.32911392405063222e-01,-4.00585265086917275e-01,-4.00576830636115933e-01,-6.38470648417322189e-03,-6.38457205213736022e-03,-6.38457205213736022e-03,-1.27692785363105812e-02,-1.27691441042747204e-02
1.58725000000000005e+00,1.58725000000000005e+00,6.30020475665459156e-01,-3.96934081157141350e-01,-3.96925799757731401e-01,-6.26884971203887573e-03,-6.26871892244238935e-03,-6.26871892244238848e-03,-1.25375686344812651e-02,-1.25374378448847787e-02
1.59450000000000003e+00,1.59450000000000003e+00,6.27155848228284740e-01,-3.93332589770849950e-01,-3.93324457966939323e-01,-6.15560898289809876e-03,-6.15548172111887899e-03,-6.15548172111887899e-03,-1.23110907040169769e-02,-1.23109634422377580e-02
1.60175000000000001e+00,1.60175000000000001e+00,6.24317153113781775e-01,-3.89779893243186848e-01,-3.89771907672097240e-01,-6.04491373141674733e-03,-6.04478988693638898e-03,-6.04478988693638985e-03,-1.20897036183531363e-02,-1.20895797738727780e-02
1.60899999999999999e+00,1.60899999999999999e+00,6.21504039776258566e-01,-3.86275114068851622e-01,-3.86267271458209160e-01,-5.93669560298865258e-03,-5.93657506922807242e-03,-5.93657506922807329e-03,-1.18732706722167250e-02,-1.18731501384561448e-02
1.61624999999999996e+00,1.61624999999999996e+00,6.18716163959783461e-01,-3.82817394380197129e-01,-3.82809691545109632e-01,-5.83088837493509794e-03,-5.83077104909717880e-03,-5.83077104909717880e-03,-1.16616594240322759e-02,-1.16615420981943576e-02
1.62349999999999994e+00,1.62349999999999994e+00,6.15953187557745641e-01,-3.79405895422216588e-01,-3.79398329262547351e-01,-5.72742788084999992e-03,-5.72731366376912771e-03,-5.72731366376912857e-03,-1.14547415446191285e-02,-1.14546273275382554e-02
1.63074999999999992e+00,1.63074999999999992e+00,6.13214778476161348e-01,-3.76039797043802082e-01,-3.76032364541567632e-01,-5.62625193795157717e-03,-5.62614073395022087e-03,-5.62614073395022000e-03,-1.12523926719017980e-02,-1.12522814679004400e-02
1.63799999999999990e+00,1.63799999999999990e+00,6.10500610500610552e-01,-3.72718297204784221e-01,-3.72710995421618174e-01,-5.52730027730961339e-03,-5.52719199406078582e-03,-5.52719199406078669e-03,-1.10544922713704009e-02,-1.10543839881215716e-02
1.64524999999999988e+00,1.64524999999999988e+00,6.07810363166692014e-01,-3.69440611498106364e-01,-3.69433437572826040e-01,-5.43051447682105486e-03,-5.43040902521698711e-03,-5.43040902521698711e-03,-1.08609235020380411e-02,-1.08608180504339742e-02
1.65250000000000008e+00,1.65250000000000008e+00,6.05143721633887965e-01,-3.66205972686664438e-01,-3.66198923832912526e-01,-5.33583789681505317e-03,-5.33573519084141069e-03,-5.33573519084141069e-03,-1.06715730876564639e-02,-1.06714703816828214e-02
1.65975000000000006e+00,1.65975000000000006e+00,6.02500376562735362e-01,-3.63013630254279462e-01,-3.63006703758237903e-01,-5.24321561817304906e-03,-5.24311557478845513e-03,-5.24311557478845513e-03,-1.04863311929615042e-02,-1.04862311495769103e-02
1.66700000000000004e+00,1.66700000000000004e+00,5.99880023995200906e-01,-3.59862849970276955e-01,-3.59856043188482855e-01,-5.15259438285468538e-03,-5.15249692187575836e-03,-5.15249692187575836e-03,-1.03050913047304446e-02,-1.03049938437515167e-02
1.67425000000000002e+00,1.67425000000000002e+00,5.97282365238166357e-01,-3.56752913467261124e-01,-3.56746223824498332e-01,-5.06392253672695043e-03,-5.06382758071826679e-03,-5.06382758071826766e-03,-1.01277501174452181e-02,-1.01276551614365336e-02
1.68149999999999999e+00,1.68149999999999999e+00,5.94707106749925662e-01,-3.53683117831629090e-01,-3.53676542818867456e-01,-4.97714997459780539e-03,-4.97705744876620736e-03,-4.97705744876620736e-03,-9.95420742336401362e-03,-9.95411489753241473e-03
1.68875000000000020e+00,1.68875000000000020e+00,5.92153960029607629e-01,-3.50652775206327760e-01,-3.50646312378746161e-01,-4.89222808735943065e-03,-4.89213791945301672e-03,-4.89213791945301672e-03,-9.78436600681244738e-03,-9.78427583890603345e-03
1.69600000000000017e+00,1.69600000000000017e+00,5.89622641509433887e-01,-3.47661212405462550e-01,-3.47654859380562398e-01,-4.80910971115189149e-03,-4.80902183136360222e-03,-4.80902183136360222e-03,-9.61813154251549285e-03,-9.61804366272720444e-03
1.70325000000000015e+00,1.70325000000000015e+00,5.87112872449728429e-01,-3.44707770540445324e-01,-3.44701524996171071e-01,-4.72774907846298074e-03,-4.72766341933745279e-03,-4.72766341933745279e-03,-9.45541249780043266e-03,-9.45532683867490557e-03
1.71050000000000013e+00,1.71050000000000013e+00,5.84624378836597458e-01,-3.41791804657098908e-01,-3.41785664330077399e-01,-4.64810177108006001e-03,-4.64801826742516043e-03,-4.64801826742516043e-03,-9.29612003850522131e-03,-9.29603653485032086e-03
1.71775000000000011e+00,1.71775000000000011e+00,5.82156891282200495e-01,-3.38912683383533420e-01,-3.38906646067355821e-01,-4.57012467481878164e-03,-4.57004326362060037e-03,-4.57004326362059950e-03,-9.14016793843938115e-03,-9.14008652724120074e-03
1.72500000000000009e+00,1.72500000000000009e+00,5.79710144927536253e-01,-3.36069788588361007e-01,-3.36063852131905039e-01,-4.49377593595344602e-03,-4.49369655629459994e-03,-4.49369655629459908e-03,-8.98747249224804423e-03,-8.98739311258919815e-03
1.73225000000000007e+00,1.73225000000000007e+00,5.77283879347669227e-01,-3.33262515048886598e-01,-3.33256677354694275e-01,-4.41901491927804320e-03,-4.41893751225935685e-03,-4.41893751225935771e-03,-8.83795243153740091e-03,-8.83787502451871543e-03
1.73950000000000005e+00,1.73950000000000005e+00,5.74877838459327384e-01,-3.30490270128912300e-01,-3.30484529151668482e-01,-4.34580216773000020e-03,-4.34572667639604535e-03,-4.34572667639604535e-03,-8.69152884412604555e-03,-8.69145335279209071e-03
1.74675000000000002e+00,1.74675000000000002e+00,5.72491770430800018e-01,-3.27752473465977801e-01,-3.27746827210991853e-01,-4.27409936351407470e-03,-4.27402573278114206e-03,-4.27402573278114206e-03,-8.54812509629521676e-03,-8.54805146556228412e-03
1.75400000000000000e+00,1.75400000000000000e+00,5.70125427594070699e-01,-3.25048556667596245e-01,-3.25043003189321944e-01,-4.20386929066304208e-03,-4.20379746724990934e-03,-4.20379746724991021e-03,-8.40766675791295229e-03,-8.40759493449981868e-03
1.76124999999999998e+00,1.76124999999999998e+00,5.67778566359119941e-01,-3.22377963016151625e-01,-3.22372500416817587e-01,-4.13507579897590388e-03,-4.13500573133823279e-03,-4.13500573133823192e-03,-8.27008153031413493e-03,-8.27001146267646384e-03
1.76849999999999996e+00,1.76849999999999996e+00,5.65450947130336501e-01,-3.19740147182379530e-01,-3.19734773610594603e-01,-4.06768376928017591e-03,-4.06761540754667014e-03,-4.06761540754666927e-03,-8.13529917682684518e-03,-8.13523081509334028e-03
1.77574999999999994e+00,1.77574999999999994e+00,5.63142334224975394e-01,-3.17134574946912551e-01,-3.17129288596353864e-01,-4.00165907996141799e-03,-4.00159237587304623e-03,-4.00159237587304623e-03,-8.00325145583446335e-03,-8.00318475174609245e-03
1.78299999999999992e+00,1.78299999999999992e+00,5.60852495793606298e-01,-3.14560722929748238e-01,-3.14555522037917201e-01,-3.93696857471036079e-03,-3.93690348156233976e-03,-3.93690348156233976e-03,-7.87387205627270055e-03,-7.87380696312467952e-03
1.79024999999999990e+00,1.79024999999999990e+00,5.58581203742494092e-01,-3.12018078327454873e-01,-3.12012961174413683e-01,-3.87358003143948876e-03,-3.87351650402484532e-03,-3.87351650402484619e-03,-7.74709653546433452e-03,-7.74703300804969151e-03
1.79749999999999988e+00,1.79749999999999988e+00,5.56328233657858218e-01,-3.09506138657702934e-01,-3.09501103564872482e-01,-3.81146213232015467e-03,-3.81140012687580625e-03,-3.81140012687580625e-03,-7.62286225919596092e-03,-7.62280025375161249e-03
1.80475000000000008e+00,1.80475000000000008e+00,5.54093364731957361e-01,-3.07024411510965933e-01,-3.07019456839981886e-01,-3.75058443489647165e-03,-3.75052390905169803e-03,-3.75052390905169803e-03,-7.50110834394816968e-03,-7.50104781810339606e-03
1.81200000000000006e+00,1.81200000000000006e+00,5.51876379690949159e-01,-3.04572414309177475e-01,-3.04567538460788712e-01,-3.69091734423337200e-03,-3.69085825696039392e-03,-3.69085825696039435e-03,-7.38177560119376679e-03,-7.38171651392078784e-03
1.81925000000000003e+00,1.81925000000000003e+00,5.49677064724474307e-01,-3.02149674071138463e-01,-3.02144875484113951e-01,-3.63243208605801889e-03,-3.63237439762420121e-03,-3.63237439762420121e-03,-7.26480648368221966e-03,-7.26474879524840241e-03
1.82650000000000001e+00,1.82650000000000001e+00,5.47495209416917650e-01,-2.99755727184439991e-01,-2.99751004334474491e-01,-3.57510068085512478e-03,-3.57504435277663938e-03,-3.57504435277663894e-03,-7.15014503363176415e-03,-7.15008870555327788e-03
1.83374999999999999e+00,1.83374999999999999e+00,5.45330606680299979e-01,-2.97390119183553736e-01,-2.97385470582304023e-01,-3.51889591887699594e-03,-3.51884091387544761e-03,-3.51884091387544761e-03,-7.03773683275244356e-03,-7.03768182775089523e-03
1.84100000000000019e+00,1.84100000000000019e+00,5.43183052688756107e-01,-2.95052404534189350e-01,-2.95047828728275952e-01,-3.46379133603600450e-03,-3.46373761799597269e-03,-3.46373761799597269e-03,-6.92752895403197719e-03,-6.92747523599194538e-03
1.84825000000000017e+00,1.84825000000000017e+00,5.41052346814554275e-01,-2.92742146423478289e-01,-2.92737641993536690e-01,-3.40976119064214907e-03,-3.40970872457059581e-03,-3.40970872457059624e-03,-6.81946991521274574e-03,-6.81941744914119248e-03
1.85550000000000015e+00,1.85550000000000015e+00,5.38938291565615679e-01,-2.90458916555927260e-01,-2.90454482115664603e-01,-3.35678044095435611e-03,-3.35672919294132625e-03,-3.35672919294132625e-03,-6.71350963389568192e-03,-6.71345838588265249e-03
1.86275000000000013e+00,1.86275000000000013e+00,5.36840692524493290e-01,-2.88202294954878369e-01,-2.88197929150177556e-01,-3.30482472351306938e-03,-3.30477466069411955e-03,-3.30477466069411911e-03,-6.60959938420718849e-03,-6.60954932138823822e-03
1.87000000000000011e+00,1.87000000000000011e+00,5.34759358288769970e-01,-2.85971869769333864e-01,-2.85967571277417065e-01,-3.25387033222434381e-03,-3.25382142274477631e-03,-3.25382142274477631e-03,-6.50769175496911968e-03,-6.50764284548955262e-03
1.87725000000000009e+00,1.87725000000000009e+00,5.32694100412837934e-01,-2.83767237086102853e-01,-2.83763004614642655e-01,-3.20389419816799166e-03,-3.20384641114756456e-03,-3.20384641114756499e-03,-6.40774060931555665e-03,-6.40769282229512911e-03
1.88450000000000006e+00,1.88450000000000006e+00,5.30644733351021469e-01,-2.81588000746843647e-01,-2.81583833033176689e-01,-3.15487387009907600e-03,-3.15482717559891586e-03,-3.15482717559891629e-03,-6.30970104569799229e-03,-6.30965435119783258e-03
1.89175000000000004e+00,1.89175000000000004e+00,5.28611074402008718e-01,-2.79433772170108341e-01,-2.79429667980445995e-01,-3.10678749561926672e-03,-3.10674186460973070e-03,-3.10674186460973114e-03,-6.21352936022899829e-03,-6.21348372921946140e-03
1.89900000000000002e+00,1.89900000000000002e+00,5.26592943654555001e-01,-2.77304170178105380e-01,-2.77300128306769367e-01,-3.05961380299112724e-03,-3.05956920732088685e-03,-3.05956920732088642e-03,-6.11918301031201366e-03,-6.11913841464177370e-03
1.90625000000000000e+00,1.90625000000000000e+00,5.24590163934426257e-01,-2.75198820828087776e-01,-2.75194840096748217e-01,-3.01333208357158289e-03,-3.01328849593764797e-03,-3.01328849593764754e-03,-6.02662057950923043e-03,-6.02657699187529594e-03
1.91349999999999998e+00,1.91349999999999998e+00,5.22602560752547740e-01,-2.73117357248167991e-01,-2.73113436505120322e-01,-2.96792217484060121e-03,-2.96787956875964667e-03,-2.96787956875964624e-03,-5.93580174360024745e-03,-5.93575913751929335e-03
1.92074999999999996e+00,1.92074999999999996e+00,5.20629962254327783e-01,-2.71059419477460040e-01,-2.71055557596942776e-01,-2.92336444400312107e-03,-2.92332279378409218e-03,-2.92332279378409218e-03,-5.84668723778721325e-03,-5.84664558756818435e-03
1.92799999999999994e+00,1.92799999999999994e+00,5.18672199170124526e-01,-2.69024654310470623e-01,-2.69020850191973304e-01,-2.87963977214336034e-03,-2.87959905286076919e-03,-2.87959905286076876e-03,-5.75923882500412911e-03,-5.75919810572153752e-03
1.93524999999999991e+00,1.93524999999999991e+00,5.16729104766825986e-01,-2.67012715145497737e-01,-2.67008967713125434e-01,-2.83672953890966697e-03,-2.83668972637826818e-03,-2.83668972637826861e-03,-5.67341926528793557e-03,-5.67337945275653635e-03
1.94249999999999989e+00,1.94249999999999989e+00,5.14800514800514808e-01,-2.65023261837058044e-01,-2.65019570038875052e-01,-2.79461560771176835e-03,-2.79457667846174252e-03,-2.79457667846174295e-03,-5.58919228617351174e-03,-5.58915335692348504e-03
1.94975000000000009e+00,1.94975000000000009e+00,5.12886267470188506e-01,-2.63055960552129875e-01,-2.63052323359501738e-01,-2.75328031141042163e-03,-2.75324224266325877e-03,-2.75324224266325921e-03,-5.50652255407368084e-03,-5.50648448532651755e-03
1.95700000000000007e+00,1.95700000000000007e+00,5.10986203372508885e-01,-2.61110483629977352e-01,-2.61106900037051004e-01,-2.71270643848010124e-03,-2.71266920812661622e-03,-2.71266920812661665e-03,-5.42537564660671746e-03,-5.42533841625323331e-03
1.96425000000000005e+00,1.96425000000000005e+00,5.09100165457553766e-01,-2.59186509445846980e-01,-2.59182978468908642e-01,-2.67287721963149500e-03,-2.67284080620920021e-03,-2.67284080620920021e-03,-5.34571802584069521e-03,-5.34568161241840041e-03
1.97150000000000003e+00,1.97150000000000003e+00,5.07227998985544049e-01,-2.57283722277989568e-01,-2.57280242954879057e-01,-2.63377631487245320e-03,-2.63374069754416249e-03,-2.63374069754416205e-03,-5.26751701241661568e-03,-5.26748139508832411e-03
1.97875000000000001e+00,1.97875000000000001e+00,5.05369551484523005e-01,-2.55401812178021714e-01,-2.55398383567667975e-01,-2.59538780099262097e-03,-2.59535295952689066e-03,-2.59535295952689066e-03,-5.19074076051951119e-03,-5.19070591905378131e-03
1.98600000000000021e+00,1.98600000000000021e+00,5.03524672708962728e-01,-2.53540474844854202e-01,-2.53537096026668018e-01,-2.55769615945967759e-03,-2.55766207421035535e-03,-2.55766207421035492e-03,-5.11535823367003251e-03,-5.11532414842071070e-03
1.99325000000000019e+00,1.99325000000000019e+00,5.01693214599272519e-01,-2.51699411501604686e-01,-2.51696081574951713e-01,-2.52068626470738043e-03,-2.52065291659453981e-03,-2.52065291659454025e-03,-5.04133918130192024e-03,-5.04130583318907963e-03
2.00049999999999972e+00,2.00049999999999972e+00,4.99875031242189516e-01,-2.49878328775629655e-01,-2.49875046859379946e-01,-2.48434337280359135e-03,-2.48431074329576217e-03,-2.48431074329576260e-03,-4.96865411609935352e-03,-4.96862148659152521e-03
2.00775000000000015e+00,2.00775000000000015e+00,4.98069978832025861e-01,-2.48076938581725415e-01,-2.48073703813734697e-01,-2.44865311048600345e-03,-2.44862118158222300e-03,-2.44862118158222300e-03,-4.89727429206822645e-03,-4.89724236316444600e-03
2.01500000000000012e+00,2.01500000000000012e+00,4.96277915632754307e-01,-2.46294958008171250e-01,-2.46291769544791206e-01,-2.41360146455007031e-03,-2.41357021876271874e-03,-2.41357021876271874e-03,-4.82717168331278906e-03,-4.82714043752543748e-03
2.02225000000000010e+00,2.02225000000000010e+00,4.94498701940907393e-01,-2.44532109205593429e-01,-2.44528966221242372e-01,-2.37917477157715499e-03,-2.37914419191585878e-03,-2.37914419191585834e-03,-4.75831896349301377e-03,-4.75828838383171755e-03
2.02950000000000008e+00,2.02950000000000008e+00,4.92732200049273206e-01,-2.42788119278706915e-01,-2.42785020965396975e-01,-2.34535970799219090e-03,-2.34532977794774935e-03,-2.34532977794774979e-03,-4.69068948593994069e-03,-4.69065955589549957e-03
2.03675000000000006e+00,2.03675000000000006e+00,4.90978274211366139e-01,-2.41062720180664769e-01,-2.41059665747571428e-01,-2.31214328043733092e-03,-2.31211398396649137e-03,-2.31211398396649137e-03,-4.62425726440382229e-03,-4.62422796793298275e-03
2.04400000000000004e+00,2.04400000000000004e+00,4.89236790606653593e-01,-2.39355648610050764e-01,-2.39352637283098635e-01,-2.27951281645149238e-03,-2.27948413796229959e-03,-2.27948413796229959e-03,-4.55899695441379198e-03,-4.55896827592459919e-03
2.05125000000000002e+00,2.05125000000000002e+00,4.87507617306520424e-01,-2.37666645910444174e-01,-2.37663676931880757e-01,-2.24745595544509433e-03,-2.24742787978252784e-03,-2.24742787978252784e-03,-4.49488383522762217e-03,-4.49485575956505568e-03
2.05850000000000000e+00,2.05850000000000000e+00,4.85790624240952151e-01,-2.35995457972421718e-01,-2.35992530600413974e-01,-2.21596063995903184e-03,-2.21593315239124785e-03,-2.21593315239124785e-03,-4.43189379235028012e-03,-4.43186630478249570e-03
2.06574999999999998e+00,2.06574999999999998e+00,4.84085683165920377e-01,-2.34341835137939825e-01,-2.34338948646215850e-01,-2.18501510719808136e-03,-2.18498819340345310e-03,-2.18498819340345353e-03,-4.37000330060153489e-03,-4.36997638680690706e-03
2.07299999999999995e+00,2.07299999999999995e+00,4.82392667631451999e-01,-2.32705532107161162e-01,-2.32702685784588525e-01,-2.15460788083042185e-03,-2.15458152688433871e-03,-2.15458152688433871e-03,-4.30918940771476099e-03,-4.30916305376867741e-03
2.08025000000000038e+00,2.08025000000000038e+00,4.80711452950366436e-01,-2.31086307847398587e-01,-2.31083500997652375e-01,-2.12472776304160069e-03,-2.12470195540445401e-03,-2.12470195540445401e-03,-4.24942971844605513e-03,-4.24940391080890802e-03
2.08750000000000036e+00,2.08750000000000036e+00,4.79041916167664616e-01,-2.29483925504403885e-01,-2.29481157445587808e-01,-2.09536382683685402e-03,-2.09533855234191480e-03,-2.09533855234191480e-03,-4.19070237917876925e-03,-4.19067710468382960e-03
2.09475000000000033e+00,2.09475000000000033e+00,4.77383936030552514e-01,-2.27898152315738400e-01,-2.27895422380022639e-01,-2.06650540858134947e-03,-2.06648065442312408e-03,-2.06648065442312451e-03,-4.13298606300447399e-03,-4.13296130884624816e-03
2.10200000000000031e+00,2.10200000000000031e+00,4.75737392959086514e-01,-2.26328759526161605e-01,-2.26326067059508307e-01,-2.03814210077018186e-03,-2.03811785449386921e-03,-2.03811785449386921e-03,-4.07625995526405063e-03,-4.07623570898773841e-03
2.10925000000000029e+00,2.10925000000000029e+00,4.74102169017423192e-01,-2.24775522305257880e-01,-2.24772866667025312e-01,-2.01026374502273793e-03,-2.01023999451287790e-03,-2.01023999451287747e-03,-4.02050373953561496e-03,-4.02047998902575580e-03
2.11650000000000027e+00,2.11650000000000027e+00,4.72478147885660227e-01,-2.23238219666832549e-01,-2.23235600229463815e-01,-1.98286042529009082e-03,-1.98283715876027044e-03,-1.98283715876027000e-03,-3.96569758405036082e-03,-3.96567431752054000e-03
2.12375000000000025e+00,2.12375000000000025e+00,4.70865214832254186e-01,-2.21716634390269007e-01,-2.21714050539024904e-01,-1.95592246127039094e-03,-1.95589966725360966e-03,-1.95589966725360966e-03,-3.91182212852400103e-03,-3.91179933450721933e-03
2.13100000000000023e+00,2.13100000000000023e+00,4.69263256687001362e-01,-2.20210552943875371e-01,-2.20208004076490521e-01,-1.92944040202589623e-03,-1.92941806936451393e-03,-1.92941806936451372e-03,-3.85885847139040995e-03,-3.85883613872902743e-03
2.13825000000000021e+00,2.13825000000000021e+00,4.67672161814567944e-01,-2.18719765409929323e-01,-2.18717250936311419e-01,-1.90340501979274898e-03,-1.90338313762907028e-03,-1.90338313762907028e-03,-3.80678815742181926e-03,-3.80676627525814056e-03
2.14550000000000018e+00,2.14550000000000018e+00,4.66091820088557429e-01,-2.17244065411485110e-01,-2.17241584753464168e-01,-1.87780730397799750e-03,-1.87778586174554068e-03,-1.87778586174554047e-03,-3.75559316572353797e-03,-3.75557172349108136e-03
2.15275000000000016e+00,2.15275000000000016e+00,4.64522122866101450e-01,-2.15783250040999519e-01,-2.15780802632029450e-01,-1.85263845533849151e-03,-1.85261744275307073e-03,-1.85261744275307095e-03,-3.70525589809156224e-03,-3.70523488550614146e-03
2.16000000000000014e+00,2.16000000000000014e+00,4.62962962962962910e-01,-2.14337119790563690e-01,-2.14334705075445775e-01,-1.82788988033414333e-03,-1.82786928738537069e-03,-1.82786928738537069e-03,-3.65575916771951424e-03,-3.65573857477074137e-03
2.16725000000000012e+00,2.16725000000000012e+00,4.61414234629138276e-01,-2.12905478483769173e-01,-2.12903095918393459e-01,-1.80355318565036992e-03,-1.80353300259353169e-03,-1.80353300259353212e-03,-3.60708618824390204e-03,-3.60706600518706380e-03
2.17450000000000010e+00,2.17450000000000010e+00,4.59875833524948263e-01,-2.11488133209183360e-01,-2.11485782260265931e-01,-1.77962017288427394e-03,-1.77960039023238059e-03,-1.77960039023238015e-03,-3.55922056311665409e-03,-3.55920078046476074e-03
2.18175000000000008e+00,2.18175000000000008e+00,4.58347656697605133e-01,-2.10084894255341936e-01,-2.10082574400185684e-01,-1.75608283338871195e-03,-1.75606344190494881e-03,-1.75606344190494903e-03,-3.51214627529366098e-03,-3.51212688380989763e-03
2.18900000000000006e+00,2.18900000000000006e+00,4.56829602558245784e-01,-2.08695575047290305e-01,-2.08693285773524806e-01,-1.73293334326966560e-03,-1.73291433395986508e-03,-1.73291433395986487e-03,-3.46584767722953047e-03,-3.46582866791972973e-03
2.19625000000000004e+00,2.19625000000000004e+00,4.55321570859419433e-01,-2.07319992084524785e-01,-2.07317732889889333e-01,-1.71016405853096514e-03,-1.71014542263662659e-03,-1.71014542263662637e-03,-3.42030948116759173e-03,-3.42029084527325274e-03
2.20350000000000001e+00,2.20350000000000001e+00,4.53823462673020206e-01,-2.05957964880433053e-01,-2.05955735272530166e-01,-1.68776751036268371e-03,-1.68774923935392936e-03,-1.68774923935392893e-03,-3.37551674971661286e-03,-3.37549847870785829e-03
2.21074999999999999e+00,2.21074999999999999e+00,4.52335180368653167e-01,-2.04609315903073963e-01,-2.04607115399142003e-01,-1.66573640056750182e-03,-1.66571848613636820e-03,-1.66571848613636842e-03,-3.33145488670387024e-03,-3.33143697227273640e-03
2.21799999999999997e+00,2.21799999999999997e+00,4.50856627592425618e-01,-2.03273870517314492e-01,-2.03271698644015147e-01,-1.64406359712100658e-03,-1.64404603117502472e-03,-1.64404603117502472e-03,-3.28810962829603152e-03,-3.28809206235004944e-03
2.22524999999999995e+00,2.22524999999999995e+00,4.49387709246152123e-01,-2.01951456928298967e-01,-2.01949313221504168e-01,-1.62274212986165175e-03,-1.62272490451758678e-03,-1.62272490451758678e-03,-3.24546703437923831e-03,-3.24544980903517357e-03
2.23249999999999993e+00,2.23249999999999993e+00,4.47928331466965313e-01,-2.00641906126197256e-01,-2.00639790130779538e-01,-1.60176518630605002e-03,-1.60174829388382424e-03,-1.60174829388382402e-03,-3.20351348018987382e-03,-3.20349658776764804e-03
2.23974999999999991e+00,2.23974999999999991e+00,4.46478401607322273e-01,-1.99345051832207076e-01,-1.99342963101829362e-01,-1.58112610758561378e-03,-1.58110954060237778e-03,-1.58110954060237756e-03,-3.16223564818799135e-03,-3.16221908120475556e-03
2.24699999999999989e+00,2.24699999999999989e+00,4.45037828215398334e-01,-1.98060730445746458e-01,-1.98058668542678395e-01,-1.56081838450040401e-03,-1.56080213566496626e-03,-1.56080213566496648e-03,-3.12162052016537028e-03,-3.12160427132993253e-03
2.25424999999999986e+00,2.25424999999999986e+00,4.43606521015858957e-01,-1.96788780992878998e-01,-1.96786745487793707e-01,-1.54083565368701614e-03,-1.54081971589425763e-03,-1.54081971589425807e-03,-3.08165536958127442e-03,-3.08163943178851570e-03
2.26149999999999984e+00,2.26149999999999984e+00,4.42184390891001589e-01,-1.95529045075861774e-01,-1.95527035547646083e-01,-1.52117169389623841e-03,-1.52115606022177035e-03,-1.52115606022177013e-03,-3.04232775411800854e-03,-3.04231212044354070e-03
2.26874999999999982e+00,2.26874999999999982e+00,4.40771349862258965e-01,-1.94281366823812363e-01,-1.94279382859397914e-01,-1.50182042237719665e-03,-1.50180508607231263e-03,-1.50180508607231263e-03,-3.00362550844950928e-03,-3.00361017214462525e-03
2.27599999999999980e+00,2.27599999999999980e+00,4.39367311072056288e-01,-1.93045592844523384e-01,-1.93043634038689071e-01,-1.48277589136504837e-03,-1.48276084585158069e-03,-1.48276084585158069e-03,-2.96553673721662928e-03,-2.96552169170316137e-03
2.28324999999999978e+00,2.28324999999999978e+00,4.37972188766013404e-01,-1.91821572177278910e-01,-1.91819638132492476e-01,-1.46403228466805051e-03,-1.46401752353365259e-03,-1.46401752353365259e-03,-2.92804980820170289e-03,-2.92803504706730519e-03
2.29049999999999976e+00,2.29049999999999976e+00,4.36585898275485773e-01,-1.90609156246765110e-01,-1.90607246573012812e-01,-1.44558391435178186e-03,-1.44556943134523412e-03,-1.44556943134523412e-03,-2.89115334569701576e-03,-2.89113886269046824e-03
2.29774999999999974e+00,2.29774999999999974e+00,4.35208356000435281e-01,-1.89408198818004081e-01,-1.89406313132601589e-01,-1.42742521751712645e-03,-1.42741100654361739e-03,-1.42741100654361760e-03,-2.85483622406074427e-03,-2.85482201308723520e-03
2.30500000000000016e+00,2.30500000000000016e+00,4.33839479392624683e-01,-1.88218555952182953e-01,-1.88216693879663610e-01,-1.40955075316831729e-03,-1.40953680828541871e-03,-1.40953680828541849e-03,-2.81908756145373557e-03,-2.81907361657083699e-03
2.31225000000000014e+00,2.31225000000000014e+00,4.32479186939128513e-01,-1.87040085963623426e-01,-1.87038247135529662e-01,-1.39195519917024654e-03,-1.39194151458326451e-03,-1.39194151458326473e-03,-2.78389671375351127e-03,-2.78388302916652945e-03
2.31950000000000012e+00,2.31950000000000012e+00,4.31127398146152141e-01,-1.85872649377511578e-01,-1.85870833432270788e-01,-1.37463334928961622e-03,-1.37461991934768120e-03,-1.37461991934768120e-03,-2.74925326863729742e-03,-2.74923983869536240e-03
2.32675000000000010e+00,2.32675000000000010e+00,4.29784033523154585e-01,-1.84716108888668629e-01,-1.84714315471432078e-01,-1.35758011031958110e-03,-1.35756692951155902e-03,-1.35756692951155881e-03,-2.71514703983113991e-03,-2.71513385902311805e-03
2.33400000000000007e+00,2.33400000000000007e+00,4.28449014567266473e-01,-1.83570329321156578e-01,-1.83568558083661709e-01,-1.34079049928395220e-03,-1.34077756223462672e-03,-1.34077756223462716e-03,-2.68156806151857935e-03,-2.68155512446925388e-03
2.34125000000000005e+00,2.34125000000000005e+00,4.27122263747997832e-01,-1.82435177588782693e-01,-1.82433428189214236e-01,-1.32425964071914239e-03,-1.32424694218547900e-03,-1.32424694218547922e-03,-2.64850658290462140e-03,-2.64849388437095844e-03
2.34850000000000003e+00,2.34850000000000003e+00,4.25803704492229096e-01,-1.81310522656474404e-01,-1.81308794759305558e-01,-1.30798276403140765e-03,-1.30797029889876261e-03,-1.30797029889876261e-03,-2.61595306293017048e-03,-2.61594059779752522e-03
2.35575000000000001e+00,2.35575000000000001e+00,4.24493261169478941e-01,-1.80196235502428692e-01,-1.80194528778299445e-01,-1.29195520092654278e-03,-1.29194296420523055e-03,-1.29194296420523077e-03,-2.58389816513177354e-03,-2.58388592841046153e-03
2.36299999999999999e+00,2.36299999999999999e+00,4.23190859077443915e-01,-1.79092189081099917e-01,-1.79090503206704998e-01,-1.27617238291042397e-03,-1.27616036973243513e-03,-1.27616036973243513e-03,-2.55233275264285910e-03,-2.55232073946487026e-03
2.37024999999999997e+00,2.37024999999999997e+00,4.21896424427803007e-01,-1.77998258287043853e-01,-1.77996592944964893e-01,-1.26062983885850337e-03,-1.26061804447390180e-03,-1.26061804447390158e-03,-2.52124788333240495e-03,-2.52123608894780360e-03
2.37750000000000039e+00,2.37750000000000039e+00,4.20609884332281747e-01,-1.76914319919401208e-01,-1.76912674798015424e-01,-1.24532319265076687e-03,-1.24531161242471535e-03,-1.24531161242471535e-03,-2.49063480507548222e-03,-2.49062322484943071e-03
2.38475000000000037e+00,2.38475000000000037e+00,4.19331166788971532e-01,-1.75840252647272877e-01,-1.75838627440600248e-01,-1.23024816087208776e-03,-1.23023679028150929e-03,-1.23023679028150929e-03,-2.46048495115359705e-03,-2.46047358056301858e-03
2.39200000000000035e+00,2.39200000000000035e+00,4.18060200668896265e-01,-1.74775936975713364e-01,-1.74774331383317799e-01,-1.21540055057420097e-03,-1.21538938520489824e-03,-1.21538938520489824e-03,-2.43078993577909921e-03,-2.43077877040979648e-03
2.39925000000000033e+00,2.39925000000000033e+00,4.16796915702823734e-01,-1.73721255212509362e-01,-1.73719668939386757e-01,-1.20077625709874959e-03,-1.20076529264249716e-03,-1.20076529264249716e-03,-2.40154154974124654e-03,-2.40153058528499433e-03
2.40650000000000031e+00,2.40650000000000031e+00,4.15541242468314920e-01,-1.72676091435658208e-01,-1.72674524192110906e-01,-1.18637126195908537e-03,-1.18636049421069843e-03,-1.18636049421069821e-03,-2.37273175616978336e-03,-2.37272098842139685e-03
2.41375000000000028e+00,2.41375000000000028e+00,4.14293112377006667e-01,-1.71640331461507145e-01,-1.71638782963027092e-01,-1.17218163077891977e-03,-1.17217105563345038e-03,-1.17217105563345017e-03,-2.34435268641236972e-03,-2.34434211126690033e-03
2.42100000000000026e+00,2.42100000000000026e+00,4.13052457662123063e-01,-1.70613862813549844e-01,-1.70612332780719966e-01,-1.15820351128621737e-03,-1.15819312473633960e-03,-1.15819312473633960e-03,-2.31639663602255675e-03,-2.31638624947267920e-03
2.42825000000000024e+00,2.42825000000000024e+00,4.11819211366210192e-01,-1.69596574691901480e-01,-1.69595062850287304e-01,-1.14443313136094581e-03,-1.14442292949433499e-03,-1.14442292949433499e-03,-2.28885606085528059e-03,-2.28884585898866998e-03
2.43550000000000022e+00,2.43550000000000022e+00,4.10593307329090496e-01,-1.68588357943388445e-01,-1.68586864023440947e-01,-1.13086679713475090e-03,-1.13085677613159971e-03,-1.13085677613159971e-03,-2.26172357326635039e-03,-2.26171355226319941e-03
2.44275000000000020e+00,2.44275000000000020e+00,4.09374680176031069e-01,-1.67589105032281083e-01,-1.67587628769227726e-01,-1.11750089114132371e-03,-1.11749104727183485e-03,-1.11749104727183507e-03,-2.23499193841315879e-03,-2.23498209454366971e-03
2.45000000000000018e+00,2.45000000000000018e+00,4.08163265306122403e-01,-1.66598710011609086e-01,-1.66597251145356062e-01,-1.10433187051565246e-03,-1.10432220013766493e-03,-1.10432220013766515e-03,-2.20865407065331740e-03,-2.20864440027533030e-03
2.45725000000000016e+00,2.45725000000000016e+00,4.06958998880862732e-01,-1.65617068495077291e-01,-1.65615626770114044e-01,-1.09135626524094328e-03,-1.09134676479762734e-03,-1.09134676479762734e-03,-2.18270303003857084e-03,-2.18269352959525468e-03
2.46450000000000014e+00,2.46450000000000014e+00,4.05761817812943792e-01,-1.64644077629560570e-01,-1.64642652794864591e-01,-1.07857067644176073e-03,-1.07856134245936687e-03,-1.07856134245936665e-03,-2.15713201890112716e-03,-2.15712268491873374e-03
2.47175000000000011e+00,2.47175000000000011e+00,4.04571659755234125e-01,-1.63679636068149392e-01,-1.63678227877104926e-01,-1.06597177472193957e-03,-1.06596260380768977e-03,-1.06596260380768999e-03,-2.13193437852962978e-03,-2.13192520761537954e-03
2.47900000000000009e+00,2.47900000000000009e+00,4.03388463089955629e-01,-1.62723643943781582e-01,-1.62722252154076485e-01,-1.05355629854628793e-03,-1.05354728738617297e-03,-1.05354728738617318e-03,-2.10710358593246133e-03,-2.10709457477234637e-03
2.48625000000000007e+00,2.48625000000000007e+00,4.02212166918049285e-01,-1.61776002843378564e-01,-1.61774627216912742e-01,-1.04132105266435335e-03,-1.04131219802105482e-03,-1.04131219802105460e-03,-2.08263325068540773e-03,-2.08262439604210963e-03
2.49350000000000005e+00,2.49350000000000005e+00,4.01042711048726686e-01,-1.60836615782489645e-01,-1.60835256085312489e-01,-1.02926290657514934e-03,-1.02925420528619349e-03,-1.02925420528619327e-03,-2.05851711186134240e-03,-2.05850841057238654e-03
2.50075000000000003e+00,2.50075000000000003e+00,3.99880035989203242e-01,-1.59905387180511838e-01,-1.59904043182726469e-01,-1.01737879303216336e-03,-1.01737024200790577e-03,-1.01737024200790577e-03,-2.03474903504006913e-03,-2.03474048401581153e-03
2.50800000000000001e+00,2.50800000000000001e+00,3.98724082934609259e-01,-1.58982222836378639e-01,-1.58980894312045151e-01,-1.00566570658688318e-03,-1.00565730280853158e-03,-1.00565730280853158e-03,-2.01132300939541476e-03,-2.01131460561706317e-03
2.51524999999999999e+00,2.51524999999999999e+00,3.97574793758075751e-01,-1.58067029904703560e-01,-1.58065716631776459e-01,-9.94120702169722353e-04,-9.94112442687620189e-04,-9.94112442687620189e-04,-1.98823314485734254e-03,-1.98822488537524038e-03
2.52249999999999996e+00,2.52249999999999996e+00,3.96432111000991072e-01,-1.57159716872449451e-01,-1.57158418632702107e-01,-9.82740893707792409e-04,-9.82732775639658020e-04,-9.82732775639658020e-04,-1.96547366934745043e-03,-1.96546555127931604e-03
2.52974999999999994e+00,2.52974999999999994e+00,3.95295977863425241e-01,-1.56260193536059688e-01,-1.56258910115001592e-01,-9.71523452778137752e-04,-9.71515473307298029e-04,-9.71515473307298138e-04,-1.94303892608543600e-03,-1.94303094661459628e-03
2.53699999999999992e+00,2.53699999999999992e+00,3.94166338194718191e-01,-1.55368370979036996e-01,-1.55367102165832965e-01,-9.60465607295398946e-04,-9.60457763669074764e-04,-9.60457763669074656e-04,-1.92092337096447371e-03,-1.92091552733814931e-03
2.54424999999999990e+00,2.54424999999999990e+00,3.93043136484229172e-01,-1.54484161549959254e-01,-1.54482907137360403e-01,-9.49564640232932930e-04,-9.49556929760634856e-04,-9.49556929760634856e-04,-1.89912156999356768e-03,-1.89911385952126971e-03
2.55149999999999988e+00,2.55149999999999988e+00,3.91926317852243800e-01,-1.53607478840932288e-01,-1.53606238625218022e-01,-9.38817888376500612e-04,-9.38810308428526851e-04,-9.38810308428527068e-04,-1.87762819680502768e-03,-1.87762061685705392e-03
2.55874999999999986e+00,2.55874999999999986e+00,3.90815828041035707e-01,-1.52738237666500964e-01,-1.52737011447400373e-01,-9.28222741109795742e-04,-9.28215289115638035e-04,-9.28215289115638035e-04,-1.85643803022543389e-03,-1.85643057823127607e-03
2.56599999999999984e+00,2.56599999999999984e+00,3.89711613406079516e-01,-1.51876354042954631e-01,-1.51875141623569576e-01,-9.17776639230586787e-04,-9.17769312677381302e-04,-9.17769312677381411e-04,-1.83554595190796831e-03,-1.83553862535476260e-03
2.57324999999999982e+00,2.57324999999999982e+00,3.88613620907412860e-01,-1.51021745168019805e-01,-1.51020546354770385e-01,-9.07477073796630440e-04,-9.07469870227777474e-04,-9.07469870227777366e-04,-1.81494694402440770e-03,-1.81493974045555473e-03
2.58049999999999979e+00,2.58049999999999979e+00,3.87521798101143233e-01,-1.50174329400989848e-01,-1.50173144003543202e-01,-8.97321585000874860e-04,-8.97314502014588612e-04,-8.97314502014588721e-04,-1.79463608701546347e-03,-1.79462900402917744e-03
2.58774999999999977e+00,2.58774999999999977e+00,3.86436093131098501e-01,-1.49334026243220563e-01,-1.49332854074427035e-01,-8.87307761074764998e-04,-8.87300796322699017e-04,-8.87300796322699017e-04,-1.77460855739746412e-03,-1.77460159264539803e-03
2.59499999999999975e+00,2.59499999999999975e+00,3.85356454720616581e-01,-1.48500756318998839e-01,-1.48499597194842625e-01,-8.77433237218961867e-04,-8.77426388404949531e-04,-8.77426388404949640e-04,-1.75485962562391151e-03,-1.75485277680989928e-03
2.60225000000000017e+00,2.60225000000000017e+00,3.84282832164473009e-01,-1.47674441356816288e-01,-1.47673295096348550e-01,-8.67695694560956525e-04,-8.67688959439675092e-04,-8.67688959439674875e-04,-1.73538465400063140e-03,-1.73537791887934997e-03
2.60950000000000015e+00,2.60950000000000015e+00,3.83215175320942680e-01,-1.46855004171001724e-01,-1.46853870596260844e-01,-8.58092859138605496e-04,-8.58086235514194935e-04,-8.58086235514194935e-04,-1.71617909465280032e-03,-1.71617247102838987e-03
2.61675000000000013e+00,2.61675000000000013e+00,3.82153434603993480e-01,-1.46042368643648501e-01,-1.46041247579628719e-01,-8.48622500908553616e-04,-8.48615986633545743e-04,-8.48615986633545743e-04,-1.69723848754209936e-03,-1.69723197326709149e-03
2.62400000000000011e+00,2.62400000000000011e+00,3.81097560975609762e-01,-1.45236459706982401e-01,-1.45235350981558597e-01,-8.39282432779747049e-04,-8.39276025753764266e-04,-8.39276025753764266e-04,-1.67855845853351121e-03,-1.67855205150752853e-03
2.63125000000000009e+00,2.63125000000000009e+00,3.80047505938242269e-01,-1.44437203325988861e-01,-1.44436106769878281e-01,-8.30070509670345776e-04,-8.30064207839040290e-04,-8.30064207839040290e-04,-1.66013471750938607e-03,-1.66012841567808058e-03
2.63850000000000007e+00,2.63850000000000007e+00,3.79003221527382972e-01,-1.43644526481427448e-01,-1.43643441928134524e-01,-8.20984627588175302e-04,-8.20978428942093202e-04,-8.20978428942093093e-04,-1.64196305653026850e-03,-1.64195685788418640e-03
2.64575000000000005e+00,2.64575000000000005e+00,3.77964660304261568e-01,-1.42858357153176740e-01,-1.42857284438915821e-01,-8.12022722733787773e-04,-8.12016625307132285e-04,-8.12016625307132394e-04,-1.62403934804092017e-03,-1.62403325061426457e-03
2.65300000000000002e+00,2.65300000000000002e+00,3.76931775348661902e-01,-1.42078624303827894e-01,-1.42077563267494128e-01,-8.03182770625098289e-04,-8.03176772494792156e-04,-8.03176772494792047e-04,-1.60635954311989034e-03,-1.60635354498958431e-03
2.66025000000000000e+00,2.66025000000000000e+00,3.75904520251856056e-01,-1.41305257862665457e-01,-1.41304208345778060e-01,-7.94462785243828197e-04,-7.94456884528439884e-04,-7.94456884528439884e-04,-1.58891966977226808e-03,-1.58891376905687977e-03
2.66749999999999998e+00,2.66749999999999998e+00,3.74882849109653249e-01,-1.40538188709925294e-01,-1.40537150556571039e-01,-7.85860818202589869e-04,-7.85855013061283517e-04,-7.85855013061283626e-04,-1.57171583126387349e-03,-1.57171002612256725e-03
2.67475000000000041e+00,2.67475000000000041e+00,3.73866716515562136e-01,-1.39777348661315415e-01,-1.39776321718127705e-01,-7.77374957932006668e-04,-7.77369246563712783e-04,-7.77369246563712674e-04,-1.55474420449571923e-03,-1.55473849312742557e-03
2.68200000000000038e+00,2.68200000000000038e+00,3.72856077554064080e-01,-1.39022670452934705e-01,-1.39021654569002256e-01,-7.69003328888120713e-04,-7.68997709530333464e-04,-7.68997709530333247e-04,-1.53800103841845396e-03,-1.53799541906066671e-03
2.68925000000000036e+00,2.68925000000000036e+00,3.71850887793994556e-01,-1.38274087726337314e-01,-1.38273082753181925e-01,-7.60744090778178532e-04,-7.60738561706159945e-04,-7.60738561706159836e-04,-1.52148265248433848e-03,-1.52147712341231967e-03
2.69650000000000034e+00,2.69650000000000034e+00,3.70851103282032191e-01,-1.37531535013959427e-01,-1.37530540805500506e-01,-7.52595437805533797e-04,-7.52589997331461137e-04,-7.52589997331461246e-04,-1.50518543513699504e-03,-1.50517999466292249e-03
2.70375000000000032e+00,2.70375000000000032e+00,3.69856680536292171e-01,-1.36794947724833804e-01,-1.36793964137324864e-01,-7.44555597932777011e-04,-7.44550244404755621e-04,-7.44550244404755621e-04,-1.48910584233753274e-03,-1.48910048880951124e-03
2.71100000000000030e+00,2.71100000000000030e+00,3.68867576540022113e-01,-1.36064262130524583e-01,-1.36063289022509054e-01,-7.36622832162271745e-04,-7.36617563963472342e-04,-7.36617563963472342e-04,-1.47324039612574398e-03,-1.47323512792694468e-03
2.71825000000000028e+00,2.71825000000000028e+00,3.67883748735399585e-01,-1.35339415351317882e-01,-1.35338452583610602e-01,-7.28795433833859642e-04,-7.28790249381813045e-04,-7.28790249381813153e-04,-1.45758568321567280e-03,-1.45758049876362631e-03
2.72550000000000026e+00,2.72550000000000026e+00,3.66905155017427986e-01,-1.34620345342749914e-01,-1.34619392778362851e-01,-7.21071727939748622e-04,-7.21066625685354572e-04,-7.21066625685354680e-04,-1.44213835362510330e-03,-1.44213325137070936e-03
2.73275000000000023e+00,2.73275000000000023e+00,3.65931753727929687e-01,-1.33906990882273647e-01,-1.33906048386398191e-01,-7.13450070455092845e-04,-7.13445048881952248e-04,-7.13445048881952140e-04,-1.42689511933704509e-03,-1.42689009776390428e-03
2.74000000000000021e+00,2.74000000000000021e+00,3.64963503649635035e-01,-1.33199291556259425e-01,-1.33198358996217153e-01,-7.05928847684920719e-04,-7.05923905308513604e-04,-7.05923905308513604e-04,-1.41185275299343443e-03,-1.41184781061702721e-03
2.74725000000000019e+00,2.74725000000000019e+00,3.64000364000363952e-01,-1.32497187747194545e-01,-1.32496264992397472e-01,-6.98506475626294856e-04,-6.98501610993225116e-04,-6.98501610993225008e-04,-1.39700808661951986e-03,-1.39700322198645002e-03
2.75450000000000017e+00,2.75450000000000017e+00,3.63042294427300738e-01,-1.31800620621113751e-01,-1.31799707543038935e-01,-6.91181399345497231e-04,-6.91176611032828553e-04,-6.91176611032828445e-04,-1.38235801037832557e-03,-1.38235322206565689e-03
2.76175000000000015e+00,2.76175000000000015e+00,3.62089255001357802e-01,-1.31109532115313954e-01,-1.31108628587438325e-01,-6.83952092370152692e-04,-6.83947378984549976e-04,-6.83947378984549976e-04,-1.36789947135470278e-03,-1.36789475796909995e-03
2.76900000000000013e+00,2.76900000000000013e+00,3.61141206211628707e-01,-1.30423864926196842e-01,-1.30422970823990125e-01,-6.76817056095112193e-04,-6.76812416272302595e-04,-6.76812416272302595e-04,-1.35362947236741479e-03,-1.35362483254460519e-03
2.77625000000000011e+00,2.77625000000000011e+00,3.60198108959927932e-01,-1.29743562497438347e-01,-1.29742677698308106e-01,-6.69774819202794184e-04,-6.69770251606791153e-04,-6.69770251606791153e-04,-1.33954507080958534e-03,-1.33954050321358231e-03
2.78350000000000009e+00,2.78350000000000009e+00,3.59259924555415833e-01,-1.29068569008303768e-01,-1.29067693391563071e-01,-6.62823937096696132e-04,-6.62819440419155611e-04,-6.62819440419155502e-04,-1.32564337751585153e-03,-1.32563888083831122e-03
2.79075000000000006e+00,2.79075000000000006e+00,3.58326614709307545e-01,-1.28398829362193823e-01,-1.28397962809032540e-01,-6.55962991348198144e-04,-6.55958564307806426e-04,-6.55958564307806426e-04,-1.31192155565600446e-03,-1.31191712861561285e-03
2.79800000000000004e+00,2.79800000000000004e+00,3.57398141529664037e-01,-1.27734289175407412e-01,-1.27733431568857775e-01,-6.49190589156264149e-04,-6.49186230498108936e-04,-6.49186230498108828e-04,-1.29837681965437298e-03,-1.29837246099621766e-03
2.80525000000000002e+00,2.80525000000000002e+00,3.56474467516264160e-01,-1.27074894766099789e-01,-1.27074045991004053e-01,-6.42505362819622465e-04,-6.42501071314586472e-04,-6.42501071314586581e-04,-1.28500643413420905e-03,-1.28500214262917316e-03
2.81250000000000000e+00,2.81250000000000000e+00,3.55555555555555569e-01,-1.26420593143457438e-01,-1.26419753086419756e-01,-6.35905969221234497e-04,-6.35901743665322596e-04,-6.35901743665322487e-04,-1.27180771288655688e-03,-1.27180348733064519e-03
2.81974999999999998e+00,2.81974999999999998e+00,3.54641368915684041e-01,-1.25771331997015068e-01,-1.25770500546390301e-01,-6.29391089324380878e-04,-6.29386928538245216e-04,-6.29386928538245107e-04,-1.25877801786262599e-03,-1.25877385707649043e-03
2.82699999999999996e+00,2.82699999999999996e+00,3.53731871241598883e-01,-1.25127059686228392e-01,-1.25126236732083090e-01,-6.22959427680659845e-04,-6.22955330508995729e-04,-6.22955330508995621e-04,-1.24591475818965547e-03,-1.24591066101799146e-03
2.83424999999999994e+00,2.83424999999999994e+00,3.52827026550233736e-01,-1.24487725230196133e-01,-1.24486910664279346e-01,-6.16609711949079719e-04,-6.16605677260082213e-04,-6.16605677260082322e-04,-1.23321538920916204e-03,-1.23321135452016464e-03
2.84149999999999991e+00,2.84149999999999991e+00,3.51926799225761033e-01,-1.23853278297577418e-01,-1.23852472013289125e-01,-6.10340692426214145e-04,-6.10336719111033692e-04,-6.10336719111033801e-04,-1.22067741153724795e-03,-1.22067343822206738e-03
2.84874999999999989e+00,2.84874999999999989e+00,3.51031154014918856e-01,-1.23223669196693919e-01,-1.23222871089045671e-01,-6.04151141587102323e-04,-6.04147228559273044e-04,-6.04147228559273044e-04,-1.20829837014637537e-03,-1.20829445711854609e-03
2.85599999999999987e+00,2.85599999999999987e+00,3.50140056022408996e-01,-1.22598848865774102e-01,-1.22598058831375700e-01,-5.98039853636434947e-04,-5.98035999831441180e-04,-5.98035999831441072e-04,-1.19607585346787602e-03,-1.19607199966288236e-03
2.86324999999999985e+00,2.86324999999999985e+00,3.49253470706365143e-01,-1.21978768863407083e-01,-1.21977986800441862e-01,-5.92005644070110336e-04,-5.92001848444906548e-04,-5.92001848444906548e-04,-1.18400749251501699e-03,-1.18400369688981310e-03
2.87049999999999983e+00,2.87049999999999983e+00,3.48371363873889561e-01,-1.21363381359174127e-01,-1.21362607167353975e-01,-5.86047349246763042e-04,-5.86043610779204407e-04,-5.86043610779204516e-04,-1.17209096002596756e-03,-1.17208722155840881e-03
2.87774999999999981e+00,2.87774999999999981e+00,3.47493701676657107e-01,-1.20752639124397376e-01,-1.20751872704945570e-01,-5.80163825968737384e-04,-5.80160143657156620e-04,-5.80160143657156729e-04,-1.16032396962589411e-03,-1.16032028731431324e-03
2.88499999999999979e+00,2.88499999999999979e+00,3.46620450606585806e-01,-1.20146495523087538e-01,-1.20145736778712597e-01,-5.74353951072680891e-04,-5.74350323935428992e-04,-5.74350323935428992e-04,-1.14870427500810999e-03,-1.14870064787085798e-03
2.89224999999999977e+00,2.89224999999999977e+00,3.45751577491572315e-01,-1.19544904503051441e-01,-1.19544153337910741e-01,-5.68616621029342730e-04,-5.68613048104290772e-04,-5.68613048104290772e-04,-1.13722966913363350e-03,-1.13722609620858154e-03
2.89950000000000019e+00,2.89950000000000019e+00,3.44887049491291564e-01,-1.18947820587102626e-01,-1.18947076906808599e-01,-5.62950751552097135e-04,-5.62947231896349077e-04,-5.62947231896349077e-04,-1.12589798344844621e-03,-1.12589446379269815e-03
2.90675000000000017e+00,2.90675000000000017e+00,3.44026834093059231e-01,-1.18355198864545486e-01,-1.18354462576093306e-01,-5.57355277214791316e-04,-5.57351809904032603e-04,-5.57351809904032603e-04,-1.11470708711882381e-03,-1.11470361980806521e-03
2.91400000000000015e+00,2.91400000000000015e+00,3.43170899107755667e-01,-1.17766994982648754e-01,-1.17766265994425412e-01,-5.51829151077366537e-04,-5.51825735205606501e-04,-5.51825735205606501e-04,-1.10365488628297315e-03,-1.10365147041121300e-03
2.92125000000000012e+00,2.92125000000000012e+00,3.42319212665810835e-01,-1.17183165138385448e-01,-1.17182443360140637e-01,-5.46371344320371183e-04,-5.46367978999512610e-04,-5.46367978999512502e-04,-1.09273932331988358e-03,-1.09273595799902522e-03
2.92850000000000010e+00,2.92850000000000010e+00,3.41471743213249079e-01,-1.16603666070275835e-01,-1.16602951413095124e-01,-5.40980845887398362e-04,-5.40977530246825717e-04,-5.40977530246825717e-04,-1.08195837613422408e-03,-1.08195506049365143e-03
2.93575000000000008e+00,2.93575000000000008e+00,3.40628459507791859e-01,-1.16028455050372514e-01,-1.16027747426651395e-01,-5.35656662135446863e-04,-5.35653395321626538e-04,-5.35653395321626538e-04,-1.07131005745707340e-03,-1.07130679064325308e-03
2.94300000000000006e+00,2.94300000000000006e+00,3.39789330615018703e-01,-1.15457489876380492e-01,-1.15456789199802484e-01,-5.30397816492991325e-04,-5.30394597669098353e-04,-5.30394597669098353e-04,-1.06079241416208968e-03,-1.06078919533819671e-03
2.95025000000000004e+00,2.95025000000000004e+00,3.38954325904584353e-01,-1.14890728863912273e-01,-1.14890035049431183e-01,-5.25203349125586208e-04,-5.25200177471156450e-04,-5.25200177471156450e-04,-1.05040352659674266e-03,-1.05040035494231290e-03
2.95750000000000002e+00,2.95750000000000002e+00,3.38123415046491960e-01,-1.14328130838885045e-01,-1.14327443802702267e-01,-5.20072316608862612e-04,-5.20069191319429873e-04,-5.20069191319429982e-04,-1.04014150792829259e-03,-1.04013838263885975e-03
2.96475000000000000e+00,2.96475000000000000e+00,3.37296568007420527e-01,-1.13769655130045777e-01,-1.13768974789584462e-01,-5.15003791608686034e-04,-5.15000711895411377e-04,-5.15000711895411377e-04,-1.03000450350409752e-03,-1.03000142379082275e-03
2.97200000000000042e+00,2.97200000000000042e+00,3.36473755047106304e-01,-1.13215261561602887e-01,-1.13214587835500091e-01,-5.09996862568216046e-04,-5.09993827657604921e-04,-5.09993827657604813e-04,-1.01999069022582086e-03,-1.01998765531520963e-03
2.97925000000000040e+00,2.97925000000000040e+00,3.35654946714777191e-01,-1.12664910446046207e-01,-1.12664243254099905e-01,-5.05050633402078452e-04,-5.05047642535501155e-04,-5.05047642535501264e-04,-1.01009827593757972e-03,-1.01009528507100231e-03
2.98650000000000038e+00,2.98650000000000038e+00,3.34840113845638665e-01,-1.12118562576963399e-01,-1.12117901840160267e-01,-5.00164223196630873e-04,-5.00161275630212933e-04,-5.00161275630212933e-04,-1.00032549882684381e-03,-1.00032255126042587e-03
2.99375000000000036e+00,2.99375000000000036e+00,3.34029227557411212e-01,-1.11576179222133476e-01,-1.11575524862600806e-01,-4.95336765917436220e-04,-4.95333860921612574e-04,-4.95333860921612682e-04,-9.90670626839048902e-04,-9.90667721843225147e-04
3.00099999999999989e+00,3.00099999999999989e+00,3.33222259246917729e-01,-1.11037722116648752e-01,-1.11037074057620047e-01,-4.90567410122676076e-04,-4.90564546981814851e-04,-4.90564546981814959e-04,-9.81131957104491035e-04,-9.81129093963629701e-04
3.00825000000000031e+00,3.00825000000000031e+00,3.32419180586719820e-01,-1.10503153456114944e-01,-1.10502511621946242e-01,-4.85855318682591156e-04,-4.85852496694848550e-04,-4.85852496694848550e-04,-9.71707815377439652e-04,-9.71704993389697100e-04
3.01550000000000029e+00,3.01550000000000029e+00,3.31619963521804006e-01,-1.09972435890071552e-01,-1.09971800206202605e-01,-4.81199668505444061e-04,-4.81196886982378420e-04,-4.81196886982378474e-04,-9.62396555487822535e-04,-9.62393773964756840e-04
3.02275000000000027e+00,3.02275000000000027e+00,3.30824580266313784e-01,-1.09445532515447752e-01,-1.09444902908382685e-01,-4.76599650269038887e-04,-4.76596908535318730e-04,-4.76596908535318730e-04,-9.53196558804357617e-04,-9.53193817070637460e-04
3.03000000000000025e+00,3.03000000000000025e+00,3.30033003300330030e-01,-1.08922406870135546e-01,-1.08921783267435651e-01,-4.72054468158042569e-04,-4.72051765551211695e-04,-4.72051765551211640e-04,-9.44106233709254210e-04,-9.44103531102423281e-04
3.03725000000000023e+00,3.03725000000000023e+00,3.29245205366696825e-01,-1.08403022926697901e-01,-1.08402405256958365e-01,-4.67563339607046527e-04,-4.67560675477224396e-04,-4.67560675477224341e-04,-9.35124015084270923e-04,-9.35121350954448791e-04
3.04450000000000021e+00,3.04450000000000021e+00,3.28461159467892894e-01,-1.07887345086162156e-01,-1.07886733278992564e-01,-4.63125495049032199e-04,-4.63122868758635779e-04,-4.63122868758635887e-04,-9.26248363807668086e-04,-9.26245737517271666e-04
3.05175000000000018e+00,3.05175000000000018e+00,3.27680838862947466e-01,-1.07375338171920021e-01,-1.07374732157924938e-01,-4.58740177669209818e-04,-4.58737588592681561e-04,-4.58737588592681507e-04,-9.17477766261891271e-04,-9.17475177185363014e-04
3.05900000000000016e+00,3.05900000000000016e+00,3.26904217064400093e-01,-1.06866967423705717e-01,-1.06866367134488424e-01,-4.54406643163991330e-04,-4.54404090687629981e-04,-4.54404090687629981e-04,-9.08810733851621311e-04,-9.08808181375259962e-04
3.06625000000000014e+00,3.06625000000000014e+00,3.26131267835303718e-01,-1.06362198491751769e-01,-1.06361603859862597e-01,-4.50124159505408653e-04,-4.50121643026968690e-04,-4.50121643026968744e-04,-9.00245802532377397e-04,-9.00243286053937488e-04
3.07350000000000012e+00,3.07350000000000012e+00,3.25361965186269697e-01,-1.05860997430923476e-01,-1.05860408389871374e-01,-4.45892006710012407e-04,-4.45889525638577843e-04,-4.45889525638577843e-04,-8.91781532348590250e-04,-8.91779051277155686e-04
3.08075000000000010e+00,3.08075000000000010e+00,3.24596283372555361e-01,-1.05363330695034563e-01,-1.05362747179276267e-01,-4.41709476613010325e-04,-4.41707030368776237e-04,-4.41707030368776237e-04,-8.83416506981786562e-04,-8.83414060737552475e-04
3.08800000000000008e+00,3.08800000000000008e+00,3.23834196891191695e-01,-1.04869165131265873e-01,-1.04868587076163117e-01,-4.37575872647199670e-04,-4.37573460661124338e-04,-4.37573460661124392e-04,-8.75149333308324062e-04,-8.75146921322248784e-04
3.09525000000000006e+00,3.09525000000000006e+00,3.23075680478151994e-01,-1.04378467974594713e-01,-1.04377895316420957e-01,-4.33490509626204869e-04,-4.33488131339874354e-04,-4.33488131339874409e-04,-8.66978640966079277e-04,-8.66976262679748817e-04
3.10250000000000004e+00,3.10250000000000004e+00,3.22320709105560044e-01,-1.03891206842401829e-01,-1.03890639518311054e-01,-4.29452713532620448e-04,-4.29450368397958518e-04,-4.29450368397958464e-04,-8.58903081930578911e-04,-8.58900736795916928e-04
3.10975000000000001e+00,3.10975000000000001e+00,3.21569257978937206e-01,-1.03407349729085496e-01,-1.03406787677124273e-01,-4.25461821310248406e-04,-4.25459508789410011e-04,-4.25459508789410011e-04,-8.50921330099658471e-04,-8.50919017578820021e-04
3.11699999999999999e+00,3.11699999999999999e+00,3.20821302534488317e-01,-1.02926865000856793e-01,-1.02926308159925678e-01,-4.21517180661056532e-04,-4.21514900226115064e-04,-4.21514900226115064e-04,-8.43032080887171596e-04,-8.43029800452230129e-04
3.12424999999999997e+00,3.12424999999999997e+00,3.20076818436424770e-01,-1.02449721390545534e-01,-1.02449169700384021e-01,-4.17618149846056596e-04,-4.17615900978793558e-04,-4.17615900978793558e-04,-8.35234050824850208e-04,-8.35231801957587116e-04
3.13149999999999995e+00,3.13149999999999995e+00,3.19335781574325406e-01,-1.01975887992491465e-01,-1.01975341393685262e-01,-4.13764097490324954e-04,-4.13761879682113731e-04,-4.13761879682113731e-04,-8.27525977172438630e-04,-8.27523759364227462e-04
3.13874999999999993e+00,3.13874999999999993e+00,3.18598168060533649e-01,-1.01505334257574020e-01,-1.01504792691528040e-01,-4.09954402392290575e-04,-4.09952215143843382e-04,-4.09952215143843436e-04,-8.19906617536134011e-04,-8.19904430287686763e-04
3.14599999999999991e+00,3.14599999999999991e+00,3.17863954227590617e-01,-1.01038029988277600e-01,-1.01037493397199821e-01,-4.06188453336781832e-04,-4.06186296157945448e-04,-4.06186296157945448e-04,-8.12374749494727279e-04,-8.12372592315890895e-04
3.15325000000000033e+00,3.15325000000000033e+00,3.17133116625703593e-01,-1.00573945333835013e-01,-1.00573413660732122e-01,-4.02465648911926109e-04,-4.02463521321528303e-04,-4.02463521321528358e-04,-8.04929170233454521e-04,-8.04927042643056607e-04
3.16050000000000031e+00,3.16050000000000031e+00,3.16405632020249905e-01,-1.00113050785473945e-01,-1.00112523974133796e-01,-3.98785397329917148e-04,-3.98783298855562903e-04,-3.98783298855562957e-04,-7.97568696185480160e-04,-7.97566597711125806e-04
3.16775000000000029e+00,3.16775000000000029e+00,3.15681477389314180e-01,-9.96553171717273756e-02,-9.96547951667000748e-02,-3.95147116251411861e-04,-3.95145046429278295e-04,-3.95145046429278349e-04,-7.90292162680690264e-04,-7.90290092858556698e-04
3.17500000000000027e+00,3.17500000000000027e+00,3.14960629921259838e-01,-9.92007156538079471e-02,-9.92001984003967885e-02,-3.91550232613481106e-04,-3.91548190988154896e-04,-3.91548190988154896e-04,-7.83098423601636057e-04,-7.83096381976309793e-04
3.18225000000000025e+00,3.18225000000000025e+00,3.14243067012334010e-01,-9.87492177210462785e-02,-9.87487051653182513e-02,-3.87994182461038803e-04,-3.87992168585432975e-04,-3.87992168585432975e-04,-7.75986351046471833e-04,-7.75984337170865950e-04
3.18950000000000022e+00,3.18950000000000022e+00,3.13528766264304704e-01,-9.83007951864642848e-02,-9.83002872752170159e-02,-3.84478410781953538e-04,-3.84476424217055442e-04,-3.84476424217055387e-04,-7.68954834999008925e-04,-7.68952848434110775e-04
3.19675000000000020e+00,3.19675000000000020e+00,3.12817705482130282e-01,-9.78554201823627068e-02,-9.78549168631047961e-02,-3.81002371345292483e-04,-3.81000411659968474e-04,-3.81000411659968474e-04,-7.62002783005261012e-04,-7.62000823319936948e-04
3.20400000000000018e+00,3.20400000000000018e+00,3.12109862671660410e-01,-9.74130651559761418e-02,-9.74125663769227212e-02,-3.77565526542841508e-04,-3.77563593313703970e-04,-3.77563593313704024e-04,-7.55129119856545478e-04,-7.55127186627407940e-04
3.21125000000000016e+00,3.21125000000000016e+00,3.11405216037368593e-01,-9.69737028652062349e-02,-9.69732085752802175e-02,-3.74167347233871441e-04,-3.74165440045170583e-04,-3.74165440045170529e-04,-7.48332787279041970e-04,-7.48330880090341058e-04
3.21850000000000014e+00,3.21850000000000014e+00,3.10703743980114966e-01,-9.65373063744436877e-02,-9.65368165232608211e-02,-3.70807312593125120e-04,-3.70805431036579677e-04,-3.70805431036579731e-04,-7.41612743629704906e-04,-7.41610862073159354e-04
3.22575000000000012e+00,3.22575000000000012e+00,3.10005425094939169e-01,-9.61038490504542153e-02,-9.61033635882939385e-02,-3.67484909961861186e-04,-3.67483053636438002e-04,-3.67483053636438002e-04,-7.34967963598299242e-04,-7.34966107272876003e-04
3.23300000000000010e+00,3.23300000000000010e+00,3.09310238168883367e-01,-9.56733045582751629e-02,-9.56728234360913615e-02,-3.64199634701687204e-04,-3.64197803213536992e-04,-3.64197803213536992e-04,-7.28397437915224251e-04,-7.28395606427073984e-04
3.24025000000000007e+00,3.24025000000000007e+00,3.08618162178844191e-01,-9.52456468572364656e-02,-9.52451700266473827e-02,-3.60950990051558170e-04,-3.60949183013872994e-04,-3.60949183013873048e-04,-7.21900173065431272e-04,-7.21898366027745987e-04
3.24750000000000005e+00,3.24750000000000005e+00,3.07929176289453432e-01,-9.48208501970491113e-02,-9.48203776103012930e-02,-3.57738486987656983e-04,-3.57736704020432113e-04,-3.57736704020432058e-04,-7.15475191008089042e-04,-7.15473408040864225e-04
3.25475000000000003e+00,3.25475000000000003e+00,3.07243259850986994e-01,-9.43988891138758390e-02,-9.43984207238611206e-02,-3.54561644085776937e-04,-3.54559884815776533e-04,-3.54559884815776479e-04,-7.09121528901553470e-04,-7.09119769631552958e-04
3.26200000000000001e+00,3.26200000000000001e+00,3.06560392397302262e-01,-9.39797384265439462e-02,-9.39792741867879339e-02,-3.51419987386755207e-04,-3.51418251447371539e-04,-3.51418251447371593e-04,-7.02838238834126855e-04,-7.02836502894743078e-04
3.26924999999999999e+00,3.26924999999999999e+00,3.05880553643802122e-01,-9.35633732328078338e-02,-9.35629130974389017e-02,-3.48313050264547567e-04,-3.48311337295590295e-04,-3.48311337295590295e-04,-6.96624387560137916e-04,-6.96622674591180590e-04
3.27649999999999997e+00,3.27649999999999997e+00,3.05203723485426515e-01,-9.31497689056115519e-02,-9.31493128293686967e-02,-3.45240373296705038e-04,-3.45238682944338279e-04,-3.45238682944338279e-04,-6.90479056241043317e-04,-6.90477365888676558e-04
3.28374999999999995e+00,3.28374999999999995e+00,3.04529881994670737e-01,-9.27389010894650312e-02,-9.27384490276880885e-02,-3.42201504137626595e-04,-3.42199836054241796e-04,-3.42199836054241742e-04,-6.84401340191868337e-04,-6.84399672108483483e-04
3.29099999999999993e+00,3.29099999999999993e+00,3.03859009419629289e-01,-9.23307456968629481e-02,-9.23302976054783675e-02,-3.39195997394265520e-04,-3.39194351238340189e-04,-3.39194351238340189e-04,-6.78390348632605710e-04,-6.78388702476680379e-04
3.29824999999999990e+00,3.29824999999999990e+00,3.03191086182066249e-01,-9.19252789047462215e-02,-9.19248347402611271e-02,-3.36223414504241555e-04,-3.36221789940230841e-04,-3.36221789940230841e-04,-6.72445204444472450e-04,-6.72443579880461681e-04
3.30550000000000033e+00,3.30550000000000033e+00,3.02526092875510466e-01,-9.15224771510203539e-02,-9.15220368705219889e-02,-3.33283323616360842e-04,-3.33281720314610418e-04,-3.33281720314610472e-04,-6.66565043930971313e-04,-6.66563440629220835e-04
3.31275000000000031e+00,3.31275000000000031e+00,3.01864010263376337e-01,-9.11223171311767999e-02,-9.11218806922877711e-02,-3.30375299473663093e-04,-3.30373717110163097e-04,-3.30373717110163043e-04,-6.60749016583826081e-04,-6.60747434220326085e-04
3.32000000000000028e+00,3.32000000000000028e+00,3.01204819277108404e-01,-9.07247757948397293e-02,-9.07243431557555324e-02,-3.27498923298298887e-04,-3.27497361554739759e-04,-3.27497361554739759e-04,-6.54996284853038646e-04,-6.54994723109479518e-04
3.32725000000000026e+00,3.32725000000000026e+00,3.00548501014351155e-01,-9.03298303425152938e-02,-9.03294014619734353e-02,-3.24653782679204701e-04,-3.24652241242785495e-04,-3.24652241242785549e-04,-6.49306023921990250e-04,-6.49304482485571098e-04
3.33450000000000024e+00,3.33450000000000024e+00,2.99895036737141962e-01,-8.99374582222947083e-02,-8.99370330595717360e-02,-3.21839471461619724e-04,-3.21837950024959744e-04,-3.21837950024959690e-04,-6.43677421486579414e-04,-6.43675900049919380e-04
3.34175000000000022e+00,3.34175000000000022e+00,2.99244407870127904e-01,-8.95476371266425986e-02,-8.95472156415434706e-02,-3.19055589638881124e-04,-3.19054087899905763e-04,-3.19054087899905709e-04,-6.38109677538786779e-04,-6.38108175799811418e-04
3.34900000000000020e+00,3.34900000000000020e+00,2.98596595998805614e-01,-8.91603449892386379e-02,-8.91599271420739359e-02,-3.16301743246336824e-04,-3.16300260908122192e-04,-3.16300260908122138e-04,-6.32602004154459016e-04,-6.32600521816244384e-04
3.35625000000000018e+00,3.35625000000000018e+00,2.97951582867783948e-01,-8.87755599818085273e-02,-8.87751457334179372e-02,-3.13577544257106664e-04,-3.13576081027890649e-04,-3.13576081027890704e-04,-6.27153625284997368e-04,-6.27152162055781299e-04
3.36350000000000016e+00,3.36350000000000016e+00,2.97309350379069415e-01,-8.83932605110970826e-02,-8.83928498228242626e-02,-3.10882610480195159e-04,-3.10881166073216533e-04,-3.10881166073216479e-04,-6.21763776553411638e-04,-6.21762332146433066e-04
3.37075000000000014e+00,3.37075000000000014e+00,2.96669880590373025e-01,-8.80134252158271124e-02,-8.80130180495062031e-02,-3.08216565460355993e-04,-3.08215139593737424e-04,-3.08215139593737424e-04,-6.16431705054093417e-04,-6.16430279187474848e-04
3.37800000000000011e+00,3.37800000000000011e+00,2.96033155713439911e-01,-8.76360329637009272e-02,-8.76356292816577592e-02,-3.05579038379876747e-04,-3.05577630776561156e-04,-3.05577630776561102e-04,-6.11156669156437795e-04,-6.11155261553122204e-04
3.38525000000000009e+00,3.38525000000000009e+00,2.95399158112399363e-01,-8.72610628484729034e-02,-8.72606626135143254e-02,-3.02969663962340721e-04,-3.02968274349987312e-04,-3.02968274349987312e-04,-6.05937938312327978e-04,-6.05936548699974624e-04
3.39250000000000007e+00,3.39250000000000007e+00,2.94767870302137081e-01,-8.68884941870433636e-02,-8.68880973624575059e-02,-3.00388082378156879e-04,-3.00386710489076514e-04,-3.00386710489076514e-04,-6.00774792867233339e-04,-6.00773420978153029e-04
3.39975000000000005e+00,3.39975000000000005e+00,2.94139274946687235e-01,-8.65183065166235110e-02,-8.65179130661628687e-02,-2.97833939151992237e-04,-2.97832584723024872e-04,-2.97832584723024872e-04,-5.95666523875017055e-04,-5.95665169446049744e-04
3.40700000000000003e+00,3.40700000000000003e+00,2.93513354857646014e-01,-8.61504795919110222e-02,-8.61500894797904287e-02,-2.95306885071862759e-04,-2.95305547844308051e-04,-2.95305547844308051e-04,-5.90612432916170810e-04,-5.90611095688616103e-04
3.41425000000000001e+00,3.41425000000000001e+00,2.92890092992604545e-01,-8.57849933823295885e-02,-8.57846065732165292e-02,-2.92806576100031885e-04,-2.92805255819554707e-04,-2.92805255819554707e-04,-5.85611831919586592e-04,-5.85610511639109415e-04
3.42149999999999999e+00,3.42149999999999999e+00,2.92269472453602241e-01,-8.54218280693004317e-02,-8.54214445283069529e-02,-2.90332673285572502e-04,-2.90331369702115339e-04,-2.90331369702115285e-04,-5.80664042987687787e-04,-5.80662739404230570e-04
3.42874999999999996e+00,3.42874999999999996e+00,2.91651476485599692e-01,-8.50609640435422421e-02,-8.50605837362303219e-02,-2.87884842678546541e-04,-2.87883555546289210e-04,-2.87883555546289156e-04,-5.75768398224835642e-04,-5.75767111092578311e-04
3.43599999999999994e+00,3.43599999999999994e+00,2.91036088474970922e-01,-8.47023819024457225e-02,-8.47020047948111032e-02,-2.85462755245928350e-04,-2.85461484323175244e-04,-2.85461484323175244e-04,-5.70924239569103593e-04,-5.70922968646350487e-04
3.44324999999999992e+00,3.44324999999999992e+00,2.90423291948014251e-01,-8.43460624474658971e-02,-8.43456885059215150e-02,-2.83066086789043620e-04,-2.83064831838111873e-04,-2.83064831838111873e-04,-5.66130918627155439e-04,-5.66129663676223746e-04
3.45050000000000034e+00,3.45050000000000034e+00,2.89813070569482634e-01,-8.39919866815144189e-02,-8.39916158729119289e-02,-2.80694517862437238e-04,-2.80693278649674126e-04,-2.80693278649674072e-04,-5.61387796512111256e-04,-5.61386557299348252e-04
3.45775000000000032e+00,3.45775000000000032e+00,2.89205408141132214e-01,-8.36401358064868816e-02,-8.36397680980788677e-02,-2.78347733694591975e-04,-2.78346509990194018e-04,-2.78346509990193963e-04,-5.56694243684785939e-04,-5.56693019980388035e-04
3.46500000000000030e+00,3.46500000000000030e+00,2.88600288600288579e-01,-8.32904912207155235e-02,-8.32901265801698626e-02,-2.76025424109763585e-04,-2.76024215687772207e-04,-2.76024215687772207e-04,-5.52049639797535792e-04,-5.52048431375544413e-04
3.47225000000000028e+00,3.47225000000000028e+00,2.87997696018431837e-01,-8.29430345165391714e-02,-8.29426729119250722e-02,-2.73727283451548993e-04,-2.73726090089752242e-04,-2.73726090089752242e-04,-5.47453373541301235e-04,-5.47452180179504484e-04
3.47950000000000026e+00,3.47950000000000026e+00,2.87397614599798790e-01,-8.25977474778625265e-02,-8.25973888776544846e-02,-2.71453010507729023e-04,-2.71451831987623896e-04,-2.71451831987623896e-04,-5.42904842495352865e-04,-5.42903663975247792e-04
3.48675000000000024e+00,3.48675000000000024e+00,2.86800028680002872e-01,-8.22546120777900569e-02,-8.22542564508504659e-02,-2.69202308436642778e-04,-2.69201144543328315e-04,-2.69201144543328315e-04,-5.38403452979971039e-04,-5.38402289086656631e-04
3.49400000000000022e+00,3.49400000000000022e+00,2.86204922724670852e-01,-8.19136104762598904e-02,-8.19132577918348093e-02,-2.66974884694819528e-04,-2.66973735216934527e-04,-2.66973735216934581e-04,-5.33948619911754109e-04,-5.33947470433869054e-04
3.50125000000000020e+00,3.50125000000000020e+00,2.85612281328097073e-01,-8.15747250177203398e-02,-8.15743752454400756e-02,-2.64770450965982928e-04,-2.64769315695660408e-04,-2.64769315695660408e-04,-5.29539766661643336e-04,-5.29538631391320816e-04
3.50850000000000017e+00,3.50850000000000017e+00,2.85022089211913909e-01,-8.12379382288561658e-02,-8.12375913387242132e-02,-2.62588723091424100e-04,-2.62587601824208468e-04,-2.62587601824208414e-04,-5.25176324915632513e-04,-5.25175203648416827e-04
3.51575000000000015e+00,3.51575000000000015e+00,2.84434331223778702e-01,-8.09032328163254988e-02,-8.09028887787182488e-02,-2.60429421001590858e-04,-2.60428313536391505e-04,-2.60428313536391559e-04,-5.20857734537982417e-04,-5.20856627072783119e-04
3.52300000000000013e+00,3.52300000000000013e+00,2.83848992336077188e-01,-8.05705916645464981e-02,-8.05702504502064099e-02,-2.58292268648996305e-04,-2.58291174788020765e-04,-2.58291174788020765e-04,-5.16583443437017070e-04,-5.16582349576041530e-04
3.53025000000000011e+00,3.53025000000000011e+00,2.83266057644642744e-01,-8.02399978335159858e-02,-8.02396594135380559e-02,-2.56176993942362871e-04,-2.56175913491029652e-04,-2.56175913491029706e-04,-5.12352907433392523e-04,-5.12351826982059303e-04
3.53750000000000009e+00,3.53750000000000009e+00,2.82685512367491176e-01,-7.99114345566422912e-02,-7.99110989024710006e-02,-2.54083328681923854e-04,-2.54082261448810068e-04,-2.54082261448810068e-04,-5.08165590130733869e-04,-5.08164522897620137e-04
3.54475000000000007e+00,3.54475000000000007e+00,2.82107341843571446e-01,-7.95848852385958594e-02,-7.95845523220456846e-02,-2.52011008495869708e-04,-2.52009954292734223e-04,-2.52009954292734223e-04,-5.04020962788603931e-04,-5.04019908585468445e-04
3.55200000000000005e+00,3.55200000000000005e+00,2.81531531531531543e-01,-7.92603334532770987e-02,-7.92600032464897408e-02,-2.49959772778234426e-04,-2.49958731419840595e-04,-2.49958731419840595e-04,-4.99918504198075021e-04,-4.99917462839681191e-04
3.55925000000000002e+00,3.55925000000000002e+00,2.80958067008498957e-01,-7.89377629416918580e-02,-7.89374354171522019e-02,-2.47929364627530186e-04,-2.47928335931656477e-04,-2.47928335931656477e-04,-4.95857700559186663e-04,-4.95856671863312954e-04
3.56650000000000000e+00,3.56650000000000000e+00,2.80386933968877039e-01,-7.86171576099299330e-02,-7.86168327404674211e-02,-2.45919530786734323e-04,-2.45918514574138751e-04,-2.45918514574138751e-04,-4.91838045360873128e-04,-4.91837029148277502e-04
3.57374999999999998e+00,3.57374999999999998e+00,2.79818118223154944e-01,-7.82985015271933094e-02,-7.82981792859475251e-02,-2.43930021584432325e-04,-2.43929017678706062e-04,-2.43929017678706062e-04,-4.87859039263138414e-04,-4.87858035357412124e-04
3.58099999999999996e+00,3.58099999999999996e+00,2.79251605696732741e-01,-7.79817789237498005e-02,-7.79814592842034970e-02,-2.41960590876710537e-04,-2.41959599104343208e-04,-2.41959599104343235e-04,-4.83920189981053772e-04,-4.83919198208686415e-04
3.58824999999999994e+00,3.58824999999999994e+00,2.78687382428760566e-01,-7.76669741890465559e-02,-7.76666571249942372e-02,-2.40010995990510445e-04,-2.40010016180754952e-04,-2.40010016180754952e-04,-4.80021012171265369e-04,-4.80020032361509904e-04
3.59549999999999992e+00,3.59549999999999992e+00,2.78125434570991537e-01,-7.73540718697631746e-02,-7.73537573553028934e-02,-2.38080997667736670e-04,-2.38080029652547884e-04,-2.38080029652547884e-04,-4.76161027320284554e-04,-4.76160059305095768e-04
3.60275000000000034e+00,3.60275000000000034e+00,2.77565748386649047e-01,-7.70430566678612649e-02,-7.70427446774405722e-02,-2.36170360010280115e-04,-2.36169403624420556e-04,-2.36169403624420529e-04,-4.72339763634700618e-04,-4.72338807248841113e-04
3.61000000000000032e+00,3.61000000000000032e+00,2.77008310249307443e-01,-7.67339134388400623e-02,-7.67336039471765707e-02,-2.34278850426581514e-04,-2.34277905507341899e-04,-2.34277905507341845e-04,-4.68556755933923386e-04,-4.68555811014683744e-04
3.61725000000000030e+00,3.61725000000000030e+00,2.76453106641785851e-01,-7.64266271897682259e-02,-7.64263201718946295e-02,-2.32406239578392332e-04,-2.32405305965695930e-04,-2.32405305965695957e-04,-4.64811545544088290e-04,-4.64810611931391914e-04
3.62450000000000028e+00,3.62450000000000028e+00,2.75900124155055826e-01,-7.61211830775181397e-02,-7.61208785087752193e-02,-2.30552301329029516e-04,-2.30551378865376770e-04,-2.30551378865376770e-04,-4.61103680194406259e-04,-4.61102757730753540e-04
3.63175000000000026e+00,3.63175000000000026e+00,2.75349349487161832e-01,-7.58175664069931088e-02,-7.58172642630031840e-02,-2.28716812692457964e-04,-2.28715901222812816e-04,-2.28715901222812816e-04,-4.57432713915270780e-04,-4.57431802445625632e-04
3.63900000000000023e+00,3.63900000000000023e+00,2.74800769442154424e-01,-7.55157626293225803e-02,-7.55154628860001120e-02,-2.26899553783111541e-04,-2.26898653154901619e-04,-2.26898653154901646e-04,-4.53798206938013215e-04,-4.53797306309803293e-04
3.64625000000000021e+00,3.64625000000000021e+00,2.74254370929036650e-01,-7.52157573401248669e-02,-7.52154599736816337e-02,-2.25100307766739092e-04,-2.25099417829839447e-04,-2.25099417829839474e-04,-4.50199725596578566e-04,-4.50198835659678894e-04
3.65350000000000019e+00,3.65350000000000019e+00,2.73710140960722603e-01,-7.49175362778231602e-02,-7.49172412647386293e-02,-2.23318860812211678e-04,-2.23317981418824819e-04,-2.23317981418824846e-04,-4.46636842231036525e-04,-4.46635962837649693e-04
3.66075000000000017e+00,3.66075000000000017e+00,2.73168066653008246e-01,-7.46210853219011483e-02,-7.46207926389423626e-02,-2.21555002043936135e-04,-2.21554133048621301e-04,-2.21554133048621274e-04,-4.43109135092557382e-04,-4.43108266097242548e-04
3.66800000000000015e+00,3.66800000000000015e+00,2.72628135223555057e-01,-7.43263904912616624e-02,-7.43261001154730261e-02,-2.19808523495348734e-04,-2.19807664754961395e-04,-2.19807664754961395e-04,-4.39616188250310130e-04,-4.39615329509922791e-04
3.67525000000000013e+00,3.67525000000000013e+00,2.72090333990884947e-01,-7.40334379425782174e-02,-7.40331498512713237e-02,-2.18079220063142795e-04,-2.18078371436775293e-04,-2.18078371436775293e-04,-4.36157591499918115e-04,-4.36156742873550587e-04
3.68250000000000011e+00,3.68250000000000011e+00,2.71554650373387663e-01,-7.37422139686643163e-02,-7.37419281394127990e-02,-2.16366889462290261e-04,-2.16366050811228145e-04,-2.16366050811228118e-04,-4.32732940273518351e-04,-4.32732101622456235e-04
3.68975000000000009e+00,3.68975000000000009e+00,2.71021071888339293e-01,-7.34527049968640711e-02,-7.34524214075043813e-02,-2.14671332181853603e-04,-2.14670503369549957e-04,-2.14670503369549957e-04,-4.29341835551403533e-04,-4.29341006739099914e-04
3.69700000000000006e+00,3.69700000000000006e+00,2.70489586150933159e-01,-7.31648975874570340e-02,-7.31646162161030955e-02,-2.12992351441552844e-04,-2.12991532333643442e-04,-2.12991532333643442e-04,-4.25983883775196259e-04,-4.25983064667286883e-04
3.70425000000000004e+00,3.70425000000000004e+00,2.69960180873321187e-01,-7.28787784321482945e-02,-7.28784992571562956e-02,-2.11329753149279903e-04,-2.11328943613453237e-04,-2.11328943613453210e-04,-4.22658696762733140e-04,-4.22657887226906420e-04
3.71150000000000002e+00,3.71150000000000002e+00,2.69432843863667004e-01,-7.25943343524910745e-02,-7.25940573524631594e-02,-2.09683345859100506e-04,-2.09682545765082503e-04,-2.09682545765082449e-04,-4.19365891624182954e-04,-4.19365091530164952e-04
3.71875000000000000e+00,3.71875000000000000e+00,2.68907563025210072e-01,-7.23115522983555081e-02,-7.23112774521573326e-02,-2.08052940730063854e-04,-2.08052149949642729e-04,-2.08052149949642729e-04,-4.16105090679706583e-04,-4.16104299899285458e-04
3.72599999999999998e+00,3.72599999999999998e+00,2.68384326355340874e-01,-7.20304193464684772e-02,-7.20301466332101126e-02,-2.06438351485876541e-04,-2.06437569892821887e-04,-2.06437569892821887e-04,-4.12875921378698428e-04,-4.12875139785643774e-04
3.73324999999999996e+00,3.73324999999999996e+00,2.67863121944686255e-01,-7.17509226989321292e-02,-7.17506520979538653e-02,-2.04839394375159220e-04,-2.04838621845156551e-04,-2.04838621845156524e-04,-4.09678016220315743e-04,-4.09677243690313047e-04
3.74049999999999994e+00,3.74049999999999994e+00,2.67343937976206369e-01,-7.14730496817246319e-02,-7.14727811726256906e-02,-2.03255888132287607e-04,-2.03255124542995984e-04,-2.03255124542995957e-04,-4.06511012675283591e-04,-4.06510249085991968e-04
3.74775000000000036e+00,3.74775000000000036e+00,2.66826762724301225e-01,-7.11967877433323793e-02,-7.11965213059305435e-02,-2.01687653939230601e-04,-2.01686899170143392e-04,-2.01686899170143392e-04,-4.03374553109374021e-04,-4.03373798340286784e-04
3.75500000000000034e+00,3.75500000000000034e+00,2.66311584553928060e-01,-7.09221244532649564e-02,-7.09218600676239791e-02,-2.00134515387662457e-04,-2.00133769320161818e-04,-2.00133769320161791e-04,-4.00268284707824221e-04,-4.00267538640323582e-04
3.76225000000000032e+00,3.76225000000000032e+00,2.65798391919728871e-01,-7.06490475007122143e-02,-7.06487851471137851e-02,-1.98596298442077468e-04,-1.98595560959331780e-04,-1.98595560959331807e-04,-3.97191859401409275e-04,-3.97191121918663613e-04
3.76950000000000029e+00,3.76950000000000029e+00,2.65287173365167772e-01,-7.03775446931196313e-02,-7.03772843520805852e-02,-1.97072831403258725e-04,-1.97072102390248691e-04,-1.97072102390248691e-04,-3.94144933793507389e-04,-3.94144204780497382e-04
3.77675000000000027e+00,3.77675000000000027e+00,2.64777917521678674e-01,-7.01076039548524932e-02,-7.01073456071168721e-02,-1.95563944872573003e-04,-1.95563224216046796e-04,-1.95563224216046796e-04,-3.91127169088619799e-04,-3.91126448432093591e-04
3.78400000000000025e+00,3.78400000000000025e+00,2.64270613107822405e-01,-6.98392133258636250e-02,-6.98389569523843456e-02,-1.94069471716838525e-04,-1.94068759305238842e-04,-1.94068759305238896e-04,-3.88138231022077448e-04,-3.88137518610477737e-04
3.79125000000000023e+00,3.79125000000000023e+00,2.63765248928453655e-01,-6.95723609603327020e-02,-6.95721065422891249e-02,-1.92589247033666942e-04,-1.92588542757158736e-04,-1.92588542757158736e-04,-3.85177789790825678e-04,-3.85177085514317472e-04
3.79850000000000021e+00,3.79850000000000021e+00,2.63261813873897577e-01,-6.93070351253872730e-02,-6.93067826441746970e-02,-1.91123108117576028e-04,-1.91122411867996147e-04,-1.91122411867996093e-04,-3.82245519985572094e-04,-3.82244823735992240e-04
3.80575000000000019e+00,3.80575000000000019e+00,2.62760296919135494e-01,-6.90432241998131246e-02,-6.90429736370322539e-02,-1.89670894426604387e-04,-1.89670206097411942e-04,-1.89670206097411942e-04,-3.79341100524016356e-04,-3.79340412194823884e-04
3.81300000000000017e+00,3.81300000000000017e+00,2.62260687123000269e-01,-6.87809166727681998e-02,-6.87806680102282381e-02,-1.88232447549458576e-04,-1.88231767035723451e-04,-1.88231767035723424e-04,-3.76464214585182000e-04,-3.76463534071446847e-04
3.82025000000000015e+00,3.82025000000000015e+00,2.61762973627380380e-01,-6.85201011425213835e-02,-6.85198543622486389e-02,-1.86807611173241508e-04,-1.86806938371647990e-04,-1.86806938371647963e-04,-3.73614549544889498e-04,-3.73613876743295980e-04
3.82750000000000012e+00,3.82750000000000012e+00,2.61267145656433719e-01,-6.82607663152410282e-02,-6.82605213994601501e-02,-1.85396231051819575e-04,-1.85395565860595532e-04,-1.85395565860595505e-04,-3.70791796912415053e-04,-3.70791131721191010e-04
3.83475000000000010e+00,3.83475000000000010e+00,2.60773192515809382e-01,-6.80029010037586090e-02,-6.80026579348873839e-02,-1.83998154974614680e-04,-1.83997497293498461e-04,-1.83997497293498461e-04,-3.67995652268113141e-04,-3.67994994586996922e-04
3.84200000000000008e+00,3.84200000000000008e+00,2.60281103591879226e-01,-6.77464941263394849e-02,-6.77462528870065583e-02,-1.82613232735900276e-04,-1.82612582466170205e-04,-1.82612582466170205e-04,-3.65225815202070508e-04,-3.65225164932340409e-04
3.84925000000000006e+00,3.84925000000000006e+00,2.59790868350977477e-01,-6.74915347055282666e-02,-6.74912952785549081e-02,-1.81241316104774661e-04,-1.81240673149181029e-04,-1.81240673149181002e-04,-3.62481989253955663e-04,-3.62481346298362058e-04
3.85650000000000004e+00,3.85650000000000004e+00,2.59302476338649057e-01,-6.72380118669622107e-02,-6.72377742353556518e-02,-1.79882258795512848e-04,-1.79881623058242187e-04,-1.79881623058242160e-04,-3.59763881853754981e-04,-3.59763246116484321e-04
3.86375000000000002e+00,3.86375000000000002e+00,2.58815917178906507e-01,-6.69859148381952707e-02,-6.69856789851585865e-02,-1.78535916438405209e-04,-1.78535287825089240e-04,-1.78535287825089267e-04,-3.57071204263494503e-04,-3.57070575650178480e-04
3.87100000000000000e+00,3.87100000000000000e+00,2.58331180573495245e-01,-6.67352329475718875e-02,-6.67349988564957947e-02,-1.77202146551178340e-04,-1.77201524968854588e-04,-1.77201524968854615e-04,-3.54403671520032927e-04,-3.54403049937709229e-04
3.87824999999999998e+00,3.87824999999999998e+00,2.57848256301166756e-01,-6.64859556230865678e-02,-6.64857232775521861e-02,-1.75880808510817842e-04,-1.75880193867919849e-04,-1.75880193867919822e-04,-3.51761002378737637e-04,-3.51760387735839644e-04
3.88549999999999995e+00,3.88549999999999995e+00,2.57367134216960503e-01,-6.62380723912825431e-02,-6.62378417750509596e-02,-1.74571763525927372e-04,-1.74571155732240274e-04,-1.74571155732240274e-04,-3.49142919258167619e-04,-3.49142311464480549e-04
3.89274999999999993e+00,3.89274999999999993e+00,2.56887804251493157e-01,-6.59915728761433229e-02,-6.59913439731534684e-02,-1.73274874609492693e-04,-1.73274273576131375e-04,-1.73274273576131375e-04,-3.46549148185624069e-04,-3.46548547152262750e-04
3.90000000000000036e+00,3.90000000000000036e+00,2.56410256410256387e-01,-6.57464467979984590e-02,-6.57462195923734227e-02,-1.71990006552100047e-04,-1.71989412191509599e-04,-1.71989412191509626e-04,-3.43979418743609673e-04,-3.43978824383019198e-04
3.90725000000000033e+00,3.90725000000000033e+00,2.55934480772922135e-01,-6.55026839724754950e-02,-6.55024584485052463e-02,-1.70717025895684440e-04,-1.70716438121579119e-04,-1.70716438121579119e-04,-3.41433464017263559e-04,-3.41432876243158239e-04
3.91450000000000031e+00,3.91450000000000031e+00,2.55460467492655496e-01,-6.52602743094057303e-02,-6.52600504515660901e-02,-1.69455800907557610e-04,-1.69455219634954832e-04,-1.69455219634954832e-04,-3.38911020542512469e-04,-3.38910439269909664e-04
3.92175000000000029e+00,3.92175000000000029e+00,2.54988206795435712e-01,-6.50192078118223549e-02,-6.50189856047518888e-02,-1.68206201555071307e-04,-1.68205626700216265e-04,-1.68205626700216237e-04,-3.36411828255287545e-04,-3.36411253400432475e-04
3.92900000000000027e+00,3.92900000000000027e+00,2.54517688979384038e-01,-6.47794745748981882e-02,-6.47792540034064640e-02,-1.66968099480509257e-04,-1.66967530960881479e-04,-1.66967530960881506e-04,-3.33935630441390763e-04,-3.33935061921763012e-04
3.93625000000000025e+00,3.93625000000000025e+00,2.54048904414099719e-01,-6.45410647849331554e-02,-6.45408458340043650e-02,-1.65741367976488023e-04,-1.65740805710795955e-04,-1.65740805710795983e-04,-3.31482173687283979e-04,-3.31481611421591965e-04
3.94350000000000023e+00,3.94350000000000023e+00,2.53581843540002516e-01,-6.43039687183701858e-02,-6.43037513731463117e-02,-1.64525881961803016e-04,-1.64525325869926259e-04,-1.64525325869926259e-04,-3.29051207831729275e-04,-3.29050651739852518e-04
3.95075000000000021e+00,3.95075000000000021e+00,2.53116496867683338e-01,-6.40681767407791369e-02,-6.40679609865679456e-02,-1.63321517957557856e-04,-1.63320967960553563e-04,-1.63320967960553590e-04,-3.26642485918111447e-04,-3.26641935921107127e-04
3.95800000000000018e+00,3.95800000000000018e+00,2.52652854977261254e-01,-6.38336793058904561e-02,-6.38334651281610016e-02,-1.62128154063780305e-04,-1.62127610083857864e-04,-1.62127610083857837e-04,-3.24255764147638142e-04,-3.24255220167715729e-04
3.96525000000000016e+00,3.96525000000000016e+00,2.52190908517747947e-01,-6.36004669546288426e-02,-6.36002543390071090e-02,-1.60945669936390283e-04,-1.60945131896886545e-04,-1.60945131896886518e-04,-3.21890801833276774e-04,-3.21890263793773090e-04
3.97250000000000014e+00,3.97250000000000014e+00,2.51730648206419105e-01,-6.33685303141540146e-02,-6.33683192464239431e-02,-1.59773946764532051e-04,-1.59773414589900567e-04,-1.59773414589900567e-04,-3.19547361354432591e-04,-3.19546829179801135e-04
3.97975000000000012e+00,3.97975000000000012e+00,2.51272064828192698e-01,-6.31378600969192405e-02,-6.31376505630234786e-02,-1.58612867248290927e-04,-1.58612340864090675e-04,-1.58612340864090675e-04,-3.17225208112381575e-04,-3.17224681728181350e-04
3.98700000000000010e+00,3.98700000000000010e+00,2.50815149235013801e-01,-6.29084470997511858e-02,-6.29082390857822471e-02,-1.57462315576797283e-04,-1.57461794909657482e-04,-1.57461794909657455e-04,-3.14924110486454738e-04,-3.14923589819314964e-04
3.99425000000000008e+00,3.99425000000000008e+00,2.50359892345246304e-01,-6.26802822029297602e-02,-6.26800756951233079e-02,-1.56322177406657641e-04,-1.56321662384248345e-04,-1.56321662384248345e-04,-3.12643839790906013e-04,-3.12643324768496691e-04
4.00150000000000006e+00,4.00150000000000006e+00,2.49906285143071338e-01,-6.24533563692573068e-02,-6.24531513540100766e-02,-1.55192339840681164e-04,-1.55191830391745653e-04,-1.55191830391745680e-04,-3.10384170232426817e-04,-3.10383660783491305e-04
4.00875000000000004e+00,4.00875000000000004e+00,2.49454318677892112e-01,-6.22276606431917401e-02,-6.22274571070513538e-02,-1.54072691407081732e-04,-1.54072187461398670e-04,-1.54072187461398670e-04,-3.08144878868480375e-04,-3.08144374922797340e-04
4.01600000000000001e+00,4.01600000000000001e+00,2.49003984063745021e-01,-6.20031861499761305e-02,-6.20029840796177817e-02,-1.52963122038979988e-04,-1.52962623527293657e-04,-1.52962623527293657e-04,-3.05925745566273618e-04,-3.05925247054587314e-04
4.02324999999999999e+00,4.02324999999999999e+00,2.48555272478717448e-01,-6.17799240947149997e-02,-6.17797234769694795e-02,-1.51863523054078476e-04,-1.51863029908156592e-04,-1.51863029908156565e-04,-3.03726552962235068e-04,-3.03726059816313183e-04
4.03049999999999997e+00,4.03049999999999997e+00,2.48108175164371669e-01,-6.15578657615536429e-02,-6.15576665833945311e-02,-1.50773787134890946e-04,-1.50773299287481152e-04,-1.50773299287481152e-04,-3.01547086422372071e-04,-3.01546598574962304e-04
4.03774999999999995e+00,4.03774999999999995e+00,2.47662683425174918e-01,-6.13370025128254781e-02,-6.13368047613584086e-02,-1.49693808309185459e-04,-1.49693325693977814e-04,-1.49693325693977814e-04,-2.99387134003163300e-04,-2.99386651387955629e-04
4.04499999999999993e+00,4.04499999999999993e+00,2.47218788627935726e-01,-6.11173257881851839e-02,-6.11171294506639637e-02,-1.48623481930681577e-04,-1.48623004482336746e-04,-1.48623004482336773e-04,-2.97246486413018350e-04,-2.97246008964673547e-04
4.05225000000000080e+00,4.05225000000000080e+00,2.46776482201246178e-01,-6.08988271038164442e-02,-6.08986321676219730e-02,-1.47562704660213028e-04,-1.47562232314299966e-04,-1.47562232314299966e-04,-2.95124936974512967e-04,-2.95124464628599933e-04
4.05949999999999989e+00,4.05949999999999989e+00,2.46335755634930403e-01,-6.06814980515792968e-02,-6.06813045042321475e-02,-1.46511374447021696e-04,-1.46510907140037490e-04,-1.46510907140037490e-04,-2.93022281587059213e-04,-2.93021814280074980e-04
4.06675000000000075e+00,4.06675000000000075e+00,2.45896600479498323e-01,-6.04653302982143259e-02,-6.04651381273740157e-02,-1.45469390510462196e-04,-1.45468928179819568e-04,-1.45468928179819541e-04,-2.90938318690281764e-04,-2.90937856359639135e-04
4.07399999999999984e+00,4.07399999999999984e+00,2.45459008345606300e-01,-6.02503155845610650e-02,-6.02501247780084237e-02,-1.44436653322010407e-04,-1.44436195905984805e-04,-1.44436195905984805e-04,-2.88872849227995239e-04,-2.88872391811969610e-04
4.08125000000000071e+00,4.08125000000000071e+00,2.45022970903522153e-01,-6.00364457247408723e-02,-6.00362562703882635e-02,-1.43413064587447943e-04,-1.43412612025192152e-04,-1.43412612025192125e-04,-2.86825676612640040e-04,-2.86825224050384249e-04
4.08849999999999980e+00,4.08849999999999980e+00,2.44588479882597548e-01,-5.98237126053859924e-02,-5.98235244912798253e-02,-1.42398527229419127e-04,-1.42398079460959067e-04,-1.42398079460959067e-04,-2.84796606690378195e-04,-2.84796158921918135e-04
4.09575000000000067e+00,4.09575000000000067e+00,2.44155527070744033e-01,-5.96121081848899337e-02,-5.96119213991928229e-02,-1.41392945370291169e-04,-1.41392502336473529e-04,-1.41392502336473502e-04,-2.82785447706764698e-04,-2.82785004672947058e-04
4.10299999999999976e+00,4.10299999999999976e+00,2.43724104313916667e-01,-5.94016244926116599e-02,-5.94014390236209319e-02,-1.40396224315155550e-04,-1.40395785957682210e-04,-1.40395785957682210e-04,-2.80792010272837788e-04,-2.80791571915364421e-04
4.11025000000000063e+00,4.11025000000000063e+00,2.43294203515601215e-01,-5.91922536281508371e-02,-5.91920694642907794e-02,-1.39408270535242989e-04,-1.39407836796642885e-04,-1.39407836796642885e-04,-2.78816107331885873e-04,-2.78815673593285770e-04
4.11749999999999972e+00,4.11749999999999972e+00,2.42865816636308463e-01,-5.89839877606195273e-02,-5.89838048904210016e-02,-1.38428991651571686e-04,-1.38428562475143539e-04,-1.38428562475143512e-04,-2.76857554126715198e-04,-2.76857124950287024e-04
4.12475000000000058e+00,4.12475000000000058e+00,2.42438935693072261e-01,-5.87768191278570384e-02,-5.87766375399896290e-02,-1.37458296418697365e-04,-1.37457871748576139e-04,-1.37457871748576139e-04,-2.74916168167273504e-04,-2.74915743497152279e-04
4.13199999999999967e+00,4.13199999999999967e+00,2.42013552758954531e-01,-5.85707400357726726e-02,-5.85705597190112684e-02,-1.36496094708999190e-04,-1.36495674490068574e-04,-1.36495674490068574e-04,-2.72991769199067765e-04,-2.72991348980137149e-04
4.13925000000000054e+00,4.13925000000000054e+00,2.41589659962553577e-01,-5.83657428575783399e-02,-5.83655638008222580e-02,-1.35542297496932983e-04,-1.35541881674861438e-04,-1.35541881674861465e-04,-2.71084179171794475e-04,-2.71083763349722930e-04
4.14649999999999963e+00,4.14649999999999963e+00,2.41167249487519608e-01,-5.81618200331135426e-02,-5.81616422253755302e-02,-1.34596816843728572e-04,-1.34596405364934880e-04,-1.34596405364934880e-04,-2.69193222208663453e-04,-2.69192810729869760e-04
4.15375000000000050e+00,4.15375000000000050e+00,2.40746313572073406e-01,-5.79589640681383855e-02,-5.79587874985430934e-02,-1.33659565882230400e-04,-1.33659158693871631e-04,-1.33659158693871631e-04,-2.67318724576102030e-04,-2.67318317387743262e-04
4.16099999999999959e+00,4.16099999999999959e+00,2.40326844508531617e-01,-5.77571675336372437e-02,-5.77569921914279361e-02,-1.32730458801982257e-04,-1.32730055851960953e-04,-1.32730055851960953e-04,-2.65460514653943183e-04,-2.65460111703921906e-04
4.16825000000000045e+00,4.16825000000000045e+00,2.39908834642835689e-01,-5.75564230651508524e-02,-5.75562489396834812e-02,-1.31809410834589531e-04,-1.31809012071531584e-04,-1.31809012071531584e-04,-2.63618422906121115e-04,-2.63618024143063168e-04
4.17549999999999955e+00,4.17549999999999955e+00,2.39492276374086960e-01,-5.73567233621012917e-02,-5.73565504428420539e-02,-1.30896338239275457e-04,-1.30895943612516506e-04,-1.30895943612516479e-04,-2.61792281851791963e-04,-2.61791887225032958e-04
4.18275000000000041e+00,4.18275000000000041e+00,2.39077162154085199e-01,-5.71580611871311817e-02,-5.71578894636507531e-02,-1.29991158288674820e-04,-1.29990767748239028e-04,-1.29990767748239001e-04,-2.59981926036913821e-04,-2.59981535496478055e-04
4.18999999999999950e+00,4.18999999999999950e+00,2.38663484486873551e-01,-5.69604293654393246e-02,-5.69602588274161284e-02,-1.29093789254823408e-04,-1.29093402751423214e-04,-1.29093402751423241e-04,-2.58187192006246622e-04,-2.58186805502846482e-04
4.19725000000000037e+00,4.19725000000000037e+00,2.38251235928286370e-01,-5.67638207841305586e-02,-5.67636514213559693e-02,-1.28204150395377366e-04,-1.28203767880417582e-04,-1.28203767880417582e-04,-2.56407918275794976e-04,-2.56407535760835165e-04
4.20450000000000035e+00,4.20450000000000035e+00,2.37840409085503607e-01,-5.65682283915940332e-02,-5.65680601939597058e-02,-1.27322161940093901e-04,-1.27321783365635336e-04,-1.27321783365635336e-04,-2.54643945305729237e-04,-2.54643566731270672e-04
4.21175000000000033e+00,4.21175000000000033e+00,2.37430996616608270e-01,-5.63736451968495089e-02,-5.63734781543558522e-02,-1.26447745077430462e-04,-1.26447370396201656e-04,-1.26447370396201629e-04,-2.52895115473632118e-04,-2.52894740792403258e-04
4.21900000000000031e+00,4.21900000000000031e+00,2.37022991230149305e-01,-5.61800642689398444e-02,-5.61798983716874367e-02,-1.25580821941437710e-04,-1.25580451106808267e-04,-1.25580451106808267e-04,-2.51161273048245977e-04,-2.51160902213616534e-04
4.22625000000000028e+00,4.22625000000000028e+00,2.36616385684708663e-01,-5.59874787363057180e-02,-5.59873139744948012e-02,-1.24721315598797856e-04,-1.24720948564770227e-04,-1.24720948564770200e-04,-2.49442264163568083e-04,-2.49441897129540455e-04
4.23350000000000026e+00,4.23350000000000026e+00,2.36211172788472867e-01,-5.57958817861745615e-02,-5.57957181501057900e-02,-1.23869150036077234e-04,-1.23868786757281300e-04,-1.23868786757281300e-04,-2.47737936793358533e-04,-2.47737573514562599e-04
4.24075000000000024e+00,4.24075000000000024e+00,2.35807345398809154e-01,-5.56052666639530457e-02,-5.56051041440332808e-02,-1.23024250147166551e-04,-1.23023890578865500e-04,-1.23023890578865500e-04,-2.46048140726032078e-04,-2.46047781157731000e-04
4.24800000000000022e+00,4.24800000000000022e+00,2.35404896421845561e-01,-5.54156266726515412e-02,-5.54154652593798341e-02,-1.22186541720967928e-04,-1.22186185819020366e-04,-1.22186185819020339e-04,-2.44372727539988294e-04,-2.44372371638040733e-04
4.25525000000000020e+00,4.25525000000000020e+00,2.35003818812055676e-01,-5.52269551722801566e-02,-5.52267948562494976e-02,-1.21355951429192341e-04,-1.21355599150049499e-04,-1.21355599150049499e-04,-2.42711550579241840e-04,-2.42711198300098999e-04
4.26250000000000018e+00,4.26250000000000018e+00,2.34604105571847493e-01,-5.50392455792625412e-02,-5.50390863511665621e-02,-1.20532406814367001e-04,-1.20532058115080908e-04,-1.20532058115080921e-04,-2.41064464929447922e-04,-2.41064116230161815e-04
4.26975000000000016e+00,4.26975000000000016e+00,2.34205749751156378e-01,-5.48524913658745561e-02,-5.48523332165012853e-02,-1.19715836278064649e-04,-1.19715491116267867e-04,-1.19715491116267881e-04,-2.39431327394332529e-04,-2.39430982232535761e-04
4.27700000000000014e+00,4.27700000000000014e+00,2.33808744447042305e-01,-5.46666860596722870e-02,-5.46665289799023388e-02,-1.18906169069274073e-04,-1.18905827403169363e-04,-1.18905827403169363e-04,-2.37811996472443450e-04,-2.37811654806338726e-04
4.28425000000000011e+00,4.28425000000000011e+00,2.33413082803291122e-01,-5.44818232429307159e-02,-5.44816672237360342e-02,-1.18103335272955656e-04,-1.18102997061307041e-04,-1.18102997061307055e-04,-2.36206332334262711e-04,-2.36205994122614109e-04
4.29150000000000009e+00,4.29150000000000009e+00,2.33018758010019811e-01,-5.42978965520894974e-02,-5.42977415845321693e-02,-1.17307265798771902e-04,-1.17306931000895874e-04,-1.17306931000895888e-04,-2.34614196799667776e-04,-2.34613862001791776e-04
4.29875000000000007e+00,4.29875000000000007e+00,2.32625763303285826e-01,-5.41148996771987356e-02,-5.41147457524363620e-02,-1.16517892369973931e-04,-1.16517560945745077e-04,-1.16517560945745077e-04,-2.33035453315719008e-04,-2.33035121891490154e-04
4.30600000000000005e+00,4.30600000000000005e+00,2.32234091964700406e-01,-5.39328263613967351e-02,-5.39326734706689279e-02,-1.15735147512511431e-04,-1.15734819422327220e-04,-1.15734819422327233e-04,-2.31469966934838664e-04,-2.31469638844654466e-04
4.31325000000000003e+00,4.31325000000000003e+00,2.31843737321045601e-01,-5.37516704003486723e-02,-5.37515185349899949e-02,-1.14958964544209117e-04,-1.14958639749011978e-04,-1.14958639749012005e-04,-2.29917604293221122e-04,-2.29917279498023983e-04
4.32050000000000001e+00,4.32050000000000001e+00,2.31454692743895379e-01,-5.35714256417385570e-02,-5.35712747931710170e-02,-1.14189277564206849e-04,-1.14188956025462217e-04,-1.14188956025462231e-04,-2.28378233589669093e-04,-2.28377912050924461e-04
4.32774999999999999e+00,4.32774999999999999e+00,2.31066951649240376e-01,-5.33920859847505369e-02,-5.33919361444723864e-02,-1.13426021442522638e-04,-1.13425703122189397e-04,-1.13425703122189411e-04,-2.26851724564712049e-04,-2.26851406244378822e-04
4.33499999999999996e+00,4.33499999999999996e+00,2.30680507497116494e-01,-5.32136453795253317e-02,-5.32134965391272211e-02,-1.12669131809706597e-04,-1.12668816670266067e-04,-1.12668816670266067e-04,-2.25337948479972664e-04,-2.25337633340532133e-04
4.34224999999999994e+00,4.34224999999999994e+00,2.30295353791237278e-01,-5.30360978266717353e-02,-5.30359499778311413e-02,-1.11918545046753805e-04,-1.11918233051192217e-04,-1.11918233051192231e-04,-2.23836778097946036e-04,-2.23836466102384434e-04
4.34950000000000081e+00,4.34950000000000081e+00,2.29911484078629685e-01,-5.28594373767710124e-02,-5.28592905112379927e-02,-1.11174198275140463e-04,-1.11173889386913537e-04,-1.11173889386913523e-04,-2.22348087662053973e-04,-2.22347778773827073e-04
4.35674999999999990e+00,4.35674999999999990e+00,2.29528891949274116e-01,-5.26836581298404383e-02,-5.26835122394615565e-02,-1.10436029346910913e-04,-1.10435723529989010e-04,-1.10435723529988996e-04,-2.20871752876899909e-04,-2.20871447059977992e-04
4.36400000000000077e+00,4.36400000000000077e+00,2.29147571035746983e-01,-5.25087542348945391e-02,-5.25086093115827088e-02,-1.09703976835104439e-04,-1.09703674053903937e-04,-1.09703674053903923e-04,-2.19407650889008349e-04,-2.19407348107807847e-04
4.37124999999999986e+00,4.37124999999999986e+00,2.28767515012868183e-01,-5.23347198894015264e-02,-5.23345759251628712e-02,-1.08977980024094954e-04,-1.08977680243529444e-04,-1.08977680243529430e-04,-2.17955660267624385e-04,-2.17955360487058860e-04
4.37850000000000072e+00,4.37850000000000072e+00,2.28388717597350660e-01,-5.21615493388498663e-02,-5.21614063257623897e-02,-1.08257978900290448e-04,-1.08257682085721052e-04,-1.08257682085721038e-04,-2.16515660986011499e-04,-2.16515364171442103e-04
4.38574999999999982e+00,4.38574999999999982e+00,2.28011172547454843e-01,-5.19892368762455703e-02,-5.19890948064652206e-02,-1.07543914142816440e-04,-1.07543620260059579e-04,-1.07543620260059606e-04,-2.15087534402876046e-04,-2.15087240520119184e-04
4.39300000000000068e+00,4.39300000000000068e+00,2.27634873662645093e-01,-5.18177768416485662e-02,-5.18176357074083896e-02,-1.06835727114405770e-04,-1.06835436129726588e-04,-1.06835436129726588e-04,-2.13671163244132372e-04,-2.13670872259453176e-04
4.40024999999999977e+00,4.40024999999999977e+00,2.27259814783250969e-01,-5.16471636217001873e-02,-5.16470234153175375e-02,-1.06133359852394893e-04,-1.06133071732517246e-04,-1.06133071732517246e-04,-2.12266431584912140e-04,-2.12266143465034493e-04
4.40750000000000064e+00,4.40750000000000064e+00,2.26885989790130416e-01,-5.14773916491861883e-02,-5.14772523630471629e-02,-1.05436755059913842e-04,-1.05436469771983491e-04,-1.05436469771983491e-04,-2.10873224831897334e-04,-2.10872939543966983e-04
4.41474999999999973e+00,4.41474999999999973e+00,2.26513392604337754e-01,-5.13084554025606820e-02,-5.13083170291268528e-02,-1.04745856097116538e-04,-1.04745573608710417e-04,-1.04745573608710417e-04,-2.09491429705826955e-04,-2.09491147217420834e-04
4.42200000000000060e+00,4.42200000000000060e+00,2.26142017186793276e-01,-5.11403494055073793e-02,-5.11402119373119066e-02,-1.04060606972604397e-04,-1.04060327251718118e-04,-1.04060327251718118e-04,-2.08120934224322528e-04,-2.08120654503436236e-04
4.42924999999999969e+00,4.42924999999999969e+00,2.25771857537957921e-01,-5.09730682264848411e-02,-5.09729316561399609e-02,-1.03380952334934385e-04,-1.03380675349993014e-04,-1.03380675349993014e-04,-2.06761627684927385e-04,-2.06761350699986027e-04
4.43650000000000055e+00,4.43650000000000055e+00,2.25402907697509258e-01,-5.08066064783019300e-02,-5.08064707984918831e-02,-1.02706837464301156e-04,-1.02706563184140289e-04,-1.02706563184140303e-04,-2.05413400648441445e-04,-2.05413126368280579e-04
4.44374999999999964e+00,4.44374999999999964e+00,2.25035161744022522e-01,-5.06409588176826020e-02,-5.06408240211583746e-02,-1.02038208264310814e-04,-1.02037936658161689e-04,-1.02037936658161689e-04,-2.04076144922472490e-04,-2.04075873316323378e-04
4.45100000000000051e+00,4.45100000000000051e+00,2.24668613794652861e-01,-5.04761199448253706e-02,-5.04759860244108835e-02,-1.01375011253852814e-04,-1.01374742291350533e-04,-1.01374742291350533e-04,-2.02749753545203347e-04,-2.02749484582701066e-04
4.45824999999999960e+00,4.45824999999999960e+00,2.24303258004822537e-01,-5.03120846029911917e-02,-5.03119515515779853e-02,-1.00717193559139275e-04,-1.00716927210307925e-04,-1.00716927210307912e-04,-2.01434120769447187e-04,-2.01433854420615850e-04
4.46550000000000047e+00,4.46550000000000047e+00,2.23939088567909506e-01,-5.01488475780718090e-02,-5.01487153886260167e-02,-1.00064702905810281e-04,-1.00064439141072718e-04,-1.00064439141072704e-04,-2.00129142046882999e-04,-2.00128878282145408e-04
4.47274999999999956e+00,4.47274999999999956e+00,2.23576099714940496e-01,-4.99864036981936266e-02,-4.99862723637450185e-02,-9.94174876112165548e-05,-9.94172264013684512e-05,-9.94172264013684512e-05,-1.98834714012585006e-04,-1.98834452802736902e-04
4.48000000000000043e+00,4.48000000000000043e+00,2.23214285714285698e-01,-4.98247478332949356e-02,-4.98246173469387640e-02,-9.87754965767509668e-05,-9.87752378929605276e-05,-9.87752378929605276e-05,-1.97550734469711508e-04,-1.97550475785921055e-04
4.48724999999999952e+00,4.48724999999999952e+00,2.22853640871357755e-01,-4.96638748947120234e-02,-4.96637452496200976e-02,-9.81386792803007378e-05,-9.81384230941266972e-05,-9.81384230941267108e-05,-1.96277102374427449e-04,-1.96276846188253422e-04
4.49450000000000038e+00,4.49450000000000038e+00,2.22494159528312363e-01,-4.95037798348079150e-02,-4.95036510242101088e-02,-9.75069857688830777e-05,-9.75067320522341911e-05,-9.75067320522341911e-05,-1.95013717821117282e-04,-1.95013464104468382e-04
4.50175000000000036e+00,4.50175000000000036e+00,2.22135836063752978e-01,-4.93444576465549289e-02,-4.93443296637425324e-02,-9.68803666512884666e-05,-9.68801153764263702e-05,-9.68801153764263837e-05,-1.93760482027714850e-04,-1.93760230752852767e-04
4.50900000000000034e+00,4.50900000000000034e+00,2.21778664892437333e-01,-4.91859033631349973e-02,-4.91857762014720132e-02,-9.62587730908554781e-05,-9.62585242304132420e-05,-9.62585242304132556e-05,-1.92517297321268747e-04,-1.92517048460826511e-04
4.51625000000000032e+00,4.51625000000000032e+00,2.21422640464987525e-01,-4.90281120575737361e-02,-4.90279857104871306e-02,-9.56421567984077573e-05,-9.56419103253668601e-05,-9.56419103253668601e-05,-1.91284067123774617e-04,-1.91283820650733720e-04
4.52350000000000030e+00,4.52350000000000030e+00,2.21067757267602499e-01,-4.88710788423531994e-02,-4.88709533033276217e-02,-9.50304700252421194e-05,-9.50302259129186380e-05,-9.50302259129186516e-05,-1.90060695938160757e-04,-1.90060451825837303e-04
4.53075000000000028e+00,4.53075000000000028e+00,2.20714009821773416e-01,-4.87147988690175282e-02,-4.87146741316058923e-02,-9.44236655561957140e-05,-9.44234237782573456e-05,-9.44234237782573456e-05,-1.88847089334453046e-04,-1.88846847556514691e-04
4.53800000000000026e+00,4.53800000000000026e+00,2.20361392684001761e-01,-4.85592673278176790e-02,-4.85591433856328233e-02,-9.38216967028797496e-05,-9.38214572333260116e-05,-9.38214572333260252e-05,-1.87643153936205775e-04,-1.87642914466652050e-04
4.54525000000000023e+00,4.54525000000000023e+00,2.20009900445520046e-01,-4.84044794473383888e-02,-4.84043562940476430e-02,-9.32245172969679842e-05,-9.32242801101163904e-05,-9.32242801101163768e-05,-1.86448797407084347e-04,-1.86448560220232754e-04
4.55250000000000021e+00,4.55250000000000021e+00,2.19659527732015358e-01,-4.82504304941109297e-02,-4.82503081234520251e-02,-9.26320816835458493e-05,-9.26318467540591099e-05,-9.26318467540590963e-05,-1.85263928437604946e-04,-1.85263693508118193e-04
4.55975000000000019e+00,4.55975000000000019e+00,2.19310269203355446e-01,-4.80971157722809295e-02,-4.80969941780482330e-02,-9.20443447146524000e-05,-9.20441120175085112e-05,-9.20441120175085112e-05,-1.84088456732160911e-04,-1.84088224035017022e-04
4.56700000000000017e+00,4.56700000000000017e+00,2.18962119553317264e-01,-4.79445306232388901e-02,-4.79444097992812041e-02,-9.14612617428351397e-05,-9.14610312533199570e-05,-9.14610312533199705e-05,-1.82922292996155110e-04,-1.82922062506639914e-04
4.57425000000000015e+00,4.57425000000000015e+00,2.18615073509318469e-01,-4.77926704252595869e-02,-4.77925503654847150e-02,-9.08827886148060683e-05,-9.08825603085188492e-05,-9.08825603085188356e-05,-1.81765348923324904e-04,-1.81765120617037698e-04
4.58150000000000013e+00,4.58150000000000013e+00,2.18269125832151023e-01,-4.76415305931521260e-02,-4.76414112915313770e-02,-9.03088816652006894e-05,-9.03086555180593927e-05,-9.03086555180593927e-05,-1.80617537183260082e-04,-1.80617311036118785e-04
4.58875000000000011e+00,4.58875000000000011e+00,2.17924271315717788e-01,-4.74911065779259900e-02,-4.74909880284865790e-02,-8.97394977104484597e-05,-8.97392736986720731e-05,-8.97392736986720596e-05,-1.79478771409120506e-04,-1.79478547397344146e-04
4.59600000000000009e+00,4.59600000000000009e+00,2.17580504786771101e-01,-4.73413938664464240e-02,-4.73412760632661231e-02,-8.91745940427026394e-05,-8.91743721427980875e-05,-8.91743721427980739e-05,-1.78348966185500713e-04,-1.78348744285596148e-04
4.60325000000000006e+00,4.60325000000000006e+00,2.17237821104654311e-01,-4.71923879810791647e-02,-4.71922709182977934e-02,-8.86141284238289872e-05,-8.86139086126097256e-05,-8.86139086126097120e-05,-1.77228037036438699e-04,-1.77227817225219424e-04
4.61050000000000004e+00,4.61050000000000004e+00,2.16896215161045430e-01,-4.70440844793795776e-02,-4.70439681511865132e-02,-8.80580590795555139e-05,-8.80578413341150205e-05,-8.80578413341150205e-05,-1.76115900413670534e-04,-1.76115682668230041e-04
4.61775000000000002e+00,4.61775000000000002e+00,2.16555681879703310e-01,-4.68964789537391624e-02,-4.68963633543832623e-02,-8.75063446936182922e-05,-8.75061289913457745e-05,-8.75061289913457745e-05,-1.75012473684964080e-04,-1.75012257982691549e-04
4.62500000000000000e+00,4.62500000000000000e+00,2.16216216216216228e-01,-4.67495670310764666e-02,-4.67494521548575612e-02,-8.69589444020654105e-05,-8.69587307206269003e-05,-8.69587307206269139e-05,-1.73917675122692338e-04,-1.73917461441253801e-04
4.63224999999999998e+00,4.63224999999999998e+00,2.15877813157752702e-01,-4.66033443725013541e-02,-4.66032302137735846e-02,-8.64158177875850377e-05,-8.64156061049268327e-05,-8.64156061049268462e-05,-1.72831423892511884e-04,-1.72831212209853665e-04
4.63949999999999996e+00,4.63949999999999996e+00,2.15540467722814960e-01,-4.64578066729970374e-02,-4.64576932261698411e-02,-8.58769248739393046e-05,-8.58767151682869254e-05,-8.58767151682869254e-05,-1.71753640042226216e-04,-1.71753430336573851e-04
4.64675000000000082e+00,4.64675000000000082e+00,2.15204174960994199e-01,-4.63129496611127678e-02,-4.63128369206422044e-02,-8.53422261204893952e-05,-8.53420183703287470e-05,-8.53420183703287470e-05,-1.70684244490818156e-04,-1.70684036740657494e-04
4.65399999999999991e+00,4.65399999999999991e+00,2.14868929952728827e-01,-4.61687690986298804e-02,-4.61686570590306919e-02,-8.48116824167419284e-05,-8.48114766008388845e-05,-8.48114766008388845e-05,-1.69623159017580826e-04,-1.69622953201677769e-04
4.66125000000000078e+00,4.66125000000000078e+00,2.14534727809064046e-01,-4.60252607802793534e-02,-4.60251494361091987e-02,-8.42852550770594063e-05,-8.42850511744280275e-05,-8.42850511744280546e-05,-1.68570306251487461e-04,-1.68570102348856082e-04
4.66849999999999987e+00,4.66849999999999987e+00,2.14201563671414796e-01,-4.58824205334043000e-02,-4.58823098792791664e-02,-8.37629058353382184e-05,-8.37627038252664757e-05,-8.37627038252664892e-05,-1.67525609660604708e-04,-1.67525407650532978e-04
4.67575000000000074e+00,4.67575000000000074e+00,2.13869432711329688e-01,-4.57402442176846336e-02,-4.57401342482659790e-02,-8.32445968398671924e-05,-8.32443967018907290e-05,-8.32443967018907290e-05,-1.66488993541757935e-04,-1.66488793403781458e-04
4.68299999999999983e+00,4.68299999999999983e+00,2.13538330130258386e-01,-4.55987277248173228e-02,-4.55986184348192158e-02,-8.27302906481717246e-05,-8.27300923620843866e-05,-8.27300923620843866e-05,-1.65460383010256111e-04,-1.65460184724168773e-04
4.69025000000000070e+00,4.69025000000000070e+00,2.13208251159319823e-01,-4.54578669782339517e-02,-4.54577583624156054e-02,-8.22199502219904952e-05,-8.22197537678281905e-05,-8.22197537678281769e-05,-1.64439703989818672e-04,-1.64439507535656354e-04
4.69749999999999979e+00,4.69749999999999979e+00,2.12879191059073991e-01,-4.53176579327951856e-02,-4.53175499859657244e-02,-8.17135389222749925e-05,-8.17133442803218840e-05,-8.17133442803218840e-05,-1.63426883202596877e-04,-1.63426688560643768e-04
4.70475000000000065e+00,4.70475000000000065e+00,2.12551145119294294e-01,-4.51780965745083307e-02,-4.51779892915233072e-02,-8.12110205042932965e-05,-8.12108276550730610e-05,-8.12108276550730610e-05,-1.62421848159366358e-04,-1.62421655310146122e-04
4.71199999999999974e+00,4.71199999999999974e+00,2.12224108658743638e-01,-4.50391789202289061e-02,-4.50390722959982254e-02,-8.07123591127681503e-05,-8.07121680370557825e-05,-8.07121680370557961e-05,-1.61424527149823946e-04,-1.61424336074111592e-04
4.71925000000000061e+00,4.71925000000000061e+00,2.11898077024950976e-01,-4.49009010173995193e-02,-4.49007950468720551e-02,-8.02175192771423847e-05,-8.02173299559341788e-05,-8.02173299559341788e-05,-1.60434849233076564e-04,-1.60434659911868358e-04
4.72649999999999970e+00,4.72649999999999970e+00,2.11573045593991343e-01,-4.47632589437443329e-02,-4.47631536219171358e-02,-7.97264659068256136e-05,-7.97262783213534471e-05,-7.97262783213534471e-05,-1.59452744228179061e-04,-1.59452556642706894e-04
4.73375000000000057e+00,4.73375000000000057e+00,2.11249009770266671e-01,-4.46262488070026109e-02,-4.46261441289182229e-02,-7.92391642865699757e-05,-7.92389784182940729e-05,-7.92389784182940594e-05,-1.58478142704864022e-04,-1.58477956836588119e-04
4.74099999999999966e+00,4.74099999999999966e+00,2.10925964986289821e-01,-4.44898667446462781e-02,-4.44897627053975619e-02,-7.87555800718761672e-05,-7.87553959024914820e-05,-7.87553959024914956e-05,-1.57510975974367649e-04,-1.57510791804982991e-04
4.74825000000000053e+00,4.74825000000000053e+00,2.10603906702469312e-01,-4.43541089236241248e-02,-4.43540055183423987e-02,-7.82756792845038413e-05,-7.82754967959167606e-05,-7.82754967959167471e-05,-1.56551176080420588e-04,-1.56550993591833521e-04
4.75549999999999962e+00,4.75549999999999962e+00,2.10282830406897298e-01,-4.42189715400704841e-02,-4.42188687639359299e-02,-7.77994283079763710e-05,-7.77992474823209235e-05,-7.77992474823209100e-05,-1.55598675790297267e-04,-1.55598494964641820e-04
4.76275000000000048e+00,4.76275000000000048e+00,2.09962731615138287e-01,-4.40844508190583184e-02,-4.40843486672905932e-02,-7.73267938832193066e-05,-7.73266147028384468e-05,-7.73266147028384468e-05,-1.54653408586057767e-04,-1.54653229405676894e-04
4.76999999999999957e+00,4.76999999999999957e+00,2.09643605870020983e-01,-4.39505430143167786e-02,-4.39504414821846948e-02,-7.68577431041920578e-05,-7.68575655516525602e-05,-7.68575655516525737e-05,-1.53715308655844632e-04,-1.53715131103305147e-04
4.77725000000000044e+00,4.77725000000000044e+00,2.09325448741430720e-01,-4.38172444079878431e-02,-4.38171434908013399e-02,-7.63922434136415343e-05,-7.63920674717177573e-05,-7.63920674717177438e-05,-1.52784310885359278e-04,-1.52784134943435488e-04
4.78449999999999953e+00,4.78449999999999953e+00,2.09008255826105160e-01,-4.36845513103634175e-02,-4.36844510034706188e-02,-7.59302625988755056e-05,-7.59300882505422361e-05,-7.59300882505422361e-05,-1.51860350849417742e-04,-1.51860176501084472e-04
4.79175000000000040e+00,4.79175000000000040e+00,2.08692022747430456e-01,-4.35524600596188805e-02,-4.35523603584140329e-02,-7.54717687875818092e-05,-7.54715960160260937e-05,-7.54715960160260937e-05,-1.50943364803607903e-04,-1.50943192032052187e-04
4.79900000000000038e+00,4.79900000000000038e+00,2.08376745155240656e-01,-4.34209670215714993e-02,-4.34208679214921137e-02,-7.50167304437434154e-05,-7.50165592323574857e-05,-7.50165592323574721e-05,-1.50033289676100888e-04,-1.50033118464714971e-04
4.80625000000000036e+00,4.80625000000000036e+00,2.08062418725617676e-01,-4.32900685894335169e-02,-4.32899700859542616e-02,-7.45651163635942043e-05,-7.45649466959629820e-05,-7.45649466959629820e-05,-1.49130063059557173e-04,-1.49129893391925964e-04
4.81350000000000033e+00,4.81350000000000033e+00,2.07749039160693871e-01,-4.31597611835545791e-02,-4.31596632721915133e-02,-7.41168956716071602e-05,-7.41167275315136371e-05,-7.41167275315136507e-05,-1.48233623203120811e-04,-1.48233455063027301e-04
4.82075000000000031e+00,4.82075000000000031e+00,2.07436602188456137e-01,-4.30300412511801511e-02,-4.30299439274918066e-02,-7.36720378165594766e-05,-7.36718711879846469e-05,-7.36718711879846605e-05,-1.47343909004544137e-04,-1.47343742375969321e-04
4.82800000000000029e+00,4.82800000000000029e+00,2.07125103562551760e-01,-4.29009052662134849e-02,-4.29008085257977928e-02,-7.32305125676524271e-05,-7.32303474347680911e-05,-7.32303474347680911e-05,-1.46460860002420518e-04,-1.46460694869536182e-04
4.83525000000000027e+00,4.83525000000000027e+00,2.06814539062096042e-01,-4.27723497289740351e-02,-4.27722535674672499e-02,-7.27922900106731135e-05,-7.27921263578381911e-05,-7.27921263578381911e-05,-1.45584416368511318e-04,-1.45584252715676382e-04
4.84250000000000025e+00,4.84250000000000025e+00,2.06504904491481650e-01,-4.26443711659558744e-02,-4.26442755790359604e-02,-7.23573405442035392e-05,-7.23571783559679734e-05,-7.23571783559679734e-05,-1.44714518900171526e-04,-1.44714356711935947e-04
4.84975000000000023e+00,4.84975000000000023e+00,2.06196195680189681e-01,-4.25169661296020962e-02,-4.25168711129830790e-02,-7.19256348759033954e-05,-7.19254741369968219e-05,-7.19254741369968083e-05,-1.43851109012900204e-04,-1.43850948273993617e-04
4.85700000000000021e+00,4.85700000000000021e+00,2.05888408482602425e-01,-4.23901311980667828e-02,-4.23900367474989506e-02,-7.14971440188177015e-05,-7.14969847141479583e-05,-7.14969847141479583e-05,-1.42994128732965660e-04,-1.42993969428295917e-04
4.86425000000000018e+00,4.86425000000000018e+00,2.05581538777817735e-01,-4.22638629749769734e-02,-4.22637690862553775e-02,-7.10718392877295632e-05,-7.10716814023953214e-05,-7.10716814023953350e-05,-1.42143520690124898e-04,-1.42143362804790670e-04
4.87150000000000016e+00,4.87150000000000016e+00,2.05275582469465256e-01,-4.21381580892248309e-02,-4.21380647581782314e-02,-7.06496922956086239e-05,-7.06495358148789777e-05,-7.06495358148789777e-05,-1.41299228110487588e-04,-1.41299071629757955e-04
4.87875000000000014e+00,4.87875000000000014e+00,2.04970535485523964e-01,-4.20130131947313856e-02,-4.20129204172224324e-02,-7.02306749500550715e-05,-7.02305198593681964e-05,-7.02305198593681964e-05,-1.40461194809423268e-04,-1.40461039718736393e-04
4.88600000000000012e+00,4.88600000000000012e+00,2.04666393778141636e-01,-4.18884249702191624e-02,-4.18883327421493284e-02,-6.98147594498021784e-05,-6.98146057347719720e-05,-6.98146057347719720e-05,-1.39629365184574150e-04,-1.39629211469543944e-04
4.89325000000000010e+00,4.89325000000000010e+00,2.04363153323455782e-01,-4.17643901189972411e-02,-4.17642984363062950e-02,-6.94019182812821993e-05,-6.94017659276956520e-05,-6.94017659276956384e-05,-1.38803684208977838e-04,-1.38803531855391277e-04
4.90050000000000008e+00,4.90050000000000008e+00,2.04060810121416192e-01,-4.16409053687463171e-02,-4.16408142274086734e-02,-6.89921242152340250e-05,-6.89919732090435493e-05,-6.89919732090435493e-05,-1.37984097424277588e-04,-1.37983946418087099e-04
4.90775000000000006e+00,4.90775000000000006e+00,2.03759360195608974e-01,-4.15179674712948810e-02,-4.15178768673239232e-02,-6.85853503033375067e-05,-6.85852006306664804e-05,-6.85852006306664804e-05,-1.37170550934003974e-04,-1.37170401261332961e-04
4.91500000000000004e+00,4.91500000000000004e+00,2.03458799593082412e-01,-4.13955732024184897e-02,-4.13954831318580699e-02,-6.81815698749266703e-05,-6.81814215220537967e-05,-6.81814215220538102e-05,-1.36362991396980467e-04,-1.36362843044107620e-04
4.92225000000000001e+00,4.92225000000000001e+00,2.03159124384173911e-01,-4.12737193616177223e-02,-4.12736298205442428e-02,-6.77807565337078363e-05,-6.77806094870690820e-05,-6.77806094870690820e-05,-1.35561366020776918e-04,-1.35561218974138164e-04
4.92949999999999999e+00,4.92949999999999999e+00,2.02860330662338967e-01,-4.11524027718996877e-02,-4.11523137564335090e-02,-6.73828841545233035e-05,-6.73827384007290699e-05,-6.73827384007290835e-05,-1.34765622555252373e-04,-1.34765476801458140e-04
4.93674999999999997e+00,4.93674999999999997e+00,2.02562414543981356e-01,-4.10316202795986129e-02,-4.10315317858877537e-02,-6.69879268802180860e-05,-6.69877824060249654e-05,-6.69877824060249654e-05,-1.33975709286243065e-04,-1.33975564812049931e-04
4.94400000000000084e+00,4.94400000000000084e+00,2.02265372168284746e-01,-4.09113687541484694e-02,-4.09112807783747409e-02,-6.65958591184662499e-05,-6.65957159107855641e-05,-6.65957159107855641e-05,-1.33191575029251814e-04,-1.33191431821571128e-04
4.95124999999999993e+00,4.95124999999999993e+00,2.01969199697046214e-01,-4.07916450878857972e-02,-4.07915576262653304e-02,-6.62066555386847731e-05,-6.62065135845819902e-05,-6.62065135845820037e-05,-1.32413169123266777e-04,-1.32413027169164007e-04
4.95850000000000080e+00,4.95850000000000080e+00,2.01673893314510411e-01,-4.06724461958507533e-02,-4.06723592446325277e-02,-6.58202910689813529e-05,-6.58201503556722655e-05,-6.58201503556722655e-05,-1.31640441424653618e-04,-1.31640300711344531e-04
4.96574999999999989e+00,4.96574999999999989e+00,2.01379449227206381e-01,-4.05537690155863828e-02,-4.05536825710529902e-02,-6.54367408931365974e-05,-6.54366014079871196e-05,-6.54366014079871196e-05,-1.30873342301123717e-04,-1.30873202815974239e-04
4.97300000000000075e+00,4.97300000000000075e+00,2.01085863663784392e-01,-4.04356105069467731e-02,-4.04355245654100873e-02,-6.50559804476361845e-05,-6.50558421781539085e-05,-6.50558421781539221e-05,-1.30111822625790107e-04,-1.30111684356307817e-04
4.98024999999999984e+00,4.98024999999999984e+00,2.00793132874855673e-01,-4.03179676518856667e-02,-4.03178822096994516e-02,-6.46779854187077104e-05,-6.46778483525608800e-05,-6.46778483525608665e-05,-1.29355833771268577e-04,-1.29355696705121760e-04
4.98750000000000071e+00,4.98750000000000071e+00,2.00501253132832041e-01,-4.02008374542983660e-02,-4.02007525078359948e-02,-6.43027317394779114e-05,-6.43025958644581798e-05,-6.43025958644581798e-05,-1.28605327603936091e-04,-1.28605191728916360e-04
4.99474999999999980e+00,4.99474999999999980e+00,2.00210220731768362e-01,-4.00842169397943593e-02,-4.00841324854634140e-02,-6.39301955870537613e-05,-6.39300608910984034e-05,-6.39300608910984034e-05,-1.27860256478152178e-04,-1.27860121782196807e-04
5.00199999999999978e+00,5.00199999999999978e+00,1.99920031987205121e-01,-3.99681031555143562e-02,-3.99680191897651207e-02,-6.35603533797086007e-05,-6.35602198509125889e-05,-6.35602198509125889e-05,-1.27120573230621190e-04,-1.27120439701825178e-04
5.00925000000000065e+00,5.00925000000000065e+00,1.99630683236013351e-01,-3.98524931699792972e-02,-3.98524096892775015e-02,-6.31931817741530379e-05,-6.31930494007243318e-05,-6.31930494007243183e-05,-1.26386231174877343e-04,-1.26386098801448664e-04
5.01650000000000063e+00,5.01650000000000063e+00,1.99342170836240395e-01,-3.97373840728558747e-02,-3.97373010737048504e-02,-6.28286576627058312e-05,-6.28285264329994083e-05,-6.28285264329993948e-05,-1.25657184095705226e-04,-1.25657052865998790e-04
5.02375000000000060e+00,5.02375000000000060e+00,1.99054491166956921e-01,-3.96227729748055424e-02,-3.96226904537361341e-02,-6.24667581706304248e-05,-6.24666280731309332e-05,-6.24666280731309197e-05,-1.24933386243761344e-04,-1.24933256146261839e-04
5.03100000000000058e+00,5.03100000000000058e+00,1.98767640628105730e-01,-3.95086570072855636e-02,-3.95085749608637890e-02,-6.21074606534274245e-05,-6.21073316767600792e-05,-6.21073316767600792e-05,-1.24214792330187504e-04,-1.24214663353520158e-04
5.03825000000000056e+00,5.03825000000000056e+00,1.98481615640351300e-01,-3.93950333223891391e-02,-3.93949517472041433e-02,-6.17507426942207223e-05,-6.17506148271310438e-05,-6.17506148271310438e-05,-1.23501357521351753e-04,-1.23501229654262088e-04
5.04550000000000054e+00,5.04550000000000054e+00,1.98196412644931097e-01,-3.92818990926429024e-02,-3.92818179853198016e-02,-6.13965821011075972e-05,-6.13964553324803991e-05,-6.13964553324803991e-05,-1.22793037433587996e-04,-1.22792910664960798e-04
5.05275000000000052e+00,5.05275000000000052e+00,1.97912028103507970e-01,-3.91692515108559292e-02,-3.91691708680437303e-02,-6.10449569046207205e-05,-6.10448312234599836e-05,-6.10448312234599701e-05,-1.22089788128080677e-04,-1.22089662446919940e-04
5.06000000000000050e+00,5.06000000000000050e+00,1.97628458498023685e-01,-3.90570877899261149e-02,-3.90570076083050707e-02,-6.06958453551536699e-05,-6.06957207505928493e-05,-6.06957207505928560e-05,-1.21391566105746526e-04,-1.21391441501185699e-04
5.06725000000000048e+00,5.06725000000000048e+00,1.97345700330554041e-01,-3.89454051626803022e-02,-3.89453254389568321e-02,-6.03492259204691891e-05,-6.03491023817621472e-05,-6.03491023817621675e-05,-1.20698328302231350e-04,-1.20698204763524308e-04
5.07450000000000045e+00,5.07450000000000045e+00,1.97063750123164821e-01,-3.88342008816966455e-02,-3.88341216126051464e-02,-6.00050772832093313e-05,-6.00049547997320455e-05,-6.00049547997320387e-05,-1.20010032082941377e-04,-1.20009909599464077e-04
5.08175000000000043e+00,5.08175000000000043e+00,1.96782604417769458e-01,-3.87234722191323044e-02,-3.87233934014403411e-02,-5.96633783384429461e-05,-5.96632568997003529e-05,-5.96632568997003393e-05,-1.19326635238143285e-04,-1.19326513799400692e-04
5.08900000000000041e+00,5.08900000000000041e+00,1.96502259775987398e-01,-3.86132164665706767e-02,-3.86131380970696353e-02,-5.93241081912723031e-05,-5.93239877868827128e-05,-5.93239877868827128e-05,-1.18648095978155009e-04,-1.18647975573765426e-04
5.09625000000000039e+00,5.09625000000000039e+00,1.96222712779004160e-01,-3.85034309348455395e-02,-3.85033530103515639e-02,-5.89872461544319033e-05,-5.89871267741274468e-05,-5.89871267741274468e-05,-1.17974372928559350e-04,-1.17974253548254894e-04
5.10350000000000037e+00,5.10350000000000037e+00,1.95943960027432140e-01,-3.83941129538740711e-02,-3.83940354712319215e-02,-5.86527717459293897e-05,-5.86526533795608370e-05,-5.86526533795608438e-05,-1.17305425125490234e-04,-1.17305306759121688e-04
5.11075000000000035e+00,5.11075000000000035e+00,1.95665998141172998e-01,-3.82852598724952031e-02,-3.82851828285815168e-02,-5.83206646867219335e-05,-5.83205473242625626e-05,-5.83205473242625626e-05,-1.16641212010984489e-04,-1.16641094648525125e-04
5.11800000000000033e+00,5.11800000000000033e+00,1.95388823759280961e-01,-3.81768690583221826e-02,-3.81767924500353573e-02,-5.79909048984414012e-05,-5.79907885299705116e-05,-5.79907885299705048e-05,-1.15981693428411913e-04,-1.15981577059941010e-04
5.12525000000000031e+00,5.12525000000000031e+00,1.95112433539827324e-01,-3.80689378975702652e-02,-3.80688617218335329e-02,-5.76634725011082808e-05,-5.76633571168148659e-05,-5.76633571168148727e-05,-1.15326829617923147e-04,-1.15326714233629745e-04
5.13250000000000028e+00,5.13250000000000028e+00,1.94836824159766192e-01,-3.79614637949003964e-02,-3.79613880486636482e-02,-5.73383478108964564e-05,-5.73382334010809794e-05,-5.73382334010809862e-05,-1.14676581211977443e-04,-1.14676466802161972e-04
5.13975000000000026e+00,5.13975000000000026e+00,1.94561992314801285e-01,-3.78544441732593384e-02,-3.78543688535047940e-02,-5.70155113379185765e-05,-5.70153978930004713e-05,-5.70153978930004781e-05,-1.14030909230919061e-04,-1.14030795786000943e-04
5.14700000000000024e+00,5.14700000000000024e+00,1.94287934719253930e-01,-3.77478764737428918e-02,-3.77478015774730738e-02,-5.66949437840718186e-05,-5.66948312945703267e-05,-5.66948312945703267e-05,-1.13389775078642145e-04,-1.13389662589140653e-04
5.15425000000000022e+00,5.15425000000000022e+00,1.94014648105931997e-01,-3.76417581554324698e-02,-3.76416836796686222e-02,-5.63766260408686445e-05,-5.63765144973995489e-05,-5.63765144973995421e-05,-1.12753140538268193e-04,-1.12753028994799098e-04
5.16150000000000020e+00,5.16150000000000020e+00,1.93742129226000176e-01,-3.75360866952227923e-02,-3.75360126370241562e-02,-5.60605391872793807e-05,-5.60604285805829376e-05,-5.60604285805829376e-05,-1.12120967767862325e-04,-1.12120857161165875e-04
5.16875000000000018e+00,5.16875000000000018e+00,1.93470374848851268e-01,-3.74308595877117511e-02,-3.74307859441550192e-02,-5.57466644876926170e-05,-5.57465548086017818e-05,-5.57465548086017885e-05,-1.11493219296294406e-04,-1.11493109617203577e-04
5.17600000000000016e+00,5.17600000000000016e+00,1.93199381761978345e-01,-3.73260743450263277e-02,-3.73260011132106537e-02,-5.54349833898037090e-05,-5.54348746292507500e-05,-5.54348746292507500e-05,-1.10869858019054459e-04,-1.10869749258501500e-04
5.18325000000000014e+00,5.18325000000000014e+00,1.92929146770848409e-01,-3.72217284966716022e-02,-3.72216556737275661e-02,-5.51254775225621264e-05,-5.51253696715910187e-05,-5.51253696715910187e-05,-1.10250847194153152e-04,-1.10250739343182037e-04
5.19050000000000011e+00,5.19050000000000011e+00,1.92659666698776599e-01,-3.71178195894081853e-02,-3.71177471724836935e-02,-5.48181286941843674e-05,-5.48180217439289257e-05,-5.48180217439289122e-05,-1.09636150438113280e-04,-1.09636043487857838e-04
5.19775000000000009e+00,5.19775000000000009e+00,1.92390938386801991e-01,-3.70143451870852402e-02,-3.70142731733542341e-02,-5.45129188901241632e-05,-5.45128128318200767e-05,-5.45128128318200835e-05,-1.09025731721944247e-04,-1.09025625663640153e-04
5.20500000000000007e+00,5.20500000000000007e+00,1.92122958693563883e-01,-3.69113028705072566e-02,-3.69112312571688514e-02,-5.42098302711157165e-05,-5.42097250960983600e-05,-5.42097250960983735e-05,-1.08419555367214083e-04,-1.08419450192196733e-04
5.21225000000000005e+00,5.21225000000000005e+00,1.91855724495179625e-01,-3.68086902372954938e-02,-3.68086190215702672e-02,-5.39088451712314484e-05,-5.39087408709295327e-05,-5.39087408709295327e-05,-1.07817586042160981e-04,-1.07817481741859065e-04
5.21950000000000003e+00,5.21950000000000003e+00,1.91589232685123095e-01,-3.67065049017423206e-02,-3.67064340808742409e-02,-5.36099460959516303e-05,-5.36098426618891814e-05,-5.36098426618891746e-05,-1.07219788757840812e-04,-1.07219685323778363e-04
5.22675000000000001e+00,5.22675000000000001e+00,1.91323480174104360e-01,-3.66047444946744349e-02,-3.66046740659309033e-02,-5.33131157202689887e-05,-5.33130131440645680e-05,-5.33130131440645748e-05,-1.06626128864333557e-04,-1.06626026288129136e-04
5.23399999999999999e+00,5.23399999999999999e+00,1.91058463889950320e-01,-3.65034066633160847e-02,-3.65033366239874493e-02,-5.30183368868149867e-05,-5.30182351601801263e-05,-5.30182351601801331e-05,-1.06036572046995113e-04,-1.06036470320360266e-04
5.24124999999999996e+00,5.24124999999999996e+00,1.90794180777486277e-01,-3.64024890711540650e-02,-3.64024194185521149e-02,-5.27255926040100334e-05,-5.27254917187461929e-05,-5.27254917187462065e-05,-1.05451084322756247e-04,-1.05450983437492399e-04
5.24849999999999994e+00,5.24849999999999994e+00,1.90530627798418589e-01,-3.63019893977991615e-02,-3.63019201292595212e-02,-5.24348660442295282e-05,-5.24347659922307988e-05,-5.24347659922307988e-05,-1.04869632036460334e-04,-1.04869531984461598e-04
5.25574999999999992e+00,5.25574999999999992e+00,1.90267801931218200e-01,-3.62019053388600298e-02,-3.62018364517372807e-02,-5.21461405420087882e-05,-5.21460413152539847e-05,-5.21460413152539847e-05,-1.04292181857262780e-04,-1.04292082630507969e-04
5.26299999999999990e+00,5.26299999999999990e+00,1.90005700171005126e-01,-3.61022346057993104e-02,-3.61021660974739020e-02,-5.18593995922426762e-05,-5.18593011828045528e-05,-5.18593011828045460e-05,-1.03718700775047215e-04,-1.03718602365609092e-04
5.27024999999999988e+00,5.27024999999999988e+00,1.89744319529434102e-01,-3.60029749258163889e-02,-3.60029067936879846e-02,-5.15746268484440197e-05,-5.15745292484788480e-05,-5.15745292484788413e-05,-1.03149156096922861e-04,-1.03149058496957683e-04
5.27749999999999986e+00,5.27749999999999986e+00,1.89483657034580782e-01,-3.59041240417123930e-02,-3.59040562831986348e-02,-5.12918061209961075e-05,-5.12917093227412168e-05,-5.12917093227412168e-05,-1.02583515443737324e-04,-1.02583418645482434e-04
5.28474999999999984e+00,5.28474999999999984e+00,1.89223709730829276e-01,-3.58056797117498604e-02,-3.58056123242971314e-02,-5.10109213754175592e-05,-5.10108253712059190e-05,-5.10108253712059258e-05,-1.02021746746623485e-04,-1.02021650742411852e-04
5.29199999999999982e+00,5.29199999999999982e+00,1.88964474678760402e-01,-3.57076397095497100e-02,-3.57075726906198807e-02,-5.07319567306996883e-05,-5.07318615129402436e-05,-5.07318615129402436e-05,-1.01463818243639932e-04,-1.01463723025880487e-04
5.29924999999999979e+00,5.29924999999999979e+00,1.88705948955040809e-01,-3.56100018239455807e-02,-3.56099351710224693e-02,-5.04548964576022037e-05,-5.04548020187883315e-05,-5.04548020187883315e-05,-1.00909698476390542e-04,-1.00909604037576663e-04
5.30650000000000066e+00,5.30650000000000066e+00,1.88448129652313168e-01,-3.55127638588648153e-02,-3.55126975694550345e-02,-5.01797249770057102e-05,-5.01796313097156943e-05,-5.01796313097156943e-05,-1.00359356286721404e-04,-1.00359262619431389e-04
5.31375000000000064e+00,5.31375000000000064e+00,1.88191013879087238e-01,-3.54159236332112215e-02,-3.54158577048388074e-02,-4.99064268582854190e-05,-4.99063339551741015e-05,-4.99063339551741015e-05,-9.98127608134595273e-05,-9.98126679103482031e-05
5.32100000000000062e+00,5.32100000000000062e+00,1.87934598759631616e-01,-3.53194789807318443e-02,-3.53194134109437313e-02,-4.96349868176803181e-05,-4.96348946714861330e-05,-4.96348946714861330e-05,-9.92698814891664511e-05,-9.92697893429722659e-05
5.32825000000000060e+00,5.32825000000000060e+00,1.87678881433866629e-01,-3.52234277499068327e-02,-3.52233625362673719e-02,-4.93653897167132928e-05,-4.93652983202498430e-05,-4.93652983202498430e-05,-9.87306880369631358e-05,-9.87305966404996861e-05
5.33550000000000058e+00,5.33550000000000058e+00,1.87423859057257974e-01,-3.51277678038215413e-02,-3.51277029439149013e-02,-4.90976205606039759e-05,-4.90975299067627306e-05,-4.90975299067627306e-05,-9.81951504673667065e-05,-9.81950598135254612e-05
5.34275000000000055e+00,5.34275000000000055e+00,1.87169528800711221e-01,-3.50324970200475150e-02,-3.50324325114802701e-02,-4.88316644967117045e-05,-4.88315745784649127e-05,-4.88315745784649127e-05,-9.76632390751766240e-05,-9.76631491569298255e-05
5.35000000000000053e+00,5.35000000000000053e+00,1.86915887850467283e-01,-3.49376132905323544e-02,-3.49375491309284608e-02,-4.85675068130083133e-05,-4.85674176234013059e-05,-4.85674176234013059e-05,-9.71349244364096191e-05,-9.71348352468026118e-05
5.35725000000000051e+00,5.35725000000000051e+00,1.86662933407998499e-01,-3.48431145214771476e-02,-3.48430507084788801e-02,-4.83051329365505742e-05,-4.83050444687024283e-05,-4.83050444687024283e-05,-9.66101774052530025e-05,-9.66100889374048565e-05
5.36450000000000049e+00,5.36450000000000049e+00,1.86410662689905859e-01,-3.47489986332210066e-02,-3.47489351644898609e-02,-4.80445284319795597e-05,-4.80444406790837014e-05,-4.80444406790836947e-05,-9.60889691110632544e-05,-9.60888813581673893e-05
5.37175000000000047e+00,5.37175000000000047e+00,1.86159072927816804e-01,-3.46552635601238279e-02,-3.46552004333442118e-02,-4.77856790000342555e-05,-4.77855919553629122e-05,-4.77855919553629054e-05,-9.55712709553971677e-05,-9.55711839107258108e-05
5.37900000000000045e+00,5.37900000000000045e+00,1.85908161368284058e-01,-3.45619072504650404e-02,-3.45618444633359473e-02,-4.75285704761036423e-05,-4.75284841329956520e-05,-4.75284841329956452e-05,-9.50570546090992875e-05,-9.50569682659913040e-05
5.38625000000000043e+00,5.38625000000000043e+00,1.85657925272685070e-01,-3.44689276663174837e-02,-3.44688652165579118e-02,-4.72731888287606988e-05,-4.72731031806284085e-05,-4.72731031806284085e-05,-9.45462920093891073e-05,-9.45462063612568170e-05
5.39350000000000041e+00,5.39350000000000041e+00,1.85408361917122455e-01,-3.43763227834443796e-02,-3.43762606687906605e-02,-4.70195201583442315e-05,-4.70194351986691941e-05,-4.70194351986691873e-05,-9.40389553570134256e-05,-9.40388703973383882e-05
5.40075000000000038e+00,5.40075000000000038e+00,1.85159468592325127e-01,-3.42840905911838689e-02,-3.42840288093922349e-02,-4.67675506955395046e-05,-4.67674664178753589e-05,-4.67674664178753589e-05,-9.35350171134148567e-05,-9.35349328357507179e-05
5.40800000000000036e+00,5.40800000000000036e+00,1.84911242603550297e-01,-3.41922290923459826e-02,-3.41921676411890349e-02,-4.65172667999913831e-05,-4.65171831979584464e-05,-4.65171831979584329e-05,-9.30344499979498228e-05,-9.30343663959168793e-05
5.41525000000000034e+00,5.41525000000000034e+00,1.84663681270486102e-01,-3.41007363030989552e-02,-3.41006751803676830e-02,-4.62686549589183158e-05,-4.62685720262057115e-05,-4.62685720262057115e-05,-9.25372269851240274e-05,-9.25371440524114231e-05
5.42250000000000032e+00,5.42250000000000032e+00,1.84416781927155354e-01,-3.40096102528626432e-02,-3.40095494563679782e-02,-4.60217017857512617e-05,-4.60216195161184644e-05,-4.60216195161184644e-05,-9.20433213018697260e-05,-9.20432390322369287e-05
5.42975000000000030e+00,5.42975000000000030e+00,1.84170541921819586e-01,-3.39188489842126017e-02,-3.39187885117767096e-02,-4.57763940188019372e-05,-4.57763124060663789e-05,-4.57763124060663789e-05,-9.15527064248683161e-05,-9.15526248121327577e-05
5.43700000000000028e+00,5.43700000000000028e+00,1.83924958616884293e-01,-3.38284505527521873e-02,-3.38283904022226023e-02,-4.55327185199026240e-05,-4.55326375579582338e-05,-4.55326375579582338e-05,-9.10653560778608645e-05,-9.10652751159164676e-05
5.44425000000000026e+00,5.44425000000000026e+00,1.83680029388804705e-01,-3.37384130270343974e-02,-3.37383531962721570e-02,-4.52906622731277450e-05,-4.52905819559283544e-05,-4.52905819559283544e-05,-9.05812442290560927e-05,-9.05811639118567089e-05
5.45150000000000023e+00,5.45150000000000023e+00,1.83435751627992277e-01,-3.36487344884446316e-02,-3.36486749753264758e-02,-4.50502123834770676e-05,-4.50501327050388360e-05,-4.50501327050388225e-05,-9.01003450885158900e-05,-9.01002654100776585e-05
5.45875000000000021e+00,5.45875000000000021e+00,1.83192122738722235e-01,-3.35594130310994387e-02,-3.35593538335190733e-02,-4.48113560755946842e-05,-4.48112770299972512e-05,-4.48112770299972444e-05,-8.96226331055919353e-05,-8.96225540599945023e-05
5.46600000000000019e+00,5.46600000000000019e+00,1.82949140139041344e-01,-3.34704467617470414e-02,-3.34703878776145894e-02,-4.45740806925043519e-05,-4.45740022738895630e-05,-4.45740022738895630e-05,-8.91480829663939217e-05,-8.91480045477791261e-05
5.47325000000000017e+00,5.47325000000000017e+00,1.82706801260676927e-01,-3.33818337996607539e-02,-3.33817752269084944e-02,-4.43383736943492361e-05,-4.43382958969282311e-05,-4.43382958969282379e-05,-8.86766695912774740e-05,-8.86765917938564757e-05
5.48050000000000015e+00,5.48050000000000015e+00,1.82465103548946267e-01,-3.32935722765554942e-02,-3.32935140131276827e-02,-4.41042226571759438e-05,-4.41041454752150684e-05,-4.41041454752150617e-05,-8.82083681323910055e-05,-8.82082909504301369e-05
5.48775000000000013e+00,5.48775000000000013e+00,1.82224044462666851e-01,-3.32056603364794256e-02,-3.32056023803319819e-02,-4.38716152716989058e-05,-4.38715386995188177e-05,-4.38715386995188177e-05,-8.77431539712177235e-05,-8.77430773990376354e-05
5.49500000000000011e+00,5.49500000000000011e+00,1.81983621474067325e-01,-3.31180961357020465e-02,-3.31180384848166198e-02,-4.36405393420735544e-05,-4.36404633740673225e-05,-4.36404633740673225e-05,-8.72810027161408770e-05,-8.72809267481346450e-05
5.50225000000000009e+00,5.50225000000000009e+00,1.81743832068699179e-01,-3.30308778426449123e-02,-3.30308204950155240e-02,-4.34109827847388975e-05,-4.34109074153538074e-05,-4.34109074153538074e-05,-8.68218902000927049e-05,-8.68218148307076148e-05
5.50950000000000006e+00,5.50950000000000006e+00,1.81504673745348954e-01,-3.29440036377768308e-02,-3.29439465914055651e-02,-4.31829336272259863e-05,-4.31828588509574081e-05,-4.31828588509574148e-05,-8.63657924781833944e-05,-8.63657177019148297e-05
5.51675000000000004e+00,5.51675000000000004e+00,1.81266144015951425e-01,-3.28574717134983985e-02,-3.28574149664116397e-02,-4.29563800069653073e-05,-4.29563058183775662e-05,-4.29563058183775730e-05,-8.59126858253428871e-05,-8.59126116367551324e-05
5.52400000000000002e+00,5.52400000000000002e+00,1.81028240405503249e-01,-3.27712802740709463e-02,-3.27712238243126827e-02,-4.27313101701651813e-05,-4.27312365638822067e-05,-4.27312365638821999e-05,-8.54625467340473744e-05,-8.54624731277644134e-05
5.53125000000000000e+00,5.53125000000000000e+00,1.80790960451977401e-01,-3.26854275355241697e-02,-3.26853713811484578e-02,-4.25077124706744019e-05,-4.25076394413693932e-05,-4.25076394413693932e-05,-8.50153519120438019e-05,-8.50152788827387865e-05
5.53849999999999998e+00,5.53849999999999998e+00,1.80554301706238152e-01,-3.25999117255513227e-02,-3.25998558646272765e-02,-4.22855753688409429e-05,-4.22855029112424754e-05,-4.22855029112424686e-05,-8.45710782800834115e-05,-8.45710058224849372e-05
5.54574999999999996e+00,5.54574999999999996e+00,1.80318261731956891e-01,-3.25147310834204006e-02,-3.25146755140345092e-02,-4.20648874304038159e-05,-4.20648155392983340e-05,-4.20648155392983408e-05,-8.41297029697021500e-05,-8.41296310785966681e-05
5.55299999999999994e+00,5.55299999999999994e+00,1.80082838105528553e-01,-3.24298838598906514e-02,-3.24298285801420047e-02,-4.18456373254036572e-05,-4.18455659956288339e-05,-4.18455659956288339e-05,-8.36912033210324911e-05,-8.36911319912576678e-05
5.56024999999999991e+00,5.56024999999999991e+00,1.79848028415988487e-01,-3.23453683171130990e-02,-3.23453133251182037e-02,-4.16278138270843493e-05,-4.16277430535348528e-05,-4.16277430535348596e-05,-8.32555568806192157e-05,-8.32554861070697056e-05
5.56749999999999989e+00,5.56749999999999989e+00,1.79613830264930413e-01,-3.22611827285506081e-02,-3.22611280224392311e-02,-4.14114058108317027e-05,-4.14113355884533890e-05,-4.14113355884533890e-05,-8.28227413992850916e-05,-8.28226711769067779e-05
5.57474999999999987e+00,5.57474999999999987e+00,1.79380241266424517e-01,-3.21773253788837366e-02,-3.21772709568006673e-02,-4.11964022531051299e-05,-4.11963325768968319e-05,-4.11963325768968319e-05,-8.23927348300019618e-05,-8.23926651537936638e-05
5.58199999999999985e+00,5.58199999999999985e+00,1.79147259046936597e-01,-3.20937945639272471e-02,-3.20937404240302024e-02,-4.09827922303944607e-05,-4.09827230954049049e-05,-4.09827230954049049e-05,-8.19655153257993724e-05,-8.19654461908098098e-05
5.58924999999999983e+00,5.58924999999999983e+00,1.78914881245247570e-01,-3.20105885905359600e-02,-3.20105347310010446e-02,-4.07705649181743031e-05,-4.07704963195086283e-05,-4.07704963195086283e-05,-8.15410612376829314e-05,-8.15409926390172566e-05
5.59649999999999981e+00,5.59649999999999981e+00,1.78683105512373819e-01,-3.19277057765301464e-02,-3.19276521955461148e-02,-4.05597095898944411e-05,-4.05596415227064332e-05,-4.05596415227064332e-05,-8.11193511126008743e-05,-8.11192830454128663e-05
5.60375000000000068e+00,5.60375000000000068e+00,1.78451929511487833e-01,-3.18451444506120396e-02,-3.18450911463730169e-02,-4.03502156159696570e-05,-4.03501480754520989e-05,-4.03501480754520989e-05,-8.07003636914217559e-05,-8.07002961509041978e-05
5.61100000000000065e+00,5.61100000000000065e+00,1.78221350917839944e-01,-3.17629029522503714e-02,-3.17628499229798480e-02,-4.01420724627398858e-05,-4.01420054441546108e-05,-4.01420054441546108e-05,-8.02840779068944967e-05,-8.02840108883092217e-05
5.61825000000000063e+00,5.61825000000000063e+00,1.77991367418680185e-01,-3.16809796316501746e-02,-3.16809268755716064e-02,-3.99352696915491117e-05,-3.99352031901893068e-05,-3.99352031901893000e-05,-7.98704728817384118e-05,-7.98704063803786001e-05
5.62550000000000061e+00,5.62550000000000061e+00,1.77761976713181030e-01,-3.15993728496195558e-02,-3.15993203649775137e-02,-3.97297969577041946e-05,-3.97297309689207534e-05,-3.97297309689207534e-05,-7.94595279266249548e-05,-7.94594619378415068e-05
5.63275000000000059e+00,5.63275000000000059e+00,1.77533176512360724e-01,-3.15180809775146287e-02,-3.15180287625690322e-02,-3.95256440095430122e-05,-3.95255785287368304e-05,-3.95255785287368304e-05,-7.90512225382798358e-05,-7.90511570574736609e-05
5.64000000000000057e+00,5.64000000000000057e+00,1.77304964539007071e-01,-3.14371023971595775e-02,-3.14370504501785553e-02,-3.93228006874812836e-05,-3.93227357100938874e-05,-3.93227357100938874e-05,-7.86455363975751642e-05,-7.86454714201877749e-05
5.64725000000000055e+00,5.64725000000000055e+00,1.77077338527601907e-01,-3.13564355007525108e-02,-3.13563838200189293e-02,-3.91212569230516477e-05,-3.91211924445730136e-05,-3.91211924445730136e-05,-7.82424493676246681e-05,-7.82423848891460272e-05
5.65450000000000053e+00,5.65450000000000053e+00,1.76850296224246167e-01,-3.12760786907926303e-02,-3.12760272746036155e-02,-3.89210027379795909e-05,-3.89209387539471495e-05,-3.89209387539471563e-05,-7.78419414919267539e-05,-7.78418775078942990e-05
5.66175000000000050e+00,5.66175000000000050e+00,1.76623835386585409e-01,-3.11960303800038474e-02,-3.11959792266676209e-02,-3.87220282432645789e-05,-3.87219647492589053e-05,-3.87219647492588985e-05,-7.74439929925234774e-05,-7.74439294985177970e-05
5.66900000000000048e+00,5.66900000000000048e+00,1.76397953783736100e-01,-3.11162889912495189e-02,-3.11162380990890955e-02,-3.85243236382599622e-05,-3.85242606299089570e-05,-3.85242606299089502e-05,-7.70485842681689192e-05,-7.70485212598179140e-05
5.67625000000000046e+00,5.67625000000000046e+00,1.76172649196212283e-01,-3.10368529574631680e-02,-3.10368023248116763e-02,-3.83278792097822431e-05,-3.83278166827549996e-05,-3.83278166827549929e-05,-7.66556958925372427e-05,-7.66556333655099857e-05
5.68350000000000044e+00,5.68350000000000044e+00,1.75947919415852888e-01,-3.09577207215596673e-02,-3.09576703467674616e-02,-3.81326853312056853e-05,-3.81326232812208993e-05,-3.81326232812208993e-05,-7.62653086124265777e-05,-7.62652465624417985e-05
5.69075000000000042e+00,5.69075000000000042e+00,1.75723762245749676e-01,-3.08788907363712894e-02,-3.08788406178007596e-02,-3.79387324615969784e-05,-3.79386708844161444e-05,-3.79386708844161376e-05,-7.58774033460131160e-05,-7.58773417688322752e-05
5.69800000000000040e+00,5.69800000000000040e+00,1.75500175500175493e-01,-3.08003614645731005e-02,-3.08003116005923991e-02,-3.77460111448458705e-05,-3.77459500362652657e-05,-3.77459500362652589e-05,-7.54919611811111295e-05,-7.54919000725305179e-05
5.70525000000000038e+00,5.70525000000000038e+00,1.75277157004513379e-01,-3.07221313785870365e-02,-3.07220817675848343e-02,-3.75545120087788668e-05,-3.75544513646472775e-05,-3.75544513646472707e-05,-7.51089633734261443e-05,-7.51089027292945550e-05
5.71250000000000036e+00,5.71250000000000036e+00,1.75054704595185989e-01,-3.06441989605321652e-02,-3.06441496009078294e-02,-3.73642257643385560e-05,-3.73641655805448909e-05,-3.73641655805448909e-05,-7.47283913448834537e-05,-7.47283311610897819e-05
5.71975000000000033e+00,5.71975000000000033e+00,1.74832816119585649e-01,-3.05665627021465269e-02,-3.05665135923048441e-02,-3.71751432047369166e-05,-3.71750834772034304e-05,-3.71750834772034304e-05,-7.43502266819403537e-05,-7.43501669544068607e-05
5.72700000000000031e+00,5.72700000000000031e+00,1.74611489436004880e-01,-3.04892211046947637e-02,-3.04891722430600427e-02,-3.69872552046000979e-05,-3.69871959292992640e-05,-3.69871959292992640e-05,-7.39744511338993687e-05,-7.39743918585985280e-05
5.73425000000000029e+00,5.73425000000000029e+00,1.74390722413567595e-01,-3.04121726789166047e-02,-3.04121240639259847e-02,-3.68005527191718026e-05,-3.68004938921177754e-05,-3.68004938921177754e-05,-7.36010466112895780e-05,-7.36009877842355508e-05
5.74150000000000027e+00,5.74150000000000027e+00,1.74170512932160571e-01,-3.03354159449558125e-02,-3.03353675750519143e-02,-3.66150267835011313e-05,-3.66149684007405370e-05,-3.66149684007405370e-05,-7.32299951842416683e-05,-7.32299368014810740e-05
5.74875000000000025e+00,5.74875000000000025e+00,1.73950858882365722e-01,-3.02589494322731412e-02,-3.02589013059127131e-02,-3.64306685116197340e-05,-3.64306105692418215e-05,-3.64306105692418215e-05,-7.28612790808615487e-05,-7.28612211384836430e-05
5.75600000000000023e+00,5.75600000000000023e+00,1.73731758165392630e-01,-3.01827716795841638e-02,-3.01827237952384669e-02,-3.62474690957573424e-05,-3.62474115898940848e-05,-3.62474115898940916e-05,-7.24948806856514272e-05,-7.24948231797881832e-05
5.76325000000000021e+00,5.76325000000000021e+00,1.73513208693011761e-01,-3.01068812347971004e-02,-3.01068335909446504e-02,-3.60654198055654674e-05,-3.60653627323825500e-05,-3.60653627323825500e-05,-7.21307825379480174e-05,-7.21307254647650999e-05
5.77050000000000018e+00,5.77050000000000018e+00,1.73295208387488076e-01,-3.00312766549275523e-02,-3.00312292500629179e-02,-3.58845119873214732e-05,-3.58844553430284980e-05,-3.58844553430284980e-05,-7.17689673303499711e-05,-7.17689106860569959e-05
5.77775000000000016e+00,5.77775000000000016e+00,1.73077755181515303e-01,-2.99559565060469879e-02,-2.99559093386725442e-02,-3.57047370631811753e-05,-3.57046808440214834e-05,-3.57046808440214834e-05,-7.14094179072026654e-05,-7.14093616880429668e-05
5.78500000000000014e+00,5.78500000000000014e+00,1.72860847018150382e-01,-2.98809193632045833e-02,-2.98808724318323886e-02,-3.55260865304074375e-05,-3.55260307326600810e-05,-3.55260307326600743e-05,-7.10521172630675118e-05,-7.10520614653201621e-05
5.79225000000000012e+00,5.79225000000000012e+00,1.72644481850748849e-01,-2.98061638103543913e-02,-2.98061171135135458e-02,-3.53485519606130469e-05,-3.53484965806011981e-05,-3.53484965806011981e-05,-7.06970485412142518e-05,-7.06969931612023961e-05
5.79950000000000010e+00,5.79950000000000010e+00,1.72428657642900246e-01,-2.97316884403073800e-02,-2.97316419765325003e-02,-3.51721249990408436e-05,-3.51720700331178290e-05,-3.51720700331178222e-05,-7.03441950321586658e-05,-7.03441400662356445e-05
5.80675000000000008e+00,5.80675000000000008e+00,1.72213372368364398e-01,-2.96574918546443911e-02,-2.96574456224849362e-02,-3.49967973638051048e-05,-3.49967428083651459e-05,-3.49967428083651391e-05,-6.99935401721702506e-05,-6.99934856167302782e-05
5.81400000000000006e+00,5.81400000000000006e+00,1.71998624011007906e-01,-2.95835726636646257e-02,-2.95835266616800673e-02,-3.48225608451825308e-05,-3.48225066966547468e-05,-3.48225066966547468e-05,-6.96450675418372776e-05,-6.96450133933094936e-05
5.82125000000000004e+00,5.82125000000000004e+00,1.71784410564741252e-01,-2.95099294863181427e-02,-2.95098837130755853e-02,-3.46494073048917995e-05,-3.46493535597371105e-05,-3.46493535597371173e-05,-6.92987608646289236e-05,-6.92987071194742211e-05
5.82850000000000001e+00,5.82850000000000001e+00,1.71570730033456298e-01,-2.94365609501348047e-02,-2.94365154042131420e-02,-3.44773286753762581e-05,-3.44772753300920135e-05,-3.44772753300920203e-05,-6.89546040054682852e-05,-6.89545506601840406e-05
5.83574999999999999e+00,5.83574999999999999e+00,1.71357580430964301e-01,-2.93634656911621050e-02,-2.93634203711544035e-02,-3.43063169591044094e-05,-3.43062640102268746e-05,-3.43062640102268746e-05,-6.86125809693312772e-05,-6.86125280204537491e-05
5.84299999999999997e+00,5.84299999999999997e+00,1.71144959780934441e-01,-2.92906423539101013e-02,-2.92905972584176708e-02,-3.41363642278858141e-05,-3.41363116719829403e-05,-3.41363116719829336e-05,-6.82726758998687477e-05,-6.82726233439658807e-05
5.85024999999999995e+00,5.85024999999999995e+00,1.70932866116832616e-01,-2.92180895912821370e-02,-2.92180447189150233e-02,-3.39674626221773913e-05,-3.39674104558491342e-05,-3.39674104558491342e-05,-6.79348730780265323e-05,-6.79348209116982683e-05
5.85749999999999993e+00,5.85749999999999993e+00,1.70721297481860851e-01,-2.91458060645073402e-02,-2.91457614138900291e-02,-3.37996043503989752e-05,-3.37995525702836574e-05,-3.37995525702836506e-05,-6.75991569206826258e-05,-6.75991051405673148e-05
5.86474999999999991e+00,5.86474999999999991e+00,1.70510251928897238e-01,-2.90737904430944383e-02,-2.90737460128560020e-02,-3.36327816882803880e-05,-3.36327302910429833e-05,-3.36327302910429833e-05,-6.72655119793233713e-05,-6.72654605820859666e-05
5.87199999999999989e+00,5.87199999999999989e+00,1.70299727520435984e-01,-2.90020414047535979e-02,-2.90019971935347384e-02,-3.34669869781783114e-05,-3.34669359605183729e-05,-3.34669359605183796e-05,-6.69339229386966910e-05,-6.69338719210367593e-05
5.87924999999999986e+00,5.87924999999999986e+00,1.70089722328528314e-01,-2.89305576353413585e-02,-2.89305136417958610e-02,-3.33022126284267071e-05,-3.33021619870797631e-05,-3.33021619870797631e-05,-6.66043746155064770e-05,-6.66043239741595262e-05
5.88649999999999984e+00,5.88649999999999984e+00,1.69880234434723526e-01,-2.88593378288073410e-02,-2.88592940515966234e-02,-3.31384511126958030e-05,-3.31384008444268041e-05,-3.31384008444268041e-05,-6.62768519571226071e-05,-6.62768016888536083e-05
5.89374999999999982e+00,5.89374999999999982e+00,1.69671261930010614e-01,-2.87883806871249703e-02,-2.87883371249222676e-02,-3.29756949693393417e-05,-3.29756450709472014e-05,-3.29756450709472082e-05,-6.59513400402865566e-05,-6.59512901418944164e-05
5.90100000000000069e+00,5.90100000000000069e+00,1.69462802914760180e-01,-2.87176849202417372e-02,-2.87176415717268520e-02,-3.28139368007706838e-05,-3.28138872690820509e-05,-3.28138872690820441e-05,-6.56278240698527347e-05,-6.56277745381640882e-05
5.90825000000000067e+00,5.90825000000000067e+00,1.69254855498667089e-01,-2.86472492460063677e-02,-2.86472061098746802e-02,-3.26531692728189747e-05,-3.26531201046982347e-05,-3.26531201046982347e-05,-6.53062893775172026e-05,-6.53062402093964694e-05
5.91550000000000065e+00,5.91550000000000065e+00,1.69047417800693073e-01,-2.85770723901332957e-02,-2.85770294650820808e-02,-3.24933851141341679e-05,-3.24933363064676211e-05,-3.24933363064676211e-05,-6.49867214206017822e-05,-6.49866726129352422e-05
5.92275000000000063e+00,5.92275000000000063e+00,1.68840487949010160e-01,-2.85071530861209510e-02,-2.85071103708598450e-02,-3.23345771155456862e-05,-3.23345286652532293e-05,-3.23345286652532225e-05,-6.46691057807989155e-05,-6.46690573305064450e-05
5.93000000000000060e+00,5.93000000000000060e+00,1.68634064080944335e-01,-2.84374900752037973e-02,-2.84374475684560403e-02,-3.21767381294657304e-05,-3.21766900335019953e-05,-3.21766900335019953e-05,-6.43534281629677256e-05,-6.43533800670039905e-05
5.93725000000000058e+00,5.93725000000000058e+00,1.68428144342919694e-01,-2.83680821063079236e-02,-2.83680398067993889e-02,-3.20198610693026652e-05,-3.20198133246443745e-05,-3.20198133246443745e-05,-6.40396743939470464e-05,-6.40396266492887490e-05
5.94450000000000056e+00,5.94450000000000056e+00,1.68222726890402879e-01,-2.82989279359728840e-02,-2.82988858424430764e-02,-3.18639389088421567e-05,-3.18638915125003141e-05,-3.18638915125003141e-05,-6.37278304213424707e-05,-6.37277830250006282e-05
5.95175000000000054e+00,5.95175000000000054e+00,1.68017809887848091e-01,-2.82300263283090658e-02,-2.82299844395090642e-02,-3.17089646816745644e-05,-3.17089176306918866e-05,-3.17089176306918866e-05,-6.34178823123664442e-05,-6.34178352613837731e-05
5.95900000000000052e+00,5.95900000000000052e+00,1.67813391508642384e-01,-2.81613760549497272e-02,-2.81613343696328865e-02,-3.15549314806220490e-05,-3.15548847720622792e-05,-3.15548847720622792e-05,-6.31098162526843350e-05,-6.31097695441245585e-05
5.96625000000000050e+00,5.96625000000000050e+00,1.67609469935051325e-01,-2.80929758949763908e-02,-2.80929344119088716e-02,-3.14018324571416037e-05,-3.14017860881011333e-05,-3.14017860881011401e-05,-6.28036185452427505e-05,-6.28035721762022802e-05
5.97350000000000048e+00,5.97350000000000048e+00,1.67406043358165224e-01,-2.80248246348797636e-02,-2.80247833528358935e-02,-3.12496608207737034e-05,-3.12496147883761509e-05,-3.12496147883761509e-05,-6.24992756091498542e-05,-6.24992295767523017e-05
5.98075000000000045e+00,5.98075000000000045e+00,1.67203109977845571e-01,-2.79569210684993408e-02,-2.79568799862635227e-02,-3.10984098385727736e-05,-3.10983641399708614e-05,-3.10983641399708682e-05,-6.21967739785436486e-05,-6.21967282799417364e-05
5.98800000000000043e+00,5.98800000000000043e+00,1.67000668002671993e-01,-2.78892639969718914e-02,-2.78892231133386730e-02,-3.09480728345531630e-05,-3.09480274669285957e-05,-3.09480274669285957e-05,-6.18961003014817520e-05,-6.18960549338571915e-05
5.99525000000000041e+00,5.99525000000000041e+00,1.66798715649889490e-01,-2.78218522286834968e-02,-2.78218115424526888e-02,-3.07986431891445827e-05,-3.07985981497023819e-05,-3.07985981497023819e-05,-6.15972413388469645e-05,-6.15971962994047638e-05
6.00250000000000039e+00,6.00250000000000039e+00,1.66597251145356090e-01,-2.77546845792073782e-02,-2.77546440891888527e-02,-3.06501143386372178e-05,-3.06500696246108791e-05,-3.06500696246108791e-05,-6.13001839632480901e-05,-6.13001392492217582e-05
6.00975000000000037e+00,6.00975000000000037e+00,1.66396272723490973e-01,-2.76877598712577111e-02,-2.76877195762703886e-02,-3.05024797746500930e-05,-3.05024353833002136e-05,-3.05024353833002136e-05,-6.10049151579503032e-05,-6.10048707666004271e-05
6.01700000000000035e+00,6.01700000000000035e+00,1.66195778627222845e-01,-2.76210769346381113e-02,-2.76210368335088642e-02,-3.03557330435987255e-05,-3.03556889722116083e-05,-3.03556889722116083e-05,-6.07114220158103338e-05,-6.07113779444232166e-05
6.02425000000000033e+00,6.02425000000000033e+00,1.65995767107938730e-01,-2.75546346061865677e-02,-2.75545946977530341e-02,-3.02098677461642455e-05,-3.02098239920547757e-05,-3.02098239920547791e-05,-6.04196917382190246e-05,-6.04196479841095582e-05
6.03150000000000031e+00,6.03150000000000031e+00,1.65796236425433147e-01,-2.74884317297345859e-02,-2.74883920128381233e-02,-3.00648775367833197e-05,-3.00648340972870231e-05,-3.00648340972870265e-05,-6.01297116340703496e-05,-6.01296681945740462e-05
6.03875000000000028e+00,6.03875000000000028e+00,1.65597184847857570e-01,-2.74224671560432398e-02,-2.74224276295355097e-02,-2.99207561231178241e-05,-2.99207129955979175e-05,-2.99207129955979175e-05,-5.98414691187157416e-05,-5.98414259911958350e-05
6.04600000000000026e+00,6.04600000000000026e+00,1.65398610651670525e-01,-2.73567397427587622e-02,-2.73567004055028963e-02,-2.97774972655511775e-05,-2.97774544473995992e-05,-2.97774544473995992e-05,-5.95549517129507767e-05,-5.95549088947991984e-05
6.05325000000000024e+00,6.05325000000000024e+00,1.65200512121587567e-01,-2.72912483543716888e-02,-2.72912092052348017e-02,-2.96350947766933904e-05,-2.96350522653224546e-05,-2.96350522653224614e-05,-5.92701470420158518e-05,-5.92701045306449160e-05
6.06050000000000022e+00,6.06050000000000022e+00,1.65002887550532135e-01,-2.72259918621546859e-02,-2.72259529000135510e-02,-2.94935425208679587e-05,-2.94935003137163497e-05,-2.94935003137163463e-05,-5.89870428345843050e-05,-5.89870006274326994e-05
6.06775000000000020e+00,6.06775000000000020e+00,1.64805735239586332e-01,-2.71609691441199175e-02,-2.71609303678606272e-02,-2.93528344136248611e-05,-2.93527925081570500e-05,-2.93527925081570500e-05,-5.87056269217819111e-05,-5.87055850163141000e-05
6.07500000000000018e+00,6.07500000000000018e+00,1.64609053497942387e-01,-2.70961790849746365e-02,-2.70961404934884596e-02,-2.92129644212565367e-05,-2.92129228149581300e-05,-2.92129228149581266e-05,-5.84258872362146634e-05,-5.84258456299162533e-05
6.08225000000000016e+00,6.08225000000000016e+00,1.64412840642854191e-01,-2.70316205760661177e-02,-2.70315821682525700e-02,-2.90739265603070437e-05,-2.90738852506879136e-05,-2.90738852506879136e-05,-5.81478118109949574e-05,-5.81477705013758273e-05
6.08950000000000014e+00,6.08950000000000014e+00,1.64217094999589447e-01,-2.69672925153319198e-02,-2.69672542901041867e-02,-2.89357148970918217e-05,-2.89356738816917441e-05,-2.89356738816917441e-05,-5.78713887787835692e-05,-5.78713477633834882e-05
6.09675000000000011e+00,6.09675000000000011e+00,1.64021814901381874e-01,-2.69031938072714638e-02,-2.69031557635431781e-02,-2.87983235472449865e-05,-2.87982828236192379e-05,-2.87982828236192346e-05,-5.75966063708642211e-05,-5.75965656472384759e-05
6.10400000000000009e+00,6.10400000000000009e+00,1.63826998689383996e-01,-2.68393233628767547e-02,-2.68392854995714268e-02,-2.86617466752273262e-05,-2.86617062409566519e-05,-2.86617062409566552e-05,-5.73234529161839815e-05,-5.73234124819133105e-05
6.11125000000000007e+00,6.11125000000000007e+00,1.63632644712620179e-01,-2.67756800995950783e-02,-2.67756424156465819e-02,-2.85259784938732841e-05,-2.85259383465642195e-05,-2.85259383465642229e-05,-5.70519168404375071e-05,-5.70518766931284459e-05
6.11850000000000005e+00,6.11850000000000005e+00,1.63438751327939863e-01,-2.67122629412934742e-02,-2.67122254356361617e-02,-2.83910132639442402e-05,-2.83909734012183983e-05,-2.83909734012183949e-05,-5.67819866651626351e-05,-5.67819468024367965e-05
6.12575000000000003e+00,6.12575000000000003e+00,1.63245316899971432e-01,-2.66490708181876812e-02,-2.66490334897720969e-02,-2.82568452936483488e-05,-2.82568057131589806e-05,-2.82568057131589840e-05,-5.65136510068073327e-05,-5.65136114263179611e-05
6.13300000000000001e+00,6.13300000000000001e+00,1.63052339801076140e-01,-2.65861026668225975e-02,-2.65860655146056002e-02,-2.81234689382197897e-05,-2.81234296376410682e-05,-2.81234296376410682e-05,-5.62468985758608579e-05,-5.62468592752821364e-05
6.14024999999999999e+00,6.14024999999999999e+00,1.62859818411302482e-01,-2.65233574300260955e-02,-2.65233204529624171e-02,-2.79908785994737446e-05,-2.79908395764917146e-05,-2.79908395764917146e-05,-5.59817181759654592e-05,-5.59816791529834293e-05
6.14749999999999996e+00,6.14749999999999996e+00,1.62667751118340781e-01,-2.64608340568361911e-02,-2.64607972538984590e-02,-2.78590687253377533e-05,-2.78590299776713179e-05,-2.78590299776713179e-05,-5.57180987030090745e-05,-5.57180599553426357e-05
6.15474999999999994e+00,6.15474999999999994e+00,1.62476136317478370e-01,-2.63985315024886091e-02,-2.63984948726558137e-02,-2.77280338094511285e-05,-2.77279953348396855e-05,-2.77279953348396855e-05,-5.54560291442908140e-05,-5.54559906696793710e-05
6.16199999999999992e+00,6.16199999999999992e+00,1.62284972411554679e-01,-2.63364487283670456e-02,-2.63364122706190654e-02,-2.75977683907290457e-05,-2.75977301869265821e-05,-2.75977301869265787e-05,-5.51954985776556244e-05,-5.51954603738531643e-05
6.16924999999999990e+00,6.16924999999999990e+00,1.62094257810917047e-01,-2.62745847019427714e-02,-2.62745484152720442e-02,-2.74682670529197308e-05,-2.74682291177069290e-05,-2.74682291177069323e-05,-5.49364961706266632e-05,-5.49364582354138647e-05
6.17649999999999988e+00,6.17649999999999988e+00,1.61903990933376513e-01,-2.62129383967515395e-02,-2.62129022801548643e-02,-2.73395244242049254e-05,-2.73394867553803941e-05,-2.73394867553803975e-05,-5.46790111795853229e-05,-5.46789735107607950e-05
6.18374999999999986e+00,6.18374999999999986e+00,1.61714170204164148e-01,-2.61515087923420708e-02,-2.61514728448213711e-02,-2.72115351767745404e-05,-2.72114977721554892e-05,-2.72114977721554824e-05,-5.44230329489300195e-05,-5.44229955443109717e-05
6.19099999999999984e+00,6.19099999999999984e+00,1.61524794055887572e-01,-2.60902948742227636e-02,-2.60902590947968936e-02,-2.70842940264035868e-05,-2.70842568838379286e-05,-2.70842568838379252e-05,-5.41685509102415120e-05,-5.41685137676758505e-05
6.19825000000000070e+00,6.19825000000000070e+00,1.61335860928487868e-01,-2.60292956338563641e-02,-2.60292600215363754e-02,-2.69577957320829574e-05,-2.69577588494234603e-05,-2.69577588494234637e-05,-5.39155545815064245e-05,-5.39155176988469274e-05
6.20550000000000068e+00,6.20550000000000068e+00,1.61147369269196650e-01,-2.59685100685675962e-02,-2.59684746223828276e-02,-2.68320350955636656e-05,-2.68319984706948852e-05,-2.68319984706948886e-05,-5.36640335662585575e-05,-5.36639969413897703e-05
6.21275000000000066e+00,6.21275000000000066e+00,1.60959317532493651e-01,-2.59079371815431614e-02,-2.59079019005261160e-02,-2.67070069610008237e-05,-2.67069705918232533e-05,-2.67069705918232601e-05,-5.34139775528240873e-05,-5.34139411836465135e-05
6.22000000000000064e+00,6.22000000000000064e+00,1.60771704180064284e-01,-2.58475759817713424e-02,-2.58475408649621007e-02,-2.65827062145388412e-05,-2.65826700989733469e-05,-2.65826700989733469e-05,-5.31653763135121881e-05,-5.31653401979466939e-05
6.22725000000000062e+00,6.22725000000000062e+00,1.60584527680757955e-01,-2.57874254840082529e-02,-2.57873905304521166e-02,-2.64591277839279824e-05,-2.64590919199132181e-05,-2.64590919199132181e-05,-5.29182197038412038e-05,-5.29181838398264361e-05
6.23450000000000060e+00,6.23450000000000060e+00,1.60397786510546148e-01,-2.57274847087369807e-02,-2.57274499174827385e-02,-2.63362666381373304e-05,-2.63362310236278368e-05,-2.63362310236278402e-05,-5.26724976617651706e-05,-5.26724620472556805e-05
6.24175000000000058e+00,6.24175000000000058e+00,1.60211479152481268e-01,-2.56677526821178503e-02,-2.56677180522259379e-02,-2.62141177869623296e-05,-2.62140824199367542e-05,-2.62140824199367542e-05,-5.24282002068990804e-05,-5.24281648398735084e-05
6.24900000000000055e+00,6.24900000000000055e+00,1.60025604096655449e-01,-2.56082284359617773e-02,-2.56081939664995102e-02,-2.60926762806597112e-05,-2.60926411591157595e-05,-2.60926411591157595e-05,-5.21853174397754707e-05,-5.21852823182315190e-05
6.25625000000000053e+00,6.25625000000000053e+00,1.59840159840159840e-01,-2.55489110076876358e-02,-2.55488766977278459e-02,-2.59719372095695603e-05,-2.59719023315224647e-05,-2.59719023315224647e-05,-5.19438395410920284e-05,-5.19438046630449294e-05
6.26350000000000051e+00,6.26350000000000051e+00,1.59655144887043965e-01,-2.54897994402849548e-02,-2.54897652889030032e-02,-2.58518957037464367e-05,-2.58518610672257988e-05,-2.58518610672257920e-05,-5.17037567709722253e-05,-5.17037221344515907e-05
6.27075000000000049e+00,6.27075000000000049e+00,1.59470557748275704e-01,-2.54308927822641806e-02,-2.54308587885461387e-02,-2.57325469325813713e-05,-2.57325125356393370e-05,-2.57325125356393370e-05,-5.14650594682207084e-05,-5.14650250712786741e-05
6.27800000000000047e+00,6.27800000000000047e+00,1.59286396941701158e-01,-2.53721900876300310e-02,-2.53721562506691867e-02,-2.56138861044508994e-05,-2.56138519451584563e-05,-2.56138519451584563e-05,-5.12277380496093591e-05,-5.12277038903169126e-05
6.28525000000000045e+00,6.28525000000000045e+00,1.59102660992005068e-01,-2.53136904158424159e-02,-2.53136567347368932e-02,-2.54959084663567772e-05,-2.54958745428012096e-05,-2.54958745428012130e-05,-5.09917830091579868e-05,-5.09917490856024260e-05
6.29250000000000043e+00,6.29250000000000043e+00,1.58919348430671431e-01,-2.52553928317791332e-02,-2.52553593056291485e-02,-2.53786093035709561e-05,-2.53785756138529791e-05,-2.53785756138529791e-05,-5.07571849174239317e-05,-5.07571512277059581e-05
6.29975000000000041e+00,6.29975000000000041e+00,1.58736457795944280e-01,-2.51972964056879078e-02,-2.51972630336036001e-02,-2.52619839392732189e-05,-2.52619504815147266e-05,-2.52619504815147266e-05,-5.05239344207879422e-05,-5.05239009630294533e-05
6.30700000000000038e+00,6.30700000000000038e+00,1.58553987632788967e-01,-2.51394002131597460e-02,-2.51393669942585954e-02,-2.51460277342136203e-05,-2.51459945065549418e-05,-2.51459945065549418e-05,-5.02920222407685655e-05,-5.02919890131098835e-05
6.31425000000000036e+00,6.31425000000000036e+00,1.58371936492853443e-01,-2.50817033350916319e-02,-2.50816702684964060e-02,-2.50307360863674392e-05,-2.50307030869651528e-05,-2.50307030869651528e-05,-5.00614391733325955e-05,-5.00614061739303057e-05
6.32150000000000034e+00,6.32150000000000034e+00,1.58190302934430121e-01,-2.50242048576510001e-02,-2.50241719424867705e-02,-2.49161044305951765e-05,-2.49160716576190136e-05,-2.49160716576190169e-05,-4.98321760882141935e-05,-4.98321433152380339e-05
6.32875000000000032e+00,6.32875000000000032e+00,1.58009085522417519e-01,-2.49669038722277747e-02,-2.49668711076306560e-02,-2.48021282382933845e-05,-2.48020956899348245e-05,-2.48020956899348212e-05,-4.96042239282282091e-05,-4.96041913798696423e-05
6.33600000000000030e+00,6.33600000000000030e+00,1.57828282828282818e-01,-2.49097994754130525e-02,-2.49097668605244328e-02,-2.46888030170752505e-05,-2.46887706915416263e-05,-2.46887706915416229e-05,-4.93775737086168734e-05,-4.93775413830832457e-05
6.34325000000000028e+00,6.34325000000000028e+00,1.57647893430024028e-01,-2.48528907689617995e-02,-2.48528583029242155e-02,-2.45761243104383399e-05,-2.45760922059486494e-05,-2.45760922059486460e-05,-4.91522165163869859e-05,-4.91521844118972988e-05
6.35050000000000026e+00,6.35050000000000026e+00,1.57467915912132883e-01,-2.47961768597413368e-02,-2.47961445417105540e-02,-2.44640876974214292e-05,-2.44640558122181672e-05,-2.44640558122181672e-05,-4.89281435096395998e-05,-4.89281116244363344e-05
6.35775000000000023e+00,6.35775000000000023e+00,1.57288348865557787e-01,-2.47396568597224586e-02,-2.47396246888534135e-02,-2.43526887923066045e-05,-2.43526571246417525e-05,-2.43526571246417525e-05,-4.87053459169483537e-05,-4.87053142492835050e-05
6.36500000000000021e+00,6.36500000000000021e+00,1.57109190887666922e-01,-2.46833298859208128e-02,-2.46832978613773617e-02,-2.42419232442752103e-05,-2.42418917924197300e-05,-2.42418917924197368e-05,-4.84838150366949437e-05,-4.84837835848394669e-05
6.37225000000000019e+00,6.37225000000000019e+00,1.56930440582211922e-01,-2.46271950603738077e-02,-2.46271631813271483e-02,-2.41317867371019112e-05,-2.41317554993440779e-05,-2.41317554993440779e-05,-4.82635422364459924e-05,-4.82635109986881557e-05
6.37950000000000017e+00,6.37950000000000017e+00,1.56752096559291482e-01,-2.45712515101121909e-02,-2.45712197757334411e-02,-2.40222749888463755e-05,-2.40222439634843746e-05,-2.40222439634843712e-05,-4.80445189523307501e-05,-4.80444879269687424e-05
6.38675000000000015e+00,6.38675000000000015e+00,1.56574157435315303e-01,-2.45154983671103111e-02,-2.45154667765789015e-02,-2.39133837515270456e-05,-2.39133529368770975e-05,-2.39133529368770975e-05,-4.78267366884041397e-05,-4.78267058737541950e-05
6.39400000000000013e+00,6.39400000000000013e+00,1.56396621832968402e-01,-2.44599347682594725e-02,-2.44599033207645276e-02,-2.38051088108204578e-05,-2.38050782052180277e-05,-2.38050782052180277e-05,-4.76101870160384856e-05,-4.76101564104360555e-05
6.40125000000000011e+00,6.40125000000000011e+00,1.56219488381175553e-01,-2.44045598553430665e-02,-2.44045285500762432e-02,-2.36974459857650899e-05,-2.36974155875577892e-05,-2.36974155875577892e-05,-4.73948615733228791e-05,-4.73948311751155784e-05
6.40850000000000009e+00,6.40850000000000009e+00,1.56042755715065928e-01,-2.43493727749939382e-02,-2.43493416111517404e-02,-2.35903911284507328e-05,-2.35903609360004676e-05,-2.35903609360004676e-05,-4.71807520644512005e-05,-4.71807218720009353e-05
6.41575000000000006e+00,6.41575000000000006e+00,1.55866422475938127e-01,-2.42943726786641889e-02,-2.42943416554476273e-02,-2.34839401237227687e-05,-2.34839101354053194e-05,-2.34839101354053160e-05,-4.69678502591280847e-05,-4.69678202708106389e-05
6.42300000000000004e+00,6.42300000000000004e+00,1.55690487311225284e-01,-2.42395587225914255e-02,-2.42395278392068016e-02,-2.33780888888858239e-05,-2.33780591030914857e-05,-2.33780591030914823e-05,-4.67561479919773062e-05,-4.67561182061829715e-05
6.43025000000000002e+00,6.43025000000000002e+00,1.55514948874460546e-01,-2.41849300677650092e-02,-2.41848993234260803e-02,-2.32728333734101300e-05,-2.32728037885457119e-05,-2.32728037885457085e-05,-4.65456371619558419e-05,-4.65456075770914171e-05
6.43750000000000000e+00,6.43750000000000000e+00,1.55339805825242705e-01,-2.41304858798958577e-02,-2.41304552738241078e-02,-2.31681695586440748e-05,-2.31681401731330114e-05,-2.31681401731330114e-05,-4.63363097317770896e-05,-4.63362803462660227e-05
6.44474999999999998e+00,6.44474999999999998e+00,1.55165056829202064e-01,-2.40762253293915762e-02,-2.40761948608095057e-02,-2.30640934575344543e-05,-2.30640642698102665e-05,-2.30640642698102631e-05,-4.61281577273447174e-05,-4.61281285396205329e-05
6.45199999999999996e+00,6.45199999999999996e+00,1.54990700557966515e-01,-2.40221475913156013e-02,-2.40221172594492424e-02,-2.29606011143340398e-05,-2.29605721228426727e-05,-2.29605721228426795e-05,-4.59211732371767159e-05,-4.59211442456853523e-05
6.45924999999999994e+00,6.45924999999999994e+00,1.54816735689127988e-01,-2.39682518453516735e-02,-2.39682216494373178e-02,-2.28576886043170252e-05,-2.28576598075231675e-05,-2.28576598075231641e-05,-4.57153484118401893e-05,-4.57153196150463350e-05
6.46649999999999991e+00,6.46649999999999991e+00,1.54643160906208915e-01,-2.39145372757878505e-02,-2.39145072150636212e-02,-2.27553520335155701e-05,-2.27553234298945013e-05,-2.27553234298945047e-05,-4.55106754634100749e-05,-4.55106468597890027e-05
6.47374999999999989e+00,6.47374999999999989e+00,1.54469974898629070e-01,-2.38610030714720978e-02,-2.38609731451830953e-02,-2.26535875384318823e-05,-2.26535591264742813e-05,-2.26535591264742813e-05,-4.53071466649061636e-05,-4.53071182529485626e-05
6.48099999999999987e+00,6.48099999999999987e+00,1.54297176361672589e-01,-2.38076484257891963e-02,-2.38076186331850938e-02,-2.25523912857731275e-05,-2.25523630639826698e-05,-2.25523630639826732e-05,-4.51047543497558041e-05,-4.51047261279653396e-05
6.48824999999999985e+00,6.48824999999999985e+00,1.54124763996455139e-01,-2.37544725366287679e-02,-2.37544428769629924e-02,-2.24517594721803344e-05,-2.24517314390728456e-05,-2.24517314390728422e-05,-4.49034909112531767e-05,-4.49034628781456844e-05
6.49550000000000072e+00,6.49550000000000072e+00,1.53952736509891441e-01,-2.37014746063515247e-02,-2.37014450788840605e-02,-2.23516883239581712e-05,-2.23516604780641609e-05,-2.23516604780641642e-05,-4.47033488020223354e-05,-4.47033209561283285e-05
6.50275000000000070e+00,6.50275000000000070e+00,1.53781092614663023e-01,-2.36486538417643999e-02,-2.36486244457595647e-02,-2.22521740968155803e-05,-2.22521464366780637e-05,-2.22521464366780637e-05,-4.45043205334936474e-05,-4.45042928733561274e-05
6.51000000000000068e+00,6.51000000000000068e+00,1.53609831029185850e-01,-2.35960094540903498e-02,-2.35959801888150286e-02,-2.21532130756037236e-05,-2.21531855997764597e-05,-2.21531855997764597e-05,-4.43063986753801833e-05,-4.43063711995529195e-05
6.51725000000000065e+00,6.51725000000000065e+00,1.53438950477578717e-01,-2.35435406589292739e-02,-2.35435115236608539e-02,-2.20548015740480320e-05,-2.20547742811028827e-05,-2.20547742811028827e-05,-4.41095758551509113e-05,-4.41095485622057653e-05
6.52450000000000063e+00,6.52450000000000063e+00,1.53268449689631381e-01,-2.34912466762473571e-02,-2.34912176702630655e-02,-2.19569359345093454e-05,-2.19569088230261819e-05,-2.19569088230261819e-05,-4.39138447575355273e-05,-4.39138176460523639e-05
6.53175000000000061e+00,6.53175000000000061e+00,1.53098327400773143e-01,-2.34391267303326600e-02,-2.34390978529143215e-02,-2.18596125277156405e-05,-2.18595855962867145e-05,-2.18595855962867145e-05,-4.37191981240023583e-05,-4.37191711925734289e-05
6.53900000000000059e+00,6.53900000000000059e+00,1.52928582352041570e-01,-2.33871800497649218e-02,-2.33871513002051612e-02,-2.17628277525095235e-05,-2.17628009997451588e-05,-2.17628009997451621e-05,-4.35256287522546890e-05,-4.35256019994903243e-05
6.54625000000000057e+00,6.54625000000000057e+00,1.52759213290051543e-01,-2.33354058674031251e-02,-2.33353772449954588e-02,-2.16665780356145235e-05,-2.16665514601337820e-05,-2.16665514601337786e-05,-4.33331294957482987e-05,-4.33331029202675639e-05
6.55350000000000055e+00,6.55350000000000055e+00,1.52590218966964203e-01,-2.32838034203481925e-02,-2.32837749243860817e-02,-2.15708598313803797e-05,-2.15708334318101159e-05,-2.15708334318101159e-05,-4.31416932631904922e-05,-4.31416668636202318e-05
6.56075000000000053e+00,6.56075000000000053e+00,1.52421598140456499e-01,-2.32323719499039072e-02,-2.32323435796908118e-02,-2.14756696215291142e-05,-2.14756433965132250e-05,-2.14756433965132250e-05,-4.29513130180423427e-05,-4.29512867930264500e-05
6.56800000000000050e+00,6.56800000000000050e+00,1.52253349573690605e-01,-2.31811107015627016e-02,-2.31810824564084340e-02,-2.13810039149263131e-05,-2.13809778631222512e-05,-2.13809778631222512e-05,-4.27619817780485676e-05,-4.27619557262445024e-05
6.57525000000000048e+00,6.57525000000000048e+00,1.52085472035283831e-01,-2.31300189249825650e-02,-2.31299908041950990e-02,-2.12868592473463216e-05,-2.12868333674174421e-05,-2.12868333674174454e-05,-4.25736926147637671e-05,-4.25736667348348909e-05
6.58250000000000046e+00,6.58250000000000046e+00,1.51917964299278369e-01,-2.30790958739408580e-02,-2.30790678768368202e-02,-2.11932321812183045e-05,-2.11932064718434865e-05,-2.11932064718434831e-05,-4.23864386530617876e-05,-4.23864129436869730e-05
6.58975000000000044e+00,6.58975000000000044e+00,1.51750825145111706e-01,-2.30283408063165496e-02,-2.30283129322222703e-02,-2.11001193054007481e-05,-2.11000937652752221e-05,-2.11000937652752187e-05,-4.22002130706759668e-05,-4.22001875305504375e-05
6.59700000000000042e+00,6.59700000000000042e+00,1.51584053357586762e-01,-2.29777529840795580e-02,-2.29777252323157127e-02,-2.10075172349644610e-05,-2.10074918627856565e-05,-2.10074918627856531e-05,-4.20150090977501107e-05,-4.20149837255713062e-05
6.60425000000000040e+00,6.60425000000000040e+00,1.51417647726842547e-01,-2.29273316732339083e-02,-2.29273040431301860e-02,-2.09154226109353439e-05,-2.09153974054162552e-05,-2.09153974054162586e-05,-4.18308200163515991e-05,-4.18307948108325172e-05
6.61150000000000038e+00,6.61150000000000038e+00,1.51251607048324882e-01,-2.28770761438088499e-02,-2.28770486347008792e-02,-2.08238321000832307e-05,-2.08238070599495170e-05,-2.08238070599495204e-05,-4.16476391600327511e-05,-4.16476141198990341e-05
6.61875000000000036e+00,6.61875000000000036e+00,1.51085930122757311e-01,-2.28269856698357643e-02,-2.28269582810587054e-02,-2.07327423946997017e-05,-2.07327175186837648e-05,-2.07327175186837681e-05,-4.14654599133834699e-05,-4.14654350373675363e-05
6.62600000000000033e+00,6.62600000000000033e+00,1.50920615756112264e-01,-2.27770595293037559e-02,-2.27770322602040831e-02,-2.06421502123585361e-05,-2.06421254992101654e-05,-2.06421254992101620e-05,-4.12842757115686946e-05,-4.12842509984203239e-05
6.63325000000000031e+00,6.63325000000000031e+00,1.50755662759582409e-01,-2.27272970041578759e-02,-2.27272698540809427e-02,-2.05520522957169672e-05,-2.05520277441919527e-05,-2.05520277441919493e-05,-4.11040800399089165e-05,-4.11040554883838986e-05
6.64050000000000029e+00,6.64050000000000029e+00,1.50591069949551987e-01,-2.26776973802547133e-02,-2.26776703485508588e-02,-2.04624454122801468e-05,-2.04624210211457539e-05,-2.04624210211457539e-05,-4.09248664334259041e-05,-4.09248420422915078e-05
6.64775000000000027e+00,6.64775000000000027e+00,1.50426836147568715e-01,-2.26282599473410784e-02,-2.26282330333674869e-02,-2.03733263541885969e-05,-2.03733021222251694e-05,-2.03733021222251728e-05,-4.07466284764137663e-05,-4.07466042444503388e-05
6.65500000000000025e+00,6.65500000000000025e+00,1.50262960180315541e-01,-2.25789839990344632e-02,-2.25789572021510947e-02,-2.02846919380091659e-05,-2.02846678640063649e-05,-2.02846678640063649e-05,-4.05693598020155307e-05,-4.05693357280127297e-05
6.66225000000000023e+00,6.66225000000000023e+00,1.50099440879582713e-01,-2.25298688327910668e-02,-2.25298421523633455e-02,-2.01965390045166326e-05,-2.01965150872757845e-05,-2.01965150872757879e-05,-4.03930540917924239e-05,-4.03930301745515690e-05
6.66950000000000021e+00,6.66950000000000021e+00,1.49936277082240055e-01,-2.24809137498915845e-02,-2.24808871852822632e-02,-2.01088644184932851e-05,-2.01088406568200225e-05,-2.01088406568200191e-05,-4.02177050753133042e-05,-4.02176813136400382e-05
6.67675000000000018e+00,6.67675000000000018e+00,1.49773467630209295e-01,-2.24321180553932464e-02,-2.24320916059773529e-02,-2.00216650685000010e-05,-2.00216414612175784e-05,-2.00216414612175784e-05,-4.00433065297175795e-05,-4.00432829224351569e-05
6.68400000000000016e+00,6.68400000000000016e+00,1.49611011370436864e-01,-2.23834810581298171e-02,-2.23834547232849880e-02,-1.99349378666922930e-05,-1.99349144126328451e-05,-1.99349144126328451e-05,-3.98698522793251381e-05,-3.98698288252656902e-05
6.69125000000000014e+00,6.69125000000000014e+00,1.49448907154866417e-01,-2.23350020706778452e-02,-2.23349758497838856e-02,-1.98486797486078283e-05,-1.98486564466119161e-05,-1.98486564466119127e-05,-3.96973361952197444e-05,-3.96973128932238321e-05
6.69850000000000012e+00,6.69850000000000012e+00,1.49287153840412024e-01,-2.22866804093300175e-02,-2.22866543017708474e-02,-1.97628876729622094e-05,-1.97628645218804972e-05,-1.97628645218804972e-05,-3.95257521948427066e-05,-3.95257290437609943e-05
6.70575000000000010e+00,6.70575000000000010e+00,1.49125750288931130e-01,-2.22385153940738434e-02,-2.22384893992366439e-02,-1.96775586214513373e-05,-1.96775356201437526e-05,-1.96775356201437492e-05,-3.93550942415950831e-05,-3.93550712402875052e-05
6.71300000000000008e+00,6.71300000000000008e+00,1.48964695367197975e-01,-2.21905063485632326e-02,-2.21904804658420926e-02,-1.95926895985491537e-05,-1.95926667458880518e-05,-1.95926667458880518e-05,-3.91853563444372055e-05,-3.91853334917761036e-05
6.72025000000000006e+00,6.72025000000000006e+00,1.48803987946876964e-01,-2.21426526001025081e-02,-2.21426268288943059e-02,-1.95082776313182548e-05,-1.95082549261847017e-05,-1.95082549261847017e-05,-3.90165325575029598e-05,-3.90165098523694034e-05
6.72750000000000004e+00,6.72750000000000004e+00,1.48643626904496479e-01,-2.20949534796197611e-02,-2.20949278193231478e-02,-1.94243197692127253e-05,-1.94242972104955392e-05,-1.94242972104955392e-05,-3.88486169797082678e-05,-3.88485944209910784e-05
6.73475000000000001e+00,6.73475000000000001e+00,1.48483611121422471e-01,-2.20474083216402050e-02,-2.20473827716578148e-02,-1.93408130838827588e-05,-1.93407906704804005e-05,-1.93407906704804005e-05,-3.86816037543631592e-05,-3.86815813409608009e-05
6.74199999999999999e+00,6.74199999999999999e+00,1.48323939483832684e-01,-2.20000164642630835e-02,-2.19999910240036602e-02,-1.92577546689841294e-05,-1.92577323998064912e-05,-1.92577323998064946e-05,-3.85154870687906206e-05,-3.85154647996129891e-05
6.74924999999999997e+00,6.74924999999999997e+00,1.48164610882690673e-01,-2.19527772491421302e-02,-2.19527519180191394e-02,-1.91751416399924376e-05,-1.91751195139595557e-05,-1.91751195139595557e-05,-3.83502611539519899e-05,-3.83502390279191115e-05
6.75649999999999995e+00,6.75649999999999995e+00,1.48005624213720127e-01,-2.19056900214642525e-02,-2.19056647988929362e-02,-1.90929711340174536e-05,-1.90929491500568660e-05,-1.90929491500568693e-05,-3.81859202840743230e-05,-3.81858983001137387e-05
6.76374999999999993e+00,6.76374999999999993e+00,1.47846978377379423e-01,-2.18587541299246624e-02,-2.18587290153212967e-02,-1.90112403096160087e-05,-1.90112184666620596e-05,-1.90112184666620596e-05,-3.80224587762780717e-05,-3.80224369333241193e-05
6.77099999999999991e+00,6.77099999999999991e+00,1.47688672278836225e-01,-2.18119689266984551e-02,-2.18119439194854846e-02,-1.89299463466034483e-05,-1.89299246436016970e-05,-1.89299246436017004e-05,-3.78598709902051487e-05,-3.78598492872033940e-05
6.77824999999999989e+00,6.77824999999999989e+00,1.47530704827942311e-01,-2.17653337674210690e-02,-2.17653088670294419e-02,-1.88490864458744577e-05,-1.88490648817836262e-05,-1.88490648817836296e-05,-3.76981513276580907e-05,-3.76981297635672593e-05
6.78549999999999986e+00,6.78549999999999986e+00,1.47373074939208620e-01,-2.17188480111794036e-02,-2.17188232170375979e-02,-1.87686578292346923e-05,-1.87686364030170806e-05,-1.87686364030170806e-05,-3.75372942322517729e-05,-3.75372728060341612e-05
6.79275000000000073e+00,6.79275000000000073e+00,1.47215781531780193e-01,-2.16725110204727400e-02,-2.16724863320128351e-02,-1.86886577392077590e-05,-1.86886364498344660e-05,-1.86886364498344626e-05,-3.73772941890422182e-05,-3.73772728996689320e-05
6.80000000000000071e+00,6.80000000000000071e+00,1.47058823529411742e-01,-2.16263221611914247e-02,-2.16262975778546661e-02,-1.86090834388592977e-05,-1.86090622853149477e-05,-1.86090622853149511e-05,-3.72181457241742454e-05,-3.72181245706299023e-05
6.80725000000000069e+00,6.80725000000000069e+00,1.46902199860442895e-01,-2.15802808026133164e-02,-2.15802563238375079e-02,-1.85299322116377899e-05,-1.85299111929096060e-05,-1.85299111929096026e-05,-3.70598434045473925e-05,-3.70598223858192052e-05
6.81450000000000067e+00,6.81450000000000067e+00,1.46745909457773854e-01,-2.15343863173593775e-02,-2.15343619425891614e-02,-1.84512013611817502e-05,-1.84511804762683463e-05,-1.84511804762683463e-05,-3.69023818374500932e-05,-3.69023609525366927e-05
6.82175000000000065e+00,6.82175000000000065e+00,1.46589951258841195e-01,-2.14886380813847921e-02,-2.14886138100694353e-02,-1.83728882111590071e-05,-1.83728674590684332e-05,-1.83728674590684332e-05,-3.67457556702274437e-05,-3.67457349181368663e-05
6.82900000000000063e+00,6.82900000000000063e+00,1.46434324205593769e-01,-2.14430354739576501e-02,-2.14430113055489452e-02,-1.82949901050968220e-05,-1.82949694848446833e-05,-1.82949694848446833e-05,-3.65899595899415086e-05,-3.65899389696893666e-05
6.83625000000000060e+00,6.83625000000000060e+00,1.46279027244468812e-01,-2.13975778776340775e-02,-2.13975538115880499e-02,-1.82175044062103544e-05,-1.82174839168212283e-05,-1.82174839168212283e-05,-3.64349883230315793e-05,-3.64349678336424565e-05
6.84350000000000058e+00,6.84350000000000058e+00,1.46124059326368072e-01,-2.13522646782422498e-02,-2.13522407140159347e-02,-1.81404284972403036e-05,-1.81404081377449301e-05,-1.81404081377449301e-05,-3.62808366349852337e-05,-3.62808162754898602e-05
6.85075000000000056e+00,6.85075000000000056e+00,1.45969419406634299e-01,-2.13070952648557466e-02,-2.13070714019099050e-02,-1.80637597802828065e-05,-1.80637395497203589e-05,-1.80637395497203555e-05,-3.61274993300031620e-05,-3.61274790994407178e-05
6.85800000000000054e+00,6.85800000000000054e+00,1.45815106445027681e-01,-2.12620690297722348e-02,-2.12620452675747543e-02,-1.79874956766254154e-05,-1.79874755740463190e-05,-1.79874755740463156e-05,-3.59749712506717310e-05,-3.59749511480926380e-05
6.86525000000000052e+00,6.86525000000000052e+00,1.45661119405702616e-01,-2.12171853685010348e-02,-2.12171617065223563e-02,-1.79116336265919959e-05,-1.79116136510539774e-05,-1.79116136510539808e-05,-3.58232472776459767e-05,-3.58232273021079616e-05
6.87250000000000050e+00,6.87250000000000050e+00,1.45507457257184419e-01,-2.11724436797400273e-02,-2.11724201174513516e-02,-1.78361710893799409e-05,-1.78361512399464766e-05,-1.78361512399464766e-05,-3.56723223293264175e-05,-3.56723024798929531e-05
6.87975000000000048e+00,6.87975000000000048e+00,1.45354118972346374e-01,-2.11278433653525610e-02,-2.11278199022270248e-02,-1.77611055428988172e-05,-1.77610858186400851e-05,-1.77610858186400817e-05,-3.55221913615388956e-05,-3.55221716372801702e-05
6.88700000000000045e+00,6.88700000000000045e+00,1.45201103528386805e-01,-2.10833838303425836e-02,-2.10833604658613033e-02,-1.76864344836089417e-05,-1.76864148836068395e-05,-1.76864148836068395e-05,-3.53728493672157812e-05,-3.53728297672136789e-05
6.89425000000000043e+00,6.89425000000000043e+00,1.45048409906806397e-01,-2.10390644828475359e-02,-2.10390412164929291e-02,-1.76121554263762474e-05,-1.76121359497187237e-05,-1.76121359497187237e-05,-3.52242913760949711e-05,-3.52242718994374475e-05
6.90150000000000041e+00,6.90150000000000041e+00,1.44896037093385499e-01,-2.09948847341152600e-02,-2.09948615653677458e-02,-1.75382659043149856e-05,-1.75382465500932420e-05,-1.75382465500932454e-05,-3.50765124544082275e-05,-3.50764931001864839e-05
6.90875000000000039e+00,6.90875000000000039e+00,1.44743984078161747e-01,-2.09508439984666950e-02,-2.09508209268191407e-02,-1.74647634686199732e-05,-1.74647442359404949e-05,-1.74647442359404949e-05,-3.49295077045604714e-05,-3.49294884718809898e-05
6.91600000000000037e+00,6.91600000000000037e+00,1.44592249855407751e-01,-2.09069416933029828e-02,-2.09069187182486620e-02,-1.73916456884372911e-05,-1.73916265764117100e-05,-1.73916265764117100e-05,-3.47832722648490011e-05,-3.47832531528234200e-05
6.92325000000000035e+00,6.92325000000000035e+00,1.44440833423608833e-01,-2.08631772390752701e-02,-2.08631543601067171e-02,-1.73189101507050119e-05,-1.73188911584491272e-05,-1.73188911584491272e-05,-3.46378013091541356e-05,-3.46377823168982543e-05
6.93050000000000033e+00,6.93050000000000033e+00,1.44289733785441160e-01,-2.08195500592562865e-02,-2.08195272758734812e-02,-1.72465544599968708e-05,-1.72465355866373983e-05,-1.72465355866373949e-05,-3.44930900466342623e-05,-3.44930711732747898e-05
6.93775000000000031e+00,6.93775000000000031e+00,1.44138949947749617e-01,-2.07760595803367920e-02,-2.07760368920398703e-02,-1.71745762383878050e-05,-1.71745574830562785e-05,-1.71745574830562818e-05,-3.43491337214440868e-05,-3.43491149661125637e-05
6.94500000000000028e+00,6.94500000000000028e+00,1.43988480921526274e-01,-2.07327052317953786e-02,-2.07326826380887369e-02,-1.71029731252986615e-05,-1.71029544871347970e-05,-1.71029544871347936e-05,-3.42059276124334551e-05,-3.42059089742695940e-05
6.95225000000000026e+00,6.95225000000000026e+00,1.43838325721888594e-01,-2.06894864460860362e-02,-2.06894639464761179e-02,-1.70317427773568876e-05,-1.70317242555066827e-05,-1.70317242555066861e-05,-3.40634670328635703e-05,-3.40634485110133655e-05
6.95950000000000024e+00,6.95950000000000024e+00,1.43688483368058034e-01,-2.06464026586132832e-02,-2.06463802526126936e-02,-1.69608828682481745e-05,-1.69608644618672764e-05,-1.69608644618672731e-05,-3.39217473301154510e-05,-3.39217289237345529e-05
6.96675000000000022e+00,6.96675000000000022e+00,1.43538952883338705e-01,-2.06034533077197324e-02,-2.06034309948453301e-02,-1.68903910885795941e-05,-1.68903727968316391e-05,-1.68903727968316357e-05,-3.37807638854112298e-05,-3.37807455936632714e-05
6.97400000000000020e+00,6.97400000000000020e+00,1.43389733295096078e-01,-2.05606378346772090e-02,-2.05606156144387819e-02,-1.68202651457468076e-05,-1.68202469677941139e-05,-1.68202469677941139e-05,-3.36405121135409214e-05,-3.36404939355882277e-05
6.98125000000000018e+00,6.98125000000000018e+00,1.43240823634735892e-01,-2.05179556836387889e-02,-2.05179335555575118e-02,-1.67505027637704526e-05,-1.67504846987891113e-05,-1.67504846987891147e-05,-3.35009874625595707e-05,-3.35009693975782294e-05
6.98850000000000016e+00,6.98850000000000016e+00,1.43092222937683339e-01,-2.04754063016441279e-02,-2.04753842652476703e-02,-1.66811016831774641e-05,-1.66810837303532495e-05,-1.66810837303532461e-05,-3.33621854135307102e-05,-3.33621674607064990e-05
6.99575000000000014e+00,6.99575000000000014e+00,1.42943930243362050e-01,-2.04329891386088036e-02,-2.04329671934191555e-02,-1.66120596608702852e-05,-1.66120418193886870e-05,-1.66120418193886904e-05,-3.32241014802589756e-05,-3.32240836387773741e-05
7.00300000000000011e+00,7.00300000000000011e+00,1.42795944595173502e-01,-2.03907036472834591e-02,-2.03906817928278597e-02,-1.65433744699727821e-05,-1.65433567390278824e-05,-1.65433567390278858e-05,-3.30867312090006712e-05,-3.30867134780557715e-05
7.01025000000000009e+00,7.01025000000000009e+00,1.42648265040476452e-01,-2.03485492832449211e-02,-2.03485275190580135e-02,-1.64750438997032871e-05,-1.64750262784994509e-05,-1.64750262784994509e-05,-3.29500701782027414e-05,-3.29500525569989018e-05
7.01750000000000007e+00,7.01750000000000007e+00,1.42500890630566451e-01,-2.03065255048908710e-02,-2.03065038305046582e-02,-1.64070657552516912e-05,-1.64070482429953604e-05,-1.64070482429953604e-05,-3.28141139982470549e-05,-3.28140964859907207e-05
7.02475000000000005e+00,7.02475000000000005e+00,1.42353820420655530e-01,-2.02646317734025416e-02,-2.02646101883562461e-02,-1.63394378576316699e-05,-1.63394204535393289e-05,-1.63394204535393323e-05,-3.26788583111709989e-05,-3.26788409070786579e-05
7.03200000000000003e+00,7.03200000000000003e+00,1.42207053469852102e-01,-2.02228675527429402e-02,-2.02228460565773739e-02,-1.62721580435628993e-05,-1.62721407468564602e-05,-1.62721407468564602e-05,-3.25442987904193596e-05,-3.25442814937129205e-05
7.03925000000000001e+00,7.03925000000000001e+00,1.42060588841140756e-01,-2.01812323096355328e-02,-2.01812109018916427e-02,-1.62052241653384504e-05,-1.62052069752440436e-05,-1.62052069752440470e-05,-3.24104311405825008e-05,-3.24104139504880872e-05
7.04649999999999999e+00,7.04649999999999999e+00,1.41914425601362387e-01,-2.01397255135411513e-02,-2.01397041937646203e-02,-1.61386340906919511e-05,-1.61386170064436013e-05,-1.61386170064435979e-05,-3.22772510971355457e-05,-3.22772340128871959e-05
7.05374999999999996e+00,7.05374999999999996e+00,1.41768562821194405e-01,-2.00983466366491115e-02,-2.00983254043869443e-02,-1.60723857026772465e-05,-1.60723687235140810e-05,-1.60723687235140844e-05,-3.21447544261913276e-05,-3.21447374470281620e-05
7.06099999999999994e+00,7.06099999999999994e+00,1.41622999575130998e-01,-2.00570951538487918e-02,-2.00570740086575550e-02,-1.60064768995334462e-05,-1.60064600247062372e-05,-1.60064600247062372e-05,-3.20129369242396801e-05,-3.20129200494124745e-05
7.06824999999999992e+00,7.06824999999999992e+00,1.41477734941463595e-01,-2.00159705427349621e-02,-2.00159494841670275e-02,-1.59409055945780321e-05,-1.59408888233381516e-05,-1.59408888233381550e-05,-3.18817944179161905e-05,-3.18817776466763031e-05
7.07549999999999990e+00,7.07549999999999990e+00,1.41332768002261328e-01,-1.99749722835704802e-02,-1.99749513111810231e-02,-1.58756697160669386e-05,-1.58756530476719351e-05,-1.58756530476719351e-05,-3.17513227637388737e-05,-3.17513060953438701e-05
7.08274999999999988e+00,7.08274999999999988e+00,1.41188097843351817e-01,-1.99340998592774099e-02,-1.99340789726238851e-02,-1.58107672070783705e-05,-1.58107506407915082e-05,-1.58107506407915082e-05,-3.16215178478698787e-05,-3.16215012815830164e-05
7.09000000000000075e+00,7.09000000000000075e+00,1.41043723554301809e-01,-1.98933527554139289e-02,-1.98933319540623120e-02,-1.57461960253863914e-05,-1.57461795604815464e-05,-1.57461795604815464e-05,-3.14923755858679378e-05,-3.14923591209630927e-05
7.09725000000000072e+00,7.09725000000000072e+00,1.40899644228398319e-01,-1.98527304601743282e-02,-1.98527097436892175e-02,-1.56819541433538016e-05,-1.56819377791075771e-05,-1.56819377791075771e-05,-3.13638919224613753e-05,-3.13638755582151542e-05
7.10450000000000070e+00,7.10450000000000070e+00,1.40755858962629293e-01,-1.98122324643588144e-02,-1.98122118323075906e-02,-1.56180395478020536e-05,-1.56180232834970331e-05,-1.56180232834970331e-05,-3.12360628312990867e-05,-3.12360465669940662e-05
7.11175000000000068e+00,7.11175000000000068e+00,1.40612366857665122e-01,-1.97718582613592986e-02,-1.97718377133145988e-02,-1.55544502398949042e-05,-1.55544340748215655e-05,-1.55544340748215722e-05,-3.11088843147164798e-05,-3.11088681496431377e-05
7.11900000000000066e+00,7.11900000000000066e+00,1.40469167017839569e-01,-1.97316073471558440e-02,-1.97315868826857081e-02,-1.54911842350313933e-05,-1.54911681684803259e-05,-1.54911681684803259e-05,-3.09823524035117225e-05,-3.09823363369606517e-05
7.12625000000000064e+00,7.12625000000000064e+00,1.40326258551131372e-01,-1.96914792202775857e-02,-1.96914588389589702e-02,-1.54282395627118635e-05,-1.54282235939843398e-05,-1.54282235939843398e-05,-3.08564631566962000e-05,-3.08564471879686796e-05
7.13350000000000062e+00,7.13350000000000062e+00,1.40183640569145562e-01,-1.96514733818062837e-02,-1.96514530832193959e-02,-1.53656142664384715e-05,-1.53655983948419675e-05,-1.53655983948419641e-05,-3.07312126612804322e-05,-3.07311967896839282e-05
7.14075000000000060e+00,7.14075000000000060e+00,1.40041312187095174e-01,-1.96115893353567827e-02,-1.96115691190834537e-02,-1.53033064035985001e-05,-1.53032906284453572e-05,-1.53032906284453606e-05,-3.06065970320438640e-05,-3.06065812568907212e-05
7.14800000000000058e+00,7.14800000000000058e+00,1.39899272523782869e-01,-1.95718265870645780e-02,-1.95718064526836689e-02,-1.52413140453541514e-05,-1.52412983659579951e-05,-1.52412983659579951e-05,-3.04826124113121464e-05,-3.04825967319159902e-05
7.15525000000000055e+00,7.15525000000000055e+00,1.39757520701582733e-01,-1.95321846455538406e-02,-1.95321645926533269e-02,-1.51796352765180970e-05,-1.51796196922032051e-05,-1.51796196922032068e-05,-3.03592549687213054e-05,-3.03592393844064135e-05
7.16250000000000053e+00,7.16250000000000053e+00,1.39616055846422338e-01,-1.94926630219445229e-02,-1.94926430501113183e-02,-1.51182681954603977e-05,-1.51182527055537381e-05,-1.51182527055537364e-05,-3.02365209010141357e-05,-3.02365054111074761e-05
7.16975000000000051e+00,7.16975000000000051e+00,1.39474877087764543e-01,-1.94532612298221608e-02,-1.94532413386470301e-02,-1.50572109139872827e-05,-1.50571955178223048e-05,-1.50571955178223048e-05,-3.01144064318095875e-05,-3.01143910356446097e-05
7.17700000000000049e+00,7.17700000000000049e+00,1.39333983558589919e-01,-1.94139787852254386e-02,-1.94139589743054092e-02,-1.49964615572346998e-05,-1.49964462541531456e-05,-1.49964462541531440e-05,-2.99929078113878438e-05,-2.99928925083062879e-05
7.18425000000000047e+00,7.18425000000000047e+00,1.39193374395378766e-01,-1.93748152066461898e-02,-1.93747954755720854e-02,-1.49360182635723043e-05,-1.49360030529145485e-05,-1.49360030529145485e-05,-2.98720213164868528e-05,-2.98720061058290971e-05
7.19150000000000045e+00,7.19150000000000045e+00,1.39053048738093571e-01,-1.93357700149867640e-02,-1.93357503633586267e-02,-1.48758791844754498e-05,-1.48758640655923790e-05,-1.48758640655923773e-05,-2.97517432500678288e-05,-2.97517281311847546e-05
7.19875000000000043e+00,7.19875000000000043e+00,1.38913005730161465e-01,-1.92968427335689086e-02,-1.92968231609878735e-02,-1.48160424844378242e-05,-1.48160274566845210e-05,-1.48160274566845227e-05,-2.96320699411223485e-05,-2.96320549133690419e-05
7.20600000000000041e+00,7.20600000000000041e+00,1.38773244518456823e-01,-1.92580328881089002e-02,-1.92580133941794088e-02,-1.47565063408589242e-05,-1.47564914035963378e-05,-1.47564914035963395e-05,-2.95129977444552637e-05,-2.95129828071926756e-05
7.21325000000000038e+00,7.21325000000000038e+00,1.38633764253283887e-01,-1.92193400067086628e-02,-1.92193205910350939e-02,-1.46972689439446835e-05,-1.46972540965370174e-05,-1.46972540965370157e-05,-2.93945230404816976e-05,-2.93945081930740314e-05
7.22050000000000036e+00,7.22050000000000036e+00,1.38494564088359529e-01,-1.91807636198380038e-02,-1.91807442820247226e-02,-1.46383284966021559e-05,-1.46383137384168814e-05,-1.46383137384168831e-05,-2.92766422350190407e-05,-2.92766274768337662e-05
7.22775000000000034e+00,7.22775000000000034e+00,1.38355643180796239e-01,-1.91423032603132981e-02,-1.91422839999718063e-02,-1.45796832143323467e-05,-1.45796685447456344e-05,-1.45796685447456378e-05,-2.91593517590779845e-05,-2.91593370894912722e-05
7.23500000000000032e+00,7.23500000000000032e+00,1.38217000691085001e-01,-1.91039584632939352e-02,-1.91039392800393913e-02,-1.45213313251374821e-05,-1.45213167435314942e-05,-1.45213167435314925e-05,-2.90426480686689746e-05,-2.90426334870629883e-05
7.24225000000000030e+00,7.24225000000000030e+00,1.38078635783078468e-01,-1.90657287662716612e-02,-1.90657096597160354e-02,-1.44632710694235894e-05,-1.44632565751812437e-05,-1.44632565751812437e-05,-2.89265276446048347e-05,-2.89265131503624873e-05
7.24950000000000028e+00,7.24950000000000028e+00,1.37940547623974064e-01,-1.90276137090421571e-02,-1.90275946788018568e-02,-1.44055006998904540e-05,-1.44054862924012042e-05,-1.44054862924012058e-05,-2.88109869922916582e-05,-2.88109725848024117e-05
7.25675000000000026e+00,7.25675000000000026e+00,1.37802735384297381e-01,-1.89896128336961567e-02,-1.89895938793946846e-02,-1.43480184814372724e-05,-1.43480041600990643e-05,-1.43480041600990643e-05,-2.86960226415363350e-05,-2.86960083201981285e-05
7.26400000000000023e+00,7.26400000000000023e+00,1.37665198237885450e-01,-1.89517256846194471e-02,-1.89517068058763019e-02,-1.42908226910757475e-05,-1.42908084552865948e-05,-1.42908084552865965e-05,-2.85816311463623423e-05,-2.85816169105731929e-05
7.27125000000000021e+00,7.27125000000000021e+00,1.37527935361870385e-01,-1.89139518084626701e-02,-1.89139330048987975e-02,-1.42339116178211793e-05,-1.42338974669832699e-05,-1.42338974669832699e-05,-2.84678090848044474e-05,-2.84677949339665397e-05
7.27850000000000019e+00,7.27850000000000019e+00,1.37390945936662762e-01,-1.88762907541271119e-02,-1.88762720253709895e-02,-1.41772835625964519e-05,-1.41772694961206930e-05,-1.41772694961206930e-05,-2.83545530587171431e-05,-2.83545389922413859e-05
7.28575000000000017e+00,7.28575000000000017e+00,1.37254229145935547e-01,-1.88387420727629262e-02,-1.88387234184449852e-02,-1.41209368381461629e-05,-1.41209228554479358e-05,-1.41209228554479375e-05,-2.82418596935941004e-05,-2.82418457108958749e-05
7.29300000000000015e+00,7.29300000000000015e+00,1.37117784176607693e-01,-1.88013053177531475e-02,-1.88012867375027676e-02,-1.40648697689407955e-05,-1.40648558694376786e-05,-1.40648558694376786e-05,-2.81297256383784741e-05,-2.81297117388753571e-05
7.30025000000000013e+00,7.30025000000000013e+00,1.36981610218828126e-01,-1.87639800446941507e-02,-1.87639615381429564e-02,-1.40090806910789907e-05,-1.40090668741932143e-05,-1.40090668741932143e-05,-2.80181475652722050e-05,-2.80181337483864286e-05
7.30750000000000011e+00,7.30750000000000011e+00,1.36845706465959616e-01,-1.87267658113849933e-02,-1.87267473781675825e-02,-1.39535679521973065e-05,-1.39535542173562612e-05,-1.39535542173562629e-05,-2.79071221695535693e-05,-2.79071084347125257e-05
7.31475000000000009e+00,7.31475000000000009e+00,1.36710072114563042e-01,-1.86896621778149807e-02,-1.86896438175690287e-02,-1.38983299113793617e-05,-1.38983162580156420e-05,-1.38983162580156403e-05,-2.77966461693950020e-05,-2.77966325160312807e-05
7.32200000000000006e+00,7.32200000000000006e+00,1.36574706364381321e-01,-1.86526687061530083e-02,-1.86526504185169778e-02,-1.38433649390670074e-05,-1.38433513666166826e-05,-1.38433513666166843e-05,-2.76867163056836917e-05,-2.76867027332333652e-05
7.32925000000000004e+00,7.32925000000000004e+00,1.36439608418323838e-01,-1.86157849607280212e-02,-1.86157667453455446e-02,-1.37886714169657136e-05,-1.37886579248715461e-05,-1.37886579248715461e-05,-2.75773293418372597e-05,-2.75773158497430923e-05
7.33650000000000002e+00,7.33650000000000002e+00,1.36304777482450762e-01,-1.85790105080254619e-02,-1.85789923645404143e-02,-1.37342477379624746e-05,-1.37342343256702339e-05,-1.37342343256702373e-05,-2.74684820636327136e-05,-2.74684686513404712e-05
7.34375000000000000e+00,7.34375000000000000e+00,1.36170212765957449e-01,-1.85423449166695065e-02,-1.85423268447261202e-02,-1.36800923060339435e-05,-1.36800789729924753e-05,-1.36800789729924753e-05,-2.73601712790264189e-05,-2.73601579459849507e-05
7.35099999999999998e+00,7.35099999999999998e+00,1.36035913481159038e-01,-1.85057877574106300e-02,-1.85057697566533841e-02,-1.36262035361592009e-05,-1.36261902818203293e-05,-1.36261902818203326e-05,-2.72523938179795318e-05,-2.72523805636406619e-05
7.35824999999999996e+00,7.35824999999999996e+00,1.35901878843475016e-01,-1.84693386031042905e-02,-1.84693206731865629e-02,-1.35725798542267510e-05,-1.35725666780516122e-05,-1.35725666780516088e-05,-2.71451465322783615e-05,-2.71451333561032209e-05
7.36549999999999994e+00,7.36549999999999994e+00,1.35768108071414040e-01,-1.84329970287162581e-02,-1.84329791692911596e-02,-1.35192196969617851e-05,-1.35192065984140463e-05,-1.35192065984140463e-05,-2.70384262953758314e-05,-2.70384131968280926e-05
7.37274999999999991e+00,7.37274999999999991e+00,1.35634600386558613e-01,-1.83967626113030747e-02,-1.83967448220214470e-02,-1.34661215118358389e-05,-1.34661084903802126e-05,-1.34661084903802109e-05,-2.69322300022160498e-05,-2.69322169807604251e-05
7.37999999999999989e+00,7.37999999999999989e+00,1.35501355013550151e-01,-1.83606349299889615e-02,-1.83606172105081518e-02,-1.34132837569745520e-05,-1.34132708120832112e-05,-1.34132708120832078e-05,-2.68265545690577598e-05,-2.68265416241664190e-05
7.38725000000000076e+00,7.38725000000000076e+00,1.35368371180073749e-01,-1.83246135659693721e-02,-1.83245959159462242e-02,-1.33607049010856737e-05,-1.33606920322330820e-05,-1.33606920322330803e-05,-2.67213969333187540e-05,-2.67213840644661606e-05
7.39450000000000074e+00,7.39450000000000074e+00,1.35235648116843576e-01,-1.82886981024843465e-02,-1.82886805215827404e-02,-1.33083834233656099e-05,-1.33083706300340032e-05,-1.33083706300340015e-05,-2.66167540533996131e-05,-2.66167412600680064e-05
7.40175000000000072e+00,7.40175000000000072e+00,1.35103185057587727e-01,-1.82528881248273933e-02,-1.82528706127047941e-02,-1.32563178134325718e-05,-1.32563050951021276e-05,-1.32563050951021276e-05,-2.65126229085346994e-05,-2.65126101902042552e-05
7.40900000000000070e+00,7.40900000000000070e+00,1.34970981239033588e-01,-1.82171832203064099e-02,-1.82171657766275578e-02,-1.32045065712254333e-05,-1.32044939273842184e-05,-1.32044939273842184e-05,-2.64090004986096518e-05,-2.64089878547684369e-05
7.41625000000000068e+00,7.41625000000000068e+00,1.34839035900893300e-01,-1.81815829782490113e-02,-1.81815656026823903e-02,-1.31529482069356195e-05,-1.31529356370769829e-05,-1.31529356370769846e-05,-2.63058838440126058e-05,-2.63058712741539658e-05
7.42350000000000065e+00,7.42350000000000065e+00,1.34707348285848988e-01,-1.81460869899936483e-02,-1.81460696822050224e-02,-1.31016412409292321e-05,-1.31016287445470987e-05,-1.31016287445471004e-05,-2.62032699854763309e-05,-2.62032574890942008e-05
7.43075000000000063e+00,7.43075000000000063e+00,1.34575917639538384e-01,-1.81106948488647390e-02,-1.81106776085238202e-02,-1.30505842036582602e-05,-1.30505717802519387e-05,-1.30505717802519404e-05,-2.61011559839102023e-05,-2.61011435605038774e-05
7.43800000000000061e+00,7.43800000000000061e+00,1.34444743210540452e-01,-1.80754061501673391e-02,-1.80753889769481625e-02,-1.29997756355866087e-05,-1.29997632846610252e-05,-1.29997632846610269e-05,-2.59995389202476339e-05,-2.59995265693220538e-05
7.44525000000000059e+00,7.44525000000000059e+00,1.34313824250360953e-01,-1.80402204911818131e-02,-1.80402033847568491e-02,-1.29492140871166911e-05,-1.29492018081781253e-05,-1.29492018081781253e-05,-2.58984158952948147e-05,-2.58984036163562507e-05
7.45250000000000057e+00,7.45250000000000057e+00,1.34183160013418318e-01,-1.80051374711425183e-02,-1.80051204311866241e-02,-1.28988981185051548e-05,-1.28988859110640625e-05,-1.28988859110640608e-05,-2.57977840295692173e-05,-2.57977718221281250e-05
7.45975000000000055e+00,7.45975000000000055e+00,1.34052749757029382e-01,-1.79701566912324751e-02,-1.79701397174207404e-02,-1.28488262997907191e-05,-1.28488141633601715e-05,-1.28488141633601698e-05,-2.56976404631508889e-05,-2.56976283267203396e-05
7.46700000000000053e+00,7.46700000000000053e+00,1.33922592741395452e-01,-1.79352777545638276e-02,-1.79352608465776671e-02,-1.27989972107124551e-05,-1.27989851448124639e-05,-1.27989851448124673e-05,-2.55979823555249207e-05,-2.55979702896249312e-05
7.47425000000000050e+00,7.47425000000000050e+00,1.33792688229588230e-01,-1.79005002661742907e-02,-1.79004834236997992e-02,-1.27494094406401170e-05,-1.27493974447964201e-05,-1.27493974447964184e-05,-2.54988068854365371e-05,-2.54987948895928402e-05
7.48150000000000048e+00,7.48150000000000048e+00,1.33663035487535914e-01,-1.78658238330253738e-02,-1.78658070557422867e-02,-1.27000615885062561e-05,-1.27000496622424313e-05,-1.27000496622424296e-05,-2.54001112507486857e-05,-2.54000993244848626e-05
7.48875000000000046e+00,7.48875000000000046e+00,1.33533633784009342e-01,-1.78312480639721826e-02,-1.78312313515619214e-02,-1.26509522627187273e-05,-1.26509404055619185e-05,-1.26509404055619151e-05,-2.53018926682806441e-05,-2.53018808111238336e-05
7.49600000000000044e+00,7.49600000000000044e+00,1.33404482390608314e-01,-1.77967725697545376e-02,-1.77967559219061253e-02,-1.26020800810889927e-05,-1.26020682925740789e-05,-1.26020682925740772e-05,-2.52041483736630716e-05,-2.52041365851481578e-05
7.50325000000000042e+00,7.50325000000000042e+00,1.33275580581747904e-01,-1.77623969629987499e-02,-1.77623803794019798e-02,-1.25534436707685572e-05,-1.25534319504332701e-05,-1.25534319504332684e-05,-2.51068756212018273e-05,-2.51068639008665402e-05
7.51050000000000040e+00,7.51050000000000040e+00,1.33146927634644835e-01,-1.77281208582016347e-02,-1.77281043385453460e-02,-1.25050416681733280e-05,-1.25050300155570189e-05,-1.25050300155570206e-05,-2.50100716837303486e-05,-2.50100600311140378e-05
7.51775000000000038e+00,7.51775000000000038e+00,1.33018522829303987e-01,-1.76939438717145237e-02,-1.76939274156900639e-02,-1.24568727189085932e-05,-1.24568611335546639e-05,-1.24568611335546639e-05,-2.49137338524632571e-05,-2.49137222671093278e-05
7.52500000000000036e+00,7.52500000000000036e+00,1.32890365448504966e-01,-1.76598656217343830e-02,-1.76598492290372042e-02,-1.24089354776996024e-05,-1.24089239591565995e-05,-1.24089239591565978e-05,-2.48178594368561985e-05,-2.48178479183131957e-05
7.53225000000000033e+00,7.53225000000000033e+00,1.32762454777788835e-01,-1.76258857282984849e-02,-1.76258693986244240e-02,-1.23612286083251945e-05,-1.23612171561441636e-05,-1.23612171561441636e-05,-2.47224457644693581e-05,-2.47224343122883273e-05
7.53950000000000031e+00,7.53950000000000031e+00,1.32634790105444655e-01,-1.75920038132684198e-02,-1.75919875463153574e-02,-1.23137507835444470e-05,-1.23137393972800893e-05,-1.23137393972800893e-05,-2.46274901808245362e-05,-2.46274787945601785e-05
7.54675000000000029e+00,7.54675000000000029e+00,1.32507370722496437e-01,-1.75582195003229913e-02,-1.75582032957891064e-02,-1.22665006850301731e-05,-1.22664893642395885e-05,-1.22664893642395902e-05,-2.45329900492697616e-05,-2.45329787284791770e-05
7.55400000000000027e+00,7.55400000000000027e+00,1.32380195922689958e-01,-1.75245324149457815e-02,-1.75245162725297804e-02,-1.22194770032991790e-05,-1.22194657475420240e-05,-1.22194657475420223e-05,-2.44389427508412013e-05,-2.44389314950840480e-05
7.56125000000000025e+00,7.56125000000000025e+00,1.32253265002479747e-01,-1.74909421844091639e-02,-1.74909261038161332e-02,-1.21726784376406135e-05,-1.21726672464831564e-05,-1.21726672464831581e-05,-2.43453456841237733e-05,-2.43453344929663162e-05
7.56850000000000023e+00,7.56850000000000023e+00,1.32126577261016037e-01,-1.74574484377743033e-02,-1.74574324187112412e-02,-1.21261036960560216e-05,-1.21260925690679916e-05,-1.21260925690679916e-05,-2.42521962651240132e-05,-2.42521851381359833e-05
7.57575000000000021e+00,7.57575000000000021e+00,1.32000132000131998e-01,-1.74240508058822741e-02,-1.74240348480522722e-02,-1.20797514951936689e-05,-1.20797404319441990e-05,-1.20797404319441990e-05,-2.41594919271378696e-05,-2.41594808638883980e-05
7.58300000000000018e+00,7.58300000000000018e+00,1.31873928524330747e-01,-1.73907489213327437e-02,-1.73907330244402920e-02,-1.20336205602747804e-05,-1.20336095603360936e-05,-1.20336095603360936e-05,-2.40672301206108723e-05,-2.40672191206721872e-05
7.59025000000000016e+00,7.59025000000000016e+00,1.31747966140772693e-01,-1.73575424184715388e-02,-1.73575265822301893e-02,-1.19877096250265232e-05,-1.19876986879791993e-05,-1.19876986879791993e-05,-2.39754083130057209e-05,-2.39753973759583987e-05
7.59750000000000014e+00,7.59750000000000014e+00,1.31622244159262908e-01,-1.73244309333977498e-02,-1.73244151575206208e-02,-1.19420174316289893e-05,-1.19420065570553665e-05,-1.19420065570553648e-05,-2.38840239886843541e-05,-2.38840131141107329e-05
7.60475000000000012e+00,7.60475000000000012e+00,1.31496761892238412e-01,-1.72914141039477443e-02,-1.72913983881440442e-02,-1.18965427306466734e-05,-1.18965319181284410e-05,-1.18965319181284410e-05,-2.37930746487751144e-05,-2.37930638362568820e-05
7.61200000000000010e+00,7.61200000000000010e+00,1.31371518654755659e-01,-1.72584915696756269e-02,-1.72584759136568122e-02,-1.18512842809580477e-05,-1.18512735300804900e-05,-1.18512735300804900e-05,-2.37025578110385377e-05,-2.37025470601609800e-05
7.61925000000000008e+00,7.61925000000000008e+00,1.31246513764478129e-01,-1.72256629718425813e-02,-1.72256473753293476e-02,-1.18062408496918108e-05,-1.18062301600485755e-05,-1.18062301600485755e-05,-2.36124710097403863e-05,-2.36124603200971510e-05
7.62650000000000006e+00,7.62650000000000006e+00,1.31121746541663947e-01,-1.71929279534275281e-02,-1.71929124161363592e-02,-1.17614112121782303e-05,-1.17614005833620641e-05,-1.17614005833620641e-05,-2.35228117955402944e-05,-2.35228011667241282e-05
7.63375000000000004e+00,7.63375000000000004e+00,1.30997216309153425e-01,-1.71602861590987033e-02,-1.71602706807471340e-02,-1.17167941518741065e-05,-1.17167835834804630e-05,-1.17167835834804613e-05,-2.34335777353545695e-05,-2.34335671669609226e-05
7.64100000000000001e+00,7.64100000000000001e+00,1.30872922392357011e-01,-1.71277372352030000e-02,-1.71277218155159033e-02,-1.16723884603004929e-05,-1.16723779519318019e-05,-1.16723779519318002e-05,-2.33447664122322948e-05,-2.33447559038636038e-05
7.64824999999999999e+00,7.64824999999999999e+00,1.30748864119242969e-01,-1.70952808297766268e-02,-1.70952654684722594e-02,-1.16281929369954167e-05,-1.16281824882515382e-05,-1.16281824882515382e-05,-2.32563754252469566e-05,-2.32563649765030764e-05
7.65549999999999997e+00,7.65549999999999997e+00,1.30625040820325250e-01,-1.70629165925095805e-02,-1.70629012893116390e-02,-1.15842063894355250e-05,-1.15841959999219619e-05,-1.15841959999219602e-05,-2.31684023893574835e-05,-2.31683919998439204e-05
7.66274999999999995e+00,7.66274999999999995e+00,1.30501451828651582e-01,-1.70306441747491988e-02,-1.70306289293858694e-02,-1.15404276329849256e-05,-1.15404173023121443e-05,-1.15404173023121443e-05,-2.30808449352970716e-05,-2.30808346046242886e-05
7.66999999999999993e+00,7.66999999999999993e+00,1.30378096479791400e-01,-1.69984632294948312e-02,-1.69984480416937936e-02,-1.14968554908383696e-05,-1.14968452186183816e-05,-1.14968452186183816e-05,-2.29937007094567512e-05,-2.29936904372367632e-05
7.67724999999999991e+00,7.67724999999999991e+00,1.30254974111823907e-01,-1.69663734113871811e-02,-1.69663582808719134e-02,-1.14534887939612681e-05,-1.14534785798051328e-05,-1.14534785798051362e-05,-2.29069673737664059e-05,-2.29069571596102690e-05
7.68450000000000077e+00,7.68450000000000077e+00,1.30132084065326281e-01,-1.69343743766816601e-02,-1.69343593031851467e-02,-1.14103263810194171e-05,-1.14103162245464881e-05,-1.14103162245464898e-05,-2.28206426055659086e-05,-2.28206324490929762e-05
7.69175000000000075e+00,7.69175000000000075e+00,1.30009425683362018e-01,-1.69024657832590464e-02,-1.69024507665176335e-02,-1.13673670983343829e-05,-1.13673569991681167e-05,-1.13673569991681167e-05,-2.27347240975025013e-05,-2.27347139983362335e-05
7.69900000000000073e+00,7.69900000000000073e+00,1.29886998311469021e-01,-1.68706472906219318e-02,-1.68706323303635559e-02,-1.13246097998296591e-05,-1.13245997575896838e-05,-1.13245997575896838e-05,-2.26492095574193429e-05,-2.26491995151793677e-05
7.70625000000000071e+00,7.70625000000000071e+00,1.29764801297648003e-01,-1.68389185598609714e-02,-1.68389036558180688e-02,-1.12820533469569870e-05,-1.12820433612677909e-05,-1.12820433612677909e-05,-2.25640967082247780e-05,-2.25640867225355819e-05
7.71350000000000069e+00,7.71350000000000069e+00,1.29642833992351048e-01,-1.68072792536531068e-02,-1.68072644055682931e-02,-1.12396966086446968e-05,-1.12396866791393909e-05,-1.12396866791393909e-05,-2.24793832877840860e-05,-2.24793733582787818e-05
7.72075000000000067e+00,7.72075000000000067e+00,1.29521095748470011e-01,-1.67757290362775535e-02,-1.67757142438843369e-02,-1.11975384612582828e-05,-1.11975285875656634e-05,-1.11975285875656651e-05,-2.23950670488239496e-05,-2.23950571751313268e-05
7.72800000000000065e+00,7.72800000000000065e+00,1.29399585921325028e-01,-1.67442675735713919e-02,-1.67442528366103793e-02,-1.11555777885209861e-05,-1.11555679702763716e-05,-1.11555679702763733e-05,-2.23111457587973594e-05,-2.23111359405527433e-05
7.73525000000000063e+00,7.73525000000000063e+00,1.29278303868653244e-01,-1.67128945329420020e-02,-1.67128798511558437e-02,-1.11138134814728709e-05,-1.11138037183146934e-05,-1.11138037183146934e-05,-2.22276171997875643e-05,-2.22276074366293869e-05
7.74250000000000060e+00,7.74250000000000060e+00,1.29157248950597353e-01,-1.66816095833617339e-02,-1.66815949564865784e-02,-1.10722444384183912e-05,-1.10722347299825063e-05,-1.10722347299825063e-05,-2.21444791684008975e-05,-2.21444694599650125e-05
7.74975000000000058e+00,7.74975000000000058e+00,1.29036420529694495e-01,-1.66504123953341576e-02,-1.66503978231161628e-02,-1.10308695648555031e-05,-1.10308599107861518e-05,-1.10308599107861501e-05,-2.20617294756416532e-05,-2.20617198215723002e-05
7.75700000000000056e+00,7.75700000000000056e+00,1.28915817970865015e-01,-1.66193026409118261e-02,-1.66192881230972020e-02,-1.09896877734394623e-05,-1.09896781733826288e-05,-1.09896781733826322e-05,-2.19793659468220945e-05,-2.19793563467652611e-05
7.76425000000000054e+00,7.76425000000000054e+00,1.28795440641401276e-01,-1.65882799936767356e-02,-1.65882655300127191e-02,-1.09486979839222222e-05,-1.09486884375262660e-05,-1.09486884375262660e-05,-2.18973864214484865e-05,-2.18973768750525320e-05
7.77150000000000052e+00,7.77150000000000052e+00,1.28675287910956698e-01,-1.65573441287349965e-02,-1.65573297189675998e-02,-1.09078991231016546e-05,-1.09078896300158108e-05,-1.09078896300158091e-05,-2.18157887531174637e-05,-2.18157792600316182e-05
7.77875000000000050e+00,7.77875000000000050e+00,1.28555359151534626e-01,-1.65264947227026227e-02,-1.65264803665800576e-02,-1.08672901247653471e-05,-1.08672806846419814e-05,-1.08672806846419831e-05,-2.17345708094073285e-05,-2.17345613692839629e-05
7.78600000000000048e+00,7.78600000000000048e+00,1.28435653737477506e-01,-1.64957314536966493e-02,-1.64957171509732201e-02,-1.08268699296383343e-05,-1.08268605421354743e-05,-1.08268605421354760e-05,-2.16537304717738120e-05,-2.16537210842709520e-05
7.79325000000000045e+00,7.79325000000000045e+00,1.28316171045456007e-01,-1.64650540013422386e-02,-1.64650397517667225e-02,-1.07866374853416801e-05,-1.07866281501153642e-05,-1.07866281501153642e-05,-2.15732656354570426e-05,-2.15732563002307285e-05
7.80050000000000043e+00,7.80050000000000043e+00,1.28196910454458052e-01,-1.64344620467442581e-02,-1.64344478500683330e-02,-1.07465917463281516e-05,-1.07465824630379591e-05,-1.07465824630379591e-05,-2.14931742093661091e-05,-2.14931649260759182e-05
7.80775000000000041e+00,7.80775000000000041e+00,1.28077871345778221e-01,-1.64039552724837279e-02,-1.64039411284657190e-02,-1.07067316738346183e-05,-1.07067224421460965e-05,-1.07067224421460965e-05,-2.14134541159807131e-05,-2.14134448842921929e-05
7.81500000000000039e+00,7.81500000000000039e+00,1.27959053103007037e-01,-1.63735333626231494e-02,-1.63735192710181728e-02,-1.06670562358406383e-05,-1.06670470554188313e-05,-1.06670470554188313e-05,-2.13341032912594697e-05,-2.13340941108376627e-05
7.82225000000000037e+00,7.82225000000000037e+00,1.27840455112020190e-01,-1.63431960026834133e-02,-1.63431819632484480e-02,-1.06275644070088005e-05,-1.06275552775215631e-05,-1.06275552775215648e-05,-2.12551196845303653e-05,-2.12551105550431261e-05
7.82950000000000035e+00,7.82950000000000035e+00,1.27722076760968140e-01,-1.63129428796402465e-02,-1.63129288921346378e-02,-1.05882551686382782e-05,-1.05882460897565803e-05,-1.05882460897565786e-05,-2.11765012583948568e-05,-2.11764921795131573e-05
7.83675000000000033e+00,7.83675000000000033e+00,1.27603917440265419e-01,-1.62827736819188829e-02,-1.62827597461020733e-02,-1.05491275086175444e-05,-1.05491184800139824e-05,-1.05491184800139824e-05,-2.10982459886315268e-05,-2.10982369600279649e-05
7.84400000000000031e+00,7.84400000000000031e+00,1.27485976542580315e-01,-1.62526880993816292e-02,-1.62526742150153371e-02,-1.05101804213728772e-05,-1.05101714427230766e-05,-1.05101714427230766e-05,-2.10203518640959538e-05,-2.10203428854461532e-05
7.85125000000000028e+00,7.85125000000000028e+00,1.27368253462824377e-01,-1.62226858233225357e-02,-1.62226719901702766e-02,-1.04714129078218207e-05,-1.04714039788041037e-05,-1.04714039788041037e-05,-2.09428168866259261e-05,-2.09428079576082074e-05
7.85850000000000026e+00,7.85850000000000026e+00,1.27250747598142144e-01,-1.61927665464602910e-02,-1.61927527642860766e-02,-1.04328239753258812e-05,-1.04328150956204183e-05,-1.04328150956204166e-05,-2.08656390709462995e-05,-2.08656301912408366e-05
7.86575000000000024e+00,7.86575000000000024e+00,1.27133458347900713e-01,-1.61629299629293399e-02,-1.61629162314974040e-02,-1.03944126376424092e-05,-1.03944038069310226e-05,-1.03944038069310226e-05,-2.07888164445734318e-05,-2.07888076138620452e-05
7.87300000000000022e+00,7.87300000000000022e+00,1.27016385113679658e-01,-1.61331757682692256e-02,-1.61331620873465843e-02,-1.03561779148757323e-05,-1.03561691328435426e-05,-1.03561691328435409e-05,-2.07123470477192716e-05,-2.07123382656870819e-05
7.88025000000000020e+00,7.88025000000000020e+00,1.26899527299260795e-01,-1.61035036594192604e-02,-1.61034900287758374e-02,-1.03181188334320643e-05,-1.03181100997675413e-05,-1.03181100997675430e-05,-2.06362289331996072e-05,-2.06362201995350826e-05
7.88750000000000018e+00,7.88750000000000018e+00,1.26782884310618071e-01,-1.60739133347167495e-02,-1.60738997541195645e-02,-1.02802344259770365e-05,-1.02802257403682620e-05,-1.02802257403682620e-05,-2.05604601663452985e-05,-2.05604514807365240e-05
7.89475000000000016e+00,7.89475000000000016e+00,1.26666455555907415e-01,-1.60444044938774510e-02,-1.60443909630966670e-02,-1.02425237313821774e-05,-1.02425150935207129e-05,-1.02425150935207146e-05,-2.04850388249028920e-05,-2.04850301870414291e-05
7.90200000000000014e+00,7.90200000000000014e+00,1.26550240445456846e-01,-1.60149768379937996e-02,-1.60149633568029415e-02,-1.02049857946831605e-05,-1.02049772042641671e-05,-1.02049772042641688e-05,-2.04099629989473293e-05,-2.04099544085283377e-05
7.90925000000000011e+00,7.90925000000000011e+00,1.26434238391756493e-01,-1.59856300695331299e-02,-1.59856166377035092e-02,-1.01676196670383538e-05,-1.01676111237570167e-05,-1.01676111237570184e-05,-2.03352307907953705e-05,-2.03352222475140334e-05
7.91650000000000009e+00,7.91650000000000009e+00,1.26318448809448619e-01,-1.59563638923199136e-02,-1.59563505096252910e-02,-1.01304244056775001e-05,-1.01304159092319994e-05,-1.01304159092319994e-05,-2.02608403149094995e-05,-2.02608318184639988e-05
7.92375000000000007e+00,7.92375000000000007e+00,1.26202871115317861e-01,-1.59271780115304296e-02,-1.59271646777495342e-02,-1.00933990738587162e-05,-1.00933906239517942e-05,-1.00933906239517925e-05,-2.01867896978105070e-05,-2.01867812479035883e-05
7.93100000000000005e+00,7.93100000000000005e+00,1.26087504728281424e-01,-1.58980721336963171e-02,-1.58980588486043913e-02,-1.00565427408314033e-05,-1.00565343371649941e-05,-1.00565343371649941e-05,-2.01130770779963991e-05,-2.01130686743299882e-05
7.93825000000000003e+00,7.93825000000000003e+00,1.25972349069379264e-01,-1.58690459666832595e-02,-1.58690327300575404e-02,-1.00198544817837307e-05,-1.00198461240624282e-05,-1.00198461240624265e-05,-2.00397006058461573e-05,-2.00396922481248531e-05
7.94550000000000001e+00,7.94550000000000001e+00,1.25857403561764530e-01,-1.58400992196892076e-02,-1.58400860313088580e-02,-9.98333337780283735e-06,-9.98332506573383415e-06,-9.98332506573383246e-06,-1.99666584435366715e-05,-1.99666501314676683e-05
7.95274999999999999e+00,7.95274999999999999e+00,1.25742667630693777e-01,-1.58112316032390510e-02,-1.58112184628831261e-02,-9.94697851583311186e-06,-9.94697024912490325e-06,-9.94697024912490325e-06,-1.98939487649580168e-05,-1.98939404982498065e-05
7.95999999999999996e+00,7.95999999999999996e+00,1.25628140703517577e-01,-1.57824428291686303e-02,-1.57824297366228120e-02,-9.91078898862806764e-06,-9.91078076699467836e-06,-9.91078076699467836e-06,-1.98215697556227460e-05,-1.98215615339893567e-05
7.96724999999999994e+00,7.96724999999999994e+00,1.25513822209670833e-01,-1.57537326106336195e-02,-1.57537195656808592e-02,-9.87476389471820134e-06,-9.87475571787327834e-06,-9.87475571787327834e-06,-1.97495196125914797e-05,-1.97495114357465567e-05
7.97449999999999992e+00,7.97449999999999992e+00,1.25399711580663376e-01,-1.57251006620935385e-02,-1.57250876645135575e-02,-9.83890233836347597e-06,-9.83889420601998182e-06,-9.83889420601998351e-06,-1.96777965443834595e-05,-1.96777884120399670e-05
7.98175000000000079e+00,7.98175000000000079e+00,1.25285808250070463e-01,-1.56965466992957658e-02,-1.56965337488734237e-02,-9.80320342950620728e-06,-9.80319534138165817e-06,-9.80319534138165647e-06,-1.96063987708878637e-05,-1.96063906827633163e-05
7.98900000000000077e+00,7.98900000000000077e+00,1.25172111653523571e-01,-1.56680704392773151e-02,-1.56680575358021726e-02,-9.76766628373537820e-06,-9.76765823955153398e-06,-9.76765823955153398e-06,-1.95353245232869139e-05,-1.95353164791030680e-05
7.99625000000000075e+00,7.99625000000000075e+00,1.25058621228700956e-01,-1.56396716003648351e-02,-1.56396587436236911e-02,-9.73229002225008943e-06,-9.73228202172829151e-06,-9.73228202172829151e-06,-1.94645720439783809e-05,-1.94645640434565830e-05
8.00350000000000072e+00,8.00350000000000072e+00,1.24945336415318284e-01,-1.56113499021568458e-02,-1.56113370919370616e-02,-9.69707377181225602e-06,-9.69706581467548904e-06,-9.69706581467548904e-06,-1.93941395864877451e-05,-1.93941316293509781e-05
8.01075000000000159e+00,8.01075000000000159e+00,1.24832256655119656e-01,-1.55831050655166337e-02,-1.55830923016096658e-02,-9.66201666470626484e-06,-9.66200875068134374e-06,-9.66200875068134374e-06,-1.93240254153876086e-05,-1.93240175013626875e-05
8.01800000000000068e+00,8.01800000000000068e+00,1.24719381391868292e-01,-1.55549368125740273e-02,-1.55549240947703022e-02,-9.62711783870445298e-06,-9.62710996751882288e-06,-9.62710996751882458e-06,-1.92542278062232759e-05,-1.92542199350376458e-05
8.02524999999999977e+00,8.02524999999999977e+00,1.24606710071337348e-01,-1.55268448667129633e-02,-1.55268321948023244e-02,-9.59237643702402251e-06,-9.59236860840603318e-06,-9.59236860840603318e-06,-1.91847450454300557e-05,-1.91847372168120664e-05
8.03250000000000064e+00,8.03250000000000064e+00,1.24494242141300948e-01,-1.54988289525608280e-02,-1.54988163263368745e-02,-9.55779160828538853e-06,-9.55778382196696928e-06,-9.55778382196696928e-06,-1.91155754302523595e-05,-1.91155676439339386e-05
8.03975000000000151e+00,8.03975000000000151e+00,1.24381977051525205e-01,-1.54708887959849051e-02,-1.54708762152461436e-02,-9.52336250647524848e-06,-9.52335476219258921e-06,-9.52335476219258752e-06,-1.90467172686678343e-05,-1.90467095243851750e-05
8.04700000000000060e+00,8.04700000000000060e+00,1.24269914253759162e-01,-1.54430241240977040e-02,-1.54430115886366529e-02,-9.48908829091533176e-06,-9.48908058840216427e-06,-9.48908058840216427e-06,-1.89781688793174960e-05,-1.89781611768043285e-05
8.05424999999999969e+00,8.05424999999999969e+00,1.24158053201725807e-01,-1.54152346652320915e-02,-1.54152221748425754e-02,-9.45496812621285673e-06,-9.45496046520494402e-06,-9.45496046520494232e-06,-1.89099285914178007e-05,-1.89099209304098846e-05
8.06150000000000055e+00,8.06150000000000055e+00,1.24046393351113310e-01,-1.53875201489359625e-02,-1.53875077034191284e-02,-9.42100118222335448e-06,-9.42099356246216683e-06,-9.42099356246216683e-06,-1.88419947446855196e-05,-1.88419871249243337e-05
8.06875000000000142e+00,8.06875000000000142e+00,1.23934934159566204e-01,-1.53598803059828981e-02,-1.53598679051360106e-02,-9.38718663402354847e-06,-9.38717905524937543e-06,-9.38717905524937543e-06,-1.87743656892729239e-05,-1.87743581104987509e-05
8.07600000000000051e+00,8.07600000000000051e+00,1.23823675086676563e-01,-1.53323148683472965e-02,-1.53323025119708467e-02,-9.35352366186269762e-06,-9.35351612381899831e-06,-9.35351612381899831e-06,-1.87070397856816959e-05,-1.87070322476379966e-05
8.08324999999999960e+00,8.08324999999999960e+00,1.23712615593975200e-01,-1.53048235692061496e-02,-1.53048112571026757e-02,-9.32001145113058014e-06,-9.32000395356323791e-06,-9.32000395356323960e-06,-1.86400154046938214e-05,-1.86400079071264758e-05
8.09050000000000047e+00,8.09050000000000047e+00,1.23601755144923053e-01,-1.52774061429372665e-02,-1.52773938749055128e-02,-9.28664919232353597e-06,-9.28664173497730083e-06,-9.28664173497729913e-06,-1.85732909273008351e-05,-1.85732834699546017e-05
8.09775000000000134e+00,8.09775000000000134e+00,1.23491093204902577e-01,-1.52500623250979572e-02,-1.52500501009419347e-02,-9.25343608099889813e-06,-9.25342866362289077e-06,-9.25342866362289077e-06,-1.85068647446217906e-05,-1.85068573272457815e-05
8.10500000000000043e+00,8.10500000000000043e+00,1.23380629241209128e-01,-1.52227918524339145e-02,-1.52227796719567078e-02,-9.22037131774807735e-06,-9.22036394009200971e-06,-9.22036394009201140e-06,-1.84407352578400888e-05,-1.84407278801840228e-05
8.11224999999999952e+00,8.11224999999999952e+00,1.23270362723042315e-01,-1.51955944628632267e-02,-1.51955823258704201e-02,-9.18745410815476106e-06,-9.18744676997100643e-06,-9.18744676997100643e-06,-1.83749008781257675e-05,-1.83748935399420129e-05
8.11950000000000038e+00,8.11950000000000038e+00,1.23160293121497622e-01,-1.51684698954728248e-02,-1.51684578017732153e-02,-9.15468366276097103e-06,-9.15467636380497745e-06,-9.15467636380497745e-06,-1.83093600265659502e-05,-1.83093527276099549e-05
8.12675000000000125e+00,8.12675000000000125e+00,1.23050419909557923e-01,-1.51414178905202590e-02,-1.51414058399185290e-02,-9.12205919703656851e-06,-9.12205193706242708e-06,-9.12205193706242708e-06,-1.82441111340989973e-05,-1.82441038741248542e-05
8.13400000000000034e+00,8.13400000000000034e+00,1.22940742562085065e-01,-1.51144381894123825e-02,-1.51144261817168744e-02,-9.08957993133507471e-06,-9.08957271010020365e-06,-9.08957271010020365e-06,-1.81791526414352784e-05,-1.81791454202004073e-05
8.14124999999999943e+00,8.14124999999999943e+00,1.22831260555811464e-01,-1.50875305347106803e-02,-1.50875185697296448e-02,-9.05724509086582877e-06,-9.05723790812870004e-06,-9.05723790812870004e-06,-1.81144829989945288e-05,-1.81144758162574001e-05
8.14850000000000030e+00,8.14850000000000030e+00,1.22721973369331772e-01,-1.50606946701188349e-02,-1.50606827476629773e-02,-9.02505390565569855e-06,-9.02504676117736075e-06,-9.02504676117736075e-06,-1.80501006668330593e-05,-1.80500935223547215e-05
8.15575000000000117e+00,8.15575000000000117e+00,1.22612880483094738e-01,-1.50339303404791735e-02,-1.50339184603616744e-02,-8.99300561051641559e-06,-8.99299850406049233e-06,-8.99299850406049233e-06,-1.79860041145769079e-05,-1.79859970081209847e-05
8.16300000000000026e+00,8.16300000000000026e+00,1.22503981379394833e-01,-1.50072372917726682e-02,-1.50072254538031157e-02,-8.96109944501422598e-06,-8.96109237634326850e-06,-8.96109237634326681e-06,-1.79221918213574928e-05,-1.79221847526865336e-05
8.17024999999999935e+00,8.17024999999999935e+00,1.22395275542364068e-01,-1.49806152710958429e-02,-1.49806034750912254e-02,-8.92933465342600042e-06,-8.92932762230805893e-06,-8.92932762230805724e-06,-1.78586622757340577e-05,-1.78586552446161179e-05
8.17750000000000021e+00,8.17750000000000021e+00,1.22286762457963924e-01,-1.49540640266785374e-02,-1.49540522724504951e-02,-8.89771048472002022e-06,-8.89770349092101716e-06,-8.89770349092101716e-06,-1.77954139756410374e-05,-1.77954069818420343e-05
8.18475000000000108e+00,8.18475000000000108e+00,1.22178441613977201e-01,-1.49275833078554854e-02,-1.49275715952200353e-02,-8.86622619250943109e-06,-8.86621923579895316e-06,-8.86621923579895485e-06,-1.77324454283083859e-05,-1.77324384715979097e-05
8.19200000000000017e+00,8.19200000000000017e+00,1.22070312500000000e-01,-1.49011728650769726e-02,-1.49011611938476562e-02,-8.83488103502922076e-06,-8.83487411517643624e-06,-8.83487411517643455e-06,-1.76697551502056553e-05,-1.76697482303528691e-05
8.19924999999999926e+00,8.19924999999999926e+00,1.21962374607433616e-01,-1.48748324498892970e-02,-1.48748208198839684e-02,-8.80367427509546829e-06,-8.80366739187314874e-06,-8.80366739187314874e-06,-1.76073416669686187e-05,-1.76073347837462975e-05
8.20650000000000013e+00,8.20650000000000013e+00,1.21854627429476628e-01,-1.48485618149365450e-02,-1.48485502259765589e-02,-8.77260518007754102e-06,-8.77259833326155474e-06,-8.77259833326155474e-06,-1.75452035133390975e-05,-1.75451966665231095e-05
8.21375000000000099e+00,8.21375000000000099e+00,1.21747070461117018e-01,-1.48223607139605917e-02,-1.48223491658641925e-02,-8.74167302186939880e-06,-8.74166621123479756e-06,-8.74166621123479756e-06,-1.74833392331041947e-05,-1.74833324224695951e-05
8.22100000000000009e+00,8.22100000000000009e+00,1.21639703199124191e-01,-1.47962289017851134e-02,-1.47962173943710241e-02,-8.71087707685169604e-06,-8.71087030217483263e-06,-8.71087030217483263e-06,-1.74217473790265270e-05,-1.74217406043496653e-05
8.22824999999999918e+00,8.22824999999999918e+00,1.21532525142041145e-01,-1.47701661343120350e-02,-1.47701546674008644e-02,-8.68021662586147315e-06,-8.68020988692082306e-06,-8.68020988692082137e-06,-1.73604265127822962e-05,-1.73604197738416461e-05
8.23550000000000004e+00,8.23550000000000004e+00,1.21425535790176675e-01,-1.47441721685179772e-02,-1.47441607419314773e-02,-8.64969095416208184e-06,-8.64968425073778920e-06,-8.64968425073778751e-06,-1.72993752048998693e-05,-1.72993685014755750e-05
8.24275000000000091e+00,8.24275000000000091e+00,1.21318734645597628e-01,-1.47182467624453750e-02,-1.47182353760089302e-02,-8.61929935141019993e-06,-8.61929268328553611e-06,-8.61929268328553611e-06,-1.72385920346957360e-05,-1.72385853665710722e-05
8.25000000000000000e+00,8.25000000000000000e+00,1.21212121212121215e-01,-1.46923896752060301e-02,-1.46923783287419649e-02,-8.58904111163036277e-06,-8.58903447858778261e-06,-8.58903447858778261e-06,-1.71780755902181437e-05,-1.71780689571755652e-05
8.25724999999999909e+00,8.25724999999999909e+00,1.21105694995307170e-01,-1.46666006669633475e-02,-1.46665893602963681e-02,-8.55891553317719065e-06,-8.55890893500152236e-06,-8.55890893500152236e-06,-1.71178244681787113e-05,-1.71178178700030447e-05
8.26449999999999996e+00,8.26449999999999996e+00,1.20999455502450240e-01,-1.46408794989341118e-02,-1.46408682318894361e-02,-8.52892191870933914e-06,-8.52891535518668320e-06,-8.52891535518668150e-06,-1.70578372738960206e-05,-1.70578307103733630e-05
8.27175000000000082e+00,8.27175000000000082e+00,1.20893402242572598e-01,-1.46152259333796053e-02,-1.46152147057844583e-02,-8.49905957515740675e-06,-8.49905304607598966e-06,-8.49905304607598966e-06,-1.69981126212333964e-05,-1.69981060921519793e-05
8.27899999999999991e+00,8.27899999999999991e+00,1.20787534726416235e-01,-1.45896397336038319e-02,-1.45896285452852079e-02,-8.46932781369620978e-06,-8.46932131884507968e-06,-8.46932131884508138e-06,-1.69386491325412912e-05,-1.69386426376901594e-05
8.28625000000000078e+00,8.28625000000000078e+00,1.20681852466435355e-01,-1.45641206639446352e-02,-1.45641095147304687e-02,-8.43972594971310673e-06,-8.43971948888280423e-06,-8.43971948888280254e-06,-1.68794454385959093e-05,-1.68794389777656085e-05
8.29350000000000165e+00,8.29350000000000165e+00,1.20576354976789021e-01,-1.45386684897683693e-02,-1.45386573794886349e-02,-8.41025330277865873e-06,-8.41024687576184543e-06,-8.41024687576184543e-06,-1.68205001785405042e-05,-1.68204937515236909e-05
8.30075000000000074e+00,8.30075000000000074e+00,1.20471041773333717e-01,-1.45132829774645700e-02,-1.45132719059523178e-02,-8.38090919661746795e-06,-8.38090280320951253e-06,-8.38090280320951083e-06,-1.67618119998269805e-05,-1.67618056064190217e-05
8.30799999999999983e+00,8.30799999999999983e+00,1.20365912373615797e-01,-1.44879638944495071e-02,-1.44879528615329562e-02,-8.35169295908434711e-06,-8.35168659907874802e-06,-8.35168659907874802e-06,-1.67033795581630968e-05,-1.67033731981574960e-05
8.31525000000000070e+00,8.31525000000000070e+00,1.20260966296864183e-01,-1.44627110091466449e-02,-1.44627000146555027e-02,-8.32260392212736854e-06,-8.32259759531941148e-06,-8.32259759531941148e-06,-1.66452015174467800e-05,-1.66451951906388230e-05
8.32250000000000156e+00,8.32250000000000156e+00,1.20156203063983155e-01,-1.44375240909830893e-02,-1.44375131347531556e-02,-8.29364142176038476e-06,-8.29363512794976845e-06,-8.29363512794976676e-06,-1.65872765497101498e-05,-1.65872702558995369e-05
8.32975000000000065e+00,8.32975000000000065e+00,1.20051622197544935e-01,-1.44124029103966933e-02,-1.44123919922620643e-02,-8.26480479804185601e-06,-8.26479853702819787e-06,-8.26479853702819787e-06,-1.65296033350700522e-05,-1.65295970740563957e-05
8.33699999999999974e+00,8.33699999999999974e+00,1.19947223221782417e-01,-1.43873472388218460e-02,-1.43873363586160992e-02,-8.23609339504158559e-06,-8.23608716662510274e-06,-8.23608716662510274e-06,-1.64721805616666866e-05,-1.64721743332502055e-05
8.34425000000000061e+00,8.34425000000000061e+00,1.19843005662582006e-01,-1.43623568486841435e-02,-1.43623460062416632e-02,-8.20750656081280674e-06,-8.20750036479506814e-06,-8.20750036479506814e-06,-1.64150069256078749e-05,-1.64150007295901363e-05
8.35150000000000148e+00,8.35150000000000148e+00,1.19738969047476482e-01,-1.43374315133950603e-02,-1.43374207085525309e-02,-8.17904364736447446e-06,-8.17903748354924970e-06,-8.17903748354924801e-06,-1.63580811309137225e-05,-1.63580749670984960e-05
8.35875000000000057e+00,8.35875000000000057e+00,1.19635112905637803e-01,-1.43125710073483958e-02,-1.43125602399447032e-02,-8.15070401063475007e-06,-8.15069787882793477e-06,-8.15069787882793477e-06,-1.63014018894626865e-05,-1.63013957576558695e-05
8.36599999999999966e+00,8.36599999999999966e+00,1.19531436767869953e-01,-1.42877751059184988e-02,-1.42877643757912936e-02,-8.12248701046567992e-06,-8.12248091047333064e-06,-8.12248091047332894e-06,-1.62449679209390089e-05,-1.62449618209466613e-05
8.37325000000000053e+00,8.37325000000000053e+00,1.19427940166601965e-01,-1.42630435854513848e-02,-1.42630328924374591e-02,-8.09439201057402701e-06,-8.09438594220257639e-06,-8.09438594220257639e-06,-1.61887779527766017e-05,-1.61887718844051528e-05
8.38050000000000139e+00,8.38050000000000139e+00,1.19324622635880895e-01,-1.42383762232540789e-02,-1.42383655671953786e-02,-8.06641837852132499e-06,-8.06641234158098853e-06,-8.06641234158098853e-06,-1.61328307201023135e-05,-1.61328246831619771e-05
8.38775000000000048e+00,8.38775000000000048e+00,1.19221483711364776e-01,-1.42137727976017203e-02,-1.42137621783392180e-02,-8.03856548569416938e-06,-8.03855947999545395e-06,-8.03855947999545395e-06,-1.60771249656896233e-05,-1.60771189599909079e-05
8.39499999999999957e+00,8.39499999999999957e+00,1.19118522930315676e-01,-1.41892330877286810e-02,-1.41892225051001401e-02,-8.01083270727561836e-06,-8.01082673262805842e-06,-8.01082673262806012e-06,-1.60216594399036785e-05,-1.60216534652561168e-05
8.40225000000000044e+00,8.40225000000000044e+00,1.19015739831592721e-01,-1.41647568738108021e-02,-1.41647463276613657e-02,-7.98321942221180441e-06,-7.98321347842994042e-06,-7.98321347842994042e-06,-1.59664329006417448e-05,-1.59664269568598808e-05
8.40950000000000131e+00,8.40950000000000131e+00,1.18913133955645386e-01,-1.41403439369813810e-02,-1.41403334271532639e-02,-7.95572501319778549e-06,-7.95571910009533118e-06,-7.95571910009533118e-06,-1.59114441132931150e-05,-1.59114382001906624e-05
8.41675000000000040e+00,8.41675000000000040e+00,1.18810704844506482e-01,-1.41159940593116318e-02,-1.41159835856484363e-02,-7.92834886664351633e-06,-7.92834298403578972e-06,-7.92834298403578803e-06,-1.58566918506793044e-05,-1.58566859680715761e-05
8.42399999999999949e+00,8.42399999999999949e+00,1.18708452041785387e-01,-1.40917070238124609e-02,-1.40916965861568599e-02,-7.90109037265200684e-06,-7.90108452035462072e-06,-7.90108452035462242e-06,-1.58021748930066276e-05,-1.58021690407092414e-05
8.43125000000000036e+00,8.43125000000000036e+00,1.18606375092661226e-01,-1.40674826144202569e-02,-1.40674722126210485e-02,-7.87394892498872729e-06,-7.87394310282153978e-06,-7.87394310282153978e-06,-1.57478920278102671e-05,-1.57478862056430796e-05
8.43850000000000122e+00,8.43850000000000122e+00,1.18504473543876263e-01,-1.40433206160111013e-02,-1.40433102499112686e-02,-7.84692392106708506e-06,-7.84691812884749617e-06,-7.84691812884749956e-06,-1.56938420499145846e-05,-1.56938362576949957e-05
8.44575000000000031e+00,8.44575000000000031e+00,1.18402746943729084e-01,-1.40192208143705699e-02,-1.40192104838207481e-02,-7.82001476190922058e-06,-7.82000899945971084e-06,-7.82000899945971084e-06,-1.56400237613689297e-05,-1.56400179989194217e-05
8.45299999999999940e+00,8.45299999999999940e+00,1.18301194842067914e-01,-1.39951829962132734e-02,-1.39951727010609161e-02,-7.79322085213480617e-06,-7.79321511927686001e-06,-7.79321511927686001e-06,-1.55864359714116645e-05,-1.55864302385537200e-05
8.46025000000000027e+00,8.46025000000000027e+00,1.18199816790283976e-01,-1.39712069491650936e-02,-1.39711966892566968e-02,-7.76654159992915185e-06,-7.76653589648451287e-06,-7.76653589648451118e-06,-1.55330774964136630e-05,-1.55330717929690257e-05
8.46750000000000114e+00,8.46750000000000114e+00,1.18098612341304976e-01,-1.39472924617578542e-02,-1.39472822369418326e-02,-7.73997641701847878e-06,-7.73997074281073713e-06,-7.73997074281073713e-06,-1.54799471598292176e-05,-1.54799414856214743e-05
8.47475000000000023e+00,8.47475000000000023e+00,1.17997581049588476e-01,-1.39234393234275444e-02,-1.39234291335542017e-02,-7.71352471864730852e-06,-7.71351907350187546e-06,-7.71351907350187546e-06,-1.54270437921491840e-05,-1.54270381470037509e-05
8.48199999999999932e+00,8.48199999999999932e+00,1.17896722471115309e-01,-1.38996473245089902e-02,-1.38996371694311855e-02,-7.68718592355403804e-06,-7.68718030729850849e-06,-7.68718030729850849e-06,-1.53743662308525482e-05,-1.53743606145970170e-05
8.48925000000000018e+00,8.48925000000000018e+00,1.17796036163383105e-01,-1.38759162562358540e-02,-1.38759061358050603e-02,-7.66095945394966220e-06,-7.66095386641161920e-06,-7.66095386641161751e-06,-1.53219133203612797e-05,-1.53219077328232384e-05
8.49650000000000105e+00,8.49650000000000105e+00,1.17695521685399859e-01,-1.38522459107317530e-02,-1.38522358247984284e-02,-7.63484473549171905e-06,-7.63483917649894387e-06,-7.63483917649894218e-06,-1.52696839119906612e-05,-1.52696783529978844e-05
8.50375000000000014e+00,8.50375000000000014e+00,1.17595178597677499e-01,-1.38286360810013775e-02,-1.38286260294196682e-02,-7.60884119725843160e-06,-7.60883566664148886e-06,-7.60883566664148886e-06,-1.52176768638999205e-05,-1.52176713332829777e-05
8.51099999999999923e+00,8.51099999999999923e+00,1.17495006462225368e-01,-1.38050865609340434e-02,-1.38050765435583801e-02,-7.58294827172986049e-06,-7.58294276932021349e-06,-7.58294276932021349e-06,-1.51658910410500748e-05,-1.51658855386404270e-05
8.51825000000000010e+00,8.51825000000000010e+00,1.17395004842543949e-01,-1.37815971452965869e-02,-1.37815871619809179e-02,-7.55716539476334596e-06,-7.55715992039292982e-06,-7.55715992039292982e-06,-1.51143253151562758e-05,-1.51143198407858596e-05
8.52550000000000097e+00,8.52550000000000097e+00,1.17295173303618550e-01,-1.37581676297280353e-02,-1.37581576803259085e-02,-7.53149200557009248e-06,-7.53148655907135815e-06,-7.53148655907135899e-06,-1.50629785646414506e-05,-1.50629731181427163e-05
8.53275000000000006e+00,8.53275000000000006e+00,1.17195511411912923e-01,-1.37347978107289492e-02,-1.37347878950998120e-02,-7.50592754668899965e-06,-7.50592212789835457e-06,-7.50592212789835627e-06,-1.50118496745873559e-05,-1.50118442557967108e-05
8.53999999999999915e+00,8.53999999999999915e+00,1.17096018735363003e-01,-1.37114874856703040e-02,-1.37114776036724850e-02,-7.48047146397135380e-06,-7.48046607272530707e-06,-7.48046607272530791e-06,-1.49609375366966626e-05,-1.49609321454506158e-05
8.54725000000000001e+00,8.54725000000000001e+00,1.16996694843370677e-01,-1.36882364527863842e-02,-1.36882266042727980e-02,-7.45512320655689166e-06,-7.45511784268971703e-06,-7.45511784268971703e-06,-1.49102410492466078e-05,-1.49102356853794341e-05
8.55450000000000088e+00,8.55450000000000088e+00,1.16897539306797582e-01,-1.36650445111552443e-02,-1.36650346959842853e-02,-7.42988222684329024e-06,-7.42987689019296303e-06,-7.42987689019296303e-06,-1.48597591170362541e-05,-1.48597537803859261e-05
8.56174999999999997e+00,8.56174999999999997e+00,1.16798551697958941e-01,-1.36419114607075898e-02,-1.36419016787407872e-02,-7.40474798047130396e-06,-7.40474267087820673e-06,-7.40474267087820758e-06,-1.48094906513495124e-05,-1.48094853417564152e-05
8.56899999999999906e+00,8.56899999999999906e+00,1.16699731590617348e-01,-1.36188371022250010e-02,-1.36188273533221337e-02,-7.37971992630421221e-06,-7.37971464360847174e-06,-7.37971464360847174e-06,-1.47594345699126840e-05,-1.47594292872169435e-05
8.57625000000000171e+00,8.57625000000000171e+00,1.16601078559976659e-01,-1.35958212373292753e-02,-1.35958115213498480e-02,-7.35479752640259984e-06,-7.35479227044488922e-06,-7.35479227044488838e-06,-1.47095897968474874e-05,-1.47095845408897768e-05
8.58350000000000080e+00,8.58350000000000080e+00,1.16502592182676057e-01,-1.35728636684788739e-02,-1.35728539852829327e-02,-7.32998024600318891e-06,-7.32997501662516719e-06,-7.32997501662516635e-06,-1.46599552626283544e-05,-1.46599500332503344e-05
8.59074999999999989e+00,8.59074999999999989e+00,1.16404272036783746e-01,-1.35499641989618169e-02,-1.35499545484135554e-02,-7.30526755349584853e-06,-7.30526235054209449e-06,-7.30526235054209534e-06,-1.46105299040379439e-05,-1.46105247010841907e-05
8.59800000000000075e+00,8.59800000000000075e+00,1.16306117701791098e-01,-1.35271226329010119e-02,-1.35271130148628856e-02,-7.28065892040750128e-06,-7.28065374372233449e-06,-7.28065374372233449e-06,-1.45613126641298349e-05,-1.45613074874446690e-05
8.60525000000000162e+00,8.60525000000000162e+00,1.16208128758606644e-01,-1.35043387752435962e-02,-1.35043291895769000e-02,-7.25615382137753208e-06,-7.25614867080532041e-06,-7.25614867080532041e-06,-1.45123024921828516e-05,-1.45122973416106408e-05
8.61250000000000071e+00,8.61250000000000071e+00,1.16110304789550062e-01,-1.34816124317538311e-02,-1.34816028783222124e-02,-7.23175173413527326e-06,-7.23174660952232173e-06,-7.23174660952232088e-06,-1.44634983436575933e-05,-1.44634932190446435e-05
8.61974999999999980e+00,8.61974999999999980e+00,1.16012645378346241e-01,-1.34589434090131022e-02,-1.34589338876819221e-02,-7.20745213948145114e-06,-7.20744704067564619e-06,-7.20744704067564534e-06,-1.44148991801570965e-05,-1.44148940813512907e-05
8.62700000000000067e+00,8.62700000000000067e+00,1.15915150110119380e-01,-1.34363315144163664e-02,-1.34363220250515100e-02,-7.18325452126786484e-06,-7.18324944811802971e-06,-7.18324944811802887e-06,-1.43665039693858946e-05,-1.43664988962360577e-05
8.63425000000000153e+00,8.63425000000000153e+00,1.15817818571387190e-01,-1.34137765561668232e-02,-1.34137670986347584e-02,-7.15915836637627232e-06,-7.15915331873219334e-06,-7.15915331873219250e-06,-1.43183116851084657e-05,-1.43183066374643867e-05
8.64150000000000063e+00,8.64150000000000063e+00,1.15720650350054965e-01,-1.33912783432732496e-02,-1.33912689174396759e-02,-7.13516316469880524e-06,-7.13515814241050847e-06,-7.13515814241050762e-06,-1.42703213071093137e-05,-1.42703162848210169e-05
8.64874999999999972e+00,8.64874999999999972e+00,1.15623645035409742e-01,-1.33688366855437835e-02,-1.33688272912744315e-02,-7.11126840911665938e-06,-7.11126341203483068e-06,-7.11126341203483068e-06,-1.42225318211514892e-05,-1.42225268240696614e-05
8.65600000000000058e+00,8.65600000000000058e+00,1.15526802218114594e-01,-1.33464513935770412e-02,-1.33464420307433679e-02,-7.08747359547750079e-06,-7.08746862345651318e-06,-7.08746862345651233e-06,-1.41749422189340123e-05,-1.41749372469130247e-05
8.66325000000000145e+00,8.66325000000000145e+00,1.15430121490202847e-01,-1.33241222787745528e-02,-1.33241129472429897e-02,-7.06377822258436212e-06,-7.06377327547654811e-06,-7.06377327547654726e-06,-1.41275514980609085e-05,-1.41275465509530945e-05
8.67050000000000054e+00,8.67050000000000054e+00,1.15333602445072361e-01,-1.33018491533176686e-02,-1.33018398529580022e-02,-7.04018179216576178e-06,-7.04017686982586539e-06,-7.04017686982586369e-06,-1.40803586619916255e-05,-1.40803537396517291e-05
8.67774999999999963e+00,8.67774999999999963e+00,1.15237244677479769e-01,-1.32796318301746652e-02,-1.32796225608573393e-02,-7.01668380886200998e-06,-7.01667891114574508e-06,-7.01667891114574592e-06,-1.40333627200077559e-05,-1.40333578222914902e-05
8.68500000000000050e+00,8.68500000000000050e+00,1.15141047783534817e-01,-1.32574701230963043e-02,-1.32574608846902486e-02,-6.99328378020553387e-06,-6.99327890696843644e-06,-6.99327890696843559e-06,-1.39865626871739695e-05,-1.39865578139368712e-05
8.69225000000000136e+00,8.69225000000000136e+00,1.15045011360694852e-01,-1.32353638466033985e-02,-1.32353546389824082e-02,-6.96998121659709789e-06,-6.96997636769788368e-06,-6.96997636769788453e-06,-1.39399575842949833e-05,-1.39399527353957674e-05
8.69950000000000045e+00,8.69950000000000045e+00,1.14949135007759065e-01,-1.32133128159983571e-02,-1.32133036390320209e-02,-6.94677563129483135e-06,-6.94677080659061099e-06,-6.94677080659060929e-06,-1.38935464378854398e-05,-1.38935416131812203e-05
8.70674999999999955e+00,8.70674999999999955e+00,1.14853418324862899e-01,-1.31913168473456466e-02,-1.31913077009059524e-02,-6.92366654038695986e-06,-6.92366173973671421e-06,-6.92366173973671421e-06,-1.38473282801236741e-05,-1.38473234794734284e-05
8.71400000000000041e+00,8.71400000000000041e+00,1.14757860913472565e-01,-1.31693757574726789e-02,-1.31693666414359149e-02,-6.90065346277548896e-06,-6.90064868604105426e-06,-6.90064868604105426e-06,-1.38013021488165432e-05,-1.38012973720821085e-05
8.72125000000000128e+00,8.72125000000000128e+00,1.14662462376379518e-01,-1.31474893639760282e-02,-1.31474802782146488e-02,-6.87773592016275832e-06,-6.87773116720455708e-06,-6.87773116720455793e-06,-1.37554670873673154e-05,-1.37554623344091159e-05
8.72850000000000037e+00,8.72850000000000037e+00,1.14567222317694908e-01,-1.31256574852045560e-02,-1.31256484295921294e-02,-6.85491343702602566e-06,-6.85490870770565609e-06,-6.85490870770565609e-06,-1.37098221447316818e-05,-1.37098174154113122e-05
8.73574999999999946e+00,8.73574999999999946e+00,1.14472140342844073e-01,-1.31038799402602990e-02,-1.31038709146717881e-02,-6.83218554060147476e-06,-6.83218083478185475e-06,-6.83218083478185559e-06,-1.36643663753833295e-05,-1.36643616695637095e-05
8.74300000000000033e+00,8.74300000000000033e+00,1.14377216058561132e-01,-1.30821565489958047e-02,-1.30821475533067742e-02,-6.80955176086652351e-06,-6.80954707841146709e-06,-6.80954707841146624e-06,-1.36190988392779889e-05,-1.36190941568229325e-05
8.75025000000000119e+00,8.75025000000000119e+00,1.14282449072883610e-01,-1.30604871320088023e-02,-1.30604781660962361e-02,-6.78701163052083255e-06,-6.78700697129547174e-06,-6.78700697129547174e-06,-1.35740186018163043e-05,-1.35740139425909435e-05
8.75750000000000028e+00,8.75750000000000028e+00,1.14187838995147006e-01,-1.30388715106395381e-02,-1.30388625743816152e-02,-6.76456468496884285e-06,-6.76456004883950401e-06,-6.76456004883950401e-06,-1.35291247338083469e-05,-1.35291200976790080e-05
8.76474999999999937e+00,8.76474999999999937e+00,1.14093385435979355e-01,-1.30173095069698874e-02,-1.30173006002429464e-02,-6.74221046230333992e-06,-6.74220584913596144e-06,-6.74220584913596144e-06,-1.34844163114393014e-05,-1.34844116982719229e-05
8.77200000000000024e+00,8.77200000000000024e+00,1.13999088007295940e-01,-1.29958009438135846e-02,-1.29957920664952042e-02,-6.71994850328453965e-06,-6.71994391294627373e-06,-6.71994391294627373e-06,-1.34398924162308125e-05,-1.34398878258925475e-05
8.77925000000000111e+00,8.77925000000000111e+00,1.13904946322294032e-01,-1.29743456447162231e-02,-1.29743367966846847e-02,-6.69777835132437761e-06,-6.69777378368330226e-06,-6.69777378368330226e-06,-1.33955521350076799e-05,-1.33955475673666045e-05
8.78650000000000020e+00,8.78650000000000020e+00,1.13810959995447561e-01,-1.29529434339490379e-02,-1.29529346150853656e-02,-6.67569955246768453e-06,-6.67569500739385050e-06,-6.67569500739385050e-06,-1.33513945598615350e-05,-1.33513900147877010e-05
8.79374999999999929e+00,8.79374999999999929e+00,1.13717128642501789e-01,-1.29315941365115705e-02,-1.29315853466952999e-02,-6.65371165537805702e-06,-6.65370713274129990e-06,-6.65370713274130075e-06,-1.33074187881193578e-05,-1.33074142654826015e-05
8.80100000000000016e+00,8.80100000000000016e+00,1.13623451880468129e-01,-1.29102975781236751e-02,-1.29102888172330562e-02,-6.63181421131835623e-06,-6.63180971098840237e-06,-6.63180971098840152e-06,-1.32636239223067586e-05,-1.32636194219768030e-05
8.80825000000000102e+00,8.80825000000000102e+00,1.13529929327618975e-01,-1.28890535852157484e-02,-1.28890448531341593e-02,-6.61000677413043083e-06,-6.61000229598018715e-06,-6.61000229598018715e-06,-1.32200090701106180e-05,-1.32200045919603743e-05
8.81550000000000011e+00,8.81550000000000011e+00,1.13436560603482506e-01,-1.28678619849385001e-02,-1.28678532815475581e-02,-6.58828890022498557e-06,-6.58828444412699479e-06,-6.58828444412699564e-06,-1.31765733443519812e-05,-1.31765688882539896e-05
8.82274999999999920e+00,8.82274999999999920e+00,1.13343345328837386e-01,-1.28467226051514061e-02,-1.28467139303320849e-02,-6.56666014856059777e-06,-6.56665571438761184e-06,-6.56665571438761099e-06,-1.31333158629482079e-05,-1.31333114287752220e-05
8.83000000000000007e+00,8.83000000000000007e+00,1.13250283125707812e-01,-1.28256352744164914e-02,-1.28256266280529791e-02,-6.54512008062561538e-06,-6.54511566825256395e-06,-6.54511566825256564e-06,-1.30902357488781810e-05,-1.30902313365051296e-05
8.83725000000000094e+00,8.83725000000000094e+00,1.13157373617358323e-01,-1.28045998220027712e-02,-1.28045912039784215e-02,-6.52366826042562343e-06,-6.52366386972753864e-06,-6.52366386972753864e-06,-1.30473321301531621e-05,-1.30473277394550773e-05
8.84450000000000003e+00,8.84450000000000003e+00,1.13064616428288772e-01,-1.27836160778773689e-02,-1.27836074880760663e-02,-6.50230425446418587e-06,-6.50229988531689524e-06,-6.50229988531689524e-06,-1.30046041397810820e-05,-1.30045997706337905e-05
8.85174999999999912e+00,8.85174999999999912e+00,1.12972011184229115e-01,-1.27626838727046277e-02,-1.27626753110095890e-02,-6.48102763172777943e-06,-6.48102328400729427e-06,-6.48102328400729512e-06,-1.29620509157350737e-05,-1.29620465680145902e-05
8.85899999999999999e+00,8.85899999999999999e+00,1.12879557512134548e-01,-1.27418030378372293e-02,-1.27417945041352915e-02,-6.45983796366680989e-06,-6.45983363725149881e-06,-6.45983363725149966e-06,-1.29196716009183104e-05,-1.29196672745029993e-05
8.86625000000000085e+00,8.86625000000000085e+00,1.12787255040180445e-01,-1.27209734053232992e-02,-1.27209648994987094e-02,-6.43873482418481495e-06,-6.43873051895224781e-06,-6.43873051895224696e-06,-1.28774653431370628e-05,-1.28774610379044939e-05
8.87349999999999994e+00,8.87349999999999994e+00,1.12695103397757374e-01,-1.27001948078904192e-02,-1.27001863298312253e-02,-6.41771778961608733e-06,-6.41771350544626667e-06,-6.41771350544626582e-06,-1.28354312950623523e-05,-1.28354270108925316e-05
8.88075000000000081e+00,8.88075000000000081e+00,1.12603102215466030e-01,-1.26794670789553976e-02,-1.26794586285466897e-02,-6.39678643871642601e-06,-6.39678217548836672e-06,-6.39678217548836672e-06,-1.27935686142047927e-05,-1.27935643509767334e-05
8.88800000000000168e+00,8.88800000000000168e+00,1.12511251125112496e-01,-1.26587900526091701e-02,-1.26587816297381271e-02,-6.37594035264144796e-06,-6.37593611023572433e-06,-6.37593611023572433e-06,-1.27518764628771731e-05,-1.27518722204714487e-05
8.89525000000000077e+00,8.89525000000000077e+00,1.12419549759703197e-01,-1.26381635636185763e-02,-1.26381551681743840e-02,-6.35517911493351500e-06,-6.35517489323221157e-06,-6.35517489323221073e-06,-1.27103540081657266e-05,-1.27103497864644231e-05
8.90249999999999986e+00,8.90249999999999986e+00,1.12327997753440045e-01,-1.26175874474254712e-02,-1.26175790792968315e-02,-6.33450231150741053e-06,-6.33449811039286087e-06,-6.33449811039286003e-06,-1.26690004219002706e-05,-1.26689962207857201e-05
8.90975000000000072e+00,8.90975000000000072e+00,1.12236594741715531e-01,-1.25970615401413966e-02,-1.25970531992160868e-02,-6.31390953063389094e-06,-6.31390534998845743e-06,-6.31390534998845743e-06,-1.26278148806223484e-05,-1.26278106999769149e-05
8.91700000000000159e+00,8.91700000000000159e+00,1.12145340361107973e-01,-1.25765856785404750e-02,-1.25765773647087530e-02,-6.29340036292246462e-06,-6.29339620263024265e-06,-6.29339620263024265e-06,-1.25867965655527064e-05,-1.25867924052604853e-05
8.92425000000000068e+00,8.92425000000000068e+00,1.12054234249376689e-01,-1.25561597000620750e-02,-1.25561514132141831e-02,-6.27297440130915656e-06,-6.27297026125471755e-06,-6.27297026125471840e-06,-1.25459446625638741e-05,-1.25459405225094351e-05
8.93149999999999977e+00,8.93149999999999977e+00,1.11963276045457097e-01,-1.25357834428054815e-02,-1.25357751828312266e-02,-6.25263124104036557e-06,-6.25262712110854694e-06,-6.25262712110854694e-06,-1.25052583621489117e-05,-1.25052542422170939e-05
8.93875000000000064e+00,8.93875000000000064e+00,1.11872465389456013e-01,-1.25154567455236787e-02,-1.25154485123150326e-02,-6.23237047965639801e-06,-6.23236637973359400e-06,-6.23236637973359400e-06,-1.24647368593899920e-05,-1.24647327594671880e-05
8.94600000000000151e+00,8.94600000000000151e+00,1.11781801922646973e-01,-1.24951794476260147e-02,-1.24951712410738824e-02,-6.21219171697952883e-06,-6.21218763695207524e-06,-6.21218763695207609e-06,-1.24243793539316041e-05,-1.24243752739041505e-05
8.95325000000000060e+00,8.95325000000000060e+00,1.11691285287465442e-01,-1.24749513891684316e-02,-1.24749432091659940e-02,-6.19209455509595975e-06,-6.19209049485179751e-06,-6.19209049485179751e-06,-1.23841850499477573e-05,-1.23841809897035950e-05
8.96049999999999969e+00,8.96049999999999969e+00,1.11600915127504044e-01,-1.24547724108570179e-02,-1.24547642572963614e-02,-6.17207859834449532e-06,-6.17207455777148659e-06,-6.17207455777148659e-06,-1.23441531561159828e-05,-1.23441491155429732e-05
8.96775000000000055e+00,8.96775000000000055e+00,1.11510691087508010e-01,-1.24346423540382389e-02,-1.24346342268136373e-02,-6.15214345329871963e-06,-6.15213943228627663e-06,-6.15213943228627748e-06,-1.23042828855849971e-05,-1.23042788645725533e-05
8.97500000000000142e+00,8.97500000000000142e+00,1.11420612813370457e-01,-1.24145610607051537e-02,-1.24145529597070124e-02,-6.13228872875718849e-06,-6.13228472719327079e-06,-6.13228472719327079e-06,-1.22645734559504601e-05,-1.22645694543865416e-05
8.98225000000000051e+00,8.98225000000000051e+00,1.11330679952127795e-01,-1.23945283734760991e-02,-1.23945202986031101e-02,-6.11251403572008443e-06,-6.11251005349720439e-06,-6.11251005349720439e-06,-1.22250240892172888e-05,-1.22250201069944088e-05
8.98949999999999960e+00,8.98949999999999960e+00,1.11240892151955068e-01,-1.23745441356186703e-02,-1.23745360867628974e-02,-6.09281898738836024e-06,-6.09281502439620962e-06,-6.09281502439621131e-06,-1.21856340117845716e-05,-1.21856300487924209e-05
8.99675000000000047e+00,8.99675000000000047e+00,1.11151249062161325e-01,-1.23546081910212990e-02,-1.23546001680786190e-02,-6.07320319913710329e-06,-6.07319925526770655e-06,-6.07319925526770739e-06,-1.21464024544048107e-05,-1.21463985105354148e-05
9.00399999999999956e+00,9.00399999999999956e+00,1.11061750333185258e-01,-1.23347203842048003e-02,-1.23347123870707759e-02,-6.05366628850871513e-06,-6.05366236365439066e-06,-6.05366236365438897e-06,-1.21073286521631041e-05,-1.21073247273087796e-05
9.01125000000000043e+00,9.01125000000000043e+00,1.10972395616590364e-01,-1.23148805603134903e-02,-1.23148725888850442e-02,-6.03420787519609877e-06,-6.03420396925027459e-06,-6.03420396925027374e-06,-1.20684118444463725e-05,-1.20684079385005492e-05
9.01850000000000129e+00,9.01850000000000129e+00,1.10883184565060688e-01,-1.22950885651151864e-02,-1.22950806192893142e-02,-6.01482758103033690e-06,-6.01482369388691705e-06,-6.01482369388691705e-06,-1.20296512749172539e-05,-1.20296473877738341e-05
9.02575000000000038e+00,9.02575000000000038e+00,1.10794116832396192e-01,-1.22753442449967665e-02,-1.22753363246706580e-02,-5.99552502996625673e-06,-5.99552116151967888e-06,-5.99552116151967888e-06,-1.19910461914859365e-05,-1.19910423230393578e-05
9.03300000000000125e+00,9.03300000000000125e+00,1.10705192073508235e-01,-1.22556474469615040e-02,-1.22556395520323509e-02,-5.97629984806895117e-06,-5.97629599821409007e-06,-5.97629599821408837e-06,-1.19525958462830395e-05,-1.19525919964281784e-05
9.04025000000000034e+00,9.04025000000000034e+00,1.10616409944415253e-01,-1.22359980186255157e-02,-1.22359901489909294e-02,-5.95715166349999254e-06,-5.95714783213235988e-06,-5.95714783213235904e-06,-1.19142994956323516e-05,-1.19142956642647198e-05
9.04750000000000121e+00,9.04750000000000121e+00,1.10527770102238174e-01,-1.22163958082133206e-02,-1.22163879637732144e-02,-5.93808010650326250e-06,-5.93807629351991838e-06,-5.93807629351991754e-06,-1.18761564000231809e-05,-1.18761525870398351e-05
9.05475000000000030e+00,9.05475000000000030e+00,1.10439272205196171e-01,-1.21968406645596161e-02,-1.21968328452134143e-02,-5.91908480939393221e-06,-5.91908101469212392e-06,-5.91908101469212392e-06,-1.18381658240860561e-05,-1.18381620293842478e-05
9.06200000000000117e+00,9.06200000000000117e+00,1.10350915912602057e-01,-1.21773324371030611e-02,-1.21773246427501706e-02,-5.90016540654360112e-06,-5.90016163002099012e-06,-5.90016163002098927e-06,-1.18003270365645895e-05,-1.18003232600419802e-05
9.06925000000000026e+00,9.06925000000000026e+00,1.10262700884858178e-01,-1.21578709758827230e-02,-1.21578632064237042e-02,-5.88132153436686723e-06,-5.88131777592209247e-06,-5.88131777592209247e-06,-1.17626393102889597e-05,-1.17626355518441849e-05
9.07650000000000112e+00,9.07650000000000112e+00,1.10174626783451760e-01,-1.21384561315389661e-02,-1.21384483868728858e-02,-5.86255283131008530e-06,-5.86254909084148168e-06,-5.86254909084148252e-06,-1.17251019221515678e-05,-1.17250981816829650e-05
9.08375000000000021e+00,9.08375000000000021e+00,1.10086693270950872e-01,-1.21190877553019050e-02,-1.21190800353324201e-02,-5.84385893783424495e-06,-5.84385521524277736e-06,-5.84385521524277736e-06,-1.16877141530770223e-05,-1.16877104304855547e-05
9.09100000000000108e+00,9.09100000000000108e+00,1.09998900010999878e-01,-1.20997656990020630e-02,-1.20997580036299492e-02,-5.82523949640861701e-06,-5.82523579159426779e-06,-5.82523579159426864e-06,-1.16504752880028857e-05,-1.16504715831885373e-05
9.09825000000000017e+00,9.09825000000000017e+00,1.09911246668315338e-01,-1.20804898150561613e-02,-1.20804821441832591e-02,-5.80669415149251693e-06,-5.80669046435619255e-06,-5.80669046435619340e-06,-1.16133846158487103e-05,-1.16133809287123868e-05
9.10550000000000104e+00,9.10550000000000104e+00,1.09823732908681554e-01,-1.20612599564697831e-02,-1.20612523099974233e-02,-5.78822254952525558e-06,-5.78821887996802006e-06,-5.78821887996802006e-06,-1.15764414294932756e-05,-1.15764377599360401e-05
9.11275000000000013e+00,9.11275000000000013e+00,1.09736358398946535e-01,-1.20420759768284924e-02,-1.20420683546620423e-02,-5.76982433891065634e-06,-5.76982068683591573e-06,-5.76982068683591488e-06,-1.15396450257465712e-05,-1.15396413736718298e-05
9.12000000000000099e+00,9.12000000000000099e+00,1.09649122807017538e-01,-1.20229377303076035e-02,-1.20229301323484129e-02,-5.75149917001056765e-06,-5.75149553532019827e-06,-5.75149553532019827e-06,-1.15029947053307659e-05,-1.15029910706403965e-05
9.12725000000000009e+00,9.12725000000000009e+00,1.09562025801857074e-01,-1.20038450716535294e-02,-1.20038374978067956e-02,-5.73324669512486631e-06,-5.73324307772298402e-06,-5.73324307772298486e-06,-1.14664897728478512e-05,-1.14664861554459697e-05
9.13450000000000095e+00,9.13450000000000095e+00,1.09475067053478564e-01,-1.19847978561935520e-02,-1.19847903063636275e-02,-5.71506656848512752e-06,-5.71506296827583634e-06,-5.71506296827583549e-06,-1.14301295367609639e-05,-1.14301259365516710e-05
9.14175000000000004e+00,9.14175000000000004e+00,1.09388246232942271e-01,-1.19657959398269398e-02,-1.19657884139188087e-02,-5.69695844623946985e-06,-5.69695486312756412e-06,-5.69695486312756412e-06,-1.13939133093670340e-05,-1.13939097262551282e-05
9.14900000000000091e+00,9.14900000000000091e+00,1.09301563012351069e-01,-1.19468391790249484e-02,-1.19468316769429511e-02,-5.67892198644169876e-06,-5.67891842033205583e-06,-5.67891842033205583e-06,-1.13578404067737537e-05,-1.13578368406641117e-05
9.15625000000000000e+00,9.15625000000000000e+00,1.09215017064846417e-01,-1.19279274308228267e-02,-1.19279199524746932e-02,-5.66095684903676562e-06,-5.66095329983625846e-06,-5.66095329983625931e-06,-1.13219101488730249e-05,-1.13219065996725169e-05
9.16350000000000087e+00,9.16350000000000087e+00,1.09128608064604130e-01,-1.19090605528269222e-02,-1.19090530981179818e-02,-5.64306269585343324e-06,-5.64305916346817502e-06,-5.64305916346817672e-06,-1.12861218593216108e-05,-1.12861183269363517e-05
9.17074999999999996e+00,9.17074999999999996e+00,1.09042335686830416e-01,-1.18902384032040231e-02,-1.18902309720394089e-02,-5.62523919058862269e-06,-5.62523567492501627e-06,-5.62523567492501797e-06,-1.12504748655136398e-05,-1.12504713498500342e-05
9.17800000000000082e+00,9.17800000000000082e+00,1.08956199607757667e-01,-1.18714608406778055e-02,-1.18714534329655320e-02,-5.60748599879517708e-06,-5.60748249976136682e-06,-5.60748249976136767e-06,-1.12149684985565448e-05,-1.12149649995227353e-05
9.18524999999999991e+00,9.18524999999999991e+00,1.08870199504640594e-01,-1.18527277245306095e-02,-1.18527203401802457e-02,-5.58980278787227483e-06,-5.58979930537750962e-06,-5.58979930537750962e-06,-1.11796020932497853e-05,-1.11795986107550192e-05
9.19250000000000078e+00,9.19250000000000078e+00,1.08784335055751968e-01,-1.18340389146052161e-02,-1.18340315535221067e-02,-5.57218922705584380e-06,-5.57218576100775216e-06,-5.57218576100775131e-06,-1.11443749880635943e-05,-1.11443715220155043e-05
9.19974999999999987e+00,9.19974999999999987e+00,1.08698605940378820e-01,-1.18153942712879712e-02,-1.18153869333817579e-02,-5.55464498740031367e-06,-5.55464153770891697e-06,-5.55464153770891697e-06,-1.11092865251092298e-05,-1.11092830754178339e-05
9.20700000000000074e+00,9.20700000000000074e+00,1.08613011838818288e-01,-1.17967936555212205e-02,-1.17967863406992814e-02,-5.53716974177422066e-06,-5.53716630834884319e-06,-5.53716630834884403e-06,-1.10743360501230647e-05,-1.10743326166976864e-05
9.21424999999999983e+00,9.21424999999999983e+00,1.08527552432373775e-01,-1.17782369287890987e-02,-1.17782296369616391e-02,-5.51976316484336854e-06,-5.51975974759502694e-06,-5.51975974759502525e-06,-1.10395229124383938e-05,-1.10395194951900522e-05
9.22150000000000070e+00,9.22150000000000070e+00,1.08442227403350855e-01,-1.17597239531228581e-02,-1.17597166842000594e-02,-5.50242493306322736e-06,-5.50242153190328557e-06,-5.50242153190328472e-06,-1.10048464649665112e-05,-1.10048430638065694e-05
9.22874999999999979e+00,9.22874999999999979e+00,1.08357036435053497e-01,-1.17412545910937638e-02,-1.17412473449875123e-02,-5.48515472466559012e-06,-5.48515133950656572e-06,-5.48515133950656572e-06,-1.09703060641721567e-05,-1.09703026790131314e-05
9.23600000000000065e+00,9.23600000000000065e+00,1.08271979211779987e-01,-1.17228287058184222e-02,-1.17228214824361167e-02,-5.46795221965109177e-06,-5.46794885040376255e-06,-5.46794885040376255e-06,-1.09359010700548535e-05,-1.09358977008075251e-05
9.24324999999999974e+00,9.24324999999999974e+00,1.08187055418819136e-01,-1.17044461609401296e-02,-1.17044389601946436e-02,-5.45081709977063127e-06,-5.45081374634868457e-06,-5.45081374634868457e-06,-1.09016308461193167e-05,-1.09016274926973691e-05
9.25050000000000061e+00,9.25050000000000061e+00,1.08102264742446344e-01,-1.16861068206430829e-02,-1.16860996424459577e-02,-5.43374904852217739e-06,-5.43374571083902951e-06,-5.43374571083903036e-06,-1.08674947593612077e-05,-1.08674914216780590e-05
9.25774999999999970e+00,9.25774999999999970e+00,1.08017606869919805e-01,-1.16678105496434981e-02,-1.16678033939045453e-02,-5.41674775113689773e-06,-5.41674442910550925e-06,-5.41674442910550841e-06,-1.08334921802424061e-05,-1.08334888582110185e-05
9.26500000000000057e+00,9.26500000000000057e+00,1.07933081489476515e-01,-1.16495572131816161e-02,-1.16495500798139782e-02,-5.39981289456574424e-06,-5.39980958810097057e-06,-5.39980958810096972e-06,-1.07996224826667131e-05,-1.07996191762019411e-05
9.27224999999999966e+00,9.27224999999999966e+00,1.07848688290328676e-01,-1.16313466770270324e-02,-1.16313395659444780e-02,-5.38294416747235256e-06,-5.38294087648968097e-06,-5.38294087648968097e-06,-1.07658850439620335e-05,-1.07658817529793619e-05
9.27950000000000053e+00,9.27950000000000053e+00,1.07764426962659615e-01,-1.16131788074751441e-02,-1.16131717185903992e-02,-5.36614126022182726e-06,-5.36613798463660275e-06,-5.36613798463660275e-06,-1.07322792448584292e-05,-1.07322759692732055e-05
9.28674999999999962e+00,9.28674999999999962e+00,1.07680297197620276e-01,-1.15950534713427089e-02,-1.15950464045678284e-02,-5.34940386486922396e-06,-5.34940060459681947e-06,-5.34940060459681862e-06,-1.06988044694660434e-05,-1.06988012091936372e-05
9.29400000000000048e+00,9.29400000000000048e+00,1.07596298687325148e-01,-1.15769705359634045e-02,-1.15769634912120875e-02,-5.33273167514807959e-06,-5.33272843010496834e-06,-5.33272843010496750e-06,-1.06654601052530479e-05,-1.06654568602099350e-05
9.30124999999999957e+00,9.30124999999999957e+00,1.07512431124848817e-01,-1.15589298691869402e-02,-1.15589228463753614e-02,-5.31612438646068509e-06,-5.31612115656481078e-06,-5.31612115656481078e-06,-1.06322455430254967e-05,-1.06322423131296216e-05
9.30850000000000044e+00,9.30850000000000044e+00,1.07428694204221936e-01,-1.15409313393817214e-02,-1.15409243384242289e-02,-5.29958169587001658e-06,-5.29957848103881382e-06,-5.29957848103881382e-06,-1.05991601769088304e-05,-1.05991569620776276e-05
9.31575000000000131e+00,9.31575000000000131e+00,1.07345087620427757e-01,-1.15229748154259681e-02,-1.15229678362373123e-02,-5.28310330208644457e-06,-5.28310010223786212e-06,-5.28310010223786128e-06,-1.05662034043243050e-05,-1.05662002044757226e-05
9.32300000000000040e+00,9.32300000000000040e+00,1.07261611069398258e-01,-1.15050601667086028e-02,-1.15050532092028594e-02,-5.26668890545899508e-06,-5.26668572051100035e-06,-5.26668572051100035e-06,-1.05333746259699946e-05,-1.05333714410220007e-05
9.33025000000000126e+00,9.33025000000000126e+00,1.07178264248010482e-01,-1.14871872631212568e-02,-1.14871803272163630e-02,-5.25033820796260185e-06,-5.25033503783525610e-06,-5.25033503783525610e-06,-1.05006732457978571e-05,-1.05006700756705122e-05
9.33750000000000036e+00,9.33750000000000036e+00,1.07095046854082998e-01,-1.14693559750671525e-02,-1.14693490606782317e-02,-5.23405091319316388e-06,-5.23404775780556191e-06,-5.23404775780556106e-06,-1.04680986709987249e-05,-1.04680955156111221e-05
9.34475000000000122e+00,9.34475000000000122e+00,1.07011958586372011e-01,-1.14515661734477803e-02,-1.14515592804913992e-02,-5.21782672635247413e-06,-5.21782358562469161e-06,-5.21782358562469161e-06,-1.04356503119771649e-05,-1.04356471712493832e-05
9.35200000000000031e+00,9.35200000000000031e+00,1.06928999144568007e-01,-1.14338177296646748e-02,-1.14338108580590257e-02,-5.20166535424017026e-06,-5.20166222809334164e-06,-5.20166222809334164e-06,-1.04033275823335111e-05,-1.04033244561866833e-05
9.35925000000000118e+00,9.35925000000000118e+00,1.06846168229291869e-01,-1.14161105156211917e-02,-1.14161036652821388e-02,-5.18556650524568180e-06,-5.18556339360019700e-06,-5.18556339360019700e-06,-1.03711298988458788e-05,-1.03711267872003940e-05
9.36650000000000027e+00,9.36650000000000027e+00,1.06763465542091499e-01,-1.13984444037118493e-02,-1.13984375745573574e-02,-5.16952988933462769e-06,-5.16952679211214547e-06,-5.16952679211214632e-06,-1.03390566814467749e-05,-1.03390535842242909e-05
9.37375000000000114e+00,9.37375000000000114e+00,1.06680890785438048e-01,-1.13808192668267694e-02,-1.13808124587745606e-02,-5.15355521804211623e-06,-5.15355213516449867e-06,-5.15355213516449867e-06,-1.03071073532066141e-05,-1.03071042703289973e-05
9.38100000000000023e+00,9.38100000000000023e+00,1.06598443662722517e-01,-1.13632349783436837e-02,-1.13632281913146269e-02,-5.13764220446048432e-06,-5.13763913585132564e-06,-5.13763913585132479e-06,-1.02752813403118083e-05,-1.02752782717026496e-05
9.38825000000000109e+00,9.38825000000000109e+00,1.06516123878252059e-01,-1.13456914121350394e-02,-1.13456846460471376e-02,-5.12179056323390772e-06,-5.12178750881581113e-06,-5.12178750881581198e-06,-1.02435780720497197e-05,-1.02435750176316240e-05
9.39550000000000018e+00,9.39550000000000018e+00,1.06433931137246557e-01,-1.13281884425564527e-02,-1.13281816973281411e-02,-5.10600001054466393e-06,-5.10599697024073494e-06,-5.10599697024073579e-06,-1.02119969807853997e-05,-1.02119939404814716e-05
9.40275000000000105e+00,9.40275000000000105e+00,1.06351865145834987e-01,-1.13107259444475972e-02,-1.13107192199978709e-02,-5.09027026410504894e-06,-5.09026723783895040e-06,-5.09026723783894955e-06,-1.01805375019439993e-05,-1.01805344756778991e-05
9.41000000000000014e+00,9.41000000000000014e+00,1.06269925611052071e-01,-1.12933037931268743e-02,-1.12932970893785400e-02,-5.07460104314658768e-06,-5.07459803084399584e-06,-5.07459803084399668e-06,-1.01491990739905844e-05,-1.01491960616879934e-05
9.41725000000000101e+00,9.41725000000000101e+00,1.06188112240834631e-01,-1.12759218644011838e-02,-1.12759151812720938e-02,-5.05899206841605220e-06,-5.05898907000071545e-06,-5.05898907000071461e-06,-1.01179811384167660e-05,-1.01179781400014309e-05
9.42450000000000010e+00,9.42450000000000010e+00,1.06106424744018255e-01,-1.12585800345472720e-02,-1.12585733719580087e-02,-5.04344306215880047e-06,-5.04344007755599102e-06,-5.04344007755599187e-06,-1.00868831397147915e-05,-1.00868801551119820e-05
9.43175000000000097e+00,9.43175000000000097e+00,1.06024862830333702e-01,-1.12412781803179485e-02,-1.12412715381910774e-02,-5.02795374811331809e-06,-5.02795077724949316e-06,-5.02795077724949316e-06,-1.00559045253628113e-05,-1.00559015544989863e-05
9.43900000000000006e+00,9.43900000000000006e+00,1.05943426210403646e-01,-1.12240161789420867e-02,-1.12240095571992417e-02,-5.01252385150305381e-06,-5.01252089430454186e-06,-5.01252089430454186e-06,-1.00250447458075957e-05,-1.00250417886090837e-05
9.44625000000000092e+00,9.44625000000000092e+00,1.05862114595739035e-01,-1.12067939081201828e-02,-1.12067873066813845e-02,-4.99715309902628386e-06,-4.99715015541898476e-06,-4.99715015541898476e-06,-9.99430325444526861e-06,-9.99430031083796951e-06
9.45350000000000001e+00,9.45350000000000001e+00,1.05780927698735913e-01,-1.11896112460154740e-02,-1.11896046648051958e-02,-4.98184121884409428e-06,-4.98183828875618387e-06,-4.98183828875618387e-06,-9.96367950760027900e-06,-9.96367657751236774e-06
9.46075000000000088e+00,9.46075000000000088e+00,1.05699865232671816e-01,-1.11724680712654845e-02,-1.11724615102049840e-02,-4.96658794057751119e-06,-4.96658502393601757e-06,-4.96658502393601757e-06,-9.93317296451352876e-06,-9.93317004787203515e-06
9.46799999999999997e+00,9.46799999999999997e+00,1.05618926911702576e-01,-1.11553642629651506e-02,-1.11553577219795710e-02,-4.95139299529203138e-06,-4.95139009202599522e-06,-4.95139009202599522e-06,-9.90278308731802745e-06,-9.90278018405199044e-06
9.47525000000000084e+00,9.47525000000000084e+00,1.05538112450858812e-01,-1.11382997006810314e-02,-1.11382931796901192e-02,-4.93625611549602568e-06,-4.93625322553237430e-06,-4.93625322553237430e-06,-9.87250934102839914e-06,-9.87250645106474860e-06
9.48249999999999993e+00,9.48249999999999993e+00,1.05457421566042708e-01,-1.11212742644273277e-02,-1.11212677633580493e-02,-4.92117703512226096e-06,-4.92117415839140467e-06,-4.92117415839140467e-06,-9.84235119351366563e-06,-9.84234831678280934e-06
9.48975000000000080e+00,9.48975000000000080e+00,1.05376853974024604e-01,-1.11042878346898632e-02,-1.11042813534629036e-02,-4.90615548953072240e-06,-4.90615262596056852e-06,-4.90615262596056768e-06,-9.81230811549129007e-06,-9.81230525192113535e-06
9.49699999999999989e+00,9.49699999999999989e+00,1.05296409392439713e-01,-1.10873402923976627e-02,-1.10873338309402675e-02,-4.89119121548829911e-06,-4.89118836500993221e-06,-4.89118836500993221e-06,-9.78237958049823047e-06,-9.78237673001986441e-06
9.50425000000000075e+00,9.50425000000000075e+00,1.05216087539784828e-01,-1.10704315189442681e-02,-1.10704250771796638e-02,-4.87628395117051379e-06,-4.87628111371351832e-06,-4.87628111371351917e-06,-9.75256506488403296e-06,-9.75256222742703664e-06
9.51149999999999984e+00,9.51149999999999984e+00,1.05135888135415023e-01,-1.10535613961690871e-02,-1.10535549740225017e-02,-4.86143343614566034e-06,-4.86143061164077696e-06,-4.86143061164077696e-06,-9.72286404778643730e-06,-9.72286122328155392e-06
9.51875000000000071e+00,9.51875000000000071e+00,1.05055810899540372e-01,-1.10367298063627217e-02,-1.10367234037599855e-02,-4.84663941136955648e-06,-4.84663659974806201e-06,-4.84663659974806201e-06,-9.69327601111761764e-06,-9.69327319949612402e-06
9.52599999999999980e+00,9.52599999999999980e+00,1.04975855553222766e-01,-1.10199366322651926e-02,-1.10199302491310897e-02,-4.83190161917724959e-06,-4.83189882037022944e-06,-4.83189882037022944e-06,-9.66380043954747903e-06,-9.66379764074045887e-06
9.53325000000000067e+00,9.53325000000000067e+00,1.04896021818372528e-01,-1.10031817570588331e-02,-1.10031753933204860e-02,-4.81721980327239580e-06,-4.81721701721223048e-06,-4.81721701721223048e-06,-9.63443682048462628e-06,-9.63443403442446095e-06
9.54049999999999976e+00,9.54049999999999976e+00,1.04816309417745404e-01,-1.09864650643736184e-02,-1.09864587199565433e-02,-4.80259370872218794e-06,-4.80259093534081749e-06,-4.80259093534081834e-06,-9.60518464406300628e-06,-9.60518187068163499e-06
9.54775000000000063e+00,9.54775000000000063e+00,1.04736718074939117e-01,-1.09697864382782839e-02,-1.09697801131092773e-02,-4.78802308194606626e-06,-4.78802032117625831e-06,-4.78802032117625915e-06,-9.57604340312232457e-06,-9.57604064235251831e-06
9.55499999999999972e+00,9.55499999999999972e+00,1.04657247514390372e-01,-1.09531457632821017e-02,-1.09531394572883693e-02,-4.77350767070918955e-06,-4.77350492248414961e-06,-4.77350492248415046e-06,-9.54701259319333916e-06,-9.54700984496830091e-06
9.56225000000000058e+00,9.56225000000000058e+00,1.04577897461371527e-01,-1.09365429243322154e-02,-1.09365366374411382e-02,-4.75904722411397578e-06,-4.75904448836724734e-06,-4.75904448836724734e-06,-9.51809171248122312e-06,-9.51808897673449468e-06
9.56949999999999967e+00,9.56949999999999967e+00,1.04498667641987564e-01,-1.09199778068092002e-02,-1.09199715389505791e-02,-4.74464149259095500e-06,-4.74463876925739022e-06,-4.74463876925739022e-06,-9.48928026184834607e-06,-9.48927753851478044e-06
9.57675000000000054e+00,9.57675000000000054e+00,1.04419557783172787e-01,-1.09034502965341673e-02,-1.09034440476333608e-02,-4.73029022789466210e-06,-4.73028751690744109e-06,-4.73028751690744024e-06,-9.46057774480210235e-06,-9.46057503381488049e-06
9.58399999999999963e+00,9.58399999999999963e+00,1.04340567612687812e-01,-1.08869602797527776e-02,-1.08869540497378778e-02,-4.71599318308957096e-06,-4.71599048438331632e-06,-4.71599048438331632e-06,-9.43198366747288644e-06,-9.43198096876663265e-06
9.59125000000000050e+00,9.59125000000000050e+00,1.04261696859116376e-01,-1.08705076431405701e-02,-1.08705014319422782e-02,-4.70175011254532649e-06,-4.70174742605604489e-06,-4.70174742605604489e-06,-9.40349753860137053e-06,-9.40349485211208979e-06
9.59849999999999959e+00,9.59849999999999959e+00,1.04182945251862280e-01,-1.08540922738065149e-02,-1.08540860813525330e-02,-4.68756077193125165e-06,-4.68755809759390198e-06,-4.68755809759390113e-06,-9.37511886952515193e-06,-9.37511619518780395e-06
9.60575000000000045e+00,9.60575000000000045e+00,1.04104312521146186e-01,-1.08377140592805787e-02,-1.08377078855004735e-02,-4.67342491820396636e-06,-4.67342225595456289e-06,-4.67342225595456374e-06,-9.34684717415853095e-06,-9.34684451190912578e-06
9.61300000000000132e+00,9.61300000000000132e+00,1.04025798398002689e-01,-1.08213728875181658e-02,-1.08213667323418996e-02,-4.65934230960238661e-06,-4.65933965937736460e-06,-4.65933965937736460e-06,-9.31868196897975121e-06,-9.31867931875472920e-06
9.62025000000000041e+00,9.62025000000000041e+00,1.03947402614277165e-01,-1.08050686468974533e-02,-1.08050625102546361e-02,-4.64531270563967679e-06,-4.64531006737556383e-06,-4.64531006737556298e-06,-9.29062277301523977e-06,-9.29062013475112766e-06
9.62750000000000128e+00,9.62750000000000128e+00,1.03869124902622678e-01,-1.07888012262149502e-02,-1.07887951080366303e-02,-4.63133586709448039e-06,-4.63133324072866804e-06,-4.63133324072866804e-06,-9.26266910782314759e-06,-9.26266648145733608e-06
9.63475000000000037e+00,9.63475000000000037e+00,1.03790964996497051e-01,-1.07725705146881623e-02,-1.07725644149040765e-02,-4.61741155600528721e-06,-4.61740894147484685e-06,-4.61740894147484600e-06,-9.23482049748013237e-06,-9.23481788294969370e-06
9.64200000000000124e+00,9.64200000000000124e+00,1.03712922630159701e-01,-1.07563764019475983e-02,-1.07563703204894921e-02,-4.60353953566022746e-06,-4.60353693290333415e-06,-4.60353693290333415e-06,-9.20707646856356245e-06,-9.20707386580666830e-06
9.64925000000000033e+00,9.64925000000000033e+00,1.03634997538668810e-01,-1.07402187780412106e-02,-1.07402127148398894e-02,-4.58971957059229194e-06,-4.58971697954695728e-06,-4.58971697954695728e-06,-9.17943655013925007e-06,-9.17943395909391456e-06
9.65650000000000119e+00,9.65650000000000119e+00,1.03557189457878104e-01,-1.07240975334290667e-02,-1.07240914884148587e-02,-4.57595142657036116e-06,-4.57594884717463061e-06,-4.57594884717463146e-06,-9.15190027374499177e-06,-9.15189769434926291e-06
9.66375000000000028e+00,9.66375000000000028e+00,1.03479498124434091e-01,-1.07080125589789077e-02,-1.07080065320847590e-02,-4.56223487059071547e-06,-4.56223230278399145e-06,-4.56223230278399145e-06,-9.12446717337470692e-06,-9.12446460556798290e-06
9.67100000000000115e+00,9.67100000000000115e+00,1.03401923275772911e-01,-1.06919637459697014e-02,-1.06919577371288287e-02,-4.54856967087196647e-06,-4.54856711459399867e-06,-4.54856711459399783e-06,-9.09713678546596429e-06,-9.09713422918799735e-06
9.67825000000000024e+00,9.67825000000000024e+00,1.03324464650117534e-01,-1.06759509860889779e-02,-1.06759449952333867e-02,-4.53495559684739723e-06,-4.53495305203765331e-06,-4.53495305203765246e-06,-9.06990864888505054e-06,-9.06990610407530662e-06
9.68550000000000111e+00,9.68550000000000111e+00,1.03247121986474621e-01,-1.06599741714301643e-02,-1.06599681984899698e-02,-4.52139241915733060e-06,-4.52138988575470897e-06,-4.52138988575470897e-06,-9.04278230491203873e-06,-9.04277977150941795e-06
9.69275000000000020e+00,9.69275000000000020e+00,1.03169895024631808e-01,-1.06440331944810396e-02,-1.06440272393935470e-02,-4.50787990963780939e-06,-4.50787738758448820e-06,-4.50787738758448904e-06,-9.01575729722229759e-06,-9.01575477516897809e-06
9.70000000000000107e+00,9.70000000000000107e+00,1.03092783505154634e-01,-1.06281279481450497e-02,-1.06281220108406828e-02,-4.49441784132322050e-06,-4.49441533055869026e-06,-4.49441533055869026e-06,-8.98883317188191076e-06,-8.98883066111738052e-06
9.70725000000000016e+00,9.70725000000000016e+00,1.03015787169383713e-01,-1.06122583257146630e-02,-1.06122524061277607e-02,-4.48100598842866058e-06,-4.48100348889429729e-06,-4.48100348889429729e-06,-8.96200947732295872e-06,-8.96200697778859458e-06
9.71450000000000102e+00,9.71450000000000102e+00,1.02938905759431765e-01,-1.05964242208855808e-02,-1.05964183189491742e-02,-4.46764412634963105e-06,-4.46764163798648375e-06,-4.46764163798648290e-06,-8.93528576433611395e-06,-8.93528327597296581e-06
9.72175000000000011e+00,9.72175000000000011e+00,1.02862139018180879e-01,-1.05806255277451911e-02,-1.05806196433955689e-02,-4.45433203165090300e-06,-4.45432955440161910e-06,-4.45432955440161910e-06,-8.90866158605252295e-06,-8.90865910880323821e-06
9.72900000000000098e+00,9.72900000000000098e+00,1.02785486689279462e-01,-1.05648621407805621e-02,-1.05648562739520460e-02,-4.44106948206365174e-06,-4.44106701587027132e-06,-4.44106701587027047e-06,-8.88213649793392137e-06,-8.88213403174054094e-06
9.73625000000000007e+00,9.73625000000000007e+00,1.02708948517139562e-01,-1.05491339548704488e-02,-1.05491281054964237e-02,-4.42785625647590644e-06,-4.42785380128029677e-06,-4.42785380128029761e-06,-8.85571005775620320e-06,-8.85570760256059353e-06
9.74350000000000094e+00,9.74350000000000094e+00,1.02632524246933837e-01,-1.05334408652817402e-02,-1.05334350332974627e-02,-4.41469213492490736e-06,-4.41468969066994370e-06,-4.41468969066994370e-06,-8.82938182559485021e-06,-8.82937938133988739e-06
9.75075000000000003e+00,9.75075000000000003e+00,1.02556213624592982e-01,-1.05177827676712354e-02,-1.05177769530131505e-02,-4.40157689859176112e-06,-4.40157446522103446e-06,-4.40157446522103446e-06,-8.80315136381279558e-06,-8.80314893044206891e-06
9.75800000000000090e+00,9.75800000000000090e+00,1.02480016396802612e-01,-1.05021595580856442e-02,-1.05021537606889322e-02,-4.38851032979536741e-06,-4.38850790725215449e-06,-4.38850790725215449e-06,-8.77701823704752191e-06,-8.77701581450430899e-06
9.76524999999999999e+00,9.76524999999999999e+00,1.02403932311000742e-01,-1.04865711329553690e-02,-1.04865653527560221e-02,-4.37549221198379794e-06,-4.37548980021193201e-06,-4.37548980021193286e-06,-8.75098201219573165e-06,-8.75097960042386572e-06
9.77250000000000085e+00,9.77250000000000085e+00,1.02327961115374760e-01,-1.04710173890953939e-02,-1.04710116260296488e-02,-4.36252232972868397e-06,-4.36251992867231422e-06,-4.36251992867231422e-06,-8.72504225840099734e-06,-8.72503985734462844e-06
9.77974999999999994e+00,9.77974999999999994e+00,1.02252102558858873e-01,-1.04554982237008431e-02,-1.04554924777073930e-02,-4.34960046871742869e-06,-4.34959807832193843e-06,-4.34959807832193843e-06,-8.69919854703936712e-06,-8.69919615664387686e-06
9.78700000000000081e+00,9.78700000000000081e+00,1.02176356391131082e-01,-1.04400135343567513e-02,-1.04400078053674336e-02,-4.33672641575135986e-06,-4.33672403595949221e-06,-4.33672403595949221e-06,-8.67345045171085206e-06,-8.67344807191898441e-06
9.79424999999999990e+00,9.79424999999999990e+00,1.02100722362610710e-01,-1.04245632190096416e-02,-1.04245575069669156e-02,-4.32389995872805560e-06,-4.32389758948717847e-06,-4.32389758948717847e-06,-8.64779754821523491e-06,-8.64779517897435693e-06
9.80150000000000077e+00,9.80150000000000077e+00,1.02025200224455437e-01,-1.04091471760021648e-02,-1.04091414808402220e-02,-4.31112088664991045e-06,-4.31111852790416540e-06,-4.31111852790416540e-06,-8.62223941455407585e-06,-8.62223705580833081e-06
9.80874999999999986e+00,9.80874999999999986e+00,1.01949789728558685e-01,-1.03937653040402367e-02,-1.03937596256973297e-02,-4.29838898960470442e-06,-4.29838664130012784e-06,-4.29838664130012869e-06,-8.59677563090483396e-06,-8.59677328260025569e-06
9.81600000000000072e+00,9.81600000000000072e+00,1.01874490627546860e-01,-1.03784175022081371e-02,-1.03784118406221332e-02,-4.28570405876612394e-06,-4.28570172084879625e-06,-4.28570172084879541e-06,-8.57140577961491935e-06,-8.57140344169759081e-06
9.82324999999999982e+00,9.82324999999999982e+00,1.01799302674776673e-01,-1.03631036699614043e-02,-1.03630980250707938e-02,-4.27306588638510939e-06,-4.27306355880157179e-06,-4.27306355880157179e-06,-8.54612944518668203e-06,-8.54612711760314359e-06
9.83050000000000068e+00,9.83050000000000068e+00,1.01724225624332434e-01,-1.03478237071250589e-02,-1.03478180788700910e-02,-4.26047426578344898e-06,-4.26047194848117105e-06,-4.26047194848117020e-06,-8.52094621426461834e-06,-8.52094389696234040e-06
9.83774999999999977e+00,9.83774999999999977e+00,1.01649259231023359e-01,-1.03325775138980447e-02,-1.03325719022157869e-02,-4.24792899134997987e-06,-4.24792668427532069e-06,-4.24792668427532069e-06,-8.49585567562530141e-06,-8.49585336855064138e-06
9.84500000000000064e+00,9.84500000000000064e+00,1.01574403250380904e-01,-1.03173649908425702e-02,-1.03173593956709907e-02,-4.23542985853059227e-06,-4.23542756163048353e-06,-4.23542756163048268e-06,-8.47085742016107410e-06,-8.47085512326096706e-06
9.85224999999999973e+00,9.85224999999999973e+00,1.01499657438656146e-01,-1.03021860388841091e-02,-1.03021804601645464e-02,-4.22297666382268562e-06,-4.22297437704564297e-06,-4.22297437704564212e-06,-8.44595104086832774e-06,-8.44594875409128594e-06
9.85950000000000060e+00,9.85950000000000060e+00,1.01425021552817074e-01,-1.02870405593176173e-02,-1.02870349969894082e-02,-4.21056920477218961e-06,-4.21056692806610189e-06,-4.21056692806610189e-06,-8.42113613283829149e-06,-8.42113385613220377e-06
9.86674999999999969e+00,9.86674999999999969e+00,1.01350495350546035e-01,-1.02719284538004274e-02,-1.02719229078010524e-02,-4.19820727996516750e-06,-4.19820501327736366e-06,-4.19820501327736281e-06,-8.39641229324253116e-06,-8.39641002655472731e-06
9.87400000000000055e+00,9.87400000000000055e+00,1.01276078590236976e-01,-1.02568496243451435e-02,-1.02568440946158562e-02,-4.18589068901944917e-06,-4.18588843229899542e-06,-4.18588843229899626e-06,-8.37177912131844459e-06,-8.37177686459799253e-06
9.88124999999999964e+00,9.88124999999999964e+00,1.01201771030993051e-01,-1.02418039733249699e-02,-1.02417984598095445e-02,-4.17361923258142251e-06,-4.17361698577860564e-06,-4.17361698577860480e-06,-8.34723621836002731e-06,-8.34723397155720959e-06
9.88850000000000051e+00,9.88850000000000051e+00,1.01127572432623755e-01,-1.02267914034817053e-02,-1.02267859061155632e-02,-4.16139271232388286e-06,-4.16139047538577602e-06,-4.16139047538577602e-06,-8.32278318770965803e-06,-8.32278095077155204e-06
9.89574999999999960e+00,9.89574999999999960e+00,1.01053482555642574e-01,-1.02118118178955442e-02,-1.02118063366235575e-02,-4.14921093092840196e-06,-4.14920870380611949e-06,-4.14920870380611949e-06,-8.29841963473452061e-06,-8.29841740761223898e-06
9.90300000000000047e+00,9.90300000000000047e+00,1.00979501161264265e-01,-1.01968651200161631e-02,-1.01968596547777710e-02,-4.13707369209267094e-06,-4.13707147473530615e-06,-4.13707147473530615e-06,-8.27414516682797624e-06,-8.27414294947061230e-06
9.91025000000000134e+00,9.91025000000000134e+00,1.00905628011402321e-01,-1.01819512136396284e-02,-1.01819457643755017e-02,-4.12498080051583726e-06,-4.12497859287317382e-06,-4.12497859287317466e-06,-8.24995939338901108e-06,-8.24995718574634933e-06
9.91750000000000043e+00,9.91750000000000043e+00,1.00831862868666494e-01,-1.01670700029119487e-02,-1.01670645695655648e-02,-4.11293206189471856e-06,-4.11292986391786402e-06,-4.11292986391786402e-06,-8.22586192581258342e-06,-8.22585972783572803e-06
9.92475000000000129e+00,9.92475000000000129e+00,1.00758205496360095e-01,-1.01522213923352922e-02,-1.01522159748467303e-02,-4.10092728292110138e-06,-4.10092509455997408e-06,-4.10092509455997408e-06,-8.20185237748107546e-06,-8.20185018911994815e-06
9.93200000000000038e+00,9.93200000000000038e+00,1.00684655658477645e-01,-1.01374052867528874e-02,-1.01373998850662148e-02,-4.08896627127048164e-06,-4.08896409247679730e-06,-4.08896409247679730e-06,-8.17793036374727810e-06,-8.17792818495359461e-06
9.93925000000000125e+00,9.93925000000000125e+00,1.00611213119702184e-01,-1.01226215913614581e-02,-1.01226162054181331e-02,-4.07704883560193836e-06,-4.07704666632654282e-06,-4.07704666632654282e-06,-8.15409550192848202e-06,-8.15409333265308564e-06
9.94650000000000034e+00,9.94650000000000034e+00,1.00537877645402896e-01,-1.01078702116987884e-02,-1.01078648414420040e-02,-4.06517478554802605e-06,-4.06517262574264521e-06,-4.06517262574264521e-06,-8.13034741129067210e-06,-8.13034525148529041e-06
9.95375000000000121e+00,9.95375000000000121e+00,1.00464649001632544e-01,-1.00931510536490521e-02,-1.00931456990212259e-02,-4.05334393171184058e-06,-4.05334178132807074e-06,-4.05334178132807074e-06,-8.10668571303991133e-06,-8.10668356265614149e-06
9.96100000000000030e+00,9.96100000000000030e+00,1.00391526955124988e-01,-1.00784640234374834e-02,-1.00784586843815863e-02,-4.04155608565985161e-06,-4.04155394464969311e-06,-4.04155394464969395e-06,-8.08311003030954556e-06,-8.08310788929938621e-06
9.96825000000000117e+00,9.96825000000000117e+00,1.00318511273292693e-01,-1.00638090276294889e-02,-1.00638037040897532e-02,-4.02981105991653743e-06,-4.02980892823267416e-06,-4.02980892823267501e-06,-8.05961998814921244e-06,-8.05961785646535002e-06
9.97550000000000026e+00,9.97550000000000026e+00,1.00245601724224351e-01,-1.00491859731333122e-02,-1.00491806650518118e-02,-4.01810866796048952e-06,-4.01810654555491928e-06,-4.01810654555491928e-06,-8.03621521351540880e-06,-8.03621309110983855e-06
9.98275000000000112e+00,9.98275000000000112e+00,1.00172798076682265e-01,-1.00345947671902636e-02,-1.00345894745117580e-02,-4.00644872421555084e-06,-4.00644661104152248e-06,-4.00644661104152248e-06,-8.01289533525707248e-06,-8.01289322208304496e-06
9.99000000000000021e+00,9.99000000000000021e+00,1.00100100100100092e-01,-1.00200353173800494e-02,-1.00200300400500597e-02,-3.99483104404806046e-06,-3.99482894005930142e-06,-3.99482894005930058e-06,-7.98965998410736103e-06,-7.98965788011860115e-06
9.99725000000000108e+00,9.99725000000000108e+00,1.00027507564580245e-01,-1.00055075316198838e-02,-1.00055022695821581e-02,-3.98325544376160702e-06,-3.98325334891131111e-06,-3.98325334891131111e-06,-7.96650879267291813e-06,-7.96650669782262223e-06
1.00045000000000002e+01,1.00045000000000002e+01,9.99550202408916039e-02,-9.99101131815915977e-03,-9.99100607135704893e-03,-3.97172174059007375e-06,-3.97171965483145088e-06,-3.97171965483145173e-06,-7.94344139542152548e-06,-7.94343930966290177e-06
1.00117500000000010e+01,1.00117500000000010e+01,9.98826379004669473e-02,-9.97654658557767249e-03,-9.97654135395579546e-03,-3.96022975269211331e-06,-3.96022767597905100e-06,-3.96022767597905100e-06,-7.92045742867116430e-06,-7.92045535195810199e-06
1.00190000000000001e+01,1.00190000000000001e+01,9.98103603154007341e-02,-9.96211324278473143e-03,-9.96210802629012189e-03,-3.94877929914602655e-06,-3.94877723143354226e-06,-3.94877723143354311e-06,-7.89755653057956965e-06,-7.89755446286708452e-06
1.00262500000000010e+01,1.00262500000000010e+01,9.97381872584465617e-02,-9.94771119902271295e-03,-9.94770599760095263e-03,-3.93737019994642103e-06,-3.93736814118912227e-06,-3.93736814118912227e-06,-7.87473834113554330e-06,-7.87473628237824454e-06
1.00335000000000001e+01,1.00335000000000001e+01,9.96661185030149055e-02,-9.93334036386173125e-03,-9.93333517745700889e-03,-3.92600227599737714e-06,-3.92600022614949195e-06,-3.92600022614949110e-06,-7.85200250214686824e-06,-7.85200045229898390e-06
1.00407500000000010e+01,1.00407500000000010e+01,9.95941538231705642e-02,-9.91900064719519747e-03,-9.91899547575336021e-03,-3.91467534910600302e-06,-3.91467330812258105e-06,-3.91467330812258190e-06,-7.82934865722858576e-06,-7.82934661624516210e-06
1.00480000000000000e+01,1.00480000000000000e+01,9.95222929936305789e-02,-9.90469195924159607e-03,-9.90468680271004882e-03,-3.90338924197849502e-06,-3.90338720981536943e-06,-3.90338720981537028e-06,-7.80677645179386444e-06,-7.80677441963074055e-06
1.00552500000000009e+01,1.00552500000000009e+01,9.94505357897615544e-02,-9.89041421054803749e-03,-9.89040906887064461e-03,-3.89214377821689693e-06,-3.89214175482867015e-06,-3.89214175482867015e-06,-7.78428553304556708e-06,-7.78428350965734029e-06
1.00625000000000000e+01,1.00625000000000000e+01,9.93788819875776330e-02,-9.87616731197515918e-03,-9.87616218510088337e-03,-3.88093878230856717e-06,-3.88093676765201255e-06,-3.88093676765201255e-06,-7.76187554996057887e-06,-7.76187353530402510e-06
1.00697500000000009e+01,1.00697500000000009e+01,9.93073313637379135e-02,-9.86195117471222460e-03,-9.86194606258724432e-03,-3.86977407962754922e-06,-3.86977207365850756e-06,-3.86977207365850841e-06,-7.73954615328605679e-06,-7.73954414731701682e-06
1.00770000000000000e+01,1.00770000000000000e+01,9.92358836955443135e-02,-9.84776571026380054e-03,-9.84776061283559705e-03,-3.85864949642479864e-06,-3.85864749909978665e-06,-3.85864749909978665e-06,-7.71729699552458614e-06,-7.71729499819957331e-06
1.00842500000000008e+01,1.00842500000000008e+01,9.91645387609390860e-02,-9.83361083045686257e-03,-9.83360574766978940e-03,-3.84756485982646436e-06,-3.84756287110093150e-06,-3.84756287110093150e-06,-7.69512773092739586e-06,-7.69512574220186300e-06
1.00914999999999999e+01,1.00914999999999999e+01,9.90932963385026955e-02,-9.81948644742658416e-03,-9.81948137923031178e-03,-3.83651999782384546e-06,-3.83651801765548752e-06,-3.83651801765548752e-06,-7.67303801547933382e-06,-7.67303603531097503e-06
1.00987500000000008e+01,1.00987500000000008e+01,9.90221562074514033e-02,-9.80539247362965938e-03,-9.80538741997290762e-03,-3.82551473927415602e-06,-3.82551276762045194e-06,-3.82551276762045194e-06,-7.65102750689460796e-06,-7.65102553524090388e-06
1.01059999999999999e+01,1.01059999999999999e+01,9.89511181476350754e-02,-9.79132882183719744e-03,-9.79132378266723419e-03,-3.81454891389333086e-06,-3.81454695071135004e-06,-3.81454695071135131e-06,-7.62909586460468218e-06,-7.62909390142270178e-06
1.01132500000000007e+01,1.01132500000000007e+01,9.88801819395347670e-02,-9.77729540513294637e-03,-9.77729038039549733e-03,-3.80362235225092385e-06,-3.80362039749729482e-06,-3.80362039749729439e-06,-7.60724274974821866e-06,-7.60724079499458879e-06
1.01204999999999998e+01,1.01204999999999998e+01,9.88093473642606551e-02,-9.76329213690352304e-03,-9.76328712655112445e-03,-3.79273488576196028e-06,-3.79273293939611694e-06,-3.79273293939611736e-06,-7.58546782515807764e-06,-7.58546587879223388e-06
1.01277500000000007e+01,1.01277500000000007e+01,9.87386142035496517e-02,-9.74931893085972945e-03,-9.74931393483741658e-03,-3.78188634669088409e-06,-3.78188440866949943e-06,-3.78188440866949943e-06,-7.56377075536038394e-06,-7.56376881733899886e-06
1.01349999999999998e+01,1.01349999999999998e+01,9.86679822397631967e-02,-9.73537570100813099e-03,-9.73537071926622657e-03,-3.77107656813620449e-06,-3.77107463841815930e-06,-3.77107463841815888e-06,-7.54215120655436337e-06,-7.54214927683631776e-06
1.01422500000000007e+01,1.01422500000000007e+01,9.85974512558850241e-02,-9.72146236166970823e-03,-9.72145739415662333e-03,-3.76030538403345978e-06,-3.76030346257704700e-06,-3.76030346257704700e-06,-7.52060884661050720e-06,-7.52060692515409400e-06
1.01494999999999997e+01,1.01494999999999997e+01,9.85270210355189968e-02,-9.70757882746742240e-03,-9.70757387413360290e-03,-3.74957262914614853e-06,-3.74957071591059920e-06,-3.74957071591059920e-06,-7.49914334505674773e-06,-7.49914143182119840e-06
1.01567500000000006e+01,1.01567500000000006e+01,9.84566913628867474e-02,-9.69372501333332082e-03,-9.69372007412673715e-03,-3.73887813906424565e-06,-3.73887623400798570e-06,-3.73887623400798570e-06,-7.47775437307223178e-06,-7.47775246801597140e-06
1.01639999999999997e+01,1.01639999999999997e+01,9.83864620228256659e-02,-9.67990083449699057e-03,-9.67989590936891610e-03,-3.72822175019555075e-06,-3.72821985327843081e-06,-3.72821985327843081e-06,-7.45644160347398155e-06,-7.45643970655686161e-06
1.01712500000000006e+01,1.01712500000000006e+01,9.83163328007865267e-02,-9.66610620649710484e-03,-9.66610129539501213e-03,-3.71760329976596469e-06,-3.71760141094652122e-06,-3.71760141094652165e-06,-7.43520471071248676e-06,-7.43520282189304330e-06
1.01784999999999997e+01,1.01784999999999997e+01,9.82463034828314624e-02,-9.65234104516543567e-03,-9.65233614804062064e-03,-3.70702262580919647e-06,-3.70702074504758548e-06,-3.70702074504758590e-06,-7.41404337085678237e-06,-7.41404149009517180e-06
1.01857500000000005e+01,1.01857500000000005e+01,9.81763738556316323e-02,-9.63860526663751216e-03,-9.63860038344075028e-03,-3.69647956716673567e-06,-3.69647769442306021e-06,-3.69647769442306021e-06,-7.39295726158979588e-06,-7.39295538884612042e-06
1.01929999999999996e+01,1.01929999999999996e+01,9.81065437064652240e-02,-9.62489878734640314e-03,-9.62489391802857051e-03,-3.68597396348138539e-06,-3.68597209871593189e-06,-3.68597209871593189e-06,-7.37194606219731728e-06,-7.37194419743186378e-06
1.02002500000000005e+01,1.02002500000000005e+01,9.80368128232151081e-02,-9.61122152402271723e-03,-9.61121666853411404e-03,-3.67550565519317738e-06,-3.67550379836615732e-06,-3.67550379836615775e-06,-7.35100945355933555e-06,-7.35100759673231465e-06
1.02075000000000014e+01,1.02075000000000014e+01,9.79671809943668676e-02,-9.59757339369193829e-03,-9.59756855198303817e-03,-3.66507448353433098e-06,-3.66507263460616802e-06,-3.66507263460616717e-06,-7.33014711814049773e-06,-7.33014526921233519e-06
1.02147500000000004e+01,1.02147500000000004e+01,9.78976480090065770e-02,-9.58395431367264905e-03,-9.58394948569534985e-03,-3.65468029052455077e-06,-3.65467844945635509e-06,-3.65467844945635466e-06,-7.30935873998090501e-06,-7.30935689891271017e-06
1.02220000000000013e+01,1.02220000000000013e+01,9.78282136568186106e-02,-9.57036420157830747e-03,-9.57035938728415143e-03,-3.64432291896771853e-06,-3.64432108572060664e-06,-3.64432108572060622e-06,-7.28864400468832432e-06,-7.28864217144121328e-06
1.02292500000000004e+01,1.02292500000000004e+01,9.77588777280836846e-02,-9.55680297531458223e-03,-9.55679817465441596e-03,-3.63400221244691559e-06,-3.63400038698188205e-06,-3.63400038698188205e-06,-7.26800259942879722e-06,-7.26800077396376411e-06
1.02365000000000013e+01,1.02365000000000013e+01,9.76896400136765403e-02,-9.54327055307757632e-03,-9.54326576600171214e-03,-3.62371801531980401e-06,-3.62371619759778156e-06,-3.62371619759778198e-06,-7.24743421291758599e-06,-7.24743239519556312e-06
1.02437500000000004e+01,1.02437500000000004e+01,9.76205003050640563e-02,-9.52976685334849805e-03,-9.52976207981101262e-03,-3.61347017271269819e-06,-3.61346836269619037e-06,-3.61346836269618994e-06,-7.22693853540888813e-06,-7.22693672539238073e-06
1.02510000000000012e+01,1.02510000000000012e+01,9.75514583943029867e-02,-9.51629179490254273e-03,-9.51628703485542585e-03,-3.60325853052004223e-06,-3.60325672817089740e-06,-3.60325672817089655e-06,-7.20651525869093878e-06,-7.20651345634179395e-06
1.02582500000000003e+01,1.02582500000000003e+01,9.74825140740379625e-02,-9.50284529680001100e-03,-9.50284055019500959e-03,-3.59308293539718221e-06,-3.59308114067729574e-06,-3.59308114067729574e-06,-7.18616407607447753e-06,-7.18616228135459148e-06
1.02655000000000012e+01,1.02655000000000012e+01,9.74136671374993823e-02,-9.48942727838630873e-03,-9.48942254517552708e-03,-3.58294323475652108e-06,-3.58294144762806194e-06,-3.58294144762806110e-06,-7.16588468238458217e-06,-7.16588289525612304e-06
1.02727500000000003e+01,1.02727500000000003e+01,9.73449173785013722e-02,-9.47603765928928254e-03,-9.47603293942725876e-03,-3.57283927676271048e-06,-3.57283749718890305e-06,-3.57283749718890305e-06,-7.14567677395161310e-06,-7.14567499437780609e-06
1.02800000000000011e+01,1.02800000000000011e+01,9.72762645914396762e-02,-9.46267635942543706e-03,-9.46267165286378102e-03,-3.56277091033119935e-06,-3.56276913827429687e-06,-3.56276913827429730e-06,-7.12554004860549665e-06,-7.12553827654859374e-06
1.02872500000000002e+01,1.02872500000000002e+01,9.72077085712896999e-02,-9.44934329898838854e-03,-9.44933860568078834e-03,-3.55273798512011470e-06,-3.55273622054329073e-06,-3.55273622054329115e-06,-7.10547420566340585e-06,-7.10547244108658145e-06
1.02945000000000011e+01,1.02945000000000011e+01,9.71392491136043451e-02,-9.43603839845508219e-03,-9.43603371835488244e-03,-3.54274035152886188e-06,-3.54273859439529334e-06,-3.54273859439529334e-06,-7.08547894592415565e-06,-7.08547718879058668e-06
1.03017500000000002e+01,1.03017500000000002e+01,9.70708860145120950e-02,-9.42276157858135122e-03,-9.42275691164239960e-03,-3.53277786069274211e-06,-3.53277611096592739e-06,-3.53277611096592782e-06,-7.06555397165867035e-06,-7.06555222193185563e-06
1.03090000000000011e+01,1.03090000000000011e+01,9.70026190707149044e-02,-9.40951276040369322e-03,-9.40950810657822240e-03,-3.52285036447991332e-06,-3.52284862212287775e-06,-3.52284862212287859e-06,-7.04569898660279149e-06,-7.04569724424575634e-06
1.03162500000000001e+01,1.03162500000000001e+01,9.69344480794862434e-02,-9.39629186523216475e-03,-9.39628722447461394e-03,-3.51295771548506708e-06,-3.51295598046179607e-06,-3.51295598046179607e-06,-7.02591369594686272e-06,-7.02591196092359214e-06
1.03235000000000010e+01,1.03235000000000010e+01,9.68663728386690431e-02,-9.38309881465393403e-03,-9.38309418692004002e-03,-3.50309976702710132e-06,-3.50309803930219441e-06,-3.50309803930219399e-06,-7.00619780632929488e-06,-7.00619607860438798e-06
1.03307500000000001e+01,1.03307500000000001e+01,9.67983931466737668e-02,-9.36993353053505729e-03,-9.36992891577801898e-03,-3.49327637314617018e-06,-3.49327465268340739e-06,-3.49327465268340739e-06,-6.98655102582957799e-06,-6.98654930536681478e-06
1.03380000000000010e+01,1.03380000000000010e+01,9.67305088024762866e-02,-9.35679593501159701e-03,-9.35679133318594210e-03,-3.48348738859675141e-06,-3.48348567536053830e-06,-3.48348567536053873e-06,-6.96697306395729014e-06,-6.96697135072107661e-06
1.03452500000000001e+01,1.03452500000000001e+01,9.66627196056161070e-02,-9.34368595049228645e-03,-9.34368136155395990e-03,-3.47373266884507271e-06,-3.47373096280047045e-06,-3.47373096280047087e-06,-6.94746363164554316e-06,-6.94746192560094089e-06
1.03525000000000009e+01,1.03525000000000009e+01,9.65950253561941447e-02,-9.33060349966030600e-03,-9.33059892356379039e-03,-3.46401207006620891e-06,-3.46401037117786107e-06,-3.46401037117786064e-06,-6.92802244124406913e-06,-6.92802074235572129e-06
1.03597500000000000e+01,1.03597500000000000e+01,9.65274258548710212e-02,-9.31754850546795410e-03,-9.31754394216762274e-03,-3.45432544913856866e-06,-3.45432375737120520e-06,-3.45432375737120520e-06,-6.90864920650977428e-06,-6.90864751474241040e-06
1.03670000000000009e+01,1.03670000000000009e+01,9.64599209028648569e-02,-9.30452089113664726e-03,-9.30451634058694459e-03,-3.44467266364037625e-06,-3.44467097895888131e-06,-3.44467097895888131e-06,-6.88934364259925799e-06,-6.88934195791776263e-06
1.03742500000000000e+01,1.03742500000000000e+01,9.63925103019495355e-02,-9.29152058015336735e-03,-9.29151604231144741e-03,-3.43505357184487786e-06,-3.43505189421526297e-06,-3.43505189421526297e-06,-6.87010546606014083e-06,-6.87010378843052595e-06
1.03815000000000008e+01,1.03815000000000008e+01,9.63251938544526232e-02,-9.27854749627687880e-03,-9.27854297109787819e-03,-3.42546803271916415e-06,-3.42546636210681701e-06,-3.42546636210681617e-06,-6.85093439482598075e-06,-6.85093272421363318e-06
1.03887499999999999e+01,1.03887499999999999e+01,9.62579713632535222e-02,-9.26560156352884690e-03,-9.26559705096893435e-03,-3.41591590591744063e-06,-3.41591424228825503e-06,-3.41591424228825545e-06,-6.83183014820569608e-06,-6.83182848457651006e-06
1.03960000000000008e+01,1.03960000000000008e+01,9.61908426317814452e-02,-9.25268270619827859e-03,-9.25267820621214314e-03,-3.40639705177924289e-06,-3.40639539509868954e-06,-3.40639539509868996e-06,-6.81279244687793285e-06,-6.81279079019737992e-06
1.04032499999999999e+01,1.04032499999999999e+01,9.61238074640136525e-02,-9.23979084883352897e-03,-9.23978636137876702e-03,-3.39691133132309114e-06,-3.39690968155783377e-06,-3.39690968155783335e-06,-6.79382101288092491e-06,-6.79381936311566670e-06
1.04105000000000008e+01,1.04105000000000008e+01,9.60568656644733565e-02,-9.22692591625029479e-03,-9.22692144128268131e-03,-3.38745860624604248e-06,-3.38745696336219427e-06,-3.38745696336219470e-06,-6.77491556960823675e-06,-6.77491392672438939e-06
1.04177499999999998e+01,1.04177499999999998e+01,9.59900170382280288e-02,-9.21408783352184457e-03,-9.21408337099930731e-03,-3.37803873891674737e-06,-3.37803710288133334e-06,-3.37803710288133250e-06,-6.75607584179807987e-06,-6.75607420576266584e-06
1.04250000000000007e+01,1.04250000000000007e+01,9.59232613908872905e-02,-9.20127652598701218e-03,-9.20127207586448823e-03,-3.36865159237503250e-06,-3.36864996315409975e-06,-3.36864996315409933e-06,-6.73730155552913183e-06,-6.73729992630819866e-06
1.04322499999999998e+01,1.04322499999999998e+01,9.58565985286012195e-02,-9.18849191923865050e-03,-9.18848748147343269e-03,-3.35929703032436003e-06,-3.35929540788493823e-06,-3.35929540788493781e-06,-6.71859243820929784e-06,-6.71859081576987562e-06
1.04395000000000007e+01,1.04395000000000007e+01,9.57900282580583240e-02,-9.17573393912984869e-03,-9.17572951367961326e-03,-3.34997491713079509e-06,-3.34997330144017225e-06,-3.34997330144017182e-06,-6.69994821857096649e-06,-6.69994660288034450e-06
1.04467499999999998e+01,1.04467499999999998e+01,9.57235503864838355e-02,-9.16300251177126768e-03,-9.16299809859370991e-03,-3.34068511781876635e-06,-3.34068350884435330e-06,-3.34068350884435288e-06,-6.68136862666311881e-06,-6.68136701768870575e-06
1.04540000000000006e+01,1.04540000000000006e+01,9.56571647216376414e-02,-9.15029756353114010e-03,-9.15029316258251721e-03,-3.33142749806779482e-06,-3.33142589577659496e-06,-3.33142589577659496e-06,-6.66285339384438936e-06,-6.66285179155318993e-06
1.04612499999999997e+01,1.04612499999999997e+01,9.55908710718126470e-02,-9.13761902102816492e-03,-9.13761463226790693e-03,-3.32220192420667469e-06,-3.32220032856696368e-06,-3.32220032856696411e-06,-6.64440225277363880e-06,-6.64440065713392736e-06
1.04685000000000006e+01,1.04685000000000006e+01,9.55246692458327357e-02,-9.12496681114127739e-03,-9.12496243452574213e-03,-3.31300826321381133e-06,-3.31300667419286109e-06,-3.31300667419286066e-06,-6.62601493740667242e-06,-6.62601334838572133e-06
1.04757499999999997e+01,1.04757499999999997e+01,9.54585590530511036e-02,-9.11234086099810270e-03,-9.11233649648484495e-03,-3.30384638270982286e-06,-3.30384480027545630e-06,-3.30384480027545587e-06,-6.60769118298527873e-06,-6.60768960055091259e-06
1.04830000000000005e+01,1.04830000000000005e+01,9.53925403033482749e-02,-9.09974109797762054e-03,-9.09973674552592461e-03,-3.29471615095533576e-06,-3.29471457507611652e-06,-3.29471457507611609e-06,-6.58943072603145185e-06,-6.58942915015223219e-06
1.04902499999999996e+01,1.04902499999999996e+01,9.53266128071304369e-02,-9.08716744971194146e-03,-9.08716310928056430e-03,-3.28561743684847298e-06,-3.28561586749288466e-06,-3.28561586749288466e-06,-6.57123330434135806e-06,-6.57123173498576932e-06
1.04975000000000005e+01,1.04975000000000005e+01,9.52607763753274550e-02,-9.07461984408275413e-03,-9.07461551563014564e-03,-3.27655010992042059e-06,-3.27654854705694933e-06,-3.27654854705694890e-06,-6.55309865697736949e-06,-6.55309709411389865e-06
1.05047500000000014e+01,1.05047500000000014e+01,9.51950308193912215e-02,-9.06209820922043718e-03,-9.06209389270484431e-03,-3.26751404033199642e-06,-3.26751248392916562e-06,-3.26751248392916562e-06,-6.53502652426116162e-06,-6.53502496785833125e-06
1.05120000000000005e+01,1.05120000000000005e+01,9.51293759512937542e-02,-9.04960247350228286e-03,-9.04959816888258745e-03,-3.25850909886990748e-06,-3.25850754889658149e-06,-3.25850754889658149e-06,-6.51701664776648897e-06,-6.51701509779316298e-06
1.05192500000000013e+01,1.05192500000000013e+01,9.50638115835254344e-02,-9.03713256555249700e-03,-9.03712827278802325e-03,-3.24953515694366672e-06,-3.24953361336897924e-06,-3.24953361336897924e-06,-6.49906877031264596e-06,-6.49906722673795847e-06
1.05265000000000004e+01,1.05265000000000004e+01,9.49983375290932436e-02,-9.02468841424219903e-03,-9.02468413329152522e-03,-3.24059208658254038e-06,-3.24059054937546584e-06,-3.24059054937546584e-06,-6.48118263595800580e-06,-6.48118109875093169e-06
1.05337500000000013e+01,1.05337500000000013e+01,9.49329536015189185e-02,-9.01226994868586928e-03,-9.01226567950814267e-03,-3.23167976043121745e-06,-3.23167822956104458e-06,-3.23167822956104500e-06,-6.46335798999226246e-06,-6.46335645912208916e-06
1.05410000000000004e+01,1.05410000000000004e+01,9.48676596148372991e-02,-8.99987709824046078e-03,-8.99987284079663101e-03,-3.22279805174648051e-06,-3.22279652718325228e-06,-3.22279652718325270e-06,-6.44559457892973321e-06,-6.44559305436650540e-06
1.05482500000000012e+01,1.05482500000000012e+01,9.48024553835944278e-02,-8.98750979250895199e-03,-8.98750554675841092e-03,-3.21394683439546624e-06,-3.21394531610877460e-06,-3.21394531610877460e-06,-6.42789215050424084e-06,-6.42789063221754920e-06
1.05555000000000003e+01,1.05555000000000003e+01,9.47373407228459113e-02,-8.97516796133501771e-03,-8.97516372723659861e-03,-3.20512598285077561e-06,-3.20512447081011932e-06,-3.20512447081011847e-06,-6.41025045366089408e-06,-6.41024894162023779e-06
1.05627500000000012e+01,1.05627500000000012e+01,9.46723154481550616e-02,-8.96285153480036456e-03,-8.96284731231497891e-03,-3.19633537218654777e-06,-3.19633386636227475e-06,-3.19633386636227517e-06,-6.39266923854882252e-06,-6.39266773272455035e-06
1.05700000000000003e+01,1.05700000000000003e+01,9.46073793755912995e-02,-8.95056044323006006e-03,-8.95055623231705809e-03,-3.18757487807742423e-06,-3.18757337843943135e-06,-3.18757337843943093e-06,-6.37514825651685515e-06,-6.37514675687886185e-06
1.05772500000000012e+01,1.05772500000000012e+01,9.45425323217282260e-02,-8.93829461718542717e-03,-8.93829041780502646e-03,-3.17884437679307355e-06,-3.17884288331167189e-06,-3.17884288331167189e-06,-6.35768726010474587e-06,-6.35768576662334378e-06
1.05845000000000002e+01,1.05845000000000002e+01,9.44777741036421093e-02,-8.92605398746315615e-03,-8.92604979957882863e-03,-3.17014374519497398e-06,-3.17014225784173541e-06,-3.17014225784173499e-06,-6.34028600303670896e-06,-6.34028451568347082e-06
1.05917500000000011e+01,1.05917500000000011e+01,9.44131045389099977e-02,-8.91383848510596266e-03,-8.91383430867514689e-03,-3.16147286073729808e-06,-3.16147137948175356e-06,-3.16147137948175398e-06,-6.32294424021905249e-06,-6.32294275896350797e-06
1.05990000000000002e+01,1.05990000000000002e+01,9.43485234456080679e-02,-8.90164804138304788e-03,-8.90164387636645585e-03,-3.15283160145709697e-06,-3.15283012627004504e-06,-3.15283012627004546e-06,-6.30566172772714243e-06,-6.30566025254009008e-06
1.06062500000000011e+01,1.06062500000000011e+01,9.42840306423099461e-02,-8.88948258779898026e-03,-8.88947843416004052e-03,-3.14421984597459801e-06,-3.14421837682790023e-06,-3.14421837682790108e-06,-6.28843822280249909e-06,-6.28843675365580131e-06
1.06135000000000002e+01,1.06135000000000002e+01,9.42196259480849868e-02,-8.87734205609813642e-03,-8.87733791379704922e-03,-3.13563747349193766e-06,-3.13563601035641417e-06,-3.13563601035641375e-06,-6.27127348384835183e-06,-6.27127202071282749e-06
1.06207500000000010e+01,1.06207500000000010e+01,9.41553091824965244e-02,-8.86522637825404303e-03,-8.86522224725151339e-03,-3.12708436378655037e-06,-3.12708290663330168e-06,-3.12708290663330168e-06,-6.25416727041985247e-06,-6.25416581326660336e-06
1.06280000000000001e+01,1.06280000000000001e+01,9.40910801656003049e-02,-8.85313548647204129e-03,-8.85313136672942307e-03,-3.11856039720932165e-06,-3.11855894600977818e-06,-3.11855894600977776e-06,-6.23711934321909898e-06,-6.23711789201955637e-06
1.06352500000000010e+01,1.06352500000000010e+01,9.40269387179426819e-02,-8.84106931318928702e-03,-8.84106520466774841e-03,-3.11006545468178648e-06,-3.11006400940741382e-06,-3.11006400940741340e-06,-6.22012946408920031e-06,-6.22012801881482765e-06
1.06425000000000001e+01,1.06425000000000001e+01,9.39628846605590762e-02,-8.82902779106942148e-03,-8.82902369373352904e-03,-3.10159941769148973e-06,-3.10159797831504687e-06,-3.10159797831504687e-06,-6.20319739600653617e-06,-6.20319595663009374e-06
1.06497500000000009e+01,1.06497500000000009e+01,9.38989178149721715e-02,-8.81701085301322962e-03,-8.81700676682289908e-03,-3.09316216829297077e-06,-3.09316073478567976e-06,-3.09316073478567976e-06,-6.18632290307865054e-06,-6.18632146957135953e-06
1.06570000000000000e+01,1.06570000000000000e+01,9.38350380031903880e-02,-8.80501843214176461e-03,-8.80501435706018513e-03,-3.08475358909909881e-06,-3.08475216143342982e-06,-3.08475216143342939e-06,-6.16950575053252778e-06,-6.16950432286685879e-06
1.06642500000000009e+01,1.06642500000000009e+01,9.37712450477061199e-02,-8.79305046180878236e-03,-8.79304639779694870e-03,-3.07637356328270891e-06,-3.07637214143046124e-06,-3.07637214143046124e-06,-6.15274570471316973e-06,-6.15274428286092248e-06
1.06715000000000000e+01,1.06715000000000000e+01,9.37075387714941671e-02,-8.78110687559008340e-03,-8.78110282261108238e-03,-3.06802197457017386e-06,-3.06802055850397479e-06,-3.06802055850397437e-06,-6.13604253307414780e-06,-6.13604111700794958e-06
1.06787500000000009e+01,1.06787500000000009e+01,9.36439189980100561e-02,-8.76918760728973012e-03,-8.76918356530586966e-03,-3.05969870724087645e-06,-3.05969729693317794e-06,-3.05969729693317836e-06,-6.11939600417405482e-06,-6.11939459386635588e-06
1.06859999999999999e+01,1.06859999999999999e+01,9.35803855511884719e-02,-8.75729259093382950e-03,-8.75728855990908460e-03,-3.05140364612237975e-06,-3.05140224154631052e-06,-3.05140224154630967e-06,-6.10280588766868943e-06,-6.10280448309262019e-06
1.06932500000000008e+01,1.06932500000000008e+01,9.35169382554415091e-02,-8.74542176077675038e-03,-8.74541774067206026e-03,-3.04313667658992264e-06,-3.04313527771764834e-06,-3.04313527771764834e-06,-6.08627195430757141e-06,-6.08627055543529668e-06
1.07004999999999999e+01,1.07004999999999999e+01,9.34535769356572149e-02,-8.73357505128868894e-03,-8.73357104206880230e-03,-3.03489768455946273e-06,-3.03489629136457075e-06,-3.03489629136457033e-06,-6.06979397592403306e-06,-6.06979258272914066e-06
1.07077500000000008e+01,1.07077500000000008e+01,9.33903014171978130e-02,-8.72175239716810324e-03,-8.72174839879506086e-03,-3.02668655648936789e-06,-3.02668516894459648e-06,-3.02668516894459606e-06,-6.05337172543396395e-06,-6.05337033788919296e-06
1.07149999999999999e+01,1.07149999999999999e+01,9.33271115258982736e-02,-8.70995373332927869e-03,-8.70994974576745455e-03,-3.01850317937349513e-06,-3.01850179745248716e-06,-3.01850179745248674e-06,-6.03700497682598187e-06,-6.03700359490497432e-06
1.07222500000000007e+01,1.07222500000000007e+01,9.32640070880645378e-02,-8.69817899491209801e-03,-8.69817501812255103e-03,-3.01034744074198046e-06,-3.01034606441732214e-06,-3.01034606441732257e-06,-6.02069350515930346e-06,-6.02069212883464429e-06
1.07294999999999998e+01,1.07294999999999998e+01,9.32009879304720595e-02,-8.68642811726694219e-03,-8.68642415121599967e-03,-3.00221922865343987e-06,-3.00221785789963381e-06,-3.00221785789963338e-06,-6.00443708655307325e-06,-6.00443571579926677e-06
1.07367500000000007e+01,1.07367500000000007e+01,9.31380538803641689e-02,-8.67470103597067776e-03,-8.67469708062161907e-03,-2.99411843169793302e-06,-2.99411706648851876e-06,-2.99411706648851918e-06,-5.98823549818645178e-06,-5.98823413297703836e-06
1.07439999999999998e+01,1.07439999999999998e+01,9.30752047654504894e-02,-8.66299768681422222e-03,-8.66299374213053662e-03,-2.98604493899012735e-06,-2.98604357929880790e-06,-2.98604357929880748e-06,-5.97208851828893482e-06,-5.97208715859761495e-06
1.07512500000000006e+01,1.07512500000000006e+01,9.30124404139053562e-02,-8.65131800580520860e-03,-8.65131407175029343e-03,-2.97799864016767510e-06,-2.97799728596821320e-06,-2.97799728596821362e-06,-5.95599592613588872e-06,-5.95599457193642639e-06
1.07584999999999997e+01,1.07584999999999997e+01,9.29497606543663174e-02,-8.63966192916443276e-03,-8.63965800570398387e-03,-2.96997942538749148e-06,-2.96997807665453119e-06,-2.96997807665453119e-06,-5.93995750204202309e-06,-5.93995615330906238e-06
1.07657500000000006e+01,1.07657500000000006e+01,9.28871653159324684e-02,-8.62802939333118246e-03,-8.62802548042936740e-03,-2.96198718532507745e-06,-2.96198584203282535e-06,-2.96198584203282493e-06,-5.92397302735790280e-06,-5.92397168406564986e-06
1.07729999999999997e+01,1.07729999999999997e+01,9.28246542281630088e-02,-8.61642033495790827e-03,-8.61641643257802028e-03,-2.95402181117020792e-06,-2.95402047329266095e-06,-2.95402047329266052e-06,-5.90804228446286844e-06,-5.90804094658532189e-06
1.07802500000000006e+01,1.07802500000000006e+01,9.27622272210755772e-02,-8.60483469090755904e-03,-8.60483079901445437e-03,-2.94608319462354359e-06,-2.94608186213532209e-06,-2.94608186213532252e-06,-5.89216505675886653e-06,-5.89216372427064419e-06
1.07874999999999996e+01,1.07874999999999996e+01,9.26998841251448491e-02,-8.59327239825624645e-03,-8.59326851681528094e-03,-2.93817122789509869e-06,-2.93816990077108349e-06,-2.93816990077108433e-06,-5.87634112866618302e-06,-5.87633980154216782e-06
1.07947500000000005e+01,1.07947500000000005e+01,9.26376247713008583e-02,-8.58173339429235682e-03,-8.58172952326833466e-03,-2.93028580370148938e-06,-2.93028448191645837e-06,-2.93028448191645879e-06,-5.86057028561794859e-06,-5.86056896383291758e-06
1.08020000000000014e+01,1.08020000000000014e+01,9.25754489909275946e-02,-8.57021761651388658e-03,-8.57021375587183748e-03,-2.92242681526260238e-06,-2.92242549879149821e-06,-2.92242549879149821e-06,-5.84485231405410017e-06,-5.84485099758299642e-06
1.08092500000000005e+01,1.08092500000000005e+01,9.25133566158614085e-02,-8.55872500262844227e-03,-8.55872115233354859e-03,-2.91459415629918346e-06,-2.91459284511708642e-06,-2.91459284511708600e-06,-5.82918700141626904e-06,-5.82918569023417284e-06
1.08165000000000013e+01,1.08165000000000013e+01,9.24513474783894840e-02,-8.54725549055235234e-03,-8.54725165056991441e-03,-2.90678772103013626e-06,-2.90678641511225285e-06,-2.90678641511225285e-06,-5.81357413614238953e-06,-5.81357283022450569e-06
1.08237500000000004e+01,1.08237500000000004e+01,9.23894214112484097e-02,-8.53580901840977901e-03,-8.53580518870524635e-03,-2.89900740416984522e-06,-2.89900610349151788e-06,-2.89900610349151831e-06,-5.79801350766136352e-06,-5.79801220698303661e-06
1.08310000000000013e+01,1.08310000000000013e+01,9.23275782476225548e-02,-8.52438552453094189e-03,-8.52438170507086555e-03,-2.89125310092519744e-06,-2.89125180546222730e-06,-2.89125180546222730e-06,-5.78250490638742431e-06,-5.78250361092445459e-06
1.08382500000000004e+01,1.08382500000000004e+01,9.22658178211427094e-02,-8.51298494745389434e-03,-8.51298113820429629e-03,-2.88352470699384075e-06,-2.88352341672193278e-06,-2.88352341672193278e-06,-5.76704812371577353e-06,-5.76704683344386555e-06
1.08455000000000013e+01,1.08455000000000013e+01,9.22041399658844602e-02,-8.50160722592274709e-03,-8.50160342684841246e-03,-2.87582211856123306e-06,-2.87582083345575681e-06,-2.87582083345575681e-06,-5.75164295201698987e-06,-5.75164166691151361e-06
1.08527500000000003e+01,1.08527500000000003e+01,9.21425445163668172e-02,-8.49025229888500377e-03,-8.49024850995064133e-03,-2.86814523229742321e-06,-2.86814395233380795e-06,-2.86814395233380753e-06,-5.73628918463123031e-06,-5.73628790466761590e-06
1.08600000000000012e+01,1.08600000000000012e+01,9.20810313075506315e-02,-8.47892010548889630e-03,-8.47891632666212050e-03,-2.86049394535383439e-06,-2.86049267050857368e-06,-2.86049267050857326e-06,-5.72098661586240764e-06,-5.72098534101714736e-06
1.08672500000000003e+01,1.08672500000000003e+01,9.20196001748372350e-02,-8.46761058508871400e-03,-8.46760681633690511e-03,-2.85286815536277704e-06,-2.85286688561236615e-06,-2.85286688561236615e-06,-5.70573504097514362e-06,-5.70573377122473231e-06
1.08745000000000012e+01,1.08745000000000012e+01,9.19582509540668447e-02,-8.45632367724302725e-03,-8.45631991853113517e-03,-2.84526776043455547e-06,-2.84526649575475189e-06,-2.84526649575475189e-06,-5.69053425618930736e-06,-5.69053299150950378e-06
1.08817500000000003e+01,1.08817500000000003e+01,9.18969834815172165e-02,-8.44505932170669382e-03,-8.44505557300224800e-03,-2.83769265915251093e-06,-2.83769139952002252e-06,-2.83769139952002252e-06,-5.67538405867253346e-06,-5.67538279904004505e-06
1.08890000000000011e+01,1.08890000000000011e+01,9.18357975939020910e-02,-8.43381745843885255e-03,-8.43381371970815252e-03,-2.83014275057345240e-06,-2.83014149596465415e-06,-2.83014149596465415e-06,-5.66028424653810612e-06,-5.66028299192930829e-06
1.08962500000000002e+01,1.08962500000000002e+01,9.17746931283698469e-02,-8.42259802759759424e-03,-8.42259429880645553e-03,-2.82261793422362890e-06,-2.82261668461481404e-06,-2.82261668461481404e-06,-5.64523461883844294e-06,-5.64523336922962808e-06
1.09035000000000011e+01,1.09035000000000011e+01,9.17136699225019336e-02,-8.41140096953729710e-03,-8.41139725065363601e-03,-2.81511811009560016e-06,-2.81511686546384629e-06,-2.81511686546384586e-06,-5.63023497555944602e-06,-5.63023373092769258e-06
1.09107500000000002e+01,1.09107500000000002e+01,9.16527278143115659e-02,-8.40022622481217951e-03,-8.40022251580428182e-03,-2.80764317864722227e-06,-2.80764193896980815e-06,-2.80764193896980858e-06,-5.61528511761703084e-06,-5.61528387793961630e-06
1.09180000000000010e+01,1.09180000000000010e+01,9.15918666422421562e-02,-8.38907373417629998e-03,-8.38907003501027267e-03,-2.80019304079943441e-06,-2.80019180605298956e-06,-2.80019180605298956e-06,-5.60038484685242354e-06,-5.60038361210597911e-06
1.09252500000000001e+01,1.09252500000000001e+01,9.15310862451660101e-02,-8.37794343857556356e-03,-8.37793974922001854e-03,-2.79276759793140278e-06,-2.79276636809347193e-06,-2.79276636809347193e-06,-5.58553396602487471e-06,-5.58553273618694386e-06
1.09325000000000010e+01,1.09325000000000010e+01,9.14703864623827995e-02,-8.36683527915749181e-03,-8.36683159957766175e-03,-2.78536675188160399e-06,-2.78536552692868241e-06,-2.78536552692868283e-06,-5.57073227881028640e-06,-5.57073105385736566e-06
1.09397500000000001e+01,1.09397500000000001e+01,9.14097671336182305e-02,-8.35574919725790011e-03,-8.35574552742231191e-03,-2.77799040494122369e-06,-2.77798918485098273e-06,-2.77798918485098273e-06,-5.55597958979220642e-06,-5.55597836970196546e-06
1.09470000000000010e+01,1.09470000000000010e+01,9.13492280990225586e-02,-8.34468513441155579e-03,-8.34468147428725146e-03,-2.77063845985555247e-06,-2.77063724460524633e-06,-2.77063724460524633e-06,-5.54127570446079922e-06,-5.54127448921049266e-06
1.09542500000000000e+01,1.09542500000000000e+01,9.12887691991692701e-02,-8.33364303234240822e-03,-8.33363938189919662e-03,-2.76331081981860466e-06,-2.76330960938648197e-06,-2.76330960938648197e-06,-5.52662042920508620e-06,-5.52661921877296393e-06
1.09615000000000009e+01,1.09615000000000009e+01,9.12283902750535836e-02,-8.32262283297247052e-03,-8.32261919217749252e-03,-2.75600738847393745e-06,-2.75600618283743790e-06,-2.75600618283743706e-06,-5.51201357131137451e-06,-5.51201236567487496e-06
1.09687500000000000e+01,1.09687500000000000e+01,9.11680911680911726e-02,-8.31162447841204965e-03,-8.31162084723338287e-03,-2.74872806990930057e-06,-2.74872686904624969e-06,-2.74872686904625011e-06,-5.49745493895555068e-06,-5.49745373809250022e-06
1.09760000000000009e+01,1.09760000000000009e+01,9.11078717201166122e-02,-8.30064791096418730e-03,-8.30064428936922415e-03,-2.74147276865600736e-06,-2.74147157254408032e-06,-2.74147157254407990e-06,-5.48294434120008725e-06,-5.48294314508816064e-06
1.09832500000000000e+01,1.09832500000000000e+01,9.10477317733821984e-02,-8.28969307312021897e-03,-8.28968946107775002e-03,-2.73424138968538064e-06,-2.73424019830278880e-06,-2.73424019830278837e-06,-5.46848158798816944e-06,-5.46848039660557675e-06
1.09905000000000008e+01,1.09905000000000008e+01,9.09876711705563807e-02,-8.27875990756155034e-03,-8.27875630504129774e-03,-2.72703383840726406e-06,-2.72703265173259992e-06,-2.72703265173259950e-06,-5.45406649013986314e-06,-5.45406530346519985e-06
1.09977499999999999e+01,1.09977499999999999e+01,9.09276897547225543e-02,-8.26784835716054545e-03,-8.26784476413107774e-03,-2.71985002066825729e-06,-2.71984883867980632e-06,-2.71984883867980589e-06,-5.43969885934806360e-06,-5.43969767735961178e-06
1.10050000000000008e+01,1.10050000000000008e+01,9.08677873693775479e-02,-8.25695836497697400e-03,-8.25695478140641044e-03,-2.71268984274848287e-06,-2.71268866542445642e-06,-2.71268866542445642e-06,-5.42537850817293971e-06,-5.42537733084891283e-06
1.10122499999999999e+01,1.10122499999999999e+01,9.08079638584303878e-02,-8.24608987425712314e-03,-8.24608630011399932e-03,-2.70555321135926964e-06,-2.70555203867808911e-06,-2.70555203867808954e-06,-5.41110525003735918e-06,-5.41110407735617907e-06
1.10195000000000007e+01,1.10195000000000007e+01,9.07482190662008137e-02,-8.23524282843468569e-03,-8.23523926368717289e-03,-2.69844003364140821e-06,-2.69843886558144929e-06,-2.69843886558144971e-06,-5.39687889922285750e-06,-5.39687773116289857e-06
1.10267499999999998e+01,1.10267499999999998e+01,9.06885528374180988e-02,-8.22441717112543103e-03,-8.22441361574517346e-03,-2.69135021716140034e-06,-2.69134905370224826e-06,-2.69134905370224868e-06,-5.38269927086364945e-06,-5.38269810740449736e-06
1.10340000000000007e+01,1.10340000000000007e+01,9.06289650172194955e-02,-8.21361284613786324e-03,-8.21360930009239557e-03,-2.68428366991293954e-06,-2.68428251103290474e-06,-2.68428251103290474e-06,-5.36856618094584471e-06,-5.36856502206580949e-06
1.10412499999999998e+01,1.10412499999999998e+01,9.05694554511490973e-02,-8.20282979745723395e-03,-8.20282626071768169e-03,-2.67724030030969265e-06,-2.67723914598833115e-06,-2.67723914598833073e-06,-5.35447944629802295e-06,-5.35447829197666230e-06
1.10485000000000007e+01,1.10485000000000007e+01,9.05100239851563543e-02,-8.19206796926064129e-03,-8.19206444179357805e-03,-2.67022001718825344e-06,-2.67021886740370629e-06,-2.67021886740370629e-06,-5.34043888459195973e-06,-5.34043773480741258e-06
1.10557499999999997e+01,1.10557499999999997e+01,9.04506704655948235e-02,-8.18132730589837820e-03,-8.18132378767562861e-03,-2.66322272980009075e-06,-2.66322158453228241e-06,-2.66322158453228283e-06,-5.32644431433237400e-06,-5.32644316906456567e-06
1.10630000000000006e+01,1.10630000000000006e+01,9.03913947392208234e-02,-8.17060775191080779e-03,-8.17060424290163775e-03,-2.65624834781509665e-06,-2.65624720704318673e-06,-2.65624720704318630e-06,-5.31249555485828337e-06,-5.31249441408637346e-06
1.10702499999999997e+01,1.10702499999999997e+01,9.03321966531921150e-02,-8.15990925201770523e-03,-8.15990575219097299e-03,-2.64929678131616591e-06,-2.64929564501925260e-06,-2.64929564501925260e-06,-5.29859242633541809e-06,-5.29859129003850520e-06
1.10775000000000006e+01,1.10775000000000006e+01,9.02730760550665701e-02,-8.14923175111736953e-03,-8.14922826044383285e-03,-2.64236794079698014e-06,-2.64236680895484773e-06,-2.64236680895484773e-06,-5.28473474975182829e-06,-5.28473361790969545e-06
1.10847499999999997e+01,1.10847499999999997e+01,9.02140327928009217e-02,-8.13857519429017628e-03,-8.13857171274055997e-03,-2.63546173716124290e-06,-2.63546060975373201e-06,-2.63546060975373201e-06,-5.27092234691497533e-06,-5.27092121950746401e-06
1.10920000000000005e+01,1.10920000000000005e+01,9.01550667147493628e-02,-8.12793952679680132e-03,-8.12793605434090904e-03,-2.62857808172018650e-06,-2.62857695872690904e-06,-2.62857695872690904e-06,-5.25715504044709512e-06,-5.25715391745381807e-06
1.10992500000000014e+01,1.10992500000000014e+01,9.00961776696623529e-02,-8.11732469407555612e-03,-8.11732123068336503e-03,-2.62171688618981572e-06,-2.62171576759050727e-06,-2.62171576759050685e-06,-5.24343265378032257e-06,-5.24343153518101454e-06
1.11065000000000005e+01,1.11065000000000005e+01,9.00373655066852713e-02,-8.10673064174238789e-03,-8.10672718738443890e-03,-2.61487806268902105e-06,-2.61487694846366665e-06,-2.61487694846366665e-06,-5.22975501115268770e-06,-5.22975389692733330e-06
1.11137500000000014e+01,1.11137500000000014e+01,8.99786300753570856e-02,-8.09615731559176766e-03,-8.09615387023795464e-03,-2.60806152373798417e-06,-2.60806041386642824e-06,-2.60806041386642909e-06,-5.21612193760441325e-06,-5.21612082773285733e-06
1.11210000000000004e+01,1.11210000000000004e+01,8.99199712256091993e-02,-8.08560466159136126e-03,-8.08560122521438662e-03,-2.60126718225460386e-06,-2.60126607671766196e-06,-2.60126607671766196e-06,-5.20253325897226581e-06,-5.20253215343532392e-06
1.11282500000000013e+01,1.11282500000000013e+01,8.98613888077640088e-02,-8.07507262589179931e-03,-8.07506919846013443e-03,-2.59449495155577675e-06,-2.59449385033296847e-06,-2.59449385033296889e-06,-5.18898880188874522e-06,-5.18898770066593694e-06
1.11355000000000004e+01,1.11355000000000004e+01,8.98028826725337792e-02,-8.06456115481068991e-03,-8.06455773629686894e-03,-2.58774474535042030e-06,-2.58774364842263869e-06,-2.58774364842263827e-06,-5.17548839377305857e-06,-5.17548729684527738e-06
1.11427500000000013e+01,1.11427500000000013e+01,8.97444526710192564e-02,-8.05407019484682962e-03,-8.05406678522081580e-03,-2.58101647774220022e-06,-2.58101538508957728e-06,-2.58101538508957686e-06,-5.16203186283177751e-06,-5.16203077017915372e-06
1.11500000000000004e+01,1.11500000000000004e+01,8.96860986547085154e-02,-8.04359969266776886e-03,-8.04359629190210847e-03,-2.57431006322372368e-06,-2.57430897482728460e-06,-2.57430897482728502e-06,-5.14861903805100912e-06,-5.14861794965457004e-06
1.11572500000000012e+01,1.11572500000000012e+01,8.96278204754755725e-02,-8.03314959511869375e-03,-8.03314620318407863e-03,-2.56762541667756925e-06,-2.56762433251781025e-06,-2.56762433251780983e-06,-5.13524974919537866e-06,-5.13524866503562050e-06
1.11645000000000003e+01,1.11645000000000003e+01,8.95696179855792890e-02,-8.02271984921443249e-03,-8.02271646608260919e-03,-2.56096245337193109e-06,-2.56096137342974988e-06,-2.56096137342974988e-06,-5.12192382680168097e-06,-5.12192274685949975e-06
1.11717500000000012e+01,1.11717500000000012e+01,8.95114910376619555e-02,-8.01231040214567258e-03,-8.01230702778543691e-03,-2.55432108896081117e-06,-2.55432001321622836e-06,-2.55432001321622836e-06,-5.10864110217703996e-06,-5.10864002643245672e-06
1.11790000000000003e+01,1.11790000000000003e+01,8.94534394847481817e-02,-8.00192120126652640e-03,-8.00191783565150534e-03,-2.54770123947827771e-06,-2.54770016791291946e-06,-2.54770016791291946e-06,-5.09540140739119717e-06,-5.09540033582583892e-06
1.11862500000000011e+01,1.11862500000000011e+01,8.93954631802435923e-02,-7.99155219410696560e-03,-7.99154883721028830e-03,-2.54110282134065725e-06,-2.54110175393605147e-06,-2.54110175393605189e-06,-5.08220457527670914e-06,-5.08220350787210378e-06
1.11935000000000002e+01,1.11935000000000002e+01,8.93375619779336189e-02,-7.98120332837015667e-03,-7.98119998016113066e-03,-2.53452575134392668e-06,-2.53452468808045016e-06,-2.53452468808045016e-06,-5.06905043942437684e-06,-5.06904937616090031e-06
1.12007500000000011e+01,1.12007500000000011e+01,8.92797357319822238e-02,-7.97087455192180272e-03,-7.97087121237258396e-03,-2.52796994665856834e-06,-2.52796888751756644e-06,-2.52796888751756602e-06,-5.05593883417613478e-06,-5.05593777503513289e-06
1.12080000000000002e+01,1.12080000000000002e+01,8.92219842969307619e-02,-7.96056581279813713e-03,-7.96056248188175934e-03,-2.52143532483038402e-06,-2.52143426979354178e-06,-2.52143426979354178e-06,-5.04286959462392622e-06,-5.04286853958708356e-06
1.12152500000000011e+01,1.12152500000000011e+01,8.91643075276966485e-02,-7.95027705920592354e-03,-7.95027373689366143e-03,-2.51492180377875516e-06,-2.51492075282726208e-06,-2.51492075282726208e-06,-5.02984255660601766e-06,-5.02984150565452417e-06
1.12225000000000001e+01,1.12225000000000001e+01,8.91067052795722903e-02,-7.94000823951446222e-03,-7.94000492578055515e-03,-2.50842930179240046e-06,-2.50842825490844515e-06,-2.50842825490844515e-06,-5.01685755670084604e-06,-5.01685650981689031e-06
1.12297500000000010e+01,1.12297500000000010e+01,8.90491774082236842e-02,-7.92975930226713643e-03,-7.92975599708129614e-03,-2.50195773753130929e-06,-2.50195669469571111e-06,-2.50195669469571069e-06,-5.00391443222701956e-06,-5.00391338939142222e-06
1.12370000000000001e+01,1.12370000000000001e+01,8.89917237696894181e-02,-7.91953019616453702e-03,-7.91952689950070447e-03,-2.49550703001972270e-06,-2.49550599121469691e-06,-2.49550599121469649e-06,-4.99101302123441876e-06,-4.99101198242939382e-06
1.12442500000000010e+01,1.12442500000000010e+01,8.89343442203792967e-02,-7.90932087007956142e-03,-7.90931758190891246e-03,-2.48907709864919925e-06,-2.48907606385615010e-06,-2.48907606385615053e-06,-4.97815316250535020e-06,-4.97815212771230021e-06
1.12515000000000001e+01,1.12515000000000001e+01,8.88770386170732729e-02,-7.89913127304320284e-03,-7.89912799334073490e-03,-2.48266786317246942e-06,-2.48266683237406450e-06,-2.48266683237406407e-06,-4.96533469554653349e-06,-4.96533366474812815e-06
1.12587500000000009e+01,1.12587500000000009e+01,8.88198068169201715e-02,-7.88896135425787293e-03,-7.88895808299501858e-03,-2.47627924370594828e-06,-2.47627821688379214e-06,-2.47627821688379257e-06,-4.95255746058974084e-06,-4.95255643376758513e-06
1.12660000000000000e+01,1.12660000000000000e+01,8.87626486774365370e-02,-7.87881106308585544e-03,-7.87880780023402644e-03,-2.46991116072445001e-06,-2.46991013786020271e-06,-2.46991013786020313e-06,-4.93982129858465314e-06,-4.93982027572040626e-06
1.12732500000000009e+01,1.12732500000000009e+01,8.87055640565054399e-02,-7.86868034904752989e-03,-7.86867709458278879e-03,-2.46356353505898269e-06,-2.46356251613582087e-06,-2.46356251613582087e-06,-4.92712605119480357e-06,-4.92712503227164175e-06
1.12805000000000000e+01,1.12805000000000000e+01,8.86485528123753391e-02,-7.85856916183469423e-03,-7.85856591572849962e-03,-2.45723628789928596e-06,-2.45723527289900138e-06,-2.45723527289900181e-06,-4.91447156079828735e-06,-4.91447054579800361e-06
1.12877500000000008e+01,1.12877500000000008e+01,8.85916148036588330e-02,-7.84847745129546581e-03,-7.84847421351986263e-03,-2.45092934078746306e-06,-2.45092832969209184e-06,-2.45092832969209142e-06,-4.90185767047955490e-06,-4.90185665938418284e-06
1.12949999999999999e+01,1.12949999999999999e+01,8.85347498893315626e-02,-7.83840516743605775e-03,-7.83840193796649445e-03,-2.44464261561692667e-06,-2.44464160840962472e-06,-2.44464160840962515e-06,-4.88928422402655224e-06,-4.88928321681924945e-06
1.13022500000000008e+01,1.13022500000000008e+01,8.84779579287310047e-02,-7.82835226042966070e-03,-7.82834903923829324e-03,-2.43837603463355302e-06,-2.43837503129650682e-06,-2.43837503129650682e-06,-4.87675106593005942e-06,-4.87675006259301365e-06
1.13094999999999999e+01,1.13094999999999999e+01,8.84212387815553336e-02,-7.81831868060489654e-03,-7.81831546766482456e-03,-2.43212952043048026e-06,-2.43212852094622822e-06,-2.43212852094622822e-06,-4.86425804137670848e-06,-4.86425704189245644e-06
1.13167500000000008e+01,1.13167500000000008e+01,8.83645923078622275e-02,-7.80830437844848291e-03,-7.80830117373470470e-03,-2.42590299594734271e-06,-2.42590200029907123e-06,-2.42590200029907123e-06,-4.85180499624641436e-06,-4.85180400059814245e-06
1.13239999999999998e+01,1.13239999999999998e+01,8.83080183680678282e-02,-7.79830930460967409e-03,-7.79830610809500394e-03,-2.41969638447007312e-06,-2.41969539264034559e-06,-2.41969539264034601e-06,-4.83939177711041913e-06,-4.83939078528069202e-06
1.13312500000000007e+01,1.13312500000000007e+01,8.82515168229453945e-02,-7.78833340989404377e-03,-7.78833022155061335e-03,-2.41350960962738616e-06,-2.41350862159861226e-06,-2.41350862159861226e-06,-4.82701823122599884e-06,-4.82701724319722451e-06
1.13384999999999998e+01,1.13384999999999998e+01,8.81950875336243723e-02,-7.77837664525904415e-03,-7.77837346506366541e-03,-2.40734259538784394e-06,-2.40734161114393978e-06,-2.40734161114393978e-06,-4.81468420653178372e-06,-4.81468322228787956e-06
1.13457500000000007e+01,1.13457500000000007e+01,8.81387303615891321e-02,-7.76843896182644045e-03,-7.76843578975291386e-03,-2.40119526606214931e-06,-2.40119428558615220e-06,-2.40119428558615263e-06,-4.80238955164830194e-06,-4.80238857117230440e-06
1.13529999999999998e+01,1.13529999999999998e+01,8.80824451686778864e-02,-7.75852031087165273e-03,-7.75851714689314645e-03,-2.39506754629829616e-06,-2.39506656957310452e-06,-2.39506656957310409e-06,-4.79013411587139983e-06,-4.79013313914620903e-06
1.13602500000000006e+01,1.13602500000000006e+01,8.80262318170814823e-02,-7.74862064382375593e-03,-7.74861748791456830e-03,-2.38895936108002617e-06,-2.38895838808894243e-06,-2.38895838808894201e-06,-4.77791774916896818e-06,-4.77791677617788486e-06
1.13674999999999997e+01,1.13674999999999997e+01,8.79700901693424298e-02,-7.73873991226814439e-03,-7.73873676440223722e-03,-2.38287063572613125e-06,-2.38286966645240957e-06,-2.38286966645240957e-06,-4.76574030217854082e-06,-4.76573933290481914e-06
1.13747500000000006e+01,1.13747500000000006e+01,8.79140200883535838e-02,-7.72887806794475551e-03,-7.72887492809543747e-03,-2.37680129588837450e-06,-2.37680033031512292e-06,-2.37680033031512250e-06,-4.75360162620349657e-06,-4.75360066063024499e-06
1.13819999999999997e+01,1.13819999999999997e+01,8.78580214373572282e-02,-7.71903506274362883e-03,-7.71903193088712292e-03,-2.37075126754861537e-06,-2.37075030565989189e-06,-2.37075030565989189e-06,-4.74150157320850725e-06,-4.74150061131978378e-06
1.13892500000000005e+01,1.13892500000000005e+01,8.78020940799437988e-02,-7.70921084871289963e-03,-7.70920772482330211e-03,-2.36472047701976218e-06,-2.36471951879902552e-06,-2.36471951879902552e-06,-4.72943999581878812e-06,-4.72943903759805103e-06
1.13965000000000014e+01,1.13965000000000014e+01,8.77462378800508841e-02,-7.69940537804991720e-03,-7.69940226210247616e-03,-2.35870885094154752e-06,-2.35870789637266212e-06,-2.35870789637266254e-06,-4.71741674731421006e-06,-4.71741579274532424e-06
1.14037500000000005e+01,1.14037500000000005e+01,8.76904527019620739e-02,-7.68961860310568568e-03,-7.68961549507504727e-03,-2.35271631628040204e-06,-2.35271536534710191e-06,-2.35271536534710233e-06,-4.70543168162750480e-06,-4.70543073069420466e-06
1.14110000000000014e+01,1.14110000000000014e+01,8.76347384103058347e-02,-7.67985047638308771e-03,-7.67984737624273321e-03,-2.34674280032743049e-06,-2.34674185301314638e-06,-2.34674185301314596e-06,-4.69348465334057602e-06,-4.69348370602629192e-06
1.14182500000000005e+01,1.14182500000000005e+01,8.75790948700545108e-02,-7.67010095053244356e-03,-7.67009785825800879e-03,-2.34078823069558554e-06,-2.34078728698445974e-06,-2.34078728698445974e-06,-4.68157551768004486e-06,-4.68157457396891948e-06
1.14255000000000013e+01,1.14255000000000013e+01,8.75235219465231168e-02,-7.66036997835595201e-03,-7.66036689392351339e-03,-2.33485253531956283e-06,-2.33485159519592353e-06,-2.33485159519592353e-06,-4.66970413051548636e-06,-4.66970319039184705e-06
1.14327500000000004e+01,1.14327500000000004e+01,8.74680195053683524e-02,-7.65065751280769035e-03,-7.65065443619149764e-03,-2.32893564245434526e-06,-2.32893470590201667e-06,-2.32893470590201624e-06,-4.65787034835636150e-06,-4.65786941180403249e-06
1.14400000000000013e+01,1.14400000000000013e+01,8.74125874125874086e-02,-7.64096350698828530e-03,-7.64096043816323445e-03,-2.32303748067213170e-06,-2.32303654767518579e-06,-2.32303654767518621e-06,-4.64607402834731791e-06,-4.64607309535037242e-06
1.14472500000000004e+01,1.14472500000000004e+01,8.73572255345170245e-02,-7.63128791414668939e-03,-7.63128485308847259e-03,-2.31715797886144717e-06,-2.31715704940425068e-06,-2.31715704940425068e-06,-4.63431502826569785e-06,-4.63431409880850135e-06
1.14545000000000012e+01,1.14545000000000012e+01,8.73019337378322796e-02,-7.62163068768018093e-03,-7.62162763436485813e-03,-2.31129706622570416e-06,-2.31129614029278560e-06,-2.31129614029278560e-06,-4.62259320651848976e-06,-4.62259228058557120e-06
1.14617500000000003e+01,1.14617500000000003e+01,8.72467118895456639e-02,-7.61199178113436403e-03,-7.61198873553738803e-03,-2.30545467228179272e-06,-2.30545374985754678e-06,-2.30545374985754720e-06,-4.61090842213933992e-06,-4.61090749971509440e-06
1.14690000000000012e+01,1.14690000000000012e+01,8.71915598570058292e-02,-7.60237114820228044e-03,-7.60236811029783074e-03,-2.29963072685838726e-06,-2.29962980792687490e-06,-2.29962980792687448e-06,-4.59926053478526174e-06,-4.59925961585374896e-06
1.14762500000000003e+01,1.14762500000000003e+01,8.71364775078967424e-02,-7.59276874271730406e-03,-7.59276571248419449e-03,-2.29382516009239834e-06,-2.29382424463913191e-06,-2.29382424463913149e-06,-4.58764940473152982e-06,-4.58764848927826298e-06
1.14835000000000012e+01,1.14835000000000012e+01,8.70814647102364225e-02,-7.58318451866912824e-03,-7.58318149608015139e-03,-2.28803790243240736e-06,-2.28803699044112892e-06,-2.28803699044112849e-06,-4.57607489287353585e-06,-4.57607398088225698e-06
1.14907500000000002e+01,1.14907500000000002e+01,8.70265213323760389e-02,-7.57361843018244940e-03,-7.57361541521450223e-03,-2.28226888463083662e-06,-2.28226797608657908e-06,-2.28226797608657908e-06,-4.56453686071741527e-06,-4.56453595217315816e-06
1.14980000000000011e+01,1.14980000000000011e+01,8.69716472429987730e-02,-7.56407043153206615e-03,-7.56406742416061619e-03,-2.27651803774712820e-06,-2.27651713263454206e-06,-2.27651713263454163e-06,-4.55303517038166941e-06,-4.55303426526908412e-06
1.15052500000000002e+01,1.15052500000000002e+01,8.69168423111188332e-02,-7.55454047713310928e-03,-7.55453747733589743e-03,-2.27078529314342750e-06,-2.27078439144789594e-06,-2.27078439144789594e-06,-4.54156968459132344e-06,-4.54156878289579187e-06
1.15125000000000011e+01,1.15125000000000011e+01,8.68621064060803444e-02,-7.54502852154903536e-03,-7.54502552930122385e-03,-2.26507058248561663e-06,-2.26506968419179649e-06,-2.26506968419179649e-06,-4.53014026667741311e-06,-4.53013936838359297e-06
1.15197500000000002e+01,1.15197500000000002e+01,8.68074393975563630e-02,-7.53553451948363318e-03,-7.53553153476042153e-03,-2.25937383773956033e-06,-2.25937294283216944e-06,-2.25937294283216902e-06,-4.51874678057172893e-06,-4.51874588566433889e-06
1.15270000000000010e+01,1.15270000000000010e+01,8.67528411555478357e-02,-7.52605842578013551e-03,-7.52605544855971479e-03,-2.25369499116948479e-06,-2.25369409963418585e-06,-2.25369409963418543e-06,-4.50738909080367021e-06,-4.50738819926837085e-06
1.15342500000000001e+01,1.15342500000000001e+01,8.66983115503825591e-02,-7.51660019542921276e-03,-7.51659722568719796e-03,-2.24803397533903893e-06,-2.24803308716077042e-06,-2.24803308716077000e-06,-4.49606706249980892e-06,-4.49606617432154000e-06
1.15415000000000010e+01,1.15415000000000010e+01,8.66438504527141107e-02,-7.50715978355920299e-03,-7.50715682127228723e-03,-2.24239072310702455e-06,-2.24238983827109596e-06,-2.24238983827109596e-06,-4.48478056137812052e-06,-4.48477967654219193e-06
1.15487500000000001e+01,1.15487500000000001e+01,8.65894577335209470e-02,-7.49773714544055281e-03,-7.49773419058521063e-03,-2.23676516762740522e-06,-2.23676428611910782e-06,-2.23676428611910782e-06,-4.47352945374651347e-06,-4.47352857223821565e-06
1.15560000000000009e+01,1.15560000000000009e+01,8.65351332641052240e-02,-7.48833223648492918e-03,-7.48832928903645032e-03,-2.23115724234771383e-06,-2.23115636415203396e-06,-2.23115636415203396e-06,-4.46231360649974780e-06,-4.46231272830406793e-06
1.15632500000000000e+01,1.15632500000000000e+01,8.64808769160919227e-02,-7.47894501223811403e-03,-7.47894207217624125e-03,-2.22556688100563018e-06,-2.22556600610892723e-06,-2.22556600610892723e-06,-4.45113288711455783e-06,-4.45113201221785445e-06
1.15705000000000009e+01,1.15705000000000009e+01,8.64266885614277669e-02,-7.46957542839510324e-03,-7.46957249569402907e-03,-2.21999401763216539e-06,-2.21999314601919318e-06,-2.21999314601919275e-06,-4.43998716365135814e-06,-4.43998629203838635e-06
1.15777500000000000e+01,1.15777500000000000e+01,8.63725680723802097e-02,-7.46022344077967858e-03,-7.46022051541795315e-03,-2.21443858654429059e-06,-2.21443771820114592e-06,-2.21443771820114592e-06,-4.42887630474543609e-06,-4.42887543640229184e-06
1.15850000000000009e+01,1.15850000000000009e+01,8.63185153215364626e-02,-7.45088900535950671e-03,-7.45088608731432536e-03,-2.20890052234813322e-06,-2.20889965726055502e-06,-2.20889965726055460e-06,-4.41780017960868824e-06,-4.41779931452111005e-06
1.15922499999999999e+01,1.15922499999999999e+01,8.62645301818024957e-02,-7.44157207823903377e-03,-7.44156916748711390e-03,-2.20337975993558505e-06,-2.20337889808921740e-06,-2.20337889808921697e-06,-4.40675865802480245e-06,-4.40675779617843480e-06
1.15995000000000008e+01,1.15995000000000008e+01,8.62106125264019973e-02,-7.43227261565859720e-03,-7.43226971217742036e-03,-2.19787623448275852e-06,-2.19787537586351694e-06,-2.19787537586351652e-06,-4.39575161034627546e-06,-4.39575075172703388e-06
1.16067499999999999e+01,1.16067499999999999e+01,8.61567622288754442e-02,-7.42299057399709028e-03,-7.42298767776297837e-03,-2.19238988144951445e-06,-2.19238902604301759e-06,-2.19238902604301759e-06,-4.38477890749253162e-06,-4.38477805208603519e-06
1.16140000000000008e+01,1.16140000000000008e+01,8.61029791630790325e-02,-7.41372590976752122e-03,-7.41372302075762272e-03,-2.18692063657687992e-06,-2.18691978436903696e-06,-2.18691978436903696e-06,-4.37384042094591646e-06,-4.37383956873807393e-06
1.16212499999999999e+01,1.16212499999999999e+01,8.60492632031838178e-02,-7.40447857961701317e-03,-7.40447569781080544e-03,-2.18146843588580350e-06,-2.18146758686325378e-06,-2.18146758686325335e-06,-4.36293602274905727e-06,-4.36293517372650755e-06
1.16285000000000007e+01,1.16285000000000007e+01,8.59956142236745907e-02,-7.39524854033302148e-03,-7.39524566570706320e-03,-2.17603321567773086e-06,-2.17603236982629885e-06,-2.17603236982629885e-06,-4.35206558550402971e-06,-4.35206473965259771e-06
1.16357499999999998e+01,1.16357499999999998e+01,8.59420320993489889e-02,-7.38603574883445191e-03,-7.38603288136553248e-03,-2.17061491253075456e-06,-2.17061406983637698e-06,-2.17061406983637698e-06,-4.34122898236713154e-06,-4.34122813967275396e-06
1.16430000000000007e+01,1.16430000000000007e+01,8.58885167053164977e-02,-7.37684016217254879e-03,-7.37683730183943086e-03,-2.16521346329863699e-06,-2.16521262374787523e-06,-2.16521262374787523e-06,-4.33042608704651264e-06,-4.33042524749575046e-06
1.16502499999999998e+01,1.16502499999999998e+01,8.58350679169974928e-02,-7.36766173753444775e-03,-7.36765888431557218e-03,-2.15982880511063673e-06,-2.15982796869000095e-06,-2.15982796869000095e-06,-4.31965677380063769e-06,-4.31965593738000190e-06
1.16575000000000006e+01,1.16575000000000006e+01,8.57816856101222408e-02,-7.35850043224228756e-03,-7.35849758611385220e-03,-2.15446087537001568e-06,-2.15446004206540193e-06,-2.15446004206540236e-06,-4.30892091743541804e-06,-4.30892008413080386e-06
1.16647499999999997e+01,1.16647499999999997e+01,8.57283696607299833e-02,-7.34935620374610465e-03,-7.34935336468676894e-03,-2.14910961175075211e-06,-2.14910878154882174e-06,-2.14910878154882174e-06,-4.29821839329957428e-06,-4.29821756309764348e-06
1.16720000000000006e+01,1.16720000000000006e+01,8.56751199451679241e-02,-7.34022900963182678e-03,-7.34022617761891007e-03,-2.14377495219867190e-06,-2.14377412508573728e-06,-2.14377412508573770e-06,-4.28754907728440917e-06,-4.28754825017147455e-06
1.16792499999999997e+01,1.16792499999999997e+01,8.56219363400903266e-02,-7.33111880761327939e-03,-7.33111598262648108e-03,-2.13845683492791343e-06,-2.13845601089102554e-06,-2.13845601089102554e-06,-4.27691284581893897e-06,-4.27691202178205108e-06
1.16865000000000006e+01,1.16865000000000006e+01,8.55688187224575292e-02,-7.32202555553840284e-03,-7.32202273755679870e-03,-2.13315519842154931e-06,-2.13315437744761769e-06,-2.13315437744761769e-06,-4.26630957586916743e-06,-4.26630875489523539e-06
1.16937500000000014e+01,1.16937500000000014e+01,8.55157669695350009e-02,-7.31294921138836429e-03,-7.31294640038781304e-03,-2.12786998143014053e-06,-2.12786916350518066e-06,-2.12786916350518066e-06,-4.25573914493532118e-06,-4.25573832701036131e-06
1.17010000000000005e+01,1.17010000000000005e+01,8.54627809588923981e-02,-7.30388973326778768e-03,-7.30388692922762095e-03,-2.12260112296770916e-06,-2.12260030807879065e-06,-2.12260030807879065e-06,-4.24520143104649981e-06,-4.24520061615758131e-06
1.17082500000000014e+01,1.17082500000000014e+01,8.54098605684026069e-02,-7.29484707941630006e-03,-7.29484428231397513e-03,-2.11734856231392885e-06,-2.11734775044761820e-06,-2.11734775044761820e-06,-4.23469631276154662e-06,-4.23469550089523639e-06
1.17155000000000005e+01,1.17155000000000005e+01,8.53570056762408685e-02,-7.28582120819787349e-03,-7.28581841801381660e-03,-2.11211223900986084e-06,-2.11211143015362788e-06,-2.11211143015362788e-06,-4.22422366916348872e-06,-4.22422286030725576e-06
1.17227500000000013e+01,1.17227500000000013e+01,8.53042161608837390e-02,-7.27681207811059494e-03,-7.27680929482277857e-03,-2.10689209285962728e-06,-2.10689128700027184e-06,-2.10689128700027184e-06,-4.21378337985989954e-06,-4.21378257400054369e-06
1.17300000000000004e+01,1.17300000000000004e+01,8.52514919011082700e-02,-7.26781964777867273e-03,-7.26781687136472850e-03,-2.10168806392694218e-06,-2.10168726105120609e-06,-2.10168726105120652e-06,-4.20337532497814869e-06,-4.20337452210241303e-06
1.17372500000000013e+01,1.17372500000000013e+01,8.51988327759909542e-02,-7.25884387595154834e-03,-7.25884110639127104e-03,-2.09650009253370411e-06,-2.09649929262899792e-06,-2.09649929262899749e-06,-4.19299938516270160e-06,-4.19299858525799583e-06
1.17445000000000004e+01,1.17445000000000004e+01,8.51462386649069758e-02,-7.24988472150744911e-03,-7.24988195878129970e-03,-2.09132811925989070e-06,-2.09132732231385578e-06,-2.09132732231385535e-06,-4.18265544157374563e-06,-4.18265464462771155e-06
1.17517500000000013e+01,1.17517500000000013e+01,8.50937094475290867e-02,-7.24094214345694098e-03,-7.24093938754050061e-03,-2.08617208494343968e-06,-2.08617129094235070e-06,-2.08617129094235070e-06,-4.17234337588578996e-06,-4.17234258188470139e-06
1.17590000000000003e+01,1.17590000000000003e+01,8.50412450038268569e-02,-7.23201610092605307e-03,-7.23201335180090592e-03,-2.08103193067426158e-06,-2.08103113960616478e-06,-2.08103113960616478e-06,-4.16206307028042678e-06,-4.16206227921232956e-06
1.17662500000000012e+01,1.17662500000000012e+01,8.49888452140656475e-02,-7.22310655317670580e-03,-7.22310381082040889e-03,-2.07590759779899795e-06,-2.07590680965081938e-06,-2.07590680965081938e-06,-4.15181440744981691e-06,-4.15181361930163877e-06
1.17735000000000003e+01,1.17735000000000003e+01,8.49365099588057920e-02,-7.21421345958983551e-03,-7.21421072398231548e-03,-2.07079902791505404e-06,-2.07079824267444185e-06,-2.07079824267444185e-06,-4.14159727058949589e-06,-4.14159648534888370e-06
1.17807500000000012e+01,1.17807500000000012e+01,8.48842391189015832e-02,-7.20533677967516439e-03,-7.20533405079486211e-03,-2.06570616287229368e-06,-2.06570538052650891e-06,-2.06570538052650849e-06,-4.13141154339880259e-06,-4.13141076105301783e-06
1.17880000000000003e+01,1.17880000000000003e+01,8.48320325755005100e-02,-7.19647647306231875e-03,-7.19647375089077935e-03,-2.06062894476939028e-06,-2.06062816530662318e-06,-2.06062816530662318e-06,-4.12125711007601389e-06,-4.12125633061324637e-06
1.17952500000000011e+01,1.17952500000000011e+01,8.47798902100421747e-02,-7.18763249951326344e-03,-7.18762978402680448e-03,-2.05556731595629001e-06,-2.05556653936327223e-06,-2.05556653936327265e-06,-4.11113385531956266e-06,-4.11113307872654446e-06
1.18025000000000002e+01,1.18025000000000002e+01,8.47278119042575717e-02,-7.17880481890276201e-03,-7.17880211008325129e-03,-2.05052121902752825e-06,-2.05052044529262028e-06,-2.05052044529262028e-06,-4.10104166432014853e-06,-4.10104089058524057e-06
1.18097500000000011e+01,1.18097500000000011e+01,8.46757975401680740e-02,-7.16999339123791657e-03,-7.16999068906353388e-03,-2.04549059682673288e-06,-2.04548982593727878e-06,-2.04548982593727921e-06,-4.09098042276401251e-06,-4.09097965187455841e-06
1.18170000000000002e+01,1.18170000000000002e+01,8.46238470000846288e-02,-7.16119817664218061e-03,-7.16119548109373210e-03,-2.04047539244097962e-06,-2.04047462438511205e-06,-2.04047462438511163e-06,-4.08095001682609125e-06,-4.08094924877022325e-06
1.18242500000000010e+01,1.18242500000000010e+01,8.45719601666067577e-02,-7.15241913536779350e-03,-7.15241644642211974e-03,-2.03547554920325949e-06,-2.03547478396801968e-06,-2.03547478396802010e-06,-4.07095033317127917e-06,-4.07094956793603936e-06
1.18315000000000001e+01,1.18315000000000001e+01,8.45201369226218080e-02,-7.14365622777890508e-03,-7.14365354541873863e-03,-2.03049101068661304e-06,-2.03049024826075832e-06,-2.03049024826075874e-06,-4.06098125894737178e-06,-4.06098049652151748e-06
1.18387500000000010e+01,1.18387500000000010e+01,8.44683771513039666e-02,-7.13490941436845105e-03,-7.13490673857493027e-03,-2.02552172070786876e-06,-2.02552096107973845e-06,-2.02552096107973887e-06,-4.05104268178760763e-06,-4.05104192215947690e-06
1.18460000000000001e+01,1.18460000000000001e+01,8.44166807361134558e-02,-7.12617865575193576e-03,-7.12617598650290823e-03,-2.02056762332481527e-06,-2.02056686648185296e-06,-2.02056686648185296e-06,-4.04113448980666866e-06,-4.04113373296370593e-06
1.18532500000000010e+01,1.18532500000000010e+01,8.43650475607955613e-02,-7.11746391266121492e-03,-7.11746124993529669e-03,-2.01562866283338536e-06,-2.01562790876329129e-06,-2.01562790876329171e-06,-4.03125657159667707e-06,-4.03125581752658342e-06
1.18605000000000000e+01,1.18605000000000000e+01,8.43134775093798694e-02,-7.10876514594538378e-03,-7.10876248972470547e-03,-2.01070478376687373e-06,-2.01070403245838150e-06,-2.01070403245838150e-06,-4.02140881622525481e-06,-4.02140806491676300e-06
1.18677500000000009e+01,1.18677500000000009e+01,8.42619704661793506e-02,-7.10008231657965894e-03,-7.10007966684328071e-03,-2.00579593089740746e-06,-2.00579518233841763e-06,-2.00579518233841806e-06,-4.01159111323582594e-06,-4.01159036467683527e-06
1.18750000000000000e+01,1.18750000000000000e+01,8.42105263157894718e-02,-7.09141538565383200e-03,-7.09141274238227117e-03,-2.00090204923164858e-06,-2.00090130341051192e-06,-2.00090130341051192e-06,-4.00180335264216007e-06,-4.00180260682102383e-06
1.18822500000000009e+01,1.18822500000000009e+01,8.41591449430873773e-02,-7.08276431437671050e-03,-7.08276167755158940e-03,-1.99602308401102066e-06,-1.99602234091643562e-06,-1.99602234091643562e-06,-3.99204542492745585e-06,-3.99204468183287124e-06
1.18895000000000000e+01,1.18895000000000000e+01,8.41078262332310006e-02,-7.07412906407967057e-03,-7.07412643367938063e-03,-1.99115898071169355e-06,-1.99115824033148403e-06,-1.99115824033148403e-06,-3.98231722104317716e-06,-3.98231648066296807e-06
1.18967500000000008e+01,1.18967500000000008e+01,8.40565700716582181e-02,-7.06550959620511065e-03,-7.06550697221158819e-03,-1.98630968504030799e-06,-1.98630894736333255e-06,-1.98630894736333255e-06,-3.97261863240364055e-06,-3.97261789472666511e-06
1.19039999999999999e+01,1.19039999999999999e+01,8.40053763440860163e-02,-7.05690587231799782e-03,-7.05690325471152683e-03,-1.98147514293622196e-06,-1.98147440795091139e-06,-1.98147440795091139e-06,-3.96294955088713335e-06,-3.96294881590182279e-06
1.19112500000000008e+01,1.19112500000000008e+01,8.39542449365096033e-02,-7.04831785409965050e-03,-7.04831524285944814e-03,-1.97665530056875352e-06,-1.97665456826327394e-06,-1.97665456826327352e-06,-3.95330986883202747e-06,-3.95330913652654704e-06
1.19184999999999999e+01,1.19184999999999999e+01,8.39031757352015767e-02,-7.03974550334418581e-03,-7.03974289845211900e-03,-1.97185010433518446e-06,-1.97184937469848250e-06,-1.97184937469848250e-06,-3.94369947903366739e-06,-3.94369874939696501e-06
1.19257500000000007e+01,1.19257500000000007e+01,8.38521686267111044e-02,-7.03118878196740127e-03,-7.03118618340239400e-03,-1.96705950086226199e-06,-1.96705877388249444e-06,-1.96705877388249402e-06,-3.93411827474475643e-06,-3.93411754776498888e-06
1.19329999999999998e+01,1.19329999999999998e+01,8.38012234978630643e-02,-7.02264765199256402e-03,-7.02264505973879734e-03,-1.96228343700122586e-06,-1.96228271266805638e-06,-1.96228271266805638e-06,-3.92456614966928182e-06,-3.92456542533611276e-06
1.19402500000000007e+01,1.19402500000000007e+01,8.37503402357571980e-02,-7.01412207556906253e-03,-7.01411948960509180e-03,-1.95752185983204606e-06,-1.95752113813360009e-06,-1.95752113813360052e-06,-3.91504299796564700e-06,-3.91504227626720103e-06
1.19474999999999998e+01,1.19474999999999998e+01,8.36995187277673192e-02,-7.00561201495197849e-03,-7.00560943525987186e-03,-1.95277471665673507e-06,-1.95277399758215407e-06,-1.95277399758215407e-06,-3.90554871423888915e-06,-3.90554799516430815e-06
1.19547500000000007e+01,1.19547500000000007e+01,8.36487588615403843e-02,-6.99711743251629770e-03,-6.99711485907613100e-03,-1.94804195500234084e-06,-1.94804123854024620e-06,-1.94804123854024578e-06,-3.89608319354258662e-06,-3.89608247708049155e-06
1.19619999999999997e+01,1.19619999999999997e+01,8.35980605249958264e-02,-6.98863829074714005e-03,-6.98863572354086523e-03,-1.94332352261726222e-06,-1.94332280875683138e-06,-1.94332280875683138e-06,-3.88664633137409360e-06,-3.88664561751366277e-06
1.19692500000000006e+01,1.19692500000000006e+01,8.35474236063245418e-02,-6.98017455224864136e-03,-6.98017199125463509e-03,-1.93861936747275239e-06,-1.93861865620220400e-06,-1.93861865620220400e-06,-3.87723802367495681e-06,-3.87723731240440799e-06
1.19764999999999997e+01,1.19764999999999997e+01,8.34968479939882241e-02,-6.97172617972974251e-03,-6.97172362493117537e-03,-1.93392943775801760e-06,-1.93392872906693736e-06,-1.93392872906693779e-06,-3.86785816682495581e-06,-3.86785745813387473e-06
1.19837500000000006e+01,1.19837500000000006e+01,8.34463335767184622e-02,-6.96329313601751210e-03,-6.96329058739697179e-03,-1.92925368188296568e-06,-1.92925297576081017e-06,-1.92925297576081017e-06,-3.85850665764377585e-06,-3.85850595152162033e-06
1.19910000000000014e+01,1.19910000000000014e+01,8.33958802435159630e-02,-6.95487538405359373e-03,-6.95487284159085600e-03,-1.92459204847627235e-06,-1.92459134491175146e-06,-1.92459134491175146e-06,-3.84918339338802382e-06,-3.84918268982350292e-06
1.19982500000000005e+01,1.19982500000000005e+01,8.33454878836496910e-02,-6.94647288688621245e-03,-6.94647035056359784e-03,-1.91994448638222430e-06,-1.91994378536478738e-06,-1.91994378536478738e-06,-3.83988827174701168e-06,-3.83988757072957476e-06
1.20055000000000014e+01,1.20055000000000014e+01,8.32951563866561051e-02,-6.93808560767905647e-03,-6.93808307747749778e-03,-1.91531094466224339e-06,-1.91531024618098914e-06,-1.91531024618098871e-06,-3.83062119084323253e-06,-3.83062049236197828e-06
1.20127500000000005e+01,1.20127500000000005e+01,8.32448856423383399e-02,-6.92971350970505995e-03,-6.92971098560598870e-03,-1.91069137259223804e-06,-1.91069067663643666e-06,-1.91069067663643666e-06,-3.82138204922867513e-06,-3.82138135327287333e-06
1.20200000000000014e+01,1.20200000000000014e+01,8.31946755407653865e-02,-6.92135655634817937e-03,-6.92135403833322570e-03,-1.90608571966216697e-06,-1.90608502622117677e-06,-1.90608502622117677e-06,-3.81217074588334374e-06,-3.81217005244235353e-06
1.20272500000000004e+01,1.20272500000000004e+01,8.31445259722713020e-02,-6.91301471110250532e-03,-6.91301219915369664e-03,-1.90149393557487559e-06,-1.90149324463819674e-06,-1.90149324463819674e-06,-3.80298718021307233e-06,-3.80298648927639348e-06
1.20345000000000013e+01,1.20345000000000013e+01,8.30944368274543904e-02,-6.90468793757492705e-03,-6.90468543167180836e-03,-1.89691597024591073e-06,-1.89691528180239394e-06,-1.89691528180239458e-06,-3.79383125204830530e-06,-3.79383056360478831e-06
1.20417500000000004e+01,1.20417500000000004e+01,8.30444079971764809e-02,-6.89637619947269798e-03,-6.89637369960150945e-03,-1.89235177379919544e-06,-1.89235108783956381e-06,-1.89235108783956402e-06,-3.78470286163875946e-06,-3.78470217567912762e-06
1.20490000000000013e+01,1.20490000000000013e+01,8.29944393725620261e-02,-6.88807946062652832e-03,-6.88807696676587387e-03,-1.88780129657246340e-06,-1.88780061308537473e-06,-1.88780061308537452e-06,-3.77560190965783792e-06,-3.77560122617074904e-06
1.20562500000000004e+01,1.20562500000000004e+01,8.29445308449974078e-02,-6.87979768496393973e-03,-6.87979519709672627e-03,-1.88326448910904498e-06,-1.88326380808437087e-06,-1.88326380808437066e-06,-3.76652829719341564e-06,-3.76652761616874132e-06
1.20635000000000012e+01,1.20635000000000012e+01,8.28946823061300492e-02,-6.87153083652614072e-03,-6.87152835463423085e-03,-1.87874130216160098e-06,-1.87874062358895830e-06,-1.87874062358895809e-06,-3.75748192575055885e-06,-3.75748124717791617e-06
1.20707500000000003e+01,1.20707500000000003e+01,8.28448936478677761e-02,-6.86327887946092119e-03,-6.86327640352652271e-03,-1.87423168668928402e-06,-1.87423101055841624e-06,-1.87423101055841646e-06,-3.74846269724770068e-06,-3.74846202111683291e-06
1.20780000000000012e+01,1.20780000000000012e+01,8.27951647623778736e-02,-6.85504177802442882e-03,-6.85503930802929852e-03,-1.86973559385733828e-06,-1.86973492015789764e-06,-1.86973492015789743e-06,-3.73947051401523550e-06,-3.73946984031579529e-06
1.20852500000000003e+01,1.20852500000000003e+01,8.27454955420864197e-02,-6.84681949657939271e-03,-6.84681703250544435e-03,-1.86525297503573414e-06,-1.86525230375744719e-06,-1.86525230375744677e-06,-3.73050527879318112e-06,-3.73050460751489395e-06
1.20925000000000011e+01,1.20925000000000011e+01,8.26958858796774804e-02,-6.83861199959423516e-03,-6.83860954142464107e-03,-1.86078378179804561e-06,-1.86078311293101328e-06,-1.86078311293101328e-06,-3.72156689472905868e-06,-3.72156622586202655e-06
1.20997500000000002e+01,1.20997500000000002e+01,8.26463356680923189e-02,-6.83041925164484809e-03,-6.83041679936298787e-03,-1.85632796592107001e-06,-1.85632729945547984e-06,-1.85632729945547984e-06,-3.71265526537655006e-06,-3.71265459891095968e-06
1.21070000000000011e+01,1.21070000000000011e+01,8.25968448005286182e-02,-6.82224121741725753e-03,-6.82223877100261115e-03,-1.85188547938467510e-06,-1.85188481530968634e-06,-1.85188481530968634e-06,-3.70377029469436123e-06,-3.70376963061937269e-06
1.21142500000000002e+01,1.21142500000000002e+01,8.25474131704397734e-02,-6.81407786169430096e-03,-6.81407542113129320e-03,-1.84745627436732334e-06,-1.84745561267346935e-06,-1.84745561267346956e-06,-3.69491188704079269e-06,-3.69491122534693912e-06
1.21215000000000011e+01,1.21215000000000011e+01,8.24980406715340453e-02,-6.80592914937161453e-03,-6.80592671464208543e-03,-1.84304030324955132e-06,-1.84303964392669459e-06,-1.84303964392669417e-06,-3.68607994717624548e-06,-3.68607928785338876e-06
1.21287500000000001e+01,1.21287500000000001e+01,8.24487271977738800e-02,-6.79779504544608670e-03,-6.79779261653293883e-03,-1.83863751860998633e-06,-1.83863686164830785e-06,-1.83863686164830785e-06,-3.67727438025829439e-06,-3.67727372329661570e-06
1.21360000000000010e+01,1.21360000000000010e+01,8.23994726433750768e-02,-6.78967551502118738e-03,-6.78967309190631717e-03,-1.83424787322593997e-06,-1.83424721861537909e-06,-1.83424721861537952e-06,-3.66849509184131949e-06,-3.66849443723075861e-06
1.21432500000000001e+01,1.21432500000000001e+01,8.23502769028060799e-02,-6.78157052330163879e-03,-6.78156810596883698e-03,-1.82987132007112343e-06,-1.82987066780216143e-06,-1.82987066780216164e-06,-3.65974198787328486e-06,-3.65974133560432285e-06
1.21505000000000010e+01,1.21505000000000010e+01,8.23011398707872016e-02,-6.77348003559874456e-03,-6.77347762403087902e-03,-1.82550781231624727e-06,-1.82550716237914621e-06,-1.82550716237914621e-06,-3.65101497469539347e-06,-3.65101432475829242e-06
1.21577500000000001e+01,1.21577500000000001e+01,8.22520614422899005e-02,-6.76540401732594887e-03,-6.76540161150623268e-03,-1.82115730332698801e-06,-1.82115665571213218e-06,-1.82115665571213218e-06,-3.64231395903912040e-06,-3.64231331142426435e-06
1.21650000000000009e+01,1.21650000000000009e+01,8.22030415125359626e-02,-6.75734243400327728e-03,-6.75734003391170995e-03,-1.81681974666435056e-06,-1.81681910136129011e-06,-1.81681910136129011e-06,-3.63363884802564067e-06,-3.63363820272258021e-06
1.21722500000000000e+01,1.21722500000000000e+01,8.21540799769968633e-02,-6.74929525124490226e-03,-6.74929285686679675e-03,-1.81249509608050033e-06,-1.81249445308024441e-06,-1.81249445308024420e-06,-3.62498954916074453e-06,-3.62498890616048840e-06
1.21795000000000009e+01,1.21795000000000009e+01,8.21051767313929065e-02,-6.74126243477601861e-03,-6.74126004609326354e-03,-1.80818330552247682e-06,-1.80818266481514312e-06,-1.80818266481514291e-06,-3.61636597033761952e-06,-3.61636532963028624e-06
1.21867500000000000e+01,1.21867500000000000e+01,8.20563316716926144e-02,-6.73324395041774437e-03,-6.73324156741482438e-03,-1.80388432912732134e-06,-1.80388369070375385e-06,-1.80388369070375385e-06,-3.60776801983107541e-06,-3.60776738140750770e-06
1.21940000000000008e+01,1.21940000000000008e+01,8.20075446941118530e-02,-6.72523976409689084e-03,-6.72523738675675272e-03,-1.79959812122388368e-06,-1.79959748507454226e-06,-1.79959748507454248e-06,-3.59919560629842637e-06,-3.59919497014908495e-06
1.22012499999999999e+01,1.22012499999999999e+01,8.19588156951132074e-02,-6.71724984183974527e-03,-6.71724747014553532e-03,-1.79532463633034856e-06,-1.79532400244577589e-06,-1.79532400244577589e-06,-3.59064863877612445e-06,-3.59064800489155178e-06
1.22085000000000008e+01,1.22085000000000008e+01,8.19101445714051635e-02,-6.70927414977473546e-03,-6.70927178370849496e-03,-1.79106382915414101e-06,-1.79106319752461356e-06,-1.79106319752461356e-06,-3.58212702667875457e-06,-3.58212639504922713e-06
1.22157499999999999e+01,1.22157499999999999e+01,8.18615312199414691e-02,-6.70131265412798882e-03,-6.70131029367345213e-03,-1.78681565458994449e-06,-1.78681502520621987e-06,-1.78681502520621966e-06,-3.57363067979616436e-06,-3.57363005041243932e-06
1.22230000000000008e+01,1.22230000000000008e+01,8.18129755379203155e-02,-6.69336532122777328e-03,-6.69336296636834777e-03,-1.78258006772008610e-06,-1.78257944057286304e-06,-1.78257944057286326e-06,-3.56515950829294915e-06,-3.56515888114572651e-06
1.22302499999999998e+01,1.22302499999999998e+01,8.17644774227836713e-02,-6.68543211750094457e-03,-6.68542976822090063e-03,-1.77835702381280397e-06,-1.77835639889303891e-06,-1.77835639889303891e-06,-3.55671342270584268e-06,-3.55671279778607783e-06
1.22375000000000007e+01,1.22375000000000007e+01,8.17160367722165465e-02,-6.67751300947561077e-03,-6.67751066575824649e-03,-1.77414647832216085e-06,-1.77414585562058005e-06,-1.77414585562058026e-06,-3.54829233394274133e-06,-3.54829171124116010e-06
1.22447499999999998e+01,1.22447499999999998e+01,8.16676534841462715e-02,-6.66960796377935594e-03,-6.66960562560658856e-03,-1.76994838688679539e-06,-1.76994776639378587e-06,-1.76994776639378587e-06,-3.53989615328058104e-06,-3.53989553278757174e-06
1.22520000000000007e+01,1.22520000000000007e+01,8.16193274567417471e-02,-6.66171694713479923e-03,-6.66171461449083756e-03,-1.76576270532795678e-06,-1.76576208703454296e-06,-1.76576208703454317e-06,-3.53152479236249974e-06,-3.53152417406908634e-06
1.22592499999999998e+01,1.22592499999999998e+01,8.15710585884128342e-02,-6.65383992636314758e-03,-6.65383759923427950e-03,-1.76158938964968247e-06,-1.76158877354746665e-06,-1.76158877354746644e-06,-3.52317816319714870e-06,-3.52317754709493330e-06
1.22665000000000006e+01,1.22665000000000006e+01,8.15228467778094795e-02,-6.64597686839130120e-03,-6.64597454675820102e-03,-1.75742839603990096e-06,-1.75742778211902579e-06,-1.75742778211902579e-06,-3.51485617815892675e-06,-3.51485556423805159e-06
1.22737499999999997e+01,1.22737499999999997e+01,8.14746919238211603e-02,-6.63812774023320173e-03,-6.63812542408156927e-03,-1.75327968086473063e-06,-1.75327906911669657e-06,-1.75327906911669657e-06,-3.50655874998142721e-06,-3.50655813823339315e-06
1.22810000000000006e+01,1.22810000000000006e+01,8.14265939255760934e-02,-6.63029250900848410e-03,-6.63029019832066507e-03,-1.74914320067264995e-06,-1.74914259108809813e-06,-1.74914259108809834e-06,-3.49828579176074808e-06,-3.49828518217619626e-06
1.22882500000000014e+01,1.22882500000000014e+01,8.13785526824405275e-02,-6.62247114192826558e-03,-6.62246883668874894e-03,-1.74501891218998591e-06,-1.74501830476015080e-06,-1.74501830476015080e-06,-3.49003721695013670e-06,-3.49003660952030160e-06
1.22955000000000005e+01,1.22955000000000005e+01,8.13305680940181325e-02,-6.61466360630225125e-03,-6.61466130649572027e-03,-1.74090677232203317e-06,-1.74090616703822676e-06,-1.74090616703822676e-06,-3.48181293936025994e-06,-3.48181233407645353e-06
1.23027500000000014e+01,1.23027500000000014e+01,8.12826400601491389e-02,-6.60686986953873401e-03,-6.60686757514776166e-03,-1.73680673815230195e-06,-1.73680613500530810e-06,-1.73680613500530831e-06,-3.47361287315761047e-06,-3.47361227001061662e-06
1.23100000000000005e+01,1.23100000000000005e+01,8.12347684809098247e-02,-6.59908989913660093e-03,-6.59908761014702059e-03,-1.73271876693967171e-06,-1.73271816592115795e-06,-1.73271816592115795e-06,-3.46543693286082987e-06,-3.46543633184231589e-06
1.23172500000000014e+01,1.23172500000000014e+01,8.11869532566116547e-02,-6.59132366269687964e-03,-6.59132137909124605e-03,-1.72864281612067821e-06,-1.72864221722147751e-06,-1.72864221722147751e-06,-3.45728503334215572e-06,-3.45728443444295502e-06
1.23245000000000005e+01,1.23245000000000005e+01,8.11391942878007255e-02,-6.58357112791119192e-03,-6.58356884967347365e-03,-1.72457884330574818e-06,-1.72457824651709164e-06,-1.72457824651709164e-06,-3.44915708982283960e-06,-3.44915649303418327e-06
1.23317500000000013e+01,1.23317500000000013e+01,8.10914914752569466e-02,-6.57583226256708286e-03,-6.57582998968167000e-03,-1.72052680627985833e-06,-1.72052621159311405e-06,-1.72052621159311405e-06,-3.44105301787297259e-06,-3.44105242318622810e-06
1.23390000000000004e+01,1.23390000000000004e+01,8.10438447199935130e-02,-6.56810703454446809e-03,-6.56810476699842046e-03,-1.71648666300087986e-06,-1.71648607040813909e-06,-1.71648607040813909e-06,-3.43297273340901874e-06,-3.43297214081627818e-06
1.23462500000000013e+01,1.23462500000000013e+01,8.09962539232560452e-02,-6.56039541182718011e-03,-6.56039314960057008e-03,-1.71245837160186391e-06,-1.71245778109341838e-06,-1.71245778109341838e-06,-3.42491615269528208e-06,-3.42491556218683677e-06
1.23535000000000004e+01,1.23535000000000004e+01,8.09487189865220336e-02,-6.55269736247898749e-03,-6.55269510555891305e-03,-1.70844189038405548e-06,-1.70844130195205786e-06,-1.70844130195205807e-06,-3.41688319233611355e-06,-3.41688260390411614e-06
1.23607500000000012e+01,1.23607500000000012e+01,8.09012398115001030e-02,-6.54501285466668747e-03,-6.54501060303784923e-03,-1.70443717782220579e-06,-1.70443659145820819e-06,-1.70443659145820798e-06,-3.40887376928041377e-06,-3.40887318291641596e-06
1.23680000000000003e+01,1.23680000000000003e+01,8.08538163001293608e-02,-6.53734185664944789e-03,-6.53733961029506500e-03,-1.70044419256107172e-06,-1.70044360825626565e-06,-1.70044360825626543e-06,-3.40088780081733737e-06,-3.40088721651253129e-06
1.23752500000000012e+01,1.23752500000000012e+01,8.08064483545786888e-02,-6.52968433677703075e-03,-6.52968209568119320e-03,-1.69646289341424056e-06,-1.69646231116007139e-06,-1.69646231116007118e-06,-3.39292520457431174e-06,-3.39292462232014278e-06
1.23825000000000003e+01,1.23825000000000003e+01,8.07591358772461049e-02,-6.52204026348979227e-03,-6.52203802763949916e-03,-1.69249323936343095e-06,-1.69249265915212399e-06,-1.69249265915212420e-06,-3.38498589851555515e-06,-3.38498531830424840e-06
1.23897500000000012e+01,1.23897500000000012e+01,8.07118787707580831e-02,-6.51440960532667646e-03,-6.51440737470554941e-03,-1.68853518955985688e-06,-1.68853461138278551e-06,-1.68853461138278551e-06,-3.37706980094264260e-06,-3.37706922276557102e-06
1.23970000000000002e+01,1.23970000000000002e+01,8.06646769379688600e-02,-6.50679233091544518e-03,-6.50679010550688549e-03,-1.68458870332099323e-06,-1.68458812716949972e-06,-1.68458812716949951e-06,-3.36917683049049294e-06,-3.36917625433899901e-06
1.24042500000000011e+01,1.24042500000000011e+01,8.06175302819598094e-02,-6.49918840897356631e-03,-6.49918618876270653e-03,-1.68065374013010867e-06,-1.68065316599600921e-06,-1.68065316599600899e-06,-3.36130690612611788e-06,-3.36130633199201841e-06
1.24115000000000002e+01,1.24115000000000002e+01,8.05704387060387495e-02,-6.49159780831087829e-03,-6.49159559328354747e-03,-1.67673025963626759e-06,-1.67672968751158247e-06,-1.67672968751158226e-06,-3.35345994714784985e-06,-3.35345937502316452e-06
1.24187500000000011e+01,1.24187500000000011e+01,8.05234021137393036e-02,-6.48402049782959011e-03,-6.48401828797095462e-03,-1.67281822165363417e-06,-1.67281765153023698e-06,-1.67281765153023719e-06,-3.34563587318387116e-06,-3.34563530306047439e-06
1.24260000000000002e+01,1.24260000000000002e+01,8.04764204088202206e-02,-6.47645644652428132e-03,-6.47645424181717520e-03,-1.66891758616078938e-06,-1.66891701802997705e-06,-1.66891701802997684e-06,-3.33783460419076643e-06,-3.33783403605995368e-06
1.24332500000000010e+01,1.24332500000000010e+01,8.04294934952647089e-02,-6.46890562347390841e-03,-6.46890342390482771e-03,-1.66502831329798200e-06,-1.66502774715202008e-06,-1.66502774715202029e-06,-3.33005606045000230e-06,-3.33005549430404016e-06
1.24405000000000001e+01,1.24405000000000001e+01,8.03826212772798532e-02,-6.46136799785246296e-03,-6.46136580340660356e-03,-1.66115036336920569e-06,-1.66114979920004883e-06,-1.66114979920004862e-06,-3.32230016256925431e-06,-3.32229959840009767e-06
1.24477500000000010e+01,1.24477500000000010e+01,8.03358036592958513e-02,-6.45384353892364260e-03,-6.45384134958493227e-03,-1.65728369684014079e-06,-1.65728313463944128e-06,-1.65728313463944128e-06,-3.31456683147958207e-06,-3.31456626927888256e-06
1.24550000000000001e+01,1.24550000000000001e+01,8.02890405459654732e-02,-6.44633221603641005e-03,-6.44633003179168832e-03,-1.65342827433634851e-06,-1.65342771409653155e-06,-1.65342771409653134e-06,-3.30685598843288006e-06,-3.30685542819306268e-06
1.24622500000000009e+01,1.24622500000000009e+01,8.02423318421633253e-02,-6.43883399863387496e-03,-6.43883181946785805e-03,-1.64958405664488136e-06,-1.64958349835784994e-06,-1.64958349835784973e-06,-3.29916755500273109e-06,-3.29916699671569946e-06
1.24695000000000000e+01,1.24695000000000000e+01,8.01956774529852812e-02,-6.43134885624530028e-03,-6.43134668214325172e-03,-1.64575100471156603e-06,-1.64575044836938791e-06,-1.64575044836938791e-06,-3.29150145308095415e-06,-3.29150089673877581e-06
1.24767500000000009e+01,1.24767500000000009e+01,8.01490772837477605e-02,-6.42387675848965500e-03,-6.42387458943617130e-03,-1.64192907964125353e-06,-1.64192852523584948e-06,-1.64192852523584948e-06,-3.28385760487710300e-06,-3.28385705047169895e-06
1.24840000000000000e+01,1.24840000000000000e+01,8.01025312399871875e-02,-6.41641767507206140e-03,-6.41641551105312340e-03,-1.63811824269625424e-06,-1.63811769021992241e-06,-1.63811769021992241e-06,-3.27623593291617664e-06,-3.27623538043984482e-06
1.24912500000000009e+01,1.24912500000000009e+01,8.00560392274592136e-02,-6.40897157578823595e-03,-6.40896941678848874e-03,-1.63431845529681442e-06,-1.63431790474153595e-06,-1.63431790474153595e-06,-3.26863636003835037e-06,-3.26863580948307191e-06
1.24984999999999999e+01,1.24984999999999999e+01,8.00096011521382600e-02,-6.40153843051827209e-03,-6.40153627652424381e-03,-1.63052967901888362e-06,-1.63052913037714237e-06,-1.63052913037714237e-06,-3.26105880939602599e-06,-3.26105826075428474e-06
1.25057500000000008e+01,1.25057500000000008e+01,7.99632169202166981e-02,-6.39411820923374563e-03,-6.39411606022962948e-03,-1.62675187559527300e-06,-1.62675132885898170e-06,-1.62675132885898149e-06,-3.25350320445425449e-06,-3.25350265771796298e-06
1.25129999999999999e+01,1.25129999999999999e+01,7.99168864381043786e-02,-6.38671088198794479e-03,-6.38670873796087085e-03,-1.62298500691252659e-06,-1.62298446207436815e-06,-1.62298446207436836e-06,-3.24596946898689473e-06,-3.24596892414873672e-06
1.25202500000000008e+01,1.25202500000000008e+01,7.98706096124278675e-02,-6.37931641892741652e-03,-6.37931427986085462e-03,-1.61922903501321569e-06,-1.61922849206496585e-06,-1.61922849206496585e-06,-3.23845752707818133e-06,-3.23845698412993170e-06
1.25274999999999999e+01,1.25274999999999999e+01,7.98243863500299328e-02,-6.37193479027775567e-03,-6.37193265615884543e-03,-1.61548392209169253e-06,-1.61548338102608204e-06,-1.61548338102608204e-06,-3.23096730311777457e-06,-3.23096676205216409e-06
1.25347500000000007e+01,1.25347500000000007e+01,7.97782165579688368e-02,-6.36456596635603944e-03,-6.36456383717017363e-03,-1.61174963049660927e-06,-1.61174909130594793e-06,-1.61174909130594793e-06,-3.22349872180255742e-06,-3.22349818261189586e-06
1.25419999999999998e+01,1.25419999999999998e+01,7.97321001435177812e-02,-6.35720991756194564e-03,-6.35720779329594816e-03,-1.60802612272803900e-06,-1.60802558540502157e-06,-1.60802558540502157e-06,-3.21605170813306057e-06,-3.21605117081004314e-06
1.25492500000000007e+01,1.25492500000000007e+01,7.96860370141641849e-02,-6.34986661438396993e-03,-6.34986449502274522e-03,-1.60431336143841844e-06,-1.60431282597527615e-06,-1.60431282597527615e-06,-3.20862618741369459e-06,-3.20862565195055229e-06
1.25564999999999998e+01,1.25564999999999998e+01,7.96400270776092128e-02,-6.34253602739320854e-03,-6.34253391292232804e-03,-1.60061130943035247e-06,-1.60061077581950818e-06,-1.60061077581950839e-06,-3.20122208524986065e-06,-3.20122155163901678e-06
1.25637500000000006e+01,1.25637500000000006e+01,7.95940702417669843e-02,-6.33521812724691102e-03,-6.33521601765133641e-03,-1.59691992965689066e-06,-1.59691939789063595e-06,-1.59691939789063595e-06,-3.19383932754752661e-06,-3.19383879578127189e-06
1.25709999999999997e+01,1.25709999999999997e+01,7.95481664147641432e-02,-6.32791288468226298e-03,-6.32791077995100999e-03,-1.59323918521934215e-06,-1.59323865529101234e-06,-1.59323865529101213e-06,-3.18647784051035427e-06,-3.18647731058202426e-06
1.25782500000000006e+01,1.25782500000000006e+01,7.95023155049390806e-02,-6.32062027053148512e-03,-6.32061817064687691e-03,-1.58956903937046428e-06,-1.58956851127173093e-06,-1.58956851127173072e-06,-3.17913755064219479e-06,-3.17913702254346187e-06
1.25855000000000015e+01,1.25855000000000015e+01,7.94565174208414354e-02,-6.31334025569874058e-03,-6.31333816064847883e-03,-1.58590945550803620e-06,-1.58590892923194687e-06,-1.58590892923194687e-06,-3.17181838473998286e-06,-3.17181785846389373e-06
1.25927500000000006e+01,1.25927500000000006e+01,7.94107720712314558e-02,-6.30607281117701035e-03,-6.30607072094907430e-03,-1.58226039717850065e-06,-1.58225987271819330e-06,-1.58225987271819330e-06,-3.16452026989669416e-06,-3.16451974543638660e-06
1.26000000000000014e+01,1.26000000000000014e+01,7.93650793650793607e-02,-6.29881790804720509e-03,-6.29881582262534559e-03,-1.57862182807612730e-06,-1.57862130542370018e-06,-1.57862130542370018e-06,-3.15724313349982747e-06,-3.15724261084740036e-06
1.26072500000000005e+01,1.26072500000000005e+01,7.93194392115647712e-02,-6.29157551746661881e-03,-6.29157343683711939e-03,-1.57499371203951770e-06,-1.57499319118772636e-06,-1.57499319118772614e-06,-3.14998690322724363e-06,-3.14998638237545271e-06
1.26145000000000014e+01,1.26145000000000014e+01,7.92738515200760996e-02,-6.28434561067692243e-03,-6.28434353482707105e-03,-1.57137601305300840e-06,-1.57137549399488132e-06,-1.57137549399488111e-06,-3.14275150704788972e-06,-3.14275098798976222e-06
1.26217500000000005e+01,1.26217500000000005e+01,7.92283162002099528e-02,-6.27712815900505205e-03,-6.27712608792045049e-03,-1.56776869524630119e-06,-1.56776817797446579e-06,-1.56776817797446579e-06,-3.13553687322076698e-06,-3.13553635594893158e-06
1.26290000000000013e+01,1.26290000000000013e+01,7.91828331617705217e-02,-6.26992313385787980e-03,-6.26992106752478559e-03,-1.56417172289253186e-06,-1.56417120739980150e-06,-1.56417120739980129e-06,-3.12834293029233294e-06,-3.12834241479960258e-06
1.26362500000000004e+01,1.26362500000000004e+01,7.91374023147690120e-02,-6.26273050672399023e-03,-6.26272844512960804e-03,-1.56058506040812901e-06,-1.56058454668757390e-06,-1.56058454668757390e-06,-3.12116960709570312e-06,-3.12116909337514780e-06
1.26435000000000013e+01,1.26435000000000013e+01,7.90920235694230200e-02,-6.25555024917545666e-03,-6.25554819230616631e-03,-1.55700867235266809e-06,-1.55700816039717336e-06,-1.55700816039717315e-06,-3.11401683274984124e-06,-3.11401632079434673e-06
1.26507500000000004e+01,1.26507500000000004e+01,7.90466968361559635e-02,-6.24838233286606481e-03,-6.24838028070714892e-03,-1.55344252342784440e-06,-1.55344201323004363e-06,-1.55344201323004363e-06,-3.10688453665788803e-06,-3.10688402646008726e-06
1.26580000000000013e+01,1.26580000000000013e+01,7.90014220255964572e-02,-6.24122672952864832e-03,-6.24122468206639650e-03,-1.54988657847622923e-06,-1.54988607002902766e-06,-1.54988607002902766e-06,-3.09977264850525710e-06,-3.09977214005805532e-06
1.26652500000000003e+01,1.26652500000000003e+01,7.89561990485777992e-02,-6.23408341097686503e-03,-6.23408136819863807e-03,-1.54634080248113686e-06,-1.54634029577772688e-06,-1.54634029577772710e-06,-3.09268109825886416e-06,-3.09268059155545419e-06
1.26725000000000012e+01,1.26725000000000012e+01,7.89110278161372913e-02,-6.22695234910608519e-03,-6.22695031099919361e-03,-1.54280516056626943e-06,-1.54280465559985023e-06,-1.54280465559985002e-06,-3.08560981616611944e-06,-3.08560931119970003e-06
1.26797500000000003e+01,1.26797500000000003e+01,7.88659082395157668e-02,-6.21983351589250333e-03,-6.21983148244372071e-03,-1.53927961799492224e-06,-1.53927911475858054e-06,-1.53927911475858033e-06,-3.07855873275350258e-06,-3.07855822951716067e-06
1.26870000000000012e+01,1.26870000000000012e+01,7.88208402301568412e-02,-6.21272688339313817e-03,-6.21272485458791192e-03,-1.53576414016941540e-06,-1.53576363865593003e-06,-1.53576363865592982e-06,-3.07152777882534543e-06,-3.07152727731185964e-06
1.26942500000000003e+01,1.26942500000000003e+01,7.87758236997065653e-02,-6.20563242374139179e-03,-6.20563039956725012e-03,-1.53225869262943103e-06,-1.53225819283211595e-06,-1.53225819283211595e-06,-3.06451688546154677e-06,-3.06451638566423189e-06
1.27015000000000011e+01,1.27015000000000011e+01,7.87308585600125926e-02,-6.19855010915504323e-03,-6.19854808959670756e-03,-1.52876324105342347e-06,-1.52876274296492006e-06,-1.52876274296492006e-06,-3.05752598401834353e-06,-3.05752548592984012e-06
1.27087500000000002e+01,1.27087500000000002e+01,7.86859447231238324e-02,-6.19147991192203762e-03,-6.19147789697049953e-03,-1.52527775125455469e-06,-1.52527725486907095e-06,-1.52527725486907073e-06,-3.05055500612362542e-06,-3.05055450973814189e-06
1.27160000000000011e+01,1.27160000000000011e+01,7.86410821012897138e-02,-6.18442180442357881e-03,-6.18441979406178857e-03,-1.52180218918582842e-06,-1.52180169449560997e-06,-1.52180169449561019e-06,-3.04360388368143861e-06,-3.04360338899121995e-06
1.27232500000000002e+01,1.27232500000000002e+01,7.85962706069597006e-02,-6.17737575910570769e-03,-6.17737375332243731e-03,-1.51833652093253378e-06,-1.51833602793128040e-06,-1.51833602793128040e-06,-3.03667254886381439e-06,-3.03667205586256079e-06
1.27305000000000010e+01,1.27305000000000010e+01,7.85515101527826803e-02,-6.17034174850061845e-03,-6.17033974728272046e-03,-1.51488071271694225e-06,-1.51488022139790053e-06,-1.51488022139790053e-06,-3.02976093411484257e-06,-3.02976044279580107e-06
1.27377500000000001e+01,1.27377500000000001e+01,7.85068006516064509e-02,-6.16331974521688863e-03,-6.16331774855107418e-03,-1.51143473089535621e-06,-1.51143424125175773e-06,-1.51143424125175795e-06,-3.02286897214711437e-06,-3.02286848250351547e-06
1.27450000000000010e+01,1.27450000000000010e+01,7.84621420164770406e-02,-6.15630972193947912e-03,-6.15630772981381243e-03,-1.50799854195756069e-06,-1.50799805398298876e-06,-1.50799805398298897e-06,-3.01599659594054966e-06,-3.01599610796597752e-06
1.27522500000000001e+01,1.27522500000000001e+01,7.84175341606383192e-02,-6.14931165143417502e-03,-6.14930966383487806e-03,-1.50457211252737353e-06,-1.50457162621497924e-06,-1.50457162621497945e-06,-3.00914373874235298e-06,-3.00914325242995848e-06
1.27595000000000010e+01,1.27595000000000010e+01,7.83729769975312490e-02,-6.14232550654136844e-03,-6.14232352345556176e-03,-1.50115540936057753e-06,-1.50115492470375106e-06,-1.50115492470375106e-06,-3.00231033406432838e-06,-3.00230984940750213e-06
1.27667500000000000e+01,1.27667500000000000e+01,7.83284704407934684e-02,-6.13535126017961119e-03,-6.13534928159425574e-03,-1.49774839934525443e-06,-1.49774791633736733e-06,-1.49774791633736776e-06,-2.99549631568262198e-06,-2.99549583267473509e-06
1.27740000000000009e+01,1.27740000000000009e+01,7.82840144042586394e-02,-6.12838888534383841e-03,-6.12838691124617443e-03,-1.49435104950081715e-06,-1.49435056813532758e-06,-1.49435056813532758e-06,-2.98870161763614473e-06,-2.98870113627065515e-06
1.27812500000000000e+01,1.27812500000000000e+01,7.82396088019559899e-02,-6.12143835510448042e-03,-6.12143638548310904e-03,-1.49096332697725934e-06,-1.49096284724797632e-06,-1.49096284724797674e-06,-2.98192617422523587e-06,-2.98192569449595306e-06
1.27885000000000009e+01,1.27885000000000009e+01,7.81952535481096195e-02,-6.11449964261190360e-03,-6.11449767745315086e-03,-1.48758519905570930e-06,-1.48758472095590633e-06,-1.48758472095590591e-06,-2.97516992001161542e-06,-2.97516944191181224e-06
1.27957500000000000e+01,1.27957500000000000e+01,7.81509485571381113e-02,-6.10757272108930493e-03,-6.10757076038044751e-03,-1.48421663314617036e-06,-1.48421615666937146e-06,-1.48421615666937124e-06,-2.96843278981554160e-06,-2.96843231333874291e-06
1.28030000000000008e+01,1.28030000000000008e+01,7.81066937436538239e-02,-6.10065756383715296e-03,-6.10065560756493149e-03,-1.48085759678807988e-06,-1.48085712192769788e-06,-1.48085712192769830e-06,-2.96171471871577818e-06,-2.96171424385539618e-06
1.28102499999999999e+01,1.28102499999999999e+01,7.80624890224624751e-02,-6.09375414422874684e-03,-6.09375219238207470e-03,-1.47750805764870944e-06,-1.47750758439870330e-06,-1.47750758439870351e-06,-2.95501564204741295e-06,-2.95501516879740661e-06
1.28175000000000008e+01,1.28175000000000008e+01,7.80183343085625036e-02,-6.08686243571732177e-03,-6.08686048828262129e-03,-1.47416798352436825e-06,-1.47416751187811122e-06,-1.47416751187811164e-06,-2.94833549540247989e-06,-2.94833502375622286e-06
1.28247499999999999e+01,1.28247499999999999e+01,7.79742295171445832e-02,-6.07998241182627908e-03,-6.07998046879234134e-03,-1.47083734233752114e-06,-1.47083687228897830e-06,-1.47083687228897809e-06,-2.94167421462649944e-06,-2.94167374457795661e-06
1.28320000000000007e+01,1.28320000000000007e+01,7.79301745635910120e-02,-6.07311404615895611e-03,-6.07311210751176802e-03,-1.46751610213863610e-06,-1.46751563368111295e-06,-1.46751563368111273e-06,-2.93503173581974862e-06,-2.93503126736222589e-06
1.28392499999999998e+01,1.28392499999999998e+01,7.78861693634752827e-02,-6.06625731238796817e-03,-6.06625537811595564e-03,-1.46420423110310137e-06,-1.46420376423051111e-06,-1.46420376423051111e-06,-2.92840799533361248e-06,-2.92840752846102223e-06
1.28465000000000007e+01,1.28465000000000007e+01,7.78422138325613883e-02,-6.05941218426409023e-03,-6.05941025435421162e-03,-1.46090169753285824e-06,-1.46090123223877825e-06,-1.46090123223877825e-06,-2.92180292977163649e-06,-2.92180246447755650e-06
1.28537499999999998e+01,1.28537499999999998e+01,7.77983078868034611e-02,-6.05257863560826337e-03,-6.05257671004986574e-03,-1.45760846985397157e-06,-1.45760800613257300e-06,-1.45760800613257300e-06,-2.91521647598654457e-06,-2.91521601226514600e-06
1.28610000000000007e+01,1.28610000000000007e+01,7.77544514423450656e-02,-6.04575664032047655e-03,-6.04575471909999697e-03,-1.45432451661826183e-06,-1.45432405446303268e-06,-1.45432405446303289e-06,-2.90864857108129451e-06,-2.90864810892606536e-06
1.28682499999999997e+01,1.28682499999999997e+01,7.77106444155188231e-02,-6.03894617236910847e-03,-6.03894425547520618e-03,-1.45104980650024199e-06,-1.45104934590522318e-06,-1.45104934590522339e-06,-2.90209915240546538e-06,-2.90209869181044635e-06
1.28755000000000006e+01,1.28755000000000006e+01,7.76668867228457044e-02,-6.03214720579980934e-03,-6.03214529321934728e-03,-1.44778430829875378e-06,-1.44778384925757223e-06,-1.44778384925757202e-06,-2.89556815755632559e-06,-2.89556769851514447e-06
1.28827500000000015e+01,1.28827500000000015e+01,7.76231782810347104e-02,-6.02535971472839549e-03,-6.02535780644929825e-03,-1.44452799093476522e-06,-1.44452753344132082e-06,-1.44452753344132082e-06,-2.88905552437608604e-06,-2.88905506688264164e-06
1.28900000000000006e+01,1.28900000000000006e+01,7.75795190069821505e-02,-6.01858367334351385e-03,-6.01858176935470522e-03,-1.44128082345152009e-06,-1.44128036749996957e-06,-1.44128036749996978e-06,-2.88256119095149008e-06,-2.88256073499993956e-06
1.28972500000000014e+01,1.28972500000000014e+01,7.75359088177712263e-02,-6.01181905590930654e-03,-6.01181715619773360e-03,-1.43804277501468150e-06,-1.43804232059872569e-06,-1.43804232059872590e-06,-2.87608509561340741e-06,-2.87608464119745181e-06
1.29045000000000005e+01,1.29045000000000005e+01,7.74923476306714626e-02,-6.00506583675830541e-03,-6.00506394131283382e-03,-1.43481381491014594e-06,-1.43481336202396255e-06,-1.43481336202396255e-06,-2.86962717693410870e-06,-2.86962672404792510e-06
1.29117500000000014e+01,1.29117500000000014e+01,7.74488353631382215e-02,-5.99832399029853747e-03,-5.99832209910648902e-03,-1.43159391254525515e-06,-1.43159346118266973e-06,-1.43159346118266973e-06,-2.86318737372792466e-06,-2.86318692236533945e-06
1.29190000000000005e+01,1.29190000000000005e+01,7.74053719328121337e-02,-5.99159349100819583e-03,-5.99159160405698075e-03,-1.42838303744703978e-06,-1.42838258760191728e-06,-1.42838258760191728e-06,-2.85676562504895728e-06,-2.85676517520383456e-06
1.29262500000000014e+01,1.29262500000000014e+01,7.73619572575186126e-02,-5.98487431343563969e-03,-5.98487243071413669e-03,-1.42518115926174046e-06,-1.42518071092831300e-06,-1.42518071092831279e-06,-2.85036187019005325e-06,-2.85036142185662600e-06
1.29335000000000004e+01,1.29335000000000004e+01,7.73185912552673271e-02,-5.97816643220294708e-03,-5.97816455369910155e-03,-1.42198824775517618e-06,-1.42198780092747048e-06,-1.42198780092747048e-06,-2.84397604868264645e-06,-2.84397560185494096e-06
1.29407500000000013e+01,1.29407500000000013e+01,7.72752738442516740e-02,-5.97146982200058574e-03,-5.97146794770408735e-03,-1.41880427281099838e-06,-1.41880382748347273e-06,-1.41880382748347273e-06,-2.83760810029447090e-06,-2.83760765496694547e-06
1.29480000000000004e+01,1.29480000000000004e+01,7.72320049428483202e-02,-5.96478445759451859e-03,-5.96478258749214701e-03,-1.41562920443190814e-06,-1.41562876059834617e-06,-1.41562876059834617e-06,-2.83125796503025452e-06,-2.83125752119669234e-06
1.29552500000000013e+01,1.29552500000000013e+01,7.71887844696165504e-02,-5.95811031381643375e-03,-5.95810844789691763e-03,-1.41246301273686202e-06,-1.41246257039152720e-06,-1.41246257039152699e-06,-2.82492558312838902e-06,-2.82492514078305398e-06
1.29625000000000004e+01,1.29625000000000004e+01,7.71456123432979757e-02,-5.95144736557173815e-03,-5.95144550382240879e-03,-1.40930566796250272e-06,-1.40930522709934427e-06,-1.40930522709934427e-06,-2.81861089506184677e-06,-2.81861045419868854e-06
1.29697500000000012e+01,1.29697500000000012e+01,7.71024884828157703e-02,-5.94479558783245210e-03,-5.94479373024273897e-03,-1.40615714046100778e-06,-1.40615670107448886e-06,-1.40615670107448886e-06,-2.81231384153549664e-06,-2.81231340214897771e-06
1.29770000000000003e+01,1.29770000000000003e+01,7.70594128072744078e-02,-5.93815495564342655e-03,-5.93815310220192731e-03,-1.40301740070109909e-06,-1.40301696278550158e-06,-1.40301696278550158e-06,-2.80603436348660067e-06,-2.80603392557100316e-06
1.29842500000000012e+01,1.29842500000000012e+01,7.70163852359589396e-02,-5.93152544411879035e-03,-5.93152359481363429e-03,-1.39988641926673756e-06,-1.39988598281624977e-06,-1.39988598281624977e-06,-2.79977240208298754e-06,-2.79977196563249953e-06
1.29915000000000003e+01,1.29915000000000003e+01,7.69734056883346757e-02,-5.92490702844195027e-03,-5.92490518326095356e-03,-1.39676416685666619e-06,-1.39676373186541902e-06,-1.39676373186541902e-06,-2.79352789872208521e-06,-2.79352746373083804e-06
1.29987500000000011e+01,1.29987500000000011e+01,7.69304740840465323e-02,-5.91829968386292649e-03,-5.91829784279615523e-03,-1.39365061428332351e-06,-1.39365018074599463e-06,-1.39365018074599442e-06,-2.78730079502931793e-06,-2.78730036149198926e-06
1.30060000000000002e+01,1.30060000000000002e+01,7.68875903429186575e-02,-5.91170338570545795e-03,-5.91170154874047764e-03,-1.39054573247406501e-06,-1.39054530038475886e-06,-1.39054530038475886e-06,-2.78109103285882366e-06,-2.78109060076951772e-06
1.30132500000000011e+01,1.30132500000000011e+01,7.68447543849537923e-02,-5.90511810935989701e-03,-5.90511627648387504e-03,-1.38744949246903328e-06,-1.38744906182177785e-06,-1.38744906182177785e-06,-2.77489855429081092e-06,-2.77489812364355569e-06
1.30205000000000002e+01,1.30205000000000002e+01,7.68019661303329382e-02,-5.89854383028232121e-03,-5.89854200148480761e-03,-1.38436186542050430e-06,-1.38436143620990420e-06,-1.38436143620990420e-06,-2.76872330163040850e-06,-2.76872287241980840e-06
1.30277500000000011e+01,1.30277500000000011e+01,7.67592254994147044e-02,-5.89198052399986238e-03,-5.89197869926999691e-03,-1.38128282259368937e-06,-1.38128239481426812e-06,-1.38128239481426791e-06,-2.76256521740795728e-06,-2.76256478962853624e-06
1.30350000000000001e+01,1.30350000000000001e+01,7.67165324127349474e-02,-5.88542816610804209e-03,-5.88542634543421164e-03,-1.37821233536566429e-06,-1.37821190901178466e-06,-1.37821190901178487e-06,-2.75642424437744916e-06,-2.75642381802356974e-06
1.30422500000000010e+01,1.30422500000000010e+01,7.66738867910061461e-02,-5.87888673226810710e-03,-5.87888491564002649e-03,-1.37515037522429990e-06,-1.37514995029065163e-06,-1.37514995029065206e-06,-2.75030032551495195e-06,-2.75029990058130369e-06
1.30495000000000001e+01,1.30495000000000001e+01,7.66312885551170553e-02,-5.87235619821235844e-03,-5.87235438561761400e-03,-1.37209691376907043e-06,-1.37209649024986110e-06,-1.37209649024986110e-06,-2.74419340401893132e-06,-2.74419298049972220e-06
1.30567500000000010e+01,1.30567500000000010e+01,7.65887376261320668e-02,-5.86583653973615782e-03,-5.86583473116449820e-03,-1.36905192270874278e-06,-1.36905150059870066e-06,-1.36905150059870045e-06,-2.73810342330744322e-06,-2.73810300119740131e-06
1.30640000000000001e+01,1.30640000000000001e+01,7.65462339252908769e-02,-5.85932773270503304e-03,-5.85932592814535167e-03,-1.36601537386260194e-06,-1.36601495315627171e-06,-1.36601495315627150e-06,-2.73203032701887344e-06,-2.73202990631254342e-06
1.30712500000000009e+01,1.30712500000000009e+01,7.65037773740078336e-02,-5.85282975305290165e-03,-5.85282795249175355e-03,-1.36298723915959847e-06,-1.36298681985099521e-06,-1.36298681985099500e-06,-2.72597405901059369e-06,-2.72597363970199001e-06
1.30785000000000000e+01,1.30785000000000000e+01,7.64613678938716179e-02,-5.84634257677318914e-03,-5.84634078020198136e-03,-1.35996749063584870e-06,-1.35996707272013395e-06,-1.35996707272013438e-06,-2.71993456335598308e-06,-2.71993414544026833e-06
1.30857500000000009e+01,1.30857500000000009e+01,7.64190054066446328e-02,-5.83986617993392798e-03,-5.83986438734078114e-03,-1.35695610043772152e-06,-1.35695568390930613e-06,-1.35695568390930613e-06,-2.71391178434702764e-06,-2.71391136781861225e-06
1.30930000000000000e+01,1.30930000000000000e+01,7.63766898342625872e-02,-5.83340053866532315e-03,-5.83339875003914977e-03,-1.35395304081851228e-06,-1.35395262567200721e-06,-1.35395262567200721e-06,-2.70790566649051928e-06,-2.70790525134401442e-06
1.31002500000000008e+01,1.31002500000000008e+01,7.63344210988339822e-02,-5.82694562916419301e-03,-5.82694384449411115e-03,-1.35095828413905268e-06,-1.35095787036913201e-06,-1.35095787036913179e-06,-2.70191615450818447e-06,-2.70191574073826401e-06
1.31074999999999999e+01,1.31074999999999999e+01,7.62921991226397089e-02,-5.82050142769219292e-03,-5.82049964696850722e-03,-1.34797180286687474e-06,-1.34797139046850221e-06,-1.34797139046850221e-06,-2.69594319333537695e-06,-2.69594278093700443e-06
1.31147500000000008e+01,1.31147500000000008e+01,7.62500238281324377e-02,-5.81406791058114436e-03,-5.81406613379076460e-03,-1.34499356957702140e-06,-1.34499315854438955e-06,-1.34499315854438977e-06,-2.68998672812141095e-06,-2.68998631708877911e-06
1.31219999999999999e+01,1.31219999999999999e+01,7.62078951379362851e-02,-5.80764505422060040e-03,-5.80764328135469337e-03,-1.34202355694874967e-06,-1.34202314727705180e-06,-1.34202314727705180e-06,-2.68404670422580126e-06,-2.68404629455410360e-06
1.31292500000000008e+01,1.31292500000000008e+01,7.61658129748462309e-02,-5.80123283507294474e-03,-5.80123106611925461e-03,-1.33906173776860471e-06,-1.33906132945225718e-06,-1.33906132945225739e-06,-2.67812306722086189e-06,-2.67812265890451478e-06
1.31364999999999998e+01,1.31364999999999998e+01,7.61237772618277297e-02,-5.79483122965829267e-03,-5.79482946460836094e-03,-1.33610808492651651e-06,-1.33610767796082760e-06,-1.33610767796082739e-06,-2.67221576288734390e-06,-2.67221535592165519e-06
1.31437500000000007e+01,1.31437500000000007e+01,7.60817879220161697e-02,-5.78844021457225466e-03,-5.78843845341064488e-03,-1.33316257141948276e-06,-1.33316216579816643e-06,-1.33316216579816621e-06,-2.66632473721764897e-06,-2.66632433159633285e-06
1.31509999999999998e+01,1.31509999999999998e+01,7.60398448787164422e-02,-5.78205976646106734e-03,-5.78205800917925943e-03,-1.33022517034542620e-06,-1.33022476606380555e-06,-1.33022476606380555e-06,-2.66044993640923196e-06,-2.66044953212761110e-06
1.31582500000000007e+01,1.31582500000000007e+01,7.59979480554024978e-02,-5.77568986204290979e-03,-5.77568810863165680e-03,-1.32729585490769742e-06,-1.32729545196094225e-06,-1.32729545196094225e-06,-2.65459130686863946e-06,-2.65459090392188450e-06
1.31654999999999998e+01,1.31654999999999998e+01,7.59560973757168328e-02,-5.76933047809990995e-03,-5.76932872854937773e-03,-1.32437459841282580e-06,-1.32437419679598436e-06,-1.32437419679598436e-06,-2.64874879520881037e-06,-2.64874839359196871e-06
1.31727500000000006e+01,1.31727500000000006e+01,7.59142927634700454e-02,-5.76298159148169731e-03,-5.76297984577783980e-03,-1.32146137427092649e-06,-1.32146097397809516e-06,-1.32146097397809516e-06,-2.64292234824902165e-06,-2.64292194795619032e-06
1.31800000000000015e+01,1.31800000000000015e+01,7.58725341426403493e-02,-5.75664317909208023e-03,-5.75664143722612581e-03,-1.31855615599224240e-06,-1.31855575701874260e-06,-1.31855575701874260e-06,-2.63711191301098521e-06,-2.63711151403748520e-06
1.31872500000000006e+01,1.31872500000000006e+01,7.58308214373732137e-02,-5.75031521790414502e-03,-5.75031347986678081e-03,-1.31565891719020856e-06,-1.31565851953125074e-06,-1.31565851953125096e-06,-2.63131743672145930e-06,-2.63131703906250191e-06
1.31945000000000014e+01,1.31945000000000014e+01,7.57891545719807380e-02,-5.74399768495670315e-03,-5.74399595073558922e-03,-1.31276963158023261e-06,-1.31276923523034918e-06,-1.31276923523034876e-06,-2.62553886681058158e-06,-2.62553847046069794e-06
1.32017500000000005e+01,1.32017500000000005e+01,7.57475334709413473e-02,-5.73769055734540956e-03,-5.73768882693137961e-03,-1.30988827297726740e-06,-1.30988787793173086e-06,-1.30988787793173107e-06,-2.61977615090899847e-06,-2.61977575586346213e-06
1.32090000000000014e+01,1.32090000000000014e+01,7.57059580588992226e-02,-5.73139381223519706e-03,-5.73139208561580880e-03,-1.30701481529825830e-06,-1.30701442155160696e-06,-1.30701442155160675e-06,-2.61402923684986505e-06,-2.61402884310321393e-06
1.32162500000000005e+01,1.32162500000000005e+01,7.56644282606639546e-02,-5.72510742684517737e-03,-5.72510570401316230e-03,-1.30414923255830251e-06,-1.30414884010626925e-06,-1.30414884010626925e-06,-2.60829807266457175e-06,-2.60829768021253849e-06
1.32235000000000014e+01,1.32235000000000014e+01,7.56229440012099602e-02,-5.71883137846818101e-03,-5.71882965941013753e-03,-1.30129149887471315e-06,-1.30129110771164698e-06,-1.30129110771164677e-06,-2.60258260658635991e-06,-2.60258221542329354e-06
1.32307500000000005e+01,1.32307500000000005e+01,7.55815052056761638e-02,-5.71256564444855286e-03,-5.71256392915565382e-03,-1.29844158846156944e-06,-1.29844119858287479e-06,-1.29844119858287479e-06,-2.59688278704444424e-06,-2.59688239716574959e-06
1.32380000000000013e+01,1.32380000000000013e+01,7.55401117993654558e-02,-5.70631020219813934e-03,-5.70630849066063213e-03,-1.29559947563297082e-06,-1.29559908703385538e-06,-1.29559908703385517e-06,-2.59119856266682620e-06,-2.59119817406771034e-06
1.32452500000000004e+01,1.32452500000000004e+01,7.54987637077442902e-02,-5.70006502919184754e-03,-5.70006332139780594e-03,-1.29276513480163821e-06,-1.29276474747683006e-06,-1.29276474747682984e-06,-2.58552988227846784e-06,-2.58552949495365969e-06
1.32525000000000013e+01,1.32525000000000013e+01,7.54574608564421712e-02,-5.69383010296142800e-03,-5.69382839890150271e-03,-1.28993854047711859e-06,-1.28993815442194422e-06,-1.28993815442194422e-06,-2.57987669489906281e-06,-2.57987630884388844e-06
1.32597500000000004e+01,1.32597500000000004e+01,7.54162031712513475e-02,-5.68760540110258006e-03,-5.68760370076746170e-03,-1.28711966726701846e-06,-1.28711928247682681e-06,-1.28711928247682702e-06,-2.57423894974384528e-06,-2.57423856495365362e-06
1.32670000000000012e+01,1.32670000000000012e+01,7.53749905781261748e-02,-5.68139090127584012e-03,-5.68138920465260933e-03,-1.28430848987681856e-06,-1.28430810634615537e-06,-1.28430810634615537e-06,-2.56861659622297372e-06,-2.56861621269231074e-06
1.32742500000000003e+01,1.32742500000000003e+01,7.53338230031828510e-02,-5.67518658119414710e-03,-5.67518488827488139e-03,-1.28150498310668603e-06,-1.28150460083124117e-06,-1.28150460083124139e-06,-2.56300958393792762e-06,-2.56300920166248277e-06
1.32815000000000012e+01,1.32815000000000012e+01,7.52927003726988620e-02,-5.66899241863882963e-03,-5.66899072941300704e-03,-1.27870912185471160e-06,-1.27870874082960024e-06,-1.27870874082960046e-06,-2.55741786268431206e-06,-2.55741748165920049e-06
1.32887500000000003e+01,1.32887500000000003e+01,7.52516226131125926e-02,-5.66280839144894799e-03,-5.66280670590631890e-03,-1.27592088111412771e-06,-1.27592050133453997e-06,-1.27592050133453997e-06,-2.55184138244866768e-06,-2.55184100266907995e-06
1.32960000000000012e+01,1.32960000000000012e+01,7.52105896510228550e-02,-5.65663447752484672e-03,-5.65663279565454657e-03,-1.27314023597373413e-06,-1.27313985743473562e-06,-1.27313985743473520e-06,-2.54628009340846912e-06,-2.54627971486947083e-06
1.33032500000000002e+01,1.33032500000000002e+01,7.51696014131884999e-02,-5.65047065482282562e-03,-5.65046897661763102e-03,-1.27036716161633202e-06,-1.27036678431382057e-06,-1.27036678431382035e-06,-2.54073394593015216e-06,-2.54073356862764113e-06
1.33105000000000011e+01,1.33105000000000011e+01,7.51286578265279170e-02,-5.64431690136757425e-03,-5.64431522681551473e-03,-1.26760163332114941e-06,-1.26760125724996805e-06,-1.26760125724996805e-06,-2.53520289057111746e-06,-2.53520251449993611e-06
1.33177500000000002e+01,1.33177500000000002e+01,7.50877588181186745e-02,-5.63817319523618465e-03,-5.63817152432795864e-03,-1.26484362645987940e-06,-1.26484325161548445e-06,-1.26484325161548445e-06,-2.52968687807536364e-06,-2.52968650323096890e-06
1.33250000000000011e+01,1.33250000000000011e+01,7.50469043151969911e-02,-5.63203951456969776e-03,-5.63203784729433311e-03,-1.26209311649890852e-06,-1.26209274287639459e-06,-1.26209274287639459e-06,-2.52418585937530332e-06,-2.52418548575278918e-06
1.33322500000000002e+01,1.33322500000000002e+01,7.50060942451574175e-02,-5.62591583756510971e-03,-5.62591417391343669e-03,-1.25935007899716014e-06,-1.25934970659203966e-06,-1.25934970659203966e-06,-2.51869978558920002e-06,-2.51869941318407933e-06
1.33395000000000010e+01,1.33395000000000010e+01,7.49653285355522947e-02,-5.61980214247981280e-03,-5.61980048244329136e-03,-1.25661448960672896e-06,-1.25661411841466682e-06,-1.25661411841466682e-06,-2.51322860802139557e-06,-2.51322823682933363e-06
1.33467500000000001e+01,1.33467500000000001e+01,7.49246071140914488e-02,-5.61369840763425998e-03,-5.61369675120096303e-03,-1.25388632407311474e-06,-1.25388595408903169e-06,-1.25388595408903148e-06,-2.50777227816214621e-06,-2.50777190817806337e-06
1.33540000000000010e+01,1.33540000000000010e+01,7.48839299086415944e-02,-5.60760461140130673e-03,-5.60760295856234728e-03,-1.25116555823247918e-06,-1.25116518945198866e-06,-1.25116518945198866e-06,-2.50233074768446784e-06,-2.50233037890397731e-06
1.33612500000000001e+01,1.33612500000000001e+01,7.48432968472261262e-02,-5.60152073221598101e-03,-5.60151908296200804e-03,-1.24845216801347769e-06,-1.24845180043210163e-06,-1.24845180043210163e-06,-2.49690396844557932e-06,-2.49690360086420327e-06
1.33685000000000009e+01,1.33685000000000009e+01,7.48027078580244531e-02,-5.59544674857281876e-03,-5.59544510289295381e-03,-1.24574612943630321e-06,-1.24574576304923620e-06,-1.24574576304923620e-06,-2.49149189248553920e-06,-2.49149152609847241e-06
1.33757500000000000e+01,1.33757500000000000e+01,7.47621628693718177e-02,-5.58938263902142296e-03,-5.58938099690647720e-03,-1.24304741861134715e-06,-1.24304705341417318e-06,-1.24304705341417318e-06,-2.48609447202552033e-06,-2.48609410682834636e-06
1.33830000000000009e+01,1.33830000000000009e+01,7.47216618097586438e-02,-5.58332838217090455e-03,-5.58332674361194329e-03,-1.24035601173983543e-06,-1.24035564772820667e-06,-1.24035564772820667e-06,-2.48071165946804232e-06,-2.48071129545641335e-06
1.33902500000000000e+01,1.33902500000000000e+01,7.46812046078303288e-02,-5.57728395668988242e-03,-5.57728232167661788e-03,-1.23767188511347933e-06,-1.23767152228276020e-06,-1.23767152228275999e-06,-2.47534340739623932e-06,-2.47534304456552040e-06
1.33975000000000009e+01,1.33975000000000009e+01,7.46407911923866324e-02,-5.57124934130381888e-03,-5.57124770982546196e-03,-1.23499501511353254e-06,-1.23499465345898874e-06,-1.23499465345898896e-06,-2.46998966857252171e-06,-2.46998930691797791e-06
1.34047499999999999e+01,1.34047499999999999e+01,7.46004214923814274e-02,-5.56522451479057878e-03,-5.56522288684096512e-03,-1.23232537820946467e-06,-1.23232501772739997e-06,-1.23232501772739976e-06,-2.46465039593686422e-06,-2.46465003545479952e-06
1.34120000000000008e+01,1.34120000000000008e+01,7.45600954369221580e-02,-5.55920945599641669e-03,-5.55920783156294007e-03,-1.22966295096215544e-06,-1.22966259164745821e-06,-1.22966259164745842e-06,-2.45932554260961386e-06,-2.45932518329491642e-06
1.34192499999999999e+01,1.34192499999999999e+01,7.45198129552694793e-02,-5.55320414381466065e-03,-5.55320252288834908e-03,-1.22700771001883323e-06,-1.22700735186720943e-06,-1.22700735186720922e-06,-2.45401506188604223e-06,-2.45401470373441844e-06
1.34265000000000008e+01,1.34265000000000008e+01,7.44795739768368548e-02,-5.54720855719814665e-03,-5.54720693977111320e-03,-1.22435963211548424e-06,-1.22435927512289120e-06,-1.22435927512289120e-06,-2.44871890723837543e-06,-2.44871855024578239e-06
1.34337499999999999e+01,1.34337499999999999e+01,7.44393784311900980e-02,-5.54122267516188316e-03,-5.54122106122193012e-03,-1.22171869407710344e-06,-1.22171833823855891e-06,-1.22171833823855891e-06,-2.44343703231566234e-06,-2.44343667647711781e-06
1.34410000000000007e+01,1.34410000000000007e+01,7.43992262480470123e-02,-5.53524647676706394e-03,-5.53524486630808769e-03,-1.21908487281382277e-06,-1.21908451812570103e-06,-1.21908451812570081e-06,-2.43816939093952380e-06,-2.43816903625140163e-06
1.34482499999999998e+01,1.34482499999999998e+01,7.43591173572769742e-02,-5.52927994114327248e-03,-5.52927833415328956e-03,-1.21645814532547730e-06,-1.21645779178286852e-06,-1.21645779178286830e-06,-2.43291593710834540e-06,-2.43291558356573703e-06
1.34555000000000007e+01,1.34555000000000007e+01,7.43190516889004477e-02,-5.52332304746716574e-03,-5.52332144393745655e-03,-1.21383848869656706e-06,-1.21383813629529303e-06,-1.21383813629529282e-06,-2.42767662499185988e-06,-2.42767627259058607e-06
1.34627499999999998e+01,1.34627499999999998e+01,7.42790291730887065e-02,-5.51737577497402043e-03,-5.51737417489656361e-03,-1.21122588009847373e-06,-1.21122552883452037e-06,-1.21122552883452037e-06,-2.42245140893299410e-06,-2.42245105766904074e-06
1.34700000000000006e+01,1.34700000000000006e+01,7.42390497401633209e-02,-5.51143810295773307e-03,-5.51143650632244381e-03,-1.20862029678912162e-06,-1.20861994665803416e-06,-1.20861994665803437e-06,-2.41724024344715620e-06,-2.41723989331606875e-06
1.34772500000000015e+01,1.34772500000000015e+01,7.41991133205958109e-02,-5.50551001076549085e-03,-5.50550841756261827e-03,-1.20602171611148094e-06,-1.20602136710888935e-06,-1.20602136710888956e-06,-2.41204308322037050e-06,-2.41204273421777911e-06
1.34845000000000006e+01,1.34845000000000006e+01,7.41592198450072293e-02,-5.49959147779954804e-03,-5.49958988802011408e-03,-1.20343011549362821e-06,-1.20342976761534389e-06,-1.20342976761534389e-06,-2.40685988310897211e-06,-2.40685953523068778e-06
1.34917500000000015e+01,1.34917500000000015e+01,7.41193692441677182e-02,-5.49368248351811417e-03,-5.49368089715327607e-03,-1.20084547244861363e-06,-1.20084512569048930e-06,-1.20084512569048930e-06,-2.40169059813910293e-06,-2.40169025138097860e-06
1.34990000000000006e+01,1.34990000000000006e+01,7.40795614489962173e-02,-5.48778300743357761e-03,-5.48778142447560631e-03,-1.19826776457375046e-06,-1.19826741893189337e-06,-1.19826741893189379e-06,-2.39653518350564403e-06,-2.39653483786378716e-06
1.35062500000000014e+01,1.35062500000000014e+01,7.40397963905599227e-02,-5.48189302911872289e-03,-5.48189144955556987e-03,-1.19569696955164499e-06,-1.19569662502123086e-06,-1.19569662502123086e-06,-2.39139359457287585e-06,-2.39139325004246172e-06
1.35135000000000005e+01,1.35135000000000005e+01,7.40000740000739954e-02,-5.47601252819251982e-03,-5.47601095201642740e-03,-1.19313306514677349e-06,-1.19313272172392652e-06,-1.19313272172392652e-06,-2.38626578687070001e-06,-2.38626544344785303e-06
1.35207500000000014e+01,1.35207500000000014e+01,7.39603942089011313e-02,-5.47014148433433434e-03,-5.47013991153605557e-03,-1.19057602920826428e-06,-1.19057568688879504e-06,-1.19057568688879525e-06,-2.38115171609705975e-06,-2.38115137377759050e-06
1.35280000000000005e+01,1.35280000000000005e+01,7.39207569485511445e-02,-5.46427987727593489e-03,-5.46427830784677274e-03,-1.18802583966783479e-06,-1.18802549844768492e-06,-1.18802549844768492e-06,-2.37605133811551950e-06,-2.37605099689536985e-06
1.35352500000000013e+01,1.35352500000000013e+01,7.38811621506806210e-02,-5.45842768680415702e-03,-5.45842612073516292e-03,-1.18548247454005240e-06,-1.18548213441512038e-06,-1.18548213441512038e-06,-2.37096460895517299e-06,-2.37096426883024075e-06
1.35425000000000004e+01,1.35425000000000004e+01,7.38416097470924876e-02,-5.45258489276001512e-03,-5.45258333004190396e-03,-1.18294591192182927e-06,-1.18294557288795128e-06,-1.18294557288795149e-06,-2.36589148480978097e-06,-2.36589114577590255e-06
1.35497500000000013e+01,1.35497500000000013e+01,7.38020996697355963e-02,-5.44675147503870249e-03,-5.44674991566158721e-03,-1.18041612999210292e-06,-1.18041579204499657e-06,-1.18041579204499657e-06,-2.36083192203709950e-06,-2.36083158408999315e-06
1.35570000000000004e+01,1.35570000000000004e+01,7.37626318507044326e-02,-5.44092741358515042e-03,-5.44092585754255616e-03,-1.17789310701056532e-06,-1.17789277014669871e-06,-1.17789277014669871e-06,-2.35578587715726424e-06,-2.35578554029339741e-06
1.35642500000000013e+01,1.35642500000000013e+01,7.37232062222386020e-02,-5.43511268840646267e-03,-5.43511113568671995e-03,-1.17537682132004281e-06,-1.17537648553477016e-06,-1.17537648553477016e-06,-2.35075330685481319e-06,-2.35075297106954033e-06
1.35715000000000003e+01,1.35715000000000003e+01,7.36838227167225385e-02,-5.42930727955326375e-03,-5.42930573014939639e-03,-1.17286725134214808e-06,-1.17286691663185066e-06,-1.17286691663185066e-06,-2.34573416797399874e-06,-2.34573383326370132e-06
1.35787500000000012e+01,1.35787500000000012e+01,7.36444812666850745e-02,-5.42351116713657433e-03,-5.42350962103912895e-03,-1.17036437558062446e-06,-1.17036404194115816e-06,-1.17036404194115795e-06,-2.34072841752178241e-06,-2.34072808388231590e-06
1.35860000000000003e+01,1.35860000000000003e+01,7.36051818047990525e-02,-5.41772433131715303e-03,-5.41772278851752193e-03,-1.16786817261873324e-06,-1.16786784004614835e-06,-1.16786784004614814e-06,-2.33573601266488117e-06,-2.33573568009229629e-06
1.35932500000000012e+01,1.35932500000000012e+01,7.35659242638809635e-02,-5.41194675230993738e-03,-5.41194521279906963e-03,-1.16537862111990783e-06,-1.16537828961016930e-06,-1.16537828961016930e-06,-2.33075691073007713e-06,-2.33075657922033860e-06
1.36005000000000003e+01,1.36005000000000003e+01,7.35267085768905593e-02,-5.40617841038226743e-03,-5.40617687415099156e-03,-1.16289569982706614e-06,-1.16289536937612493e-06,-1.16289536937612493e-06,-2.32579106920319085e-06,-2.32579073875224985e-06
1.36077500000000011e+01,1.36077500000000011e+01,7.34875346769304216e-02,-5.40041928585388575e-03,-5.40041775289305109e-03,-1.16041938756230924e-06,-1.16041905816613115e-06,-1.16041905816613094e-06,-2.32083844572844017e-06,-2.32083811633226187e-06
1.36150000000000002e+01,1.36150000000000002e+01,7.34484024972456850e-02,-5.39466935909516110e-03,-5.39466782939740635e-03,-1.15794966322623785e-06,-1.15794933488118424e-06,-1.15794933488118403e-06,-2.31589899810742167e-06,-2.31589866976236805e-06
1.36222500000000011e+01,1.36222500000000011e+01,7.34093119712235370e-02,-5.38892861053241745e-03,-5.38892708408842368e-03,-1.15548650579879766e-06,-1.15548617850081991e-06,-1.15548617850082013e-06,-2.31097268429961757e-06,-2.31097235700163983e-06
1.36295000000000002e+01,1.36295000000000002e+01,7.33702630323929683e-02,-5.38319702063994043e-03,-5.38319549744253022e-03,-1.15302989433726632e-06,-1.15302956808278552e-06,-1.15302956808278573e-06,-2.30605946242005205e-06,-2.30605913616557105e-06
1.36367500000000010e+01,1.36367500000000010e+01,7.33312556144242456e-02,-5.37747456994974726e-03,-5.37747304998802828e-03,-1.15057980797804815e-06,-1.15057948276270039e-06,-1.15057948276270039e-06,-2.30115929074074854e-06,-2.30115896552540077e-06
1.36440000000000001e+01,1.36440000000000001e+01,7.32922896511287031e-02,-5.37176123903826408e-03,-5.37175972230494701e-03,-1.14813622593352822e-06,-1.14813590175373138e-06,-1.14813590175373160e-06,-2.29627212768725982e-06,-2.29627180350746319e-06
1.36512500000000010e+01,1.36512500000000010e+01,7.32533650764581878e-02,-5.36605700853876044e-03,-5.36605549502486463e-03,-1.14569912749443834e-06,-1.14569880434625944e-06,-1.14569880434625944e-06,-2.29139793184069799e-06,-2.29139760869251889e-06
1.36585000000000001e+01,1.36585000000000001e+01,7.32144818245048928e-02,-5.36036185913246754e-03,-5.36036034883075659e-03,-1.14326849202766704e-06,-1.14326816990755554e-06,-1.14326816990755554e-06,-2.28653666193522257e-06,-2.28653633981511107e-06
1.36657500000000010e+01,1.36657500000000010e+01,7.31756398295007604e-02,-5.35467577155746000e-03,-5.35467426445681779e-03,-1.14084429897786154e-06,-1.14084397788144992e-06,-1.14084397788145014e-06,-2.28168827685931147e-06,-2.28168795576289985e-06
1.36730000000000000e+01,1.36730000000000000e+01,7.31368390258173018e-02,-5.34899872659533315e-03,-5.34899722268831253e-03,-1.13842652786429967e-06,-1.13842620778801345e-06,-1.13842620778801345e-06,-2.27685273565231313e-06,-2.27685241557602691e-06
1.36802500000000009e+01,1.36802500000000009e+01,7.30980793479651253e-02,-5.34333070508274943e-03,-5.34332920436140536e-03,-1.13601515828306077e-06,-1.13601483922322912e-06,-1.13601483922322912e-06,-2.27202999750629011e-06,-2.27202967844645825e-06
1.36875000000000000e+01,1.36875000000000000e+01,7.30593607305936033e-02,-5.33767168790699742e-03,-5.33767019036300323e-03,-1.13361016990579393e-06,-1.13360985185867508e-06,-1.13360985185867508e-06,-2.26722002176446901e-06,-2.26721970371735017e-06
1.36947500000000009e+01,1.36947500000000009e+01,7.30206831084904695e-02,-5.33202165600510369e-03,-5.33202016163058547e-03,-1.13121154247924215e-06,-1.13121122544120043e-06,-1.13121122544120043e-06,-2.26242276792044258e-06,-2.26242245088240086e-06
1.37020000000000000e+01,1.37020000000000000e+01,7.29820464165815280e-02,-5.32638059036649736e-03,-5.32637909915205984e-03,-1.12881925582552441e-06,-1.12881893979261180e-06,-1.12881893979261180e-06,-2.25763819561813622e-06,-2.25763787958522361e-06
1.37092500000000008e+01,1.37092500000000008e+01,7.29434505899301533e-02,-5.32074847202856915e-03,-5.32074698396558122e-03,-1.12643328984091025e-06,-1.12643297480935110e-06,-1.12643297480935110e-06,-2.25286626465026135e-06,-2.25286594961870219e-06
1.37164999999999999e+01,1.37164999999999999e+01,7.29048955637371099e-02,-5.31512528207844781e-03,-5.31512379715941459e-03,-1.12405362449591627e-06,-1.12405331046218565e-06,-1.12405331046218543e-06,-2.24810693495810149e-06,-2.24810662092437087e-06
1.37237500000000008e+01,1.37237500000000008e+01,7.28663812733400112e-02,-5.30951100165655276e-03,-5.30950951987175547e-03,-1.12168023983577587e-06,-1.12167992679588827e-06,-1.12167992679588827e-06,-2.24336016663166393e-06,-2.24335985359177654e-06
1.37309999999999999e+01,1.37309999999999999e+01,7.28279076542130976e-02,-5.30390561194771237e-03,-5.30390413329059028e-03,-1.11931311597828457e-06,-1.11931280392893234e-06,-1.11931280392893213e-06,-2.23862591990721691e-06,-2.23862560785786425e-06
1.37382500000000007e+01,1.37382500000000007e+01,7.27894746419667643e-02,-5.29830909419271023e-03,-5.29830761865352287e-03,-1.11695223311595892e-06,-1.11695192205317264e-06,-1.11695192205317222e-06,-2.23390415516913114e-06,-2.23390384410634486e-06
1.37454999999999998e+01,1.37454999999999998e+01,7.27510821723473117e-02,-5.29272142967496251e-03,-5.29271995724763140e-03,-1.11459757151295115e-06,-1.11459726143354302e-06,-1.11459726143354302e-06,-2.22919483294649417e-06,-2.22919452286708604e-06
1.37527500000000007e+01,1.37527500000000007e+01,7.27127301812364735e-02,-5.28714259973472878e-03,-5.28714113040929749e-03,-1.11224911150776796e-06,-1.11224880240774357e-06,-1.11224880240774379e-06,-2.22449791391551174e-06,-2.22449760481548757e-06
1.37599999999999998e+01,1.37599999999999998e+01,7.26744186046511670e-02,-5.28157258575490118e-03,-5.28157111952406739e-03,-1.10990683351000517e-06,-1.10990652538593893e-06,-1.10990652538593893e-06,-2.21981335889594389e-06,-2.21981305077187785e-06
1.37672500000000007e+01,1.37672500000000007e+01,7.26361473787430212e-02,-5.27601136917166258e-03,-5.27600990602647684e-03,-1.10757071800231692e-06,-1.10757041085044587e-06,-1.10757041085044587e-06,-2.21514112885276258e-06,-2.21514082170089174e-06
1.37745000000000015e+01,1.37745000000000015e+01,7.25979164397981686e-02,-5.27045893146649291e-03,-5.27045747139991746e-03,-1.10524074553846596e-06,-1.10524043935543860e-06,-1.10524043935543860e-06,-2.21048118489390456e-06,-2.21048087871087721e-06
1.37817500000000006e+01,1.37817500000000006e+01,7.25597257242367594e-02,-5.26491525417327466e-03,-5.26491379717646587e-03,-1.10291689674454466e-06,-1.10291659152664062e-06,-1.10291659152664062e-06,-2.20583348827118527e-06,-2.20583318305328124e-06
1.37890000000000015e+01,1.37890000000000015e+01,7.25215751686126564e-02,-5.25938031887118740e-03,-5.25937886493673540e-03,-1.10059915231721595e-06,-1.10059884806102443e-06,-1.10059884806102465e-06,-2.20119800037824059e-06,-2.20119769612204929e-06
1.37962500000000006e+01,1.37962500000000006e+01,7.24834647096131157e-02,-5.25385410719092505e-03,-5.25385265630973035e-03,-1.09828749302474923e-06,-1.09828718972651577e-06,-1.09828718972651555e-06,-2.19657468275126457e-06,-2.19657437945303111e-06
1.38035000000000014e+01,1.38035000000000014e+01,7.24453942840583842e-02,-5.24833660080847864e-03,-5.24833515297267947e-03,-1.09598189970545229e-06,-1.09598159736169071e-06,-1.09598159736169071e-06,-2.19196349706714301e-06,-2.19196319472338142e-06
1.38107500000000005e+01,1.38107500000000005e+01,7.24073638289013943e-02,-5.24282778144868900e-03,-5.24282633665089804e-03,-1.09368235326815205e-06,-1.09368205187548501e-06,-1.09368205187548501e-06,-2.18736440514363726e-06,-2.18736410375097002e-06
1.38180000000000014e+01,1.38180000000000014e+01,7.23693732812273754e-02,-5.23732763088702313e-03,-5.23732618911762655e-03,-1.09138883469229780e-06,-1.09138853424689270e-06,-1.09138853424689270e-06,-2.18277736893919071e-06,-2.18277706849378539e-06
1.38252500000000005e+01,1.38252500000000005e+01,7.23314225782535486e-02,-5.23183613093891609e-03,-5.23183469219388759e-03,-1.08910132502548036e-06,-1.08910102552467835e-06,-1.08910102552467835e-06,-2.17820235055015892e-06,-2.17820205104935670e-06
1.38325000000000014e+01,1.38325000000000014e+01,7.22935116573287517e-02,-5.22635326348019902e-03,-5.22635182774832795e-03,-1.08681980538742447e-06,-1.08681950682707976e-06,-1.08681950682707976e-06,-2.17363931221450444e-06,-2.17363901365415952e-06
1.38397500000000004e+01,1.38397500000000004e+01,7.22556404559330928e-02,-5.22087901042311842e-03,-5.22087757769707471e-03,-1.08454425696473705e-06,-1.08454395934152078e-06,-1.08454395934152078e-06,-2.16908821630625804e-06,-2.16908791868304157e-06
1.38470000000000013e+01,1.38470000000000013e+01,7.22178089116776167e-02,-5.21541335373143511e-03,-5.21541192400358251e-03,-1.08227466101378979e-06,-1.08227436432431914e-06,-1.08227436432431914e-06,-2.16454902533810892e-06,-2.16454872864863828e-06
1.38542500000000004e+01,1.38542500000000004e+01,7.21800169623039861e-02,-5.20995627541687156e-03,-5.20995484867849135e-03,-1.08001099885972395e-06,-1.08001070310040051e-06,-1.08001070310040030e-06,-2.16002170196012404e-06,-2.16002140620080060e-06
1.38615000000000013e+01,1.38615000000000013e+01,7.21422645456840789e-02,-5.20450775753467099e-03,-5.20450633377946611e-03,-1.07775325189527170e-06,-1.07775295706300825e-06,-1.07775295706300825e-06,-2.15550620895828016e-06,-2.15550591412601649e-06
1.38687500000000004e+01,1.38687500000000004e+01,7.21045515998197384e-02,-5.19906778219070276e-03,-5.19906636141106732e-03,-1.07550140158197730e-06,-1.07550110767342423e-06,-1.07550110767342402e-06,-2.15100250925540153e-06,-2.15100221534684847e-06
1.38760000000000012e+01,1.38760000000000012e+01,7.20668780628423156e-02,-5.19363633153702153e-03,-5.19363491372458290e-03,-1.07325542944901741e-06,-1.07325513646067544e-06,-1.07325513646067544e-06,-2.14651056590969285e-06,-2.14651027292135088e-06
1.38832500000000003e+01,1.38832500000000003e+01,7.20292438730124468e-02,-5.18821338777097907e-03,-5.18821197291790062e-03,-1.07101531709277083e-06,-1.07101502502126071e-06,-1.07101502502126092e-06,-2.14203034211403196e-06,-2.14203005004252142e-06
1.38905000000000012e+01,1.38905000000000012e+01,7.19916489687196237e-02,-5.18279893313788875e-03,-5.18279752123534942e-03,-1.06878104617711343e-06,-1.06878075501886237e-06,-1.06878075501886216e-06,-2.13756180119597580e-06,-2.13756151003772432e-06
1.38977500000000003e+01,1.38977500000000003e+01,7.19540932884819434e-02,-5.17739294992569654e-03,-5.17739154096756235e-03,-1.06655259843207138e-06,-1.06655230818406925e-06,-1.06655230818406925e-06,-2.13310490661614084e-06,-2.13310461636813849e-06
1.39050000000000011e+01,1.39050000000000011e+01,7.19165767709456921e-02,-5.17199542047297456e-03,-5.17199401445132562e-03,-1.06432995565521921e-06,-1.06432966631409692e-06,-1.06432966631409692e-06,-2.12865962196931613e-06,-2.12865933262819385e-06
1.39122500000000002e+01,1.39122500000000002e+01,7.18790993548850815e-02,-5.16660632716270385e-03,-5.16660492406944075e-03,-1.06211309971015109e-06,-1.06211281127251142e-06,-1.06211281127251142e-06,-2.12422591098266251e-06,-2.12422562254502283e-06
1.39195000000000011e+01,1.39195000000000011e+01,7.18416609792018324e-02,-5.16122565242316256e-03,-5.16122425225057097e-03,-1.05990201252641605e-06,-1.05990172498894963e-06,-1.05990172498894963e-06,-2.11980373751536568e-06,-2.11980344997789925e-06
1.39267500000000002e+01,1.39267500000000002e+01,7.18042615829249525e-02,-5.15585337872881411e-03,-5.15585198146911207e-03,-1.05769667609945677e-06,-1.05769638945884958e-06,-1.05769638945884958e-06,-2.11539306555830635e-06,-2.11539277891769917e-06
1.39340000000000011e+01,1.39340000000000011e+01,7.17669011052102651e-02,-5.15048948859941902e-03,-5.15048809424503099e-03,-1.05549707249018100e-06,-1.05549678674317049e-06,-1.05549678674317028e-06,-2.11099385923335128e-06,-2.11099357348634098e-06
1.39412500000000001e+01,1.39412500000000001e+01,7.17295794853402696e-02,-5.14513396459825856e-03,-5.14513257314374705e-03,-1.05330318382435760e-06,-1.05330289896812697e-06,-1.05330289896812697e-06,-2.10660608279248457e-06,-2.10660579793625393e-06
1.39485000000000010e+01,1.39485000000000010e+01,7.16922966627235869e-02,-5.13978678934101652e-03,-5.13978540077596711e-03,-1.05111499229418931e-06,-1.05111470832491186e-06,-1.05111470832491186e-06,-2.10222970061910117e-06,-2.10222941664982372e-06
1.39557500000000001e+01,1.39557500000000001e+01,7.16550525768948343e-02,-5.13444794547890382e-03,-5.13444655979756245e-03,-1.04893248015462047e-06,-1.04893219706943175e-06,-1.04893219706943175e-06,-2.09786467722405244e-06,-2.09786439413886351e-06
1.39630000000000010e+01,1.39630000000000010e+01,7.16178471675141398e-02,-5.12911741571553392e-03,-5.12911603290941345e-03,-1.04675562972654776e-06,-1.04675534752203296e-06,-1.04675534752203275e-06,-2.09351097724858030e-06,-2.09351069504406593e-06
1.39702500000000001e+01,1.39702500000000001e+01,7.15806803743669617e-02,-5.12379518279448831e-03,-5.12379380285728301e-03,-1.04458442339404105e-06,-1.04458414206723980e-06,-1.04458414206723980e-06,-2.08916856546128106e-06,-2.08916828413447959e-06
1.39775000000000009e+01,1.39775000000000009e+01,7.15435521373636168e-02,-5.11848122950819828e-03,-5.11847985243166562e-03,-1.04241884360591869e-06,-1.04241856315348328e-06,-1.04241856315348350e-06,-2.08483740675940219e-06,-2.08483712630696657e-06
1.39847500000000000e+01,1.39847500000000000e+01,7.15064623965390861e-02,-5.11317553869083952e-03,-5.11317416446765809e-03,-1.04025887287406146e-06,-1.04025859329284095e-06,-1.04025859329284116e-06,-2.08051746616690262e-06,-2.08051718658568189e-06
1.39920000000000009e+01,1.39920000000000009e+01,7.14694110920525982e-02,-5.10787809322188480e-03,-5.10787672184481126e-03,-1.03810449377390156e-06,-1.03810421506076932e-06,-1.03810421506076911e-06,-2.07620870883467088e-06,-2.07620843012153822e-06
1.39992500000000000e+01,1.39992500000000000e+01,7.14323981641873662e-02,-5.10258887602521582e-03,-5.10258750748699905e-03,-1.03595568894400816e-06,-1.03595541109584416e-06,-1.03595541109584416e-06,-2.07191110003985253e-06,-2.07191082219168831e-06
1.40065000000000008e+01,1.40065000000000008e+01,7.13954235533502263e-02,-5.09730787006912323e-03,-5.09730650436227613e-03,-1.03381244108585259e-06,-1.03381216409949718e-06,-1.03381216409949697e-06,-2.06762460518534956e-06,-2.06762432819899394e-06
1.40137499999999999e+01,1.40137499999999999e+01,7.13584872000713605e-02,-5.09203505836630654e-03,-5.09203369548274793e-03,-1.03167473296357752e-06,-1.03167445683575925e-06,-1.03167445683575946e-06,-2.06334918979933719e-06,-2.06334891367151849e-06
1.40210000000000008e+01,1.40210000000000008e+01,7.13215890450039219e-02,-5.08677042397120971e-03,-5.08676906390442309e-03,-1.02954254740322466e-06,-1.02954227213099733e-06,-1.02954227213099733e-06,-2.05908481953422198e-06,-2.05908454426199465e-06
1.40282499999999999e+01,1.40282499999999999e+01,7.12847290289237850e-02,-5.08151394998535011e-03,-5.08151259272708860e-03,-1.02741586729358603e-06,-1.02741559287366167e-06,-1.02741559287366167e-06,-2.05483146016724791e-06,-2.05483118574732335e-06
1.40355000000000008e+01,1.40355000000000008e+01,7.12479070927291430e-02,-5.07626561955021316e-03,-5.07626426509416410e-03,-1.02529467558453469e-06,-1.02529440201402451e-06,-1.02529440201402451e-06,-2.05058907759855920e-06,-2.05058880402804902e-06
1.40427499999999998e+01,1.40427499999999998e+01,7.12111231774403136e-02,-5.07102541585169320e-03,-5.07102406419257697e-03,-1.02317895528769877e-06,-1.02317868256393015e-06,-1.02317868256393015e-06,-2.04635763785162891e-06,-2.04635736512786030e-06
1.40500000000000007e+01,1.40500000000000007e+01,7.11743772241992811e-02,-5.06579332212453437e-03,-5.06579197325261743e-03,-1.02106868947712612e-06,-1.02106841759653560e-06,-1.02106841759653560e-06,-2.04213710707366173e-06,-2.04213683519307121e-06
1.40572499999999998e+01,1.40572499999999998e+01,7.11376691742695022e-02,-5.06056932163900797e-03,-5.06056797554781373e-03,-1.01896386128637378e-06,-1.01896359024606324e-06,-1.01896359024606324e-06,-2.03792745153243703e-06,-2.03792718049212649e-06
1.40645000000000007e+01,1.40645000000000007e+01,7.11009989690355171e-02,-5.05535339771334691e-03,-5.05535205439478896e-03,-1.01686445391078877e-06,-1.01686418370754393e-06,-1.01686418370754414e-06,-2.03372863761833291e-06,-2.03372836741508828e-06
1.40717500000000015e+01,1.40717500000000015e+01,7.10643665500026583e-02,-5.05014553370575214e-03,-5.05014419315313705e-03,-1.01477045060567553e-06,-1.01477018123657074e-06,-1.01477018123657053e-06,-2.02954063184224585e-06,-2.02954036247314105e-06
1.40790000000000006e+01,1.40790000000000006e+01,7.10277718587967871e-02,-5.04494571301794537e-03,-5.04494437522528486e-03,-1.01268183468678916e-06,-1.01268156614904805e-06,-1.01268156614904784e-06,-2.02536340083583721e-06,-2.02536313229809610e-06
1.40862500000000015e+01,1.40862500000000015e+01,7.09912148371638907e-02,-5.03975391909783355e-03,-5.03975258405635861e-03,-1.01059858953064579e-06,-1.01059832182094143e-06,-1.01059832182094143e-06,-2.02119691135158700e-06,-2.02119664364188286e-06
1.40935000000000006e+01,1.40935000000000006e+01,7.09546954269698743e-02,-5.03457013542973897e-03,-5.03456880313405981e-03,-1.00852069857234448e-06,-1.00852043168803603e-06,-1.00852043168803582e-06,-2.01704113026038029e-06,-2.01704086337607164e-06
1.41007500000000014e+01,1.41007500000000014e+01,7.09182135702001587e-02,-5.02939434554505738e-03,-5.02939301598852220e-03,-1.00644814530748255e-06,-1.00644787924568312e-06,-1.00644787924568291e-06,-2.01289602455316567e-06,-2.01289575849136624e-06
1.41080000000000005e+01,1.41080000000000005e+01,7.08817692089594581e-02,-5.02422653301959343e-03,-5.02422520619219288e-03,-1.00438091329140387e-06,-1.00438064804856333e-06,-1.00438064804856354e-06,-2.00876156133996763e-06,-2.00876129609712708e-06
1.41152500000000014e+01,1.41152500000000014e+01,7.08453622854713777e-02,-5.01906668146379076e-03,-5.01906535735969009e-03,-1.00231898613702512e-06,-1.00231872171043656e-06,-1.00231872171043656e-06,-2.00463770784746147e-06,-2.00463744342087312e-06
1.41225000000000005e+01,1.41225000000000005e+01,7.08089927420782472e-02,-5.01391477453427825e-03,-5.01391345314768956e-03,-1.00026234751693137e-06,-1.00026208390390440e-06,-1.00026208390390440e-06,-2.00052443142083556e-06,-2.00052416780780881e-06
1.41297500000000014e+01,1.41297500000000014e+01,7.07726605212406351e-02,-5.00877079593209373e-03,-5.00876947725477275e-03,-9.98210981162802857e-07,-9.98210718360164074e-07,-9.98210718360164286e-07,-1.99642169952296714e-06,-1.99642143672032815e-06
1.41370000000000005e+01,1.41370000000000005e+01,7.07363655655372375e-02,-5.00363472939380216e-03,-5.00363341342132274e-03,-9.96164870863429101e-07,-9.96164608868773988e-07,-9.96164608868773776e-07,-1.99232947973220267e-06,-1.99232921773754798e-06
1.41442500000000013e+01,1.41442500000000013e+01,7.07001078176644204e-02,-4.99850655870570648e-03,-4.99850524542937331e-03,-9.94124000467326886e-07,-9.94123739277407917e-07,-9.94123739277407917e-07,-1.98824773974473459e-06,-1.98824747855481583e-06
1.41515000000000004e+01,1.41515000000000004e+01,7.06638872204359975e-02,-4.99338626769052496e-03,-4.99338495710249797e-03,-9.92088353879875160e-07,-9.92088093491623749e-07,-9.92088093491623749e-07,-1.98417644737149870e-06,-1.98417618698324750e-06
1.41587500000000013e+01,1.41587500000000013e+01,7.06277037167828969e-02,-4.98827384021183207e-03,-4.98827253230566935e-03,-9.90057915063987377e-07,-9.90057655474620383e-07,-9.90057655474620383e-07,-1.98011557053860776e-06,-1.98011531094924077e-06
1.41660000000000004e+01,1.41660000000000004e+01,7.05915572497529259e-02,-4.98316926017494666e-03,-4.98316795494514481e-03,-9.88032668040079935e-07,-9.88032409247007345e-07,-9.88032409247007345e-07,-1.97606507728708728e-06,-1.97606481849401469e-06
1.41732500000000012e+01,1.41732500000000012e+01,7.05554477625103538e-02,-4.97807251152959651e-03,-4.97807120896832760e-03,-9.86012596886386859e-07,-9.86012338886565494e-07,-9.86012338886565494e-07,-1.97202493577295256e-06,-1.97202467777313099e-06
1.41805000000000003e+01,1.41805000000000003e+01,7.05193751983357459e-02,-4.97298357826370108e-03,-4.97298227836365063e-03,-9.83997685737521318e-07,-9.83997428528016845e-07,-9.83997428528016845e-07,-1.96799511426553837e-06,-1.96799485705603369e-06
1.41877500000000012e+01,1.41877500000000012e+01,7.04833395006255331e-02,-4.96790244440692419e-03,-4.96790114716043948e-03,-9.81987918784968817e-07,-9.81987662362788668e-07,-9.81987662362788668e-07,-1.96397558114775770e-06,-1.96397532472557734e-06
1.41950000000000003e+01,1.41950000000000003e+01,7.04473406128918594e-02,-4.96282909402534500e-03,-4.96282779942880305e-03,-9.79983280275831890e-07,-9.79983024638786697e-07,-9.79983024638786485e-07,-1.95996630491461816e-06,-1.95996604927757339e-06
1.42022500000000012e+01,1.42022500000000012e+01,7.04113784787621655e-02,-4.95776351123478065e-03,-4.95776221927949137e-03,-9.77983754515251768e-07,-9.77983499660157958e-07,-9.77983499660158169e-07,-1.95596725417540994e-06,-1.95596699932031634e-06
1.42095000000000002e+01,1.42095000000000002e+01,7.03754530419789526e-02,-4.95270568018391089e-03,-4.95270439086378453e-03,-9.75989325862873502e-07,-9.75989071787068849e-07,-9.75989071787068849e-07,-1.95197839764994235e-06,-1.95197814357413770e-06
1.42167500000000011e+01,1.42167500000000011e+01,7.03395642463994913e-02,-4.94765558506493619e-03,-4.94765429837336172e-03,-9.73999978734744158e-07,-9.73999725435470512e-07,-9.73999725435470512e-07,-1.94799970417021467e-06,-1.94799945087094102e-06
1.42240000000000002e+01,1.42240000000000002e+01,7.03037120359955026e-02,-4.94261321011268961e-03,-4.94261192604017897e-03,-9.72015697602935045e-07,-9.72015445076875637e-07,-9.72015445076875425e-07,-1.94403114267981047e-06,-1.94403089015375127e-06
1.42312500000000011e+01,1.42312500000000011e+01,7.02678963548528657e-02,-4.93757853959397863e-03,-4.93757725813634505e-03,-9.70036466993240536e-07,-9.70036215238129129e-07,-9.70036215238129129e-07,-1.94007268223136967e-06,-1.94007243047625826e-06
1.42385000000000002e+01,1.42385000000000002e+01,7.02321171471713968e-02,-4.93255155782268417e-03,-4.93255027897400705e-03,-9.68062271487950833e-07,-9.68062020501186612e-07,-9.68062020501186400e-07,-1.93612429198913723e-06,-1.93612404100237280e-06
1.42457500000000010e+01,1.42457500000000010e+01,7.01963743572644461e-02,-4.92753224915265520e-03,-4.92753097290521327e-03,-9.66093095724250010e-07,-9.66092845502885513e-07,-9.66092845502885725e-07,-1.93218594122713574e-06,-1.93218569100577145e-06
1.42530000000000001e+01,1.42530000000000001e+01,7.01606679295586899e-02,-4.92252059797415598e-03,-4.92251932432180486e-03,-9.64128924393321978e-07,-9.64128674934726955e-07,-9.64128674934726955e-07,-1.92825759932804893e-06,-1.92825734986945391e-06
1.42602500000000010e+01,1.42602500000000010e+01,7.01249978085938114e-02,-4.91751658872008335e-03,-4.91751531765528740e-03,-9.62169742241369883e-07,-9.62169493542648752e-07,-9.62169493542648752e-07,-1.92433923578401842e-06,-1.92433898708529750e-06
1.42675000000000001e+01,1.42675000000000001e+01,7.00893639390222506e-02,-4.91252020585974947e-03,-4.91251893737671298e-03,-9.60215534068204526e-07,-9.60215286126808777e-07,-9.60215286126808777e-07,-1.92043082019501309e-06,-1.92043057225361755e-06
1.42747500000000009e+01,1.42747500000000009e+01,7.00537662656088439e-02,-4.90753143390421087e-03,-4.90753016799655613e-03,-9.58266284728085894e-07,-9.58266037541360291e-07,-9.58266037541360291e-07,-1.91653232226944619e-06,-1.91653207508272058e-06
1.42820000000000000e+01,1.42820000000000000e+01,7.00182047332306434e-02,-4.90255025740449213e-03,-4.90254899406460196e-03,-9.56321979129183174e-07,-9.56321732694238063e-07,-9.56321732694237851e-07,-1.91264371182342102e-06,-1.91264346538847613e-06
1.42892500000000009e+01,1.42892500000000009e+01,6.99826792868764869e-02,-4.89757666094803312e-03,-4.89757540016981172e-03,-9.54382602232684731e-07,-9.54382356546933697e-07,-9.54382356546933909e-07,-1.90876495877961885e-06,-1.90876471309386782e-06
1.42965000000000000e+01,1.42965000000000000e+01,6.99471898716469004e-02,-4.89261062916224176e-03,-4.89260937094022300e-03,-9.52448139053299662e-07,-9.52447894114286310e-07,-9.52447894114286416e-07,-1.90489603316758597e-06,-1.90489578822857283e-06
1.43037500000000009e+01,1.43037500000000009e+01,6.99117364327536406e-02,-4.88765214671538217e-03,-4.88765089104281278e-03,-9.50518574659235240e-07,-9.50518330464258806e-07,-9.50518330464258806e-07,-1.90103690512349405e-06,-1.90103666092851761e-06
1.43109999999999999e+01,1.43109999999999999e+01,6.98763189155195280e-02,-4.88270119831302196e-03,-4.88269994518339238e-03,-9.48593894171314309e-07,-9.48593650717728555e-07,-9.48593650717728449e-07,-1.89718754488904276e-06,-1.89718730143545690e-06
1.43182500000000008e+01,1.43182500000000008e+01,6.98409372653781002e-02,-4.87775776869980859e-03,-4.87775651810647918e-03,-9.46674082763128699e-07,-9.46673840048268860e-07,-9.46673840048268860e-07,-1.89334792281139756e-06,-1.89334768009653772e-06
1.43254999999999999e+01,1.43254999999999999e+01,6.98055914278733758e-02,-4.87282184265946938e-03,-4.87282059459518899e-03,-9.44759125660849917e-07,-9.44758883681939842e-07,-9.44758883681939842e-07,-1.88951800934278987e-06,-1.88951776736387968e-06
1.43327500000000008e+01,1.43327500000000008e+01,6.97702813486595352e-02,-4.86789340501303514e-03,-4.86789215947110859e-03,-9.42849008142693503e-07,-9.42848766897071921e-07,-9.42848766897071921e-07,-1.88569777503976532e-06,-1.88569753379414384e-06
1.43399999999999999e+01,1.43399999999999999e+01,6.97350069735006989e-02,-4.86297244061884015e-03,-4.86297119759419080e-03,-9.40943715538733214e-07,-9.40943475024059137e-07,-9.40943475024059137e-07,-1.88188719056279246e-06,-1.88188695004811827e-06
1.43472500000000007e+01,1.43472500000000007e+01,6.96997682482705661e-02,-4.85805893437607494e-03,-4.85805769386262604e-03,-9.39043233231399288e-07,-9.39042993445144005e-07,-9.39042993445143793e-07,-1.87808622667654308e-06,-1.87808598689028780e-06
1.43544999999999998e+01,1.43544999999999998e+01,6.96645651189522486e-02,-4.85315287122123351e-03,-4.85315163321273831e-03,-9.37147546654604098e-07,-9.37147307594212958e-07,-9.37147307594212958e-07,-1.87429485424881695e-06,-1.87429461518842592e-06
1.43617500000000007e+01,1.43617500000000007e+01,6.96293975316378544e-02,-4.84825423613077788e-03,-4.84825300061885595e-03,-9.35256641294070162e-07,-9.35256402956583209e-07,-9.35256402956583209e-07,-1.87051304425065337e-06,-1.87051280591316642e-06
1.43690000000000015e+01,1.43690000000000015e+01,6.95942654325283488e-02,-4.84336301411314452e-03,-4.84336178109321010e-03,-9.33370502685602940e-07,-9.33370265068799782e-07,-9.33370265068799888e-07,-1.86674076775440272e-06,-1.86674053013759978e-06
1.43762500000000006e+01,1.43762500000000006e+01,6.95591687679332216e-02,-4.83847919021851425e-03,-4.83847795968581681e-03,-9.31489116416793157e-07,-9.31488879518426934e-07,-9.31488879518426722e-07,-1.86297799593521977e-06,-1.86297775903685366e-06
1.43835000000000015e+01,1.43835000000000015e+01,6.95241074842701673e-02,-4.83360274953881230e-03,-4.83360152148435123e-03,-9.29612468126827914e-07,-9.29612231943840201e-07,-9.29612231943839883e-07,-1.85922470007066769e-06,-1.85922446388768019e-06
1.43907500000000006e+01,1.43907500000000006e+01,6.94890815280649055e-02,-4.82873367719616198e-03,-4.82873245161405049e-03,-9.27740543504087868e-07,-9.27740308034026717e-07,-9.27740308034026611e-07,-1.85548085153811448e-06,-1.85548061606805343e-06
1.43980000000000015e+01,1.43980000000000015e+01,6.94540908459508194e-02,-4.82387195835443094e-03,-4.82387073523758963e-03,-9.25873328288186463e-07,-9.25873093528377262e-07,-9.25873093528377156e-07,-1.85174642181656362e-06,-1.85174618705675452e-06
1.44052500000000006e+01,1.44052500000000006e+01,6.94191353846687759e-02,-4.81901757820946131e-03,-4.81901635755497323e-03,-9.24010808267913338e-07,-9.24010574216486472e-07,-9.24010574216486578e-07,-1.84802138248439992e-06,-1.84802114843297316e-06
1.44125000000000014e+01,1.44125000000000014e+01,6.93842150910667782e-02,-4.81417052200416862e-03,-4.81416930380341827e-03,-9.22152969283949061e-07,-9.22152735937948174e-07,-9.22152735937948174e-07,-1.84430570522189734e-06,-1.84430547187589635e-06
1.44197500000000005e+01,1.44197500000000005e+01,6.93493299120997164e-02,-4.80933077500989015e-03,-4.80932955925724923e-03,-9.20299797225109283e-07,-9.20299564582157177e-07,-9.20299564582157177e-07,-1.84059936180726635e-06,-1.84059912916431435e-06
1.44270000000000014e+01,1.44270000000000014e+01,6.93144797948291314e-02,-4.80449832253793119e-03,-4.80449710922777572e-03,-9.18451278030380159e-07,-9.18451046088106942e-07,-9.18451046088106942e-07,-1.83690232411848710e-06,-1.83690209217621388e-06
1.44342500000000005e+01,1.44342500000000005e+01,6.92796646864229093e-02,-4.79967314993778871e-03,-4.79967193906319367e-03,-9.16607397688398904e-07,-9.16607166444191903e-07,-9.16607166444191903e-07,-1.83321456413259070e-06,-1.83321433288838381e-06
1.44415000000000013e+01,1.44415000000000013e+01,6.92448845341550323e-02,-4.79485524259271045e-03,-4.79485403414846301e-03,-9.14768142236428033e-07,-9.14767911688008306e-07,-9.14767911688008306e-07,-1.82953605392443634e-06,-1.82953582337601661e-06
1.44487500000000004e+01,1.44487500000000004e+01,6.92101392854053143e-02,-4.79004458592680038e-03,-4.79004337990520355e-03,-9.12933497761537190e-07,-9.12933267906157914e-07,-9.12933267906158020e-07,-1.82586676566769510e-06,-1.82586653581231604e-06
1.44560000000000013e+01,1.44560000000000013e+01,6.91754288876590961e-02,-4.78524116539524869e-03,-4.78523996179158057e-03,-9.11103450398561262e-07,-9.11103221234049481e-07,-9.11103221234049587e-07,-1.82220667163261085e-06,-1.82220644246809917e-06
1.44632500000000004e+01,1.44632500000000004e+01,6.91407532885070786e-02,-4.78044496649498996e-03,-4.78044376530220236e-03,-9.09277986331960894e-07,-9.09277757855706687e-07,-9.09277757855706793e-07,-1.81855574418766758e-06,-1.81855551571141359e-06
1.44705000000000013e+01,1.44705000000000013e+01,6.91061124356449202e-02,-4.77565597475493320e-03,-4.77565477596799803e-03,-9.07457091793784840e-07,-9.07456864003568875e-07,-9.07456864003568980e-07,-1.81491395579735371e-06,-1.81491372800713796e-06
1.44777500000000003e+01,1.44777500000000003e+01,6.90715062768731264e-02,-4.77087417574306727e-03,-4.77087297935612376e-03,-9.05640753064851470e-07,-9.05640525958301949e-07,-9.05640525958301843e-07,-1.81128127902315331e-06,-1.81128105191660390e-06
1.44850000000000012e+01,1.44850000000000012e+01,6.90369347600966465e-02,-4.76609955506379634e-03,-4.76609836106984056e-03,-9.03828956474066803e-07,-9.03828730048601228e-07,-9.03828730048601122e-07,-1.80765768652266793e-06,-1.80765746009720246e-06
1.44922500000000003e+01,1.44922500000000003e+01,6.90023978333247079e-02,-4.76133209835438720e-03,-4.76133090674841445e-03,-9.02021688397581286e-07,-9.02021462651002560e-07,-9.02021462651002666e-07,-1.80404315104858406e-06,-1.80404292530200512e-06
1.44995000000000012e+01,1.44995000000000012e+01,6.89678954446704962e-02,-4.75657179129207464e-03,-4.75657060206700205e-03,-9.00218935259965262e-07,-9.00218710189688664e-07,-9.00218710189688664e-07,-1.80043764544965403e-06,-1.80043742037937733e-06
1.45067500000000003e+01,1.45067500000000003e+01,6.89334275423509751e-02,-4.75181861958606788e-03,-4.75181743273655165e-03,-8.98420683532525389e-07,-8.98420459136301728e-07,-8.98420459136301728e-07,-1.79684114266882722e-06,-1.79684091827260346e-06
1.45140000000000011e+01,1.45140000000000011e+01,6.88989940746864982e-02,-4.74707256898376784e-03,-4.74707138450368524e-03,-8.96626919734310699e-07,-8.96626696009749437e-07,-8.96626696009749437e-07,-1.79325361574406024e-06,-1.79325339201949887e-06
1.45212500000000002e+01,1.45212500000000002e+01,6.88645949901007109e-02,-4.74233362526721436e-03,-4.74233244315060403e-03,-8.94837630431274888e-07,-8.94837407376021909e-07,-8.94837407376021803e-07,-1.78967503780729669e-06,-1.78967481475204361e-06
1.45285000000000011e+01,1.45285000000000011e+01,6.88302302371201352e-02,-4.73760177425308626e-03,-4.73760059449496694e-03,-8.93052802236105953e-07,-8.93052579847998146e-07,-8.93052579847998146e-07,-1.78610538208410399e-06,-1.78610515969599629e-06
1.45357500000000002e+01,1.45357500000000002e+01,6.87958997643740439e-02,-4.73287700179536586e-03,-4.73287582438980045e-03,-8.91272421808565006e-07,-8.91272200085264453e-07,-8.91272200085264559e-07,-1.78254462189382967e-06,-1.78254440017052891e-06
1.45430000000000010e+01,1.45430000000000010e+01,6.87616035205941001e-02,-4.72815929378356259e-03,-4.72815811872337888e-03,-8.89496475854980805e-07,-8.89496254793923539e-07,-8.89496254793923433e-07,-1.77899273064890424e-06,-1.77899250958784687e-06
1.45502500000000001e+01,1.45502500000000001e+01,6.87273414546141770e-02,-4.72344863614004851e-03,-4.72344746341912900e-03,-8.87724951127585897e-07,-8.87724730726412719e-07,-8.87724730726412719e-07,-1.77544968185399862e-06,-1.77544946145282544e-06
1.45575000000000010e+01,1.45575000000000010e+01,6.86931135153700800e-02,-4.71874501482005826e-03,-4.71874384443551984e-03,-8.85957834424352500e-07,-8.85957614681317463e-07,-8.85957614681317463e-07,-1.77191544910566986e-06,-1.77191522936263493e-06
1.45647500000000001e+01,1.45647500000000001e+01,6.86589196518992834e-02,-4.71404841582323542e-03,-4.71404724776596125e-03,-8.84195112590997115e-07,-8.84194893503189286e-07,-8.84194893503189286e-07,-1.76839000609418651e-06,-1.76838978700637857e-06
1.45720000000000010e+01,1.45720000000000010e+01,6.86247598133406522e-02,-4.70935882517231619e-03,-4.70935765943869371e-03,-8.82436772516812808e-07,-8.82436554082360560e-07,-8.82436554082360666e-07,-1.76487332659917358e-06,-1.76487310816472133e-06
1.45792500000000000e+01,1.45792500000000000e+01,6.85906339489342765e-02,-4.70467622893355752e-03,-4.70467506551669468e-03,-8.80682801138344162e-07,-8.80682583354766431e-07,-8.80682583354766325e-07,-1.76136538449311038e-06,-1.76136516670953265e-06
1.45865000000000009e+01,1.45865000000000009e+01,6.85565420080211096e-02,-4.70000061320341445e-03,-4.69999945209756322e-03,-8.78933185436722309e-07,-8.78932968301758256e-07,-8.78932968301758256e-07,-1.75786615373848067e-06,-1.75786593660351651e-06
1.45937500000000000e+01,1.45937500000000000e+01,6.85224839400428304e-02,-4.69533196411386911e-03,-4.69533080531342722e-03,-8.77187912438507188e-07,-8.77187695949929118e-07,-8.77187695949929118e-07,-1.75437560838843631e-06,-1.75437539189985824e-06
1.46010000000000009e+01,1.46010000000000009e+01,6.84884596945414675e-02,-4.69067026783154262e-03,-4.69066911133083058e-03,-8.75446969215357423e-07,-8.75446753370928957e-07,-8.75446753370929063e-07,-1.75089372258628649e-06,-1.75089350674185813e-06
1.46082500000000000e+01,1.46082500000000000e+01,6.84544692211592753e-02,-4.68601551055591869e-03,-4.68601435635064307e-03,-8.73710342883541367e-07,-8.73710127681290189e-07,-8.73710127681289978e-07,-1.74742047056483134e-06,-1.74742025536258017e-06
1.46155000000000008e+01,1.46155000000000008e+01,6.84205124696384004e-02,-4.68136767852467273e-03,-4.68136652660794319e-03,-8.71978020604770693e-07,-8.71977806042245701e-07,-8.71977806042245701e-07,-1.74395582664701650e-06,-1.74395561208449140e-06
1.46227499999999999e+01,1.46227499999999999e+01,6.83865893898206595e-02,-4.67672675800745452e-03,-4.67672560837193146e-03,-8.70249989584883252e-07,-8.70249775659556053e-07,-8.70249775659556053e-07,-1.74049976524443930e-06,-1.74049955131911211e-06
1.46300000000000008e+01,1.46300000000000008e+01,6.83526999316472900e-02,-4.67209273530411195e-03,-4.67209158794581591e-03,-8.68526237073354447e-07,-8.68526023783328005e-07,-8.68526023783328005e-07,-1.73705226085668245e-06,-1.73705204756665601e-06
1.46372499999999999e+01,1.46372499999999999e+01,6.83188440451587553e-02,-4.66746559675179640e-03,-4.66746445166672363e-03,-8.66806750364467511e-07,-8.66806537707844684e-07,-8.66806537707844790e-07,-1.73361328807231219e-06,-1.73361307541568937e-06
1.46445000000000007e+01,1.46445000000000007e+01,6.82850216804943844e-02,-4.66284532872585089e-03,-4.66284418590558799e-03,-8.65091516797314780e-07,-8.65091304771385379e-07,-8.65091304771385273e-07,-1.73018282156870005e-06,-1.73018260954277055e-06
1.46517499999999998e+01,1.46517499999999998e+01,6.82512327878922326e-02,-4.65823191762648747e-03,-4.65823077706705585e-03,-8.63380523753172416e-07,-8.63380312356055077e-07,-8.63380312356054971e-07,-1.72676083610922739e-06,-1.72676062471210994e-06
1.46590000000000007e+01,1.46590000000000007e+01,6.82174773176887905e-02,-4.65362534989477439e-03,-4.65362421158938434e-03,-8.61673758658311399e-07,-8.61673547887608911e-07,-8.61673547887609017e-07,-1.72334730654592031e-06,-1.72334709577521803e-06
1.46662500000000016e+01,1.46662500000000016e+01,6.81837552203187480e-02,-4.64902561200020159e-03,-4.64902447594434456e-03,-8.59971208981538582e-07,-8.59970998835282017e-07,-8.59970998835281911e-07,-1.71994220781682049e-06,-1.71994199767056382e-06
1.46735000000000007e+01,1.46735000000000007e+01,6.81500664463147859e-02,-4.64443269044956253e-03,-4.64443155663712016e-03,-8.58272862235688427e-07,-8.58272652711616314e-07,-8.58272652711616420e-07,-1.71654551494730485e-06,-1.71654530542323263e-06
1.46807500000000015e+01,1.46807500000000015e+01,6.81164109463072293e-02,-4.63984657178162507e-03,-4.63984544020620317e-03,-8.56578705976482794e-07,-8.56578497072288345e-07,-8.56578497072288345e-07,-1.71315720304877114e-06,-1.71315699414457669e-06
1.46880000000000006e+01,1.46880000000000006e+01,6.80827886710239638e-02,-4.63526724256446698e-03,-4.63526611322330907e-03,-8.54888727801889521e-07,-8.54888519515942831e-07,-8.54888519515942619e-07,-1.70977724731783203e-06,-1.70977703903188545e-06
1.46952500000000015e+01,1.46952500000000015e+01,6.80491995712900338e-02,-4.63069468940791040e-03,-4.63069356229325966e-03,-8.53202915354263936e-07,-8.53202707684017873e-07,-8.53202707684017873e-07,-1.70640562303828170e-06,-1.70640541536803575e-06
1.47025000000000006e+01,1.47025000000000006e+01,6.80156435980275448e-02,-4.62612889894664647e-03,-4.62612777405390502e-03,-8.51521256317086937e-07,-8.51521049260582206e-07,-8.51521049260582206e-07,-1.70304230557766914e-06,-1.70304209852116441e-06
1.47097500000000014e+01,1.47097500000000014e+01,6.79821207022553026e-02,-4.62156985785355801e-03,-4.62156873517600899e-03,-8.49843738417269340e-07,-8.49843531972162096e-07,-8.49843531972161990e-07,-1.69968727038943122e-06,-1.69968706394432419e-06
1.47170000000000005e+01,1.47170000000000005e+01,6.79486308350886747e-02,-4.61701755282994952e-03,-4.61701643236316333e-03,-8.48170349423205189e-07,-8.48170143587577643e-07,-8.48170143587577537e-07,-1.69634049301078273e-06,-1.69634028717515529e-06
1.47242500000000014e+01,1.47242500000000014e+01,6.79151739477392713e-02,-4.61247197061354086e-03,-4.61247085235168275e-03,-8.46501077146092278e-07,-8.46500871917773591e-07,-8.46500871917773591e-07,-1.69300194906386576e-06,-1.69300174383554718e-06
1.47315000000000005e+01,1.47315000000000005e+01,6.78817499915147782e-02,-4.60793309797224993e-03,-4.60793198191051644e-03,-8.44835909438642758e-07,-8.44835704815656803e-07,-8.44835704815656908e-07,-1.68967161425429967e-06,-1.68967140963131361e-06
1.47387500000000014e+01,1.47387500000000014e+01,6.78483589178186658e-02,-4.60340092170863358e-03,-4.60339980784114401e-03,-8.43174834195749643e-07,-8.43174630175927803e-07,-8.43174630175927697e-07,-1.68634946437167734e-06,-1.68634926035185561e-06
1.47460000000000004e+01,1.47460000000000004e+01,6.78150006781500087e-02,-4.59887542865633492e-03,-4.59887431697748612e-03,-8.41517839353689119e-07,-8.41517635934919105e-07,-8.41517635934918999e-07,-1.68303547528860812e-06,-1.68303527186983800e-06
1.47532500000000013e+01,1.47532500000000013e+01,6.77816752241031523e-02,-4.59435660568097148e-03,-4.59435549618579953e-03,-8.39864912890137907e-07,-8.39864710070429721e-07,-8.39864710070429615e-07,-1.67972962296056742e-06,-1.67972942014085923e-06
1.47605000000000004e+01,1.47605000000000004e+01,6.77483825073676299e-02,-4.58984443968102340e-03,-4.58984333236459648e-03,-8.38216042824190096e-07,-8.38215840601564541e-07,-8.38215840601564541e-07,-1.67643188342575464e-06,-1.67643168120312908e-06
1.47677500000000013e+01,1.47677500000000013e+01,6.77151224797277740e-02,-4.58533891758783341e-03,-4.58533781244453448e-03,-8.36571217216212201e-07,-8.36571015588570011e-07,-8.36571015588569905e-07,-1.67314223280478211e-06,-1.67314203117713981e-06
1.47750000000000004e+01,1.47750000000000004e+01,6.76818950930626051e-02,-4.58084002636383048e-03,-4.58083892338833221e-03,-8.34930424167374533e-07,-8.34930223132674464e-07,-8.34930223132674252e-07,-1.66986064730004868e-06,-1.66986044626534872e-06
1.47822500000000012e+01,1.47822500000000012e+01,6.76487002993454989e-02,-4.57634775300519436e-03,-4.57634665219066716e-03,-8.33293651819992878e-07,-8.33293451375925495e-07,-8.33293451375925495e-07,-1.66658710319591848e-06,-1.66658690275185099e-06
1.47895000000000003e+01,1.47895000000000003e+01,6.76155380506440334e-02,-4.57186208453563836e-03,-4.57186098587809148e-03,-8.31660888356254873e-07,-8.31660688501033043e-07,-8.31660688501032937e-07,-1.66332157685728770e-06,-1.66332137700206609e-06
1.47967500000000012e+01,1.47967500000000012e+01,6.75824082991197395e-02,-4.56738300801529107e-03,-4.56738191150892793e-03,-8.30032121999693741e-07,-8.30031922731206339e-07,-8.30031922731206339e-07,-1.66006404473090008e-06,-1.66006384546241268e-06
1.48040000000000003e+01,1.48040000000000003e+01,6.75493109970278227e-02,-4.56291051053359098e-03,-4.56290941617318400e-03,-8.28407341013754155e-07,-8.28407142329998901e-07,-8.28407142329999007e-07,-1.65681448334375316e-06,-1.65681428465999801e-06
1.48112500000000011e+01,1.48112500000000011e+01,6.75162460967170114e-02,-4.55844457921017465e-03,-4.55844348699245561e-03,-8.26786533701812990e-07,-8.26786335601148124e-07,-8.26786335601148124e-07,-1.65357286930296111e-06,-1.65357267120229625e-06
1.48185000000000002e+01,1.48185000000000002e+01,6.74832135506292785e-02,-4.55398520120109396e-03,-4.55398411111983519e-03,-8.25169688408168663e-07,-8.25169490888419956e-07,-8.25169490888419850e-07,-1.65033917929658862e-06,-1.65033898177683970e-06
1.48257500000000011e+01,1.48257500000000011e+01,6.74502133112995922e-02,-4.54953236369082248e-03,-4.54953127573981628e-03,-8.23556793516447222e-07,-8.23556596575449658e-07,-8.23556596575449658e-07,-1.64711339009189688e-06,-1.64711319315089932e-06
1.48330000000000002e+01,1.48330000000000002e+01,6.74172453313557629e-02,-4.54508605389492004e-03,-4.54508496806821025e-03,-8.21947837449950691e-07,-8.21947641085590288e-07,-8.21947641085590288e-07,-1.64389547853554098e-06,-1.64389528217118058e-06
1.48402500000000011e+01,1.48402500000000011e+01,6.73843095635181244e-02,-4.54064625905825636e-03,-4.54064517535204045e-03,-8.20342808671195757e-07,-8.20342612881752931e-07,-8.20342612881752931e-07,-1.64068542155294879e-06,-1.64068522576350586e-06
1.48475000000000001e+01,1.48475000000000001e+01,6.73514059605994225e-02,-4.53621296645856376e-03,-4.53621188486946769e-03,-8.18741695682419868e-07,-8.18741500466256671e-07,-8.18741500466256671e-07,-1.63748319614867654e-06,-1.63748300093251334e-06
1.48547500000000010e+01,1.48547500000000010e+01,6.73185344755044685e-02,-4.53178616340910168e-03,-4.53178508392968350e-03,-8.17144487025922061e-07,-8.17144292380671034e-07,-8.17144292380670928e-07,-1.63428877940659299e-06,-1.63428858476134186e-06
1.48620000000000001e+01,1.48620000000000001e+01,6.72856950612299859e-02,-4.52736583724888675e-03,-4.52736475987282946e-03,-8.15551171282163066e-07,-8.15550977205665334e-07,-8.15550977205665229e-07,-1.63110214848782840e-06,-1.63110195441133067e-06
1.48692500000000010e+01,1.48692500000000010e+01,6.72528876708643614e-02,-4.52295197534624549e-03,-4.52295090006990010e-03,-8.13961737070272254e-07,-8.13961543560854822e-07,-8.13961543560854822e-07,-1.62792328063112708e-06,-1.62792308712170964e-06
1.48765000000000001e+01,1.48765000000000001e+01,6.72201122575874638e-02,-4.51854456510325520e-03,-4.51854349192266046e-03,-8.12376173048713302e-07,-8.12375980104650869e-07,-8.12375980104650975e-07,-1.62475215315336428e-06,-1.62475196020930174e-06
1.48837500000000009e+01,1.48837500000000009e+01,6.71873687746703530e-02,-4.51414359395574394e-03,-4.51414252286354897e-03,-8.10794467915144747e-07,-8.10794275534107655e-07,-8.10794275534107549e-07,-1.62158874344925230e-06,-1.62158855106821531e-06
1.48910000000000000e+01,1.48910000000000000e+01,6.71546571754751132e-02,-4.50974904936174426e-03,-4.50974798035559156e-03,-8.09216610404213043e-07,-8.09216418584773407e-07,-8.09216418584773407e-07,-1.61843302898898634e-06,-1.61843283716954681e-06
1.48982500000000009e+01,1.48982500000000009e+01,6.71219774134546032e-02,-4.50536091882014489e-03,-4.50535985189230975e-03,-8.07642589290768113e-07,-8.07642398030539523e-07,-8.07642398030539417e-07,-1.61528498732130742e-06,-1.61528479606107905e-06
1.49055000000000000e+01,1.49055000000000000e+01,6.70893294421522207e-02,-4.50097918985115086e-03,-4.50097812499763300e-03,-8.06072393386223005e-07,-8.06072202683492019e-07,-8.06072202683492019e-07,-1.61214459606971502e-06,-1.61214440536698404e-06
1.49127500000000008e+01,1.49127500000000008e+01,6.70567132152017492e-02,-4.49660385001049434e-03,-4.49660278722581290e-03,-8.04506011540970699e-07,-8.04505821393763201e-07,-8.04505821393763307e-07,-1.60901183293473401e-06,-1.60901164278752661e-06
1.49199999999999999e+01,1.49199999999999999e+01,6.70241286863270808e-02,-4.49223488688144101e-03,-4.49223382616133291e-03,-8.02943432642820051e-07,-8.02943243049384694e-07,-8.02943243049384694e-07,-1.60588667569220485e-06,-1.60588648609876939e-06
1.49272500000000008e+01,1.49272500000000008e+01,6.69915758093419661e-02,-4.48787228808011918e-03,-4.48787122941881212e-03,-8.01384645617816787e-07,-8.01384456576136893e-07,-8.01384456576136893e-07,-1.60276910219395368e-06,-1.60276891315227379e-06
1.49344999999999999e+01,1.49344999999999999e+01,6.69590545381499175e-02,-4.48351604124930248e-03,-4.48351498464293497e-03,-7.99829639429002597e-07,-7.99829450937407603e-07,-7.99829450937407603e-07,-1.59965909036641009e-06,-1.59965890187481521e-06
1.49417500000000008e+01,1.49417500000000008e+01,6.69265648267438479e-02,-4.47916613406551534e-03,-4.47916507950834718e-03,-7.98278403077553016e-07,-7.98278215134041490e-07,-7.98278215134041490e-07,-1.59655661821159440e-06,-1.59655643026808298e-06
1.49489999999999998e+01,1.49489999999999998e+01,6.68941066292059738e-02,-4.47482255423192754e-03,-4.47482150171957856e-03,-7.96730925601380775e-07,-7.96730738204198407e-07,-7.96730738204198407e-07,-1.59346166380557918e-06,-1.59346147640839681e-06
1.49562500000000007e+01,1.49562500000000007e+01,6.68616798997074824e-02,-4.47048528948457147e-03,-4.47048423901094758e-03,-7.95187196076113171e-07,-7.95187009223205376e-07,-7.95187009223205270e-07,-1.59037420529931855e-06,-1.59037401844641054e-06
1.49635000000000016e+01,1.49635000000000016e+01,6.68292845925084339e-02,-4.46615432758612485e-03,-4.46615327914648506e-03,-7.93647203613858152e-07,-7.93647017303415773e-07,-7.93647017303415773e-07,-1.58729422091727382e-06,-1.58729403460683155e-06
1.49707500000000007e+01,1.49707500000000007e+01,6.67969206619574846e-02,-4.46182965632946349e-03,-4.46182860991984221e-03,-7.92110937363708723e-07,-7.92110751594064905e-07,-7.92110751594065011e-07,-1.58422168895777373e-06,-1.58422150318813002e-06
1.49780000000000015e+01,1.49780000000000015e+01,6.67645880624916505e-02,-4.45751126353943761e-03,-4.45751021915420220e-03,-7.90578386511929717e-07,-7.90578201281125909e-07,-7.90578201281126015e-07,-1.58115658779305573e-06,-1.58115640256225182e-06
1.49852500000000006e+01,1.49852500000000006e+01,6.67322867486361548e-02,-4.45319913706843096e-03,-4.45319809470220030e-03,-7.89049540281042899e-07,-7.89049355587170099e-07,-7.89049355587170099e-07,-1.57809889586821310e-06,-1.57809871117434020e-06
1.49925000000000015e+01,1.49925000000000015e+01,6.67000166750041645e-02,-4.44889326479724900e-03,-4.44889222444583374e-03,-7.87524387929857873e-07,-7.87524203771222757e-07,-7.87524203771222651e-07,-1.57504859170108063e-06,-1.57504840754244551e-06
1.49997500000000006e+01,1.49997500000000006e+01,6.66677777962965956e-02,-4.44459363463689527e-03,-4.44459259629637754e-03,-7.86002918753663520e-07,-7.86002735128624963e-07,-7.86002735128624963e-07,-1.57200565388228859e-06,-1.57200547025724993e-06
1.50070000000000014e+01,1.50070000000000014e+01,6.66355700673019191e-02,-4.44030023452945954e-03,-4.44029919819430383e-03,-7.84485122084256477e-07,-7.84484938990891501e-07,-7.84484938990891501e-07,-1.56897006107514798e-06,-1.56896987798178300e-06
1.50142500000000005e+01,1.50142500000000005e+01,6.66033934428959112e-02,-4.43601305244456512e-03,-4.43601201810918996e-03,-7.82970987289189710e-07,-7.82970804725572268e-07,-7.82970804725572268e-07,-1.56594179201476198e-06,-1.56594160945114454e-06
1.50215000000000014e+01,1.50215000000000014e+01,6.65712478780414729e-02,-4.43173207638025701e-03,-4.43173104403964124e-03,-7.81460503771804599e-07,-7.81460321736112088e-07,-7.81460321736111876e-07,-1.56292082550791647e-06,-1.56292064347222396e-06
1.50287500000000005e+01,1.50287500000000005e+01,6.65391333277884078e-02,-4.42745729436389013e-03,-4.42745626401320168e-03,-7.79953660971265875e-07,-7.79953479461713490e-07,-7.79953479461713596e-07,-1.55990714043297947e-06,-1.55990695892342698e-06
1.50360000000000014e+01,1.50360000000000014e+01,6.65070497472732003e-02,-4.42318869445124108e-03,-4.42318766608627238e-03,-7.78450448362280726e-07,-7.78450267377198120e-07,-7.78450267377198225e-07,-1.55690071573947885e-06,-1.55690053475439624e-06
1.50432500000000005e+01,1.50432500000000005e+01,6.64749970917188765e-02,-4.41892626472739636e-03,-4.41892523834403264e-03,-7.76950855455133418e-07,-7.76950674992870675e-07,-7.76950674992870675e-07,-1.55390153044800409e-06,-1.55390134998574135e-06
1.50505000000000013e+01,1.50505000000000013e+01,6.64429753164346576e-02,-4.41466999330764054e-03,-4.41466896890034544e-03,-7.75454871795718010e-07,-7.75454691854379471e-07,-7.75454691854379471e-07,-1.55090956365009748e-06,-1.55090938370875894e-06
1.50577500000000004e+01,1.50577500000000004e+01,6.64109843768159180e-02,-4.41041986833212718e-03,-4.41041884589768798e-03,-7.73962486964481790e-07,-7.73962307542584405e-07,-7.73962307542584405e-07,-1.54792479450706609e-06,-1.54792461508516881e-06
1.50650000000000013e+01,1.50650000000000013e+01,6.63790242283438386e-02,-4.40617587797476062e-03,-4.40617485750705810e-03,-7.72473690577863108e-07,-7.72473511673417622e-07,-7.72473511673417622e-07,-1.54494720225128073e-06,-1.54494702334683524e-06
1.50722500000000004e+01,1.50722500000000004e+01,6.63470948265852817e-02,-4.40193801043342603e-03,-4.40193699192789958e-03,-7.70988472286456497e-07,-7.70988293897751797e-07,-7.70988293897751691e-07,-1.54197676618420808e-06,-1.54197658779550338e-06
1.50795000000000012e+01,1.50795000000000012e+01,6.63151961271925411e-02,-4.39770625393709480e-03,-4.39770523738801291e-03,-7.69506821776138694e-07,-7.69506643901263026e-07,-7.69506643901262814e-07,-1.53901346567740151e-06,-1.53901328780252584e-06
1.50867500000000003e+01,1.50867500000000003e+01,6.62833280859031898e-02,-4.39348059673960734e-03,-4.39347958214348234e-03,-7.68028728766861193e-07,-7.68028551404299851e-07,-7.68028551404299745e-07,-1.53605728017116083e-06,-1.53605710280859970e-06
1.50940000000000012e+01,1.50940000000000012e+01,6.62514906585398161e-02,-4.38926102712766664e-03,-4.38926001447858833e-03,-7.66554183013929164e-07,-7.66554006161747842e-07,-7.66554006161747842e-07,-1.53310818917567690e-06,-1.53310801232349568e-06
1.51012500000000003e+01,1.51012500000000003e+01,6.62196838010098432e-02,-4.38504753341106834e-03,-4.38504652270572601e-03,-7.65083174306175774e-07,-7.65082997962898728e-07,-7.65082997962898728e-07,-1.53016617226907450e-06,-1.53016599592579746e-06
1.51085000000000012e+01,1.51085000000000012e+01,6.61879074693053487e-02,-4.38084010393158252e-03,-4.38083909516532709e-03,-7.63615692467395157e-07,-7.63615516631317099e-07,-7.63615516631317099e-07,-1.52723120909871236e-06,-1.52723103326263420e-06
1.51157500000000002e+01,1.51157500000000002e+01,6.61561616195028290e-02,-4.37663872705851276e-03,-4.37663772022577925e-03,-7.62151727355450279e-07,-7.62151552024710172e-07,-7.62151552024710278e-07,-1.52430327938016056e-06,-1.52430310404942034e-06
1.51230000000000011e+01,1.51230000000000011e+01,6.61244462077630046e-02,-4.37244339118603165e-03,-4.37244238628334281e-03,-7.60691268861690811e-07,-7.60691094034795864e-07,-7.60691094034795864e-07,-1.52138236289648668e-06,-1.52138218806959173e-06
1.51302500000000002e+01,1.51302500000000002e+01,6.60927611903306261e-02,-4.36825408474028620e-03,-4.36825308176207443e-03,-7.59234306912075766e-07,-7.59234132587173308e-07,-7.59234132587173308e-07,-1.51846843949924918e-06,-1.51846826517434662e-06
1.51375000000000011e+01,1.51375000000000011e+01,6.60611065235342659e-02,-4.36407079617318061e-03,-4.36406979511374127e-03,-7.57780831465974103e-07,-7.57780657641192189e-07,-7.57780657641192295e-07,-1.51556148910716650e-06,-1.51556131528238459e-06
1.51447500000000002e+01,1.51447500000000002e+01,6.60294821637861240e-02,-4.35989351396148805e-03,-4.35989251481775069e-03,-7.56330832515896849e-07,-7.56330659189825383e-07,-7.56330659189825383e-07,-1.51266149170572213e-06,-1.51266131837965077e-06
1.51520000000000010e+01,1.51520000000000010e+01,6.59978880675818336e-02,-4.35572222661306796e-03,-4.35572122938106092e-03,-7.54884300088462084e-07,-7.54884127259538077e-07,-7.54884127259538077e-07,-1.50976842734800016e-06,-1.50976825451907615e-06
1.51592500000000001e+01,1.51592500000000001e+01,6.59663241915002391e-02,-4.35155692266420147e-03,-4.35155592733810995e-03,-7.53441224243816417e-07,-7.53441051910161575e-07,-7.53441051910161575e-07,-1.50688227615397789e-06,-1.50688210382032315e-06
1.51665000000000010e+01,1.51665000000000010e+01,6.59347904922032019e-02,-4.34739759067515052e-03,-4.34739659725072967e-03,-7.52001595074751742e-07,-7.52001423234763901e-07,-7.52001423234764112e-07,-1.50400301830951585e-06,-1.50400284646952801e-06
1.51737500000000001e+01,1.51737500000000001e+01,6.59032869264354615e-02,-4.34324421923371062e-03,-4.34324322770807906e-03,-7.50565402707209540e-07,-7.50565231359526247e-07,-7.50565231359526247e-07,-1.50113063406673589e-06,-1.50113046271905249e-06
1.51810000000000009e+01,1.51810000000000009e+01,6.58718134510243025e-02,-4.33909679696142803e-03,-4.33909580732654617e-03,-7.49132637301239825e-07,-7.49132466443611256e-07,-7.49132466443611256e-07,-1.49826510374485097e-06,-1.49826493288722251e-06
1.51882500000000000e+01,1.51882500000000000e+01,6.58403700228795269e-02,-4.33495531249583621e-03,-4.33495432474969352e-03,-7.47703289047821069e-07,-7.47703118679043060e-07,-7.47703118679043060e-07,-1.49540640772686413e-06,-1.49540623735808612e-06
1.51955000000000009e+01,1.51955000000000009e+01,6.58089565989931208e-02,-4.33081975450999579e-03,-4.33081876864816005e-03,-7.46277348172122863e-07,-7.46277178290576628e-07,-7.46277178290576522e-07,-1.49255452646269928e-06,-1.49255435658115304e-06
1.52027500000000000e+01,1.52027500000000000e+01,6.57775731364391297e-02,-4.32669011170183637e-03,-4.32668912771959867e-03,-7.44854804931554142e-07,-7.44854635535577379e-07,-7.44854635535577379e-07,-1.48970944046713152e-06,-1.48970927107115476e-06
1.52100000000000009e+01,1.52100000000000009e+01,6.57462195923734366e-02,-4.32256637279682110e-03,-4.32256539068858869e-03,-7.43435649616111316e-07,-7.43435480703893704e-07,-7.43435480703893598e-07,-1.48687113032000502e-06,-1.48687096140778720e-06
1.52172499999999999e+01,1.52172499999999999e+01,6.57148959240335812e-02,-4.31844852654439393e-03,-4.31844754630656552e-03,-7.42019872547657446e-07,-7.42019704117735417e-07,-7.42019704117735311e-07,-1.48403957666539276e-06,-1.48403940823547083e-06
1.52245000000000008e+01,1.52245000000000008e+01,6.56836020887385380e-02,-4.31433656172330871e-03,-4.31433558335173831e-03,-7.40607464080728299e-07,-7.40607296131548396e-07,-7.40607296131548396e-07,-1.48121476021227670e-06,-1.48121459226309679e-06
1.52317499999999999e+01,1.52317499999999999e+01,6.56523380438885917e-02,-4.31023046713985281e-03,-4.31022949062902141e-03,-7.39198414602118260e-07,-7.39198247131895043e-07,-7.39198247131895043e-07,-1.47839666173401330e-06,-1.47839649426379009e-06
1.52390000000000008e+01,1.52390000000000008e+01,6.56211037469650177e-02,-4.30613023162340625e-03,-4.30612925696994674e-03,-7.37792714530006716e-07,-7.37792547537328180e-07,-7.37792547537328074e-07,-1.47558526206733490e-06,-1.47558509507465636e-06
1.52462499999999999e+01,1.52462499999999999e+01,6.55898991555300542e-02,-4.30203584403265893e-03,-4.30203487123260141e-03,-7.36390354314919020e-07,-7.36390187798273107e-07,-7.36390187798273213e-07,-1.47278054211319223e-06,-1.47278037559654643e-06
1.52535000000000007e+01,1.52535000000000007e+01,6.55587242272265419e-02,-4.29794729325472247e-03,-4.29794632230154003e-03,-7.34991324439462958e-07,-7.34991158396904245e-07,-7.34991158396904245e-07,-1.46998248283636720e-06,-1.46998231679380849e-06
1.52607500000000016e+01,1.52607500000000016e+01,6.55275789197778541e-02,-4.29386456819624840e-03,-4.29386359908771539e-03,-7.33595615416702338e-07,-7.33595449847025072e-07,-7.33595449847024966e-07,-1.46719106526372730e-06,-1.46719089969405014e-06
1.52680000000000007e+01,1.52680000000000007e+01,6.54964631909876888e-02,-4.28978765779763904e-03,-4.28978669052840472e-03,-7.32203217792481248e-07,-7.32203052693949012e-07,-7.32203052693949012e-07,-1.46440627048643026e-06,-1.46440610538789802e-06
1.52752500000000015e+01,1.52752500000000015e+01,6.54653769987397910e-02,-4.28571655102238935e-03,-4.28571558558712810e-03,-7.30814122143492928e-07,-7.30813957514377881e-07,-7.30813957514377881e-07,-1.46162807965787081e-06,-1.46162791502875576e-06
1.52825000000000006e+01,1.52825000000000006e+01,6.54343203009978697e-02,-4.28165123685797511e-03,-4.28165027325358178e-03,-7.29428319077328263e-07,-7.29428154916285211e-07,-7.29428154916285211e-07,-1.45885647399361337e-06,-1.45885630983257042e-06
1.52897500000000015e+01,1.52897500000000015e+01,6.54032930558053477e-02,-4.27759170432118196e-03,-4.27759074254355654e-03,-7.28045799233277921e-07,-7.28045635538795546e-07,-7.28045635538795546e-07,-1.45609143477207347e-06,-1.45609127107759109e-06
1.52970000000000006e+01,1.52970000000000006e+01,6.53722952212852232e-02,-4.27353794245455276e-03,-4.27353698249887011e-03,-7.26666553281621168e-07,-7.26666390052068401e-07,-7.26666390052068507e-07,-1.45333294333368978e-06,-1.45333278010413680e-06
1.53042500000000015e+01,1.53042500000000015e+01,6.53413267556397642e-02,-4.26948994032549933e-03,-4.26948898218728473e-03,-7.25290571923369209e-07,-7.25290409157178616e-07,-7.25290409157178616e-07,-1.45058098108054783e-06,-1.45058081831435723e-06
1.53115000000000006e+01,1.53115000000000006e+01,6.53103876171505088e-02,-4.26544768702630250e-03,-4.26544673070244646e-03,-7.23917845890162281e-07,-7.23917683586001797e-07,-7.23917683586001691e-07,-1.44783552947616397e-06,-1.44783536717200359e-06
1.53187500000000014e+01,1.53187500000000014e+01,6.52794777641778762e-02,-4.26141117167855299e-03,-4.26141021716379409e-03,-7.22548365944918477e-07,-7.22548204101094565e-07,-7.22548204101094459e-07,-1.44509657004601294e-06,-1.44509640820218892e-06
1.53260000000000005e+01,1.53260000000000005e+01,6.52485971551611671e-02,-4.25738038342604597e-03,-4.25737943071650537e-03,-7.21182122880525184e-07,-7.21181961495582536e-07,-7.21181961495582642e-07,-1.44236408437610772e-06,-1.44236392299116507e-06
1.53332500000000014e+01,1.53332500000000014e+01,6.52177457486181889e-02,-4.25335531144188650e-03,-4.25335436053140593e-03,-7.19819107520939807e-07,-7.19818946593040891e-07,-7.19818946593040891e-07,-1.43963805411398070e-06,-1.43963789318608178e-06
1.53405000000000005e+01,1.53405000000000005e+01,6.51869235031452693e-02,-4.24933594491871958e-03,-4.24933499580491293e-03,-7.18459310719432702e-07,-7.18459150247382460e-07,-7.18459150247382566e-07,-1.43691846096681527e-06,-1.43691830049476513e-06
1.53477500000000013e+01,1.53477500000000013e+01,6.51561303774168821e-02,-4.24532227308027643e-03,-4.24532132575894654e-03,-7.17102723360440379e-07,-7.17102563342740410e-07,-7.17102563342740410e-07,-1.43420528670318079e-06,-1.43420512668548082e-06
1.53550000000000004e+01,1.53550000000000004e+01,6.51253663301856051e-02,-4.24131428517426912e-03,-4.24131333964087275e-03,-7.15749336358259481e-07,-7.15749176793356750e-07,-7.15749176793356855e-07,-1.43149851315161634e-06,-1.43149835358671350e-06
1.53622500000000013e+01,1.53622500000000013e+01,6.50946313202818566e-02,-4.23731197047327868e-03,-4.23731102672341917e-03,-7.14399140657096445e-07,-7.14398981543466504e-07,-7.14398981543466610e-07,-1.42879812220056295e-06,-1.42879796308693322e-06
1.53695000000000004e+01,1.53695000000000004e+01,6.50639253066137430e-02,-4.23331531827475516e-03,-4.23331437630461264e-03,-7.13052127230967550e-07,-7.13051968567186749e-07,-7.13051968567186643e-07,-1.42610409579815419e-06,-1.42610393713437329e-06
1.53767500000000013e+01,1.53767500000000013e+01,6.50332482481668639e-02,-4.22932431790279395e-03,-4.22932337770769856e-03,-7.11708287083896488e-07,-7.11708128868401415e-07,-7.11708128868401415e-07,-1.42341641595229790e-06,-1.42341625773680283e-06
1.53840000000000003e+01,1.53840000000000003e+01,6.50026001040041601e-02,-4.22533895870458309e-03,-4.22533802028108186e-03,-7.10367611249216512e-07,-7.10367453480652234e-07,-7.10367453480652234e-07,-1.42073506472986875e-06,-1.42073490696130447e-06
1.53912500000000012e+01,1.53912500000000012e+01,6.49719808332656495e-02,-4.22135923005484415e-03,-4.22135829339823857e-03,-7.09030090790217894e-07,-7.09029933467023645e-07,-7.09029933467023751e-07,-1.41806002425724164e-06,-1.41805986693404729e-06
1.53985000000000003e+01,1.53985000000000003e+01,6.49413903951683580e-02,-4.21738512135227950e-03,-4.21738418645766552e-03,-7.07695716799451019e-07,-7.07695559920035224e-07,-7.07695559920035224e-07,-1.41539127671948624e-06,-1.41539111984007045e-06
1.54057500000000012e+01,1.54057500000000012e+01,6.49108287490060415e-02,-4.21341662201868417e-03,-4.21341568888278922e-03,-7.06364480398478423e-07,-7.06364323961527018e-07,-7.06364323961527124e-07,-1.41272880436000544e-06,-1.41272864792305404e-06
1.54130000000000003e+01,1.54130000000000003e+01,6.48802958541490893e-02,-4.20945372150161035e-03,-4.20945279012191562e-03,-7.05036372738225570e-07,-7.05036216742553660e-07,-7.05036216742553660e-07,-1.41007258948077912e-06,-1.41007243348510732e-06
1.54202500000000011e+01,1.54202500000000011e+01,6.48497916700442600e-02,-4.20549640927880830e-03,-4.20549547964814158e-03,-7.03711384999623111e-07,-7.03711229443270133e-07,-7.03711229443270133e-07,-1.40742261444289314e-06,-1.40742245888654027e-06
1.54275000000000002e+01,1.54275000000000002e+01,6.48193161562145570e-02,-4.20154467484490368e-03,-4.20154374695929679e-03,-7.02389508391280193e-07,-7.02389353272825991e-07,-7.02389353272825991e-07,-1.40477886166410618e-06,-1.40477870654565198e-06
1.54347500000000011e+01,1.54347500000000011e+01,6.47888692722590198e-02,-4.19759850772027931e-03,-4.19759758157786916e-03,-7.01070734150874229e-07,-7.01070579469253764e-07,-7.01070579469253764e-07,-1.40214131362012799e-06,-1.40214115893850753e-06
1.54420000000000002e+01,1.54420000000000002e+01,6.47584509778526135e-02,-4.19365789745462791e-03,-4.19365697305093977e-03,-6.99755053545648846e-07,-6.99754899299363611e-07,-6.99754899299363611e-07,-1.39950995284501235e-06,-1.39950979859872722e-06
1.54492500000000010e+01,1.54492500000000010e+01,6.47280612327459232e-02,-4.18972283362073483e-03,-4.18972191095010570e-03,-6.98442457871274519e-07,-6.98442304058631613e-07,-6.98442304058631613e-07,-1.39688476192990603e-06,-1.39688460811726323e-06
1.54565000000000001e+01,1.54565000000000001e+01,6.46976999967651123e-02,-4.18579330581181352e-03,-4.18579238487142014e-03,-6.97132938451312085e-07,-6.97132785071095804e-07,-6.97132785071095910e-07,-1.39426572352240799e-06,-1.39426557014219161e-06
1.54637500000000010e+01,1.54637500000000010e+01,6.46673672298116453e-02,-4.18186930365038734e-03,-4.18186838443531782e-03,-6.95826486638596684e-07,-6.95826333689246581e-07,-6.95826333689246581e-07,-1.39165282032784337e-06,-1.39165266737849316e-06
1.54710000000000001e+01,1.54710000000000001e+01,6.46370628918621903e-02,-4.17795081677851954e-03,-4.17794989928654825e-03,-6.94523093813515851e-07,-6.94522941293921785e-07,-6.94522941293921891e-07,-1.38904603510743764e-06,-1.38904588258784378e-06
1.54782500000000010e+01,1.54782500000000010e+01,6.46067869429683556e-02,-4.17403783486847146e-03,-4.17403691909410627e-03,-6.93222751385687171e-07,-6.93222599294199227e-07,-6.93222599294199227e-07,-1.38644535067988640e-06,-1.38644519858839845e-06
1.54855000000000000e+01,1.54855000000000000e+01,6.45765393432565921e-02,-4.17013034761293255e-03,-4.17012943355116704e-03,-6.91925450792239645e-07,-6.91925299127292505e-07,-6.91925299127292293e-07,-1.38385074991953194e-06,-1.38385059825458480e-06
1.54927500000000009e+01,1.54927500000000009e+01,6.45463200529279718e-02,-4.16622834472679671e-03,-4.16622743237501231e-03,-6.90631183498015603e-07,-6.90631032258443433e-07,-6.90631032258443327e-07,-1.38126221575645893e-06,-1.38126206451688687e-06
1.55000000000000000e+01,1.55000000000000000e+01,6.45161290322580627e-02,-4.16233181595160318e-03,-4.16233090530697143e-03,-6.89339940996215194e-07,-6.89339790180820183e-07,-6.89339790180820289e-07,-1.37867973117703548e-06,-1.37867958036164037e-06
1.55072500000000009e+01,1.55072500000000009e+01,6.44859662415966650e-02,-4.15844075105642474e-03,-4.15843984211234502e-03,-6.88051714808447414e-07,-6.88051564415410665e-07,-6.88051564415410665e-07,-1.37610327922385808e-06,-1.37610312883082133e-06
1.55145000000000000e+01,1.55145000000000000e+01,6.44558316413677557e-02,-4.15455513982543323e-03,-4.15455423258034428e-03,-6.86766496482579495e-07,-6.86766346510919403e-07,-6.86766346510919403e-07,-1.37353284299349890e-06,-1.37353269302183881e-06
1.55217500000000008e+01,1.55217500000000008e+01,6.44257251920691831e-02,-4.15067497207566305e-03,-4.15067406652401810e-03,-6.85484277595584624e-07,-6.85484128043663662e-07,-6.85484128043663768e-07,-1.37096840563924829e-06,-1.37096825608732754e-06
1.55289999999999999e+01,1.55289999999999999e+01,6.43956468542726534e-02,-4.14680023764191219e-03,-4.14679933378019495e-03,-6.84205049750951932e-07,-6.84204900617471705e-07,-6.84204900617471811e-07,-1.36840995036842374e-06,-1.36840980123494341e-06
1.55362500000000008e+01,1.55362500000000008e+01,6.43655965886233833e-02,-4.14293092638562399e-03,-4.14293002420940571e-03,-6.82928804580063135e-07,-6.82928655863577863e-07,-6.82928655863577863e-07,-1.36585746044364089e-06,-1.36585731172715573e-06
1.55434999999999999e+01,1.55434999999999999e+01,6.43355743558400583e-02,-4.13906702818955807e-03,-4.13906612769582554e-03,-6.81655533741222147e-07,-6.81655385440522584e-07,-6.81655385440522478e-07,-1.36331091918174452e-06,-1.36331077088104517e-06
1.55507500000000007e+01,1.55507500000000007e+01,6.43055801167146251e-02,-4.13520853296223123e-03,-4.13520763414720362e-03,-6.80385228920295336e-07,-6.80385081034048782e-07,-6.80385081034048888e-07,-1.36077030995434433e-06,-1.36077016206809778e-06
1.55580000000000016e+01,1.55580000000000016e+01,6.42756138321120968e-02,-4.13135543063702926e-03,-4.13135453349479983e-03,-6.79117881830474775e-07,-6.79117734357002518e-07,-6.79117734357002518e-07,-1.35823561618747719e-06,-1.35823546871400504e-06
1.55652500000000007e+01,1.55652500000000007e+01,6.42456754629704002e-02,-4.12750771116510151e-03,-4.12750681569331625e-03,-6.77853484211019767e-07,-6.77853337149230404e-07,-6.77853337149230509e-07,-1.35570682136025038e-06,-1.35570667429846081e-06
1.55725000000000016e+01,1.55725000000000016e+01,6.42157649703001959e-02,-4.12366536452601906e-03,-4.12366447072083381e-03,-6.76592027828919035e-07,-6.76591881177479336e-07,-6.76591881177479336e-07,-1.35318390900639848e-06,-1.35318376235495867e-06
1.55797500000000007e+01,1.55797500000000007e+01,6.41858823151847668e-02,-4.11982838072155744e-03,-4.11982748857874902e-03,-6.75333504477780056e-07,-6.75333358235297711e-07,-6.75333358235297711e-07,-1.35066686271307777e-06,-1.35066671647059542e-06
1.55870000000000015e+01,1.55870000000000015e+01,6.41560274587797408e-02,-4.11599674977392027e-03,-4.11599585929170019e-03,-6.74077905977448740e-07,-6.74077760142933672e-07,-6.74077760142933672e-07,-1.34815566612038241e-06,-1.34815552028586734e-06
1.55942500000000006e+01,1.55942500000000006e+01,6.41262003623130350e-02,-4.11217046173639744e-03,-4.11216957290751629e-03,-6.72825224175667496e-07,-6.72825078747238235e-07,-6.72825078747238235e-07,-1.34565030292290573e-06,-1.34565015749447647e-06
1.56015000000000015e+01,1.56015000000000015e+01,6.40964009870845647e-02,-4.10834950667560150e-03,-4.10834861949713540e-03,-6.71575450945076741e-07,-6.71575305921563639e-07,-6.71575305921563745e-07,-1.34315075686664049e-06,-1.34315061184312749e-06
1.56087500000000006e+01,1.56087500000000006e+01,6.40666292944662430e-02,-4.10453387468479036e-03,-4.10453298915456049e-03,-6.70328578185310875e-07,-6.70328433565668800e-07,-6.70328433565668694e-07,-1.34065701175097957e-06,-1.34065686713133760e-06
1.56160000000000014e+01,1.56160000000000014e+01,6.40368852459016341e-02,-4.10072355588386728e-03,-4.10072267199677442e-03,-6.69084597822906914e-07,-6.69084453605616500e-07,-6.69084453605616500e-07,-1.33816905142852352e-06,-1.33816890721123300e-06
1.56232500000000005e+01,1.56232500000000005e+01,6.40071688029059255e-02,-4.09691854041227543e-03,-4.09691765816369308e-03,-6.67843501810057866e-07,-6.67843357993680534e-07,-6.67843357993680534e-07,-1.33568685980373840e-06,-1.33568671598736107e-06
1.56305000000000014e+01,1.56305000000000014e+01,6.39774799270656641e-02,-4.09311881842988612e-03,-4.09311793781808996e-03,-6.66605282124671494e-07,-6.66605138708244802e-07,-6.66605138708244802e-07,-1.33321042083291619e-06,-1.33321027741648960e-06
1.56377500000000005e+01,1.56377500000000005e+01,6.39478185800386872e-02,-4.08932438012499233e-03,-4.08932350114554147e-03,-6.65369930771587715e-07,-6.65369787753709507e-07,-6.65369787753709401e-07,-1.33073971852529712e-06,-1.33073957550741880e-06
1.56450000000000014e+01,1.56450000000000014e+01,6.39181847235538447e-02,-4.08553521570631517e-03,-4.08553433835435239e-03,-6.64137439781187773e-07,-6.64137297160391411e-07,-6.64137297160391305e-07,-1.32827473694157908e-06,-1.32827459432078282e-06
1.56522500000000004e+01,1.56522500000000004e+01,6.38885783194109436e-02,-4.08175131540389202e-03,-4.08175043967550638e-03,-6.62907801209455752e-07,-6.62907658984431723e-07,-6.62907658984431723e-07,-1.32581546019388737e-06,-1.32581531796886345e-06
1.56595000000000013e+01,1.56595000000000013e+01,6.38589993294804981e-02,-4.07797266946996473e-03,-4.07797179536259057e-03,-6.61681007138036598e-07,-6.61680865307697206e-07,-6.61680865307697312e-07,-1.32336187244573380e-06,-1.32336173061539462e-06
1.56667500000000004e+01,1.56667500000000004e+01,6.38294477157036327e-02,-4.07419926818164413e-03,-4.07419839569174436e-03,-6.60457049674585419e-07,-6.60456908237687748e-07,-6.60456908237687642e-07,-1.32091395791227317e-06,-1.32091381647537528e-06
1.56740000000000013e+01,1.56740000000000013e+01,6.37999234400918602e-02,-4.07043110183824552e-03,-4.07043023096158307e-03,-6.59235920952247610e-07,-6.59235779907438315e-07,-6.59235779907438420e-07,-1.31847170085968592e-06,-1.31847155981487663e-06
1.56812500000000004e+01,1.56812500000000004e+01,6.37704264647269842e-02,-4.06666816076128868e-03,-4.06666729149315117e-03,-6.58017613129576489e-07,-6.58017472475428635e-07,-6.58017472475428741e-07,-1.31603508560500523e-06,-1.31603494495085748e-06
1.56885000000000012e+01,1.56885000000000012e+01,6.37409567517608355e-02,-4.06291043529094509e-03,-4.06290956762984587e-03,-6.56802118389873448e-07,-6.56801978125484947e-07,-6.56801978125484947e-07,-1.31360409651535840e-06,-1.31360395625096989e-06
1.56957500000000003e+01,1.56957500000000003e+01,6.37115142634152587e-02,-4.05915791579758434e-03,-4.05915704973736600e-03,-6.55589428942973933e-07,-6.55589289066690210e-07,-6.55589289066690210e-07,-1.31117871800966414e-06,-1.31117857813338042e-06
1.57030000000000012e+01,1.57030000000000012e+01,6.36820989619817784e-02,-4.05541059266578685e-03,-4.05540972820364089e-03,-6.54379537022576315e-07,-6.54379397533287652e-07,-6.54379397533287652e-07,-1.30875893455586407e-06,-1.30875879506657530e-06
1.57102500000000003e+01,1.57102500000000003e+01,6.36527108098216138e-02,-4.05166845630411387e-03,-4.05166759343878087e-03,-6.53172434887742416e-07,-6.53172295784590981e-07,-6.53172295784591087e-07,-1.30634473067233361e-06,-1.30634459156918217e-06
1.57175000000000011e+01,1.57175000000000011e+01,6.36233497693653588e-02,-4.04793149715043654e-03,-4.04793063587500276e-03,-6.51968114823669577e-07,-6.51967976104889093e-07,-6.51967976104888987e-07,-1.30393609092855856e-06,-1.30393595220977819e-06
1.57247500000000002e+01,1.57247500000000002e+01,6.35940158031129271e-02,-4.04419970565506048e-03,-4.04419884596657689e-03,-6.50766569138889943e-07,-6.50766430803356081e-07,-6.50766430803355975e-07,-1.30153299994224592e-06,-1.30153286160671216e-06
1.57320000000000011e+01,1.57320000000000011e+01,6.35647088736333576e-02,-4.04047307229582486e-03,-4.04047221418976296e-03,-6.49567790167620663e-07,-6.49567652213958264e-07,-6.49567652213958159e-07,-1.29913544238157882e-06,-1.29913530442791653e-06
1.57392500000000002e+01,1.57392500000000002e+01,6.35354289435646480e-02,-4.03675158756744423e-03,-4.03675073104275278e-03,-6.48371770267968710e-07,-6.48371632695363988e-07,-6.48371632695363988e-07,-1.29674340296333259e-06,-1.29674326539072798e-06
1.57465000000000011e+01,1.57465000000000011e+01,6.35061759756136296e-02,-4.03303524199305485e-03,-4.03303438704560521e-03,-6.47178501823704248e-07,-6.47178364630851607e-07,-6.47178364630851607e-07,-1.29435686645455586e-06,-1.29435672926170321e-06
1.57537500000000001e+01,1.57537500000000001e+01,6.34769499325557457e-02,-4.02932402611710927e-03,-4.02932317274018893e-03,-6.45987977243037625e-07,-6.45987840428220341e-07,-6.45987840428220235e-07,-1.29197581767125786e-06,-1.29197568085644047e-06
1.57610000000000010e+01,1.57610000000000010e+01,6.34477507772349403e-02,-4.02561793049738270e-03,-4.02561707869011735e-03,-6.44800188957256918e-07,-6.44800052519697416e-07,-6.44800052519697310e-07,-1.28960024147695433e-06,-1.28960010503939483e-06
1.57682500000000001e+01,1.57682500000000001e+01,6.34185784725635332e-02,-4.02191694572184844e-03,-4.02191609548069925e-03,-6.43615129423356174e-07,-6.43614993361852512e-07,-6.43614993361852512e-07,-1.28723012278520879e-06,-1.28722998672370502e-06
1.57755000000000010e+01,1.57755000000000010e+01,6.33894329815219704e-02,-4.01822106239801968e-03,-4.01822021371886582e-03,-6.42432791122243824e-07,-6.42432655435503643e-07,-6.42432655435503643e-07,-1.28486544655774747e-06,-1.28486531087100729e-06
1.57827500000000001e+01,1.57827500000000001e+01,6.33603142671587682e-02,-4.01453027115294958e-03,-4.01452942403312304e-03,-6.41253166558666349e-07,-6.41253031245632340e-07,-6.41253031245632234e-07,-1.28250619780429858e-06,-1.28250606249126447e-06
1.57900000000000009e+01,1.57900000000000009e+01,6.33312222925902502e-02,-4.01084456263944844e-03,-4.01084371707347963e-03,-6.40076248262120639e-07,-6.40076113321291012e-07,-6.40076113321291012e-07,-1.28015236158341165e-06,-1.28015222664258202e-06
1.57972500000000000e+01,1.57972500000000000e+01,6.33021570210004908e-02,-4.00716392752720196e-03,-4.00716308351140200e-03,-6.38902028785358025e-07,-6.38901894215518453e-07,-6.38901894215518453e-07,-1.27780392300087648e-06,-1.27780378843103691e-06
1.58045000000000009e+01,1.58045000000000009e+01,6.32731184156411081e-02,-4.00348835650721213e-03,-4.00348751403974221e-03,-6.37730500705014580e-07,-6.37730366505248361e-07,-6.37730366505248256e-07,-1.27546086721026273e-06,-1.27546073301049651e-06
1.58117500000000000e+01,1.58117500000000000e+01,6.32441064398311381e-02,-3.99981784029534992e-03,-3.99981699937269029e-03,-6.36561656622099962e-07,-6.36561522791225062e-07,-6.36561522791225062e-07,-1.27312317941332502e-06,-1.27312304558245012e-06
1.58190000000000008e+01,1.58190000000000008e+01,6.32151210569568273e-02,-3.99615236962791442e-03,-3.99615153024570572e-03,-6.35395489161209673e-07,-6.35395355697912979e-07,-6.35395355697913085e-07,-1.27079084485912265e-06,-1.27079071139582617e-06
1.58262499999999999e+01,1.58262499999999999e+01,6.31861622304715209e-02,-3.99249193526163282e-03,-3.99249109741546624e-03,-6.34231990970448719e-07,-6.34231857873412778e-07,-6.34231857873412778e-07,-1.26846384884386160e-06,-1.26846371574682556e-06
1.58335000000000008e+01,1.58335000000000008e+01,6.31572299238955387e-02,-3.98883652797099586e-03,-3.98883569165980542e-03,-6.33071154720931441e-07,-6.33071021989372428e-07,-6.33071021989372428e-07,-1.26614217671030376e-06,-1.26614204397874486e-06
1.58407499999999999e+01,1.58407499999999999e+01,6.31283241008159385e-02,-3.98518613855980419e-03,-3.98518530377765801e-03,-6.31912973108538997e-07,-6.31912840740903137e-07,-6.31912840740903137e-07,-1.26382581384944213e-06,-1.26382568148180627e-06
1.58480000000000008e+01,1.58480000000000008e+01,6.30994447248864193e-02,-3.98154075784429295e-03,-3.98153992458899660e-03,-6.30757438851161639e-07,-6.30757306846490938e-07,-6.30757306846491044e-07,-1.26151474569765268e-06,-1.26151461369298188e-06
1.58552500000000016e+01,1.58552500000000016e+01,6.30705917598271826e-02,-3.97790037666823082e-03,-3.97789954493478048e-03,-6.29604544691020323e-07,-6.29604413047914424e-07,-6.29604413047914424e-07,-1.25920895773893475e-06,-1.25920882609582885e-06
1.58625000000000007e+01,1.58625000000000007e+01,6.30417651694247377e-02,-3.97426498588959731e-03,-3.97426415567689404e-03,-6.28454283392477657e-07,-6.28454152110157183e-07,-6.28454152110157289e-07,-1.25690843550263484e-06,-1.25690830422031437e-06
1.58697500000000016e+01,1.58697500000000016e+01,6.30129649175317774e-02,-3.97063457639568185e-03,-3.97063374769809040e-03,-6.27306647744353374e-07,-6.27306516821323841e-07,-6.27306516821323841e-07,-1.25461316456567711e-06,-1.25461303364264768e-06
1.58770000000000007e+01,1.58770000000000007e+01,6.29841909680670109e-02,-3.96700913908532016e-03,-3.96700831190193413e-03,-6.26161630557039015e-07,-6.26161499992555988e-07,-6.26161499992555988e-07,-1.25232313054959490e-06,-1.25232299998511198e-06
1.58842500000000015e+01,1.58842500000000015e+01,6.29554432850150253e-02,-3.96338866488843422e-03,-3.96338783921274321e-03,-6.25019224665510516e-07,-6.25019094457947268e-07,-6.25019094457947374e-07,-1.25003831912345789e-06,-1.25003818891589454e-06
1.58915000000000006e+01,1.58915000000000006e+01,6.29267218324261329e-02,-3.95977314474560416e-03,-3.95977232057553603e-03,-6.23879422926027842e-07,-6.23879293074461212e-07,-6.23879293074461212e-07,-1.24775871600048905e-06,-1.24775858614892242e-06
1.58987500000000015e+01,1.58987500000000015e+01,6.28980265744162187e-02,-3.95616256962316726e-03,-3.95616174695596901e-03,-6.22742218218444108e-07,-6.22742088721845587e-07,-6.22742088721845587e-07,-1.24548430694028980e-06,-1.24548417744369117e-06
1.59060000000000006e+01,1.59060000000000006e+01,6.28693574751666012e-02,-3.95255693050788892e-03,-3.95255610934028626e-03,-6.21607603445290150e-07,-6.21607474302551819e-07,-6.21607474302551819e-07,-1.24321507774784197e-06,-1.24321494860510364e-06
1.59132500000000014e+01,1.59132500000000014e+01,6.28407144989238525e-02,-3.94895621840785083e-03,-3.94895539873525801e-03,-6.20475571531839847e-07,-6.20475442741650181e-07,-6.20475442741650287e-07,-1.24095101427349003e-06,-1.24095088548330057e-06
1.59205000000000005e+01,1.59205000000000005e+01,6.28120976099996869e-02,-3.94536042434978640e-03,-3.94535960616812856e-03,-6.19346115425618425e-07,-6.19345986986749227e-07,-6.19345986986749227e-07,-1.23869210241236765e-06,-1.23869197397349845e-06
1.59277500000000014e+01,1.59277500000000014e+01,6.27835067727707807e-02,-3.94176953937908081e-03,-3.94176872268655470e-03,-6.18219228096329502e-07,-6.18219100007911821e-07,-6.18219100007911927e-07,-1.23643832810424143e-06,-1.23643820001582364e-06
1.59350000000000005e+01,1.59350000000000005e+01,6.27549419516786888e-02,-3.93818355456421187e-03,-3.93818273935856236e-03,-6.17094902536480304e-07,-6.17094774797576370e-07,-6.17094774797576370e-07,-1.23418967733405678e-06,-1.23418954959515274e-06
1.59422500000000014e+01,1.59422500000000014e+01,6.27264031112295950e-02,-3.93460246099763822e-03,-3.93460164727247371e-03,-6.15973131761445302e-07,-6.15973004370471691e-07,-6.15973004370471691e-07,-1.23194613613191699e-06,-1.23194600874094338e-06
1.59495000000000005e+01,1.59495000000000005e+01,6.26978902159942286e-02,-3.93102624978425297e-03,-3.93102543753686470e-03,-6.14853908807585900e-07,-6.14853781763539408e-07,-6.14853781763539514e-07,-1.22970769057112552e-06,-1.22970756352707882e-06
1.59567500000000013e+01,1.59567500000000013e+01,6.26694032306077259e-02,-3.92745491205204189e-03,-3.92745410128050604e-03,-6.13737226733848895e-07,-6.13737100035851150e-07,-6.13737100035851150e-07,-1.22747432676970005e-06,-1.22747420007170230e-06
1.59640000000000004e+01,1.59640000000000004e+01,6.26409421197694771e-02,-3.92388843895208339e-03,-3.92388762965230949e-03,-6.12623078621693422e-07,-6.12622952268529459e-07,-6.12622952268529565e-07,-1.22524603089022299e-06,-1.22524590453705892e-06
1.59712500000000013e+01,1.59712500000000013e+01,6.26125068482429326e-02,-3.92032682165233126e-03,-3.92032601382126793e-03,-6.11511457574046450e-07,-6.11511331564666691e-07,-6.11511331564666691e-07,-1.22302278913871304e-06,-1.22302266312933338e-06
1.59785000000000004e+01,1.59785000000000004e+01,6.25840973808555190e-02,-3.91677005134294376e-03,-3.91676924497640685e-03,-6.10402356716065649e-07,-6.10402231049246343e-07,-6.10402231049246343e-07,-1.22080458776531210e-06,-1.22080446209849269e-06
1.59857500000000012e+01,1.59857500000000012e+01,6.25557136824984733e-02,-3.91321811923006635e-03,-3.91321731432672619e-03,-6.09295769194098064e-07,-6.09295643869062482e-07,-6.09295643869062587e-07,-1.21859141306316065e-06,-1.21859128773812517e-06
1.59930000000000003e+01,1.59930000000000003e+01,6.25273557181266759e-02,-3.90967101654737803e-03,-3.90967021310114921e-03,-6.08191688177408805e-07,-6.08191563192642557e-07,-6.08191563192642451e-07,-1.21638325137005115e-06,-1.21638312638528511e-06
1.60002500000000012e+01,1.60002500000000012e+01,6.24990234527585467e-02,-3.90612873453832776e-03,-3.90612793254846262e-03,-6.07090106855344438e-07,-6.07089982210166086e-07,-6.07089982210166086e-07,-1.21418008906551063e-06,-1.21417996442033217e-06
1.60075000000000003e+01,1.60075000000000003e+01,6.24707168514758715e-02,-3.90259126447567439e-03,-3.90259046393727146e-03,-6.05991018440304695e-07,-6.05990894133389375e-07,-6.05990894133389375e-07,-1.21198191257369418e-06,-1.21198178826677875e-06
1.60147499999999994e+01,1.60147499999999994e+01,6.24424358794236564e-02,-3.89905859764549945e-03,-3.89905779855593496e-03,-6.04894416165184862e-07,-6.04894292195564096e-07,-6.04894292195564096e-07,-1.20978870836074896e-06,-1.20978858439112819e-06
1.60219999999999985e+01,1.60219999999999985e+01,6.24141805018100168e-02,-3.89553072535608891e-03,-3.89552992771252183e-03,-6.03800293284688248e-07,-6.03800169651362432e-07,-6.03800169651362432e-07,-1.20760046293605068e-06,-1.20760033930272486e-06
1.60292500000000011e+01,1.60292500000000011e+01,6.23859506839059830e-02,-3.89200763893793322e-03,-3.89200684273474911e-03,-6.02708643075254936e-07,-6.02708519776796925e-07,-6.02708519776796819e-07,-1.20541716285205176e-06,-1.20541703955359364e-06
1.60365000000000002e+01,1.60365000000000002e+01,6.23577463910454238e-02,-3.88848932973395733e-03,-3.88848853496993885e-03,-6.01619458833480476e-07,-6.01619335869146999e-07,-6.01619335869147104e-07,-1.20323879470262747e-06,-1.20323867173829421e-06
1.60437500000000028e+01,1.60437500000000028e+01,6.23295675886248457e-02,-3.88497578911195518e-03,-3.88497499578495257e-03,-6.00532733877972473e-07,-6.00532611246877745e-07,-6.00532611246877851e-07,-1.20106534512485032e-06,-1.20106522249375549e-06
1.60510000000000019e+01,1.60510000000000019e+01,6.23014142421032882e-02,-3.88146700846192516e-03,-3.88146621656615051e-03,-5.99448461548868946e-07,-5.99448339249567400e-07,-5.99448339249567400e-07,-1.19889680079843645e-06,-1.19889667849913480e-06
1.60582500000000010e+01,1.60582500000000010e+01,6.22732863170021578e-02,-3.87796297918452382e-03,-3.87796218871932835e-03,-5.98366635205985654e-07,-5.98366513237828145e-07,-5.98366513237828039e-07,-1.19673314844381380e-06,-1.19673302647565608e-06
1.60655000000000001e+01,1.60655000000000001e+01,6.22451837789051096e-02,-3.87446369270971758e-03,-3.87446290366967160e-03,-5.97287248231629835e-07,-5.97287126593231463e-07,-5.97287126593231463e-07,-1.19457437482486140e-06,-1.19457425318646293e-06
1.60727499999999992e+01,1.60727499999999992e+01,6.22171065934578743e-02,-3.87096914047990737e-03,-3.87096835286169930e-03,-5.96210294027927283e-07,-5.96210172718232858e-07,-5.96210172718232963e-07,-1.19242046674616035e-06,-1.19242034543646572e-06
1.60799999999999983e+01,1.60799999999999983e+01,6.21890547263681676e-02,-3.86747931395703404e-03,-3.86747852775921495e-03,-5.95135766017852981e-07,-5.95135645036096361e-07,-5.95135645036096361e-07,-1.19027141105394924e-06,-1.19027129007219272e-06
1.60872500000000009e+01,1.60872500000000009e+01,6.21610281434054890e-02,-3.86399420462701926e-03,-3.86399341984524931e-03,-5.94063657645846150e-07,-5.94063536990818196e-07,-5.94063536990818301e-07,-1.18812719463666456e-06,-1.18812707398163660e-06
1.60945000000000000e+01,1.60945000000000000e+01,6.21330268104010666e-02,-3.86051380398999555e-03,-3.86051302062201786e-03,-5.92993962376241332e-07,-5.92993842047056047e-07,-5.92993842047056047e-07,-1.18598780442329748e-06,-1.18598768409411209e-06
1.61017500000000027e+01,1.61017500000000027e+01,6.21050506932476210e-02,-3.85703810356918808e-03,-3.85703732161085666e-03,-5.91926673694565623e-07,-5.91926553690048808e-07,-5.91926553690048596e-07,-1.18385322738461422e-06,-1.18385310738009740e-06
1.61090000000000018e+01,1.61090000000000018e+01,6.20770997578993025e-02,-3.85356709490380922e-03,-3.85356631435218155e-03,-5.90861785106383210e-07,-5.90861665425548072e-07,-5.90861665425548072e-07,-1.18172345053193139e-06,-1.18172333085109614e-06
1.61162500000000009e+01,1.61162500000000009e+01,6.20491739703715184e-02,-3.85010076955438763e-03,-3.85009999040543003e-03,-5.89799290138046167e-07,-5.89799170779741163e-07,-5.89799170779741269e-07,-1.17959846091778733e-06,-1.17959834155948254e-06
1.61234999999999999e+01,1.61234999999999999e+01,6.20212732967407795e-02,-3.84663911909743916e-03,-3.84663834134901100e-03,-5.88739182335812261e-07,-5.88739063299178078e-07,-5.88739063299177972e-07,-1.17747824563499023e-06,-1.17747812659835616e-06
1.61307499999999990e+01,1.61307499999999990e+01,6.19933977031446176e-02,-3.84318213513079598e-03,-3.84318135878025657e-03,-5.87681455266596278e-07,-5.87681336550699167e-07,-5.87681336550699167e-07,-1.17536279181729534e-06,-1.17536267310139833e-06
1.61379999999999981e+01,1.61379999999999981e+01,6.19655471557813906e-02,-3.83972980927094198e-03,-3.83972903431536745e-03,-5.86626102517496739e-07,-5.86625984121361871e-07,-5.86625984121361871e-07,-1.17325208663885861e-06,-1.17325196824272374e-06
1.61452500000000008e+01,1.61452500000000008e+01,6.19377216209101716e-02,-3.83628213315478916e-03,-3.83628135958936347e-03,-5.85573117696001519e-07,-5.85572999618367451e-07,-5.85572999618367451e-07,-1.17114611731436908e-06,-1.17114599923673490e-06
1.61525000000000034e+01,1.61525000000000034e+01,6.19099210648506315e-02,-3.83283909843346038e-03,-3.83283832625603595e-03,-5.84522494428975326e-07,-5.84522376668990472e-07,-5.84522376668990366e-07,-1.16904487109796569e-06,-1.16904475333798073e-06
1.61597500000000025e+01,1.61597500000000025e+01,6.18821454539828786e-02,-3.82940069678117112e-03,-3.82939992598789383e-03,-5.83474226363950787e-07,-5.83474108920505533e-07,-5.83474108920505533e-07,-1.16694833528445643e-06,-1.16694821784101107e-06
1.61670000000000016e+01,1.61670000000000016e+01,6.18543947547473202e-02,-3.82596691988634774e-03,-3.82596615047611256e-03,-5.82428307167709249e-07,-5.82428190040115064e-07,-5.82428190040115064e-07,-1.16485649720782431e-06,-1.16485638008023013e-06
1.61742500000000007e+01,1.61742500000000007e+01,6.18266689336445241e-02,-3.82253775946228558e-03,-3.82253699143048509e-03,-5.81384730527841751e-07,-5.81384613714878801e-07,-5.81384613714878801e-07,-1.16276934424272055e-06,-1.16276922742975760e-06
1.61814999999999998e+01,1.61814999999999998e+01,6.17989679572351139e-02,-3.81911320723649084e-03,-3.81911244057937240e-03,-5.80343490151060890e-07,-5.80343373651642432e-07,-5.80343373651642432e-07,-1.16068686380270332e-06,-1.16068674730328486e-06
1.61887499999999989e+01,1.61887499999999989e+01,6.17712917921396099e-02,-3.81569325495334510e-03,-3.81569248966965409e-03,-5.79304579763546303e-07,-5.79304463576966970e-07,-5.79304463576966970e-07,-1.15860904334051327e-06,-1.15860892715393394e-06
1.61960000000000015e+01,1.61960000000000015e+01,6.17436404050382762e-02,-3.81227789438298714e-03,-3.81227713046667499e-03,-5.78267993112228241e-07,-5.78267877237057289e-07,-5.78267877237057183e-07,-1.15653587034928542e-06,-1.15653575447411458e-06
1.62032500000000006e+01,1.62032500000000006e+01,6.17160137626710653e-02,-3.80886711730266114e-03,-3.80886635475420447e-03,-5.77233723961895055e-07,-5.77233608397693933e-07,-5.77233608397693827e-07,-1.15446733235958899e-06,-1.15446721679538787e-06
1.62105000000000032e+01,1.62105000000000032e+01,6.16884118318373753e-02,-3.80546091551980936e-03,-3.80546015433437350e-03,-5.76201766098633001e-07,-5.76201650844160064e-07,-5.76201650844160170e-07,-1.15240341694279328e-06,-1.15240330168832034e-06
1.62177500000000023e+01,1.62177500000000023e+01,6.16608345793960219e-02,-3.80205928085342038e-03,-3.80205852102764039e-03,-5.75172113326936900e-07,-5.75171998381175391e-07,-5.75171998381175391e-07,-1.15034411170811218e-06,-1.15034399676235078e-06
1.62250000000000014e+01,1.62250000000000014e+01,6.16332819722650166e-02,-3.79866220514024633e-03,-3.79866144667272794e-03,-5.74144759470589466e-07,-5.74144644832823006e-07,-5.74144644832823006e-07,-1.14828940430341247e-06,-1.14828928966564601e-06
1.62322500000000005e+01,1.62322500000000005e+01,6.16057539774214902e-02,-3.79526968024013200e-03,-3.79526892312658350e-03,-5.73119698373406695e-07,-5.73119584042482897e-07,-5.73119584042482897e-07,-1.14623928241588949e-06,-1.14623916808496579e-06
1.62394999999999996e+01,1.62394999999999996e+01,6.15782505619015402e-02,-3.79188169802713304e-03,-3.79188094226432740e-03,-5.72096923897831898e-07,-5.72096809872761850e-07,-5.72096809872761850e-07,-1.14419373377059375e-06,-1.14419361974552370e-06
1.62467499999999987e+01,1.62467499999999987e+01,6.15507716928001061e-02,-3.78849825039395682e-03,-3.78849749597920263e-03,-5.71076429925547679e-07,-5.71076316205425374e-07,-5.71076316205425374e-07,-1.14215274613097305e-06,-1.14215263241085075e-06
1.62540000000000013e+01,1.62540000000000013e+01,6.15233173372708234e-02,-3.78511932925285066e-03,-3.78511857618252841e-03,-5.70058210357546982e-07,-5.70058096941328664e-07,-5.70058096941328664e-07,-1.14011630729887565e-06,-1.14011619388265733e-06
1.62612500000000004e+01,1.62612500000000004e+01,6.14958874625259402e-02,-3.78174492653116090e-03,-3.78174417480365514e-03,-5.69042259113404749e-07,-5.69042146000350746e-07,-5.69042146000350746e-07,-1.13808440511375549e-06,-1.13808429200070149e-06
1.62685000000000031e+01,1.62685000000000031e+01,6.14684820358361167e-02,-3.77837503417843834e-03,-3.77837428378990708e-03,-5.68028570132285462e-07,-5.68028457321323007e-07,-5.68028457321322901e-07,-1.13605702745360826e-06,-1.13605691464264580e-06
1.62757500000000022e+01,1.62757500000000022e+01,6.14411010245303549e-02,-3.77500964415844464e-03,-3.77500889510654471e-03,-5.67017137371681811e-07,-5.67017024861965459e-07,-5.67017024861965459e-07,-1.13403416223364738e-06,-1.13403404972393092e-06
1.62830000000000013e+01,1.62830000000000013e+01,6.14137443959958187e-02,-3.77164874845536957e-03,-3.77164800073670784e-03,-5.66007954808287662e-07,-5.66007842598816749e-07,-5.66007842598816749e-07,-1.13201579740710431e-06,-1.13201568519763350e-06
1.62902500000000003e+01,1.62902500000000003e+01,6.13864121176777508e-02,-3.76829233907027827e-03,-3.76829159268137360e-03,-5.65001016437405772e-07,-5.65000904527168518e-07,-5.65000904527168518e-07,-1.13000192096457440e-06,-1.13000180905433704e-06
1.62974999999999994e+01,1.62974999999999994e+01,6.13591041570793055e-02,-3.76494040802111130e-03,-3.76493966295930694e-03,-5.63996316272887756e-07,-5.63996204660998164e-07,-5.63996204660998375e-07,-1.12799252093388603e-06,-1.12799240932199654e-06
1.63047499999999985e+01,1.63047499999999985e+01,6.13318204817614523e-02,-3.76159294734446092e-03,-3.76159220360701386e-03,-5.62993848347342241e-07,-5.62993737032903621e-07,-5.62993737032903621e-07,-1.12598758538024586e-06,-1.12598747406580724e-06
1.63120000000000012e+01,1.63120000000000012e+01,6.13045610593428089e-02,-3.75824994909379484e-03,-3.75824920667869062e-03,-5.61993606711808131e-07,-5.61993495694034542e-07,-5.61993495694034647e-07,-1.12398710240584288e-06,-1.12398699138806908e-06
1.63192500000000003e+01,1.63192500000000003e+01,6.12773258574995788e-02,-3.75491140534300882e-03,-3.75491066424618646e-03,-5.60995585436228936e-07,-5.60995474714030564e-07,-5.60995474714030564e-07,-1.12199106015025961e-06,-1.12199094942806113e-06
1.63265000000000029e+01,1.63265000000000029e+01,6.12501148439653226e-02,-3.75157730818109769e-03,-3.75157656839894115e-03,-5.59999778608594947e-07,-5.59999668180950800e-07,-5.59999668180950800e-07,-1.11999944678954585e-06,-1.11999933636190160e-06
1.63337500000000020e+01,1.63337500000000020e+01,6.12229279865309506e-02,-3.74824764971393165e-03,-3.74824691124395464e-03,-5.59006180335152766e-07,-5.59006070201212953e-07,-5.59006070201212953e-07,-1.11801225053636572e-06,-1.11801214040242591e-06
1.63410000000000011e+01,1.63410000000000011e+01,6.11957652530444873e-02,-3.74492242206514447e-03,-3.74492168490572677e-03,-5.58014784740479215e-07,-5.58014674899524604e-07,-5.58014674899524710e-07,-1.11602945964000393e-06,-1.11602934979904942e-06
1.63482500000000002e+01,1.63482500000000002e+01,6.11686266114110089e-02,-3.74160161737879804e-03,-3.74160088152621908e-03,-5.57025585967820459e-07,-5.57025476418820953e-07,-5.57025476418820847e-07,-1.11405106238664131e-06,-1.11405095283764191e-06
1.63554999999999993e+01,1.63554999999999993e+01,6.11415120295924971e-02,-3.73828522781405326e-03,-3.73828449326480371e-03,-5.56038578178239156e-07,-5.56038468920198220e-07,-5.56038468920198326e-07,-1.11207704709843748e-06,-1.11207693784039644e-06
1.63627499999999984e+01,1.63627499999999984e+01,6.11144214756077150e-02,-3.73497324554605825e-03,-3.73497251229822124e-03,-5.55053755550690900e-07,-5.55053646582851287e-07,-5.55053646582851287e-07,-1.11010740213354208e-06,-1.11010729316570257e-06
1.63700000000000010e+01,1.63700000000000010e+01,6.10873549175320676e-02,-3.73166566277127743e-03,-3.73166493082052915e-03,-5.54071112282758704e-07,-5.54071003604007200e-07,-5.54071003604007412e-07,-1.10814211588676601e-06,-1.10814200720801461e-06
1.63772500000000001e+01,1.63772500000000001e+01,6.10603123234975328e-02,-3.72836247169772150e-03,-3.72836174104306493e-03,-5.53090642589145492e-07,-5.53090534198865141e-07,-5.53090534198865247e-07,-1.10618117678801085e-06,-1.10618106839773028e-06
1.63845000000000027e+01,1.63845000000000027e+01,6.10332936616924462e-02,-3.72506366455738203e-03,-3.72506293519438711e-03,-5.52112340703461660e-07,-5.52112232600528025e-07,-5.52112232600528025e-07,-1.10422457330398958e-06,-1.10422446520105605e-06
1.63917500000000018e+01,1.63917500000000018e+01,6.10062989003614525e-02,-3.72176923359379686e-03,-3.72176850552024315e-03,-5.51136200876324965e-07,-5.51136093059943211e-07,-5.51136093059943211e-07,-1.10227229393626807e-06,-1.10227218611988642e-06
1.63990000000000009e+01,1.63990000000000009e+01,6.09793280078053529e-02,-3.71847917106915560e-03,-3.71847844428351438e-03,-5.50162217376357484e-07,-5.50162109845837279e-07,-5.50162109845837173e-07,-1.10032432722219466e-06,-1.10032421969167456e-06
1.64062500000000000e+01,1.64062500000000000e+01,6.09523809523809523e-02,-3.71519346926607597e-03,-3.71519274376417219e-03,-5.49190384490392504e-07,-5.49190277244653352e-07,-5.49190277244653458e-07,-1.09838066173504586e-06,-1.09838055448930670e-06
1.64134999999999991e+01,1.64134999999999991e+01,6.09254577025009902e-02,-3.71191212048049834e-03,-3.71191139625923726e-03,-5.48220696522365965e-07,-5.48220589560489894e-07,-5.48220589560489894e-07,-1.09644128608285575e-06,-1.09644117912097979e-06
1.64207499999999982e+01,1.64207499999999982e+01,6.08985582266339878e-02,-3.70863511702612669e-03,-3.70863439408273057e-03,-5.47253147793919125e-07,-5.47253041115036762e-07,-5.47253041115036868e-07,-1.09450618890895599e-06,-1.09450608223007374e-06
1.64280000000000008e+01,1.64280000000000008e+01,6.08716824933041092e-02,-3.70536245123265218e-03,-3.70536172956562613e-03,-5.46287732644080606e-07,-5.46287626247513795e-07,-5.46287626247513795e-07,-1.09257535889159440e-06,-1.09257525249502759e-06
1.64352499999999999e+01,1.64352499999999999e+01,6.08448304710910992e-02,-3.70209411545108225e-03,-3.70209339505581580e-03,-5.45324445429997063e-07,-5.45324339314610250e-07,-5.45324339314610250e-07,-1.09064878474460731e-06,-1.09064867862922050e-06
1.64425000000000026e+01,1.64425000000000026e+01,6.08180021286300679e-02,-3.69883010204397067e-03,-3.69882938291805127e-03,-5.44363280525436691e-07,-5.44363174690420325e-07,-5.44363174690420325e-07,-1.08872645521585702e-06,-1.08872634938084065e-06
1.64497500000000016e+01,1.64497500000000016e+01,6.07911974346114631e-02,-3.69557040339252296e-03,-3.69556968553391143e-03,-5.43404232321783748e-07,-5.43404126766384922e-07,-5.43404126766384922e-07,-1.08680835908816878e-06,-1.08680825353276984e-06
1.64570000000000007e+01,1.64570000000000007e+01,6.07644163577808830e-02,-3.69231501189659639e-03,-3.69231429530174869e-03,-5.42447295227981801e-07,-5.42447189951228440e-07,-5.42447189951228334e-07,-1.08489448517921013e-06,-1.08489437990245688e-06
1.64642499999999998e+01,1.64642499999999998e+01,6.07376588669389719e-02,-3.68906391997025906e-03,-3.68906320463665031e-03,-5.41492463669826774e-07,-5.41492358670898419e-07,-5.41492358670898525e-07,-1.08298482234072519e-06,-1.08298471734179684e-06
1.64714999999999989e+01,1.64714999999999989e+01,6.07109249309413235e-02,-3.68581712004356632e-03,-3.68581640597039290e-03,-5.40539732090175527e-07,-5.40539627368506149e-07,-5.40539627368506149e-07,-1.08107935945868178e-06,-1.08107925473701230e-06
1.64787500000000016e+01,1.64787500000000016e+01,6.06842145186983206e-02,-3.68257460457055430e-03,-3.68257389175139600e-03,-5.39589094950062143e-07,-5.39588990504263772e-07,-5.39588990504263667e-07,-1.07917808545432581e-06,-1.07917798100852733e-06
1.64860000000000007e+01,1.64860000000000007e+01,6.06575275991750526e-02,-3.67933636600970004e-03,-3.67933565444468350e-03,-5.38640546725780849e-07,-5.38640442555427429e-07,-5.38640442555427429e-07,-1.07728098928120838e-06,-1.07728088511085486e-06
1.64932500000000033e+01,1.64932500000000033e+01,6.06308641413911623e-02,-3.67610239684701412e-03,-3.67610168653183288e-03,-5.37694081912216447e-07,-5.37693978016234257e-07,-5.37693978016234151e-07,-1.07538805992845049e-06,-1.07538795603246830e-06
1.65005000000000024e+01,1.65005000000000024e+01,6.06042241144207697e-02,-3.67287268957827706e-03,-3.67287198051093966e-03,-5.36749695020189180e-07,-5.36749591397845219e-07,-5.36749591397845324e-07,-1.07349928641803461e-06,-1.07349918279569065e-06
1.65077500000000015e+01,1.65077500000000015e+01,6.05776074873922779e-02,-3.66964723671880932e-03,-3.66964652889656493e-03,-5.35807380577831586e-07,-5.35807277228283691e-07,-5.35807277228283903e-07,-1.07161465780611549e-06,-1.07161455445656759e-06
1.65150000000000006e+01,1.65150000000000006e+01,6.05510142294883452e-02,-3.66642603080080676e-03,-3.66642532421969976e-03,-5.34867133130145713e-07,-5.34867030052377868e-07,-5.34867030052377868e-07,-1.06973416318252358e-06,-1.06973406010475574e-06
1.65222499999999997e+01,1.65222499999999997e+01,6.05244443099456839e-02,-3.66320906436978788e-03,-3.66320835902771624e-03,-5.33928947238431366e-07,-5.33928844431700088e-07,-5.33928844431700194e-07,-1.06785779167013167e-06,-1.06785768886340039e-06
1.65294999999999987e+01,1.65294999999999987e+01,6.04978976980549976e-02,-3.65999632998903479e-03,-3.65999562588432796e-03,-5.32992817480883909e-07,-5.32992714944510195e-07,-5.32992714944510195e-07,-1.06598553242539400e-06,-1.06598542988902039e-06
1.65367500000000014e+01,1.65367500000000014e+01,6.04713743631608361e-02,-3.65678782024136950e-03,-3.65678711736954539e-03,-5.32058738452797757e-07,-5.32058636185694864e-07,-5.32058636185694970e-07,-1.06411737463849283e-06,-1.06411727237138973e-06
1.65440000000000005e+01,1.65440000000000005e+01,6.04448742746615045e-02,-3.65358352771938399e-03,-3.65358282607963639e-03,-5.31126704765094024e-07,-5.31126602766712334e-07,-5.31126602766712334e-07,-1.06225330753180636e-06,-1.06225320553342467e-06
1.65512500000000031e+01,1.65512500000000031e+01,6.04183974020088971e-02,-3.65038344503876289e-03,-3.65038274462707547e-03,-5.30196711046205598e-07,-5.30196609315530259e-07,-5.30196609315530365e-07,-1.06039332036173596e-06,-1.06039321863106052e-06
1.65585000000000022e+01,1.65585000000000022e+01,6.03919437147084487e-02,-3.64718756482496076e-03,-3.64718686564051344e-03,-5.29268751940090101e-07,-5.29268650476572447e-07,-5.29268650476572447e-07,-1.05853740241666255e-06,-1.05853730095314489e-06
1.65657500000000013e+01,1.65657500000000013e+01,6.03655131823189334e-02,-3.64399587972563666e-03,-3.64399518176472103e-03,-5.28342822107983358e-07,-5.28342720910657137e-07,-5.28342720910657243e-07,-1.05668554301864060e-06,-1.05668544182131449e-06
1.65730000000000004e+01,1.65730000000000004e+01,6.03391057744524228e-02,-3.64080838240266047e-03,-3.64080768566055766e-03,-5.27418916227187715e-07,-5.27418815294942467e-07,-5.27418815294942467e-07,-1.05483773152213018e-06,-1.05483763058988493e-06
1.65802499999999995e+01,1.65802499999999995e+01,6.03127214607741130e-02,-3.63762506552856024e-03,-3.63762437000492243e-03,-5.26497028990507492e-07,-5.26496928322867926e-07,-5.26496928322867820e-07,-1.05299395731337542e-06,-1.05299385664573564e-06
1.65874999999999986e+01,1.65874999999999986e+01,6.02863602110022684e-02,-3.63444592179895665e-03,-3.63444522749071727e-03,-5.25577155107999588e-07,-5.25577054704098446e-07,-5.25577054704098446e-07,-1.05115420981209793e-06,-1.05115410940819689e-06
1.65947500000000012e+01,1.65947500000000012e+01,6.02600219949080210e-02,-3.63127094392279304e-03,-3.63127025082679881e-03,-5.24659289305507264e-07,-5.24659189164466386e-07,-5.24659189164466386e-07,-1.04931847846997365e-06,-1.04931837832893277e-06
1.66020000000000003e+01,1.66020000000000003e+01,6.02337067823153841e-02,-3.62810012462322362e-03,-3.62809943273794625e-03,-5.23743426324739452e-07,-5.23743326445917635e-07,-5.23743326445917635e-07,-1.04748675277065719e-06,-1.04748665289183527e-06
1.66092500000000030e+01,1.66092500000000030e+01,6.02074145431009747e-02,-3.62493345664383071e-03,-3.62493276596480675e-03,-5.22829560924117891e-07,-5.22829461306451790e-07,-5.22829461306451790e-07,-1.04565902223056979e-06,-1.04565892261290358e-06
1.66165000000000020e+01,1.66165000000000020e+01,6.01811452471940483e-02,-3.62177093273796658e-03,-3.62177024326386680e-03,-5.21917687877189257e-07,-5.21917588520069537e-07,-5.21917588520069537e-07,-1.04383527639725879e-06,-1.04383517704013907e-06
1.66237500000000011e+01,1.66237500000000011e+01,6.01548988645762769e-02,-3.61861254567941160e-03,-3.61861185740740060e-03,-5.21007801974112449e-07,-5.21007702876714418e-07,-5.21007702876714418e-07,-1.04201550485082687e-06,-1.04201540575342884e-06
1.66310000000000002e+01,1.66310000000000002e+01,6.01286753652817002e-02,-3.61545828825615700e-03,-3.61545760118343450e-03,-5.20099898020712661e-07,-5.20099799182218509e-07,-5.20099799182218509e-07,-1.04019969720293117e-06,-1.04019959836443702e-06
1.66382499999999993e+01,1.66382499999999993e+01,6.01024747193965730e-02,-3.61230815327129307e-03,-3.61230746739570410e-03,-5.19193970838560481e-07,-5.19193872258246842e-07,-5.19193872258246842e-07,-1.03838784309680732e-06,-1.03838774451649368e-06
1.66454999999999984e+01,1.66454999999999984e+01,6.00762968970592684e-02,-3.60916213354567361e-03,-3.60916144886361343e-03,-5.18290015265305085e-07,-5.18289916942242234e-07,-5.18289916942242234e-07,-1.03657993220754721e-06,-1.03657983388448447e-06
1.66527500000000011e+01,1.66527500000000011e+01,6.00501418684601593e-02,-3.60602022191258698e-03,-3.60601953842219205e-03,-5.17388026153859712e-07,-5.17387928087369705e-07,-5.17387928087369705e-07,-1.03477595424122952e-06,-1.03477585617473941e-06
1.66600000000000001e+01,1.66600000000000001e+01,6.00240096038415355e-02,-3.60288241122308506e-03,-3.60288172892206078e-03,-5.16487998373119421e-07,-5.16487900562463858e-07,-5.16487900562463964e-07,-1.03297589893558338e-06,-1.03297580112492793e-06
1.66672500000000028e+01,1.66672500000000028e+01,5.99979000734974163e-02,-3.59974869434509515e-03,-3.59974801322938140e-03,-5.15589926807781940e-07,-5.15589829251971591e-07,-5.15589829251971591e-07,-1.03117975605975353e-06,-1.03117965850394318e-06
1.66745000000000019e+01,1.66745000000000019e+01,5.99718132477735366e-02,-3.59661906415631449e-03,-3.59661838422582585e-03,-5.14693806357283898e-07,-5.14693709055900329e-07,-5.14693709055900223e-07,-1.02938751541318412e-06,-1.02938741811180045e-06
1.66817500000000010e+01,1.66817500000000010e+01,5.99457490970671525e-02,-3.59349351355753299e-03,-3.59349283480852721e-03,-5.13799631937659007e-07,-5.13799534889761801e-07,-5.13799534889761801e-07,-1.02759916682742081e-06,-1.02759906977952360e-06
1.66890000000000001e+01,1.66890000000000001e+01,5.99197075918269512e-02,-3.59037203546108685e-03,-3.59037135789004461e-03,-5.12907398479836901e-07,-5.12907301684519520e-07,-5.12907301684519520e-07,-1.02581470016435653e-06,-1.02581460336903904e-06
1.66962499999999991e+01,1.66962499999999991e+01,5.98936887025529746e-02,-3.58725462279352314e-03,-3.58725394639832157e-03,-5.12017100929977501e-07,-5.12017004386535107e-07,-5.12017004386535107e-07,-1.02403410531651271e-06,-1.02403400877307021e-06
1.67034999999999982e+01,1.67034999999999982e+01,5.98676923997964530e-02,-3.58414126849826431e-03,-3.58414059327664611e-03,-5.11128734249804427e-07,-5.11128637957514291e-07,-5.11128637957514185e-07,-1.02225737220731861e-06,-1.02225727591502858e-06
1.67107500000000009e+01,1.67107500000000009e+01,5.98417186541597423e-02,-3.58103196553383185e-03,-3.58103129148361040e-03,-5.10242293416302507e-07,-5.10242197374453649e-07,-5.10242197374453649e-07,-1.02048449079075616e-06,-1.02048439474890730e-06
1.67180000000000000e+01,1.67180000000000000e+01,5.98157674362962063e-02,-3.57792670687473446e-03,-3.57792603399307392e-03,-5.09357773421798662e-07,-5.09357677629589260e-07,-5.09357677629589260e-07,-1.01871545105138792e-06,-1.01871535525917852e-06
1.67252500000000026e+01,1.67252500000000026e+01,5.97898387169100501e-02,-3.57482548551057988e-03,-3.57482481379411618e-03,-5.08475169273785940e-07,-5.08475073730340903e-07,-5.08475073730340903e-07,-1.01695024300412695e-06,-1.01695014746068181e-06
1.67325000000000017e+01,1.67325000000000017e+01,5.97639324667563060e-02,-3.57172829444341033e-03,-3.57172762389100854e-03,-5.07594475994499678e-07,-5.07594380699262505e-07,-5.07594380699262505e-07,-1.01518885669376218e-06,-1.01518876139852501e-06
1.67397500000000008e+01,1.67397500000000008e+01,5.97380486566406257e-02,-3.56863512669391980e-03,-3.56863445730316300e-03,-5.06715688621753949e-07,-5.06715593573987405e-07,-5.06715593573987299e-07,-1.01343128219574135e-06,-1.01343118714797460e-06
1.67469999999999999e+01,1.67469999999999999e+01,5.97121872574192386e-02,-3.56554597529790129e-03,-3.56554530706510060e-03,-5.05838802208389194e-07,-5.05838707407177317e-07,-5.05838707407177317e-07,-1.01167750961556640e-06,-1.01167741481435463e-06
1.67542499999999990e+01,1.67542499999999990e+01,5.96863482399988127e-02,-3.56246083330358232e-03,-3.56246016622640931e-03,-5.04963811821848802e-07,-5.04963717266470451e-07,-5.04963717266470345e-07,-1.00992752908831915e-06,-1.00992743453294090e-06
1.67615000000000016e+01,1.67615000000000016e+01,5.96605315753363299e-02,-3.55937969377517760e-03,-3.55937902785170325e-03,-5.04090712544636095e-07,-5.04090618234428254e-07,-5.04090618234428360e-07,-1.00818133077906446e-06,-1.00818123646885651e-06
1.67687500000000007e+01,1.67687500000000007e+01,5.96347372344390586e-02,-3.55630254979377725e-03,-3.55630188502059240e-03,-5.03219499474395531e-07,-5.03219405408487238e-07,-5.03219405408487132e-07,-1.00643890488288266e-06,-1.00643881081697448e-06
1.67760000000000034e+01,1.67760000000000034e+01,5.96089651883643171e-02,-3.55322939445201769e-03,-3.55322873082762917e-03,-5.02350167723109505e-07,-5.02350073900902756e-07,-5.02350073900902650e-07,-1.00470024162401215e-06,-1.00470014780180530e-06
1.67832500000000024e+01,1.67832500000000024e+01,5.95832154082194948e-02,-3.55016022086118710e-03,-3.55015955838228507e-03,-5.01482712418061005e-07,-5.01482618838702307e-07,-5.01482618838702307e-07,-1.00296533125676331e-06,-1.00296523767740461e-06
1.67905000000000015e+01,1.67905000000000015e+01,5.95574878651618442e-02,-3.54709502214411998e-03,-3.54709436080890032e-03,-5.00617128700781383e-07,-5.00617035363631757e-07,-5.00617035363631863e-07,-1.00123416406441314e-06,-1.00123407072726373e-06
1.67977500000000006e+01,1.67977500000000006e+01,5.95317825303984111e-02,-3.54403379144052622e-03,-3.54403313124664965e-03,-4.99753411727759112e-07,-4.99753318632105461e-07,-4.99753318632105461e-07,-9.99506730359864467e-07,-9.99506637264210922e-07
1.68049999999999997e+01,1.68049999999999997e+01,5.95060993751859585e-02,-3.54097652190432655e-03,-3.54097586284950671e-03,-4.98891556670017218e-07,-4.98891463815155659e-07,-4.98891463815155553e-07,-9.97783020485172665e-07,-9.97782927630311106e-07
1.68122499999999988e+01,1.68122499999999988e+01,5.94804383708308002e-02,-3.53792320670631710e-03,-3.53792254878620071e-03,-4.98031558713445006e-07,-4.98031466098381968e-07,-4.98031466098381968e-07,-9.96063024811827080e-07,-9.96062932196763936e-07
1.68195000000000014e+01,1.68195000000000014e+01,5.94547994886887171e-02,-3.53487383902706398e-03,-3.53487318224018042e-03,-4.97173413057751332e-07,-4.97173320681900986e-07,-4.97173320681900986e-07,-9.94346733739652424e-07,-9.94346641363801972e-07
1.68267500000000005e+01,1.68267500000000005e+01,5.94291827001649162e-02,-3.53182841206400866e-03,-3.53182775640958077e-03,-4.96317114917422285e-07,-4.96317022780297799e-07,-4.96317022780297905e-07,-9.92634137697720190e-07,-9.92634045560595810e-07
1.68340000000000032e+01,1.68340000000000032e+01,5.94035879767137801e-02,-3.52878691903324437e-03,-3.52878626450717431e-03,-4.95462659521924154e-07,-4.95462567622573252e-07,-4.95462567622573252e-07,-9.90925227144497300e-07,-9.90925135245146503e-07
1.68412500000000023e+01,1.68412500000000023e+01,5.93780152898389299e-02,-3.52574935315974614e-03,-3.52574869976034558e-03,-4.94610042114286873e-07,-4.94609950452097467e-07,-4.94609950452097467e-07,-9.89219992566384340e-07,-9.89219900904194934e-07
1.68485000000000014e+01,1.68485000000000014e+01,5.93524646110929685e-02,-3.52271570768714071e-03,-3.52271505541104342e-03,-4.93759257952431745e-07,-4.93759166526557967e-07,-4.93759166526557967e-07,-9.87518424478989712e-07,-9.87518333053115933e-07
1.68557500000000005e+01,1.68557500000000005e+01,5.93269359120774803e-02,-3.51968597586971299e-03,-3.51968532471574847e-03,-4.92910302308006453e-07,-4.92910211117911707e-07,-4.92910211117911813e-07,-9.85820513425918372e-07,-9.85820422235823414e-07
1.68629999999999995e+01,1.68629999999999995e+01,5.93014291644428648e-02,-3.51666015098039964e-03,-3.51665950094543498e-03,-4.92063170467461322e-07,-4.92063079512335739e-07,-4.92063079512335739e-07,-9.84126249979797167e-07,-9.84126159024671477e-07
1.68702499999999986e+01,1.68702499999999986e+01,5.92759443398882674e-02,-3.51363822630279543e-03,-3.51363757738553219e-03,-4.91217857730886449e-07,-4.91217767010178398e-07,-4.91217767010178292e-07,-9.82435624741064635e-07,-9.82435534020356796e-07
1.68775000000000013e+01,1.68775000000000013e+01,5.92504814101614541e-02,-3.51062019514003509e-03,-3.51061954733588796e-03,-4.90374359413210253e-07,-4.90374268925909966e-07,-4.90374268925909966e-07,-9.80748628339120219e-07,-9.80748537851819932e-07
1.68847500000000004e+01,1.68847500000000004e+01,5.92250403470587355e-02,-3.50760605080235877e-03,-3.50760540411073490e-03,-4.89532670842418802e-07,-4.89532580588076293e-07,-4.89532580588076399e-07,-9.79065251430495095e-07,-9.79065161176152586e-07
1.68920000000000030e+01,1.68920000000000030e+01,5.91996211224248073e-02,-3.50459578662132287e-03,-3.50459514103864528e-03,-4.88692787361497637e-07,-4.88692697339247555e-07,-4.88692697339247449e-07,-9.77385484700745085e-07,-9.77385394678494897e-07
1.68992500000000021e+01,1.68992500000000021e+01,5.91742237081527220e-02,-3.50158939593825380e-03,-3.50158875146250369e-03,-4.87854704326776452e-07,-4.87854614535972617e-07,-4.87854614535972617e-07,-9.75709318862749175e-07,-9.75709229071945234e-07
1.69065000000000012e+01,1.69065000000000012e+01,5.91488480761837090e-02,-3.49858687211046515e-03,-3.49858622873946154e-03,-4.87018417108754535e-07,-4.87018327548729485e-07,-4.87018327548729485e-07,-9.74036744657484126e-07,-9.74036655097458970e-07
1.69137500000000003e+01,1.69137500000000003e+01,5.91234941985071330e-02,-3.49558820850948138e-03,-3.49558756624090668e-03,-4.86183921091809490e-07,-4.86183831761878399e-07,-4.86183831761878293e-07,-9.72367752853687783e-07,-9.72367663523756798e-07
1.69209999999999994e+01,1.69209999999999994e+01,5.90981620471603339e-02,-3.49259339852103778e-03,-3.49259275735242219e-03,-4.85351211674155839e-07,-4.85351122573613870e-07,-4.85351122573613870e-07,-9.70702334247769710e-07,-9.70702245147227741e-07
1.69282499999999985e+01,1.69282499999999985e+01,5.90728515942285856e-02,-3.48960243554508054e-03,-3.48960179547375474e-03,-4.84520284267801190e-07,-4.84520195395917883e-07,-4.84520195395917883e-07,-9.69040479663719074e-07,-9.69040390791835766e-07
1.69355000000000011e+01,1.69355000000000011e+01,5.90475628118449364e-02,-3.48661531299487848e-03,-3.48661467401877295e-03,-4.83691134298382546e-07,-4.83691045654511720e-07,-4.83691045654511826e-07,-9.67382179952894371e-07,-9.67382091309023651e-07
1.69427500000000002e+01,1.69427500000000002e+01,5.90222956721901670e-02,-3.48363202429702312e-03,-3.48363138641543833e-03,-4.82863757205123739e-07,-4.82863668788810962e-07,-4.82863668788810962e-07,-9.65727425993934701e-07,-9.65727337577621923e-07
1.69500000000000028e+01,1.69500000000000028e+01,5.89970501474926176e-02,-3.48065256289764591e-03,-3.48065192610575846e-03,-4.82038148441654942e-07,-4.82038060251875303e-07,-4.82038060251875409e-07,-9.64076208693530351e-07,-9.64076120503750818e-07
1.69572500000000019e+01,1.69572500000000019e+01,5.89718262100281526e-02,-3.47767692224998370e-03,-3.47767628654576354e-03,-4.81214303474248398e-07,-4.81214215510366093e-07,-4.81214215510365987e-07,-9.62428518984614385e-07,-9.62428431020732186e-07
1.69645000000000010e+01,1.69645000000000010e+01,5.89466238321200084e-02,-3.47470509582237241e-03,-3.47470446120545871e-03,-4.80392217782884308e-07,-4.80392130044495514e-07,-4.80392130044495514e-07,-9.60784347827379927e-07,-9.60784260088991028e-07
1.69717500000000001e+01,1.69717500000000001e+01,5.89214429861387307e-02,-3.47173707710179968e-03,-3.47173644356879715e-03,-4.79571886861701346e-07,-4.79571799347984018e-07,-4.79571799347984018e-07,-9.59143686209685258e-07,-9.59143598695968036e-07
1.69789999999999992e+01,1.69789999999999992e+01,5.88962836445020357e-02,-3.46877285958591131e-03,-3.46877222713363803e-03,-4.78753306217848507e-07,-4.78753218928011622e-07,-4.78753218928011622e-07,-9.57506525145860129e-07,-9.57506437856023244e-07
1.69862499999999983e+01,1.69862499999999983e+01,5.88711457796747412e-02,-3.46581243678478756e-03,-3.46581180541171525e-03,-4.77936471371690829e-07,-4.77936384305173651e-07,-4.77936384305173651e-07,-9.55872855676864375e-07,-9.55872768610347303e-07
1.69935000000000009e+01,1.69935000000000009e+01,5.88460293641686477e-02,-3.46285580222449596e-03,-3.46285517192859889e-03,-4.77121377857259698e-07,-4.77121291013433623e-07,-4.77121291013433517e-07,-9.54242668870693215e-07,-9.54242582026867246e-07
1.70007500000000000e+01,1.70007500000000000e+01,5.88209343705424770e-02,-3.45990294944531485e-03,-3.45990232022366524e-03,-4.76308021221965648e-07,-4.76307934600079623e-07,-4.76307934600079623e-07,-9.52615955822045218e-07,-9.52615869200159245e-07
1.70079999999999991e+01,1.70079999999999991e+01,5.87958607714016979e-02,-3.45695387199995707e-03,-3.45695324385005302e-03,-4.75496397026313339e-07,-4.75496310625676502e-07,-4.75496310625676396e-07,-9.50992707651989735e-07,-9.50992621251352897e-07
1.70152500000000018e+01,1.70152500000000018e+01,5.87708085393984780e-02,-3.45400856345445817e-03,-3.45400793637463304e-03,-4.74686500843983980e-07,-4.74686414664021618e-07,-4.74686414664021618e-07,-9.49372915508005545e-07,-9.49372829328043237e-07
1.70225000000000009e+01,1.70225000000000009e+01,5.87457776472316007e-02,-3.45106701738995270e-03,-3.45106639137797606e-03,-4.73878328262040047e-07,-4.73878242302101429e-07,-4.73878242302101482e-07,-9.47756570564141581e-07,-9.47756484604202963e-07
1.70297499999999999e+01,1.70297499999999999e+01,5.87207680676463256e-02,-3.44812922740089789e-03,-3.44812860245431252e-03,-4.73071874880639094e-07,-4.73071789140043734e-07,-4.73071789140043840e-07,-9.46143664020682987e-07,-9.46143578280087574e-07
1.70370000000000026e+01,1.70370000000000026e+01,5.86957797734342784e-02,-3.44519518709507366e-03,-3.44519456321149692e-03,-4.72267136312995264e-07,-4.72267050791074376e-07,-4.72267050791074429e-07,-9.44534187104069693e-07,-9.44534101582148753e-07
1.70442500000000017e+01,1.70442500000000017e+01,5.86708127374334365e-02,-3.44226489009358261e-03,-3.44226426727098182e-03,-4.71464108185339743e-07,-4.71464022881473988e-07,-4.71464022881473988e-07,-9.42928131066813731e-07,-9.42928045762947976e-07
1.70515000000000008e+01,1.70515000000000008e+01,5.86458669325279278e-02,-3.43933833003173817e-03,-3.43933770826777277e-03,-4.70662786137001652e-07,-4.70662701050530926e-07,-4.70662701050530873e-07,-9.41325487187532472e-07,-9.41325402101061853e-07
1.70587499999999999e+01,1.70587499999999999e+01,5.86209423316479822e-02,-3.43641550055817646e-03,-3.43641487985039832e-03,-4.69863165820248012e-07,-4.69863080950498818e-07,-4.69863080950498871e-07,-9.39726246770746830e-07,-9.39726161900997637e-07
1.70660000000000025e+01,1.70660000000000025e+01,5.85960389077698277e-02,-3.43349639533485629e-03,-3.43349577568087538e-03,-4.69065242900243825e-07,-4.69065158246552196e-07,-4.69065158246552090e-07,-9.38130401146795914e-07,-9.38130316493104285e-07
1.70732500000000016e+01,1.70732500000000016e+01,5.85711566339156206e-02,-3.43058100803705912e-03,-3.43058038943467800e-03,-4.68269013055013430e-07,-4.68268928616743085e-07,-4.68268928616743138e-07,-9.36537941671756568e-07,-9.36537857233486170e-07
1.70805000000000007e+01,1.70805000000000007e+01,5.85462954831533003e-02,-3.42766933235250093e-03,-3.42766871480069653e-03,-4.67474471975280044e-07,-4.67474387751956326e-07,-4.67474387751956274e-07,-9.34948859727236265e-07,-9.34948775503912547e-07
1.70877499999999998e+01,1.70877499999999998e+01,5.85214554285965124e-02,-3.42476136198577308e-03,-3.42476074548120823e-03,-4.66681615365032636e-07,-4.66681531355866482e-07,-4.66681531355866535e-07,-9.33363146720899119e-07,-9.33363062711733070e-07
1.70950000000000024e+01,1.70950000000000024e+01,5.84966364434044983e-02,-3.42185709065212507e-03,-3.42185647519183903e-03,-4.65890438940638875e-07,-4.65890355144894318e-07,-4.65890355144894318e-07,-9.31780794085533193e-07,-9.31780710289788637e-07
1.71022500000000015e+01,1.71022500000000015e+01,5.84718385007820529e-02,-3.41895651207835272e-03,-3.41895589766153842e-03,-4.65100938430929246e-07,-4.65100854848164772e-07,-4.65100854848164772e-07,-9.30201793279094018e-07,-9.30201709696329544e-07
1.71095000000000006e+01,1.71095000000000006e+01,5.84470615739793656e-02,-3.41605962000812724e-03,-3.41605900663253517e-03,-4.64313109577883048e-07,-4.64313026207462058e-07,-4.64313026207462058e-07,-9.28626135785345159e-07,-9.28626052414924115e-07
1.71167499999999997e+01,1.71167499999999997e+01,5.84223056362919366e-02,-3.41316640819755435e-03,-3.41316579586030877e-03,-4.63526948135985702e-07,-4.63526864977188058e-07,-4.63526864977187952e-07,-9.27053813113173602e-07,-9.27053729954376010e-07
1.71240000000000023e+01,1.71240000000000023e+01,5.83975706610604939e-02,-3.41027687041517424e-03,-3.41027625911355338e-03,-4.62742449872190583e-07,-4.62742366924318489e-07,-4.62742366924318437e-07,-9.25484816796508967e-07,-9.25484733848636873e-07
1.71312500000000014e+01,1.71312500000000014e+01,5.83728566216709169e-02,-3.40739100044107346e-03,-3.40739039017415009e-03,-4.61959610565762002e-07,-4.61959527828362561e-07,-4.61959527828362614e-07,-9.23919138394124563e-07,-9.23919055656725122e-07
1.71385000000000005e+01,1.71385000000000005e+01,5.83481634915541045e-02,-3.40450879207221391e-03,-3.40450818283712705e-03,-4.61178426008958921e-07,-4.61178343481318189e-07,-4.61178343481318189e-07,-9.22356769490277110e-07,-9.22356686962636379e-07
1.71457499999999996e+01,1.71457499999999996e+01,5.83234912441858780e-02,-3.40163023911621565e-03,-3.40162963091062689e-03,-4.60398892006154407e-07,-4.60398809687630757e-07,-4.60398809687630704e-07,-9.20797701693785164e-07,-9.20797619375261515e-07
1.71530000000000022e+01,1.71530000000000022e+01,5.82988398530869187e-02,-3.39875533539402142e-03,-3.39875472821587555e-03,-4.59621004374159094e-07,-4.59620922264150657e-07,-4.59620922264150657e-07,-9.19241926638309699e-07,-9.19241844528301315e-07
1.71602500000000013e+01,1.71602500000000013e+01,5.82742092918226637e-02,-3.39588407473900844e-03,-3.39588346858715100e-03,-4.58844758942065173e-07,-4.58844677040093004e-07,-4.58844677040093057e-07,-9.17689435982158230e-07,-9.17689354080186114e-07
1.71675000000000004e+01,1.71675000000000004e+01,5.82495995340032019e-02,-3.39301645100054117e-03,-3.39301584587174600e-03,-4.58070151551687266e-07,-4.58070069856993800e-07,-4.58070069856993800e-07,-9.16140221408681013e-07,-9.16140139713987601e-07
1.71747499999999995e+01,1.71747499999999995e+01,5.82250105532831630e-02,-3.39015245803775400e-03,-3.39015185392993598e-03,-4.57297178056685806e-07,-4.57297096568669015e-07,-4.57297096568668962e-07,-9.14594274625354769e-07,-9.14594193137338030e-07
1.71820000000000022e+01,1.71820000000000022e+01,5.82004423233616480e-02,-3.38729208972310403e-03,-3.38729148663494605e-03,-4.56525834323010457e-07,-4.56525753041173132e-07,-4.56525753041173185e-07,-9.13051587364183642e-07,-9.13051506082346264e-07
1.71892500000000013e+01,1.71892500000000013e+01,5.81758948179821669e-02,-3.38443533994503554e-03,-3.38443473787292419e-03,-4.55756116229222778e-07,-4.55756035152759602e-07,-4.55756035152759602e-07,-9.11512151381982433e-07,-9.11512070305519204e-07
1.71965000000000003e+01,1.71965000000000003e+01,5.81513680109324582e-02,-3.38158220259998643e-03,-3.38158160154289865e-03,-4.54988019665380631e-07,-4.54987938793836589e-07,-4.54987938793836536e-07,-9.09975958459217220e-07,-9.09975877587673178e-07
1.72037499999999994e+01,1.72037499999999994e+01,5.81268618760444680e-02,-3.37873267160215818e-03,-3.37873207155675202e-03,-4.54221540534318946e-07,-4.54221459866928162e-07,-4.54221459866928162e-07,-9.08443000401247108e-07,-9.08442919733856324e-07
1.72110000000000021e+01,1.72110000000000021e+01,5.81023763871942323e-02,-3.37588674087374585e-03,-3.37588614183918561e-03,-4.53456674750297752e-07,-4.53456594286632738e-07,-4.53456594286632791e-07,-9.06913269036930543e-07,-9.06913188573265476e-07
1.72182500000000012e+01,1.72182500000000012e+01,5.80779115183018002e-02,-3.37304440435381991e-03,-3.37304380632769260e-03,-4.52693418240161075e-07,-4.52693337979583592e-07,-4.52693337979583645e-07,-9.05386756219744773e-07,-9.05386675959167290e-07
1.72255000000000003e+01,1.72255000000000003e+01,5.80534672433311097e-02,-3.37020565599210897e-03,-3.37020505897251809e-03,-4.51931766942464124e-07,-4.51931686884406502e-07,-4.51931686884406502e-07,-9.03863453826870626e-07,-9.03863373768813003e-07
1.72327499999999993e+01,1.72327499999999993e+01,5.80290435362899176e-02,-3.36737048975255249e-03,-3.36736989373663054e-03,-4.51171716807914809e-07,-4.51171636951680521e-07,-4.51171636951680521e-07,-9.02343353759595277e-07,-9.02343273903361042e-07
1.72400000000000020e+01,1.72400000000000020e+01,5.80046403712296890e-02,-3.36453889960974806e-03,-3.36453830459568920e-03,-4.50413263798861071e-07,-4.50413184143897269e-07,-4.50413184143897322e-07,-9.00826447942758393e-07,-9.00826368287794539e-07
1.72472500000000011e+01,1.72472500000000011e+01,5.79802577222455692e-02,-3.36171087955161596e-03,-3.36171028553801723e-03,-4.49656403889613657e-07,-4.49656324435422551e-07,-4.49656324435422604e-07,-8.99312728325036208e-07,-8.99312648870845103e-07
1.72545000000000002e+01,1.72545000000000002e+01,5.79558955634761966e-02,-3.35888642358073142e-03,-3.35888583056455966e-03,-4.48901133066586885e-07,-4.48901053812453897e-07,-4.48901053812453844e-07,-8.97802186879040729e-07,-8.97802107624907688e-07
1.72617499999999993e+01,1.72617499999999993e+01,5.79315538691036538e-02,-3.35606552570988370e-03,-3.35606493368885862e-03,-4.48147447327669669e-07,-4.48147368272982236e-07,-4.48147368272982236e-07,-8.96294815600651958e-07,-8.96294736545964471e-07
1.72690000000000019e+01,1.72690000000000019e+01,5.79072326133533988e-02,-3.35324817996340840e-03,-3.35324758893701955e-03,-4.47395342682369041e-07,-4.47395263826752138e-07,-4.47395263826752191e-07,-8.94790606509121232e-07,-8.94790527653504275e-07
1.72762500000000010e+01,1.72762500000000010e+01,5.78829317704941740e-02,-3.35043438038296060e-03,-3.35043379034768388e-03,-4.46644815152545953e-07,-4.46644736495223592e-07,-4.46644736495223539e-07,-8.93289551647769492e-07,-8.93289472990447183e-07
1.72835000000000001e+01,1.72835000000000001e+01,5.78586513148378542e-02,-3.34762412101818896e-03,-3.34762353197198782e-03,-4.45895860771133825e-07,-4.45895782311529865e-07,-4.45895782311529812e-07,-8.91791643082663584e-07,-8.91791564623059624e-07
1.72907499999999992e+01,1.72907499999999992e+01,5.78343912207394187e-02,-3.34481739593295302e-03,-3.34481680787354066e-03,-4.45148475582934863e-07,-4.45148397320440976e-07,-4.45148397320440923e-07,-8.90296872903375733e-07,-8.90296794640881845e-07
1.72980000000000018e+01,1.72980000000000018e+01,5.78101514625968260e-02,-3.34201419920265863e-03,-3.34201361212838575e-03,-4.44402655644228886e-07,-4.44402577578322981e-07,-4.44402577578322981e-07,-8.88805233222551867e-07,-8.88805155156645962e-07
1.73052500000000009e+01,1.73052500000000009e+01,5.77859320148509797e-02,-3.33921452491514614e-03,-3.33921393882497973e-03,-4.43658397022858506e-07,-4.43658319153101451e-07,-4.43658319153101451e-07,-8.87316716175959904e-07,-8.87316638306202901e-07
1.73125000000000000e+01,1.73125000000000000e+01,5.77617328519855616e-02,-3.33641836717291085e-03,-3.33641778206414776e-03,-4.42915695798487847e-07,-4.42915618124219696e-07,-4.42915618124219748e-07,-8.85831313922707543e-07,-8.85831236248439497e-07
1.73197499999999991e+01,1.73197499999999991e+01,5.77375539485269762e-02,-3.33362572008910618e-03,-3.33362513595906280e-03,-4.42174548062037622e-07,-4.42174470582602453e-07,-4.42174470582602453e-07,-8.84349018644640022e-07,-8.84348941165204907e-07
1.73270000000000017e+01,1.73270000000000017e+01,5.77133952790442606e-02,-3.33083657778887599e-03,-3.33083599463520827e-03,-4.41434949915827807e-07,-4.41434872630616076e-07,-4.41434872630616129e-07,-8.82869822546443884e-07,-8.82869745261232259e-07
1.73342500000000008e+01,1.73342500000000008e+01,5.76892568181490359e-02,-3.32805093440891042e-03,-3.32805035223035506e-03,-4.40696897473485795e-07,-4.40696820382032533e-07,-4.40696820382032480e-07,-8.81393717855518222e-07,-8.81393640764064960e-07
1.73414999999999999e+01,1.73414999999999999e+01,5.76651385404953407e-02,-3.32526878409877824e-03,-3.32526820289452121e-03,-4.39960386860087526e-07,-4.39960309961988010e-07,-4.39960309961988063e-07,-8.79920696822075589e-07,-8.79920619923976126e-07
1.73487500000000026e+01,1.73487500000000026e+01,5.76410404207795893e-02,-3.32249012102403540e-03,-3.32248954078994633e-03,-4.39225414212535373e-07,-4.39225337506947441e-07,-4.39225337506947441e-07,-8.78450751719482814e-07,-8.78450675013894882e-07
1.73560000000000016e+01,1.73560000000000016e+01,5.76169624337404887e-02,-3.31971493935645512e-03,-3.31971436009106252e-03,-4.38491975678231743e-07,-4.38491899164666233e-07,-4.38491899164666180e-07,-8.76983874842897924e-07,-8.76983798329332467e-07
1.73632500000000007e+01,1.73632500000000007e+01,5.75929045541589274e-02,-3.31694323328290963e-03,-3.31694265498446014e-03,-4.37760067416219869e-07,-4.37759991094151515e-07,-4.37759991094151568e-07,-8.75520058510371490e-07,-8.75519982188303029e-07
1.73704999999999998e+01,1.73704999999999998e+01,5.75688667568578921e-02,-3.31417499700226159e-03,-3.31417441966885785e-03,-4.37029685596740176e-07,-4.37029609465625765e-07,-4.37029609465625765e-07,-8.74059295062365941e-07,-8.74059218931251529e-07
1.73777500000000025e+01,1.73777500000000025e+01,5.75448490167023846e-02,-3.31141022472625224e-03,-3.31140964835507359e-03,-4.36300826401312552e-07,-4.36300750460488433e-07,-4.36300750460488433e-07,-8.72601576861800984e-07,-8.72601500920976866e-07
1.73850000000000016e+01,1.73850000000000016e+01,5.75208513085993592e-02,-3.30864891067550460e-03,-3.30864833526599679e-03,-4.35573486022177832e-07,-4.35573410271280099e-07,-4.35573410271280099e-07,-8.71146896293457931e-07,-8.71146820542560199e-07
1.73922500000000007e+01,1.73922500000000007e+01,5.74968736074975909e-02,-3.30589104908707299e-03,-3.30589047463655285e-03,-4.34847660663258232e-07,-4.34847585101643829e-07,-4.34847585101643829e-07,-8.69695245764902007e-07,-8.69695170203287657e-07
1.73994999999999997e+01,1.73994999999999997e+01,5.74729158883875990e-02,-3.30313663420778170e-03,-3.30313606071367576e-03,-4.34123346539247260e-07,-4.34123271166288747e-07,-4.34123271166288747e-07,-8.68246617705536007e-07,-8.68246542332577493e-07
1.74067500000000024e+01,1.74067500000000024e+01,5.74489781263015711e-02,-3.30038566029600133e-03,-3.30038508775627650e-03,-4.33400539875810574e-07,-4.33400464690953037e-07,-4.33400464690952984e-07,-8.66801004566763557e-07,-8.66800929381905968e-07
1.74140000000000015e+01,1.74140000000000015e+01,5.74250602963133072e-02,-3.29763812162209291e-03,-3.29763755003521872e-03,-4.32679236909612868e-07,-4.32679161912368365e-07,-4.32679161912368312e-07,-8.65358398821981180e-07,-8.65358323824736624e-07
1.74212500000000006e+01,1.74212500000000006e+01,5.74011623735380602e-02,-3.29489401246885194e-03,-3.29489344183328146e-03,-4.31959433888341969e-07,-4.31959359078221496e-07,-4.31959359078221549e-07,-8.63918792966563571e-07,-8.63918718156442993e-07
1.74284999999999997e+01,1.74284999999999997e+01,5.73772843331325152e-02,-3.29215332713150843e-03,-3.29215275744513397e-03,-4.31241127070676906e-07,-4.31241052447119093e-07,-4.31241052447118987e-07,-8.62482179517795947e-07,-8.62482104894238080e-07
1.74357500000000023e+01,1.74357500000000023e+01,5.73534261502946438e-02,-3.28941605991728281e-03,-3.28941549117730148e-03,-4.30524312726196648e-07,-4.30524238288550231e-07,-4.30524238288550231e-07,-8.61048551014746879e-07,-8.61048476577100463e-07
1.74430000000000014e+01,1.74430000000000014e+01,5.73295878002637108e-02,-3.28668220514272136e-03,-3.28668163734814568e-03,-4.29808987135000310e-07,-4.29808912882852891e-07,-4.29808912882852891e-07,-8.59617900017853254e-07,-8.59617825765705782e-07
1.74502500000000005e+01,1.74502500000000005e+01,5.73057692583200801e-02,-3.28395175713946941e-03,-3.28395119028782262e-03,-4.29095146588428884e-07,-4.29095072521174411e-07,-4.29095072521174358e-07,-8.58190219109603189e-07,-8.58190145042348716e-07
1.74574999999999996e+01,1.74574999999999996e+01,5.72819704997851939e-02,-3.28122471024894224e-03,-3.28122414433826108e-03,-4.28382787388337051e-07,-4.28382713505437712e-07,-4.28382713505437764e-07,-8.56765500893774763e-07,-8.56765427010875529e-07
1.74647500000000022e+01,1.74647500000000022e+01,5.72581915000214617e-02,-3.27850105882498966e-03,-3.27850049385313000e-03,-4.27671905847409499e-07,-4.27671832148305032e-07,-4.27671832148305138e-07,-8.55343737995714584e-07,-8.55343664296610171e-07
1.74720000000000013e+01,1.74720000000000013e+01,5.72344322344322323e-02,-3.27578079723211957e-03,-3.27578023319781506e-03,-4.26962498288897384e-07,-4.26962424773143257e-07,-4.26962424773143204e-07,-8.53924923062040588e-07,-8.53924849546286514e-07
1.74792500000000004e+01,1.74792500000000004e+01,5.72106926784615999e-02,-3.27306391984860667e-03,-3.27306335674937970e-03,-4.26254561046991505e-07,-4.26254487713986219e-07,-4.26254487713986219e-07,-8.52509048760977672e-07,-8.52508975427972439e-07
1.74864999999999995e+01,1.74864999999999995e+01,5.71869728075944314e-02,-3.27035042106205154e-03,-3.27034985889654512e-03,-4.25548090466212230e-07,-4.25548017315501458e-07,-4.25548017315501511e-07,-8.51096107781713741e-07,-8.51096034631002916e-07
1.74937500000000021e+01,1.74937500000000021e+01,5.71632725973561934e-02,-3.26764029527426558e-03,-3.26763973403965341e-03,-4.24843082902014062e-07,-4.24843009932953423e-07,-4.24843009932953475e-07,-8.49686092834967537e-07,-8.49686019865906845e-07
1.75010000000000012e+01,1.75010000000000012e+01,5.71395920233129517e-02,-3.26493353689594201e-03,-3.26493297659064896e-03,-4.24139534720061427e-07,-4.24139461932170441e-07,-4.24139461932170494e-07,-8.48278996652231920e-07,-8.48278923864340882e-07
1.75082500000000003e+01,1.75082500000000003e+01,5.71159310610712054e-02,-3.26223014035065262e-03,-3.26222958097303851e-03,-4.23437442296716300e-07,-4.23437369689507130e-07,-4.23437369689507183e-07,-8.46874811986223430e-07,-8.46874739379014260e-07
1.75154999999999994e+01,1.75154999999999994e+01,5.70922896862778723e-02,-3.25953010007395960e-03,-3.25952954162187078e-03,-4.22736802018892466e-07,-4.22736729591811629e-07,-4.22736729591811523e-07,-8.45473531610703989e-07,-8.45473459183623151e-07
1.75227500000000020e+01,1.75227500000000020e+01,5.70686678746201298e-02,-3.25683341051297148e-03,-3.25683285298369960e-03,-4.22037610283965888e-07,-4.22037538036389173e-07,-4.22037538036389120e-07,-8.44075148320355008e-07,-8.44075076072778239e-07
1.75300000000000011e+01,1.75300000000000011e+01,5.70450656018254357e-02,-3.25414006612323448e-03,-3.25413950951656790e-03,-4.21339863499342141e-07,-4.21339791430970068e-07,-4.21339791430969962e-07,-8.42679654930312050e-07,-8.42679582861940031e-07
1.75372500000000002e+01,1.75372500000000002e+01,5.70214828436613475e-02,-3.25145006137672610e-03,-3.25144950568996560e-03,-4.20643558083460356e-07,-4.20643486193672157e-07,-4.20643486193672210e-07,-8.41287044277132566e-07,-8.41286972387344420e-07
1.75444999999999993e+01,1.75444999999999993e+01,5.69979195759354809e-02,-3.24876339075386156e-03,-3.24876283598480925e-03,-4.19948690464727655e-07,-4.19948618752968788e-07,-4.19948618752968735e-07,-8.39897309217696443e-07,-8.39897237505937471e-07
1.75517500000000020e+01,1.75517500000000020e+01,5.69743757744954130e-02,-3.24608004874615830e-03,-3.24607949489340991e-03,-4.19255257081833451e-07,-4.19255185547652872e-07,-4.19255185547652872e-07,-8.38510442629486376e-07,-8.38510371095305743e-07
1.75590000000000011e+01,1.75590000000000011e+01,5.69508514152286538e-02,-3.24340002985801235e-03,-3.24339947691945152e-03,-4.18563254383949456e-07,-4.18563183026805274e-07,-4.18563183026805274e-07,-8.37126437410754729e-07,-8.37126366053610547e-07
1.75662500000000001e+01,1.75662500000000001e+01,5.69273464740624804e-02,-3.24072332860447787e-03,-3.24072277657795355e-03,-4.17872678830411086e-07,-4.17872607649758130e-07,-4.17872607649758130e-07,-8.35745286480169269e-07,-8.35745215299516259e-07
1.75734999999999992e+01,1.75734999999999992e+01,5.69038609269638951e-02,-3.23804993951126718e-03,-3.23804938839524848e-03,-4.17183526890688297e-07,-4.17183455886062446e-07,-4.17183455886062446e-07,-8.34366982776750690e-07,-8.34366911772124891e-07
1.75807500000000019e+01,1.75807500000000019e+01,5.68803947499395557e-02,-3.23537985711652709e-03,-3.23537930690895141e-03,-4.16495795044584423e-07,-4.16495724215454057e-07,-4.16495724215454057e-07,-8.32991519260038428e-07,-8.32991448430908115e-07
1.75880000000000010e+01,1.75880000000000010e+01,5.68569479190356997e-02,-3.23271307596817437e-03,-3.23271252666793799e-03,-4.15809479781863164e-07,-4.15809409127821179e-07,-4.15809409127821232e-07,-8.31618888909684395e-07,-8.31618818255642463e-07
1.75952500000000001e+01,1.75952500000000001e+01,5.68335204103380190e-02,-3.23004959062789254e-03,-3.23004904223230796e-03,-4.15124577602732559e-07,-4.15124507123168985e-07,-4.15124507123168932e-07,-8.30249084725901491e-07,-8.30249014246337970e-07
1.76024999999999991e+01,1.76024999999999991e+01,5.68101121999715977e-02,-3.22738939566624694e-03,-3.22738884817336171e-03,-4.14441085017186632e-07,-4.14441014711587373e-07,-4.14441014711587373e-07,-8.28882099728774004e-07,-8.28882029423174745e-07
1.76097500000000018e+01,1.76097500000000018e+01,5.67867232641008496e-02,-3.22473248566579329e-03,-3.22473193907357259e-03,-4.13758998545376389e-07,-4.13758928413217873e-07,-4.13758928413217820e-07,-8.27517926958594209e-07,-8.27517856826435746e-07
1.76170000000000009e+01,1.76170000000000009e+01,5.67633535789294416e-02,-3.22207885521974546e-03,-3.22207830952656168e-03,-4.13078314717408970e-07,-4.13078244758220881e-07,-4.13078244758220881e-07,-8.26156559475629851e-07,-8.26156489516441762e-07
1.76242500000000000e+01,1.76242500000000000e+01,5.67400031207001693e-02,-3.21942849893197547e-03,-3.21942795413706490e-03,-4.12399030073317890e-07,-4.12398960286741563e-07,-4.12398960286741616e-07,-8.24797990360059560e-07,-8.24797920573483233e-07
1.76315000000000026e+01,1.76315000000000026e+01,5.67166718656949148e-02,-3.21678141142056617e-03,-3.21678086752090909e-03,-4.11721141163488840e-07,-4.11721071548877566e-07,-4.11721071548877619e-07,-8.23442212712366406e-07,-8.23442143097755131e-07
1.76387500000000017e+01,1.76387500000000017e+01,5.66933597902345640e-02,-3.21413758731203814e-03,-3.21413704430498519e-03,-4.11044644547891527e-07,-4.11044575104647406e-07,-4.11044575104647459e-07,-8.22089219652539039e-07,-8.22089150209294812e-07
1.76460000000000008e+01,1.76460000000000008e+01,5.66700668706789021e-02,-3.21149702124134961e-03,-3.21149647912721868e-03,-4.10369536796050404e-07,-4.10369467523956013e-07,-4.10369467523955960e-07,-8.20739004320006364e-07,-8.20738935047911920e-07
1.76532499999999999e+01,1.76532499999999999e+01,5.66467930834265651e-02,-3.20885970786033425e-03,-3.20885916663654364e-03,-4.09695814488095303e-07,-4.09695745386563331e-07,-4.09695745386563384e-07,-8.19391559874658633e-07,-8.19391490773126767e-07
1.76605000000000025e+01,1.76605000000000025e+01,5.66235384049149151e-02,-3.20622564182926340e-03,-3.20622510149287448e-03,-4.09023474213652780e-07,-4.09023405282051657e-07,-4.09023405282051657e-07,-8.18046879495704384e-07,-8.18046810564103315e-07
1.76677500000000016e+01,1.76677500000000016e+01,5.66003028116200402e-02,-3.20359481781729016e-03,-3.20359427836708344e-03,-4.08352512571875810e-07,-4.08352443809794515e-07,-4.08352443809794409e-07,-8.16704956381670219e-07,-8.16704887619588924e-07
1.76750000000000007e+01,1.76750000000000007e+01,5.65770862800565738e-02,-3.20096723050644627e-03,-3.20096669194096586e-03,-4.07682926171924112e-07,-4.07682857578922293e-07,-4.07682857578922346e-07,-8.15365783750846457e-07,-8.15365715157844691e-07
1.76822499999999998e+01,1.76822499999999998e+01,5.65538887867777021e-02,-3.19834287458986566e-03,-3.19834233690722072e-03,-4.07014711632709609e-07,-4.07014643208292546e-07,-4.07014643208292546e-07,-8.14029354841002208e-07,-8.14029286416585092e-07
1.76895000000000024e+01,1.76895000000000024e+01,5.65307103083750179e-02,-3.19572174477134041e-03,-3.19572120796941762e-03,-4.06347865582810515e-07,-4.06347797326456277e-07,-4.06347797326456171e-07,-8.12695662909266686e-07,-8.12695594652912448e-07
1.76967500000000015e+01,1.76967500000000015e+01,5.65075508214785138e-02,-3.19310383576487666e-03,-3.19310329984197729e-03,-4.05682384660387738e-07,-4.05682316571628020e-07,-4.05682316571627967e-07,-8.11364701232015705e-07,-8.11364633143256041e-07
1.77040000000000006e+01,1.77040000000000006e+01,5.64844103027564368e-02,-3.19048914229513869e-03,-3.19048860725013733e-03,-4.05018265513212249e-07,-4.05018197591652653e-07,-4.05018197591652706e-07,-8.10036463104864903e-07,-8.10036395183305413e-07
1.77112499999999997e+01,1.77112499999999997e+01,5.64612887289152390e-02,-3.18787765909966936e-03,-3.18787712492993097e-03,-4.04355504798919092e-07,-4.04355437043974477e-07,-4.04355437043974477e-07,-8.08710941842893569e-07,-8.08710874087948954e-07
1.77185000000000024e+01,1.77185000000000024e+01,5.64381860766994883e-02,-3.18526938092444922e-03,-3.18526884762815581e-03,-4.03694099184415408e-07,-4.03694031595605453e-07,-4.03694031595605505e-07,-8.07388130780020913e-07,-8.07388063191211011e-07
1.77257500000000014e+01,1.77257500000000014e+01,5.64151023228918330e-02,-3.18266430252611698e-03,-3.18266377010235565e-03,-4.03034045346135394e-07,-4.03033977923095451e-07,-4.03033977923095451e-07,-8.06068023269230844e-07,-8.06067955846190901e-07
1.77330000000000005e+01,1.77330000000000005e+01,5.63920374443128633e-02,-3.18006241867463402e-03,-3.18006188712078404e-03,-4.02375339970348623e-07,-4.02375272712498634e-07,-4.02375272712498528e-07,-8.04750612682847151e-07,-8.04750545424997161e-07
1.77402499999999996e+01,1.77402499999999996e+01,5.63689914178210558e-02,-3.17746372414839939e-03,-3.17746319346238386e-03,-4.01717979752514130e-07,-4.01717912659344074e-07,-4.01717912659344127e-07,-8.03435892411858310e-07,-8.03435825318688148e-07
1.77475000000000023e+01,1.77475000000000023e+01,5.63459642203127109e-02,-3.17486821373602623e-03,-3.17486768391676052e-03,-4.01061961397477978e-07,-4.01061894468604204e-07,-4.01061894468604204e-07,-8.02123855866082235e-07,-8.02123788937208407e-07
1.77547500000000014e+01,1.77547500000000014e+01,5.63229558287218837e-02,-3.17227588223811807e-03,-3.17227535328415671e-03,-4.00407281619670782e-07,-4.00407214854664954e-07,-4.00407214854664954e-07,-8.00814496474335790e-07,-8.00814429709329909e-07
1.77620000000000005e+01,1.77620000000000005e+01,5.62999662200202658e-02,-3.16968672446638067e-03,-3.16968619637542299e-03,-3.99753937142966513e-07,-3.99753870541293254e-07,-3.99753870541293201e-07,-7.99507807684259661e-07,-7.99507741082586508e-07
1.77692499999999995e+01,1.77692499999999995e+01,5.62769953712171297e-02,-3.16710073524140157e-03,-3.16710020801199430e-03,-3.99101924700375980e-07,-3.99101858261607909e-07,-3.99101858261607962e-07,-7.98203782961983996e-07,-7.98203716523215819e-07
1.77765000000000022e+01,1.77765000000000022e+01,5.62540432593592599e-02,-3.16451790939575872e-03,-3.16451738302586313e-03,-3.98451241034411428e-07,-3.98451174758048266e-07,-3.98451174758048161e-07,-7.96902415792459588e-07,-7.96902349516096427e-07
1.77837500000000013e+01,1.77837500000000013e+01,5.62311098615308896e-02,-3.16193824177135596e-03,-3.16193771625955652e-03,-3.97801882896723791e-07,-3.97801816782344828e-07,-3.97801816782344881e-07,-7.95603699679068671e-07,-7.95603633564689761e-07
1.77910000000000004e+01,1.77910000000000004e+01,5.62081951548535769e-02,-3.15936172722208752e-03,-3.15936120256610524e-03,-3.97153847048411121e-07,-3.97153781095487808e-07,-3.97153781095487808e-07,-7.94307628143898929e-07,-7.94307562190975616e-07
1.77982499999999995e+01,1.77982499999999995e+01,5.61852991164861759e-02,-3.15678836061072943e-03,-3.15678783680902212e-03,-3.96507130259599941e-07,-3.96507064467697539e-07,-3.96507064467697539e-07,-7.93014194727297533e-07,-7.93014128935395078e-07
1.78055000000000021e+01,1.78055000000000021e+01,5.61624217236247128e-02,-3.15421813681160401e-03,-3.15421761386227304e-03,-3.95861729309754361e-07,-3.95861663678394190e-07,-3.95861663678394190e-07,-7.91723392988148551e-07,-7.91723327356788379e-07
1.78127500000000012e+01,1.78127500000000012e+01,5.61395629535024060e-02,-3.15165105070791540e-03,-3.15165052861025950e-03,-3.95217640987314445e-07,-3.95217575516169125e-07,-3.95217575516169073e-07,-7.90435216503483517e-07,-7.90435151032338251e-07
1.78200000000000003e+01,1.78200000000000003e+01,5.61167227833894514e-02,-3.14908709719707858e-03,-3.14908657594778051e-03,-3.94574862090337573e-07,-3.94574796778752509e-07,-3.94574796778752509e-07,-7.89149658869090028e-07,-7.89149593557505017e-07
1.78272499999999994e+01,1.78272499999999994e+01,5.60939011905930568e-02,-3.14652627118139350e-03,-3.14652575078001699e-03,-3.93933389425303335e-07,-3.93933324272986035e-07,-3.93933324272986088e-07,-7.87866713698289476e-07,-7.87866648545972070e-07
1.78345000000000020e+01,1.78345000000000020e+01,5.60710981524573104e-02,-3.14396856757914733e-03,-3.14396804802250136e-03,-3.93293219808477622e-07,-3.93293154814791541e-07,-3.93293154814791594e-07,-7.86586374623269216e-07,-7.86586309629583082e-07
1.78417500000000011e+01,1.78417500000000011e+01,5.60483136463631598e-02,-3.14141398131306815e-03,-3.14141346260109894e-03,-3.92654350064441276e-07,-3.92654285229143421e-07,-3.92654285229143421e-07,-7.85308635293584697e-07,-7.85308570458286842e-07
1.78490000000000002e+01,1.78490000000000002e+01,5.60255476497282731e-02,-3.13886250732142713e-03,-3.13886198945197321e-03,-3.92016777027452650e-07,-3.92016712350037236e-07,-3.92016712350037288e-07,-7.84033489377489938e-07,-7.84033424700074577e-07
1.78562499999999993e+01,1.78562499999999993e+01,5.60028001400070044e-02,-3.13631414055048907e-03,-3.13631362352156853e-03,-3.91380497540476693e-07,-3.91380433020461441e-07,-3.91380433020461441e-07,-7.82760930560938134e-07,-7.82760866040922882e-07
1.78635000000000019e+01,1.78635000000000019e+01,5.59800710946902827e-02,-3.13376887595717690e-03,-3.13376835976657839e-03,-3.90745508455492800e-07,-3.90745444092367850e-07,-3.90745444092367850e-07,-7.81490952547860650e-07,-7.81490888184735699e-07
1.78707500000000010e+01,1.78707500000000010e+01,5.59573604913056188e-02,-3.13122670850685125e-03,-3.13122619315393119e-03,-3.90111806633191940e-07,-3.90111742426643676e-07,-3.90111742426643676e-07,-7.80223549059835616e-07,-7.80223484853287352e-07
1.78780000000000001e+01,1.78780000000000001e+01,5.59346683074169390e-02,-3.12868763317863952e-03,-3.12868711866075289e-03,-3.89479388943614471e-07,-3.89479324893080994e-07,-3.89479324893080941e-07,-7.78958713836695464e-07,-7.78958649786161882e-07
1.78852499999999992e+01,1.78852499999999992e+01,5.59119945206245361e-02,-3.12615164495833042e-03,-3.12615113127434835e-03,-3.88848252265239265e-07,-3.88848188370348251e-07,-3.88848188370348251e-07,-7.77696440635587463e-07,-7.77696376740696502e-07
1.78925000000000018e+01,1.78925000000000018e+01,5.58893391085650351e-02,-3.12361873884370311e-03,-3.12361822599217711e-03,-3.88218393485621841e-07,-3.88218329745962162e-07,-3.88218329745962109e-07,-7.76436723231583897e-07,-7.76436659491924324e-07
1.78997500000000009e+01,1.78997500000000009e+01,5.58667020489112959e-02,-3.12108890984363896e-03,-3.12108839782182946e-03,-3.87589809501258309e-07,-3.87589745916259170e-07,-3.87589745916259170e-07,-7.75179555417517426e-07,-7.75179491832518340e-07
1.79070000000000000e+01,1.79070000000000000e+01,5.58440833193723091e-02,-3.11856215297368067e-03,-3.11856164178099656e-03,-3.86962497217007112e-07,-3.86962433786365698e-07,-3.86962433786365698e-07,-7.73924931003372810e-07,-7.73924867572731396e-07
1.79142499999999991e+01,1.79142499999999991e+01,5.58214828976931823e-02,-3.11603846326313771e-03,-3.11603795289745224e-03,-3.86336453546947228e-07,-3.86336390270170884e-07,-3.86336390270170884e-07,-7.72672843817118165e-07,-7.72672780540341768e-07
1.79215000000000018e+01,1.79215000000000018e+01,5.57989007616549876e-02,-3.11351783574975727e-03,-3.11351732620902171e-03,-3.85711675413690381e-07,-3.85711612290297092e-07,-3.85711612290297092e-07,-7.71423287703987526e-07,-7.71423224580594185e-07
1.79287500000000009e+01,1.79287500000000009e+01,5.57763368890748096e-02,-3.11100026548016828e-03,-3.11099975676356732e-03,-3.85088159748412168e-07,-3.85088096778073710e-07,-3.85088096778073763e-07,-7.70176256526485931e-07,-7.70176193556147420e-07
1.79359999999999999e+01,1.79359999999999999e+01,5.57537912578055309e-02,-3.10848574751343421e-03,-3.10848523961895253e-03,-3.84465903491266313e-07,-3.84465840673506600e-07,-3.84465840673506547e-07,-7.68931744164772807e-07,-7.68931681347013094e-07
1.79432500000000026e+01,1.79432500000000026e+01,5.57312638457358525e-02,-3.10597427691705619e-03,-3.10597376984302412e-03,-3.83844903590864216e-07,-3.83844840925250943e-07,-3.83844840925250890e-07,-7.67689744516115107e-07,-7.67689681850501780e-07
1.79505000000000017e+01,1.79505000000000017e+01,5.57087546307902248e-02,-3.10346584876874942e-03,-3.10346534251359140e-03,-3.83225157004471413e-07,-3.83225094490584717e-07,-3.83225094490584717e-07,-7.66450251495056077e-07,-7.66450188981169433e-07
1.79577500000000008e+01,1.79577500000000008e+01,5.56862635909287085e-02,-3.10096045815733135e-03,-3.10095995271839195e-03,-3.82606660698090955e-07,-3.82606598335378676e-07,-3.82606598335378729e-07,-7.65213259033469684e-07,-7.65213196670757457e-07
1.79649999999999999e+01,1.79649999999999999e+01,5.56637907041469537e-02,-3.09845810017828072e-03,-3.09845759555507682e-03,-3.81989411645890974e-07,-3.81989349434069937e-07,-3.81989349434069884e-07,-7.63978761079960911e-07,-7.63978698868139769e-07
1.79722500000000025e+01,1.79722500000000025e+01,5.56413359484761172e-02,-3.09595876994128716e-03,-3.09595826613118068e-03,-3.81373406831111481e-07,-3.81373344769633605e-07,-3.81373344769633552e-07,-7.62746751600744980e-07,-7.62746689539267103e-07
1.79795000000000016e+01,1.79795000000000016e+01,5.56188993019828062e-02,-3.09346246256136936e-03,-3.09346195956410356e-03,-3.80758643244945124e-07,-3.80758581333556615e-07,-3.80758581333556615e-07,-7.61517224578501739e-07,-7.61517162667113231e-07
1.79867500000000007e+01,1.79867500000000007e+01,5.55964807427689819e-02,-3.09096917316775688e-03,-3.09096867098108226e-03,-3.80145117887606244e-07,-3.80145056125808571e-07,-3.80145056125808571e-07,-7.60290174013414762e-07,-7.60290112251617142e-07
1.79939999999999998e+01,1.79939999999999998e+01,5.55740802489718827e-02,-3.08847889689678468e-03,-3.08847839551916643e-03,-3.79532827767431539e-07,-3.79532766154815268e-07,-3.79532766154815321e-07,-7.59065593922246808e-07,-7.59065532309630537e-07
1.80012500000000024e+01,1.80012500000000024e+01,5.55516977987639687e-02,-3.08599162889588996e-03,-3.08599112832519742e-03,-3.78921769901348266e-07,-3.78921708437431434e-07,-3.78921708437431487e-07,-7.57843478338779753e-07,-7.57843416874862975e-07
1.80085000000000015e+01,1.80085000000000015e+01,5.55293333703528874e-02,-3.08350736432094763e-03,-3.08350686455578652e-03,-3.78311941314522025e-07,-3.78311879998914204e-07,-3.78311879998914204e-07,-7.56623821313436282e-07,-7.56623759997828408e-07
1.80157500000000006e+01,1.80157500000000006e+01,5.55069869419813205e-02,-3.08102609833849073e-03,-3.08102559937728461e-03,-3.77703339040605373e-07,-3.77703277872894481e-07,-3.77703277872894534e-07,-7.55406616913499906e-07,-7.55406555745788961e-07
1.80229999999999997e+01,1.80229999999999997e+01,5.54846584919269845e-02,-3.07854782612393407e-03,-3.07854732796576528e-03,-3.77095960121496041e-07,-3.77095899101351577e-07,-3.77095899101351577e-07,-7.54191859222847618e-07,-7.54191798202703153e-07
1.80302500000000023e+01,1.80302500000000023e+01,5.54623479985025120e-02,-3.07607254286512699e-03,-3.07607204550699532e-03,-3.76489801607747858e-07,-3.76489740734585209e-07,-3.76489740734585209e-07,-7.52979542342333067e-07,-7.52979481469170418e-07
1.80375000000000014e+01,1.80375000000000014e+01,5.54400554400554385e-02,-3.07360024375569196e-03,-3.07359974719642040e-03,-3.75884860557731758e-07,-3.75884799831190300e-07,-3.75884799831190353e-07,-7.51769660388922164e-07,-7.51769599662380707e-07
1.80447500000000005e+01,1.80447500000000005e+01,5.54177807949680634e-02,-3.07113092400035370e-03,-3.07113042823913126e-03,-3.75281134038263648e-07,-3.75281073458028445e-07,-3.75281073458028445e-07,-7.50562207496292146e-07,-7.50562146916056889e-07
1.80519999999999996e+01,1.80519999999999996e+01,5.53955240416574360e-02,-3.06866457881538324e-03,-3.06866408384984680e-03,-3.74678619124635482e-07,-3.74678558690202548e-07,-3.74678558690202548e-07,-7.49357177814838030e-07,-7.49357117380405096e-07
1.80592500000000022e+01,1.80592500000000022e+01,5.53732851585752375e-02,-3.06620120342415703e-03,-3.06620070925288889e-03,-3.74077312900048119e-07,-3.74077252611029937e-07,-3.74077252611029937e-07,-7.48154565511078003e-07,-7.48154505222059874e-07
1.80665000000000013e+01,1.80665000000000013e+01,5.53510641242077814e-02,-3.06374079306070968e-03,-3.06374029968216203e-03,-3.73477212456022770e-07,-3.73477152312016734e-07,-3.73477152312016734e-07,-7.46954364768039558e-07,-7.46954304624033469e-07
1.80737500000000004e+01,1.80737500000000004e+01,5.53288609170758672e-02,-3.06128334296751348e-03,-3.06128285038112556e-03,-3.72878314892105807e-07,-3.72878254892830438e-07,-3.72878254892830543e-07,-7.45756569784936350e-07,-7.45756509785660981e-07
1.80809999999999995e+01,1.80809999999999995e+01,5.53066755157347531e-02,-3.05882884839991931e-03,-3.05882835660277377e-03,-3.72280617316387145e-07,-3.72280557461274613e-07,-3.72280557461274666e-07,-7.44561174777661811e-07,-7.44561114922549332e-07
1.80882500000000022e+01,1.80882500000000022e+01,5.52845078987740587e-02,-3.05637730461949531e-03,-3.05637681360961151e-03,-3.71684116844664437e-07,-3.71684057133262109e-07,-3.71684057133262056e-07,-7.43368173977926439e-07,-7.43368114266524111e-07
1.80955000000000013e+01,1.80955000000000013e+01,5.52623580448177651e-02,-3.05392870689669138e-03,-3.05392821667363479e-03,-3.71088810600746412e-07,-3.71088751032790384e-07,-3.71088751032790384e-07,-7.42177561633536797e-07,-7.42177502065580769e-07
1.81027500000000003e+01,1.81027500000000003e+01,5.52402259325240619e-02,-3.05148305051439195e-03,-3.05148256107630380e-03,-3.70494695716860092e-07,-3.70494636291914089e-07,-3.70494636291914195e-07,-7.40989332008774234e-07,-7.40989272583828284e-07
1.81099999999999994e+01,1.81099999999999994e+01,5.52181115405853129e-02,-3.04904033076347503e-03,-3.04903984210852085e-03,-3.69901769333088568e-07,-3.69901710050720180e-07,-3.69901710050720180e-07,-7.39803479383808748e-07,-7.39803420101440360e-07
1.81172500000000021e+01,1.81172500000000021e+01,5.51960148477279866e-02,-3.04660054294414451e-03,-3.04660005507060823e-03,-3.69310028597509441e-07,-3.69309969457301504e-07,-3.69309969457301504e-07,-7.38619998054810998e-07,-7.38619938914603008e-07
1.81245000000000012e+01,1.81245000000000012e+01,5.51739358327126214e-02,-3.04416368236504198e-03,-3.04416319527228999e-03,-3.68719470666065435e-07,-3.68719411667732765e-07,-3.68719411667732659e-07,-7.37438882333798041e-07,-7.37438823335465423e-07
1.81317500000000003e+01,1.81317500000000003e+01,5.51518744743336939e-02,-3.04172974434679944e-03,-3.04172925803266074e-03,-3.68130092702970978e-07,-3.68130033846042887e-07,-3.68130033846042834e-07,-7.36260126549013759e-07,-7.36260067692085774e-07
1.81389999999999993e+01,1.81389999999999993e+01,5.51298307514195979e-02,-3.03929872421715430e-03,-3.03929823868016999e-03,-3.67541891880098200e-07,-3.67541833164190984e-07,-3.67541833164190984e-07,-7.35083725044289131e-07,-7.35083666328381967e-07
1.81462500000000020e+01,1.81462500000000020e+01,5.51078046428325335e-02,-3.03687061731450214e-03,-3.03687013255259488e-03,-3.66954865377384207e-07,-3.66954806802040467e-07,-3.66954806802040467e-07,-7.33909672179424673e-07,-7.33909613604080933e-07
1.81535000000000011e+01,1.81535000000000011e+01,5.50857961274685282e-02,-3.03444541898523212e-03,-3.03444493499702671e-03,-3.66369010382486912e-07,-3.66368951947334748e-07,-3.66368951947334748e-07,-7.32737962329821660e-07,-7.32737903894669497e-07
1.81607500000000002e+01,1.81607500000000002e+01,5.50638051842572557e-02,-3.03202312458550338e-03,-3.03202264136983625e-03,-3.65784324090976684e-07,-3.65784265795670613e-07,-3.65784265795670560e-07,-7.31568589886647192e-07,-7.31568531591341226e-07
1.81679999999999993e+01,1.81679999999999993e+01,5.50418317921620437e-02,-3.02960372948168910e-03,-3.02960324703666030e-03,-3.65200803706367684e-07,-3.65200745550474024e-07,-3.65200745550474077e-07,-7.30401549256841813e-07,-7.30401491100948154e-07
1.81752500000000019e+01,1.81752500000000019e+01,5.50198759301797694e-02,-3.02718722904771198e-03,-3.02718674737237521e-03,-3.64618446439773914e-07,-3.64618388422974923e-07,-3.64618388422974923e-07,-7.29236834862748837e-07,-7.29236776845949845e-07
1.81825000000000010e+01,1.81825000000000010e+01,5.49979375773408455e-02,-3.02477361866859695e-03,-3.02477313776108045e-03,-3.64037249510316118e-07,-3.64037191632183196e-07,-3.64037191632183196e-07,-7.28074441142499314e-07,-7.28074383264366393e-07
1.81897500000000001e+01,1.81897500000000001e+01,5.49760167127090818e-02,-3.02236289373780664e-03,-3.02236241359606821e-03,-3.63457210144777350e-07,-3.63457152404862259e-07,-3.63457152404862312e-07,-7.26914362549639663e-07,-7.26914304809724519e-07
1.81969999999999992e+01,1.81969999999999992e+01,5.49541133153816572e-02,-3.01995504965635320e-03,-3.01995457027980779e-03,-3.62878325577475184e-07,-3.62878267975505867e-07,-3.62878267975505814e-07,-7.25756593552980997e-07,-7.25756535951011627e-07
1.82042500000000018e+01,1.82042500000000018e+01,5.49322273644890571e-02,-3.01755008183768325e-03,-3.01754960322392048e-03,-3.62300593050826254e-07,-3.62300535586311855e-07,-3.62300535586311908e-07,-7.24601128637138162e-07,-7.24601071172623816e-07
1.82115000000000009e+01,1.82115000000000009e+01,5.49103588391950115e-02,-3.01514798570101661e-03,-3.01514750784916174e-03,-3.61724009814525381e-07,-3.61723952487160387e-07,-3.61723952487160334e-07,-7.23447962301685662e-07,-7.23447904974320668e-07
1.82187500000000000e+01,1.82187500000000000e+01,5.48885077186963971e-02,-3.01274875667667530e-03,-3.01274827958539389e-03,-3.61148573126161838e-07,-3.61148515935586206e-07,-3.61148515935586206e-07,-7.22297089061748044e-07,-7.22297031871172413e-07
1.82260000000000026e+01,1.82260000000000026e+01,5.48666739822231894e-02,-3.01035239020475132e-03,-3.01035191387156705e-03,-3.60574280251038510e-07,-3.60574223196756249e-07,-3.60574223196756302e-07,-7.21148503447794812e-07,-7.21148446393512604e-07
1.82332500000000017e+01,1.82332500000000017e+01,5.48448576090384277e-02,-3.00795888173110981e-03,-3.00795840615570046e-03,-3.60001128461671930e-07,-3.60001071543445766e-07,-3.60001071543445713e-07,-7.20002200005117589e-07,-7.20002143086891532e-07
1.82405000000000008e+01,1.82405000000000008e+01,5.48230585784380900e-02,-3.00556822671493862e-03,-3.00556775189485433e-03,-3.59429115038673568e-07,-3.59429058256012222e-07,-3.59429058256012274e-07,-7.18858173294685842e-07,-7.18858116512024549e-07
1.82477499999999999e+01,1.82477499999999999e+01,5.48012768697510658e-02,-3.00318042062075463e-03,-3.00317994655511329e-03,-3.58858237269772459e-07,-3.58858180622373222e-07,-3.58858180622373116e-07,-7.17716417892145575e-07,-7.17716361244746337e-07
1.82550000000000026e+01,1.82550000000000026e+01,5.47795124623390792e-02,-3.00079545892506516e-03,-3.00079498561156219e-03,-3.58288492450589920e-07,-3.58288435937980570e-07,-3.58288435937980623e-07,-7.16576928388570543e-07,-7.16576871875961141e-07
1.82622500000000016e+01,1.82622500000000016e+01,5.47577653355966476e-02,-2.99841333711015068e-03,-2.99841286454826999e-03,-3.57719877883876108e-07,-3.57719821505798990e-07,-3.57719821505799043e-07,-7.15439699389675151e-07,-7.15439643011598086e-07
1.82695000000000007e+01,1.82695000000000007e+01,5.47360354689509845e-02,-2.99603405067072615e-03,-2.99603357885825988e-03,-3.57152390880283258e-07,-3.57152334636279544e-07,-3.57152334636279544e-07,-7.14304725516562802e-07,-7.14304669272559089e-07
1.82767499999999998e+01,1.82767499999999998e+01,5.47143228418619301e-02,-2.99365759510772378e-03,-2.99365712404349405e-03,-3.56586028757602821e-07,-3.56585972647337193e-07,-3.56585972647337246e-07,-7.13172001404940067e-07,-7.13171945294674491e-07
1.82840000000000025e+01,1.82840000000000025e+01,5.46926274338219165e-02,-2.99128396593228985e-03,-2.99128349561484947e-03,-3.56020788841221329e-07,-3.56020732864327126e-07,-3.56020732864327073e-07,-7.12041521705548455e-07,-7.12041465728654252e-07
1.82912500000000016e+01,1.82912500000000016e+01,5.46709492243559053e-02,-2.98891315866489649e-03,-2.98891268909210134e-03,-3.55456668463992967e-07,-3.55456612620021420e-07,-3.55456612620021368e-07,-7.10913281084014281e-07,-7.10913225240042841e-07
1.82985000000000007e+01,1.82985000000000007e+01,5.46492881930212837e-02,-2.98654516883267718e-03,-2.98654470000389539e-03,-3.54893664965901660e-07,-3.54893609254584685e-07,-3.54893609254584685e-07,-7.09787274220486345e-07,-7.09787218509169370e-07
1.83057499999999997e+01,1.83057499999999997e+01,5.46276443194078365e-02,-2.98417999197386763e-03,-2.98417952388773137e-03,-3.54331775694568820e-07,-3.54331720115551351e-07,-3.54331720115551404e-07,-7.08663495810120224e-07,-7.08663440231102807e-07
1.83130000000000024e+01,1.83130000000000024e+01,5.46060175831376560e-02,-2.98181762363602942e-03,-2.98181715628993878e-03,-3.53770998005020250e-07,-3.53770942557801901e-07,-3.53770942557801848e-07,-7.07541940562822150e-07,-7.07541885115603695e-07
1.83202500000000015e+01,1.83202500000000015e+01,5.45844079638651142e-02,-2.97945805937249730e-03,-2.97945759276566167e-03,-3.53211329259244784e-07,-3.53211273943540582e-07,-3.53211273943540582e-07,-7.06422603202785367e-07,-7.06422547887081165e-07
1.83275000000000006e+01,1.83275000000000006e+01,5.45628154412767657e-02,-2.97710129474637597e-03,-2.97710082887883047e-03,-3.52652766826647299e-07,-3.52652711642270738e-07,-3.52652711642270685e-07,-7.05305478468917984e-07,-7.05305423284541370e-07
1.83347499999999997e+01,1.83347499999999997e+01,5.45412399950912924e-02,-2.97474732533364872e-03,-2.97474686020214596e-03,-3.52095308084396625e-07,-3.52095253030772940e-07,-3.52095253030772940e-07,-7.04190561115169513e-07,-7.04190506061545881e-07
1.83420000000000023e+01,1.83420000000000023e+01,5.45196816050594196e-02,-2.97239614671429564e-03,-2.97239568231705449e-03,-3.51538950416351990e-07,-3.51538895493081117e-07,-3.51538895493081012e-07,-7.03077845909433002e-07,-7.03077790986162129e-07
1.83492500000000014e+01,1.83492500000000014e+01,5.44981402509639307e-02,-2.97004775447717861e-03,-2.97004729081373504e-03,-3.50983691213622535e-07,-3.50983636420460846e-07,-3.50983636420460952e-07,-7.01967327634083541e-07,-7.01967272840921799e-07
1.83565000000000005e+01,1.83565000000000005e+01,5.44766159126195068e-02,-2.96770214422226175e-03,-2.96770168129106881e-03,-3.50429527874808931e-07,-3.50429473211385373e-07,-3.50429473211385373e-07,-7.00859001086194251e-07,-7.00858946422770746e-07
1.83637499999999996e+01,1.83637499999999996e+01,5.44551085698727136e-02,-2.96535931155705867e-03,-2.96535884935662450e-03,-3.49876457805562339e-07,-3.49876403271513111e-07,-3.49876403271513217e-07,-6.99752861077075609e-07,-6.99752806543026328e-07
1.83710000000000022e+01,1.83710000000000022e+01,5.44336182026019175e-02,-2.96301925209840888e-03,-2.96301879062663490e-03,-3.49324478418774464e-07,-3.49324424013665038e-07,-3.49324424013664985e-07,-6.98648902432439450e-07,-6.98648848027330077e-07
1.83782500000000013e+01,1.83782500000000013e+01,5.44121447907172859e-02,-2.96068196146981322e-03,-2.96068150072598211e-03,-3.48773587134243454e-07,-3.48773532857802832e-07,-3.48773532857802832e-07,-6.97547119992046286e-07,-6.97547065715605664e-07
1.83855000000000004e+01,1.83855000000000004e+01,5.43906883141606137e-02,-2.95834743530587474e-03,-2.95834697528816809e-03,-3.48223781379176928e-07,-3.48223727231005046e-07,-3.48223727231005099e-07,-6.96447508610181974e-07,-6.96447454462010093e-07
1.83927499999999995e+01,1.83927499999999995e+01,5.43692487529053581e-02,-2.95601566924785786e-03,-2.95601520995530075e-03,-3.47675058587648768e-07,-3.47675004567445671e-07,-3.47675004567445671e-07,-6.95350063155094439e-07,-6.95350009134891343e-07
1.84000000000000021e+01,1.84000000000000021e+01,5.43478260869565133e-02,-2.95368665894768512e-03,-2.95368620037807098e-03,-3.47127416201049473e-07,-3.47127362308370998e-07,-3.47127362308371051e-07,-6.94254778509420577e-07,-6.94254724616741997e-07
1.84072500000000012e+01,1.84072500000000012e+01,5.43264202963506179e-02,-2.95136040006260814e-03,-2.95135994221573661e-03,-3.46580851667440244e-07,-3.46580797902078763e-07,-3.46580797902078816e-07,-6.93161649569519007e-07,-6.93161595804157526e-07
1.84145000000000003e+01,1.84145000000000003e+01,5.43050313611556090e-02,-2.94903688826275712e-03,-2.94903643113609421e-03,-3.46035362442419553e-07,-3.46035308803894003e-07,-3.46035308803894003e-07,-6.92070671246313503e-07,-6.92070617607788006e-07
1.84217499999999994e+01,1.84217499999999994e+01,5.42836592614708152e-02,-2.94671611922270316e-03,-2.94671566281546650e-03,-3.45490945988112841e-07,-3.45490892476148466e-07,-3.45490892476148519e-07,-6.90981838464261307e-07,-6.90981784952296931e-07
1.84290000000000020e+01,1.84290000000000020e+01,5.42623039774268734e-02,-2.94439808862856367e-03,-2.94439763293867637e-03,-3.44947599773986574e-07,-3.44947546388157580e-07,-3.44947546388157527e-07,-6.89895146162144048e-07,-6.89895092776315160e-07
1.84362500000000011e+01,1.84362500000000011e+01,5.42409654891857010e-02,-2.94208279217178514e-03,-2.94208233719903426e-03,-3.44405321276100043e-07,-3.44405268016199649e-07,-3.44405268016199702e-07,-6.88810589292299692e-07,-6.88810536032399405e-07
1.84435000000000002e+01,1.84435000000000002e+01,5.42196437769403849e-02,-2.93977022555624856e-03,-2.93976977129831001e-03,-3.43864107977917940e-07,-3.43864054843492825e-07,-3.43864054843492825e-07,-6.87728162821410711e-07,-6.87728109686985649e-07
1.84507499999999993e+01,1.84507499999999993e+01,5.41983388209151401e-02,-2.93746038449116398e-03,-2.93745993094671719e-03,-3.43323957369458606e-07,-3.43323904360173768e-07,-3.43323904360173716e-07,-6.86647861729632269e-07,-6.86647808720347431e-07
1.84580000000000020e+01,1.84580000000000020e+01,5.41770506013652536e-02,-2.93515326469595550e-03,-2.93515281186289148e-03,-3.42784866947846675e-07,-3.42784814063275580e-07,-3.42784814063275580e-07,-6.85569681011122255e-07,-6.85569628126551160e-07
1.84652500000000011e+01,1.84652500000000011e+01,5.41557790985770504e-02,-2.93284886189582039e-03,-2.93284840977387504e-03,-3.42246834216775148e-07,-3.42246781456707467e-07,-3.42246781456707467e-07,-6.84493615673482667e-07,-6.84493562913414933e-07
1.84725000000000001e+01,1.84725000000000001e+01,5.41345242928677750e-02,-2.93054717182705815e-03,-2.93054672041509132e-03,-3.41709856687107582e-07,-3.41709804051231237e-07,-3.41709804051231290e-07,-6.83419660738338872e-07,-6.83419608102462474e-07
1.84797499999999992e+01,1.84797499999999992e+01,5.41132861645855640e-02,-2.92824819023396188e-03,-2.92824773953032731e-03,-3.41173931876496614e-07,-3.41173879364441239e-07,-3.41173879364441292e-07,-6.82347811240937906e-07,-6.82347758728882478e-07
1.84870000000000019e+01,1.84870000000000019e+01,5.40920646941093694e-02,-2.92595191286970646e-03,-2.92595146287171317e-03,-3.40639057309467490e-07,-3.40639004920741753e-07,-3.40639004920741753e-07,-6.81278062230209242e-07,-6.81278009841483506e-07
1.84942500000000010e+01,1.84942500000000010e+01,5.40708598618489522e-02,-2.92365833549235177e-03,-2.92365788619970788e-03,-3.40105230516934891e-07,-3.40105178251327670e-07,-3.40105178251327670e-07,-6.80210408768262614e-07,-6.80210356502655339e-07
1.85015000000000001e+01,1.85015000000000001e+01,5.40496716482447362e-02,-2.92136745387194807e-03,-2.92136700528307109e-03,-3.39572449037010105e-07,-3.39572396894160562e-07,-3.39572396894160509e-07,-6.79144845931170561e-07,-6.79144793788321018e-07
1.85087499999999991e+01,1.85087499999999991e+01,5.40285000337678151e-02,-2.91907926378476290e-03,-2.91907881589884878e-03,-3.39040710414310951e-07,-3.39040658393949467e-07,-3.39040658393949414e-07,-6.78081368808260312e-07,-6.78081316787898934e-07
1.85160000000000018e+01,1.85160000000000018e+01,5.40073449989198484e-02,-2.91679376101772192e-03,-2.91679331383235289e-03,-3.38510012200458416e-07,-3.38509960302128598e-07,-3.38509960302128598e-07,-6.77019972502587067e-07,-6.77019920604257195e-07
1.85232500000000009e+01,1.85232500000000009e+01,5.39862065242330547e-02,-2.91451094136263578e-03,-2.91451049487714354e-03,-3.37980351953388590e-07,-3.37980300176837811e-07,-3.37980300176837758e-07,-6.75960652130226401e-07,-6.75960600353675621e-07
1.85305000000000000e+01,1.85305000000000000e+01,5.39650845902700932e-02,-2.91223080062197326e-03,-2.91223035483500689e-03,-3.37451727238002665e-07,-3.37451675582899681e-07,-3.37451675582899681e-07,-6.74903402820902346e-07,-6.74903351165799362e-07
1.85377500000000026e+01,1.85377500000000026e+01,5.39439791776240296e-02,-2.90995333460619676e-03,-2.90995288951593481e-03,-3.36924135625839710e-07,-3.36924084091799598e-07,-3.36924084091799598e-07,-6.73848219717639255e-07,-6.73848168183599196e-07
1.85450000000000017e+01,1.85450000000000017e+01,5.39228902669183011e-02,-2.90767853913287411e-03,-2.90767809473811267e-03,-3.36397574694955708e-07,-3.36397523281665754e-07,-3.36397523281665702e-07,-6.72795097976621409e-07,-6.72795046563331509e-07
1.85522500000000008e+01,1.85522500000000008e+01,5.39018178388066121e-02,-2.90540641002801081e-03,-2.90540596632789076e-03,-3.35872042030058815e-07,-3.35871990737246593e-07,-3.35871990737246646e-07,-6.71744032767305462e-07,-6.71743981474493292e-07
1.85594999999999999e+01,1.85594999999999999e+01,5.38807618739729002e-02,-2.90313694312693826e-03,-2.90313650011977172e-03,-3.35347535222593430e-07,-3.35347484049891538e-07,-3.35347484049891538e-07,-6.70695019272485021e-07,-6.70694968099783076e-07
1.85667500000000025e+01,1.85667500000000025e+01,5.38597223531312591e-02,-2.90087013427253737e-03,-2.90086969195638708e-03,-3.34824051870516467e-07,-3.34824000817529341e-07,-3.34824000817529394e-07,-6.69648052688045861e-07,-6.69648001635058789e-07
1.85740000000000016e+01,1.85740000000000016e+01,5.38386992570259459e-02,-2.89860597931346220e-03,-2.89860553768848603e-03,-3.34301589578074803e-07,-3.34301538644649396e-07,-3.34301538644649290e-07,-6.68603128222724093e-07,-6.68603077289298686e-07
1.85812500000000007e+01,1.85812500000000007e+01,5.38176925664312147e-02,-2.89634447411213358e-03,-2.89634403317490545e-03,-3.33780145956708214e-07,-3.33780095142278654e-07,-3.33780095142278654e-07,-6.67560241098986868e-07,-6.67560190284557308e-07
1.85884999999999998e+01,1.85884999999999998e+01,5.37967022621513302e-02,-2.89408561453230462e-03,-2.89408517428255824e-03,-3.33259718623597769e-07,-3.33259667927963204e-07,-3.33259667927963204e-07,-6.66519386551560973e-07,-6.66519335855926408e-07
1.85957500000000024e+01,1.85957500000000024e+01,5.37757283250204915e-02,-2.89182939645016290e-03,-2.89182895688641119e-03,-3.32740305202927331e-07,-3.32740254625746988e-07,-3.32740254625746988e-07,-6.65480559828674266e-07,-6.65480509251493976e-07
1.86030000000000015e+01,1.86030000000000015e+01,5.37547707359028043e-02,-2.88957581574766920e-03,-2.88957537686947282e-03,-3.32221903325098565e-07,-3.32221852866152692e-07,-3.32221852866152639e-07,-6.64443756191251204e-07,-6.64443705732305278e-07
1.86102500000000006e+01,1.86102500000000006e+01,5.37338294756921561e-02,-2.88732486831744239e-03,-2.88732443012276307e-03,-3.31704510627274366e-07,-3.31704460286159935e-07,-3.31704460286159988e-07,-6.63408970913434406e-07,-6.63408920572319869e-07
1.86174999999999997e+01,1.86174999999999997e+01,5.37129045253122092e-02,-2.88507655005787456e-03,-2.88507611254530455e-03,-3.31188124752799222e-07,-3.31188074529186419e-07,-3.31188074529186419e-07,-6.62376199281985694e-07,-6.62376149058372838e-07
1.86247500000000024e+01,1.86247500000000024e+01,5.36919958657163104e-02,-2.88283085687668361e-03,-2.88283042004409745e-03,-3.30672743351589539e-07,-3.30672693245066865e-07,-3.30672693245066918e-07,-6.61345436596656457e-07,-6.61345386490133730e-07
1.86320000000000014e+01,1.86320000000000014e+01,5.36711034778874982e-02,-2.88058778468602839e-03,-2.88058734853410782e-03,-3.30158364079556280e-07,-3.30158314090034902e-07,-3.30158314090034849e-07,-6.60316678169591129e-07,-6.60316628180069699e-07
1.86392500000000005e+01,1.86392500000000005e+01,5.36502273428383636e-02,-2.87834732941227855e-03,-2.87834689393824108e-03,-3.29644984599706374e-07,-3.29644934726700783e-07,-3.29644934726700783e-07,-6.59289919326407157e-07,-6.59289869453401567e-07
1.86464999999999996e+01,1.86464999999999996e+01,5.36293674416110297e-02,-2.87610948698446833e-03,-2.87610905218732907e-03,-3.29132602580801650e-07,-3.29132552824033120e-07,-3.29132552824033067e-07,-6.58265155404834770e-07,-6.58265105648066240e-07
1.86537500000000023e+01,1.86537500000000023e+01,5.36085237552770821e-02,-2.87387425334184599e-03,-2.87387381922010743e-03,-3.28621215698206718e-07,-3.28621166057338395e-07,-3.28621166057338342e-07,-6.57242381755545060e-07,-6.57242332114676684e-07
1.86610000000000014e+01,1.86610000000000014e+01,5.35876962649375690e-02,-2.87164162443076521e-03,-2.87164119098320394e-03,-3.28110821633515428e-07,-3.28110772108242432e-07,-3.28110772108242379e-07,-6.56221593741757807e-07,-6.56221544216484864e-07
1.86682500000000005e+01,1.86682500000000005e+01,5.35668849517228415e-02,-2.86941159620601738e-03,-2.86941116343111119e-03,-3.27601418074684964e-07,-3.27601368664668906e-07,-3.27601368664668959e-07,-6.55202786739353922e-07,-6.55202737329337811e-07
1.86754999999999995e+01,1.86754999999999995e+01,5.35460897967925883e-02,-2.86718416462861114e-03,-2.86718373252617528e-03,-3.27093002715765694e-07,-3.27092953420821550e-07,-3.27092953420821603e-07,-6.54185956136587350e-07,-6.54185906841643206e-07
1.86827500000000022e+01,1.86827500000000022e+01,5.35253107813357179e-02,-2.86495932567154554e-03,-2.86495889423857373e-03,-3.26585573257542005e-07,-3.26585524077163409e-07,-3.26585524077163356e-07,-6.53171097334705308e-07,-6.53171048154326817e-07
1.86900000000000013e+01,1.86900000000000013e+01,5.35045478865703514e-02,-2.86273707530959598e-03,-2.86273664454629985e-03,-3.26079127406350268e-07,-3.26079078340398305e-07,-3.26079078340398358e-07,-6.52158205746748678e-07,-6.52158156680796715e-07
1.86972500000000004e+01,1.86972500000000004e+01,5.34838010937437325e-02,-2.86051740953041644e-03,-2.86051697943514325e-03,-3.25573662875327361e-07,-3.25573613923451413e-07,-3.25573613923451413e-07,-6.51147276798778720e-07,-6.51147227846902825e-07
1.87044999999999995e+01,1.87044999999999995e+01,5.34630703841321650e-02,-2.85830032432787817e-03,-2.85829989489866983e-03,-3.25069177383633733e-07,-3.25069128545448929e-07,-3.25069128545448877e-07,-6.50138305929082557e-07,-6.50138257090897753e-07
1.87117500000000021e+01,1.87117500000000021e+01,5.34423557390409712e-02,-2.85608581570295783e-03,-2.85608538693820540e-03,-3.24565668656537682e-07,-3.24565619931699704e-07,-3.24565619931699704e-07,-6.49131288588237333e-07,-6.49131239863399408e-07
1.87190000000000012e+01,1.87190000000000012e+01,5.34216571398044709e-02,-2.85387387966329342e-03,-2.85387345156282212e-03,-3.24063134425349074e-07,-3.24063085813677186e-07,-3.24063085813677239e-07,-6.48126220239026365e-07,-6.48126171627354477e-07
1.87262500000000003e+01,1.87262500000000003e+01,5.34009745677858638e-02,-2.85166451222673700e-03,-2.85166408478931257e-03,-3.23561572427804477e-07,-3.23561523928998035e-07,-3.23561523928998035e-07,-6.47123096356802512e-07,-6.47123047857996070e-07
1.87334999999999994e+01,1.87334999999999994e+01,5.33803080043771874e-02,-2.84945770941869014e-03,-2.84945728264217541e-03,-3.23060980407747993e-07,-3.23060932021404551e-07,-3.23060932021404551e-07,-6.46121912429152544e-07,-6.46121864042809101e-07
1.87407500000000020e+01,1.87407500000000020e+01,5.33596574309992897e-02,-2.84725346726988349e-03,-2.84725304115359757e-03,-3.22561356114862320e-07,-3.22561307840745290e-07,-3.22561307840745290e-07,-6.45122663955607663e-07,-6.45122615681490580e-07
1.87480000000000011e+01,1.87480000000000011e+01,5.33390228291017662e-02,-2.84505178182126173e-03,-2.84505135636343954e-03,-3.22062697305206514e-07,-3.22062649142956967e-07,-3.22062649142957073e-07,-6.44125346448163587e-07,-6.44125298285914040e-07
1.87552500000000002e+01,1.87552500000000002e+01,5.33184041801628844e-02,-2.84285264911909863e-03,-2.84285222431921109e-03,-3.21565001740644932e-07,-3.21564953690044545e-07,-3.21564953690044492e-07,-6.43129955430689425e-07,-6.43129907380089090e-07
1.87624999999999993e+01,1.87624999999999993e+01,5.32978014656895413e-02,-2.84065606521943792e-03,-2.84065564107605821e-03,-3.21068267189333320e-07,-3.21068219250062655e-07,-3.21068219250062708e-07,-6.42136486439395975e-07,-6.42136438500125311e-07
1.87697500000000019e+01,1.87697500000000019e+01,5.32772146672171945e-02,-2.83846202618587284e-03,-2.83846160269674280e-03,-3.20572491425451257e-07,-3.20572443597097651e-07,-3.20572443597097598e-07,-6.41144935022548802e-07,-6.41144887194195196e-07
1.87770000000000010e+01,1.87770000000000010e+01,5.32566437663098413e-02,-2.83627052808732572e-03,-2.83627010525162914e-03,-3.20077672228934282e-07,-3.20077624511248601e-07,-3.20077624511248601e-07,-6.40155296740182883e-07,-6.40155249022497202e-07
1.87842500000000001e+01,1.87842500000000001e+01,5.32360887445599354e-02,-2.83408156700160063e-03,-2.83408114481866098e-03,-3.19583807385858977e-07,-3.19583759778608445e-07,-3.19583759778608445e-07,-6.39167567164467475e-07,-6.39167519557216891e-07
1.87914999999999992e+01,1.87914999999999992e+01,5.32155495835883244e-02,-2.83189513901493939e-03,-2.83189471748334764e-03,-3.19090894688376259e-07,-3.19090847191245834e-07,-3.19090847191245781e-07,-6.38181741879622040e-07,-6.38181694382491669e-07
1.87987500000000018e+01,1.87987500000000018e+01,5.31950262650442152e-02,-2.82971124022024512e-03,-2.82971081933874359e-03,-3.18598931934493858e-07,-3.18598884547186284e-07,-3.18598884547186231e-07,-6.37197816481680036e-07,-6.37197769094372462e-07
1.88060000000000009e+01,1.88060000000000009e+01,5.31745187706051253e-02,-2.82752986671885864e-03,-2.82752944648543680e-03,-3.18107916928260911e-07,-3.18107869650394811e-07,-3.18107869650394811e-07,-6.36215786578655669e-07,-6.36215739300789622e-07
1.88132500000000000e+01,1.88132500000000000e+01,5.31540270819767999e-02,-2.82535101461700577e-03,-2.82535059503152310e-03,-3.17617847479351489e-07,-3.17617800310756504e-07,-3.17617800310756504e-07,-6.35235647790107993e-07,-6.35235600621513009e-07
1.88205000000000027e+01,1.88205000000000027e+01,5.31335511808931696e-02,-2.82317468003245864e-03,-2.82317426109259364e-03,-3.17128721403797494e-07,-3.17128674344058472e-07,-3.17128674344058525e-07,-6.34257395747856020e-07,-6.34257348688116945e-07
1.88277500000000018e+01,1.88277500000000018e+01,5.31130910491163233e-02,-2.82100085908654208e-03,-2.82100044079172056e-03,-3.16640536523073967e-07,-3.16640489571972797e-07,-3.16640489571972850e-07,-6.33281026095046764e-07,-6.33280979143945700e-07
1.88350000000000009e+01,1.88350000000000009e+01,5.30926466684364176e-02,-2.81882954791035090e-03,-2.81882913025943271e-03,-3.16153290664781320e-07,-3.16153243822036893e-07,-3.16153243822036893e-07,-6.32306534486818266e-07,-6.32306487644073785e-07
1.88422499999999999e+01,1.88422499999999999e+01,5.30722180206716285e-02,-2.81666074264164124e-03,-2.81666032563370220e-03,-3.15666981662280372e-07,-3.15666934927636248e-07,-3.15666934927636195e-07,-6.31333916589916513e-07,-6.31333869855272389e-07
1.88495000000000026e+01,1.88495000000000026e+01,5.30518050876681024e-02,-2.81449443942705102e-03,-2.81449402305992708e-03,-3.15181607354924751e-07,-3.15181560727986161e-07,-3.15181560727986214e-07,-6.30363168082910912e-07,-6.30363121455972321e-07
1.88567500000000017e+01,1.88567500000000017e+01,5.30314078512999290e-02,-2.81233063441854725e-03,-2.81233021869091568e-03,-3.14697165587647548e-07,-3.14697119068114694e-07,-3.14697119068114747e-07,-6.29394284655762296e-07,-6.29394238136229494e-07
1.88640000000000008e+01,1.88640000000000008e+01,5.30110262934690366e-02,-2.81016932377609052e-03,-2.81016890868686581e-03,-3.14213654211243267e-07,-3.14213607798843510e-07,-3.14213607798843510e-07,-6.28427262010086777e-07,-6.28427215597687020e-07
1.88712499999999999e+01,1.88712499999999999e+01,5.29906603961051853e-02,-2.80801050366585869e-03,-2.80801008921535049e-03,-3.13731071082153684e-07,-3.13731024776770717e-07,-3.13731024776770717e-07,-6.27462095858924401e-07,-6.27462049553541434e-07
1.88785000000000025e+01,1.88785000000000025e+01,5.29703101411658703e-02,-2.80585417026646411e-03,-2.80585375645129968e-03,-3.13249414063146380e-07,-3.13249367864252924e-07,-3.13249367864252977e-07,-6.26498781927399410e-07,-6.26498735728505955e-07
1.88857500000000016e+01,1.88857500000000016e+01,5.29499755106363212e-02,-2.80370031975740730e-03,-2.80369990657698600e-03,-3.12768681022009245e-07,-3.12768634929388567e-07,-3.12768634929388567e-07,-6.25537315951397812e-07,-6.25537269858777133e-07
1.88930000000000007e+01,1.88930000000000007e+01,5.29296564865293986e-02,-2.80154894832751467e-03,-2.80154853578200389e-03,-3.12288869832477400e-07,-3.12288823845998579e-07,-3.12288823845998632e-07,-6.24577693678476032e-07,-6.24577647691997158e-07
1.89002499999999998e+01,1.89002499999999998e+01,5.29093530508855728e-02,-2.79940005217627075e-03,-2.79939964026325446e-03,-3.11809978374365333e-07,-3.11809932493610093e-07,-3.11809932493610093e-07,-6.23619910867975479e-07,-6.23619864987220187e-07
1.89075000000000024e+01,1.89075000000000024e+01,5.28890651857728336e-02,-2.79725362750715689e-03,-2.79725321622492813e-03,-3.11332004532808486e-07,-3.11331958757438121e-07,-3.11331958757438068e-07,-6.22663963290246554e-07,-6.22663917514876243e-07
1.89147500000000015e+01,1.89147500000000015e+01,5.28687928732867185e-02,-2.79510967052987169e-03,-2.79510925987849247e-03,-3.10854946198496086e-07,-3.10854900528369512e-07,-3.10854900528369565e-07,-6.21709846726865704e-07,-6.21709801056739130e-07
1.89220000000000006e+01,1.89220000000000006e+01,5.28485360955501526e-02,-2.79296817746521597e-03,-2.79296776744266751e-03,-3.10378801268198843e-07,-3.10378755702943895e-07,-3.10378755702943895e-07,-6.20757556971142792e-07,-6.20757511405887791e-07
1.89292499999999997e+01,1.89292499999999997e+01,5.28282948347134768e-02,-2.79082914453843145e-03,-2.79082873514341443e-03,-3.09903567644012131e-07,-3.09903522183337271e-07,-3.09903522183337218e-07,-6.19807089827349349e-07,-6.19807044366674541e-07
1.89365000000000023e+01,1.89365000000000023e+01,5.28080690729543431e-02,-2.78869256798230936e-03,-2.78869215921391696e-03,-3.09429243233686483e-07,-3.09429197877344323e-07,-3.09429197877344270e-07,-6.18858441111030806e-07,-6.18858395754688646e-07
1.89437500000000014e+01,1.89437500000000014e+01,5.27878587924777293e-02,-2.78655844403807862e-03,-2.78655803589456831e-03,-3.08955825950711346e-07,-3.08955780698362280e-07,-3.08955780698362280e-07,-6.17911606649073626e-07,-6.17911561396724560e-07
1.89510000000000005e+01,1.89510000000000005e+01,5.27676639755157995e-02,-2.78442676895185315e-03,-2.78442636143294824e-03,-3.08483313713904747e-07,-3.08483268565372380e-07,-3.08483268565372274e-07,-6.16966582279277020e-07,-6.16966537130744654e-07
1.89582499999999996e+01,1.89582499999999996e+01,5.27474846043279322e-02,-2.78229753897907273e-03,-2.78229713208381219e-03,-3.08011704447891121e-07,-3.08011659402923461e-07,-3.08011659402923461e-07,-6.16023363850814582e-07,-6.16023318805846922e-07
1.89655000000000022e+01,1.89655000000000022e+01,5.27273206612005954e-02,-2.78017075038317074e-03,-2.78017034410907131e-03,-3.07540996082937681e-07,-3.07540951141114864e-07,-3.07540951141114864e-07,-6.15081947224052597e-07,-6.15081902282229727e-07
1.89727500000000013e+01,1.89727500000000013e+01,5.27071721284473743e-02,-2.77804639943068921e-03,-2.77804599377777994e-03,-3.07071186554399234e-07,-3.07071141715580017e-07,-3.07071141715580017e-07,-6.14142328269979251e-07,-6.14142283431160035e-07
1.89800000000000004e+01,1.89800000000000004e+01,5.26870389884088533e-02,-2.77592448239971645e-03,-2.77592407736611431e-03,-3.06602273803636318e-07,-3.06602229067468548e-07,-3.06602229067468548e-07,-6.13204502871104920e-07,-6.13204458134937097e-07
1.89872499999999995e+01,1.89872499999999995e+01,5.26669212234525813e-02,-2.77380499557322580e-03,-2.77380459115735998e-03,-3.06134255777263352e-07,-3.06134211143429920e-07,-3.06134211143429973e-07,-6.12268466920693272e-07,-6.12268422286859840e-07
1.89945000000000022e+01,1.89945000000000022e+01,5.26468188159730371e-02,-2.77168793523996371e-03,-2.77168753144189277e-03,-3.05667130427232435e-07,-3.05667085895596652e-07,-3.05667085895596599e-07,-6.11334216322829035e-07,-6.11334171791193304e-07
1.90017500000000013e+01,1.90017500000000013e+01,5.26267317483915947e-02,-2.76957329769933480e-03,-2.76957289451716790e-03,-3.05200895711357563e-07,-3.05200851281568121e-07,-3.05200851281568068e-07,-6.10401746992925578e-07,-6.10401702563136243e-07
1.90090000000000003e+01,1.90090000000000003e+01,5.26066600031563983e-02,-2.76746107925607276e-03,-2.76746067668769526e-03,-3.04735549592710949e-07,-3.04735505264392614e-07,-3.04735505264392614e-07,-6.09471054857103616e-07,-6.09471010528785227e-07
1.90162499999999994e+01,1.90162499999999994e+01,5.25866035627423900e-02,-2.76535127621935217e-03,-2.76535087426503078e-03,-3.04271090039511593e-07,-3.04271045812551867e-07,-3.04271045812551814e-07,-6.08542135852063407e-07,-6.08542091625103628e-07
1.90235000000000021e+01,1.90235000000000021e+01,5.25665624096512130e-02,-2.76324388490989392e-03,-2.76324348356775601e-03,-3.03807515025892425e-07,-3.03807470899943866e-07,-3.03807470899943866e-07,-6.07614985925836290e-07,-6.07614941799887731e-07
1.90307500000000012e+01,1.90307500000000012e+01,5.25465365264111972e-02,-2.76113890165197162e-03,-2.76113850092146642e-03,-3.03344822531006209e-07,-3.03344778505867223e-07,-3.03344778505867170e-07,-6.06689601036873379e-07,-6.06689557011734341e-07
1.90380000000000003e+01,1.90380000000000003e+01,5.25265258955772626e-02,-2.75903632277918476e-03,-2.75903592265874884e-03,-3.02883010539645097e-07,-3.02882966615003288e-07,-3.02882966615003236e-07,-6.05765977154648333e-07,-6.05765933230006471e-07
1.90452499999999993e+01,1.90452499999999993e+01,5.25065304997309051e-02,-2.75693614463090597e-03,-2.75693574511917195e-03,-3.02422077041835852e-07,-3.02422033217401058e-07,-3.02422033217401005e-07,-6.04844110259236804e-07,-6.04844066434802010e-07
1.90525000000000020e+01,1.90525000000000020e+01,5.24865503214801132e-02,-2.75483836355316924e-03,-2.75483796464926411e-03,-3.01962020032923172e-07,-3.01961976308459813e-07,-3.01961976308459866e-07,-6.03923996341383038e-07,-6.03923952616919625e-07
1.90597500000000011e+01,1.90597500000000011e+01,5.24665853434593821e-02,-2.75274297589955808e-03,-2.75274257760250692e-03,-3.01502837513652599e-07,-3.01502793888914611e-07,-3.01502793888914611e-07,-6.03005631402567209e-07,-6.03005587777829221e-07
1.90670000000000002e+01,1.90670000000000002e+01,5.24466355483295746e-02,-2.75064997803120548e-03,-2.75064958033930740e-03,-3.01044527490155320e-07,-3.01044483964817495e-07,-3.01044483964817495e-07,-6.02089011454972815e-07,-6.02088967929634990e-07
1.90742499999999993e+01,1.90742499999999993e+01,5.24267009187779354e-02,-2.74855936631457354e-03,-2.74855896922699110e-03,-3.00587087973691149e-07,-3.00587044547523412e-07,-3.00587044547523465e-07,-6.01174132521214560e-07,-6.01174089095046823e-07
1.90815000000000019e+01,1.90815000000000019e+01,5.24067814375180074e-02,-2.74647113712411794e-03,-2.74647074063978213e-03,-3.00130516980925663e-07,-3.00130473653673057e-07,-3.00130473653673057e-07,-6.00260990634598720e-07,-6.00260947307346114e-07
1.90887500000000010e+01,1.90887500000000010e+01,5.23868770872896322e-02,-2.74438528684095573e-03,-2.74438489095879144e-03,-2.99674812533770221e-07,-2.99674769305177683e-07,-2.99674769305177683e-07,-5.99349581838947904e-07,-5.99349538610355367e-07
1.90960000000000001e+01,1.90960000000000001e+01,5.23669878508588177e-02,-2.74230181185375343e-03,-2.74230141657199515e-03,-2.99219972659464389e-07,-2.99219929529201895e-07,-2.99219929529201948e-07,-5.98439902188666391e-07,-5.98439859058403896e-07
1.91032499999999992e+01,1.91032499999999992e+01,5.23471137110177592e-02,-2.74022070855606259e-03,-2.74022031387422373e-03,-2.98765995390271117e-07,-2.98765952358148878e-07,-2.98765952358148878e-07,-5.97531947748420048e-07,-5.97531904716297755e-07
1.91105000000000018e+01,1.91105000000000018e+01,5.23272546505847494e-02,-2.73814197335031650e-03,-2.73814157926714329e-03,-2.98312878763898503e-07,-2.98312835829643403e-07,-2.98312835829643456e-07,-5.96625714593541959e-07,-5.96625671659286807e-07
1.91177500000000009e+01,1.91177500000000009e+01,5.23074106524041779e-02,-2.73606560264472165e-03,-2.73606520915924611e-03,-2.97860620823147009e-07,-2.97860577986517698e-07,-2.97860577986517645e-07,-5.95721198809664707e-07,-5.95721155973035290e-07
1.91250000000000000e+01,1.91250000000000000e+01,5.22875816993464068e-02,-2.73399159285503401e-03,-2.73399119996582500e-03,-2.97409219616088342e-07,-2.97409176876793387e-07,-2.97409176876793440e-07,-5.94818396492881729e-07,-5.94818353753586773e-07
1.91322500000000026e+01,1.91322500000000026e+01,5.22677677743077704e-02,-2.73191994040367092e-03,-2.73191954810896595e-03,-2.96958673195954757e-07,-2.96958630553667414e-07,-2.96958630553667467e-07,-5.93917303749622171e-07,-5.93917261107334934e-07
1.91395000000000017e+01,1.91395000000000017e+01,5.22479688602105544e-02,-2.72985064171793468e-03,-2.72985025001753166e-03,-2.96508979620932697e-07,-2.96508937075496319e-07,-2.96508937075496372e-07,-5.93017916696429070e-07,-5.93017874150992639e-07
1.91467500000000008e+01,1.91467500000000008e+01,5.22281849400028711e-02,-2.72778369323445347e-03,-2.72778330212714287e-03,-2.96060136954630837e-07,-2.96060094505779720e-07,-2.96060094505779667e-07,-5.92120231460410504e-07,-5.92120189011559334e-07
1.91539999999999999e+01,1.91539999999999999e+01,5.22084159966586595e-02,-2.72571909139562862e-03,-2.72571870088016404e-03,-2.95612143265680172e-07,-2.95612100913145066e-07,-2.95612100913145013e-07,-5.91224244178825185e-07,-5.91224201826290131e-07
1.91612500000000026e+01,1.91612500000000026e+01,5.21886620131776294e-02,-2.72365683265007874e-03,-2.72365644272568952e-03,-2.95164996627768644e-07,-2.95164954371332496e-07,-2.95164954371332549e-07,-5.90329950999101193e-07,-5.90329908742665098e-07
1.91685000000000016e+01,1.91685000000000016e+01,5.21689229725852271e-02,-2.72159691345441601e-03,-2.72159652411953050e-03,-2.94718695119820393e-07,-2.94718652959179754e-07,-2.94718652959179754e-07,-5.89437348079000200e-07,-5.89437305918359508e-07
1.91757500000000007e+01,1.91757500000000007e+01,5.21491988579325452e-02,-2.71953933027102579e-03,-2.71953894152419289e-03,-2.94273236825740220e-07,-2.94273194760605298e-07,-2.94273194760605245e-07,-5.88546431586345465e-07,-5.88546389521210491e-07
1.91829999999999998e+01,1.91829999999999998e+01,5.21294896522963014e-02,-2.71748407956806659e-03,-2.71748369140886736e-03,-2.93828619834400984e-07,-2.93828577864594221e-07,-2.93828577864594168e-07,-5.87657197698995152e-07,-5.87657155729188442e-07
1.91902500000000025e+01,1.91902500000000025e+01,5.21097953387787971e-02,-2.71543115782213462e-03,-2.71543077024941244e-03,-2.93384842239917992e-07,-2.93384800365182365e-07,-2.93384800365182313e-07,-5.86769642605100251e-07,-5.86769600730364625e-07
1.91975000000000016e+01,1.91975000000000016e+01,5.20901159005078759e-02,-2.71338056151604334e-03,-2.71338017452834321e-03,-2.92941902141395149e-07,-2.92941860361441927e-07,-2.92941860361441874e-07,-5.85883762502837024e-07,-5.85883720722883749e-07
1.92047500000000007e+01,1.92047500000000007e+01,5.20704513206368194e-02,-2.71133228713882346e-03,-2.71133190073480877e-03,-2.92499797642910987e-07,-2.92499755957464778e-07,-2.92499755957464831e-07,-5.84999553600375766e-07,-5.84999511914929557e-07
1.92119999999999997e+01,1.92119999999999997e+01,5.20508015823443679e-02,-2.70928633118572293e-03,-2.70928594536458314e-03,-2.92058526853506009e-07,-2.92058485262348808e-07,-2.92058485262348755e-07,-5.84117012115854764e-07,-5.84116970524697510e-07
1.92192500000000024e+01,1.92192500000000024e+01,5.20311666688346233e-02,-2.70724269015909513e-03,-2.70724230492004701e-03,-2.91618087887264374e-07,-2.91618046390181352e-07,-2.91618046390181352e-07,-5.83236134277445726e-07,-5.83236092780362704e-07
1.92265000000000015e+01,1.92265000000000015e+01,5.20115465633370563e-02,-2.70520136056839888e-03,-2.70520097591017868e-03,-2.91178478863300879e-07,-2.91178437460026067e-07,-2.91178437460026067e-07,-5.82356916323326999e-07,-5.82356874920052135e-07
1.92337500000000006e+01,1.92337500000000006e+01,5.19919412491063881e-02,-2.70316233892886615e-03,-2.70316195485053017e-03,-2.90739697905603774e-07,-2.90739656595905987e-07,-2.90739656595906039e-07,-5.81479354501509814e-07,-5.81479313191811973e-07
1.92409999999999997e+01,1.92409999999999997e+01,5.19723507094225906e-02,-2.70112562176327842e-03,-2.70112523826321858e-03,-2.90301743143212541e-07,-2.90301701926789651e-07,-2.90301701926789651e-07,-5.80603445070002192e-07,-5.80603403853579301e-07
1.92482500000000023e+01,1.92482500000000023e+01,5.19527749275908168e-02,-2.69909120560019034e-03,-2.69909082267690871e-03,-2.89864612710013328e-07,-2.89864571586575703e-07,-2.89864571586575756e-07,-5.79729184296589137e-07,-5.79729143173151407e-07
1.92555000000000014e+01,1.92555000000000014e+01,5.19332138869413873e-02,-2.69705908697348562e-03,-2.69705870462680179e-03,-2.89428304744679081e-07,-2.89428263714079126e-07,-2.89428263714079126e-07,-5.78856568458758207e-07,-5.78856527428158252e-07
1.92627500000000005e+01,1.92627500000000005e+01,5.19136675708297066e-02,-2.69502926242548568e-03,-2.69502888065461599e-03,-2.88992817390989453e-07,-2.88992776453014933e-07,-2.88992776453014933e-07,-5.77985593844004332e-07,-5.77985552906029865e-07
1.92699999999999996e+01,1.92699999999999996e+01,5.18941359626362217e-02,-2.69300172850561736e-03,-2.69300134730857425e-03,-2.88558148797674104e-07,-2.88558107951984353e-07,-2.88558107951984300e-07,-5.77116256749658403e-07,-5.77116215903968600e-07
1.92772500000000022e+01,1.92772500000000022e+01,5.18746190457663736e-02,-2.69097648176686022e-03,-2.69097610114338737e-03,-2.88124297118019203e-07,-2.88124256364459585e-07,-2.88124256364459585e-07,-5.76248553482478788e-07,-5.76248512728919170e-07
1.92845000000000013e+01,1.92845000000000013e+01,5.18551168036505972e-02,-2.68895351877151967e-03,-2.68895313872024666e-03,-2.87691260510473533e-07,-2.87691219848770402e-07,-2.87691219848770402e-07,-5.75382480359243936e-07,-5.75382439697540805e-07
1.92917500000000004e+01,1.92917500000000004e+01,5.18356292197441892e-02,-2.68693283608723021e-03,-2.68693245660679746e-03,-2.87259037138206336e-07,-2.87258996568087743e-07,-2.87258996568087743e-07,-5.74518033706294026e-07,-5.74517993136175486e-07
1.92989999999999995e+01,1.92989999999999995e+01,5.18161562775273365e-02,-2.68491443028784360e-03,-2.68491405137713567e-03,-2.86827625169189745e-07,-2.86827584690410526e-07,-2.86827584690410526e-07,-5.73655209859600323e-07,-5.73655169380821052e-07
1.93062500000000021e+01,1.93062500000000021e+01,5.17966979605050115e-02,-2.68289829795387291e-03,-2.68289791961178392e-03,-2.86397022776233931e-07,-2.86396982388550247e-07,-2.86396982388550247e-07,-5.72794005164784124e-07,-5.72793964777100493e-07
1.93135000000000012e+01,1.93135000000000012e+01,5.17772542522070001e-02,-2.68088443567160439e-03,-2.68088405789768808e-03,-2.85967228136879004e-07,-2.85967187840117902e-07,-2.85967187840117902e-07,-5.71934415976996906e-07,-5.71934375680235803e-07
1.93207500000000003e+01,1.93207500000000003e+01,5.17578251361877767e-02,-2.67887284003576198e-03,-2.67887246282819125e-03,-2.85538239433666171e-07,-2.85538199227507841e-07,-2.85538199227507841e-07,-5.71076438661174012e-07,-5.71076398455015682e-07
1.93279999999999994e+01,1.93279999999999994e+01,5.17384105960264906e-02,-2.67686350764462233e-03,-2.67686313100302638e-03,-2.85110054853604203e-07,-2.85110014737884534e-07,-2.85110014737884534e-07,-5.70220069591488737e-07,-5.70220029475769069e-07
1.93352500000000020e+01,1.93352500000000020e+01,5.17190106153269241e-02,-2.67485643510578797e-03,-2.67485605902829894e-03,-2.84682672588771897e-07,-2.84682632563167799e-07,-2.84682632563167799e-07,-5.69365305151939749e-07,-5.69365265126335598e-07
1.93425000000000011e+01,1.93425000000000011e+01,5.16996251777174579e-02,-2.67285161902952595e-03,-2.67285124351647691e-03,-2.84256090835596292e-07,-2.84256050900019355e-07,-2.84256050900019355e-07,-5.68512141735615647e-07,-5.68512101800038710e-07
1.93497500000000002e+01,1.93497500000000002e+01,5.16802542668509945e-02,-2.67084905603764966e-03,-2.67084868108637043e-03,-2.83830307795784618e-07,-2.83830267949827473e-07,-2.83830267949827473e-07,-5.67660575745612091e-07,-5.67660535899654946e-07
1.93569999999999993e+01,1.93569999999999993e+01,5.16608978664049173e-02,-2.66884874275286066e-03,-2.66884836836312010e-03,-2.83405321675178263e-07,-2.83405281918693314e-07,-2.83405281918693366e-07,-5.66810603593871576e-07,-5.66810563837386627e-07
1.93642500000000020e+01,1.93642500000000020e+01,5.16415559600810689e-02,-2.66685067580718638e-03,-2.66685030197818477e-03,-2.82981130684637441e-07,-2.82981091017417006e-07,-2.82981091017417059e-07,-5.65962221702054500e-07,-5.65962182034834013e-07
1.93715000000000011e+01,1.93715000000000011e+01,5.16222285316057100e-02,-2.66485485183887150e-03,-2.66485447856932645e-03,-2.82557733039698203e-07,-2.82557693461483885e-07,-2.82557693461483885e-07,-5.65115426501182141e-07,-5.65115386922967769e-07
1.93787500000000001e+01,1.93787500000000001e+01,5.16029155647294083e-02,-2.66286126749282204e-03,-2.66286089478059247e-03,-2.82135126960606472e-07,-2.82135087471049292e-07,-2.82135087471049292e-07,-5.64270214431655817e-07,-5.64270174942098584e-07
1.93859999999999992e+01,1.93859999999999992e+01,5.15836170432270730e-02,-2.66086991941705264e-03,-2.66086954726230639e-03,-2.81713310671929521e-07,-2.81713271270925771e-07,-2.81713271270925824e-07,-5.63426581942855398e-07,-5.63426542541851542e-07
1.93932500000000019e+01,1.93932500000000019e+01,5.15643329508978579e-02,-2.65888080426979201e-03,-2.65888043267105065e-03,-2.81292282403296598e-07,-2.81292243090568505e-07,-2.81292243090568505e-07,-5.62584525493865103e-07,-5.62584486181137009e-07
1.94005000000000010e+01,1.94005000000000010e+01,5.15450632715651613e-02,-2.65689391871282155e-03,-2.65689354766965573e-03,-2.80872040388680803e-07,-2.80872001164062082e-07,-2.80872001164062135e-07,-5.61744041552742937e-07,-5.61744002328124270e-07
1.94077500000000001e+01,1.94077500000000001e+01,5.15258079890765289e-02,-2.65490925941591627e-03,-2.65490888892718283e-03,-2.80452582866856796e-07,-2.80452543730105938e-07,-2.80452543730105885e-07,-5.60905126596962735e-07,-5.60905087460211771e-07
1.94150000000000027e+01,1.94150000000000027e+01,5.15065670873036258e-02,-2.65292682305462435e-03,-2.65292645311890904e-03,-2.80033908081153104e-07,-2.80033869032000593e-07,-2.80033869032000593e-07,-5.60067777113153697e-07,-5.60067738064001186e-07
1.94222500000000018e+01,1.94222500000000018e+01,5.14873405501422299e-02,-2.65094660631026713e-03,-2.65094623692632052e-03,-2.79616014279440939e-07,-2.79615975317635101e-07,-2.79615975317635101e-07,-5.59231989597076040e-07,-5.59231950635270202e-07
1.94295000000000009e+01,1.94295000000000009e+01,5.14681283615121346e-02,-2.64896860586993910e-03,-2.64896823703708942e-03,-2.79198899714121078e-07,-2.79198860839471702e-07,-2.79198860839471702e-07,-5.58397760553592727e-07,-5.58397721678943404e-07
1.94367500000000000e+01,1.94367500000000000e+01,5.14489305053571211e-02,-2.64699281842739609e-03,-2.64699245014506654e-03,-2.78782562642206128e-07,-2.78782523854533218e-07,-2.78782523854533165e-07,-5.57565086496739240e-07,-5.57565047709066436e-07
1.94440000000000026e+01,1.94440000000000026e+01,5.14297469656449235e-02,-2.64501924068438754e-03,-2.64501887295026314e-03,-2.78367001325447896e-07,-2.78366962624388975e-07,-2.78366962624388975e-07,-5.56733963949836872e-07,-5.56733925248777951e-07
1.94512500000000017e+01,1.94512500000000017e+01,5.14105777263671945e-02,-2.64304786934488334e-03,-2.64304750215884265e-03,-2.77952214029718265e-07,-2.77952175415142202e-07,-2.77952175415142149e-07,-5.55904389444860414e-07,-5.55904350830284299e-07
1.94585000000000008e+01,1.94585000000000008e+01,5.13914227715394287e-02,-2.64107870112217924e-03,-2.64107833448310120e-03,-2.77538199025744204e-07,-2.77538160497415047e-07,-2.77538160497415047e-07,-5.55076359523159198e-07,-5.55076320994830095e-07
1.94657499999999999e+01,1.94657499999999999e+01,5.13722820852009279e-02,-2.63911173273401189e-03,-2.63911136664145632e-03,-2.77124954588582238e-07,-2.77124916146336087e-07,-2.77124916146336140e-07,-5.54249870734918377e-07,-5.54249832292672173e-07
1.94730000000000025e+01,1.94730000000000025e+01,5.13531556514147738e-02,-2.63714696090699974e-03,-2.63714659535843306e-03,-2.76712478998073146e-07,-2.76712440641526665e-07,-2.76712440641526665e-07,-5.53424919639599811e-07,-5.53424881283053330e-07
1.94802500000000016e+01,1.94802500000000016e+01,5.13340434542677790e-02,-2.63518438236909347e-03,-2.63518401736465274e-03,-2.76300770538037333e-07,-2.76300732267087925e-07,-2.76300732267087872e-07,-5.52601502805125205e-07,-5.52601464534175851e-07
1.94875000000000007e+01,1.94875000000000007e+01,5.13149454778704245e-02,-2.63322399385845785e-03,-2.63322362939681469e-03,-2.75889827497194971e-07,-2.75889789311586727e-07,-2.75889789311586727e-07,-5.51779616808781699e-07,-5.51779578623173455e-07
1.94947499999999998e+01,1.94947499999999998e+01,5.12958617063568392e-02,-2.63126579211725442e-03,-2.63126542819768590e-03,-2.75479648168501875e-07,-2.75479610068042730e-07,-2.75479610068042783e-07,-5.50959258236544658e-07,-5.50959220136085565e-07
1.95020000000000024e+01,1.95020000000000024e+01,5.12767921238847235e-02,-2.62930977389475018e-03,-2.62930941051608622e-03,-2.75070230849463748e-07,-2.75070192833915314e-07,-2.75070192833915367e-07,-5.50140423683379115e-07,-5.50140385667830735e-07
1.95092500000000015e+01,1.95092500000000015e+01,5.12577367146353630e-02,-2.62735593594554118e-03,-2.62735557310687798e-03,-2.74661573841938455e-07,-2.74661535911090617e-07,-2.74661535911090617e-07,-5.49323109753029072e-07,-5.49323071822181233e-07
1.95165000000000006e+01,1.95165000000000006e+01,5.12386954628135174e-02,-2.62540427503132889e-03,-2.62540391273094649e-03,-2.74253675452309665e-07,-2.74253637605867337e-07,-2.74253637605867390e-07,-5.48507313058177055e-07,-5.48507275211734673e-07
1.95237499999999997e+01,1.95237499999999997e+01,5.12196683526474142e-02,-2.62345478791736753e-03,-2.62345442615519132e-03,-2.73846533991104256e-07,-2.73846496228944775e-07,-2.73846496228944828e-07,-5.47693030220049084e-07,-5.47692992457889551e-07
1.95310000000000024e+01,1.95310000000000024e+01,5.12006553683887061e-02,-2.62150747137779305e-03,-2.62150711015251160e-03,-2.73440147773537218e-07,-2.73440110095409124e-07,-2.73440110095409124e-07,-5.46880257868946394e-07,-5.46880220190818247e-07
1.95382500000000014e+01,1.95382500000000014e+01,5.11816564943124372e-02,-2.61956232219118235e-03,-2.61956196150179427e-03,-2.73034515119036422e-07,-2.73034477524721020e-07,-2.73034477524721020e-07,-5.46068992643757443e-07,-5.46068955049442041e-07
1.95455000000000005e+01,1.95455000000000005e+01,5.11626717147169383e-02,-2.61761933714277362e-03,-2.61761897698789677e-03,-2.72629634351462315e-07,-2.72629596840701684e-07,-2.72629596840701684e-07,-5.45259231192163946e-07,-5.45259193681403368e-07
1.95527499999999996e+01,1.95527499999999996e+01,5.11437010139238757e-02,-2.61567851302224597e-03,-2.61567815340163793e-03,-2.72225503798865508e-07,-2.72225466371520840e-07,-2.72225466371520893e-07,-5.44450970170386454e-07,-5.44450932743041787e-07
1.95600000000000023e+01,1.95600000000000023e+01,5.11247443762781126e-02,-2.61373984662771619e-03,-2.61373948753978059e-03,-2.71822121793891291e-07,-2.71822084449683278e-07,-2.71822084449683278e-07,-5.43644206243574515e-07,-5.43644168899366555e-07
1.95672500000000014e+01,1.95672500000000014e+01,5.11058017861477712e-02,-2.61180333476085380e-03,-2.61180297620502468e-03,-2.71419486673259763e-07,-2.71419449412016669e-07,-2.71419449412016669e-07,-5.42838936085276432e-07,-5.42838898824033338e-07
1.95745000000000005e+01,1.95745000000000005e+01,5.10868732279240803e-02,-2.60986897423087782e-03,-2.60986861620598641e-03,-2.71017596778170084e-07,-2.71017559599657809e-07,-2.71017559599657756e-07,-5.42035156377827840e-07,-5.42035119199315618e-07
1.95817499999999995e+01,1.95817499999999995e+01,5.10679586860214238e-02,-2.60793676185144818e-03,-2.60793640435719089e-03,-2.70616450453965836e-07,-2.70616413358040650e-07,-2.70616413358040650e-07,-5.41232863812006539e-07,-5.41232826716081300e-07
1.95890000000000022e+01,1.95890000000000022e+01,5.10490581448772227e-02,-2.60600669444555066e-03,-2.60600633747905524e-03,-2.70216046050631021e-07,-2.70216009036883066e-07,-2.70216009036883066e-07,-5.40432055087514034e-07,-5.40432018073766131e-07
1.95962500000000013e+01,1.95962500000000013e+01,5.10301715889519628e-02,-2.60407876883617107e-03,-2.60407841239788029e-03,-2.69816381921811310e-07,-2.69816344990174993e-07,-2.69816344990175046e-07,-5.39632726911986409e-07,-5.39632689980349986e-07
1.96035000000000004e+01,1.96035000000000004e+01,5.10112990027291047e-02,-2.60215298185695332e-03,-2.60215262594583113e-03,-2.69417456425907988e-07,-2.69417419576164775e-07,-2.69417419576164775e-07,-5.38834876002072816e-07,-5.38834839152329550e-07
1.96107499999999995e+01,1.96107499999999995e+01,5.09924403707150420e-02,-2.60022933034598225e-03,-2.60022897496092927e-03,-2.69019267925421874e-07,-2.69019231157346931e-07,-2.69019231157346931e-07,-5.38038499082768857e-07,-5.38038462314693861e-07
1.96180000000000021e+01,1.96180000000000021e+01,5.09735956774390805e-02,-2.59830781114755993e-03,-2.59830745628703615e-03,-2.68621814787126378e-07,-2.68621778100449978e-07,-2.68621778100449925e-07,-5.37243592887576251e-07,-5.37243556200899851e-07
1.96252500000000012e+01,1.96252500000000012e+01,5.09547649074534037e-02,-2.59638842110998525e-03,-2.59638806677384495e-03,-2.68225095381826844e-07,-2.68225058776423626e-07,-2.68225058776423679e-07,-5.36450154158250522e-07,-5.36450117552847251e-07
1.96325000000000003e+01,1.96325000000000003e+01,5.09359480453329960e-02,-2.59447115708955067e-03,-2.59447080327686189e-03,-2.67829108084762617e-07,-2.67829071560426434e-07,-2.67829071560426434e-07,-5.35658179645189051e-07,-5.35658143120852868e-07
1.96397499999999994e+01,1.96397499999999994e+01,5.09171450756756086e-02,-2.59255601594832186e-03,-2.59255566265739670e-03,-2.67433851275366017e-07,-2.67433814831812954e-07,-2.67433814831813007e-07,-5.34867666107179077e-07,-5.34867629663625909e-07
1.96470000000000020e+01,1.96470000000000020e+01,5.08983559831017382e-02,-2.59064299455191716e-03,-2.59064264178254875e-03,-2.67039323337022413e-07,-2.67039286974121921e-07,-2.67039286974121921e-07,-5.34078610311144334e-07,-5.34078573948243842e-07
1.96542500000000011e+01,1.96542500000000011e+01,5.08795807522545995e-02,-2.58873208977439262e-03,-2.58873173752519666e-03,-2.66645522657563407e-07,-2.66645486375063865e-07,-2.66645486375063918e-07,-5.33291009032627326e-07,-5.33290972750127837e-07
1.96615000000000002e+01,1.96615000000000002e+01,5.08608193678000142e-02,-2.58682329849424519e-03,-2.58682294676398092e-03,-2.66252447628843429e-07,-2.66252411426508409e-07,-2.66252411426508356e-07,-5.32504859055351837e-07,-5.32504822853016711e-07
1.96687499999999993e+01,1.96687499999999993e+01,5.08420718144264386e-02,-2.58491661759485680e-03,-2.58491626638329523e-03,-2.65860096646774510e-07,-2.65860060524472139e-07,-2.65860060524472139e-07,-5.31720157171246649e-07,-5.31720121048944278e-07
1.96760000000000019e+01,1.96760000000000019e+01,5.08233380768448803e-02,-2.58301204396760298e-03,-2.58301169327327090e-03,-2.65468468111635775e-07,-2.65468432069106543e-07,-2.65468432069106543e-07,-5.30936900180742318e-07,-5.30936864138213087e-07
1.96832500000000010e+01,1.96832500000000010e+01,5.08046181397889055e-02,-2.58110957450741196e-03,-2.58110922432976770e-03,-2.65077560427605663e-07,-2.65077524464686252e-07,-2.65077524464686199e-07,-5.30155084892291862e-07,-5.30155048929372398e-07
1.96905000000000001e+01,1.96905000000000001e+01,5.07859119880145274e-02,-2.57920920611676152e-03,-2.57920885645435746e-03,-2.64687372003161358e-07,-2.64687336119595700e-07,-2.64687336119595753e-07,-5.29374708122757110e-07,-5.29374672239191505e-07
1.96977499999999992e+01,1.96977499999999992e+01,5.07672196063002137e-02,-2.57731093570212622e-03,-2.57731058655431269e-03,-2.64297901250703766e-07,-2.64297865446318219e-07,-2.64297865446318272e-07,-5.28595766697022038e-07,-5.28595730892636437e-07
1.97050000000000018e+01,1.97050000000000018e+01,5.07485409794468378e-02,-2.57541476017708604e-03,-2.57541441154259497e-03,-2.63909146586865306e-07,-2.63909110861423176e-07,-2.63909110861423176e-07,-5.27818257448288483e-07,-5.27818221722846353e-07
1.97122500000000009e+01,1.97122500000000009e+01,5.07298760922776440e-02,-2.57352067645966187e-03,-2.57352032833784274e-03,-2.63521106432226575e-07,-2.63521070785554750e-07,-2.63521070785554803e-07,-5.27042177217781378e-07,-5.27042141571109500e-07
1.97195000000000000e+01,1.97195000000000000e+01,5.07112249296381781e-02,-2.57162868147409185e-03,-2.57162833386435658e-03,-2.63133779211487025e-07,-2.63133743643419223e-07,-2.63133743643419223e-07,-5.26267522854906196e-07,-5.26267487286838446e-07
1.97267500000000027e+01,1.97267500000000027e+01,5.06925874763962600e-02,-2.56973877215127544e-03,-2.56973842505208664e-03,-2.62747163353499962e-07,-2.62747127863773019e-07,-2.62747127863773019e-07,-5.25494291217272981e-07,-5.25494255727546038e-07
1.97340000000000018e+01,1.97340000000000018e+01,5.06739637174419763e-02,-2.56785094542610892e-03,-2.56785059883662568e-03,-2.62361257290989310e-07,-2.62361221879411851e-07,-2.62361221879411904e-07,-5.24722479170401161e-07,-5.24722443758823807e-07
1.97412500000000009e+01,1.97412500000000009e+01,5.06553536376875835e-02,-2.56596519823970581e-03,-2.56596485215918870e-03,-2.61976059460766301e-07,-2.61976024127157642e-07,-2.61976024127157642e-07,-5.23952083587923996e-07,-5.23952048254315284e-07
1.97484999999999999e+01,1.97484999999999999e+01,5.06367572220675008e-02,-2.56408152753939689e-03,-2.56408118196660515e-03,-2.61591568303718406e-07,-2.61591533047847042e-07,-2.61591533047847042e-07,-5.23183101351565395e-07,-5.23183066095694085e-07
1.97557500000000026e+01,1.97557500000000026e+01,5.06181744555382548e-02,-2.56219993027739790e-03,-2.56219958521130544e-03,-2.61207782264663169e-07,-2.61207747086319831e-07,-2.61207747086319884e-07,-5.22415529350983106e-07,-5.22415494172639663e-07
1.97630000000000017e+01,1.97630000000000017e+01,5.05996053230784726e-02,-2.56032040341125366e-03,-2.56032005885131145e-03,-2.60824699792383203e-07,-2.60824664691407855e-07,-2.60824664691407802e-07,-5.21649364483791058e-07,-5.21649329382815604e-07
1.97702500000000008e+01,1.97702500000000008e+01,5.05810498096887981e-02,-2.55844294390472626e-03,-2.55844259985021916e-03,-2.60442319339705915e-07,-2.60442284315921632e-07,-2.60442284315921685e-07,-5.20884603655627547e-07,-5.20884568631843264e-07
1.97774999999999999e+01,1.97774999999999999e+01,5.05625079003918579e-02,-2.55656754872735092e-03,-2.55656720517718908e-03,-2.60060639363447917e-07,-2.60060604416640136e-07,-2.60060604416640136e-07,-5.20121243780088106e-07,-5.20121208833280271e-07
1.97847500000000025e+01,1.97847500000000025e+01,5.05439795802322400e-02,-2.55469421485399195e-03,-2.55469387180693374e-03,-2.59679658324359392e-07,-2.59679623454298460e-07,-2.59679623454298460e-07,-5.19359281778657853e-07,-5.19359246908596921e-07
1.97920000000000016e+01,1.97920000000000016e+01,5.05254648342764734e-02,-2.55282293926439863e-03,-2.55282259671970853e-03,-2.59299374687068821e-07,-2.59299339893577021e-07,-2.59299339893577021e-07,-5.18598714580645842e-07,-5.18598679787154042e-07
1.97992500000000007e+01,1.97992500000000007e+01,5.05069636476129097e-02,-2.55095371894453748e-03,-2.55095337690129220e-03,-2.58919786920207868e-07,-2.58919752203088741e-07,-2.58919752203088741e-07,-5.17839539123296556e-07,-5.17839504406177482e-07
1.98064999999999998e+01,1.98064999999999998e+01,5.04884760053517789e-02,-2.54908655088570413e-03,-2.54908620934298251e-03,-2.58540893496311062e-07,-2.58540858855368678e-07,-2.58540858855368678e-07,-5.17081752351679793e-07,-5.17081717710737355e-07
1.98137500000000024e+01,1.98137500000000024e+01,5.04700018926250646e-02,-2.54722143208541141e-03,-2.54722109104157761e-03,-2.58162692891895360e-07,-2.58162658326861687e-07,-2.58162658326861740e-07,-5.16325351218757047e-07,-5.16325316653723479e-07
1.98210000000000015e+01,1.98210000000000015e+01,5.04515412945865452e-02,-2.54535835954383671e-03,-2.54535801899937126e-03,-2.57785183587090213e-07,-2.57785149097912204e-07,-2.57785149097912204e-07,-5.15570332685002470e-07,-5.15570298195824408e-07
1.98282500000000006e+01,1.98282500000000006e+01,5.04330941964116833e-02,-2.54349733027092739e-03,-2.54349699022413372e-03,-2.57408364066347159e-07,-2.57408329652751383e-07,-2.57408329652751383e-07,-5.14816693719098595e-07,-5.14816659305502765e-07
1.98354999999999997e+01,1.98354999999999997e+01,5.04146605832976255e-02,-2.54163834127885124e-03,-2.54163800172910312e-03,-2.57032232817664637e-07,-2.57032198479486556e-07,-2.57032198479486556e-07,-5.14064431297151140e-07,-5.14064396958973113e-07
1.98427500000000023e+01,1.98427500000000023e+01,5.03962404404631331e-02,-2.53978138958688149e-03,-2.53978105053297197e-03,-2.56656788333073014e-07,-2.56656754070089648e-07,-2.56656754070089648e-07,-5.13313542403162715e-07,-5.13313508140179296e-07
1.98500000000000014e+01,1.98500000000000014e+01,5.03778337531486098e-02,-2.53792647221873224e-03,-2.53792613365987942e-03,-2.56282029108354854e-07,-2.56281994920386579e-07,-2.56281994920386526e-07,-5.12564024028741433e-07,-5.12563989840773052e-07
1.98572500000000005e+01,1.98572500000000005e+01,5.03594405066159698e-02,-2.53607358620389078e-03,-2.53607324813939338e-03,-2.55907953643169169e-07,-2.55907919530044778e-07,-2.55907919530044778e-07,-5.11815873173214000e-07,-5.11815839060089556e-07
1.98644999999999996e+01,1.98644999999999996e+01,5.03410606861486587e-02,-2.53422272857806163e-03,-2.53422239100650195e-03,-2.55534560441086568e-07,-2.55534526402563015e-07,-2.55534526402563015e-07,-5.11069086843649636e-07,-5.11069052805126031e-07
1.98717500000000022e+01,1.98717500000000022e+01,5.03226942770515842e-02,-2.53237389638050203e-03,-2.53237355930160035e-03,-2.55161848009310212e-07,-2.55161814045259438e-07,-2.55161814045259491e-07,-5.10323662054569756e-07,-5.10323628090518981e-07
1.98790000000000013e+01,1.98790000000000013e+01,5.03043412646511368e-02,-2.53052708665757464e-03,-2.53052675007048311e-03,-2.54789814859024532e-07,-2.54789780969261724e-07,-2.54789780969261724e-07,-5.09579595828286256e-07,-5.09579561938523447e-07
1.98862500000000004e+01,1.98862500000000004e+01,5.02860016342950508e-02,-2.52868229646097120e-03,-2.52868196036432459e-03,-2.54418459505205648e-07,-2.54418425689494112e-07,-2.54418425689494112e-07,-5.08836885194699812e-07,-5.08836851378988224e-07
1.98934999999999995e+01,1.98934999999999995e+01,5.02676753713524535e-02,-2.52683952284638025e-03,-2.52683918723967419e-03,-2.54047780466477795e-07,-2.54047746724667925e-07,-2.54047746724667872e-07,-5.08095527191145720e-07,-5.08095493449335851e-07
1.99007500000000022e+01,1.99007500000000022e+01,5.02493624612137674e-02,-2.52499876287703984e-03,-2.52499842775843943e-03,-2.53677776265460614e-07,-2.53677742597269342e-07,-2.53677742597269342e-07,-5.07355518862729956e-07,-5.07355485194538684e-07
1.99080000000000013e+01,1.99080000000000013e+01,5.02310628892907313e-02,-2.52316001361840847e-03,-2.52315967898788076e-03,-2.53308445428224184e-07,-2.53308411833549919e-07,-2.53308411833549866e-07,-5.06616857261774050e-07,-5.06616823667099733e-07
1.99152500000000003e+01,1.99152500000000003e+01,5.02127766410163032e-02,-2.52132327214393825e-03,-2.52132293800059245e-03,-2.52939786484858658e-07,-2.52939752963513941e-07,-2.52939752963513941e-07,-5.05879539448372546e-07,-5.05879505927027882e-07
1.99224999999999994e+01,1.99224999999999994e+01,5.01945037018446463e-02,-2.51948853553152219e-03,-2.51948820187449614e-03,-2.52571797969108075e-07,-2.52571764520908677e-07,-2.52571764520908624e-07,-5.05143562490016699e-07,-5.05143529041817248e-07
1.99297500000000021e+01,1.99297500000000021e+01,5.01762440572510876e-02,-2.51765580086527052e-03,-2.51765546769282516e-03,-2.52204478418538448e-07,-2.52204445043212576e-07,-2.52204445043212576e-07,-5.04408923461750971e-07,-5.04408890086425152e-07
1.99370000000000012e+01,1.99370000000000012e+01,5.01579976927321036e-02,-2.51582506523195804e-03,-2.51582473254411895e-03,-2.51837826374172687e-07,-2.51837793071625740e-07,-2.51837793071625740e-07,-5.03675619445798427e-07,-5.03675586143251479e-07
1.99442500000000003e+01,1.99442500000000003e+01,5.01397645938052305e-02,-2.51399632572679721e-03,-2.51399599352220482e-03,-2.51471840381058648e-07,-2.51471807151057743e-07,-2.51471807151057690e-07,-5.02943647532116391e-07,-5.02943614302115380e-07
1.99514999999999993e+01,1.99514999999999993e+01,5.01215447460090710e-02,-2.51216957944766506e-03,-2.51216924772618968e-03,-2.51106518987681920e-07,-2.51106485830117366e-07,-2.51106485830117366e-07,-5.02213004817799286e-07,-5.02212971660234732e-07
1.99587500000000020e+01,1.99587500000000020e+01,5.01033381349032317e-02,-2.51034482350043220e-03,-2.51034449226044841e-03,-2.50741860746488976e-07,-2.50741827661102006e-07,-2.50741827661102059e-07,-5.01483688407591088e-07,-5.01483655322204013e-07
1.99660000000000011e+01,1.99660000000000011e+01,5.00851447460683163e-02,-2.50852205499363379e-03,-2.50852172423461466e-03,-2.50377864213345395e-07,-2.50377831199987301e-07,-2.50377831199987301e-07,-5.00755695413332642e-07,-5.00755662399974601e-07
1.99732500000000002e+01,1.99732500000000002e+01,5.00669645651058287e-02,-2.50670127104246632e-03,-2.50670094076356270e-03,-2.50014527947925011e-07,-2.50014495006415322e-07,-2.50014495006415269e-07,-5.00029022954340280e-07,-5.00028990012830644e-07
1.99804999999999993e+01,1.99804999999999993e+01,5.00487975776382002e-02,-2.50488246876745535e-03,-2.50488213896740350e-03,-2.49651850513567778e-07,-2.49651817643684943e-07,-2.49651817643684890e-07,-4.99303668157252721e-07,-4.99303635287369885e-07
1.99877500000000019e+01,1.99877500000000019e+01,5.00306437693086997e-02,-2.50306564529356734e-03,-2.50306531597146737e-03,-2.49289830477181513e-07,-2.49289797678740665e-07,-2.49289797678740718e-07,-4.98579628155922231e-07,-4.98579595357481330e-07
1.99950000000000010e+01,1.99950000000000010e+01,5.00125031257814406e-02,-2.50125079775065373e-03,-2.50125046890629834e-03,-2.48928466409277413e-07,-2.48928433682162934e-07,-2.48928433682162987e-07,-4.97856900091440453e-07,-4.97856867364325867e-07
2.00022500000000001e+01,2.00022500000000001e+01,4.99943756327413183e-02,-2.49943792327567138e-03,-2.49943759490763896e-03,-2.48567756884180710e-07,-2.48567724228156541e-07,-2.48567724228156541e-07,-4.97135481112337250e-07,-4.97135448456313081e-07
2.00095000000000027e+01,2.00095000000000027e+01,4.99762612758939406e-02,-2.49762701900912987e-03,-2.49762669111641645e-03,-2.48207700479668238e-07,-2.48207667894540092e-07,-2.48207667894540145e-07,-4.96415368374208436e-07,-4.96415335789080289e-07
2.00167500000000018e+01,2.00167500000000018e+01,4.99581600409656837e-02,-2.49581808209597966e-03,-2.49581775467874051e-03,-2.47848295777047798e-07,-2.47848263262737058e-07,-2.47848263262737058e-07,-4.95696559039784803e-07,-4.95696526525474117e-07
2.00240000000000009e+01,2.00240000000000009e+01,4.99400719137035529e-02,-2.49401110968916484e-03,-2.49401078274588250e-03,-2.47489541361501410e-07,-2.47489508917763391e-07,-2.47489508917763444e-07,-4.94979050279264801e-07,-4.94979017835526782e-07
2.00312500000000000e+01,2.00312500000000000e+01,4.99219968798751967e-02,-2.49220609894473810e-03,-2.49220577247426895e-03,-2.47131435821590758e-07,-2.47131403448218466e-07,-2.47131403448218413e-07,-4.94262839269809172e-07,-4.94262806896436827e-07
2.00385000000000026e+01,2.00385000000000026e+01,4.99039349252688516e-02,-2.49040304702363713e-03,-2.49040272102546813e-03,-2.46773977749424423e-07,-2.46773945446273756e-07,-2.46773945446273756e-07,-4.93547923195698180e-07,-4.93547890892547513e-07
2.00457500000000017e+01,2.00457500000000017e+01,4.98858860356933484e-02,-2.48860195109301685e-03,-2.48860162556618436e-03,-2.46417165740781497e-07,-2.46417133507663885e-07,-2.46417133507663885e-07,-4.92834299248445329e-07,-4.92834267015327769e-07
2.00530000000000008e+01,2.00530000000000008e+01,4.98678501969780086e-02,-2.48680280832491718e-03,-2.48680248326823942e-03,-2.46060998394968963e-07,-2.46060966231674659e-07,-2.46060966231674659e-07,-4.92121964626643623e-07,-4.92121932463349319e-07
2.00602499999999999e+01,2.00602499999999999e+01,4.98498273949726442e-02,-2.48500561589493074e-03,-2.48500529130856514e-03,-2.45705474314681939e-07,-2.45705442221133969e-07,-2.45705442221133969e-07,-4.91410916535815961e-07,-4.91410884442267938e-07
2.00675000000000026e+01,2.00675000000000026e+01,4.98318176155475231e-02,-2.48321037098708786e-03,-2.48321004686919214e-03,-2.45350592106476952e-07,-2.45350560082400930e-07,-2.45350560082400930e-07,-4.90701152188877935e-07,-4.90701120164801860e-07
2.00747500000000016e+01,2.00747500000000016e+01,4.98138208445933275e-02,-2.48141707078719520e-03,-2.48141674713724071e-03,-2.44996350380104637e-07,-2.44996318425356462e-07,-2.44996318425356462e-07,-4.89992668805461046e-07,-4.89992636850712924e-07
2.00820000000000007e+01,2.00820000000000007e+01,4.97958370680211121e-02,-2.47962571248772079e-03,-2.47962538930490521e-03,-2.44642747748983442e-07,-2.44642715863392172e-07,-2.44642715863392119e-07,-4.89285463612375614e-07,-4.89285431726784238e-07
2.00892499999999998e+01,2.00892499999999998e+01,4.97778662717622625e-02,-2.47783629328601762e-03,-2.47783597056944714e-03,-2.44289782830014708e-07,-2.44289751013400666e-07,-2.44289751013400613e-07,-4.88579533843415321e-07,-4.88579502026801226e-07
2.00965000000000025e+01,2.00965000000000025e+01,4.97599084417684606e-02,-2.47604881038432367e-03,-2.47604848813317993e-03,-2.43937454243573881e-07,-2.43937422495765278e-07,-2.43937422495765331e-07,-4.87874876739339213e-07,-4.87874844991530663e-07
2.01037500000000016e+01,2.01037500000000016e+01,4.97419635640116847e-02,-2.47426326099020599e-03,-2.47426293920346594e-03,-2.43585760613545772e-07,-2.43585728934350967e-07,-2.43585728934351020e-07,-4.87171489547896792e-07,-4.87171457868702041e-07
2.01110000000000007e+01,2.01110000000000007e+01,4.97240316244841121e-02,-2.47247964231522843e-03,-2.47247932099269605e-03,-2.43234700567183734e-07,-2.43234668956492719e-07,-2.43234668956492719e-07,-4.86469369523676507e-07,-4.86469337912985439e-07
2.01182499999999997e+01,2.01182499999999997e+01,4.97061126091981192e-02,-2.47069795157806027e-03,-2.47069763071828402e-03,-2.42884272735406869e-07,-2.42884241192986498e-07,-2.42884241192986498e-07,-4.85768513928393315e-07,-4.85768482385972996e-07
2.01255000000000024e+01,2.01255000000000024e+01,4.96882065041862261e-02,-2.46891818600092350e-03,-2.46891786560265438e-03,-2.42534475752441518e-07,-2.42534444278078920e-07,-2.42534444278078920e-07,-4.85068920030520438e-07,-4.85068888556157841e-07
2.01327500000000015e+01,2.01327500000000015e+01,4.96703132955011104e-02,-2.46714034280959282e-03,-2.46714002287323417e-03,-2.42185308255813162e-07,-2.42185276849458098e-07,-2.42185276849458098e-07,-4.84370585105271260e-07,-4.84370553698916197e-07
2.01400000000000006e+01,2.01400000000000006e+01,4.96524329692154889e-02,-2.46536441923872474e-03,-2.46536409976243730e-03,-2.41836768886860254e-07,-2.41836737548242521e-07,-2.41836737548242574e-07,-4.83673506435102774e-07,-4.83673475096485042e-07
2.01472499999999997e+01,2.01472499999999997e+01,4.96345655114221532e-02,-2.46359041252386390e-03,-2.46359009350765766e-03,-2.41488856289940814e-07,-2.41488825018972056e-07,-2.41488825018972056e-07,-4.82977681308912816e-07,-4.82977650037944111e-07
2.01545000000000023e+01,2.01545000000000023e+01,4.96167109082338853e-02,-2.46181831990899269e-03,-2.46181800135125564e-03,-2.41141569113164476e-07,-2.41141537909597624e-07,-2.41141537909597571e-07,-4.82283107022762048e-07,-4.82283075819195142e-07
2.01617500000000014e+01,2.01617500000000014e+01,4.95988691457834724e-02,-2.46004813864031391e-03,-2.46004782054055167e-03,-2.40794906007774210e-07,-2.40794874871471991e-07,-2.40794874871471938e-07,-4.81589780879246202e-07,-4.81589749742943983e-07
2.01690000000000005e+01,2.01690000000000005e+01,4.95810402102236092e-02,-2.45827986597024761e-03,-2.45827954832781052e-03,-2.40448865628529123e-07,-2.40448834559339336e-07,-2.40448834559339336e-07,-4.80897700187868460e-07,-4.80897669118678673e-07
2.01762499999999996e+01,2.01762499999999996e+01,4.95632240877269051e-02,-2.45651349915609885e-03,-2.45651318197023273e-03,-2.40103446633565179e-07,-2.40103415631325776e-07,-2.40103415631325723e-07,-4.80206862264890902e-07,-4.80206831262651552e-07
2.01835000000000022e+01,2.01835000000000022e+01,4.95454207644858355e-02,-2.45474903546094581e-03,-2.45474871872994414e-03,-2.39758647684473494e-07,-2.39758616748929571e-07,-2.39758616748929571e-07,-4.79517264433403012e-07,-4.79517233497859142e-07
2.01907500000000013e+01,2.01907500000000013e+01,4.95276302267127211e-02,-2.45298647215008714e-03,-2.45298615587398764e-03,-2.39414467445944532e-07,-2.39414436577012021e-07,-2.39414436577012021e-07,-4.78828904022956500e-07,-4.78828873154024043e-07
2.01980000000000004e+01,2.01980000000000004e+01,4.95098524606396653e-02,-2.45122580649637101e-03,-2.45122549067430763e-03,-2.39070904586280134e-07,-2.39070873783786876e-07,-2.39070873783786876e-07,-4.78141778370067063e-07,-4.78141747567573752e-07
2.02052499999999995e+01,2.02052499999999995e+01,4.94920874525185267e-02,-2.44946703577664238e-03,-2.44946672040774211e-03,-2.38727957777037607e-07,-2.38727927040811125e-07,-2.38727927040811178e-07,-4.77455884817848784e-07,-4.77455854081622249e-07
2.02125000000000021e+01,2.02125000000000021e+01,4.94743351886208979e-02,-2.44771015727263119e-03,-2.44770984235601194e-03,-2.38385625693108258e-07,-2.38385595022975571e-07,-2.38385595022975571e-07,-4.76771220716083803e-07,-4.76771190045951143e-07
2.02197500000000012e+01,2.02197500000000012e+01,4.94565956552380712e-02,-2.44595516827139647e-03,-2.44595485380571295e-03,-2.38043907012752125e-07,-2.38043876408495387e-07,-2.38043876408495414e-07,-4.76087783421247512e-07,-4.76087752816990828e-07
2.02270000000000003e+01,2.02270000000000003e+01,4.94388688386809688e-02,-2.44420206606354995e-03,-2.44420175204830038e-03,-2.37702800417416232e-07,-2.37702769878900104e-07,-2.37702769878900077e-07,-4.75405570296316283e-07,-4.75405539757800155e-07
2.02342499999999994e+01,2.02342499999999994e+01,4.94211547252801572e-02,-2.44245084794458833e-03,-2.44245053438008107e-03,-2.37362304591856062e-07,-2.37362274119024189e-07,-2.37362274119024216e-07,-4.74724578710880278e-07,-4.74724548238048431e-07
2.02415000000000020e+01,2.02415000000000020e+01,4.94034533013857635e-02,-2.44070151121800194e-03,-2.44070119810220389e-03,-2.37022418224429291e-07,-2.37022387816997944e-07,-2.37022387816997944e-07,-4.74044806041427262e-07,-4.74044775633995888e-07
2.02487500000000011e+01,2.02487500000000011e+01,4.93857645533674894e-02,-2.43895405318861336e-03,-2.43895374052064892e-03,-2.36683140006439814e-07,-2.36683109664238182e-07,-2.36683109664238182e-07,-4.73366249670677996e-07,-4.73366219328476365e-07
2.02560000000000002e+01,2.02560000000000002e+01,4.93680884676145348e-02,-2.43720847116657424e-03,-2.43720815894621530e-03,-2.36344468632517663e-07,-2.36344438355438096e-07,-2.36344438355438096e-07,-4.72688906987955759e-07,-4.72688876710876191e-07
2.02632499999999993e+01,2.02632499999999993e+01,4.93504250305355774e-02,-2.43546476246825350e-03,-2.43546445069451256e-03,-2.36006402800696968e-07,-2.36006372588558331e-07,-2.36006372588558357e-07,-4.72012775389255325e-07,-4.72012745177116661e-07
2.02705000000000020e+01,2.02705000000000020e+01,4.93327742285587373e-02,-2.43372292441401683e-03,-2.43372261308594934e-03,-2.35668941212192065e-07,-2.35668911064817726e-07,-2.35668911064817700e-07,-4.71337852277009765e-07,-4.71337822129635452e-07
2.02777500000000011e+01,2.02777500000000011e+01,4.93151360481315706e-02,-2.43198295432867084e-03,-2.43198264344572602e-03,-2.35332082571432314e-07,-2.35332052488684101e-07,-2.35332052488684101e-07,-4.70664135060116388e-07,-4.70664104977368202e-07
2.02850000000000001e+01,2.02850000000000001e+01,4.92975104757209723e-02,-2.43024484954279529e-03,-2.43024453910381912e-03,-2.34995825586182794e-07,-2.34995795567864460e-07,-2.34995795567864486e-07,-4.69991621154047281e-07,-4.69991591135728920e-07
2.02922499999999992e+01,2.02922499999999992e+01,4.92798974978132034e-02,-2.42850860739052266e-03,-2.42850829739497606e-03,-2.34660168967321035e-07,-2.34660139013296101e-07,-2.34660139013296180e-07,-4.69320307980617215e-07,-4.69320278026592254e-07
2.02995000000000019e+01,2.02995000000000019e+01,4.92622971009138086e-02,-2.42677422521131447e-03,-2.42677391565870133e-03,-2.34325111429000940e-07,-2.34325081539137323e-07,-2.34325081539137376e-07,-4.68650192968138343e-07,-4.68650163078274699e-07
2.03067500000000010e+01,2.03067500000000010e+01,4.92447092715476362e-02,-2.42504170035040545e-03,-2.42504139123924951e-03,-2.33990651688687230e-07,-2.33990621862758533e-07,-2.33990621862758586e-07,-4.67981273551445816e-07,-4.67981243725517119e-07
2.03140000000000001e+01,2.03140000000000001e+01,4.92271339962587345e-02,-2.42331103015525073e-03,-2.42331072148561271e-03,-2.33656788466803918e-07,-2.33656758704732347e-07,-2.33656758704732320e-07,-4.67313547171536212e-07,-4.67313517409464693e-07
2.03212500000000027e+01,2.03212500000000027e+01,4.92095712616103798e-02,-2.42158221198129908e-03,-2.42158190375151017e-03,-2.33323520487283798e-07,-2.33323490788825037e-07,-2.33323490788825010e-07,-4.66647011276108782e-07,-4.66646981577650073e-07
2.03285000000000018e+01,2.03285000000000018e+01,4.91920210541850061e-02,-2.41985524318577561e-03,-2.41985493539538087e-03,-2.32990846476960384e-07,-2.32990816841987456e-07,-2.32990816841987482e-07,-4.65981663318947866e-07,-4.65981633683974911e-07
2.03357500000000009e+01,2.03357500000000009e+01,4.91744833605841924e-02,-2.41813012113212267e-03,-2.41812981378037141e-03,-2.32658765165988031e-07,-2.32658735594345745e-07,-2.32658735594345798e-07,-4.65317500760333802e-07,-4.65317471188691543e-07
2.03430000000000000e+01,2.03430000000000000e+01,4.91569581674285994e-02,-2.41640684318777943e-03,-2.41640653627432514e-03,-2.32327275287619783e-07,-2.32327245779192095e-07,-2.32327245779192122e-07,-4.64654521066811904e-07,-4.64654491558384190e-07
2.03502500000000026e+01,2.03502500000000026e+01,4.91394454613579626e-02,-2.41468540672640231e-03,-2.41468510024977351e-03,-2.31996375578413090e-07,-2.31996346132976066e-07,-2.31996346132976092e-07,-4.63992721711389182e-07,-4.63992692265952132e-07
2.03575000000000017e+01,2.03575000000000017e+01,4.91219452290310651e-02,-2.41296580912431224e-03,-2.41296550308392780e-03,-2.31666064777880144e-07,-2.31666035395295744e-07,-2.31666035395295770e-07,-4.63332100173175940e-07,-4.63332070790591488e-07
2.03647500000000008e+01,2.03647500000000008e+01,4.91044574571256678e-02,-2.41124804776315926e-03,-2.41124774215866486e-03,-2.31336341628736007e-07,-2.31336312308888214e-07,-2.31336312308888214e-07,-4.62672653937624221e-07,-4.62672624617776428e-07
2.03719999999999999e+01,2.03719999999999999e+01,4.90869821323385025e-02,-2.40953212003036654e-03,-2.40953181486051968e-03,-2.31007204876933208e-07,-2.31007175619621090e-07,-2.31007175619621037e-07,-4.62014380496554271e-07,-4.62014351239242126e-07
2.03792500000000025e+01,2.03792500000000025e+01,4.90695192413852233e-02,-2.40781802331646588e-03,-2.40781771858067503e-03,-2.30678653271397783e-07,-2.30678624076483061e-07,-2.30678624076483061e-07,-4.61357277347880844e-07,-4.61357248152966123e-07
2.03865000000000016e+01,2.03865000000000016e+01,4.90520687710004136e-02,-2.40610575501687407e-03,-2.40610545071495404e-03,-2.30350685564192623e-07,-2.30350656431576275e-07,-2.30350656431576249e-07,-4.60701341995768846e-07,-4.60701312863152498e-07
2.03937500000000007e+01,2.03937500000000007e+01,4.90346307079374821e-02,-2.40439531253411332e-03,-2.40439500866380549e-03,-2.30023300510721186e-07,-2.30023271440105903e-07,-2.30023271440105903e-07,-4.60046571950827090e-07,-4.60046542880211806e-07
2.04009999999999998e+01,2.04009999999999998e+01,4.90172050389686767e-02,-2.40268669327114992e-03,-2.40268638983229645e-03,-2.29696496869082214e-07,-2.29696467860372149e-07,-2.29696467860372175e-07,-4.59392964729454389e-07,-4.59392935720744350e-07
2.04082500000000024e+01,2.04082500000000024e+01,4.89997917508850495e-02,-2.40097989463716743e-03,-2.40097959163010268e-03,-2.29370273400614932e-07,-2.29370244453761433e-07,-2.29370244453761406e-07,-4.58740517854376365e-07,-4.58740488907522813e-07
2.04155000000000015e+01,2.04155000000000015e+01,4.89823908304964362e-02,-2.39927491404845483e-03,-2.39927461147150132e-03,-2.29044628869975494e-07,-2.29044599984737871e-07,-2.29044599984737845e-07,-4.58089228854713313e-07,-4.58089199969475690e-07
2.04227500000000006e+01,2.04227500000000006e+01,4.89650022646313521e-02,-2.39757174892307745e-03,-2.39757144677535351e-03,-2.28719562044619709e-07,-2.28719533220833691e-07,-2.28719533220833691e-07,-4.57439095265453400e-07,-4.57439066441667383e-07
2.04299999999999997e+01,2.04299999999999997e+01,4.89476260401370544e-02,-2.39587039668354151e-03,-2.39587009496510309e-03,-2.28395071695050402e-07,-2.28395042932641345e-07,-2.28395042932641345e-07,-4.56790114627691747e-07,-4.56790085865282689e-07
2.04372500000000024e+01,2.04372500000000024e+01,4.89302621438794313e-02,-2.39417085475990277e-03,-2.39417055346876056e-03,-2.28071156595105749e-07,-2.28071127893804348e-07,-2.28071127893804322e-07,-4.56142284488910098e-07,-4.56142255787608644e-07
2.04445000000000014e+01,2.04445000000000014e+01,4.89129105627430297e-02,-2.39247312058266104e-03,-2.39247281971889875e-03,-2.27747815521274372e-07,-2.27747786881009186e-07,-2.27747786881009186e-07,-4.55495602402283532e-07,-4.55495573762018372e-07
2.04517500000000005e+01,2.04517500000000005e+01,4.88955712836309855e-02,-2.39077719158942159e-03,-2.39077689115263893e-03,-2.27425047253322460e-07,-2.27425018673976068e-07,-2.27425018673976015e-07,-4.54850065927298475e-07,-4.54850037347952084e-07
2.04589999999999996e+01,2.04589999999999996e+01,4.88782442934649827e-02,-2.38908306522356284e-03,-2.38908276521164215e-03,-2.27102850574158481e-07,-2.27102822055450464e-07,-2.27102822055450438e-07,-4.54205672629608919e-07,-4.54205644110900928e-07
2.04662500000000023e+01,2.04662500000000023e+01,4.88609295791852388e-02,-2.38739073892979548e-03,-2.38739043934209881e-03,-2.26781224269403689e-07,-2.26781195811194682e-07,-2.26781195811194682e-07,-4.53562420080598398e-07,-4.53562391622389365e-07
2.04735000000000014e+01,2.04735000000000014e+01,4.88436271277505052e-02,-2.38570021015771516e-03,-2.38569991099472477e-03,-2.26460167127722458e-07,-2.26460138729979719e-07,-2.26460138729979772e-07,-4.52920305857702230e-07,-4.52920277459959491e-07
2.04807500000000005e+01,2.04807500000000005e+01,4.88263369261379560e-02,-2.38401147636446709e-03,-2.38401117762474316e-03,-2.26139677941067479e-07,-2.26139649603575994e-07,-2.26139649603575994e-07,-4.52279327544643473e-07,-4.52279299207151988e-07
2.04879999999999995e+01,2.04879999999999995e+01,4.88090589613432296e-02,-2.38232453500852870e-03,-2.38232423669187954e-03,-2.25819755504081673e-07,-2.25819727226745064e-07,-2.25819727226745064e-07,-4.51639482730826710e-07,-4.51639454453490128e-07
2.04952500000000022e+01,2.04952500000000022e+01,4.87917932203803251e-02,-2.38063938355548288e-03,-2.38063908566035157e-03,-2.25500398614638568e-07,-2.25500370397231393e-07,-2.25500370397231367e-07,-4.51000769011869935e-07,-4.51000740794462734e-07
2.05025000000000013e+01,2.05025000000000013e+01,4.87745396902816708e-02,-2.37895601947224478e-03,-2.37895572199886204e-03,-2.25181606073287763e-07,-2.25181577915754145e-07,-2.25181577915754171e-07,-4.50363183989041961e-07,-4.50363155831508343e-07
2.05097500000000004e+01,2.05097500000000004e+01,4.87572983580979794e-02,-2.37727444023416723e-03,-2.37727414318058368e-03,-2.24863376683920111e-07,-2.24863348585998077e-07,-2.24863348585998077e-07,-4.49726725269918188e-07,-4.49726697171996155e-07
2.05169999999999995e+01,2.05169999999999995e+01,4.87400692108982819e-02,-2.37559464331660308e-03,-2.37559434668315481e-03,-2.24545709252961474e-07,-2.24545681214605603e-07,-2.24545681214605603e-07,-4.49091390467567077e-07,-4.49091362429211206e-07
2.05242500000000021e+01,2.05242500000000021e+01,4.87228522357698798e-02,-2.37391662620378696e-03,-2.37391632998866595e-03,-2.24228602590205888e-07,-2.24228574611168238e-07,-2.24228574611168291e-07,-4.48457177201374153e-07,-4.48457149222336528e-07
2.05315000000000012e+01,2.05315000000000012e+01,4.87056474198183237e-02,-2.37224038638084167e-03,-2.37224009058365545e-03,-2.23912055508052176e-07,-2.23912027588218952e-07,-2.23912027588218952e-07,-4.47824083096271102e-07,-4.47824055176437904e-07
2.05387500000000003e+01,2.05387500000000003e+01,4.86884547501673648e-02,-2.37056592133821908e-03,-2.37056562595909515e-03,-2.23596066821916184e-07,-2.23596038961222774e-07,-2.23596038961222747e-07,-4.47192105783138905e-07,-4.47192077922445548e-07
2.05459999999999994e+01,2.05459999999999994e+01,4.86712742139589205e-02,-2.36889322857258833e-03,-2.36889293361038263e-03,-2.23280635350307124e-07,-2.23280607548569192e-07,-2.23280607548569165e-07,-4.46561242898876289e-07,-4.46561215097138384e-07
2.05532500000000020e+01,2.05532500000000020e+01,4.86541057983530534e-02,-2.36722230558417124e-03,-2.36722201103733206e-03,-2.22965759914568511e-07,-2.22965732171563711e-07,-2.22965732171563711e-07,-4.45931492086132222e-07,-4.45931464343127422e-07
2.05605000000000011e+01,2.05605000000000011e+01,4.86369494905279504e-02,-2.36555314987541010e-03,-2.36555285574416730e-03,-2.22651439338746108e-07,-2.22651411654420099e-07,-2.22651411654420099e-07,-4.45302850993166207e-07,-4.45302823308840197e-07
2.05677500000000002e+01,2.05677500000000002e+01,4.86198052776798603e-02,-2.36388575895629671e-03,-2.36388546523950667e-03,-2.22337672450081958e-07,-2.22337644824251382e-07,-2.22337644824251382e-07,-4.44675317274333314e-07,-4.44675289648502764e-07
2.05749999999999993e+01,2.05749999999999993e+01,4.86026731470230872e-02,-2.36222013033948741e-03,-2.36221983703635910e-03,-2.22024458078547189e-07,-2.22024430511062148e-07,-2.22024430511062121e-07,-4.44048888589609310e-07,-4.44048861022124295e-07
2.05822500000000019e+01,2.05822500000000019e+01,4.85855530857899343e-02,-2.36055626154252352e-03,-2.36055596865211194e-03,-2.21711795057043902e-07,-2.21711767547740283e-07,-2.21711767547740283e-07,-4.43423562604784158e-07,-4.43423535095480566e-07
2.05895000000000010e+01,2.05895000000000010e+01,4.85684450812307253e-02,-2.35889415008605496e-03,-2.35889385760852492e-03,-2.21399682221231157e-07,-2.21399654770049325e-07,-2.21399654770049325e-07,-4.42799336991280482e-07,-4.42799309540098650e-07
2.05967500000000001e+01,2.05967500000000001e+01,4.85513491206136863e-02,-2.35723379349739304e-03,-2.35723350143171540e-03,-2.21088118409851005e-07,-2.21088091016619435e-07,-2.21088091016619461e-07,-4.42176209426470467e-07,-4.42176182033238923e-07
2.06040000000000028e+01,2.06040000000000028e+01,4.85342651912250012e-02,-2.35557518930740173e-03,-2.35557489765215447e-03,-2.20777102464429348e-07,-2.20777075128940014e-07,-2.20777075128940014e-07,-4.41554177593369388e-07,-4.41554150257880027e-07
2.06112500000000018e+01,2.06112500000000018e+01,4.85171932803687284e-02,-2.35391833505005366e-03,-2.35391804380465650e-03,-2.20466633229227686e-07,-2.20466605951351812e-07,-2.20466605951351759e-07,-4.40933239180579446e-07,-4.40933211902703572e-07
2.06185000000000009e+01,2.06185000000000009e+01,4.85001333753667802e-02,-2.35226322826420642e-03,-2.35226293742836663e-03,-2.20156709551402177e-07,-2.20156682331038093e-07,-2.20156682331038067e-07,-4.40313391882440217e-07,-4.40313364662076134e-07
2.06257500000000000e+01,2.06257500000000000e+01,4.84830854635589018e-02,-2.35060986649360260e-03,-2.35060957606675639e-03,-2.19847330280996592e-07,-2.19847303118017455e-07,-2.19847303118017482e-07,-4.39694633399014047e-07,-4.39694606236034963e-07
2.06330000000000027e+01,2.06330000000000027e+01,4.84660495323026158e-02,-2.34895824728686975e-03,-2.34895795726761071e-03,-2.19538494270934932e-07,-2.19538467165135363e-07,-2.19538467165135337e-07,-4.39076961436070269e-07,-4.39076934330270673e-07
2.06402500000000018e+01,2.06402500000000018e+01,4.84490255689732432e-02,-2.34730836819529998e-03,-2.34730807858302311e-03,-2.19230200376806970e-07,-2.19230173328056844e-07,-2.19230173328056844e-07,-4.38460373704863814e-07,-4.38460346656113687e-07
2.06475000000000009e+01,2.06475000000000009e+01,4.84320135609637922e-02,-2.34566022677462627e-03,-2.34565993756938101e-03,-2.18922447457027096e-07,-2.18922420465257617e-07,-2.18922420465257564e-07,-4.37844867922284659e-07,-4.37844840930515181e-07
2.06547499999999999e+01,2.06547499999999999e+01,4.84150134956850137e-02,-2.34401382058591068e-03,-2.34401353178736180e-03,-2.18615234372910336e-07,-2.18615207438016922e-07,-2.18615207438016949e-07,-4.37230441810927284e-07,-4.37230414876033897e-07
2.06620000000000026e+01,2.06620000000000026e+01,4.83980253605652833e-02,-2.34236914719598843e-03,-2.34236885880192026e-03,-2.18308559988706422e-07,-2.18308533110409368e-07,-2.18308533110409394e-07,-4.36617093099115816e-07,-4.36617066220818789e-07
2.06692500000000017e+01,2.06692500000000017e+01,4.83810491430506640e-02,-2.34072620417258292e-03,-2.34072591618228335e-03,-2.18002423171137364e-07,-2.18002396349297623e-07,-2.18002396349297597e-07,-4.36004819520434987e-07,-4.36004792698595246e-07
2.06765000000000008e+01,2.06765000000000008e+01,4.83640848306047880e-02,-2.33908498908785845e-03,-2.33908470150193636e-03,-2.17696822789721861e-07,-2.17696796024323525e-07,-2.17696796024323499e-07,-4.35393618814045386e-07,-4.35393592048647051e-07
2.06837499999999999e+01,2.06837499999999999e+01,4.83471324107088915e-02,-2.33744549952152880e-03,-2.33744521233861810e-03,-2.17391757717057764e-07,-2.17391731007901225e-07,-2.17391731007901251e-07,-4.34783488724959015e-07,-4.34783462015802450e-07
2.06910000000000025e+01,2.06910000000000025e+01,4.83301918708617245e-02,-2.33580773305552825e-03,-2.33580744627430838e-03,-2.17087226828318644e-07,-2.17087200175208952e-07,-2.17087200175208925e-07,-4.34174427003527569e-07,-4.34174400350417850e-07
2.06982500000000016e+01,2.06982500000000016e+01,4.83132631985795855e-02,-2.33417168727489965e-03,-2.33417140089522447e-03,-2.16783229001330239e-07,-2.16783202404181843e-07,-2.16783202404181869e-07,-4.33566431405512108e-07,-4.33566404808363738e-07
2.07055000000000007e+01,2.07055000000000007e+01,4.82963463813962449e-02,-2.33253735977001497e-03,-2.33253707379180641e-03,-2.16479763116769584e-07,-2.16479736575503445e-07,-2.16479736575503419e-07,-4.32959499692273003e-07,-4.32959473151006891e-07
2.07127499999999998e+01,2.07127499999999998e+01,4.82794414068629246e-02,-2.33090474813701931e-03,-2.33090446255871005e-03,-2.16176828058199371e-07,-2.16176801572598385e-07,-2.16176801572598438e-07,-4.32353629630797836e-07,-4.32353603145196823e-07
2.07200000000000024e+01,2.07200000000000024e+01,4.82625482625482563e-02,-2.32927384997427822e-03,-2.32927356479479966e-03,-2.15874422711731041e-07,-2.15874396281624795e-07,-2.15874396281624821e-07,-4.31748818993355863e-07,-4.31748792563249590e-07
2.07272500000000015e+01,2.07272500000000015e+01,4.82456669360383020e-02,-2.32764466288326588e-03,-2.32764437810313932e-03,-2.15572545966101174e-07,-2.15572519591466798e-07,-2.15572519591466798e-07,-4.31145065557567998e-07,-4.31145039182933596e-07
2.07345000000000006e+01,2.07345000000000006e+01,4.82287974149364571e-02,-2.32601718447256189e-03,-2.32601690009098154e-03,-2.15271196713034577e-07,-2.15271170393726381e-07,-2.15271170393726381e-07,-4.30542367106760985e-07,-4.30542340787452763e-07
2.07417499999999997e+01,2.07417499999999997e+01,4.82119396868634503e-02,-2.32439141235429858e-03,-2.32439112836975914e-03,-2.14970373846908250e-07,-2.14970347582716144e-07,-2.14970347582716118e-07,-4.29940721429624341e-07,-4.29940695165432235e-07
2.07490000000000023e+01,2.07490000000000023e+01,4.81950937394573162e-02,-2.32276734414238462e-03,-2.32276706055507777e-03,-2.14670076264580443e-07,-2.14670050055451513e-07,-2.14670050055451513e-07,-4.29340126320031956e-07,-4.29340100110903027e-07
2.07562500000000014e+01,2.07562500000000014e+01,4.81782595603733807e-02,-2.32114497745827819e-03,-2.32114469426670904e-03,-2.14370302865918252e-07,-2.14370276711643944e-07,-2.14370276711643944e-07,-4.28740579577562169e-07,-4.28740553423287888e-07
2.07635000000000005e+01,2.07635000000000005e+01,4.81614371372841785e-02,-2.31952430992476977e-03,-2.31952402712857532e-03,-2.14071052553215550e-07,-2.14071026453692155e-07,-2.14071026453692128e-07,-4.28142079006907705e-07,-4.28142052907384309e-07
2.07707499999999996e+01,2.07707499999999996e+01,4.81446264578794733e-02,-2.31790533916997887e-03,-2.31790505676874800e-03,-2.13772324231556045e-07,-2.13772298186675565e-07,-2.13772298186675565e-07,-4.27544622418231636e-07,-4.27544596373351131e-07
2.07780000000000022e+01,2.07780000000000022e+01,4.81278275098662028e-02,-2.31628806282779820e-03,-2.31628778081943406e-03,-2.13474116808847054e-07,-2.13474090818346355e-07,-2.13474090818346329e-07,-4.26948207627193383e-07,-4.26948181636692710e-07
2.07852500000000013e+01,2.07852500000000013e+01,4.81110402809684715e-02,-2.31467247853167635e-03,-2.31467219691697083e-03,-2.13176429195240006e-07,-2.13176403259122528e-07,-2.13176403259122528e-07,-4.26352832454362507e-07,-4.26352806518245056e-07
2.07925000000000004e+01,2.07925000000000004e+01,4.80942647589274949e-02,-2.31305858392394370e-03,-2.31305830270181522e-03,-2.12879260303983131e-07,-2.12879234422079785e-07,-2.12879234422079812e-07,-4.25758494726062943e-07,-4.25758468844159623e-07
2.07997499999999995e+01,2.07997499999999995e+01,4.80775009315015794e-02,-2.31144637664870700e-03,-2.31144609581853538e-03,-2.12582609050760173e-07,-2.12582583222944645e-07,-2.12582583222944671e-07,-4.25165192273704844e-07,-4.25165166445889290e-07
2.08070000000000022e+01,2.08070000000000022e+01,4.80607487864660871e-02,-2.30983585435451388e-03,-2.30983557391580170e-03,-2.12286474353929142e-07,-2.12286448580086659e-07,-2.12286448580086606e-07,-4.24572922934015774e-07,-4.24572897160173265e-07
2.08142500000000013e+01,2.08142500000000013e+01,4.80440083116134356e-02,-2.30822701469435287e-03,-2.30822673464638065e-03,-2.11990855134516070e-07,-2.11990829414511611e-07,-2.11990829414511637e-07,-4.23981684549027734e-07,-4.23981658829023274e-07
2.08215000000000003e+01,2.08215000000000003e+01,4.80272794947530224e-02,-2.30661985532565339e-03,-2.30661957566712398e-03,-2.11695750316207813e-07,-2.11695724649853626e-07,-2.11695724649853626e-07,-4.23391474966061440e-07,-4.23391449299707253e-07
2.08287499999999994e+01,2.08287499999999994e+01,4.80105623237112172e-02,-2.30501437390850938e-03,-2.30501409463895919e-03,-2.11401158825182904e-07,-2.11401133212368002e-07,-2.11401133212367976e-07,-4.22802292037550880e-07,-4.22802266424735951e-07
2.08360000000000021e+01,2.08360000000000021e+01,4.79938567863313417e-02,-2.30341056810789979e-03,-2.30341028922688299e-03,-2.11107079590308730e-07,-2.11107054030923952e-07,-2.11107054030923925e-07,-4.22214133621232682e-07,-4.22214108061847903e-07
2.08432500000000012e+01,2.08432500000000012e+01,4.79771628704736552e-02,-2.30180843559280035e-03,-2.30180815709995568e-03,-2.10813511543053678e-07,-2.10813486036997829e-07,-2.10813486036997803e-07,-4.21626997580051454e-07,-4.21626972073995659e-07
2.08505000000000003e+01,2.08505000000000003e+01,4.79604805640152509e-02,-2.30020797403751587e-03,-2.30020769593128468e-03,-2.10520453617602358e-07,-2.10520428164664792e-07,-2.10520428164664766e-07,-4.21040881782267150e-07,-4.21040856329329532e-07
2.08577499999999993e+01,2.08577499999999993e+01,4.79438098548501182e-02,-2.29860918111723933e-03,-2.29860890339802322e-03,-2.10227904750442727e-07,-2.10227879350592502e-07,-2.10227879350592528e-07,-4.20455784101035255e-07,-4.20455758701185056e-07
2.08650000000000020e+01,2.08650000000000020e+01,4.79271507308890454e-02,-2.29701205451515733e-03,-2.29701177718135818e-03,-2.09935863881010073e-07,-2.09935838534033524e-07,-2.09935838534033550e-07,-4.19871702415043650e-07,-4.19871677068067100e-07
2.08722500000000011e+01,2.08722500000000011e+01,4.79105031800596479e-02,-2.29541659191445646e-03,-2.29541631496650534e-03,-2.09644329950949355e-07,-2.09644304656818502e-07,-2.09644304656818502e-07,-4.19288634607767857e-07,-4.19288609313637005e-07
2.08795000000000002e+01,2.08795000000000002e+01,4.78938671903062843e-02,-2.29382279100720510e-03,-2.29382251444269682e-03,-2.09353301904920359e-07,-2.09353276663348430e-07,-2.09353276663348404e-07,-4.18706578568268736e-07,-4.18706553326696861e-07
2.08867499999999993e+01,2.08867499999999993e+01,4.78772427495900502e-02,-2.29223064948325117e-03,-2.29223037330317323e-03,-2.09062778689577688e-07,-2.09062753500587871e-07,-2.09062753500587844e-07,-4.18125532190165505e-07,-4.18125507001175741e-07
2.08940000000000019e+01,2.08940000000000019e+01,4.78606298458887705e-02,-2.29064016504221257e-03,-2.29063988924517892e-03,-2.08772759254658773e-07,-2.08772734118057838e-07,-2.08772734118057812e-07,-4.17545493372716612e-07,-4.17545468236115623e-07
2.09012500000000010e+01,2.09012500000000010e+01,4.78440284671969376e-02,-2.28905133538459538e-03,-2.28905105996995073e-03,-2.08483242552167179e-07,-2.08483217467828864e-07,-2.08483217467828864e-07,-4.16966460019996043e-07,-4.16966434935657729e-07
2.09085000000000001e+01,2.09085000000000001e+01,4.78274386015256972e-02,-2.28746415821579063e-03,-2.28746388318271012e-03,-2.08194227536730759e-07,-2.08194202504513506e-07,-2.08194202504513559e-07,-4.16388430041244318e-07,-4.16388405009027064e-07
2.09157500000000027e+01,2.09157500000000027e+01,4.78108602369028066e-02,-2.28587863124474211e-03,-2.28587835659265371e-03,-2.07905713165473895e-07,-2.07905688185259488e-07,-2.07905688185259541e-07,-4.15811401350733436e-07,-4.15811376370519029e-07
2.09230000000000018e+01,2.09230000000000018e+01,4.77942933613726487e-02,-2.28429475218394629e-03,-2.28429447791294975e-03,-2.07617698398011666e-07,-2.07617673469743090e-07,-2.07617673469743090e-07,-4.15235371867754756e-07,-4.15235346939486180e-07
2.09302500000000009e+01,2.09302500000000009e+01,4.77777379629961418e-02,-2.28271251875211689e-03,-2.28271224486072252e-03,-2.07330182196685302e-07,-2.07330157320161333e-07,-2.07330157320161333e-07,-4.14660339516846634e-07,-4.14660314640322666e-07
2.09375000000000000e+01,2.09375000000000000e+01,4.77611940298507467e-02,-2.28113192866929992e-03,-2.28113165515705062e-03,-2.07043163526112246e-07,-2.07043138701225683e-07,-2.07043138701225656e-07,-4.14086302227337876e-07,-4.14086277402451365e-07
2.09447500000000026e+01,2.09447500000000026e+01,4.77446615500304317e-02,-2.27955297966087045e-03,-2.27955270652695436e-03,-2.06756641353542921e-07,-2.06756616580154610e-07,-2.06756616580154584e-07,-4.13513257933697505e-07,-4.13513233160309221e-07
2.09520000000000017e+01,2.09520000000000017e+01,4.77281405116456656e-02,-2.27797566945531216e-03,-2.27797539669939188e-03,-2.06470614648653357e-07,-2.06470589926667399e-07,-2.06470589926667399e-07,-4.12941204575320730e-07,-4.12941179853334799e-07
2.09592500000000008e+01,2.09592500000000008e+01,4.77116309028233349e-02,-2.27639999578643781e-03,-2.27639972340724656e-03,-2.06185082383739723e-07,-2.06185057712976204e-07,-2.06185057712976204e-07,-4.12370140096715927e-07,-4.12370115425952408e-07
2.09664999999999999e+01,2.09664999999999999e+01,4.76951327117067711e-02,-2.27482595638983653e-03,-2.27482568438732140e-03,-2.05900043533390763e-07,-2.05900018913779961e-07,-2.05900018913779987e-07,-4.11800062447170750e-07,-4.11800037827559921e-07
2.09737500000000026e+01,2.09737500000000026e+01,4.76786459264556817e-02,-2.27325354900687060e-03,-2.27325327738032903e-03,-2.05615497074843442e-07,-2.05615472506256978e-07,-2.05615472506256952e-07,-4.11230969581100367e-07,-4.11230945012513956e-07
2.09810000000000016e+01,2.09810000000000016e+01,4.76621705352461705e-02,-2.27168277138201091e-03,-2.27168250013088822e-03,-2.05331441987735614e-07,-2.05331417470058742e-07,-2.05331417470058715e-07,-4.10662859457794303e-07,-4.10662834940117431e-07
2.09882500000000007e+01,2.09882500000000007e+01,4.76457065262706481e-02,-2.27011362126372518e-03,-2.27011335038750962e-03,-2.05047877254180375e-07,-2.05047852787302371e-07,-2.05047852787302344e-07,-4.10095730041482719e-07,-4.10095705574604689e-07
2.09954999999999998e+01,2.09954999999999998e+01,4.76292538877378518e-02,-2.26854609640536609e-03,-2.26854582590259096e-03,-2.04764801858839965e-07,-2.04764777442564159e-07,-2.04764777442564186e-07,-4.09529579301404177e-07,-4.09529554885128372e-07
2.10027500000000025e+01,2.10027500000000025e+01,4.76128126078727704e-02,-2.26698019456206268e-03,-2.26697992443240836e-03,-2.04482214788639157e-07,-2.04482190422872694e-07,-2.04482190422872694e-07,-4.08964405211511825e-07,-4.08964380845745388e-07
2.10100000000000016e+01,2.10100000000000016e+01,4.75963826749167054e-02,-2.26541591349382898e-03,-2.26541564373711115e-03,-2.04200115033040170e-07,-2.04200090717702555e-07,-2.04200090717702528e-07,-4.08400205750742698e-07,-4.08400181435405109e-07
2.10172500000000007e+01,2.10172500000000007e+01,4.75799640771271196e-02,-2.26385325096556400e-03,-2.26385298158070713e-03,-2.03918501584035998e-07,-2.03918477318966558e-07,-2.03918477318966585e-07,-4.07836978903002582e-07,-4.07836954637933169e-07
2.10244999999999997e+01,2.10244999999999997e+01,4.75635568027777123e-02,-2.26229220474349901e-03,-2.26229193573106212e-03,-2.03637373435824592e-07,-2.03637349221010094e-07,-2.03637349221010094e-07,-4.07274722656834660e-07,-4.07274698442020188e-07
2.10317500000000024e+01,2.10317500000000024e+01,4.75471608401583298e-02,-2.26073277260230299e-03,-2.26073250395988565e-03,-2.03356729585442527e-07,-2.03356705420603528e-07,-2.03356705420603555e-07,-4.06713435006046108e-07,-4.06713410841207057e-07
2.10390000000000015e+01,2.10390000000000015e+01,4.75307761775749793e-02,-2.25917495231486853e-03,-2.25917468404272922e-03,-2.03076569031839926e-07,-2.03076544916936591e-07,-2.03076544916936538e-07,-4.06153113948776464e-07,-4.06153089833873128e-07
2.10462500000000006e+01,2.10462500000000006e+01,4.75144028033497659e-02,-2.25761874166208187e-03,-2.25761847375897202e-03,-2.02796890776753364e-07,-2.02796866711610434e-07,-2.02796866711610408e-07,-4.05593757488363772e-07,-4.05593733423220869e-07
2.10534999999999997e+01,2.10534999999999997e+01,4.74980407058208862e-02,-2.25606413842571740e-03,-2.25606387089181785e-03,-2.02517693824061055e-07,-2.02517669808631972e-07,-2.02517669808631972e-07,-4.05035363632693053e-07,-4.05035339617263944e-07
2.10607500000000023e+01,2.10607500000000023e+01,4.74816898733425863e-02,-2.25451114039421086e-03,-2.25451087322828389e-03,-2.02238977180295712e-07,-2.02238953214406701e-07,-2.02238953214406701e-07,-4.04477930394702413e-07,-4.04477906428813401e-07
2.10680000000000014e+01,2.10680000000000014e+01,4.74653502942851691e-02,-2.25295974535688615e-03,-2.25295947855919717e-03,-2.01960739854120387e-07,-2.01960715937732722e-07,-2.01960715937732748e-07,-4.03921455791853162e-07,-4.03921431875465497e-07
2.10752500000000005e+01,2.10752500000000005e+01,4.74490219570349106e-02,-2.25140995111017261e-03,-2.25140968467918120e-03,-2.01682980856880129e-07,-2.01682956989793408e-07,-2.01682956989793382e-07,-4.03365937846673511e-07,-4.03365913979586763e-07
2.10824999999999996e+01,2.10824999999999996e+01,4.74327048499940743e-02,-2.24986175545138778e-03,-2.24986148938665113e-03,-2.01405699202038762e-07,-2.01405675384151209e-07,-2.01405675384151209e-07,-4.02811374586189945e-07,-4.02811350768302418e-07
2.10897500000000022e+01,2.10897500000000022e+01,4.74163989615808551e-02,-2.24831515618317823e-03,-2.24831489048380601e-03,-2.01128893905571086e-07,-2.01128870136741034e-07,-2.01128870136741034e-07,-4.02257764042312094e-07,-4.02257740273482068e-07
2.10970000000000013e+01,2.10970000000000013e+01,4.74001042802294145e-02,-2.24677015111041101e-03,-2.24676988577662265e-03,-2.00852563985678988e-07,-2.00852540265864270e-07,-2.00852540265864270e-07,-4.01705104251543258e-07,-4.01705080531728541e-07
2.11042500000000004e+01,2.11042500000000004e+01,4.73838207943897555e-02,-2.24522673804461448e-03,-2.24522647307484309e-03,-2.00576708463182401e-07,-2.00576684792181292e-07,-2.00576684792181292e-07,-4.01153393255363693e-07,-4.01153369584362585e-07
2.11114999999999995e+01,2.11114999999999995e+01,4.73675484925277709e-02,-2.24368491479776111e-03,-2.24368465019196984e-03,-2.00301326360957882e-07,-2.00301302738705664e-07,-2.00301302738705611e-07,-4.00602629099663519e-07,-4.00602605477411275e-07
2.11187500000000021e+01,2.11187500000000021e+01,4.73512873631251816e-02,-2.24214467918804061e-03,-2.24214441494525844e-03,-2.00026416704448709e-07,-2.00026393130797389e-07,-2.00026393130797362e-07,-4.00052809835246071e-07,-4.00052786261594724e-07
2.11260000000000012e+01,2.11260000000000012e+01,4.73350373946795425e-02,-2.24060602903630723e-03,-2.24060576515571061e-03,-1.99751978521341977e-07,-1.99751954996157008e-07,-1.99751954996157008e-07,-3.99503933517498985e-07,-3.99503909992314016e-07
2.11332500000000003e+01,2.11332500000000003e+01,4.73187985757041601e-02,-2.23906896216696794e-03,-2.23906869864806202e-03,-1.99478010841641971e-07,-1.99477987364818295e-07,-1.99477987364818348e-07,-3.98955998206460319e-07,-3.98955974729636643e-07
2.11404999999999994e+01,2.11404999999999994e+01,4.73025708947281270e-02,-2.23753347640753830e-03,-2.23753321325078063e-03,-1.99204512697625063e-07,-1.99204489269142670e-07,-1.99204489269142670e-07,-3.98409001966767733e-07,-3.98408978538285339e-07
2.11477500000000020e+01,2.11477500000000020e+01,4.72863543402962452e-02,-2.23599956959263935e-03,-2.23599930679605364e-03,-1.98931483124189908e-07,-1.98931459743812183e-07,-1.98931459743812156e-07,-3.97862942868002064e-07,-3.97862919487624365e-07
2.11550000000000011e+01,2.11550000000000011e+01,4.72701489009690334e-02,-2.23446723955600390e-03,-2.23446697711978401e-03,-1.98658921158140029e-07,-1.98658897825823748e-07,-1.98658897825823721e-07,-3.97317818983963750e-07,-3.97317795651647495e-07
2.11622500000000002e+01,2.11622500000000002e+01,4.72539545653226853e-02,-2.23293648413802615e-03,-2.23293622206158053e-03,-1.98386825838850042e-07,-1.98386802554482337e-07,-1.98386802554482337e-07,-3.96773628393332352e-07,-3.96773605108964674e-07
2.11694999999999993e+01,2.11694999999999993e+01,4.72377713219490347e-02,-2.23140730118265296e-03,-2.23140703946475040e-03,-1.98115196207983534e-07,-1.98115172971394840e-07,-1.98115172971394893e-07,-3.96230369179378454e-07,-3.96230345942789733e-07
2.11767500000000020e+01,2.11767500000000020e+01,4.72215991594555282e-02,-2.22987968853649576e-03,-2.22987942717629102e-03,-1.97844031309408259e-07,-1.97844008120463686e-07,-1.97844008120463713e-07,-3.95688039429871972e-07,-3.95688016240927425e-07
2.11840000000000011e+01,2.11840000000000011e+01,4.72054380664652523e-02,-2.22835364404883052e-03,-2.22835338304688694e-03,-1.97573330189191265e-07,-1.97573307047880940e-07,-1.97573307047880913e-07,-3.95146637237072152e-07,-3.95146614095761880e-07
2.11912500000000001e+01,2.11912500000000001e+01,4.71892880316168231e-02,-2.22682916557603860e-03,-2.22682890493089468e-03,-1.97303091895986623e-07,-1.97303068802121340e-07,-1.97303068802121340e-07,-3.94606160698107937e-07,-3.94606137604242680e-07
2.11985000000000028e+01,2.11985000000000028e+01,4.71731490435643996e-02,-2.22530625097583368e-03,-2.22530599068634059e-03,-1.97033315480518025e-07,-1.97033292433936556e-07,-1.97033292433936582e-07,-3.94066607914454607e-07,-3.94066584867873112e-07
2.12057500000000019e+01,2.12057500000000019e+01,4.71570210909776771e-02,-2.22378489810770574e-03,-2.22378463817491344e-03,-1.96763999995613085e-07,-1.96763976996349100e-07,-1.96763976996349100e-07,-3.93527976991962158e-07,-3.93527953992698199e-07
2.12130000000000010e+01,2.12130000000000010e+01,4.71409041625418385e-02,-2.22226510483958251e-03,-2.22226484526195445e-03,-1.96495144496787345e-07,-1.96495121544645655e-07,-1.96495121544645629e-07,-3.92990266041432973e-07,-3.92990243089291310e-07
2.12202500000000001e+01,2.12202500000000001e+01,4.71247982469575055e-02,-2.22074686904027985e-03,-2.22074660981644908e-03,-1.96226748041570114e-07,-1.96226725136370937e-07,-1.96226725136370964e-07,-3.92453473177941077e-07,-3.92453450272741927e-07
2.12275000000000027e+01,2.12275000000000027e+01,4.71087033329407531e-02,-2.21923018858039001e-03,-2.21922992971102309e-03,-1.95958809689578453e-07,-1.95958786831321895e-07,-1.95958786831321921e-07,-3.91917596520900374e-07,-3.91917573662643843e-07
2.12347500000000018e+01,2.12347500000000018e+01,4.70926194092230882e-02,-2.21771506133761065e-03,-2.21771480282193520e-03,-1.95691328502982538e-07,-1.95691305691541676e-07,-1.95691305691541650e-07,-3.91382634194524161e-07,-3.91382611383083352e-07
2.12420000000000009e+01,2.12420000000000009e+01,4.70765464645513595e-02,-2.21620148519230398e-03,-2.21620122702906319e-03,-1.95424303546107159e-07,-1.95424280781312587e-07,-1.95424280781312587e-07,-3.90848584327419720e-07,-3.90848561562625175e-07
2.12492500000000000e+01,2.12492500000000000e+01,4.70604844876877995e-02,-2.21468945802660855e-03,-2.21468920021590391e-03,-1.95157733885348579e-07,-1.95157711167150904e-07,-1.95157711167150957e-07,-3.90315445052499536e-07,-3.90315422334301862e-07
2.12565000000000026e+01,2.12565000000000026e+01,4.70444334674099615e-02,-2.21317897772888017e-03,-2.21317872026956242e-03,-1.94891618589560673e-07,-1.94891595917800415e-07,-1.94891595917800415e-07,-3.89783214507361088e-07,-3.89783191835600830e-07
2.12637500000000017e+01,2.12637500000000017e+01,4.70283933925107270e-02,-2.21167004218925101e-03,-2.21166978508074638e-03,-1.94625956729657909e-07,-1.94625934104226568e-07,-1.94625934104226568e-07,-3.89251890833884450e-07,-3.89251868208453135e-07
2.12710000000000008e+01,2.12710000000000008e+01,4.70123642517982221e-02,-2.21016264930185002e-03,-2.21016239254375520e-03,-1.94360747378805745e-07,-1.94360724799609935e-07,-1.94360724799609935e-07,-3.88721472178415680e-07,-3.88721449599219871e-07
2.12782499999999999e+01,2.12782499999999999e+01,4.69963460340958525e-02,-2.20865679696435890e-03,-2.20865654055647700e-03,-1.94095989612375975e-07,-1.94095967079340656e-07,-1.94095967079340656e-07,-3.88191956691716630e-07,-3.88191934158681311e-07
2.12855000000000025e+01,2.12855000000000025e+01,4.69803387282422269e-02,-2.20715248307978840e-03,-2.20715222702037644e-03,-1.93831682508097553e-07,-1.93831660021012051e-07,-1.93831660021012024e-07,-3.87663342529109578e-07,-3.87663320042024102e-07
2.12927500000000016e+01,2.12927500000000016e+01,4.69643423230911919e-02,-2.20564970555159334e-03,-2.20564944984049435e-03,-1.93567825145622120e-07,-1.93567802704415257e-07,-1.93567802704415283e-07,-3.87135627850037403e-07,-3.87135605408830566e-07
2.13000000000000007e+01,2.13000000000000007e+01,4.69483568075117347e-02,-2.20414846228855765e-03,-2.20414820692543334e-03,-1.93304416606947462e-07,-1.93304394211532339e-07,-1.93304394211532365e-07,-3.86608810818479801e-07,-3.86608788423064730e-07
2.13072499999999998e+01,2.13072499999999998e+01,4.69323821703880109e-02,-2.20264875120301795e-03,-2.20264849618735442e-03,-1.93041455976256635e-07,-1.93041433626531104e-07,-1.93041433626531130e-07,-3.86082889602787792e-07,-3.86082867253062208e-07
2.13145000000000024e+01,2.13145000000000024e+01,4.69164184006192891e-02,-2.20115057021041949e-03,-2.20115031554196823e-03,-1.92778942339873251e-07,-1.92778920035758591e-07,-1.92778920035758591e-07,-3.85557862375631841e-07,-3.85557840071517181e-07
2.13217500000000015e+01,2.13217500000000015e+01,4.69004654871199578e-02,-2.19965391723064840e-03,-2.19965366290853035e-03,-1.92516874786373340e-07,-1.92516852527735773e-07,-1.92516852527735747e-07,-3.85033727314109113e-07,-3.85033705055471546e-07
2.13290000000000006e+01,2.13290000000000006e+01,4.68845234188194487e-02,-2.19815879018714355e-03,-2.19815853620982911e-03,-1.92255252406501843e-07,-1.92255230193150866e-07,-1.92255230193150839e-07,-3.84510482599652682e-07,-3.84510460386301679e-07
2.13362499999999997e+01,2.13362499999999997e+01,4.68685921846622514e-02,-2.19666518700378788e-03,-2.19666493337218344e-03,-1.91994074292895651e-07,-1.91994052124854108e-07,-1.91994052124854134e-07,-3.83988126417749785e-07,-3.83988104249708268e-07
2.13435000000000024e+01,2.13435000000000024e+01,4.68526717736078846e-02,-2.19517310561290202e-03,-2.19517285232543290e-03,-1.91733339540777544e-07,-1.91733317417851463e-07,-1.91733317417851490e-07,-3.83466656958629033e-07,-3.83466634835702926e-07
2.13507500000000014e+01,2.13507500000000014e+01,4.68367621746308624e-02,-2.19368254394636253e-03,-2.19368229100293244e-03,-1.91473047247174479e-07,-1.91473025169299329e-07,-1.91473025169299302e-07,-3.82946072416473782e-07,-3.82946050338598604e-07
2.13580000000000005e+01,2.13580000000000005e+01,4.68208633767206658e-02,-2.19219349994137502e-03,-2.19219324734154248e-03,-1.91213196511416685e-07,-1.91213174478497861e-07,-1.91213174478497861e-07,-3.82426370989914572e-07,-3.82426348956995722e-07
2.13652499999999996e+01,2.13652499999999996e+01,4.68049753688817155e-02,-2.19070597153914193e-03,-2.19070571928162410e-03,-1.90953786435016000e-07,-1.90953764446885790e-07,-1.90953764446885737e-07,-3.81907550881901763e-07,-3.81907528893771527e-07
2.13725000000000023e+01,2.13725000000000023e+01,4.67890981401333436e-02,-2.18921995668264202e-03,-2.18921970476702952e-03,-1.90694816121467194e-07,-1.90694794178034198e-07,-1.90694794178034224e-07,-3.81389610299501391e-07,-3.81389588356068395e-07
2.13797500000000014e+01,2.13797500000000014e+01,4.67732316795098149e-02,-2.18773545331929498e-03,-2.18773520174510034e-03,-1.90436284676475369e-07,-1.90436262777641649e-07,-1.90436262777641675e-07,-3.80872547454117044e-07,-3.80872525555283350e-07
2.13870000000000005e+01,2.13870000000000005e+01,4.67573759760602226e-02,-2.18625245939962909e-03,-2.18625220816665369e-03,-1.90178191207834253e-07,-1.90178169353527069e-07,-1.90178169353527043e-07,-3.80356360561361322e-07,-3.80356338707054086e-07
2.13942499999999995e+01,2.13942499999999995e+01,4.67415310188485228e-02,-2.18477097287861355e-03,-2.18477072198597876e-03,-1.89920534825537237e-07,-1.89920513015624903e-07,-1.89920513015624877e-07,-3.79841047841162140e-07,-3.79841026031249806e-07
2.14015000000000022e+01,2.14015000000000022e+01,4.67256967969534795e-02,-2.18329099171388208e-03,-2.18329074116082851e-03,-1.89663314641617581e-07,-1.89663292875979024e-07,-1.89663292875979024e-07,-3.79326607517596605e-07,-3.79326585751958048e-07
2.14087500000000013e+01,2.14087500000000013e+01,4.67098732994686711e-02,-2.18181251386573294e-03,-2.18181226365241629e-03,-1.89406529770143884e-07,-1.89406508048737626e-07,-1.89406508048737626e-07,-3.78813037818881537e-07,-3.78813016097475252e-07
2.14160000000000004e+01,2.14160000000000004e+01,4.66940605155024280e-02,-2.18033553730023755e-03,-2.18033528742540275e-03,-1.89150179327484335e-07,-1.89150157650146607e-07,-1.89150157650146607e-07,-3.78300336977630916e-07,-3.78300315300293215e-07
2.14232499999999995e+01,2.14232499999999995e+01,4.66782584341778189e-02,-2.17886005998479959e-03,-2.17885981044789283e-03,-1.88894262431916282e-07,-1.88894240798544408e-07,-1.88894240798544408e-07,-3.77788503230460691e-07,-3.77788481597088816e-07
2.14305000000000021e+01,2.14305000000000021e+01,4.66624670446326439e-02,-2.17738607989081956e-03,-2.17738583069142753e-03,-1.88638778203852681e-07,-1.88638756614356319e-07,-1.88638756614356319e-07,-3.77277534818209001e-07,-3.77277513228712639e-07
2.14377500000000012e+01,2.14377500000000012e+01,4.66466863360193995e-02,-2.17591359499369474e-03,-2.17591334613097915e-03,-1.88383725765836855e-07,-1.88383704220089057e-07,-1.88383704220089057e-07,-3.76767429985925912e-07,-3.76767408440178114e-07
2.14450000000000003e+01,2.14450000000000003e+01,4.66309162975052441e-02,-2.17444260327059880e-03,-2.17444235474494041e-03,-1.88129104242345136e-07,-1.88129082740324593e-07,-1.88129082740324593e-07,-3.76258186982669756e-07,-3.76258165480649186e-07
2.14522499999999994e+01,2.14522499999999994e+01,4.66151569182719772e-02,-2.17297310270536670e-03,-2.17297285451511970e-03,-1.87874912760204663e-07,-1.87874891301714917e-07,-1.87874891301714917e-07,-3.75749804061919581e-07,-3.75749782603429835e-07
2.14595000000000020e+01,2.14595000000000020e+01,4.65994081875160115e-02,-2.17150509128183344e-03,-2.17150484342673459e-03,-1.87621150448011844e-07,-1.87621129032976264e-07,-1.87621129032976238e-07,-3.75242279480988055e-07,-3.75242258065952529e-07
2.14667500000000011e+01,2.14667500000000011e+01,4.65836700944483872e-02,-2.17003856698871900e-03,-2.17003831946840529e-03,-1.87367816436550598e-07,-1.87367795064884006e-07,-1.87367795064884006e-07,-3.74735611501434604e-07,-3.74735590129768011e-07
2.14740000000000002e+01,2.14740000000000002e+01,4.65679426282946812e-02,-2.16857352781785195e-03,-2.16857328063214515e-03,-1.87114909858633043e-07,-1.87114888530266430e-07,-1.87114888530266404e-07,-3.74229798388899446e-07,-3.74229777060532861e-07
2.14812499999999993e+01,2.14812499999999993e+01,4.65522257782950283e-02,-2.16710997176594589e-03,-2.16710972491335587e-03,-1.86862429849248194e-07,-1.86862408563999476e-07,-1.86862408563999476e-07,-3.73724838413247696e-07,-3.73724817127998951e-07
2.14885000000000019e+01,2.14885000000000019e+01,4.65365195337040724e-02,-2.16564789683104664e-03,-2.16564765031082053e-03,-1.86610375545250314e-07,-1.86610354303001276e-07,-1.86610354303001276e-07,-3.73220729848251616e-07,-3.73220708606002552e-07
2.14957500000000010e+01,2.14957500000000010e+01,4.65208238837909807e-02,-2.16418730101386458e-03,-2.16418705482669714e-03,-1.86358746085469555e-07,-1.86358724886226868e-07,-1.86358724886226895e-07,-3.72717470971696450e-07,-3.72717449772453737e-07
2.15030000000000001e+01,2.15030000000000001e+01,4.65051388178393740e-02,-2.16272818232177144e-03,-2.16272793646651038e-03,-1.86107540611050852e-07,-1.86107519454662209e-07,-1.86107519454662209e-07,-3.72215060065713035e-07,-3.72215038909324419e-07
2.15102500000000028e+01,2.15102500000000028e+01,4.64894643251473061e-02,-2.16127053876391528e-03,-2.16127029323914420e-03,-1.85856758265028076e-07,-1.85856737151318697e-07,-1.85856737151318697e-07,-3.71713495416346773e-07,-3.71713474302637395e-07
2.15175000000000018e+01,2.15175000000000018e+01,4.64738003950272982e-02,-2.15981436835033236e-03,-2.15981412315683968e-03,-1.85606398192243672e-07,-1.85606377121228618e-07,-1.85606377121228592e-07,-3.71212775313472290e-07,-3.71212754242457184e-07
2.15247500000000009e+01,2.15247500000000009e+01,4.64581470168062352e-02,-2.15835966909816435e-03,-2.15835942423518203e-03,-1.85356459539877843e-07,-1.85356438511438450e-07,-1.85356438511438450e-07,-3.70712898051316319e-07,-3.70712877022876900e-07
2.15320000000000000e+01,2.15320000000000000e+01,4.64425041798253793e-02,-2.15690643902677337e-03,-2.15690619449309751e-03,-1.85106941457023842e-07,-1.85106920471004230e-07,-1.85106920471004256e-07,-3.70213861928028098e-07,-3.70213840942008512e-07
2.15392500000000027e+01,2.15392500000000027e+01,4.64268718734403424e-02,-2.15545467615729791e-03,-2.15545443195284611e-03,-1.84857843094645119e-07,-1.84857822150985889e-07,-1.84857822150985862e-07,-3.69715665245630981e-07,-3.69715644301971725e-07
2.15465000000000018e+01,2.15465000000000018e+01,4.64112500870210928e-02,-2.15400437851576143e-03,-2.15400413464001544e-03,-1.84609163605837660e-07,-1.84609142704442118e-07,-1.84609142704442118e-07,-3.69218306310279778e-07,-3.69218285408884237e-07
2.15537500000000009e+01,2.15537500000000009e+01,4.63956388099518655e-02,-2.15255554413129602e-03,-2.15255530058351165e-03,-1.84360902145672284e-07,-1.84360881286424599e-07,-1.84360881286424599e-07,-3.68721783432096909e-07,-3.68721762572849198e-07
2.15609999999999999e+01,2.15609999999999999e+01,4.63800380316311892e-02,-2.15110817103614238e-03,-2.15110792781555548e-03,-1.84113057871190086e-07,-1.84113037053972891e-07,-1.84113037053972864e-07,-3.68226094925162977e-07,-3.68226074107945728e-07
2.15682500000000026e+01,2.15682500000000026e+01,4.63644477414718315e-02,-2.14966225726609395e-03,-2.14966201437167236e-03,-1.83865629941435581e-07,-1.83865609166108823e-07,-1.83865609166108850e-07,-3.67731239107544404e-07,-3.67731218332217700e-07
2.15755000000000017e+01,2.15755000000000017e+01,4.63488679289008332e-02,-2.14821780085783232e-03,-2.14821755829069233e-03,-1.83618617517224508e-07,-1.83618596783831996e-07,-1.83618596783831996e-07,-3.67237214301056530e-07,-3.67237193567663991e-07
2.15827500000000008e+01,2.15827500000000008e+01,4.63332985833593974e-02,-2.14677479985647679e-03,-2.14677455761473363e-03,-1.83372019761784082e-07,-1.83371999070113158e-07,-1.83371999070113211e-07,-3.66744018831897293e-07,-3.66743998140226368e-07
2.15899999999999999e+01,2.15899999999999999e+01,4.63177396943029174e-02,-2.14533325230581440e-03,-2.14533301038920396e-03,-1.83125835839913243e-07,-1.83125815189890002e-07,-1.83125815189890002e-07,-3.66251651029803219e-07,-3.66251630379780004e-07
2.15972500000000025e+01,2.15972500000000025e+01,4.63021912512009554e-02,-2.14389315625451715e-03,-2.14389291466279049e-03,-1.82880064918509294e-07,-1.82880044310061289e-07,-1.82880044310061289e-07,-3.65760109228570556e-07,-3.65760088620122577e-07
2.16045000000000016e+01,2.16045000000000016e+01,4.62866532435372222e-02,-2.14245450975480978e-03,-2.14245426848745472e-03,-1.82634706166449663e-07,-1.82634685599482052e-07,-1.82634685599482052e-07,-3.65269391765931715e-07,-3.65269371198964104e-07
2.16117500000000007e+01,2.16117500000000007e+01,4.62711256608095145e-02,-2.14101731086246971e-03,-2.14101706991842462e-03,-1.82389758754586530e-07,-1.82389738228957859e-07,-1.82389738228957859e-07,-3.64779496983544416e-07,-3.64779476457915719e-07
2.16189999999999998e+01,2.16189999999999998e+01,4.62556084925297220e-02,-2.13958155763505076e-03,-2.13958131701418768e-03,-1.82145221855591291e-07,-1.82145201371239885e-07,-1.82145201371239885e-07,-3.64290423226831176e-07,-3.64290402742479770e-07
2.16262500000000024e+01,2.16262500000000024e+01,4.62401017282237994e-02,-2.13814724813543577e-03,-2.13814700783648533e-03,-1.81901094644252286e-07,-1.81901074201019407e-07,-1.81901074201019433e-07,-3.63802168845271693e-07,-3.63802148402038866e-07
2.16335000000000015e+01,2.16335000000000015e+01,4.62246053574317597e-02,-2.13671438042695172e-03,-2.13671414045030900e-03,-1.81657376297054651e-07,-1.81657355894923383e-07,-1.81657355894923357e-07,-3.63314732191978008e-07,-3.63314711789846767e-07
2.16407500000000006e+01,2.16407500000000006e+01,4.62091193697076116e-02,-2.13528295257914280e-03,-2.13528271292388709e-03,-1.81414065992666508e-07,-1.81414045631508130e-07,-1.81414045631508130e-07,-3.62828111624174612e-07,-3.62828091263016261e-07
2.16479999999999997e+01,2.16479999999999997e+01,4.61936437546193665e-02,-2.13385296266244140e-03,-2.13385272332868459e-03,-1.81171162911481256e-07,-1.81171142591254978e-07,-1.81171142591254978e-07,-3.62342305502736233e-07,-3.62342285182509955e-07
2.16552500000000023e+01,2.16552500000000023e+01,4.61781785017489968e-02,-2.13242440875349715e-03,-2.13242416973939307e-03,-1.80928666236065804e-07,-1.80928645956564737e-07,-1.80928645956564737e-07,-3.61857312192630568e-07,-3.61857291913129475e-07
2.16625000000000014e+01,2.16625000000000014e+01,4.61627236006924360e-02,-2.13099728892851559e-03,-2.13099705023392632e-03,-1.80686575150590496e-07,-1.80686554911752993e-07,-1.80686554911753020e-07,-3.61373130062343515e-07,-3.61373109823505986e-07
2.16697500000000005e+01,2.16697500000000005e+01,4.61472790410595371e-02,-2.12957160126814316e-03,-2.12957136289341304e-03,-1.80444888841239073e-07,-1.80444868643044461e-07,-1.80444868643044434e-07,-3.60889757484283480e-07,-3.60889737286088921e-07
2.16769999999999996e+01,2.16769999999999996e+01,4.61318448124740516e-02,-2.12814734385835536e-03,-2.12814710580218900e-03,-1.80203606496279294e-07,-1.80203586338568013e-07,-1.80203586338567987e-07,-3.60407192834847281e-07,-3.60407172677135973e-07
2.16842500000000022e+01,2.16842500000000022e+01,4.61164209045735879e-02,-2.12672451478601587e-03,-2.12672427704779180e-03,-1.79962727305681826e-07,-1.79962707188351677e-07,-1.79962707188351703e-07,-3.59925434494033529e-07,-3.59925414376703406e-07
2.16915000000000013e+01,2.16915000000000013e+01,4.61010073070096532e-02,-2.12530311214109702e-03,-2.12530287472095748e-03,-1.79722250461304446e-07,-1.79722230384317999e-07,-1.79722230384318026e-07,-3.59444480845622472e-07,-3.59444460768636051e-07
2.16987500000000004e+01,2.16987500000000004e+01,4.60856040094475491e-02,-2.12388313401890017e-03,-2.12388289691560787e-03,-1.79482175157074840e-07,-1.79482155120278095e-07,-1.79482155120278121e-07,-3.58964330277352961e-07,-3.58964310240556189e-07
2.17059999999999995e+01,2.17059999999999995e+01,4.60702110015663857e-02,-2.12246457851472670e-03,-2.12246434172884847e-03,-1.79242500588535484e-07,-1.79242480591927143e-07,-1.79242480591927143e-07,-3.58484981180462627e-07,-3.58484961183854286e-07
2.17132500000000022e+01,2.17132500000000022e+01,4.60548282730590744e-02,-2.12104744373142751e-03,-2.12104720726096147e-03,-1.79003225953477328e-07,-1.79003205996839202e-07,-1.79003205996839202e-07,-3.58006431950316530e-07,-3.58006411993678403e-07
2.17205000000000013e+01,2.17205000000000013e+01,4.60394558136322796e-02,-2.11963172777007713e-03,-2.11963149161539929e-03,-1.78764350451147692e-07,-1.78764330534462601e-07,-1.78764330534462601e-07,-3.57528680985610319e-07,-3.57528661068925201e-07
2.17277500000000003e+01,2.17277500000000003e+01,4.60240936130064116e-02,-2.11821742873841146e-03,-2.11821719289877761e-03,-1.78525873282957930e-07,-1.78525853406114304e-07,-1.78525853406114277e-07,-3.57051726689072207e-07,-3.57051706812228554e-07
2.17349999999999994e+01,2.17349999999999994e+01,4.60087416609155780e-02,-2.11680454474638680e-03,-2.11680430922086844e-03,-1.78287793652104307e-07,-1.78287773814975197e-07,-1.78287773814975197e-07,-3.56575567467079478e-07,-3.56575547629950394e-07
2.17422500000000021e+01,2.17422500000000021e+01,4.59933999471075841e-02,-2.11539307390617992e-03,-2.11539283869459620e-03,-1.78050110763563553e-07,-1.78050090966085220e-07,-1.78050090966085193e-07,-3.56100201729648746e-07,-3.56100181932170440e-07
2.17495000000000012e+01,2.17495000000000012e+01,4.59780684613439392e-02,-2.11398301433396441e-03,-2.11398277943602997e-03,-1.77812823824238522e-07,-1.77812804066338518e-07,-1.77812804066338491e-07,-3.55625627890577039e-07,-3.55625608132676983e-07
2.17567500000000003e+01,2.17567500000000003e+01,4.59627471933997458e-02,-2.11257436414946653e-03,-2.11257412956437646e-03,-1.77575932042915738e-07,-1.77575912324478046e-07,-1.77575912324478046e-07,-3.55151844367393784e-07,-3.55151824648956092e-07
2.17639999999999993e+01,2.17639999999999993e+01,4.59474361330637765e-02,-2.11116712147374486e-03,-2.11116688720197490e-03,-1.77339434630074653e-07,-1.77339414951091015e-07,-1.77339414951091015e-07,-3.54678849581165667e-07,-3.54678829902182029e-07
2.17712500000000020e+01,2.17712500000000020e+01,4.59321352701383689e-02,-2.10976128443496336e-03,-2.10976105047428917e-03,-1.77103330798368258e-07,-1.77103311158603807e-07,-1.77103311158603780e-07,-3.54206641956972038e-07,-3.54206622317207614e-07
2.17785000000000011e+01,2.17785000000000011e+01,4.59168445944394682e-02,-2.10835685115906557e-03,-2.10835661750990479e-03,-1.76867619761835449e-07,-1.76867600161277374e-07,-1.76867600161277374e-07,-3.53735219923112822e-07,-3.53735200322554747e-07
2.17857500000000002e+01,2.17857500000000002e+01,4.59015640957965640e-02,-2.10695381977865637e-03,-2.10695358644052023e-03,-1.76632300736642551e-07,-1.76632281175202019e-07,-1.76632281175201992e-07,-3.53264581911844543e-07,-3.53264562350404037e-07
2.17930000000000028e+01,2.17930000000000028e+01,4.58862937640526700e-02,-2.10555218842900516e-03,-2.10555195540093913e-03,-1.76397372940743048e-07,-1.76397353418292422e-07,-1.76397353418292396e-07,-3.52794726359035418e-07,-3.52794706836584792e-07
2.18002500000000019e+01,2.18002500000000019e+01,4.58710335890643445e-02,-2.10415195524715770e-03,-2.10415172252906898e-03,-1.76162835593799475e-07,-1.76162816110283433e-07,-1.76162816110283433e-07,-3.52325651704082882e-07,-3.52325632220566866e-07
2.18075000000000010e+01,2.18075000000000010e+01,4.58557835607015934e-02,-2.10275311837504475e-03,-2.10275288596591028e-03,-1.75928687917439004e-07,-1.75928668472724482e-07,-1.75928668472724535e-07,-3.51857356390163565e-07,-3.51857336945449017e-07
2.18147500000000001e+01,2.18147500000000001e+01,4.58405436688479120e-02,-2.10135567595548522e-03,-2.10135544385555220e-03,-1.75694929134914872e-07,-1.75694909728975295e-07,-1.75694909728975295e-07,-3.51389838863890193e-07,-3.51389819457950590e-07
2.18220000000000027e+01,2.18220000000000027e+01,4.58253139034002360e-02,-2.09995962613707121e-03,-2.09995939434516696e-03,-1.75461558471510523e-07,-1.75461539104200652e-07,-1.75461539104200652e-07,-3.50923097575711175e-07,-3.50923078208401303e-07
2.18292500000000018e+01,2.18292500000000018e+01,4.58100942542689210e-02,-2.09856496706928297e-03,-2.09856473558500244e-03,-1.75228575154127049e-07,-1.75228555825366070e-07,-1.75228555825366070e-07,-3.50457130979493119e-07,-3.50457111650732140e-07
2.18365000000000009e+01,2.18365000000000009e+01,4.57948847113777355e-02,-2.09717169690470939e-03,-2.09717146572837828e-03,-1.74995978411464532e-07,-1.74995959121232673e-07,-1.74995959121232673e-07,-3.49991937532697232e-07,-3.49991918242465347e-07
2.18437500000000000e+01,2.18437500000000000e+01,4.57796852646638053e-02,-2.09577981380082434e-03,-2.09577958293167632e-03,-1.74763767474165991e-07,-1.74763748222352503e-07,-1.74763748222352503e-07,-3.49527515696518494e-07,-3.49527496444705006e-07
2.18510000000000026e+01,2.18510000000000026e+01,4.57644959040776136e-02,-2.09438931591776623e-03,-2.09438908535433677e-03,-1.74531941574627590e-07,-1.74531922361063675e-07,-1.74531922361063648e-07,-3.49063863935691212e-07,-3.49063844722127349e-07
2.18582500000000017e+01,2.18582500000000017e+01,4.57493166195829942e-02,-2.09300020141656162e-03,-2.09299997115885246e-03,-1.74300499946846783e-07,-1.74300480771486092e-07,-1.74300480771486092e-07,-3.48600980718332848e-07,-3.48600961542972184e-07
2.18655000000000008e+01,2.18655000000000008e+01,4.57341474011570756e-02,-2.09161246846356619e-03,-2.09161223851076243e-03,-1.74069441826787834e-07,-1.74069422689516097e-07,-1.74069422689516097e-07,-3.48138864516303905e-07,-3.48138845379032194e-07
2.18727499999999999e+01,2.18727499999999999e+01,4.57189882387902743e-02,-2.09022611522735602e-03,-2.09022588557864365e-03,-1.73838766452118894e-07,-1.73838747352822132e-07,-1.73838747352822132e-07,-3.47677513804941053e-07,-3.47677494705644264e-07
2.18800000000000026e+01,2.18800000000000026e+01,4.57038391224862811e-02,-2.08884113987783948e-03,-2.08884091053410754e-03,-1.73608473062133861e-07,-1.73608454000839841e-07,-1.73608454000839867e-07,-3.47216927062973754e-07,-3.47216908001679734e-07
2.18872500000000016e+01,2.18872500000000016e+01,4.56887000422620468e-02,-2.08745754059158628e-03,-2.08745731155179567e-03,-1.73378560898191672e-07,-1.73378541874767939e-07,-1.73378541874767992e-07,-3.46757102772959637e-07,-3.46757083749535931e-07
2.18945000000000007e+01,2.18945000000000007e+01,4.56735709881477062e-02,-2.08607531554649839e-03,-2.08607508680936802e-03,-1.73149029203268436e-07,-1.73149010217562709e-07,-1.73149010217562709e-07,-3.46298039420831119e-07,-3.46298020435125419e-07
2.19017499999999998e+01,2.19017499999999998e+01,4.56584519501866265e-02,-2.08469446292181004e-03,-2.08469423448750125e-03,-1.72919877221953886e-07,-1.72919858273933767e-07,-1.72919858273933767e-07,-3.45839735495887680e-07,-3.45839716547867535e-07
2.19090000000000025e+01,2.19090000000000025e+01,4.56433429184353381e-02,-2.08331498090164047e-03,-2.08331475276988132e-03,-1.72691104200742310e-07,-1.72691085290339533e-07,-1.72691085290339533e-07,-3.45382189491081843e-07,-3.45382170580679066e-07
2.19162500000000016e+01,2.19162500000000016e+01,4.56282438829635484e-02,-2.08193686767321751e-03,-2.08193663984320050e-03,-1.72462709387880584e-07,-1.72462690514982652e-07,-1.72462690514982652e-07,-3.44925399902863210e-07,-3.44925381029965305e-07
2.19235000000000007e+01,2.19235000000000007e+01,4.56131548338540790e-02,-2.08056012142554536e-03,-2.08055989389714603e-03,-1.72234692033253826e-07,-1.72234673197804969e-07,-1.72234673197804969e-07,-3.44469365231058822e-07,-3.44469346395609938e-07
2.19307499999999997e+01,2.19307499999999997e+01,4.55980757612028803e-02,-2.07918474035206913e-03,-2.07918451312439755e-03,-1.72007051388602026e-07,-1.72007032590483208e-07,-1.72007032590483234e-07,-3.44014083979085234e-07,-3.44014065180966468e-07
2.19380000000000024e+01,2.19380000000000024e+01,4.55830066551189683e-02,-2.07781072264889843e-03,-2.07781049572062018e-03,-1.71779786707368634e-07,-1.71779767946424345e-07,-1.71779767946424318e-07,-3.43559554653792979e-07,-3.43559535892848689e-07
2.19452500000000015e+01,2.19452500000000015e+01,4.55679475057244737e-02,-2.07643806651258700e-03,-2.07643783988446101e-03,-1.71552897244513369e-07,-1.71552878520761264e-07,-1.71552878520761291e-07,-3.43105775765274660e-07,-3.43105757041522581e-07
2.19525000000000006e+01,2.19525000000000006e+01,4.55528983031545376e-02,-2.07506677014679397e-03,-2.07506654381753959e-03,-1.71326382257058450e-07,-1.71326363570347784e-07,-1.71326363570347810e-07,-3.42652745827406260e-07,-3.42652727140695620e-07
2.19597499999999997e+01,2.19597499999999997e+01,4.55378590375573530e-02,-2.07369683175429032e-03,-2.07369660572444357e-03,-1.71100241003424201e-07,-1.71100222353754365e-07,-1.71100222353754365e-07,-3.42200463357178566e-07,-3.42200444707508730e-07
2.19670000000000023e+01,2.19670000000000023e+01,4.55228296990940889e-02,-2.07232824954539652e-03,-2.07232802381272308e-03,-1.70874472744121479e-07,-1.70874454131263403e-07,-1.70874454131263430e-07,-3.41748926875384908e-07,-3.41748908262526859e-07
2.19742500000000014e+01,2.19742500000000014e+01,4.55078102779389454e-02,-2.07096102172688035e-03,-2.07096079629288552e-03,-1.70649076740831976e-07,-1.70649058164865229e-07,-1.70649058164865229e-07,-3.41298134905697205e-07,-3.41298116329730458e-07
2.19815000000000005e+01,2.19815000000000005e+01,4.54928007642790497e-02,-2.06959514651527954e-03,-2.06959492137838864e-03,-1.70424052257502590e-07,-1.70424033718252869e-07,-1.70424033718252869e-07,-3.40848085975755459e-07,-3.40848067436505738e-07
2.19887499999999996e+01,2.19887499999999996e+01,4.54778011483144770e-02,-2.06823062212535547e-03,-2.06823039728563354e-03,-1.70199398559389626e-07,-1.70199380056817888e-07,-1.70199380056817941e-07,-3.40398778616207541e-07,-3.40398760113635828e-07
2.19960000000000022e+01,2.19960000000000022e+01,4.54628114202582229e-02,-2.06686744677764267e-03,-2.06686722223396171e-03,-1.69975114913676945e-07,-1.69975096447646129e-07,-1.69975096447646129e-07,-3.39950211361323074e-07,-3.39950192895292257e-07
2.20032500000000013e+01,2.20032500000000013e+01,4.54478315703361960e-02,-2.06550561869356386e-03,-2.06550539444564762e-03,-1.69751200589069732e-07,-1.69751182159513001e-07,-1.69751182159512974e-07,-3.39502382748582679e-07,-3.39502364319025948e-07
2.20105000000000004e+01,2.20105000000000004e+01,4.54328615887871698e-02,-2.06414513609853856e-03,-2.06414491214589263e-03,-1.69527654856046327e-07,-1.69527636462879005e-07,-1.69527636462879005e-07,-3.39055291318925359e-07,-3.39055272925758011e-07
2.20177499999999995e+01,2.20177499999999995e+01,4.54179014658627686e-02,-2.06278599722020672e-03,-2.06278577356281941e-03,-1.69304476986708149e-07,-1.69304458629885370e-07,-1.69304458629885370e-07,-3.38608935616593545e-07,-3.38608917259770739e-07
2.20250000000000021e+01,2.20250000000000021e+01,4.54029511918274675e-02,-2.06142820029109330e-03,-2.06142797692746710e-03,-1.69081666254994595e-07,-1.69081647934349678e-07,-1.69081647934349625e-07,-3.38163314189344219e-07,-3.38163295868699302e-07
2.20322500000000012e+01,2.20322500000000012e+01,4.53880107569585439e-02,-2.06007174354416733e-03,-2.06007152047378442e-03,-1.68859221936314532e-07,-1.68859203651761372e-07,-1.68859203651761398e-07,-3.37718425588075904e-07,-3.37718407303522743e-07
2.20395000000000003e+01,2.20395000000000003e+01,4.53730801515460844e-02,-2.05871662521461829e-03,-2.05871640243862532e-03,-1.68637143307688522e-07,-1.68637125059277543e-07,-1.68637125059277543e-07,-3.37274268366966092e-07,-3.37274250118555086e-07
2.20467499999999994e+01,2.20467499999999994e+01,4.53581593658929361e-02,-2.05736284354429699e-03,-2.05736262106174074e-03,-1.68415429648108541e-07,-1.68415411435718140e-07,-1.68415411435718140e-07,-3.36830841083826681e-07,-3.36830822871436281e-07
2.20540000000000020e+01,2.20540000000000020e+01,4.53432483903146791e-02,-2.05601039677683062e-03,-2.05601017458577470e-03,-1.68194080238133496e-07,-1.68194062061561842e-07,-1.68194062061561842e-07,-3.36388142299695338e-07,-3.36388124123123684e-07
2.20612500000000011e+01,2.20612500000000011e+01,4.53283472151396680e-02,-2.05465928315584634e-03,-2.05465906125625996e-03,-1.67973094359740678e-07,-1.67973076218942111e-07,-1.67973076218942084e-07,-3.35946170578682762e-07,-3.35946152437884222e-07
2.20685000000000002e+01,2.20685000000000002e+01,4.53134558307089277e-02,-2.05330950092896813e-03,-2.05330927932160894e-03,-1.67752471296648640e-07,-1.67752453191641980e-07,-1.67752453191642006e-07,-3.35504924488290646e-07,-3.35504906383284012e-07
2.20757499999999993e+01,2.20757499999999993e+01,4.52985742273761954e-02,-2.05196104835003723e-03,-2.05196082703311064e-03,-1.67532210334494835e-07,-1.67532192265090478e-07,-1.67532192265090478e-07,-3.35064402599585312e-07,-3.35064384530180956e-07
2.20830000000000020e+01,2.20830000000000020e+01,4.52837023955078508e-02,-2.05061392367156259e-03,-2.05061370264492376e-03,-1.67312310760214448e-07,-1.67312292726357735e-07,-1.67312292726357735e-07,-3.34624603486572183e-07,-3.34624585452715470e-07
2.20902500000000011e+01,2.20902500000000011e+01,4.52688403254829577e-02,-2.04926812515049406e-03,-2.04926790441407186e-03,-1.67092771862508970e-07,-1.67092753864151328e-07,-1.67092753864151328e-07,-3.34185525726660271e-07,-3.34185507728302655e-07
2.20975000000000001e+01,2.20975000000000001e+01,4.52539880076931744e-02,-2.04792365104644603e-03,-2.04792343060043779e-03,-1.66873592931696555e-07,-1.66873574968811356e-07,-1.66873574968811356e-07,-3.33747167900507912e-07,-3.33747149937622713e-07
2.21047500000000028e+01,2.21047500000000028e+01,4.52391454325427739e-02,-2.04658049962391786e-03,-2.04658027946675583e-03,-1.66654773259889431e-07,-1.66654755332306342e-07,-1.66654755332306315e-07,-3.33309528592195773e-07,-3.33309510664612683e-07
2.21120000000000019e+01,2.21120000000000019e+01,4.52243125904486232e-02,-2.04523866914785302e-03,-2.04523844927860998e-03,-1.66436312140628211e-07,-1.66436294248229361e-07,-1.66436294248229388e-07,-3.32872606388857598e-07,-3.32872588496458722e-07
2.21192500000000010e+01,2.21192500000000010e+01,4.52094894718401349e-02,-2.04389815788541540e-03,-2.04389793830442399e-03,-1.66218208869022981e-07,-1.66218191011793178e-07,-1.66218191011793205e-07,-3.32436399880816212e-07,-3.32436382023586409e-07
2.21265000000000001e+01,2.21265000000000001e+01,4.51946760671592881e-02,-2.04255896410820981e-03,-2.04255874481546048e-03,-1.66000462741930200e-07,-1.66000444919826403e-07,-1.66000444919826403e-07,-3.32000907661756629e-07,-3.32000889839652806e-07
2.21337500000000027e+01,2.21337500000000027e+01,4.51798723668605587e-02,-2.04122108609183783e-03,-2.04122086708581011e-03,-1.65783073057912433e-07,-1.65783055270768968e-07,-1.65783055270768942e-07,-3.31566128328681375e-07,-3.31566110541537936e-07
2.21410000000000018e+01,2.21410000000000018e+01,4.51650783614109541e-02,-2.03988452211145699e-03,-2.03988430339239199e-03,-1.65566039116873921e-07,-1.65566021364668421e-07,-1.65566021364668395e-07,-3.31132060481542290e-07,-3.31132042729336843e-07
2.21482500000000009e+01,2.21482500000000009e+01,4.51502940412899442e-02,-2.03854927044799794e-03,-2.03854905201494201e-03,-1.65349360220561943e-07,-1.65349342503175082e-07,-1.65349342503175082e-07,-3.30698702723737051e-07,-3.30698685006350164e-07
2.21555000000000000e+01,2.21555000000000000e+01,4.51355193969894611e-02,-2.03721532938327954e-03,-2.03721511123601193e-03,-1.65133035672166114e-07,-1.65133017989538256e-07,-1.65133017989538256e-07,-3.30266053661704396e-07,-3.30266035979076512e-07
2.21627500000000026e+01,2.21627500000000026e+01,4.51207544190138782e-02,-2.03588269720267334e-03,-2.03588247934096073e-03,-1.64917064776531259e-07,-1.64917047128601815e-07,-1.64917047128601815e-07,-3.29834111905133074e-07,-3.29834094257203630e-07
2.21700000000000017e+01,2.21700000000000017e+01,4.51059990978800174e-02,-2.03455137219465954e-03,-2.03455115461795288e-03,-1.64701446840117522e-07,-1.64701429226800465e-07,-1.64701429226800438e-07,-3.29402876066917960e-07,-3.29402858453600929e-07
2.21772500000000008e+01,2.21772500000000008e+01,4.50912534241170587e-02,-2.03322135265082693e-03,-2.03322113535794836e-03,-1.64486181170996447e-07,-1.64486163592154980e-07,-1.64486163592154980e-07,-3.28972344763151426e-07,-3.28972327184309960e-07
2.21844999999999999e+01,2.21844999999999999e+01,4.50765173882665821e-02,-2.03189263686320842e-03,-2.03189241985469960e-03,-1.64271267078631781e-07,-1.64271249534268419e-07,-1.64271249534268419e-07,-3.28542516612900200e-07,-3.28542499068536839e-07
2.21917500000000025e+01,2.21917500000000025e+01,4.50617909808825323e-02,-2.03056522313005416e-03,-2.03056500640474633e-03,-1.64056703874342857e-07,-1.64056686364321891e-07,-1.64056686364321864e-07,-3.28113390238664721e-07,-3.28113372728643782e-07
2.21990000000000016e+01,2.21990000000000016e+01,4.50470741925311918e-02,-2.02923910975005839e-03,-2.02923889330740986e-03,-1.63842490870834119e-07,-1.63842473395070660e-07,-1.63842473395070660e-07,-3.27684964265904753e-07,-3.27684946790141319e-07
2.22062500000000007e+01,2.22062500000000007e+01,4.50323670137911594e-02,-2.02791429502502396e-03,-2.02791407886478625e-03,-1.63628627382406695e-07,-1.63628609940839702e-07,-1.63628609940839702e-07,-3.27257237323246424e-07,-3.27257219881679404e-07
2.22134999999999998e+01,2.22134999999999998e+01,4.50176694352533366e-02,-2.02659077725941827e-03,-2.02659056138174230e-03,-1.63415112724918954e-07,-1.63415095317519709e-07,-1.63415095317519762e-07,-3.26830208042438716e-07,-3.26830190635039470e-07
2.22207500000000024e+01,2.22207500000000024e+01,4.50029814475208928e-02,-2.02526855476214962e-03,-2.02526833916590954e-03,-1.63201946215926139e-07,-1.63201928842563033e-07,-1.63201928842563060e-07,-3.26403875058489199e-07,-3.26403857685126067e-07
2.22280000000000015e+01,2.22280000000000015e+01,4.49883030412092794e-02,-2.02394762584257037e-03,-2.02394741052768033e-03,-1.62989127174354521e-07,-1.62989109834979936e-07,-1.62989109834979909e-07,-3.25978237009334431e-07,-3.25978219669959872e-07
2.22352500000000006e+01,2.22352500000000006e+01,4.49736342069461739e-02,-2.02262798881447381e-03,-2.02262777378019913e-03,-1.62776654920819593e-07,-1.62776637615333790e-07,-1.62776637615333790e-07,-3.25553292536153410e-07,-3.25553275230667581e-07
2.22424999999999997e+01,2.22424999999999997e+01,4.49589749353714735e-02,-2.02130964199298546e-03,-2.02130942723936042e-03,-1.62564528777372437e-07,-1.62564511505737697e-07,-1.62564511505737697e-07,-3.25129040283110134e-07,-3.25129023011475394e-07
2.22497500000000024e+01,2.22497500000000024e+01,4.49443252171372667e-02,-2.01999258369855994e-03,-2.01999236922380081e-03,-1.62352748067817544e-07,-1.62352730829850035e-07,-1.62352730829850061e-07,-3.24705478897667632e-07,-3.24705461659700123e-07
2.22570000000000014e+01,2.22570000000000014e+01,4.49296850429078479e-02,-2.01867681224987550e-03,-2.01867659805489690e-03,-1.62141312117137949e-07,-1.62141294912870942e-07,-1.62141294912870969e-07,-3.24282607030008918e-07,-3.24282589825741885e-07
2.22642500000000005e+01,2.22642500000000005e+01,4.49150544033596472e-02,-2.01736232597360399e-03,-2.01736211205675664e-03,-1.61930220252276877e-07,-1.61930203081537764e-07,-1.61930203081537711e-07,-3.23860423333814615e-07,-3.23860406163075475e-07
2.22714999999999996e+01,2.22714999999999996e+01,4.49004332891812380e-02,-2.01604912319375273e-03,-2.01604890955621495e-03,-1.61719471801277797e-07,-1.61719454664121079e-07,-1.61719454664121079e-07,-3.23438926465398876e-07,-3.23438909328242158e-07
2.22787500000000023e+01,2.22787500000000023e+01,4.48858216910733299e-02,-2.01473720224276676e-03,-2.01473698888282897e-03,-1.61509066094172562e-07,-1.61509048990421129e-07,-1.61509048990421129e-07,-3.23018115084593691e-07,-3.23018097980842258e-07
2.22860000000000014e+01,2.22860000000000014e+01,4.48712195997487198e-02,-2.01342656145175880e-03,-2.01342634836887370e-03,-1.61299002462193508e-07,-1.61298985391763689e-07,-1.61298985391763689e-07,-3.22597987853957224e-07,-3.22597970783527378e-07
2.22932500000000005e+01,2.22932500000000005e+01,4.48566270059322855e-02,-2.01211719915495024e-03,-2.01211698634933380e-03,-1.61089280238126323e-07,-1.61089263200995699e-07,-1.61089263200995673e-07,-3.22178543439121996e-07,-3.22178526401991345e-07
2.23004999999999995e+01,2.23004999999999995e+01,4.48420439003609783e-02,-2.01080911369011517e-03,-2.01080890116190139e-03,-1.60879898756342290e-07,-1.60879881752481876e-07,-1.60879881752481876e-07,-3.21759780508824166e-07,-3.21759763504963752e-07
2.23077500000000022e+01,2.23077500000000022e+01,4.48274702737837677e-02,-2.00950230339991265e-03,-2.00950209114696739e-03,-1.60670857352900747e-07,-1.60670840382100240e-07,-1.60670840382100267e-07,-3.21341697735001040e-07,-3.21341680764200534e-07
2.23150000000000013e+01,2.23150000000000013e+01,4.48129061169616830e-02,-2.00819676662478130e-03,-2.00819655464762195e-03,-1.60462155364977554e-07,-1.60462138427238941e-07,-1.60462138427238967e-07,-3.20924293792216522e-07,-3.20924276854477881e-07
2.23222500000000004e+01,2.23222500000000004e+01,4.47983514206677161e-02,-2.00689250171137701e-03,-2.00689229000964144e-03,-1.60253792131536342e-07,-1.60253775226791382e-07,-1.60253775226791409e-07,-3.20507567358327724e-07,-3.20507550453582764e-07
2.23294999999999995e+01,2.23294999999999995e+01,4.47838061756868702e-02,-2.00558950700813199e-03,-2.00558929558148974e-03,-1.60045766992970002e-07,-1.60045750121152997e-07,-1.60045750121152997e-07,-3.20091517114123025e-07,-3.20091500242305995e-07
2.23367500000000021e+01,2.23367500000000021e+01,4.47692703728160973e-02,-2.00428778086703119e-03,-2.00428756971430914e-03,-1.59838079291238700e-07,-1.59838062452216959e-07,-1.59838062452216986e-07,-3.19676141743455686e-07,-3.19676124904433918e-07
2.23440000000000012e+01,2.23440000000000012e+01,4.47547440028642982e-02,-2.00298732164050364e-03,-2.00298711076191821e-03,-1.59630728369619107e-07,-1.59630711563370844e-07,-1.59630711563370817e-07,-3.19261439932989897e-07,-3.19261423126741634e-07
2.23512500000000003e+01,2.23512500000000003e+01,4.47402270566523153e-02,-2.00168812768586335e-03,-2.00168791708080392e-03,-1.59423713573054426e-07,-1.59423696799492053e-07,-1.59423696799492053e-07,-3.18847410372546479e-07,-3.18847393598984106e-07
2.23584999999999994e+01,2.23584999999999994e+01,4.47257195250128567e-02,-2.00039019736220069e-03,-2.00038998703011648e-03,-1.59217034247903521e-07,-1.59217017506944320e-07,-1.59217017506944320e-07,-3.18434051754847868e-07,-3.18434035013888639e-07
2.23657500000000020e+01,2.23657500000000020e+01,4.47112213987905585e-02,-1.99909352903082649e-03,-1.99909331897166675e-03,-1.59010689741972622e-07,-1.59010673033573844e-07,-1.59010673033573870e-07,-3.18021362775546492e-07,-3.18021346067147687e-07
2.23730000000000011e+01,2.23730000000000011e+01,4.46967326688419084e-02,-1.99779812105749244e-03,-1.99779791126991927e-03,-1.58804679404689047e-07,-1.58804662728705664e-07,-1.58804662728705664e-07,-3.17609342133394711e-07,-3.17609325457411327e-07
2.23802500000000002e+01,2.23802500000000002e+01,4.46822533260352317e-02,-1.99650397180750616e-03,-1.99650376229198664e-03,-1.58599002586708657e-07,-1.58598985943139266e-07,-1.58598985943139239e-07,-3.17197988529847923e-07,-3.17197971886278478e-07
2.23875000000000028e+01,2.23875000000000028e+01,4.46677833612506917e-02,-1.99521107965194844e-03,-1.99521087040762431e-03,-1.58393658640407107e-07,-1.58393642029145087e-07,-1.58393642029145087e-07,-3.16787300669552194e-07,-3.16787284058290175e-07
2.23947500000000019e+01,2.23947500000000019e+01,4.46533227653802753e-02,-1.99391944296278822e-03,-1.99391923398922841e-03,-1.58188646919488226e-07,-1.58188630340461051e-07,-1.58188630340461077e-07,-3.16377277259949330e-07,-3.16377260680922102e-07
2.24020000000000010e+01,2.24020000000000010e+01,4.46388715293277380e-02,-1.99262906011510310e-03,-1.99262885141182665e-03,-1.57983966779156865e-07,-1.57983950232288143e-07,-1.57983950232288116e-07,-3.15967917011445007e-07,-3.15967900464576232e-07
2.24092500000000001e+01,2.24092500000000001e+01,4.46244296440086105e-02,-1.99133992948574701e-03,-1.99133972105307441e-03,-1.57779617576009868e-07,-1.57779601061286840e-07,-1.57779601061286840e-07,-3.15559218637296707e-07,-3.15559202122573680e-07
2.24165000000000028e+01,2.24165000000000028e+01,4.46099971003501850e-02,-1.99005204945690295e-03,-1.99005184129325170e-03,-1.57575598668314347e-07,-1.57575582185573616e-07,-1.57575582185573590e-07,-3.15151180853887937e-07,-3.15151164371147232e-07
2.24237500000000018e+01,2.24237500000000018e+01,4.45955738892914871e-02,-1.98876541840986576e-03,-1.98876521051525668e-03,-1.57371909415511644e-07,-1.57371892964716972e-07,-1.57371892964716972e-07,-3.14743802380228642e-07,-3.14743785929433944e-07
2.24310000000000009e+01,2.24310000000000009e+01,4.45811600017832418e-02,-1.98748003473081525e-03,-1.98747982710459825e-03,-1.57168549178671384e-07,-1.57168532759733489e-07,-1.57168532759733489e-07,-3.14337081938404873e-07,-3.14337065519466978e-07
2.24382500000000000e+01,2.24382500000000000e+01,4.45667554287878936e-02,-1.98619589680681941e-03,-1.98619568944939521e-03,-1.56965517320171624e-07,-1.56965500933084418e-07,-1.56965500933084444e-07,-3.13931018253256068e-07,-3.13931001866168888e-07
2.24455000000000027e+01,2.24455000000000027e+01,4.45523601612795375e-02,-1.98491300303027529e-03,-1.98491279594036800e-03,-1.56762813204046659e-07,-1.56762796848671705e-07,-1.56762796848671705e-07,-3.13525610052718364e-07,-3.13525593697343409e-07
2.24527500000000018e+01,2.24527500000000018e+01,4.45379741902439535e-02,-1.98363135179313588e-03,-1.98363114497083657e-03,-1.56560436195527670e-07,-1.56560419871834580e-07,-1.56560419871834580e-07,-3.13120856067362276e-07,-3.13120839743669159e-07
2.24600000000000009e+01,2.24600000000000009e+01,4.45235975066785375e-02,-1.98235094149268321e-03,-1.98235073493671123e-03,-1.56358385661495141e-07,-1.56358369369345426e-07,-1.56358369369345426e-07,-3.12716755030840567e-07,-3.12716738738690852e-07
2.24672499999999999e+01,2.24672499999999999e+01,4.45092301015923147e-02,-1.98107177052575523e-03,-1.98107156423649134e-03,-1.56156660970019985e-07,-1.56156644709406338e-07,-1.56156644709406338e-07,-3.12313305679426349e-07,-3.12313289418812676e-07
2.24745000000000026e+01,2.24745000000000026e+01,4.44948719660059125e-02,-1.97979383729451897e-03,-1.97979363127125888e-03,-1.55955261490815772e-07,-1.55955245261645445e-07,-1.55955245261645418e-07,-3.11910506752461217e-07,-3.11910490523290889e-07
2.24817500000000017e+01,2.24817500000000017e+01,4.44805230909515459e-02,-1.97851714020202962e-03,-1.97851693444467359e-03,-1.55754186594885234e-07,-1.55754170397113200e-07,-1.55754170397113200e-07,-3.11508356991998434e-07,-3.11508340794226400e-07
2.24890000000000008e+01,2.24890000000000008e+01,4.44661834674729833e-02,-1.97724167765533920e-03,-1.97724147216296782e-03,-1.55553435654761848e-07,-1.55553419488278655e-07,-1.55553419488278629e-07,-3.11106855143040477e-07,-3.11106838976557310e-07
2.24962499999999999e+01,2.24962499999999999e+01,4.44518530866255465e-02,-1.97596744806194380e-03,-1.97596724283494131e-03,-1.55353008044226903e-07,-1.55352991909025775e-07,-1.55352991909025802e-07,-3.10705999953252678e-07,-3.10705983818051550e-07
2.25035000000000025e+01,2.25035000000000025e+01,4.44375319394760757e-02,-1.97469444983511266e-03,-1.97469424487195641e-03,-1.55152903138725526e-07,-1.55152887034649921e-07,-1.55152887034649921e-07,-3.10305790173375421e-07,-3.10305774069299842e-07
2.25107500000000016e+01,2.25107500000000016e+01,4.44232200171029365e-02,-1.97342268138722687e-03,-1.97342247668793507e-03,-1.54953120314839747e-07,-1.54953104241854328e-07,-1.54953104241854328e-07,-3.09906224556694102e-07,-3.09906208483708656e-07
2.25180000000000007e+01,2.25180000000000007e+01,4.44089173105959648e-02,-1.97215214113510839e-03,-1.97215193669935014e-03,-1.54753658950703918e-07,-1.54753642908746030e-07,-1.54753642908746003e-07,-3.09507301859449894e-07,-3.09507285817492059e-07
2.25252499999999998e+01,2.25252499999999998e+01,4.43946238110564800e-02,-1.97088282749779964e-03,-1.97088262332522322e-03,-1.54554518425827228e-07,-1.54554502414832655e-07,-1.54554502414832629e-07,-3.09109020840659857e-07,-3.09109004829665258e-07
2.25325000000000024e+01,2.25325000000000024e+01,4.43803395095972442e-02,-1.96961473889745164e-03,-1.96961453498711815e-03,-1.54355698121159909e-07,-1.54355682141018592e-07,-1.54355682141018565e-07,-3.08711380262178501e-07,-3.08711364282037130e-07
2.25397500000000015e+01,2.25397500000000015e+01,4.43660643973424682e-02,-1.96834787375710363e-03,-1.96834767010913882e-03,-1.54157197418916392e-07,-1.54157181469601753e-07,-1.54157181469601753e-07,-3.08314378888518118e-07,-3.08314362939203506e-07
2.25470000000000006e+01,2.25470000000000006e+01,4.43517984654277705e-02,-1.96708223050423570e-03,-1.96708202711792140e-03,-1.53959015702850030e-07,-1.53958999784269585e-07,-1.53958999784269558e-07,-3.07918015487119615e-07,-3.07917999568539116e-07
2.25542499999999997e+01,2.25542499999999997e+01,4.43375417050001636e-02,-1.96581780756677205e-03,-1.96581760444262911e-03,-1.53761152357937269e-07,-1.53761136470095490e-07,-1.53761136470095464e-07,-3.07522288828032706e-07,-3.07522272940190928e-07
2.25615000000000023e+01,2.25615000000000023e+01,4.43232941072180461e-02,-1.96455460337841004e-03,-1.96455440051495006e-03,-1.53563606770791258e-07,-1.53563590913535601e-07,-1.53563590913535575e-07,-3.07127197684326833e-07,-3.07127181827071149e-07
2.25687500000000014e+01,2.25687500000000014e+01,4.43090556632511762e-02,-1.96329261637240293e-03,-1.96329241376909120e-03,-1.53366378329172481e-07,-1.53366362502425151e-07,-1.53366362502425125e-07,-3.06732740831597606e-07,-3.06732725004850302e-07
2.25760000000000005e+01,2.25760000000000005e+01,4.42948263642806497e-02,-1.96203184498466854e-03,-1.96203164264177219e-03,-1.53169466422228649e-07,-1.53169450625974611e-07,-1.53169450625974584e-07,-3.06338917048203233e-07,-3.06338901251949221e-07
2.25832499999999996e+01,2.25832499999999996e+01,4.42806062014989010e-02,-1.96077228765512146e-03,-1.96077208557222287e-03,-1.52972870440595736e-07,-1.52972854674766512e-07,-1.52972854674766486e-07,-3.05945725115362248e-07,-3.05945709349533025e-07
2.25905000000000022e+01,2.25905000000000022e+01,4.42663951661096469e-02,-1.95951394282634084e-03,-1.95951374100217538e-03,-1.52776589776290513e-07,-1.52776574040751664e-07,-1.52776574040751637e-07,-3.05553163817042176e-07,-3.05553148081503274e-07
2.25977500000000013e+01,2.25977500000000013e+01,4.42521932493279146e-02,-1.95825680894134990e-03,-1.95825660737586338e-03,-1.52580623822534283e-07,-1.52580608117246025e-07,-1.52580608117245998e-07,-3.05161231939780282e-07,-3.05161216234492050e-07
2.26050000000000004e+01,2.26050000000000004e+01,4.42380004423800002e-02,-1.95700088444628051e-03,-1.95700068314001328e-03,-1.52384971973957895e-07,-1.52384956298926712e-07,-1.52384956298926712e-07,-3.04769928272884580e-07,-3.04769912597853424e-07
2.26122499999999995e+01,2.26122499999999995e+01,4.42238167365034476e-02,-1.95574616779214949e-03,-1.95574596674384215e-03,-1.52189633626736572e-07,-1.52189617981828899e-07,-1.52189617981828925e-07,-3.04379251608565498e-07,-3.04379235963657798e-07
2.26195000000000022e+01,2.26195000000000022e+01,4.42096421229470071e-02,-1.95449265743041778e-03,-1.95449245663905031e-03,-1.51994608178240812e-07,-1.51994592563341927e-07,-1.51994592563341954e-07,-3.03989200741582766e-07,-3.03989185126683855e-07
2.26267500000000013e+01,2.26267500000000013e+01,4.41954765929707047e-02,-1.95324035181299038e-03,-1.95324015127982175e-03,-1.51799895027034128e-07,-1.51799879442206633e-07,-1.51799879442206607e-07,-3.03599774469240761e-07,-3.03599758884413267e-07
2.26340000000000003e+01,2.26340000000000003e+01,4.41813201378457171e-02,-1.95198924939932184e-03,-1.95198904912281162e-03,-1.51605493573421852e-07,-1.51605478018510767e-07,-1.51605478018510767e-07,-3.03210971591932619e-07,-3.03210956037021534e-07
2.26412499999999994e+01,2.26412499999999994e+01,4.41671727488544136e-02,-1.95073934864753440e-03,-1.95073914862714808e-03,-1.51411403218757678e-07,-1.51411387693686426e-07,-1.51411387693686426e-07,-3.02822790912444078e-07,-3.02822775387372852e-07
2.26485000000000021e+01,2.26485000000000021e+01,4.41530344172903211e-02,-1.94949064801885896e-03,-1.94949044825442372e-03,-1.51217623365786023e-07,-1.51217607870506191e-07,-1.51217607870506191e-07,-3.02435231236292188e-07,-3.02435215741012381e-07
2.26557500000000012e+01,2.26557500000000012e+01,4.41389051344581382e-02,-1.94824314597763504e-03,-1.94824294646869507e-03,-1.51024153418638797e-07,-1.51024137953080080e-07,-1.51024137953080053e-07,-3.02048291371718850e-07,-3.02048275906160106e-07
2.26630000000000003e+01,2.26630000000000003e+01,4.41247848916736518e-02,-1.94699684098997849e-03,-1.94699664173647135e-03,-1.50830992782728780e-07,-1.50830977346851500e-07,-1.50830977346851527e-07,-3.01661970129580280e-07,-3.01661954693703000e-07
2.26702499999999993e+01,2.26702499999999993e+01,4.41106736802637858e-02,-1.94575173152555791e-03,-1.94575153252671620e-03,-1.50638140864884571e-07,-1.50638125458594496e-07,-1.50638125458594469e-07,-3.01276266323479040e-07,-3.01276250917188991e-07
2.26775000000000020e+01,2.26775000000000020e+01,4.40965714915665247e-02,-1.94450781605537415e-03,-1.94450761731083770e-03,-1.50445597073175140e-07,-1.50445581696409748e-07,-1.50445581696409748e-07,-3.00891178769584888e-07,-3.00891163392819497e-07
2.26847500000000011e+01,2.26847500000000011e+01,4.40824783169309758e-02,-1.94326509305309258e-03,-1.94326489456268965e-03,-1.50253360817010471e-07,-1.50253345469721905e-07,-1.50253345469721932e-07,-3.00506706286732403e-07,-3.00506690939443864e-07
2.26920000000000002e+01,2.26920000000000002e+01,4.40683941477172589e-02,-1.94202356099593132e-03,-1.94202336275856057e-03,-1.50061431507206887e-07,-1.50061416189275530e-07,-1.50061416189275530e-07,-3.00122847696482444e-07,-3.00122832378551061e-07
2.26992500000000028e+01,2.26992500000000028e+01,4.40543189752965331e-02,-1.94078321836110845e-03,-1.94078302037717235e-03,-1.49869808555709302e-07,-1.49869793267131819e-07,-1.49869793267131819e-07,-2.99739601822841095e-07,-2.99739586534263639e-07
2.27065000000000019e+01,2.27065000000000019e+01,4.40402527910510183e-02,-1.93954406363072707e-03,-1.93954386589967700e-03,-1.49678491375966221e-07,-1.49678476116665929e-07,-1.49678476116665929e-07,-2.99356967492632150e-07,-2.99356952233331858e-07
2.27137500000000010e+01,2.27137500000000010e+01,4.40261955863738910e-02,-1.93830609528866660e-03,-1.93830589780964778e-03,-1.49487479382685817e-07,-1.49487464152562555e-07,-1.49487464152562581e-07,-2.98974943535248398e-07,-2.98974928305125109e-07
2.27210000000000001e+01,2.27210000000000001e+01,4.40121473526693396e-02,-1.93706931181969466e-03,-1.93706911459307855e-03,-1.49296771991765209e-07,-1.49296756790813470e-07,-1.49296756790813470e-07,-2.98593528782578678e-07,-2.98593513581626939e-07
2.27282500000000027e+01,2.27282500000000027e+01,4.39981080813524952e-02,-1.93583371171435203e-03,-1.93583351473837571e-03,-1.49106368620663707e-07,-1.49106353448713582e-07,-1.49106353448713582e-07,-2.98212722069377288e-07,-2.98212706897427163e-07
2.27355000000000018e+01,2.27355000000000018e+01,4.39840777638494801e-02,-1.93459929346051496e-03,-1.93459909673635846e-03,-1.48916268687749858e-07,-1.48916253544858284e-07,-1.48916253544858284e-07,-2.97832522232608116e-07,-2.97832507089716568e-07
2.27427500000000009e+01,2.27427500000000009e+01,4.39700563915973175e-02,-1.93336605555316510e-03,-1.93336585908024817e-03,-1.48726471613051020e-07,-1.48726456499139407e-07,-1.48726456499139407e-07,-2.97452928112190401e-07,-2.97452912998278815e-07
2.27500000000000000e+01,2.27500000000000000e+01,4.39560439560439595e-02,-1.93213399648817230e-03,-1.93213380026566856e-03,-1.48536976817771474e-07,-1.48536961732742414e-07,-1.48536961732742414e-07,-2.97073938550513914e-07,-2.97073923465484828e-07
2.27572500000000026e+01,2.27572500000000026e+01,4.39420404486482313e-02,-1.93090311476451504e-03,-1.93090291879063707e-03,-1.48347783724460245e-07,-1.48347768668142691e-07,-1.48347768668142664e-07,-2.96695552392602909e-07,-2.96695537336285381e-07
2.27645000000000017e+01,2.27645000000000017e+01,4.39280458608798732e-02,-1.92967340887983951e-03,-1.92967321315556549e-03,-1.48158891756667421e-07,-1.48158876729102956e-07,-1.48158876729102956e-07,-2.96317768485770377e-07,-2.96317753458205911e-07
2.27717500000000008e+01,2.27717500000000008e+01,4.39140601842194778e-02,-1.92844487733800918e-03,-1.92844468186325062e-03,-1.47970300339520899e-07,-1.47970285340669183e-07,-1.47970285340669209e-07,-2.95940585680190108e-07,-2.95940570681338365e-07
2.27789999999999999e+01,2.27789999999999999e+01,4.39000834101584761e-02,-1.92721751864377566e-03,-1.92721732341887171e-03,-1.47782008899314278e-07,-1.47781993929167820e-07,-1.47781993929167820e-07,-2.95564002828482124e-07,-2.95563987858335640e-07
2.27862500000000026e+01,2.27862500000000026e+01,4.38861155301991310e-02,-1.92599133130721967e-03,-1.92599113632998522e-03,-1.47594016863844404e-07,-1.47594001922202272e-07,-1.47594001922202272e-07,-2.95188018786046676e-07,-2.95188003844404545e-07
2.27935000000000016e+01,2.27935000000000016e+01,4.38721565358545160e-02,-1.92476631383620145e-03,-1.92476611910652223e-03,-1.47406323661829879e-07,-1.47406308748650066e-07,-1.47406308748650039e-07,-2.94812632410479892e-07,-2.94812617497300079e-07
2.28007500000000007e+01,2.28007500000000007e+01,4.38582064186485085e-02,-1.92354246474302215e-03,-1.92354227026078129e-03,-1.47218928723418673e-07,-1.47218913838659065e-07,-1.47218913838659065e-07,-2.94437842562077765e-07,-2.94437827677318131e-07
2.28079999999999998e+01,2.28079999999999998e+01,4.38442651701157482e-02,-1.92231978254220337e-03,-1.92231958830742494e-03,-1.47031831480015250e-07,-1.47031816623644588e-07,-1.47031816623644614e-07,-2.94063648103659865e-07,-2.94063633247289228e-07
2.28152500000000025e+01,2.28152500000000025e+01,4.38303327818016439e-02,-1.92109826575181941e-03,-1.92109807176347579e-03,-1.46845031364379408e-07,-1.46845016536286067e-07,-1.46845016536286067e-07,-2.93690047900665475e-07,-2.93690033072572134e-07
2.28225000000000016e+01,2.28225000000000016e+01,4.38164092452623458e-02,-1.91987791288994458e-03,-1.91987771914831160e-03,-1.46658527810351942e-07,-1.46658513010524064e-07,-1.46658513010524037e-07,-2.93317040820875979e-07,-2.93317026021048074e-07
2.28297500000000007e+01,2.28297500000000007e+01,4.38024945520647385e-02,-1.91865872247953817e-03,-1.91865852898366108e-03,-1.46472320253224853e-07,-1.46472305481556638e-07,-1.46472305481556664e-07,-2.92944625734781517e-07,-2.92944610963113329e-07
2.28369999999999997e+01,2.28369999999999997e+01,4.37885886937863997e-02,-1.91744069304355946e-03,-1.91744049979359807e-03,-1.46286408129365636e-07,-1.46286393385836491e-07,-1.46286393385836491e-07,-2.92572801515202154e-07,-2.92572786771672982e-07
2.28442500000000024e+01,2.28442500000000024e+01,4.37746916620155996e-02,-1.91622382310940864e-03,-1.91622363010453809e-03,-1.46100790876553288e-07,-1.46100776161067604e-07,-1.46100776161067604e-07,-2.92201567037620865e-07,-2.92201552322135207e-07
2.28515000000000015e+01,2.28515000000000015e+01,4.37608034483513084e-02,-1.91500811120537406e-03,-1.91500791844523570e-03,-1.45915467933704555e-07,-1.45915453246202377e-07,-1.45915453246202404e-07,-2.91830921179906985e-07,-2.91830906492404807e-07
2.28587500000000006e+01,2.28587500000000006e+01,4.37469240444031265e-02,-1.91379355586240862e-03,-1.91379336334677650e-03,-1.45730438741006441e-07,-1.45730424081438060e-07,-1.45730424081438060e-07,-2.91460862822444528e-07,-2.91460848162876121e-07
2.28659999999999997e+01,2.28659999999999997e+01,4.37330534417913058e-02,-1.91258015561412975e-03,-1.91257996334257430e-03,-1.45545702739913431e-07,-1.45545688108213652e-07,-1.45545688108213652e-07,-2.91091390848127057e-07,-2.91091376216427304e-07
2.28732500000000023e+01,2.28732500000000023e+01,4.37191916321467144e-02,-1.91136790899637532e-03,-1.91136771696836746e-03,-1.45361259373110880e-07,-1.45361244769207069e-07,-1.45361244769207069e-07,-2.90722504142317976e-07,-2.90722489538414138e-07
2.28805000000000014e+01,2.28805000000000014e+01,4.37053386071108579e-02,-1.91015681454720365e-03,-1.91015662276221472e-03,-1.45177108084512102e-07,-1.45177093508331838e-07,-1.45177093508331865e-07,-2.90354201592843966e-07,-2.90354187016663729e-07
2.28877500000000005e+01,2.28877500000000005e+01,4.36914943583357890e-02,-1.90894687080644943e-03,-1.90894667926448810e-03,-1.44993248319222001e-07,-1.44993233770733733e-07,-1.44993233770733707e-07,-2.89986482089955708e-07,-2.89986467541467413e-07
2.28949999999999996e+01,2.28949999999999996e+01,4.36776588774841698e-02,-1.90773807631661185e-03,-1.90773788501787155e-03,-1.44809679523601739e-07,-1.44809665002787996e-07,-1.44809665002787969e-07,-2.89619344526389708e-07,-2.89619330005575992e-07
2.29022500000000022e+01,2.29022500000000022e+01,4.36638321562291890e-02,-1.90653042962507513e-03,-1.90653023856735405e-03,-1.44626401145434273e-07,-1.44626386652095923e-07,-1.44626386652095923e-07,-2.89252787797530195e-07,-2.89252773304191845e-07
2.29095000000000013e+01,2.29095000000000013e+01,4.36500141862546098e-02,-1.90532392927567074e-03,-1.90532373846022851e-03,-1.44443412633281593e-07,-1.44443398167482243e-07,-1.44443398167482269e-07,-2.88886810800763889e-07,-2.88886796334964538e-07
2.29167500000000004e+01,2.29167500000000004e+01,4.36362049592546944e-02,-1.90411857382022376e-03,-1.90411838324608396e-03,-1.44260713437357722e-07,-1.44260698998991466e-07,-1.44260698998991466e-07,-2.88521412436349161e-07,-2.88521397997982931e-07
2.29239999999999995e+01,2.29239999999999995e+01,4.36224044669342170e-02,-1.90291436181011520e-03,-1.90291417147680228e-03,-1.44078303008886000e-07,-1.44078288597885022e-07,-1.44078288597885022e-07,-2.88156591606771022e-07,-2.88156577195770045e-07
2.29312500000000021e+01,2.29312500000000021e+01,4.36086127010084437e-02,-1.90171129179894649e-03,-1.90171110170655501e-03,-1.43896180800298485e-07,-1.43896166416638222e-07,-1.43896166416638196e-07,-2.87792347216936680e-07,-2.87792332833276444e-07
2.29385000000000012e+01,2.29385000000000012e+01,4.35948296532031251e-02,-1.90050936234431589e-03,-1.90050917249179872e-03,-1.43714346265367743e-07,-1.43714331908937340e-07,-1.43714331908937313e-07,-2.87428678174305030e-07,-2.87428663817874679e-07
2.29457500000000003e+01,2.29457500000000003e+01,4.35810553152544550e-02,-1.89930857200337755e-03,-1.89930838239126877e-03,-1.43532798858867878e-07,-1.43532784529676148e-07,-1.43532784529676122e-07,-2.87065583388544026e-07,-2.87065569059352243e-07
2.29529999999999994e+01,2.29529999999999994e+01,4.35672896789090769e-02,-1.89810891933905879e-03,-1.89810872996597733e-03,-1.43351538037042118e-07,-1.43351523734953246e-07,-1.43351523734953246e-07,-2.86703061771995390e-07,-2.86703047469906491e-07
2.29602500000000020e+01,2.29602500000000020e+01,4.35535327359240360e-02,-1.89691040291339874e-03,-1.89691021377920671e-03,-1.43170563257096478e-07,-1.43170548982068641e-07,-1.43170548982068641e-07,-2.86341112239165118e-07,-2.86341097964137281e-07
2.29675000000000011e+01,2.29675000000000011e+01,4.35397844780668342e-02,-1.89571302129154518e-03,-1.89571283239650949e-03,-1.42989873977499395e-07,-1.42989859729521449e-07,-1.42989859729521449e-07,-2.85979733707020844e-07,-2.85979719459042899e-07
2.29747500000000002e+01,2.29747500000000002e+01,4.35260448971153124e-02,-1.89451677304264265e-03,-1.89451658438569777e-03,-1.42809469658045496e-07,-1.42809455437005792e-07,-1.42809455437005792e-07,-2.85618925095051288e-07,-2.85618910874011584e-07
2.29820000000000029e+01,2.29820000000000029e+01,4.35123139848577062e-02,-1.89332165673627983e-03,-1.89332146831684375e-03,-1.42629349759585075e-07,-1.42629335565408624e-07,-1.42629335565408624e-07,-2.85258685324993726e-07,-2.85258671130817249e-07
2.29892500000000020e+01,2.29892500000000020e+01,4.34985917330926383e-02,-1.89212767094382173e-03,-1.89212748276227521e-03,-1.42449513744122165e-07,-1.42449499576806611e-07,-1.42449499576806611e-07,-2.84899013320928750e-07,-2.84898999153613222e-07
2.29965000000000011e+01,2.29965000000000011e+01,4.34848781336290291e-02,-1.89093481424063015e-03,-1.89093462629656814e-03,-1.42269961074978913e-07,-1.42269946934462714e-07,-1.42269946934462688e-07,-2.84539908009441574e-07,-2.84539893868925428e-07
2.30037500000000001e+01,2.30037500000000001e+01,4.34711731782861516e-02,-1.88974308520384326e-03,-1.88974289749654521e-03,-1.42090691216625489e-07,-1.42090677102823491e-07,-1.42090677102823518e-07,-2.84181368319448980e-07,-2.84181354205646983e-07
2.30110000000000028e+01,2.30110000000000028e+01,4.34574768588935692e-02,-1.88855248241237561e-03,-1.88855229494126991e-03,-1.41911703634677726e-07,-1.41911689547516132e-07,-1.41911689547516159e-07,-2.83823393182193911e-07,-2.83823379095032264e-07
2.30182500000000019e+01,2.30182500000000019e+01,4.34437891672911705e-02,-1.88736300444691807e-03,-1.88736281721204550e-03,-1.41732997795894556e-07,-1.41732983735345678e-07,-1.41732983735345652e-07,-2.83465981531240181e-07,-2.83465967470691356e-07
2.30255000000000010e+01,2.30255000000000010e+01,4.34301100953290928e-02,-1.88617464989171424e-03,-1.88617446289240584e-03,-1.41554573168308529e-07,-1.41554559134291424e-07,-1.41554559134291450e-07,-2.83109132302599953e-07,-2.83109118268582847e-07
2.30327500000000001e+01,2.30327500000000001e+01,4.34164396348677428e-02,-1.88498741733233999e-03,-1.88498723056811459e-03,-1.41376429221056597e-07,-1.41376415213504585e-07,-1.41376415213504585e-07,-2.82752844434561155e-07,-2.82752830427009171e-07
2.30400000000000027e+01,2.30400000000000027e+01,4.34027777777777693e-02,-1.88380130535614754e-03,-1.88380111882715997e-03,-1.41198565424410864e-07,-1.41198551443305021e-07,-1.41198551443304995e-07,-2.82397116867715859e-07,-2.82397102886610042e-07
2.30472500000000018e+01,2.30472500000000018e+01,4.33891245159400765e-02,-1.88261631255404183e-03,-1.88261612625975215e-03,-1.41020981249909170e-07,-1.41020967295178530e-07,-1.41020967295178530e-07,-2.82041948545087700e-07,-2.82041934590357060e-07
2.30545000000000009e+01,2.30545000000000009e+01,4.33754798412457412e-02,-1.88143243751870415e-03,-1.88143225145831570e-03,-1.40843676170219162e-07,-1.40843662241773702e-07,-1.40843662241773702e-07,-2.81687338411992863e-07,-2.81687324483547403e-07
2.30617500000000000e+01,2.30617500000000000e+01,4.33618437455960612e-02,-1.88024967884325989e-03,-1.88024949301748823e-03,-1.40666649659036071e-07,-1.40666635756899031e-07,-1.40666635756899031e-07,-2.81333285415935102e-07,-2.81333271513798062e-07
2.30690000000000026e+01,2.30690000000000026e+01,4.33482162209025065e-02,-1.87906803512749576e-03,-1.87906784953411504e-03,-1.40489901191545352e-07,-1.40489887315519981e-07,-1.40489887315520008e-07,-2.80979788507065359e-07,-2.80979774631040015e-07
2.30762500000000017e+01,2.30762500000000017e+01,4.33345972590867198e-02,-1.87788750496720169e-03,-1.87788731960724623e-03,-1.40313430243622947e-07,-1.40313416393756495e-07,-1.40313416393756468e-07,-2.80626846637379415e-07,-2.80626832787512936e-07
2.30835000000000008e+01,2.30835000000000008e+01,4.33209868520804883e-02,-1.87670808696482894e-03,-1.87670790183813046e-03,-1.40137236292629570e-07,-1.40137222468879314e-07,-1.40137222468879314e-07,-2.80274458761508857e-07,-2.80274444937758628e-07
2.30907499999999999e+01,2.30907499999999999e+01,4.33073849918257300e-02,-1.87552977972460511e-03,-1.87552959483021256e-03,-1.39961318817042906e-07,-1.39961305019307811e-07,-1.39961305019307811e-07,-2.79922623836350717e-07,-2.79922610038615623e-07
2.30980000000000025e+01,2.30980000000000025e+01,4.32937916702744799e-02,-1.87435258185120190e-03,-1.87435239718912786e-03,-1.39785677296355465e-07,-1.39785663524606574e-07,-1.39785663524606574e-07,-2.79571340820962066e-07,-2.79571327049213148e-07
2.31052500000000016e+01,2.31052500000000016e+01,4.32802068793888828e-02,-1.87317649195328784e-03,-1.87317630752270071e-03,-1.39610311211337666e-07,-1.39610297465483075e-07,-1.39610297465483101e-07,-2.79220608676820740e-07,-2.79220594930966149e-07
2.31125000000000007e+01,2.31125000000000007e+01,4.32666306111411589e-02,-1.87200150864041959e-03,-1.87200132444093710e-03,-1.39435220043802808e-07,-1.39435206323784310e-07,-1.39435206323784284e-07,-2.78870426367587065e-07,-2.78870412647568567e-07
2.31197499999999998e+01,2.31197499999999998e+01,4.32530628575135967e-02,-1.87082763052481837e-03,-1.87082744655602223e-03,-1.39260403276737334e-07,-1.39260389582494022e-07,-1.39260389582494022e-07,-2.78520792859231383e-07,-2.78520779164988044e-07
2.31270000000000024e+01,2.31270000000000024e+01,4.32395036104985461e-02,-1.86965485622048178e-03,-1.86965467248231690e-03,-1.39085860394232004e-07,-1.39085846725730209e-07,-1.39085846725730182e-07,-2.78171707119962213e-07,-2.78171693451460364e-07
2.31342500000000015e+01,2.31342500000000015e+01,4.32259528620983977e-02,-1.86848318434407190e-03,-1.86848300083635290e-03,-1.38911590881545584e-07,-1.38911577238741948e-07,-1.38911577238741948e-07,-2.77823168120287559e-07,-2.77823154477483896e-07
2.31415000000000006e+01,2.31415000000000006e+01,4.32124106043255615e-02,-1.86731261351447131e-03,-1.86731243023682825e-03,-1.38737594225069112e-07,-1.38737580607906619e-07,-1.38737580607906619e-07,-2.77475174832975731e-07,-2.77475161215813238e-07
2.31487499999999997e+01,2.31487499999999997e+01,4.31988768292024400e-02,-1.86614314235278300e-03,-1.86614295930460352e-03,-1.38563869912323356e-07,-1.38563856320727096e-07,-1.38563856320727123e-07,-2.77127726233050478e-07,-2.77127712641454245e-07
2.31560000000000024e+01,2.31560000000000024e+01,4.31853515287614412e-02,-1.86497476948188634e-03,-1.86497458666269817e-03,-1.38390417431923343e-07,-1.38390403865828942e-07,-1.38390403865828942e-07,-2.76780821297752285e-07,-2.76780807731657885e-07
2.31632500000000014e+01,2.31632500000000014e+01,4.31718346950449514e-02,-1.86380749352688113e-03,-1.86380731093628701e-03,-1.38217236273608988e-07,-1.38217222732957711e-07,-1.38217222732957711e-07,-2.76434459006566699e-07,-2.76434445465915421e-07
2.31705000000000005e+01,2.31705000000000005e+01,4.31583263201053072e-02,-1.86264131311508763e-03,-1.86264113075269443e-03,-1.38044325928242393e-07,-1.38044312412975951e-07,-1.38044312412975925e-07,-2.76088638341218291e-07,-2.76088624825951903e-07
2.31777499999999996e+01,2.31777499999999996e+01,4.31448263960047887e-02,-1.86147622687515835e-03,-1.86147604474139151e-03,-1.37871685887739631e-07,-1.37871672397860408e-07,-1.37871672397860408e-07,-2.75743358285600039e-07,-2.75743344795720816e-07
2.31850000000000023e+01,2.31850000000000023e+01,4.31313349148156125e-02,-1.86031223344018670e-03,-1.86031205153399217e-03,-1.37699315645298577e-07,-1.37699302180699449e-07,-1.37699302180699449e-07,-2.75398617825998052e-07,-2.75398604361398898e-07
2.31922500000000014e+01,2.31922500000000014e+01,4.31178518686199039e-02,-1.85914933144326611e-03,-1.85914914976424879e-03,-1.37527214695067395e-07,-1.37527201255690129e-07,-1.37527201255690156e-07,-2.75054415950757577e-07,-2.75054402511380258e-07
2.31995000000000005e+01,2.31995000000000005e+01,4.31043772495096900e-02,-1.85798751952015451e-03,-1.85798733806804835e-03,-1.37355382532339492e-07,-1.37355369118135569e-07,-1.37355369118135569e-07,-2.74710751650475061e-07,-2.74710738236271139e-07
2.32067499999999995e+01,2.32067499999999995e+01,4.30909110495868650e-02,-1.85682679630883030e-03,-1.85682661508340739e-03,-1.37183818653517995e-07,-1.37183805264441754e-07,-1.37183805264441780e-07,-2.74367623917959775e-07,-2.74367610528883561e-07
2.32140000000000022e+01,2.32140000000000022e+01,4.30774532609632110e-02,-1.85566716044949231e-03,-1.85566697945046990e-03,-1.37012522556113655e-07,-1.37012509192115413e-07,-1.37012509192115413e-07,-2.74025031748229095e-07,-2.74025018384230827e-07
2.32212500000000013e+01,2.32212500000000013e+01,4.30640038757603497e-02,-1.85450861058500394e-03,-1.85450842981150230e-03,-1.36841493738774688e-07,-1.36841480399760874e-07,-1.36841480399760874e-07,-2.73682974138535562e-07,-2.73682960799521748e-07
2.32285000000000004e+01,2.32285000000000004e+01,4.30505628861097348e-02,-1.85335114535867262e-03,-1.85335096481088887e-03,-1.36670731701120799e-07,-1.36670718387077331e-07,-1.36670718387077357e-07,-2.73341450088198156e-07,-2.73341436774154715e-07
2.32357499999999995e+01,2.32357499999999995e+01,4.30371302841526526e-02,-1.85219476341735856e-03,-1.85219458309512940e-03,-1.36500235943969982e-07,-1.36500222654856255e-07,-1.36500222654856282e-07,-2.73000458598826290e-07,-2.73000445309712511e-07
2.32430000000000021e+01,2.32430000000000021e+01,4.30237060620401804e-02,-1.85103946341058645e-03,-1.85103928331283290e-03,-1.36330005969270517e-07,-1.36329992704978588e-07,-1.36329992704978562e-07,-2.72659998674249079e-07,-2.72659985409957123e-07
2.32502500000000012e+01,2.32502500000000012e+01,4.30102902119331998e-02,-1.84988524398743692e-03,-1.84988506411471691e-03,-1.36160041279869545e-07,-1.36160028040412093e-07,-1.36160028040412066e-07,-2.72320069320281612e-07,-2.72320056080824133e-07
2.32575000000000003e+01,2.32575000000000003e+01,4.29968827260023626e-02,-1.84873210380187558e-03,-1.84873192415360038e-03,-1.35990341379903179e-07,-1.35990328165208523e-07,-1.35990328165208523e-07,-2.71980669545111728e-07,-2.71980656330417046e-07
2.32647499999999994e+01,2.32647499999999994e+01,4.29834835964280765e-02,-1.84758004150875621e-03,-1.84757986208440150e-03,-1.35820905774499777e-07,-1.35820892584501055e-07,-1.35820892584501082e-07,-2.71641798359000859e-07,-2.71641785169002163e-07
2.32720000000000020e+01,2.32720000000000020e+01,4.29700928154004777e-02,-1.84642905576559713e-03,-1.84642887656413183e-03,-1.35651733969908113e-07,-1.35651720804501378e-07,-1.35651720804501351e-07,-2.71303454774409490e-07,-2.71303441609002755e-07
2.32792500000000011e+01,2.32792500000000011e+01,4.29567103751194723e-02,-1.84527914522991665e-03,-1.84527896625189696e-03,-1.35482825473299429e-07,-1.35482812332497466e-07,-1.35482812332497439e-07,-2.70965637805796842e-07,-2.70965624664994931e-07
2.32865000000000002e+01,2.32865000000000002e+01,4.29433362677946462e-02,-1.84413030856411808e-03,-1.84413012980888698e-03,-1.35314179793123830e-07,-1.35314166676850327e-07,-1.35314166676850300e-07,-2.70628346469974131e-07,-2.70628333353700600e-07
2.32937500000000028e+01,2.32937500000000028e+01,4.29299704856452857e-02,-1.84298254443193699e-03,-1.84298236589837535e-03,-1.35145796438846671e-07,-1.35145783346991618e-07,-1.35145783346991618e-07,-2.70291579785838288e-07,-2.70291566693983236e-07
2.33010000000000019e+01,2.33010000000000019e+01,4.29166130209003849e-02,-1.84183585149666484e-03,-1.84183567318571659e-03,-1.34977674920816520e-07,-1.34977661853421184e-07,-1.34977661853421184e-07,-2.69955336774237704e-07,-2.69955323706842368e-07
2.33082500000000010e+01,2.33082500000000010e+01,4.29032638657985896e-02,-1.84069022842736629e-03,-1.84069005033833883e-03,-1.34809814750718169e-07,-1.34809801707703962e-07,-1.34809801707703988e-07,-2.69619616458422157e-07,-2.69619603415407924e-07
2.33155000000000001e+01,2.33155000000000001e+01,4.28899230125881908e-02,-1.83954567389310597e-03,-1.83954549602574212e-03,-1.34642215441147340e-07,-1.34642202422467649e-07,-1.34642202422467649e-07,-2.69284417863615015e-07,-2.69284404844935297e-07
2.33227500000000028e+01,2.33227500000000028e+01,4.28765904535271317e-02,-1.83840218656605714e-03,-1.83840200891949388e-03,-1.34474876505835892e-07,-1.34474863511399845e-07,-1.34474863511399845e-07,-2.68949740017235737e-07,-2.68949727022799690e-07
2.33300000000000018e+01,2.33300000000000018e+01,4.28632661808829793e-02,-1.83725976511928124e-03,-1.83725958769322649e-03,-1.34307797459487096e-07,-1.34307784489245725e-07,-1.34307784489245725e-07,-2.68615581948732848e-07,-2.68615568978491451e-07
2.33372500000000009e+01,2.33372500000000009e+01,4.28499501869329044e-02,-1.83611840822806016e-03,-1.83611823102263123e-03,-1.34140977817870853e-07,-1.34140964871805179e-07,-1.34140964871805152e-07,-2.68281942689676005e-07,-2.68281929743610357e-07
2.33445000000000000e+01,2.33445000000000000e+01,4.28366424639636742e-02,-1.83497811457078441e-03,-1.83497793758545589e-03,-1.33974417097885969e-07,-1.33974404175930082e-07,-1.33974404175930082e-07,-2.67948821273816078e-07,-2.67948808351860164e-07
2.33517500000000027e+01,2.33517500000000027e+01,4.28233430042716245e-02,-1.83383888282762086e-03,-1.83383870606149938e-03,-1.33808114817460585e-07,-1.33808101919521893e-07,-1.33808101919521920e-07,-2.67616216736982504e-07,-2.67616203839043839e-07
2.33590000000000018e+01,2.33590000000000018e+01,4.28100518001626740e-02,-1.83270071167918047e-03,-1.83270053513261144e-03,-1.33642070495452853e-07,-1.33642057621529213e-07,-1.33642057621529240e-07,-2.67284128116982120e-07,-2.67284115243058480e-07
2.33662500000000009e+01,2.33662500000000009e+01,4.27967688439522820e-02,-1.83156359981007100e-03,-1.83156342348268471e-03,-1.33476283651907649e-07,-1.33476270801944798e-07,-1.33476270801944745e-07,-2.66952554453852421e-07,-2.66952541603889543e-07
2.33734999999999999e+01,2.33734999999999999e+01,4.27834941279654282e-02,-1.83042754590623247e-03,-1.83042736979765249e-03,-1.33310753807859711e-07,-1.33310740981802988e-07,-1.33310740981802961e-07,-2.66621494789662672e-07,-2.66621481963605976e-07
2.33807500000000026e+01,2.33807500000000026e+01,4.27702276445366333e-02,-1.82929254865582536e-03,-1.82929237276548574e-03,-1.33145480485396452e-07,-1.33145467683177486e-07,-1.33145467683177486e-07,-2.66290948168573938e-07,-2.66290935366354972e-07
2.33880000000000017e+01,2.33880000000000017e+01,4.27569693860099173e-02,-1.82815860674878650e-03,-1.82815843107618915e-03,-1.32980463207623183e-07,-1.32980450429178632e-07,-1.32980450429178632e-07,-2.65960913636801815e-07,-2.65960900858357265e-07
2.33952500000000008e+01,2.33952500000000008e+01,4.27437193447387787e-02,-1.82702571887638499e-03,-1.82702554342179619e-03,-1.32815701498628328e-07,-1.32815688743950569e-07,-1.32815688743950595e-07,-2.65631390242578897e-07,-2.65631377487901191e-07
2.34024999999999999e+01,2.34024999999999999e+01,4.27304775130862083e-02,-1.82589388373344264e-03,-1.82589370849636605e-03,-1.32651194883643065e-07,-1.32651182152669046e-07,-1.32651182152669046e-07,-2.65302377036312111e-07,-2.65302364305338092e-07
2.34097500000000025e+01,2.34097500000000025e+01,4.27172438834246340e-02,-1.82476310001655762e-03,-1.82476292499597951e-03,-1.32486942888909371e-07,-1.32486930181538561e-07,-1.32486930181538534e-07,-2.64973873070447932e-07,-2.64973860363077122e-07
2.34170000000000016e+01,2.34170000000000016e+01,4.27040184481359691e-02,-1.82363336642188401e-03,-1.82363319161873700e-03,-1.32322945041516842e-07,-1.32322932357790163e-07,-1.32322932357790136e-07,-2.64645877399306952e-07,-2.64645864715580325e-07
2.34242500000000007e+01,2.34242500000000007e+01,4.26908011996115153e-02,-1.82250468165223722e-03,-1.82250450706475191e-03,-1.32159200869916254e-07,-1.32159188209678512e-07,-1.32159188209678486e-07,-2.64318389079594740e-07,-2.64318376419357025e-07
2.34314999999999998e+01,2.34314999999999998e+01,4.26775921302520109e-02,-1.82137704440732406e-03,-1.82137687003614836e-03,-1.31995709903208029e-07,-1.31995697266479582e-07,-1.31995697266479582e-07,-2.63991407169687585e-07,-2.63991394532959163e-07
2.34387500000000024e+01,2.34387500000000024e+01,4.26643912324675967e-02,-1.82025045339351266e-03,-1.82025027923705799e-03,-1.31832471671849011e-07,-1.31832459058488137e-07,-1.31832459058488111e-07,-2.63664930730337122e-07,-2.63664918116976222e-07
2.34460000000000015e+01,2.34460000000000015e+01,4.26511984986778087e-02,-1.81912490731406251e-03,-1.81912473337361626e-03,-1.31669485706941875e-07,-1.31669473117015254e-07,-1.31669473117015227e-07,-2.63338958823957076e-07,-2.63338946234030454e-07
2.34532500000000006e+01,2.34532500000000006e+01,4.26380139213115433e-02,-1.81800040487978265e-03,-1.81800023115395704e-03,-1.31506751541004825e-07,-1.31506738974385532e-07,-1.31506738974385532e-07,-2.63013490515390357e-07,-2.63013477948771064e-07
2.34604999999999997e+01,2.34604999999999997e+01,4.26248374928070578e-02,-1.81687694479926165e-03,-1.81687677128821042e-03,-1.31344268707262248e-07,-1.31344256163934959e-07,-1.31344256163934959e-07,-2.62688524871197233e-07,-2.62688512327869917e-07
2.34677500000000023e+01,2.34677500000000023e+01,4.26116692056119559e-02,-1.81575452578464080e-03,-1.81575435248849818e-03,-1.31182036740059980e-07,-1.31182024220008044e-07,-1.31182024220008070e-07,-2.62364060960068050e-07,-2.62364048440016088e-07
2.34750000000000014e+01,2.34750000000000014e+01,4.25985090521831741e-02,-1.81463314655205821e-03,-1.81463297346893160e-03,-1.31020055174895369e-07,-1.31020042677955786e-07,-1.31020042677955786e-07,-2.62040097852851181e-07,-2.62040085355911571e-07
2.34822500000000005e+01,2.34822500000000005e+01,4.25853570249869542e-02,-1.81351280581454333e-03,-1.81351263294560585e-03,-1.30858323547901383e-07,-1.30858311074132651e-07,-1.30858311074132651e-07,-2.61716634622034060e-07,-2.61716622148265301e-07
2.34894999999999996e+01,2.34894999999999996e+01,4.25722131164988637e-02,-1.81239350229223106e-03,-1.81239332963659778e-03,-1.30696841396582495e-07,-1.30696828945894564e-07,-1.30696828945894564e-07,-2.61393670342477085e-07,-2.61393657891789127e-07
2.34967500000000022e+01,2.34967500000000022e+01,4.25590773192037128e-02,-1.81127523470436813e-03,-1.81127506226195991e-03,-1.30535608259234942e-07,-1.30535595831595995e-07,-1.30535595831596022e-07,-2.61071204090830964e-07,-2.61071191663191990e-07
2.35040000000000013e+01,2.35040000000000013e+01,4.25459496255956443e-02,-1.81015800177330988e-03,-1.81015782954372208e-03,-1.30374623675233314e-07,-1.30374611270588162e-07,-1.30374611270588162e-07,-2.60749234945821476e-07,-2.60749222541176324e-07
2.35112500000000004e+01,2.35112500000000004e+01,4.25328300281780022e-02,-1.80904180222407618e-03,-1.80904163020588027e-03,-1.30213887184995904e-07,-1.30213874803215718e-07,-1.30213874803215718e-07,-2.60427761988211622e-07,-2.60427749606431436e-07
2.35184999999999995e+01,2.35184999999999995e+01,4.25197185194634009e-02,-1.80792663478035465e-03,-1.80792646297439890e-03,-1.30053398329694970e-07,-1.30053385970814928e-07,-1.30053385970814954e-07,-2.60106784300509924e-07,-2.60106771941629856e-07
2.35257500000000022e+01,2.35257500000000022e+01,4.25066150919736832e-02,-1.80681249817116196e-03,-1.80681232657720504e-03,-1.29893156651734143e-07,-1.29893144315711020e-07,-1.29893144315711020e-07,-2.59786300967445137e-07,-2.59786288631422041e-07
2.35330000000000013e+01,2.35330000000000013e+01,4.24935197382399141e-02,-1.80569939112684708e-03,-1.80569921974418532e-03,-1.29733161694458427e-07,-1.29733149381215885e-07,-1.29733149381215859e-07,-2.59466311075674286e-07,-2.59466298762431771e-07
2.35402500000000003e+01,2.35402500000000003e+01,4.24804324508023454e-02,-1.80458731237864711e-03,-1.80458714120718101e-03,-1.29573413002120078e-07,-1.29573400711625241e-07,-1.29573400711625268e-07,-2.59146813713745346e-07,-2.59146801423250536e-07
2.35474999999999994e+01,2.35474999999999994e+01,4.24673532222104300e-02,-1.80347626066046374e-03,-1.80347608969998641e-03,-1.29413910120004466e-07,-1.29413897852216783e-07,-1.29413897852216783e-07,-2.58827807972221275e-07,-2.58827795704433565e-07
2.35547500000000021e+01,2.35547500000000021e+01,4.24542820450227593e-02,-1.80236623470930724e-03,-1.80236606395834200e-03,-1.29254652594459220e-07,-1.29254640349247188e-07,-1.29254640349247162e-07,-2.58509292943706382e-07,-2.58509280698494324e-07
2.35620000000000012e+01,2.35620000000000012e+01,4.24412189118071465e-02,-1.80125723326041154e-03,-1.80125706271993657e-03,-1.29095639972542075e-07,-1.29095627749950349e-07,-1.29095627749950349e-07,-2.58191267722492424e-07,-2.58191255499900698e-07
2.35692500000000003e+01,2.35692500000000003e+01,4.24281638151404877e-02,-1.80014925505433965e-03,-1.80014908472439679e-03,-1.28936871802528295e-07,-1.28936859602534349e-07,-1.28936859602534323e-07,-2.57873731405062591e-07,-2.57873719205068645e-07
2.35765000000000029e+01,2.35765000000000029e+01,4.24151167476088456e-02,-1.79904229883476319e-03,-1.79904212871328834e-03,-1.28778347633748706e-07,-1.28778335456179322e-07,-1.28778335456179296e-07,-2.57556683089927976e-07,-2.57556670912358592e-07
2.35837500000000020e+01,2.35837500000000020e+01,4.24020777018073863e-02,-1.79793636334268925e-03,-1.79793619343011110e-03,-1.28620067016174757e-07,-1.28620054861035309e-07,-1.28620054861035309e-07,-2.57240121877210092e-07,-2.57240109722070618e-07
2.35910000000000011e+01,2.35910000000000011e+01,4.23890466703403801e-02,-1.79683144732400990e-03,-1.79683127762029484e-03,-1.28462029500956621e-07,-1.28462017368219474e-07,-1.28462017368219474e-07,-2.56924046869176096e-07,-2.56924034736438948e-07
2.35982500000000002e+01,2.35982500000000002e+01,4.23760236458211939e-02,-1.79572754952594948e-03,-1.79572738003119705e-03,-1.28304234640166892e-07,-1.28304222529813914e-07,-1.28304222529813914e-07,-2.56608457169980806e-07,-2.56608445059627827e-07
2.36055000000000028e+01,2.36055000000000028e+01,4.23630086208722501e-02,-1.79462466869928505e-03,-1.79462449941209662e-03,-1.28146681986957070e-07,-1.28146669898863164e-07,-1.28146669898863138e-07,-2.56293351885820181e-07,-2.56293339797726276e-07
2.36127500000000019e+01,2.36127500000000019e+01,4.23500015881250538e-02,-1.79352280359301730e-03,-1.79352263451419474e-03,-1.27989371095174863e-07,-1.27989359029372218e-07,-1.27989359029372218e-07,-2.55978730124547081e-07,-2.55978718058744436e-07
2.36200000000000010e+01,2.36200000000000010e+01,4.23370025402201519e-02,-1.79242195296192008e-03,-1.79242178409060753e-03,-1.27832301519901209e-07,-1.27832289476303718e-07,-1.27832289476303692e-07,-2.55664590996204901e-07,-2.55664578952607436e-07
2.36272500000000001e+01,2.36272500000000001e+01,4.23240114698071115e-02,-1.79132211556076726e-03,-1.79132194689636385e-03,-1.27675472817035912e-07,-1.27675460795575760e-07,-1.27675460795575733e-07,-2.55350933612611619e-07,-2.55350921591151467e-07
2.36345000000000027e+01,2.36345000000000027e+01,4.23110283695445136e-02,-1.79022329014655313e-03,-1.79022312168840075e-03,-1.27518884543454057e-07,-1.27518872544059457e-07,-1.27518872544059457e-07,-2.55037757087513488e-07,-2.55037745088118914e-07
2.36417500000000018e+01,2.36417500000000018e+01,4.22980532320999872e-02,-1.78912547547582790e-03,-1.78912530722556435e-03,-1.27362536256814419e-07,-1.27362524279577168e-07,-1.27362524279577142e-07,-2.54725060536391587e-07,-2.54725048559154283e-07
2.36490000000000009e+01,2.36490000000000009e+01,4.22850860501501127e-02,-1.78802867031313539e-03,-1.78802850226859964e-03,-1.27206427516157812e-07,-1.27206415560899240e-07,-1.27206415560899240e-07,-2.54412843077057078e-07,-2.54412831121798479e-07
2.36562500000000000e+01,2.36562500000000000e+01,4.22721268163804495e-02,-1.78693287341902263e-03,-1.78693270558015114e-03,-1.27050557881051430e-07,-1.27050545947742367e-07,-1.27050545947742367e-07,-2.54101103828793797e-07,-2.54101091895484733e-07
2.36635000000000026e+01,2.36635000000000026e+01,4.22591755234855287e-02,-1.78583808355847751e-03,-1.78583791592475854e-03,-1.26894926912187537e-07,-1.26894915000766944e-07,-1.26894915000766944e-07,-2.53789841912954455e-07,-2.53789830001533888e-07
2.36707500000000017e+01,2.36707500000000017e+01,4.22462321641688537e-02,-1.78474429949693203e-03,-1.78474413206885498e-03,-1.26739534171097068e-07,-1.26739522281575161e-07,-1.26739522281575134e-07,-2.53479056452672229e-07,-2.53479044563150269e-07
2.36780000000000008e+01,2.36780000000000008e+01,4.22332967311428303e-02,-1.78365152000381499e-03,-1.78365135278075971e-03,-1.26584379220399921e-07,-1.26584367352708065e-07,-1.26584367352708065e-07,-2.53168746573107985e-07,-2.53168734705416129e-07
2.36852499999999999e+01,2.36852499999999999e+01,4.22203692171288017e-02,-1.78255974384855520e-03,-1.78255957683067737e-03,-1.26429461623519063e-07,-1.26429449777643784e-07,-1.26429449777643811e-07,-2.52858911401162873e-07,-2.52858899555287621e-07
2.36925000000000026e+01,2.36925000000000026e+01,4.22074496148570205e-02,-1.78146896980457825e-03,-1.78146880299069393e-03,-1.26274780944962086e-07,-1.26274769120795044e-07,-1.26274769120795044e-07,-2.52549550065757157e-07,-2.52549538241590089e-07
2.36997500000000016e+01,2.36997500000000016e+01,4.21945379170666351e-02,-1.78037919664530975e-03,-1.78037903003477383e-03,-1.26120336750035811e-07,-1.26120324947506915e-07,-1.26120324947506941e-07,-2.52240661697542752e-07,-2.52240649895013829e-07
2.37070000000000007e+01,2.37070000000000007e+01,4.21816341165056688e-02,-1.77929042314506347e-03,-1.77929025673875503e-03,-1.25966128604907195e-07,-1.25966116824054454e-07,-1.25966116824054454e-07,-2.51932245428961676e-07,-2.51932233648108908e-07
2.37142499999999998e+01,2.37142499999999998e+01,4.21687382059310334e-02,-1.77820264808303818e-03,-1.77820248188034769e-03,-1.25812156076884623e-07,-1.25812144317640593e-07,-1.25812144317640593e-07,-2.51624300394525190e-07,-2.51624288635281185e-07
2.37215000000000025e+01,2.37215000000000025e+01,4.21558501781084602e-02,-1.77711587023887674e-03,-1.77711570423912720e-03,-1.25658418734100883e-07,-1.25658406996393539e-07,-1.25658406996393512e-07,-2.51316825730494422e-07,-2.51316813992787025e-07
2.37287500000000016e+01,2.37287500000000016e+01,4.21429700258125692e-02,-1.77603008839355425e-03,-1.77602992259653664e-03,-1.25504916145574680e-07,-1.25504904429365084e-07,-1.25504904429365058e-07,-2.51009820574939764e-07,-2.51009808858730169e-07
2.37360000000000007e+01,2.37360000000000007e+01,4.21300977418267580e-02,-1.77494530133071038e-03,-1.77494513573587609e-03,-1.25351647881302404e-07,-1.25351636186527745e-07,-1.25351636186527745e-07,-2.50703284067830123e-07,-2.50703272373055491e-07
2.37432499999999997e+01,2.37432499999999997e+01,4.21172333189432785e-02,-1.77386150783442886e-03,-1.77386134244230591e-03,-1.25198613512099345e-07,-1.25198601838772857e-07,-1.25198601838772884e-07,-2.50397215350872203e-07,-2.50397203677545768e-07
2.37505000000000024e+01,2.37505000000000024e+01,4.21043767499631530e-02,-1.77277870669323434e-03,-1.77277854150283782e-03,-1.25045812609879974e-07,-1.25045800957908246e-07,-1.25045800957908246e-07,-2.50091613567788220e-07,-2.50091601915816492e-07
2.37577500000000015e+01,2.37577500000000015e+01,4.20915280276962234e-02,-1.77169689669520736e-03,-1.77169673170633670e-03,-1.24893244747311167e-07,-1.24893233116656160e-07,-1.24893233116656134e-07,-2.49786477863967300e-07,-2.49786466233312321e-07
2.37650000000000006e+01,2.37650000000000006e+01,4.20786871449610744e-02,-1.77061607663109299e-03,-1.77061591184351249e-03,-1.24740909498029333e-07,-1.24740897888650576e-07,-1.24740897888650550e-07,-2.49481807386679882e-07,-2.49481795777301100e-07
2.37722499999999997e+01,2.37722499999999997e+01,4.20658540945850756e-02,-1.76953624529385678e-03,-1.76953608070691982e-03,-1.24588806436607304e-07,-1.24588794848435500e-07,-1.24588794848435500e-07,-2.49177601285042831e-07,-2.49177589696871000e-07
2.37795000000000023e+01,2.37795000000000023e+01,4.20530288694043117e-02,-1.76845740147690833e-03,-1.76845723709095253e-03,-1.24436935138427174e-07,-1.24436923571462375e-07,-1.24436923571462375e-07,-2.48873858709889522e-07,-2.48873847142924749e-07
2.37867500000000014e+01,2.37867500000000014e+01,4.20402114622636519e-02,-1.76737954397765407e-03,-1.76737937979184415e-03,-1.24285295179928501e-07,-1.24285283634088280e-07,-1.24285283634088280e-07,-2.48570578814016808e-07,-2.48570567268176561e-07
2.37940000000000005e+01,2.37940000000000005e+01,4.20274018660166393e-02,-1.76630267159305632e-03,-1.76630250760765901e-03,-1.24133886138293721e-07,-1.24133874613573182e-07,-1.24133874613573182e-07,-2.48267760751866903e-07,-2.48267749227146363e-07
2.38012499999999996e+01,2.38012499999999996e+01,4.20146000735255529e-02,-1.76522678312363013e-03,-1.76522661933829327e-03,-1.23982707591727319e-07,-1.23982696088078206e-07,-1.23982696088078206e-07,-2.47965403679805525e-07,-2.47965392176156413e-07
2.38085000000000022e+01,2.38085000000000022e+01,4.20018060776613383e-02,-1.76415187737255508e-03,-1.76415171378546893e-03,-1.23831759119391298e-07,-1.23831747636663026e-07,-1.23831747636663026e-07,-2.47663506756054351e-07,-2.47663495273326052e-07
2.38157500000000013e+01,2.38157500000000013e+01,4.19890198713036497e-02,-1.76307795314034621e-03,-1.76307778975273288e-03,-1.23681040301029283e-07,-1.23681028839284240e-07,-1.23681028839284240e-07,-2.47362069140313549e-07,-2.47362057678568480e-07
2.38230000000000004e+01,2.38230000000000004e+01,4.19762414473408077e-02,-1.76200500923417991e-03,-1.76200484604545219e-03,-1.23530550717619023e-07,-1.23530539276792624e-07,-1.23530539276792624e-07,-2.47061089994411621e-07,-2.47061078553585248e-07
2.38302499999999995e+01,2.38302499999999995e+01,4.19634707986697580e-02,-1.76093304446123256e-03,-1.76093288147080953e-03,-1.23380289950902983e-07,-1.23380278530931223e-07,-1.23380278530931249e-07,-2.46760568481834232e-07,-2.46760557061862498e-07
2.38375000000000021e+01,2.38375000000000021e+01,4.19507079181961132e-02,-1.75986205763001280e-03,-1.75986189483780210e-03,-1.23230257583479948e-07,-1.23230246184333075e-07,-1.23230246184333101e-07,-2.46460503767813049e-07,-2.46460492368666150e-07
2.38447500000000012e+01,2.38447500000000012e+01,4.19379527988341244e-02,-1.75879204755124974e-03,-1.75879188495723900e-03,-1.23080453198865459e-07,-1.23080441820519412e-07,-1.23080441820519412e-07,-2.46160895019384871e-07,-2.46160883641038825e-07
2.38520000000000003e+01,2.38520000000000003e+01,4.19252054335066265e-02,-1.75772301303833700e-03,-1.75772285064173346e-03,-1.22930876381520637e-07,-1.22930865023896802e-07,-1.22930865023896802e-07,-2.45861741405417466e-07,-2.45861730047793604e-07
2.38592499999999994e+01,2.38592499999999994e+01,4.19124658151450724e-02,-1.75665495290511231e-03,-1.75665479070570433e-03,-1.22781526716695192e-07,-1.22781515379755689e-07,-1.22781515379755689e-07,-2.45563042096450907e-07,-2.45563030759511378e-07
2.38665000000000020e+01,2.38665000000000020e+01,4.18997339366894983e-02,-1.75558786596763383e-03,-1.75558770396536958e-03,-1.22632403790549603e-07,-1.22632392474267751e-07,-1.22632392474267751e-07,-2.45264796264817328e-07,-2.45264784948535503e-07
2.38737500000000011e+01,2.38737500000000011e+01,4.18870097910885378e-02,-1.75452175104418018e-03,-1.75452158923874698e-03,-1.22483507190153244e-07,-1.22483495894484231e-07,-1.22483495894484257e-07,-2.44967003084637474e-07,-2.44966991788968514e-07
2.38810000000000002e+01,2.38810000000000002e+01,4.18742933712993592e-02,-1.75345660695525041e-03,-1.75345644534564537e-03,-1.22334836503482396e-07,-1.22334825228333339e-07,-1.22334825228333339e-07,-2.44669661731815735e-07,-2.44669650456666677e-07
2.38882500000000029e+01,2.38882500000000029e+01,4.18615846702876868e-02,-1.75239243252089949e-03,-1.75239227110766515e-03,-1.22186391319232367e-07,-1.22186380064618246e-07,-1.22186380064618273e-07,-2.44372771383850613e-07,-2.44372760129236492e-07
2.38955000000000020e+01,2.38955000000000020e+01,4.18488836810278070e-02,-1.75132922656562329e-03,-1.75132906534819542e-03,-1.22038171227156749e-07,-1.22038159993015388e-07,-1.22038159993015388e-07,-2.44076331220172163e-07,-2.44076319986030776e-07
2.39027500000000011e+01,2.39027500000000011e+01,4.18361903965024928e-02,-1.75026698791436175e-03,-1.75026682689240730e-03,-1.21890175817786132e-07,-1.21890164604071606e-07,-1.21890164604071606e-07,-2.43780340421857711e-07,-2.43780329208143212e-07
2.39100000000000001e+01,2.39100000000000001e+01,4.18235048097030521e-02,-1.74920571539338709e-03,-1.74920555456725430e-03,-1.21742404682488845e-07,-1.21742393489202690e-07,-1.21742393489202663e-07,-2.43484798171691508e-07,-2.43484786978405379e-07
2.39172500000000028e+01,2.39172500000000028e+01,4.18108269136292787e-02,-1.74814540783341243e-03,-1.74814524720146654e-03,-1.21594857413684997e-07,-1.21594846240690760e-07,-1.21594846240690760e-07,-2.43189703654375757e-07,-2.43189692481381520e-07
2.39245000000000019e+01,2.39245000000000019e+01,4.17981567012894670e-02,-1.74708606406248634e-03,-1.74708590362554960e-03,-1.21447533604350401e-07,-1.21447522451682731e-07,-1.21447522451682757e-07,-2.42895056056033132e-07,-2.42895044903365462e-07
2.39317500000000010e+01,2.39317500000000010e+01,4.17854941657003764e-02,-1.74602768291443056e-03,-1.74602752267178024e-03,-1.21300432848601639e-07,-1.21300421716187744e-07,-1.21300421716187744e-07,-2.42600854564789383e-07,-2.42600843432375488e-07
2.39390000000000001e+01,2.39390000000000001e+01,4.17728392998872114e-02,-1.74497026322262272e-03,-1.74497010317420159e-03,-1.21153554741261717e-07,-1.21153543629075128e-07,-1.21153543629075155e-07,-2.42307098370336898e-07,-2.42307087258150309e-07
2.39462500000000027e+01,2.39462500000000027e+01,4.17601920968836415e-02,-1.74391380382399319e-03,-1.74391364396862293e-03,-1.21006898878136096e-07,-1.21006887786072601e-07,-1.21006887786072601e-07,-2.42013786664208724e-07,-2.42013775572145203e-07
2.39535000000000018e+01,2.39535000000000018e+01,4.17475525497317673e-02,-1.74285830355414006e-03,-1.74285814389261540e-03,-1.20860464855671546e-07,-1.20860453783763967e-07,-1.20860453783763967e-07,-2.41720918639435513e-07,-2.41720907567527935e-07
2.39607500000000009e+01,2.39607500000000009e+01,4.17349206514821131e-02,-1.74180376125354641e-03,-1.74180360178550803e-03,-1.20714252271386067e-07,-1.20714241219587103e-07,-1.20714241219587103e-07,-2.41428493490973170e-07,-2.41428482439174206e-07
2.39680000000000000e+01,2.39680000000000000e+01,4.17222963951935921e-02,-1.74075017576402757e-03,-1.74075001648838412e-03,-1.20568260723620076e-07,-1.20568249691831843e-07,-1.20568249691831816e-07,-2.41136510415451866e-07,-2.41136499383663633e-07
2.39752500000000026e+01,2.39752500000000026e+01,4.17096797739335279e-02,-1.73969754592695480e-03,-1.73969738684407967e-03,-1.20422489811411710e-07,-1.20422478799637885e-07,-1.20422478799637885e-07,-2.40844968611049621e-07,-2.40844957599275770e-07
2.39825000000000017e+01,2.39825000000000017e+01,4.16970707807776467e-02,-1.73864587058769615e-03,-1.73864571169718104e-03,-1.20276939134802967e-07,-1.20276928142993127e-07,-1.20276928142993127e-07,-2.40553867277796120e-07,-2.40553856285986254e-07
2.39897500000000008e+01,2.39897500000000008e+01,4.16844694088100085e-02,-1.73759514859295194e-03,-1.73759498989401752e-03,-1.20131608294652865e-07,-1.20131597322730962e-07,-1.20131597322730988e-07,-2.40263205617383880e-07,-2.40263194645461924e-07
2.39969999999999999e+01,2.39969999999999999e+01,4.16718756511230554e-02,-1.73654537878942250e-03,-1.73654522028266270e-03,-1.19986496892543656e-07,-1.19986485940528774e-07,-1.19986485940528774e-07,-2.39972982833072430e-07,-2.39972971881057548e-07
2.40042500000000025e+01,2.40042500000000025e+01,4.16592895008175562e-02,-1.73549656002869312e-03,-1.73549640171292790e-03,-1.19841604531116937e-07,-1.19841593598905499e-07,-1.19841593598905499e-07,-2.39683198130022462e-07,-2.39683187197810999e-07
2.40115000000000016e+01,2.40115000000000016e+01,4.16467109510026412e-02,-1.73444869116012867e-03,-1.73444853303636329e-03,-1.19696930813580652e-07,-1.19696919901220147e-07,-1.19696919901220147e-07,-2.39393850714800799e-07,-2.39393839802440293e-07
2.40187500000000007e+01,2.40187500000000007e+01,4.16341399947957325e-02,-1.73340177104019943e-03,-1.73340161310624945e-03,-1.19552475344351305e-07,-1.19552464451669069e-07,-1.19552464451669069e-07,-2.39104939796020375e-07,-2.39104928903338138e-07
2.40259999999999998e+01,2.40259999999999998e+01,4.16215766253225650e-02,-1.73235579852049071e-03,-1.73235564077759774e-03,-1.19408237728224604e-07,-1.19408226855284483e-07,-1.19408226855284483e-07,-2.38816464583509087e-07,-2.38816453710568966e-07
2.40332500000000024e+01,2.40332500000000024e+01,4.16090208357171795e-02,-1.73131077245969323e-03,-1.73131061490714626e-03,-1.19264217571200977e-07,-1.19264206717932164e-07,-1.19264206717932164e-07,-2.38528424289133115e-07,-2.38528413435864328e-07
2.40405000000000015e+01,2.40405000000000015e+01,4.15964726191218950e-02,-1.73026669171605363e-03,-1.73026653435335762e-03,-1.19120414479963057e-07,-1.19120403646309687e-07,-1.19120403646309700e-07,-2.38240818126272757e-07,-2.38240807292619400e-07
2.40477500000000006e+01,2.40477500000000006e+01,4.15839319686873016e-02,-1.72922355514915083e-03,-1.72922339797641354e-03,-1.18976828061996332e-07,-1.18976817247944164e-07,-1.18976817247944151e-07,-2.37953645309940496e-07,-2.37953634495888329e-07
2.40549999999999997e+01,2.40549999999999997e+01,4.15713988775722326e-02,-1.72818136162167235e-03,-1.72818120463821378e-03,-1.18833457925709675e-07,-1.18833447131190272e-07,-1.18833447131190286e-07,-2.37666905056899947e-07,-2.37666894262380571e-07
2.40622500000000024e+01,2.40622500000000024e+01,4.15588733389437789e-02,-1.72714010999674983e-03,-1.72713995320237200e-03,-1.18690303680250254e-07,-1.18690292905228465e-07,-1.18690292905228452e-07,-2.37380596585478719e-07,-2.37380585810456930e-07
2.40695000000000014e+01,2.40695000000000014e+01,4.15463553459772747e-02,-1.72609979914062350e-03,-1.72609964253421424e-03,-1.18547364935684983e-07,-1.18547354180062882e-07,-1.18547354180062896e-07,-2.37094719115747879e-07,-2.37094708360125791e-07
2.40767500000000005e+01,2.40767500000000005e+01,4.15338448918562489e-02,-1.72506042791820136e-03,-1.72506027150077352e-03,-1.18404641302693539e-07,-1.18404630566519235e-07,-1.18404630566519235e-07,-2.36809271869212786e-07,-2.36809261133038469e-07
2.40839999999999996e+01,2.40839999999999996e+01,4.15213419697724670e-02,-1.72402199519927635e-03,-1.72402183897078830e-03,-1.18262132392993846e-07,-1.18262121676243027e-07,-1.18262121676243027e-07,-2.36524254069236873e-07,-2.36524243352486053e-07
2.40912500000000023e+01,2.40912500000000023e+01,4.15088465729258477e-02,-1.72298449985630597e-03,-1.72298434381469795e-03,-1.18119837819187314e-07,-1.18119827121697322e-07,-1.18119827121697336e-07,-2.36239664940884650e-07,-2.36239654243394671e-07
2.40985000000000014e+01,2.40985000000000014e+01,4.14963586945245530e-02,-1.72194794075775093e-03,-1.72194778490464338e-03,-1.17977757194300614e-07,-1.17977746516161263e-07,-1.17977746516161276e-07,-2.35955503710461903e-07,-2.35955493032322525e-07
2.41057500000000005e+01,2.41057500000000005e+01,4.14838783277848636e-02,-1.72091231678050960e-03,-1.72091216111445880e-03,-1.17835890132636434e-07,-1.17835879473727510e-07,-1.17835879473727483e-07,-2.35671769606363918e-07,-2.35671758947454993e-07
2.41129999999999995e+01,2.41129999999999995e+01,4.14714054659312409e-02,-1.71987762679792766e-03,-1.71987747131967152e-03,-1.17694236248949790e-07,-1.17694225609300595e-07,-1.17694225609300608e-07,-2.35388461858250384e-07,-2.35388451218601189e-07
2.41202500000000022e+01,2.41202500000000022e+01,4.14589401021962858e-02,-1.71884386968956804e-03,-1.71884371439749934e-03,-1.17552795159115660e-07,-1.17552784538595049e-07,-1.17552784538595036e-07,-2.35105579697710696e-07,-2.35105569077190072e-07
2.41275000000000013e+01,2.41275000000000013e+01,4.14464822298207386e-02,-1.71781104433232912e-03,-1.71781088922684641e-03,-1.17411566479519162e-07,-1.17411555878133304e-07,-1.17411555878133317e-07,-2.34823122357652492e-07,-2.34823111756266634e-07
2.41347500000000004e+01,2.41347500000000004e+01,4.14340318420534717e-02,-1.71677914960666200e-03,-1.71677899468830088e-03,-1.17270549827479427e-07,-1.17270539245243858e-07,-1.17270539245243858e-07,-2.34541089072723298e-07,-2.34541078490487717e-07
2.41419999999999995e+01,2.41419999999999995e+01,4.14215889321514416e-02,-1.71574818439745869e-03,-1.71574802966413076e-03,-1.17129744821308108e-07,-1.17129734258059154e-07,-1.17129734258059154e-07,-2.34259479079367249e-07,-2.34259468516118308e-07
2.41492500000000021e+01,2.41492500000000021e+01,4.14091534933797092e-02,-1.71471814758561436e-03,-1.71471799303828088e-03,-1.16989151079731338e-07,-1.16989140535513706e-07,-1.16989140535513706e-07,-2.33978291615245057e-07,-2.33978281071027411e-07
2.41565000000000012e+01,2.41565000000000012e+01,4.13967255190114472e-02,-1.71368903805824147e-03,-1.71368888369637334e-03,-1.16848768222585934e-07,-1.16848757697342593e-07,-1.16848757697342606e-07,-2.33697525919928553e-07,-2.33697515394685186e-07
2.41637500000000003e+01,2.41637500000000003e+01,4.13843050023278633e-02,-1.71266085470200835e-03,-1.71266070052569904e-03,-1.16708595870362395e-07,-1.16708585364078841e-07,-1.16708585364078855e-07,-2.33417181234441249e-07,-2.33417170728157683e-07
2.41710000000000029e+01,2.41710000000000029e+01,4.13718919366182561e-02,-1.71163359640758017e-03,-1.71163344241521877e-03,-1.16568633644506293e-07,-1.16568623157051964e-07,-1.16568623157051964e-07,-2.33137256801558270e-07,-2.33137246314103928e-07
2.41782500000000020e+01,2.41782500000000020e+01,4.13594863151799594e-02,-1.71060726206251346e-03,-1.71060710825555844e-03,-1.16428881166932547e-07,-1.16428870698386032e-07,-1.16428870698386045e-07,-2.32857751865318592e-07,-2.32857741396772090e-07
2.41855000000000011e+01,2.41855000000000011e+01,4.13470881313183491e-02,-1.70958185056191425e-03,-1.70958169693900667e-03,-1.16289338060749506e-07,-1.16289327610997580e-07,-1.16289327610997593e-07,-2.32578665671747112e-07,-2.32578655221995186e-07
2.41927500000000002e+01,2.41927500000000002e+01,4.13346973783468158e-02,-1.70855736079822407e-03,-1.70855720735951116e-03,-1.16150003949561814e-07,-1.16149993518593836e-07,-1.16149993518593850e-07,-2.32299997468155664e-07,-2.32299987037187699e-07
2.42000000000000028e+01,2.42000000000000028e+01,4.13223140495867711e-02,-1.70753379166743713e-03,-1.70753363841267625e-03,-1.16010878457891876e-07,-1.16010868045670736e-07,-1.16010868045670736e-07,-2.32021746503562612e-07,-2.32021736091341472e-07
2.42072500000000019e+01,2.42072500000000019e+01,4.13099381383676342e-02,-1.70651114206732402e-03,-1.70651098899576078e-03,-1.15871961211057381e-07,-1.15871950817511266e-07,-1.15871950817511253e-07,-2.31743912028568633e-07,-2.31743901635022505e-07
2.42145000000000010e+01,2.42145000000000010e+01,4.12975696380267973e-02,-1.70548941089565531e-03,-1.70548925800767287e-03,-1.15733251835048826e-07,-1.15733241460183255e-07,-1.15733241460183242e-07,-2.31466493295232068e-07,-2.31466482920366510e-07
2.42217500000000001e+01,2.42217500000000001e+01,4.12852085419096460e-02,-1.70446859705375431e-03,-1.70446844434896929e-03,-1.15594749956769255e-07,-1.15594739600537707e-07,-1.15594739600537721e-07,-2.31189489557306962e-07,-2.31189479201075415e-07
2.42290000000000028e+01,2.42290000000000028e+01,4.12728548433695108e-02,-1.70344869944472066e-03,-1.70344854692185002e-03,-1.15456455203911728e-07,-1.15456444866206816e-07,-1.15456444866206816e-07,-2.30912900070118531e-07,-2.30912889732413632e-07
2.42362500000000018e+01,2.42362500000000018e+01,4.12605085357677023e-02,-1.70242971696987766e-03,-1.70242956463015935e-03,-1.15318367204717059e-07,-1.15318356885602323e-07,-1.15318356885602336e-07,-2.30636724090319395e-07,-2.30636713771204646e-07
2.42435000000000009e+01,2.42435000000000009e+01,4.12481696124734482e-02,-1.70141164853720994e-03,-1.70141149637937782e-03,-1.15180485588543958e-07,-1.15180475287913294e-07,-1.15180475287913320e-07,-2.30360960876457278e-07,-2.30360950575826614e-07
2.42507500000000000e+01,2.42507500000000000e+01,4.12358380668639141e-02,-1.70039449305292578e-03,-1.70039434107662293e-03,-1.15042809985295540e-07,-1.15042799703104558e-07,-1.15042799703104545e-07,-2.30085609688400085e-07,-2.30085599406209090e-07
2.42580000000000027e+01,2.42580000000000027e+01,4.12235138923241762e-02,-1.69937824942545390e-03,-1.69937809763064432e-03,-1.14905340025688549e-07,-1.14905329761914604e-07,-1.14905329761914604e-07,-2.29810669787603166e-07,-2.29810659523829209e-07
2.42652500000000018e+01,2.42652500000000018e+01,4.12111970822472418e-02,-1.69836291656499938e-03,-1.69836276495182359e-03,-1.14768075341221684e-07,-1.14768065095854096e-07,-1.14768065095854110e-07,-2.29536140437075780e-07,-2.29536130191708193e-07
2.42725000000000009e+01,2.42725000000000009e+01,4.11988876300339868e-02,-1.69734849338398774e-03,-1.69734834195216754e-03,-1.14631015564203886e-07,-1.14631005337203718e-07,-1.14631005337203705e-07,-2.29262020901407590e-07,-2.29262010674407436e-07
2.42797499999999999e+01,2.42797499999999999e+01,4.11865855290931768e-02,-1.69633497879662087e-03,-1.69633482754530732e-03,-1.14494160327722451e-07,-1.14494150119012279e-07,-1.14494150119012279e-07,-2.28988310446734730e-07,-2.28988300238024558e-07
2.42870000000000026e+01,2.42870000000000026e+01,4.11742907728414320e-02,-1.69532237171798883e-03,-1.69532222064649519e-03,-1.14357509265581625e-07,-1.14357499075095128e-07,-1.14357499075095128e-07,-2.28715008340676753e-07,-2.28714998150190257e-07
2.42942500000000017e+01,2.42942500000000017e+01,4.11620033547032693e-02,-1.69431067106318167e-03,-1.69431052017260321e-03,-1.14221062012241308e-07,-1.14221051840032393e-07,-1.14221051840032379e-07,-2.28442113852273687e-07,-2.28442103680064759e-07
2.43015000000000008e+01,2.43015000000000008e+01,4.11497232681110187e-02,-1.69329987575306262e-03,-1.69329972504211738e-03,-1.14084818203204402e-07,-1.14084808049166700e-07,-1.14084808049166713e-07,-2.28169626252371115e-07,-2.28169616098333426e-07
2.43087499999999999e+01,2.43087499999999999e+01,4.11374505065048579e-02,-1.69228998470627445e-03,-1.69228983417513677e-03,-1.13948777474476433e-07,-1.13948767338601816e-07,-1.13948767338601816e-07,-2.27897544813078262e-07,-2.27897534677203633e-07
2.43160000000000025e+01,2.43160000000000025e+01,4.11251850633327781e-02,-1.69128099684456856e-03,-1.69128084649336962e-03,-1.13812939462923072e-07,-1.13812929345200504e-07,-1.13812929345200491e-07,-2.27625868808123563e-07,-2.27625858690400982e-07
2.43232500000000016e+01,2.43232500000000016e+01,4.11129269320506044e-02,-1.69027291109191680e-03,-1.69027276092013207e-03,-1.13677303806208732e-07,-1.13677293706583116e-07,-1.13677293706583116e-07,-2.27354597512791848e-07,-2.27354587413166231e-07
2.43305000000000007e+01,2.43305000000000007e+01,4.11006761061219472e-02,-1.68926572637317918e-03,-1.68926557638034353e-03,-1.13541870142705057e-07,-1.13541860061125359e-07,-1.13541860061125345e-07,-2.27083730203830403e-07,-2.27083720122250717e-07
2.43377499999999998e+01,2.43377499999999998e+01,4.10884325790181956e-02,-1.68825944161454800e-03,-1.68825929180052374e-03,-1.13406638111519380e-07,-1.13406628047956628e-07,-1.13406628047956615e-07,-2.26813266159475995e-07,-2.26813256095913256e-07
2.43450000000000024e+01,2.43450000000000024e+01,4.10761963442185241e-02,-1.68725405574532417e-03,-1.68725390610879118e-03,-1.13271607352612418e-07,-1.13271597306958325e-07,-1.13271597306958325e-07,-2.26543204659570730e-07,-2.26543194613916650e-07
2.43522500000000015e+01,2.43522500000000015e+01,4.10639673952098855e-02,-1.68624956769303225e-03,-1.68624941823486050e-03,-1.13136777506468727e-07,-1.13136767478762124e-07,-1.13136767478762124e-07,-2.26273544985230838e-07,-2.26273534957524248e-07
2.43595000000000006e+01,2.43595000000000006e+01,4.10517457254869766e-02,-1.68524597639052587e-03,-1.68524582711003816e-03,-1.13002148214572030e-07,-1.13002138204747933e-07,-1.13002138204747920e-07,-2.26004286419319950e-07,-2.26004276409495840e-07
2.43667499999999997e+01,2.43667499999999997e+01,4.10395313285522312e-02,-1.68424328077021457e-03,-1.68424313166721986e-03,-1.12867719119016151e-07,-1.12867709127042228e-07,-1.12867709127042228e-07,-2.25735428246058380e-07,-2.25735418254084457e-07
2.43740000000000023e+01,2.43740000000000023e+01,4.10273241979158057e-02,-1.68324147976672833e-03,-1.68324133084088792e-03,-1.12733489862682167e-07,-1.12733479888516291e-07,-1.12733479888516278e-07,-2.25466969751198458e-07,-2.25466959777032556e-07
2.43812500000000014e+01,2.43812500000000014e+01,4.10151243270956145e-02,-1.68224057231514124e-03,-1.68224042356711042e-03,-1.12599460089117993e-07,-1.12599450132784610e-07,-1.12599450132784610e-07,-2.25198910221902616e-07,-2.25198900265569219e-07
2.43885000000000005e+01,2.43885000000000005e+01,4.10029317096172394e-02,-1.68124055735496825e-03,-1.68124040878353488e-03,-1.12465629442804195e-07,-1.12465619504202784e-07,-1.12465619504202771e-07,-2.24931248947006966e-07,-2.24931239008405569e-07
2.43957499999999996e+01,2.43957499999999996e+01,4.09907463390139712e-02,-1.68024143382394797e-03,-1.68024128542938723e-03,-1.12331997568736254e-07,-1.12331987647865890e-07,-1.12331987647865904e-07,-2.24663985216602158e-07,-2.24663975295731781e-07
2.44030000000000022e+01,2.44030000000000022e+01,4.09785682088267822e-02,-1.67924320066470401e-03,-1.67924305244546894e-03,-1.12198564112868812e-07,-1.12198554209606834e-07,-1.12198554209606834e-07,-2.24397118322475659e-07,-2.24397108419213668e-07
2.44102500000000013e+01,2.44102500000000013e+01,4.09663973126043329e-02,-1.67824585681675131e-03,-1.67824570877415555e-03,-1.12065328721579642e-07,-1.12065318835994593e-07,-1.12065318835994593e-07,-2.24130647557574234e-07,-2.24130637671989185e-07
2.44175000000000004e+01,2.44175000000000004e+01,4.09542336439029375e-02,-1.67724940122626620e-03,-1.67724925335939121e-03,-1.11932291042320952e-07,-1.11932281174332284e-07,-1.11932281174332297e-07,-2.23864572216653249e-07,-2.23864562348664568e-07
2.44247499999999995e+01,2.44247499999999995e+01,4.09420771962865568e-02,-1.67625383283764862e-03,-1.67625368514668759e-03,-1.11799450723054163e-07,-1.11799440872655617e-07,-1.11799440872655603e-07,-2.23598891595709766e-07,-2.23598881745311207e-07
2.44320000000000022e+01,2.44320000000000022e+01,4.09299279633267843e-02,-1.67525915059973940e-03,-1.67525900308311960e-03,-1.11666807412663247e-07,-1.11666797579730851e-07,-1.11666797579730877e-07,-2.23333604992394124e-07,-2.23333595159461728e-07
2.44392500000000013e+01,2.44392500000000013e+01,4.09177859386028603e-02,-1.67426535345871486e-03,-1.67426520611732598e-03,-1.11534360760479660e-07,-1.11534350945053701e-07,-1.11534350945053701e-07,-2.23068711705533375e-07,-2.23068701890107403e-07
2.44465000000000003e+01,2.44465000000000003e+01,4.09056511157016370e-02,-1.67327244036563627e-03,-1.67327229319950239e-03,-1.11402110416783802e-07,-1.11402100618846837e-07,-1.11402100618846837e-07,-2.22804211035630638e-07,-2.22804201237693673e-07
2.44537499999999994e+01,2.44537499999999994e+01,4.08935234882175577e-02,-1.67228041027378538e-03,-1.67228026328140097e-03,-1.11270056032625798e-07,-1.11270046252058646e-07,-1.11270046252058659e-07,-2.22540102284684470e-07,-2.22540092504117319e-07
2.44610000000000021e+01,2.44610000000000021e+01,4.08814030497526640e-02,-1.67128926213466755e-03,-1.67128911531632643e-03,-1.11138197259557959e-07,-1.11138187496361296e-07,-1.11138187496361296e-07,-2.22276384755919269e-07,-2.22276374992722592e-07
2.44682500000000012e+01,2.44682500000000012e+01,4.08692897939166022e-02,-1.67029899490334088e-03,-1.67029884825913586e-03,-1.11006533749988180e-07,-1.11006524004149300e-07,-1.11006524004149300e-07,-2.22013057754137480e-07,-2.22013048008298600e-07
2.44755000000000003e+01,2.44755000000000003e+01,4.08571837143265684e-02,-1.66930960753663982e-03,-1.66930946106623218e-03,-1.10875065157059896e-07,-1.10875055428537453e-07,-1.10875055428537466e-07,-2.21750120585597362e-07,-2.21750110857074906e-07
2.44827500000000029e+01,2.44827500000000029e+01,4.08450848046073220e-02,-1.66832109899228698e-03,-1.66832095269556398e-03,-1.10743791134591562e-07,-1.10743781423359258e-07,-1.10743781423359245e-07,-2.21487572557950807e-07,-2.21487562846718490e-07
2.44900000000000020e+01,2.44900000000000020e+01,4.08329930583911788e-02,-1.66733346823066952e-03,-1.66733332210662220e-03,-1.10612711337193265e-07,-1.10612701643165418e-07,-1.10612701643165418e-07,-2.21225412980358696e-07,-2.21225403286330836e-07
2.44972500000000011e+01,2.44972500000000011e+01,4.08209084693179833e-02,-1.66634671421128644e-03,-1.66634656826043673e-03,-1.10481825420029262e-07,-1.10481815743221807e-07,-1.10481815743221794e-07,-2.20963641163251056e-07,-2.20963631486443588e-07
2.45045000000000002e+01,2.45045000000000002e+01,4.08088310310351157e-02,-1.66536083589763351e-03,-1.66536069011957461e-03,-1.10351133039140690e-07,-1.10351123379507993e-07,-1.10351123379507993e-07,-2.20702256418648670e-07,-2.20702246759015986e-07
2.45117500000000028e+01,2.45117500000000028e+01,4.07967607371974642e-02,-1.66437583225409469e-03,-1.66437568664813641e-03,-1.10220633851237775e-07,-1.10220624208715513e-07,-1.10220624208715500e-07,-2.20441258059953275e-07,-2.20441248417431026e-07
2.45190000000000019e+01,2.45190000000000019e+01,4.07846975814674315e-02,-1.66339170224549804e-03,-1.66339155681175530e-03,-1.10090327513669019e-07,-1.10090317888246249e-07,-1.10090317888246236e-07,-2.20180645401915242e-07,-2.20180635776492498e-07
2.45262500000000010e+01,2.45262500000000010e+01,4.07726415575149076e-02,-1.66240844483978023e-03,-1.66240829957759167e-03,-1.09960213684596094e-07,-1.09960204076210531e-07,-1.09960204076210518e-07,-2.19920417760806612e-07,-2.19920408152421062e-07
2.45335000000000001e+01,2.45335000000000001e+01,4.07605926590172626e-02,-1.66142605900398976e-03,-1.66142591391433203e-03,-1.09830292022727944e-07,-1.09830282431425712e-07,-1.09830282431425712e-07,-2.19660574454153669e-07,-2.19660564862851424e-07
2.45407500000000027e+01,2.45407500000000027e+01,4.07485508796593399e-02,-1.66044454371094830e-03,-1.66044439879218598e-03,-1.09700562187759778e-07,-1.09700552613414312e-07,-1.09700552613414312e-07,-2.19401114801174091e-07,-2.19401105226828625e-07
2.45480000000000018e+01,2.45480000000000018e+01,4.07365162131334488e-02,-1.65946389793081295e-03,-1.65946375318288446e-03,-1.09571023839813672e-07,-1.09571014282402552e-07,-1.09571014282402552e-07,-2.19142038122216237e-07,-2.19142028564805103e-07
2.45552500000000009e+01,2.45552500000000009e+01,4.07244886531393444e-02,-1.65848412063596129e-03,-1.65848397605967523e-03,-1.09441676639760237e-07,-1.09441667099318482e-07,-1.09441667099318509e-07,-2.18883343739078746e-07,-2.18883334198636991e-07
2.45625000000000000e+01,2.45625000000000000e+01,4.07124681933842270e-02,-1.65750521080321178e-03,-1.65750506639732219e-03,-1.09312520249363416e-07,-1.09312510725790508e-07,-1.09312510725790508e-07,-2.18625030975153924e-07,-2.18625021451581015e-07
2.45697500000000026e+01,2.45697500000000026e+01,4.07004548275826938e-02,-1.65652716740805062e-03,-1.65652702317209931e-03,-1.09183554330897951e-07,-1.09183544824145436e-07,-1.09183544824145423e-07,-2.18367099155043373e-07,-2.18367089648290845e-07
2.45770000000000017e+01,2.45770000000000017e+01,4.06884485494568085e-02,-1.65554998942774034e-03,-1.65554984536179367e-03,-1.09054778547353294e-07,-1.09054769057407342e-07,-1.09054769057407356e-07,-2.18109547604760650e-07,-2.18109538114814685e-07
2.45842500000000008e+01,2.45842500000000008e+01,4.06764493527359966e-02,-1.65457367584176396e-03,-1.65457353194569680e-03,-1.08926192562461191e-07,-1.08926183089295412e-07,-1.08926183089295399e-07,-2.17852375651756590e-07,-2.17852366178590824e-07
2.45914999999999999e+01,2.45914999999999999e+01,4.06644572311571084e-02,-1.65359822563049264e-03,-1.65359808190460554e-03,-1.08797796040606541e-07,-1.08797786584222576e-07,-1.08797786584222589e-07,-2.17595582624829131e-07,-2.17595573168445179e-07
2.45987500000000026e+01,2.45987500000000026e+01,4.06524721784643495e-02,-1.65262363777740617e-03,-1.65262349422081790e-03,-1.08669588646972005e-07,-1.08669579207293765e-07,-1.08669579207293765e-07,-2.17339167854265770e-07,-2.17339158414587531e-07
2.46060000000000016e+01,2.46060000000000016e+01,4.06404941884093290e-02,-1.65164991126598437e-03,-1.65164976787813243e-03,-1.08541570047331998e-07,-1.08541560624304468e-07,-1.08541560624304468e-07,-2.17083130671636466e-07,-2.17083121248608936e-07
2.46132500000000007e+01,2.46132500000000007e+01,4.06285232547509978e-02,-1.65067704508103930e-03,-1.65067690186184259e-03,-1.08413739908138950e-07,-1.08413730501738835e-07,-1.08413730501738822e-07,-2.16827470409877758e-07,-2.16827461003477670e-07
2.46204999999999998e+01,2.46204999999999998e+01,4.06165593712556616e-02,-1.64970503820915937e-03,-1.64970489515873608e-03,-1.08286097896551065e-07,-1.08286088506768175e-07,-1.08286088506768175e-07,-2.16572186403319239e-07,-2.16572177013536350e-07
2.46277500000000025e+01,2.46277500000000025e+01,4.06046025316969608e-02,-1.64873388963915346e-03,-1.64873374675709138e-03,-1.08158643680460012e-07,-1.08158634307249375e-07,-1.08158634307249375e-07,-2.16317277987709386e-07,-2.16317268614498749e-07
2.46350000000000016e+01,2.46350000000000016e+01,4.05926527298558909e-02,-1.64776359836027453e-03,-1.64776345564667708e-03,-1.08031376928372910e-07,-1.08031367571723408e-07,-1.08031367571723408e-07,-2.16062744500096317e-07,-2.16062735143446815e-07
2.46422500000000007e+01,2.46422500000000007e+01,4.05807099595207402e-02,-1.64679416336399598e-03,-1.64679402081874585e-03,-1.07904297309527243e-07,-1.07904287969413346e-07,-1.07904287969413359e-07,-2.15808585278940603e-07,-2.15808575938826692e-07
2.46494999999999997e+01,2.46494999999999997e+01,4.05687742144871105e-02,-1.64582558364401166e-03,-1.64582544126603419e-03,-1.07777404493889634e-07,-1.07777395170223132e-07,-1.07777395170223132e-07,-2.15554799664112780e-07,-2.15554790340446264e-07
2.46567500000000024e+01,2.46567500000000024e+01,4.05568454885578966e-02,-1.64485785819401542e-03,-1.64485771598275898e-03,-1.07650698152008631e-07,-1.07650688844735697e-07,-1.07650688844735683e-07,-2.15301386996744301e-07,-2.15301377689471367e-07
2.46640000000000015e+01,2.46640000000000015e+01,4.05449237755432998e-02,-1.64389098600858929e-03,-1.64389084396461636e-03,-1.07524177955071971e-07,-1.07524168664211716e-07,-1.07524168664211703e-07,-2.15048346619283674e-07,-2.15048337328423432e-07
2.46712500000000006e+01,2.46712500000000006e+01,4.05330090692607795e-02,-1.64292496608586802e-03,-1.64292482420877657e-03,-1.07397843575079116e-07,-1.07397834300587588e-07,-1.07397834300587601e-07,-2.14795677875666717e-07,-2.14795668601175176e-07
2.46784999999999997e+01,2.46784999999999997e+01,4.05211013635350600e-02,-1.64195979742398634e-03,-1.64195965571388306e-03,-1.07271694684607667e-07,-1.07271685426474212e-07,-1.07271685426474198e-07,-2.14543380111081852e-07,-2.14543370852948423e-07
2.46857500000000023e+01,2.46857500000000023e+01,4.05092006521981240e-02,-1.64099547902374354e-03,-1.64099533748004902e-03,-1.07145730956985883e-07,-1.07145721715155058e-07,-1.07145721715155071e-07,-2.14291452672140941e-07,-2.14291443430310143e-07
2.46930000000000014e+01,2.46930000000000014e+01,4.04973069290892121e-02,-1.64003200988638298e-03,-1.64003186850885719e-03,-1.07019952066146510e-07,-1.07019942840585084e-07,-1.07019942840585097e-07,-2.14039894906731607e-07,-2.14039885681170168e-07
2.47002500000000005e+01,2.47002500000000005e+01,4.04854201880547743e-02,-1.63906938901492438e-03,-1.63906924780335308e-03,-1.06894357686712046e-07,-1.06894348477388572e-07,-1.06894348477388572e-07,-2.13788706164100618e-07,-2.13788696954777145e-07
2.47074999999999996e+01,2.47074999999999996e+01,4.04735404229484980e-02,-1.63810761541416383e-03,-1.63810747436804612e-03,-1.06768947493993652e-07,-1.06768938300857985e-07,-1.06768938300857985e-07,-2.13537885794851637e-07,-2.13537876601715969e-07
2.47147500000000022e+01,2.47147500000000022e+01,4.04616676276312662e-02,-1.63714668808978558e-03,-1.63714654720890419e-03,-1.06643721163931533e-07,-1.06643711986952132e-07,-1.06643711986952132e-07,-2.13287433150883652e-07,-2.13287423973904264e-07
2.47220000000000013e+01,2.47220000000000013e+01,4.04498017959711992e-02,-1.63618660604880617e-03,-1.63618646533335473e-03,-1.06518678373122870e-07,-1.06518669212294957e-07,-1.06518669212294971e-07,-2.13037347585417840e-07,-2.13037338424589915e-07
2.47292500000000004e+01,2.47292500000000004e+01,4.04379429218435643e-02,-1.63522736830090665e-03,-1.63522722775027800e-03,-1.06393818798906819e-07,-1.06393809654173552e-07,-1.06393809654173566e-07,-2.12787628453080372e-07,-2.12787619308347131e-07
2.47364999999999995e+01,2.47364999999999995e+01,4.04260909991308384e-02,-1.63426897385576808e-03,-1.63426883347000756e-03,-1.06269142119189866e-07,-1.06269132990536885e-07,-1.06269132990536885e-07,-2.12538275109726751e-07,-2.12538265981073769e-07
2.47437500000000021e+01,2.47437500000000021e+01,4.04142460217226523e-02,-1.63331142172529198e-03,-1.63331128150432520e-03,-1.06144648012588837e-07,-1.06144638899994052e-07,-1.06144638899994039e-07,-2.12289286912582876e-07,-2.12289277799988077e-07
2.47510000000000012e+01,2.47510000000000012e+01,4.04024079835158187e-02,-1.63235471092360029e-03,-1.63235457086646253e-03,-1.06020336158429605e-07,-1.06020327061813077e-07,-1.06020327061813104e-07,-2.12040663220242709e-07,-2.12040654123626181e-07
2.47582500000000003e+01,2.47582500000000003e+01,4.03905768784142624e-02,-1.63139884046437089e-03,-1.63139870057109294e-03,-1.05896206236572348e-07,-1.05896197155918950e-07,-1.05896197155918950e-07,-2.11792403392491299e-07,-2.11792394311837901e-07
2.47655000000000030e+01,2.47655000000000030e+01,4.03787527003290833e-02,-1.63044380936394617e-03,-1.63044366963433309e-03,-1.05772257927612338e-07,-1.05772248862892305e-07,-1.05772248862892318e-07,-2.11544506790504656e-07,-2.11544497725784636e-07
2.47727500000000020e+01,2.47727500000000020e+01,4.03669354431784866e-02,-1.62948961663955671e-03,-1.62948947707373970e-03,-1.05648490912763232e-07,-1.05648481863967947e-07,-1.05648481863967947e-07,-2.11296972776731192e-07,-2.11296963727935894e-07
2.47800000000000011e+01,2.47800000000000011e+01,4.03551251008878106e-02,-1.62853626131065354e-03,-1.62853612190830537e-03,-1.05524904873941976e-07,-1.05524895841033165e-07,-1.05524895841033165e-07,-2.11049800714975154e-07,-2.11049791682066329e-07
2.47872500000000002e+01,2.47872500000000002e+01,4.03433216673894854e-02,-1.62758374239801995e-03,-1.62758360315845780e-03,-1.05401499493709818e-07,-1.05401490476626243e-07,-1.05401490476626243e-07,-2.10802989970336061e-07,-2.10802980953252486e-07
2.47945000000000029e+01,2.47945000000000029e+01,4.03315251366230393e-02,-1.62663205892288332e-03,-1.62663191984605601e-03,-1.05278274455213597e-07,-1.05278265453934969e-07,-1.05278265453934982e-07,-2.10556539909148566e-07,-2.10556530907869937e-07
2.48017500000000020e+01,2.48017500000000020e+01,4.03197355025350992e-02,-1.62568120990869147e-03,-1.62568107099438932e-03,-1.05155229442299430e-07,-1.05155220456795255e-07,-1.05155220456795268e-07,-2.10310449899094685e-07,-2.10310440913590510e-07
2.48090000000000011e+01,2.48090000000000011e+01,4.03079527590793629e-02,-1.62473119438022451e-03,-1.62473105562817364e-03,-1.05032364139453685e-07,-1.05032355169689341e-07,-1.05032355169689341e-07,-2.10064719309143026e-07,-2.10064710339378681e-07
2.48162500000000001e+01,2.48162500000000001e+01,4.02961769002165918e-02,-1.62378201136315070e-03,-1.62378187277354932e-03,-1.04909678231773031e-07,-1.04909669277744480e-07,-1.04909669277744467e-07,-2.09819347509517498e-07,-2.09819338555488961e-07
2.48235000000000028e+01,2.48235000000000028e+01,4.02844079199145902e-02,-1.62283365988624695e-03,-1.62283352145807741e-03,-1.04787171405106579e-07,-1.04787162466731263e-07,-1.04787162466731263e-07,-2.09574333871837842e-07,-2.09574324933462527e-07
2.48307500000000019e+01,2.48307500000000019e+01,4.02726458121482403e-02,-1.62188613897695788e-03,-1.62188600071074126e-03,-1.04664843345767734e-07,-1.04664834423062528e-07,-1.04664834423062528e-07,-2.09329677768830262e-07,-2.09329668846125056e-07
2.48380000000000010e+01,2.48380000000000010e+01,4.02608905708994255e-02,-1.62093944766716902e-03,-1.62093930956193843e-03,-1.04542693740905499e-07,-1.04542684833791272e-07,-1.04542684833791245e-07,-2.09085378574696758e-07,-2.09085369667582517e-07
2.48452500000000001e+01,2.48452500000000001e+01,4.02491421901570723e-02,-1.61999358498698953e-03,-1.61999344704348200e-03,-1.04420722278101950e-07,-1.04420713386609525e-07,-1.04420713386609538e-07,-2.08841435664711488e-07,-2.08841426773219049e-07
2.48525000000000027e+01,2.48525000000000027e+01,4.02374006639171083e-02,-1.61904854997141356e-03,-1.61904841218859694e-03,-1.04298928645800660e-07,-1.04298919769846842e-07,-1.04298919769846842e-07,-2.08597848415647515e-07,-2.08597839539693684e-07
2.48597500000000018e+01,2.48597500000000018e+01,4.02256659861824836e-02,-1.61810434165410300e-03,-1.61810420403191830e-03,-1.04177312532904427e-07,-1.04177303672468808e-07,-1.04177303672468795e-07,-2.08354616205373222e-07,-2.08354607344937617e-07
2.48670000000000009e+01,2.48670000000000009e+01,4.02139381509631216e-02,-1.61716095907138424e-03,-1.61716082160948734e-03,-1.04055873629031513e-07,-1.04055864784075369e-07,-1.04055864784075356e-07,-2.08111738413106869e-07,-2.08111729568150738e-07
2.48742500000000000e+01,2.48742500000000000e+01,4.02022171522759472e-02,-1.61621840126002780e-03,-1.61621826395875047e-03,-1.03934611624371453e-07,-1.03934602794899574e-07,-1.03934602794899561e-07,-2.07869214419271014e-07,-2.07869205589799149e-07
2.48815000000000026e+01,2.48815000000000026e+01,4.01905029841448450e-02,-1.61527666726035690e-03,-1.61527653011855551e-03,-1.03813526209883588e-07,-1.03813517395805924e-07,-1.03813517395805924e-07,-2.07627043605689525e-07,-2.07627034791611847e-07
2.48887500000000017e+01,2.48887500000000017e+01,4.01787956406006730e-02,-1.61433575611091840e-03,-1.61433561912915154e-03,-1.03692617076953222e-07,-1.03692608278289229e-07,-1.03692608278289229e-07,-2.07385225355242438e-07,-2.07385216556578457e-07
2.48960000000000008e+01,2.48960000000000008e+01,4.01670951156812353e-02,-1.61339566685470004e-03,-1.61339553003218318e-03,-1.03571883917789800e-07,-1.03571875134472654e-07,-1.03571875134472654e-07,-2.07143759052262453e-07,-2.07143750268945307e-07
2.49032499999999999e+01,2.49032499999999999e+01,4.01554014034312817e-02,-1.61245639853424549e-03,-1.61245626187069089e-03,-1.03451326425111763e-07,-1.03451317657106617e-07,-1.03451317657106630e-07,-2.06902644082218407e-07,-2.06902635314213234e-07
2.49105000000000025e+01,2.49105000000000025e+01,4.01437144979024871e-02,-1.61151795019343069e-03,-1.61151781368910636e-03,-1.03330944292259463e-07,-1.03330935539567177e-07,-1.03330935539567151e-07,-2.06661879831826601e-07,-2.06661871079134328e-07
2.49177500000000016e+01,2.49177500000000016e+01,4.01320343931534720e-02,-1.61058032087879610e-03,-1.61058018453325317e-03,-1.03210737213279239e-07,-1.03210728475854708e-07,-1.03210728475854695e-07,-2.06421465689133921e-07,-2.06421456951709390e-07
2.49250000000000007e+01,2.49250000000000007e+01,4.01203610832497476e-02,-1.60964350963732628e-03,-1.60964337345034098e-03,-1.03090704882779675e-07,-1.03090696160592301e-07,-1.03090696160592274e-07,-2.06181401043371962e-07,-2.06181392321184575e-07
2.49322499999999998e+01,2.49322499999999998e+01,4.01086945622637359e-02,-1.60870751551689395e-03,-1.60870737948896458e-03,-1.02970846995958915e-07,-1.02970838289024341e-07,-1.02970838289024328e-07,-2.05941685284983257e-07,-2.05941676578048683e-07
2.49395000000000024e+01,2.49395000000000024e+01,4.00970348242747424e-02,-1.60777233756981275e-03,-1.60777220169910137e-03,-1.02851163248830706e-07,-1.02851154557015088e-07,-1.02851154557015088e-07,-2.05702317805845795e-07,-2.05702309114030176e-07
2.49467500000000015e+01,2.49467500000000015e+01,4.00853818633689768e-02,-1.60683797484484359e-03,-1.60683783913211043e-03,-1.02731653337711594e-07,-1.02731644661047437e-07,-1.02731644661047424e-07,-2.05463297998759031e-07,-2.05463289322094874e-07
2.49540000000000006e+01,2.49540000000000006e+01,4.00737356736394976e-02,-1.60590442639563236e-03,-1.60590429084072673e-03,-1.02612316959759481e-07,-1.02612308298221029e-07,-1.02612308298221029e-07,-2.05224625257980510e-07,-2.05224616596442058e-07
2.49612499999999997e+01,2.49612499999999997e+01,4.00620962491862395e-02,-1.60497169127715722e-03,-1.60497155587906214e-03,-1.02493153812745056e-07,-1.02493145166251259e-07,-1.02493145166251259e-07,-2.04986298978996315e-07,-2.04986290332502519e-07
2.49685000000000024e+01,2.49685000000000024e+01,4.00504635841159792e-02,-1.60403976854350816e-03,-1.60403963330260028e-03,-1.02374163594908624e-07,-1.02374154963467503e-07,-1.02374154963467516e-07,-2.04748318558376153e-07,-2.04748309926935032e-07
2.49757500000000014e+01,2.49757500000000014e+01,4.00388376725423628e-02,-1.60310865725143969e-03,-1.60310852216819758e-03,-1.02255346005186048e-07,-1.02255337388812107e-07,-1.02255337388812094e-07,-2.04510683393998129e-07,-2.04510674777624188e-07
2.49830000000000005e+01,2.49830000000000005e+01,4.00272185085858365e-02,-1.60217835646037088e-03,-1.60217822153407657e-03,-1.02136700743207017e-07,-1.02136692141838464e-07,-1.02136692141838477e-07,-2.04273392885045494e-07,-2.04273384283676954e-07
2.49902499999999996e+01,2.49902499999999996e+01,4.00156060863736882e-02,-1.60124886523016485e-03,-1.60124873045982695e-03,-1.02018227509152296e-07,-1.02018218922709998e-07,-1.02018218922709985e-07,-2.04036446431862281e-07,-2.04036437845419996e-07
2.49975000000000023e+01,2.49975000000000023e+01,4.00040004000399990e-02,-1.60032018262068476e-03,-1.60032004800640042e-03,-1.01899926003724128e-07,-1.01899917432198412e-07,-1.01899917432198398e-07,-2.03799843435922513e-07,-2.03799834864396797e-07
2.50047500000000014e+01,2.50047500000000014e+01,3.99924014437256919e-02,-1.59939230769357010e-03,-1.59939217323611278e-03,-1.01781795928258538e-07,-1.01781787371682755e-07,-1.01781787371682768e-07,-2.03563583299941307e-07,-2.03563574743365537e-07
2.50120000000000005e+01,2.50120000000000005e+01,3.99808092115784414e-02,-1.59846523951490127e-03,-1.59846510521263556e-03,-1.01663836984893254e-07,-1.01663828443147509e-07,-1.01663828443147496e-07,-2.03327665428040750e-07,-2.03327656886295018e-07
2.50192499999999995e+01,2.50192499999999995e+01,3.99692236977527288e-02,-1.59753897714765003e-03,-1.59753884300099834e-03,-1.01546048876086022e-07,-1.01546040349181419e-07,-1.01546040349181432e-07,-2.03092089225267468e-07,-2.03092080698362865e-07
2.50265000000000022e+01,2.50265000000000022e+01,3.99576448964098010e-02,-1.59661351965878495e-03,-1.59661338566758422e-03,-1.01428431305065694e-07,-1.01428422792976108e-07,-1.01428422792976108e-07,-2.02856854098041815e-07,-2.02856845585952215e-07
2.50337500000000013e+01,2.50337500000000013e+01,3.99460728017176775e-02,-1.59568886611571870e-03,-1.59568873228012895e-03,-1.01310983975604837e-07,-1.01310975478324708e-07,-1.01310975478324722e-07,-2.02621959453929572e-07,-2.02621950956649417e-07
2.50410000000000004e+01,2.50410000000000004e+01,3.99345074078511220e-02,-1.59476501558808437e-03,-1.59476488190771616e-03,-1.01193706592131423e-07,-1.01193698109620307e-07,-1.01193698109620307e-07,-2.02387404701751716e-07,-2.02387396219240613e-07
2.50482499999999995e+01,2.50482499999999995e+01,3.99229487089916499e-02,-1.59384196714729143e-03,-1.59384183362077801e-03,-1.01076598859699144e-07,-1.01076590391854707e-07,-1.01076590391854707e-07,-2.02153189251553851e-07,-2.02153180783709414e-07
2.50555000000000021e+01,2.50555000000000021e+01,3.99113966993274866e-02,-1.59291971986341707e-03,-1.59291958649108913e-03,-1.00959660483789230e-07,-1.00959652030616873e-07,-1.00959652030616860e-07,-2.01919312514406090e-07,-2.01919304061233720e-07
2.50627500000000012e+01,2.50627500000000012e+01,3.98998513730536367e-02,-1.59199827280875894e-03,-1.59199813959177007e-03,-1.00842891170534718e-07,-1.00842882732091960e-07,-1.00842882732091960e-07,-2.01685773902626678e-07,-2.01685765464183920e-07
2.50700000000000003e+01,2.50700000000000003e+01,3.98883127243717592e-02,-1.59107762506049966e-03,-1.59107749199727797e-03,-1.00726290626887646e-07,-1.00726282203059330e-07,-1.00726282203059330e-07,-2.01452572829946976e-07,-2.01452564406118659e-07
2.50772500000000029e+01,2.50772500000000029e+01,3.98767807474902508e-02,-1.59015777569360139e-03,-1.59015764278340921e-03,-1.00609858560167624e-07,-1.00609850150891611e-07,-1.00609850150891611e-07,-2.01219708711059222e-07,-2.01219700301783223e-07
2.50845000000000020e+01,2.50845000000000020e+01,3.98652554366242043e-02,-1.58923872378347042e-03,-1.58923859102729588e-03,-1.00493594678229944e-07,-1.00493586283553299e-07,-1.00493586283553312e-07,-2.00987180961783243e-07,-2.00987172567106624e-07
2.50917500000000011e+01,2.50917500000000011e+01,3.98537367859953945e-02,-1.58832046840995389e-03,-1.58832033580740255e-03,-1.00377498689716886e-07,-1.00377490309599215e-07,-1.00377490309599201e-07,-2.00754988999316087e-07,-2.00754980619198403e-07
2.50990000000000002e+01,2.50990000000000002e+01,3.98422247898322646e-02,-1.58740300865289896e-03,-1.58740287620352458e-03,-1.00261570303775453e-07,-1.00261561938173160e-07,-1.00261561938173173e-07,-2.00523132241948639e-07,-2.00523123876346320e-07
2.51062500000000028e+01,2.51062500000000028e+01,3.98307194423699260e-02,-1.58648634359348506e-03,-1.58648621129678542e-03,-1.00145809230140649e-07,-1.00145800879006659e-07,-1.00145800879006659e-07,-2.00291610109147308e-07,-2.00291601758013318e-07
2.51135000000000019e+01,2.51135000000000019e+01,3.98192207378501584e-02,-1.58557047231333570e-03,-1.58557034016963607e-03,-1.00030215179078186e-07,-1.00030206842417699e-07,-1.00030206842417699e-07,-2.00060422021495898e-07,-2.00060413684835398e-07
2.51207500000000010e+01,2.51207500000000010e+01,3.98077286705213820e-02,-1.58465539389762711e-03,-1.58465526190585001e-03,-9.99147878615793352e-08,-9.99147795393091042e-08,-9.99147795393090910e-08,-1.99829567400888439e-07,-1.99829559078618208e-07
2.51280000000000001e+01,2.51280000000000001e+01,3.97962432346386508e-02,-1.58374110742975915e-03,-1.58374097559052258e-03,-9.97995269890235499e-08,-9.97995186811673051e-08,-9.97995186811672919e-08,-1.99599045670190829e-07,-1.99599037362334610e-07
2.51352500000000028e+01,2.51352500000000028e+01,3.97847644244636450e-02,-1.58282761199757260e-03,-1.58282748031006817e-03,-9.96844322735694337e-08,-9.96844239800610270e-08,-9.96844239800610138e-08,-1.99368856253630461e-07,-1.99368847960122028e-07
2.51425000000000018e+01,2.51425000000000018e+01,3.97732922342646858e-02,-1.58191490668713186e-03,-1.58191477515221956e-03,-9.95695034277617048e-08,-9.95694951486400866e-08,-9.95694951486400733e-08,-1.99138998576401778e-07,-1.99138990297280147e-07
2.51497500000000009e+01,2.51497500000000009e+01,3.97618266583166791e-02,-1.58100299058938631e-03,-1.58100285920602292e-03,-9.94547401649493526e-08,-9.94547319001336973e-08,-9.94547319001337105e-08,-1.98909472065083063e-07,-1.98909463800267395e-07
2.51570000000000000e+01,2.51570000000000000e+01,3.97503676909011436e-02,-1.58009186279395308e-03,-1.58009173156183741e-03,-9.93401421988932097e-08,-9.93401339483494640e-08,-9.93401339483494640e-08,-1.98680276147242674e-07,-1.98680267896698928e-07
2.51642500000000027e+01,2.51642500000000027e+01,3.97389153263061623e-02,-1.57918152239266973e-03,-1.57918139131133081e-03,-9.92257092439882320e-08,-9.92257010076717414e-08,-9.92257010076717414e-08,-1.98451410251659960e-07,-1.98451402015343483e-07
2.51715000000000018e+01,2.51715000000000018e+01,3.97274695588264448e-02,-1.57827196847692974e-03,-1.57827183754748190e-03,-9.91114410150950451e-08,-9.91114327930607609e-08,-9.91114327930607609e-08,-1.98222873808155806e-07,-1.98222865586121522e-07
2.51787500000000009e+01,2.51787500000000009e+01,3.97160303827632441e-02,-1.57736320014389975e-03,-1.57736306936457293e-03,-9.89973372279290896e-08,-9.89973290200508302e-08,-9.89973290200508435e-08,-1.97994666247979933e-07,-1.97994658040101660e-07
2.51859999999999999e+01,2.51859999999999999e+01,3.97045977924243634e-02,-1.57645521648674958e-03,-1.57645508585818953e-03,-9.88833975984458869e-08,-9.88833894047492355e-08,-9.88833894047492355e-08,-1.97766787003195109e-07,-1.97766778809498471e-07
2.51932500000000026e+01,2.51932500000000026e+01,3.96931717821241772e-02,-1.57554801660397814e-03,-1.57554788612521905e-03,-9.87696218434254524e-08,-9.87696136638348907e-08,-9.87696136638349039e-08,-1.97539235507260356e-07,-1.97539227327669781e-07
2.52005000000000017e+01,2.52005000000000017e+01,3.96817523461836033e-02,-1.57464159959275207e-03,-1.57464146926384794e-03,-9.86560096800531069e-08,-9.86560015145571469e-08,-9.86560015145571469e-08,-1.97312011194610267e-07,-1.97312003029114294e-07
2.52077500000000008e+01,2.52077500000000008e+01,3.96703394789300889e-02,-1.57373596455157028e-03,-1.57373583437355933e-03,-9.85425608260854682e-08,-9.85425526747342569e-08,-9.85425526747342437e-08,-1.97085113500819699e-07,-1.97085105349468487e-07
2.52149999999999999e+01,2.52149999999999999e+01,3.96589331746976040e-02,-1.57283111058381664e-03,-1.57283098055513004e-03,-9.84292750000717124e-08,-9.84292668627521578e-08,-9.84292668627521578e-08,-1.96858541862823870e-07,-1.96858533725504316e-07
2.52222500000000025e+01,2.52222500000000025e+01,3.96475334278266200e-02,-1.57192703679065460e-03,-1.57192690691062924e-03,-9.83161519209073462e-08,-9.83161437975631999e-08,-9.83161437975631867e-08,-1.96632295718470546e-07,-1.96632287595126373e-07
2.52295000000000016e+01,2.52295000000000016e+01,3.96361402326641382e-02,-1.57102374227369168e-03,-1.57102361254341676e-03,-9.82031913080002650e-08,-9.82031831986848769e-08,-9.82031831986848769e-08,-1.96406374506685129e-07,-1.96406366397369754e-07
2.52367500000000007e+01,2.52367500000000007e+01,3.96247535835636544e-02,-1.57012122613897631e-03,-1.57012109655814045e-03,-9.80903928815193307e-08,-9.80903847861984754e-08,-9.80903847861984886e-08,-1.96180777667717833e-07,-1.96180769572396951e-07
2.52439999999999998e+01,2.52439999999999998e+01,3.96133734748851246e-02,-1.56921948749344509e-03,-1.56921935806073228e-03,-9.79777563621709402e-08,-9.79777482807477250e-08,-9.79777482807477250e-08,-1.95955504642918665e-07,-1.95955496561495450e-07
2.52512500000000024e+01,2.52512500000000024e+01,3.96019999009949997e-02,-1.56831852544270234e-03,-1.56831839615840791e-03,-9.78652814710593180e-08,-9.78652734035375282e-08,-9.78652734035375150e-08,-1.95730554874596846e-07,-1.95730546807075056e-07
2.52585000000000015e+01,2.52585000000000015e+01,3.95906328562662044e-02,-1.56741833909546102e-03,-1.56741820995966522e-03,-9.77529679299628342e-08,-9.77529598763328744e-08,-9.77529598763328612e-08,-1.95505927806295695e-07,-1.95505919752665749e-07
2.52657500000000006e+01,2.52657500000000006e+01,3.95792723350781167e-02,-1.56651892756176636e-03,-1.56651879857428009e-03,-9.76408154612217726e-08,-9.76408074214572260e-08,-9.76408074214572260e-08,-1.95281622882678999e-07,-1.95281614842914452e-07
2.52729999999999997e+01,2.52729999999999997e+01,3.95679183318165609e-02,-1.56562028995255176e-03,-1.56562016111330519e-03,-9.75288237877095448e-08,-9.75288157617914722e-08,-9.75288157617914590e-08,-1.95057639549500991e-07,-1.95057631523582918e-07
2.52802500000000023e+01,2.52802500000000023e+01,3.95565708408738004e-02,-1.56472242538097106e-03,-1.56472229668906736e-03,-9.74169926329144685e-08,-9.74169846207724869e-08,-9.74169846207725001e-08,-1.94833977253686982e-07,-1.94833969241545000e-07
2.52875000000000014e+01,2.52875000000000014e+01,3.95452298566485380e-02,-1.56382533295884585e-03,-1.56382520441516711e-03,-9.73053217207176733e-08,-9.73053137223921887e-08,-9.73053137223921887e-08,-1.94610635443109875e-07,-1.94610627444784377e-07
2.52947500000000005e+01,2.52947500000000005e+01,3.95338953735458951e-02,-1.56292901180377086e-03,-1.56292888340647351e-03,-9.71938107758339143e-08,-9.71938027911957675e-08,-9.71938027911957543e-08,-1.94387613567029669e-07,-1.94387605582391509e-07
2.53019999999999996e+01,2.53019999999999996e+01,3.95225673859773904e-02,-1.56203346102934404e-03,-1.56203333277912392e-03,-9.70824595232026888e-08,-9.70824515522807450e-08,-9.70824515522807317e-08,-1.94164911075483407e-07,-1.94164903104561490e-07
2.53092500000000022e+01,2.53092500000000022e+01,3.95112458883609685e-02,-1.56113867975360421e-03,-1.56113855165052160e-03,-9.69712676885120457e-08,-9.69712597312956376e-08,-9.69712597312956244e-08,-1.93942527419807670e-07,-1.93942519462591249e-07
2.53165000000000013e+01,2.53165000000000013e+01,3.94999308751209643e-02,-1.56024466709503429e-03,-1.56024453913933443e-03,-9.68602349979488309e-08,-9.68602270544388055e-08,-9.68602270544388188e-08,-1.93720462052387663e-07,-1.93720454108877638e-07
2.53237500000000004e+01,2.53237500000000004e+01,3.94886223406880899e-02,-1.55935142217522582e-03,-1.55935129436549037e-03,-9.67493611783630241e-08,-9.67493532484569832e-08,-9.67493532484569964e-08,-1.93498714426820034e-07,-1.93498706496913993e-07
2.53309999999999995e+01,2.53309999999999995e+01,3.94773202794994268e-02,-1.55845894411354990e-03,-1.55845881645017676e-03,-9.66386459569357818e-08,-9.66386380406441412e-08,-9.66386380406441412e-08,-1.93277283997579910e-07,-1.93277276081288282e-07
2.53382500000000022e+01,2.53382500000000022e+01,3.94660246859984409e-02,-1.55756723203381853e-03,-1.55756710451583819e-03,-9.65280890615917570e-08,-9.65280811588401365e-08,-9.65280811588401365e-08,-1.93056170220431894e-07,-1.93056162317680273e-07
2.53455000000000013e+01,2.53455000000000013e+01,3.94547355546349399e-02,-1.55667628505806732e-03,-1.55667615768617456e-03,-9.64176902206124681e-08,-9.64176823314297198e-08,-9.64176823314297198e-08,-1.92835372552042201e-07,-1.92835364662859440e-07
2.53527500000000003e+01,2.53527500000000003e+01,3.94434528798651013e-02,-1.55578610231144054e-03,-1.55578597508613864e-03,-9.63074491629380016e-08,-9.63074412873410398e-08,-9.63074412873410265e-08,-1.92614890450279041e-07,-1.92614882574682053e-07
2.53600000000000030e+01,2.53600000000000030e+01,3.94321766561514173e-02,-1.55489668292263516e-03,-1.55489655584193265e-03,-9.61973656181929791e-08,-9.61973577560443594e-08,-9.61973577560443594e-08,-1.92394723374237339e-07,-1.92394715512088719e-07
2.53672500000000021e+01,2.53672500000000021e+01,3.94209068779627220e-02,-1.55400802601679544e-03,-1.55400789908100869e-03,-9.60874393162459147e-08,-9.60874314675511164e-08,-9.60874314675511429e-08,-1.92174870783797058e-07,-1.92174862935102259e-07
2.53745000000000012e+01,2.53745000000000012e+01,3.94096435397741779e-02,-1.55312013072217425e-03,-1.55312000393206481e-03,-9.59776699876204628e-08,-9.59776621524124672e-08,-9.59776621524124540e-08,-1.91955332140032904e-07,-1.91955324304824934e-07
2.53817500000000003e+01,2.53817500000000003e+01,3.93983866360672549e-02,-1.55223299617057720e-03,-1.55223286952504286e-03,-9.58680573635213849e-08,-9.58680495417179768e-08,-9.58680495417179768e-08,-1.91736106905239362e-07,-1.91736099083435954e-07
2.53890000000000029e+01,2.53890000000000029e+01,3.93871361613297027e-02,-1.55134662149247760e-03,-1.55134649499112610e-03,-9.57586011755316163e-08,-9.57585933670945469e-08,-9.57585933670945337e-08,-1.91517194542626137e-07,-1.91517186734189067e-07
2.53962500000000020e+01,2.53962500000000020e+01,3.93758921100556131e-02,-1.55046100581879287e-03,-1.55046087946274008e-03,-9.56493011557211361e-08,-9.56492933607052773e-08,-9.56492933607052773e-08,-1.91298594516426413e-07,-1.91298586721410555e-07
2.54035000000000011e+01,2.54035000000000011e+01,3.93646544767453296e-02,-1.54957614828576951e-03,-1.54957602207354611e-03,-9.55401570369472803e-08,-9.55401492552479706e-08,-9.55401492552479574e-08,-1.91080306292195224e-07,-1.91080298510495915e-07
2.54107500000000002e+01,2.54107500000000002e+01,3.93534232559054759e-02,-1.54869204802654536e-03,-1.54869192195844193e-03,-9.54311685523328637e-08,-9.54311607839540868e-08,-9.54311607839540868e-08,-1.90862329336286937e-07,-1.90862321567908174e-07
2.54180000000000028e+01,2.54180000000000028e+01,3.93421984420489340e-02,-1.54780870417869920e-03,-1.54780857825355779e-03,-9.53223354357309095e-08,-9.53223276805874326e-08,-9.53223276805874459e-08,-1.90644663116318369e-07,-1.90644655361174865e-07
2.54252500000000019e+01,2.54252500000000019e+01,3.93309800296948869e-02,-1.54692611587714524e-03,-1.54692599009625801e-03,-9.52136574212857012e-08,-9.52136496794432224e-08,-9.52136496794432488e-08,-1.90427307100728963e-07,-1.90427299358886471e-07
2.54325000000000010e+01,2.54325000000000010e+01,3.93197680133687208e-02,-1.54604428226257085e-03,-1.54604415662513398e-03,-9.51051342439512592e-08,-9.51051265153464363e-08,-9.51051265153464363e-08,-1.90210260759297696e-07,-1.90210253030692873e-07
2.54397500000000001e+01,2.54397500000000001e+01,3.93085623876020807e-02,-1.54516320247433114e-03,-1.54516307698000484e-03,-9.49967656390527766e-08,-9.49967579236508812e-08,-9.49967579236508680e-08,-1.89993523562703645e-07,-1.89993515847301736e-07
2.54470000000000027e+01,2.54470000000000027e+01,3.92973631469328358e-02,-1.54428287565400169e-03,-1.54428275030191512e-03,-9.48885513425041739e-08,-9.48885436402379067e-08,-9.48885436402379067e-08,-1.89777094982742067e-07,-1.89777087280475813e-07
2.54542500000000018e+01,2.54542500000000018e+01,3.92861702859051004e-02,-1.54340330094226985e-03,-1.54340317573313296e-03,-9.47804910906161274e-08,-9.47804834015153726e-08,-9.47804834015153726e-08,-1.89560974492131487e-07,-1.89560966803030745e-07
2.54615000000000009e+01,2.54615000000000009e+01,3.92749837990691783e-02,-1.54252447748337573e-03,-1.54252435241714666e-03,-9.46725846203677146e-08,-9.46725769444161670e-08,-9.46725769444161405e-08,-1.89345161564783842e-07,-1.89345153888832308e-07
2.54687500000000000e+01,2.54687500000000000e+01,3.92638036809815974e-02,-1.54164640442200351e-03,-1.54164627949866405e-03,-9.45648316692143636e-08,-9.45648240063971735e-08,-9.45648240063971735e-08,-1.89129655675611550e-07,-1.89129648012794347e-07
2.54760000000000026e+01,2.54760000000000026e+01,3.92526299262050543e-02,-1.54076908090550191e-03,-1.54076895612360854e-03,-9.44572319752230864e-08,-9.44572243254380542e-08,-9.44572243254380409e-08,-1.88914456300661127e-07,-1.88914448650876108e-07
2.54832500000000017e+01,2.54832500000000017e+01,3.92414625293084629e-02,-1.53989250607899919e-03,-1.53989238143912026e-03,-9.43497852767717829e-08,-9.43497776400401504e-08,-9.43497776400401372e-08,-1.88699562916811933e-07,-1.88699555280080301e-07
2.54905000000000008e+01,2.54905000000000008e+01,3.92303014848669127e-02,-1.53901667909117634e-03,-1.53901655459355103e-03,-9.42424913129023340e-08,-9.42424836892251203e-08,-9.42424836892251203e-08,-1.88484975002127454e-07,-1.88484967378450241e-07
2.54977499999999999e+01,2.54977499999999999e+01,3.92191467874616409e-02,-1.53814159909293480e-03,-1.53814147473646263e-03,-9.41353498232375792e-08,-9.41353422125338530e-08,-9.41353422125338530e-08,-1.88270692035771419e-07,-1.88270684425067706e-07
2.55050000000000026e+01,2.55050000000000026e+01,3.92079984316800606e-02,-1.53726726523384372e-03,-1.53726714101862596e-03,-9.40283605477628486e-08,-9.40283529500252513e-08,-9.40283529500252646e-08,-1.88056713497788126e-07,-1.88056705900050503e-07
2.55122500000000016e+01,2.55122500000000016e+01,3.91968564121157464e-02,-1.53639367666658089e-03,-1.53639355259201928e-03,-9.39215232270967618e-08,-9.39215156422752523e-08,-9.39215156422752258e-08,-1.87843038869371988e-07,-1.87843031284550478e-07
2.55195000000000007e+01,2.55195000000000007e+01,3.91857207233684002e-02,-1.53552083254293592e-03,-1.53552070860982388e-03,-9.38148376022456675e-08,-9.38148300303752388e-08,-9.38148300303752388e-08,-1.87629667632620906e-07,-1.87629660060750478e-07
2.55267499999999998e+01,2.55267499999999998e+01,3.91745913600438783e-02,-1.53464873201869523e-03,-1.53464860822642431e-03,-9.37083034149012834e-08,-9.37082958559313121e-08,-9.37082958559313121e-08,-1.87416599270832609e-07,-1.87416591711862624e-07
2.55340000000000025e+01,2.55340000000000025e+01,3.91634683167541298e-02,-1.53377737424964522e-03,-1.53377725059740443e-03,-9.36019204071951622e-08,-9.36019128610627296e-08,-9.36019128610627163e-08,-1.87203833268257892e-07,-1.87203825722125433e-07
2.55412500000000016e+01,2.55412500000000016e+01,3.91523515881172582e-02,-1.53290675839112822e-03,-1.53290663487954792e-03,-9.34956883216709910e-08,-9.34956807884011772e-08,-9.34956807884011772e-08,-1.86991369110072168e-07,-1.86991361576802354e-07
2.55485000000000007e+01,2.55485000000000007e+01,3.91412411687574596e-02,-1.53203688360248336e-03,-1.53203676023083387e-03,-9.33896069015542657e-08,-9.33895993810892078e-08,-9.33895993810891945e-08,-1.86779206282643473e-07,-1.86779198762178389e-07
2.55557499999999997e+01,2.55557499999999997e+01,3.91301370533050294e-02,-1.53116774904171749e-03,-1.53116762581043532e-03,-9.32836758904262225e-08,-9.32836683827792083e-08,-9.32836683827792083e-08,-1.86567344273205431e-07,-1.86567336765558417e-07
2.55630000000000024e+01,2.55630000000000024e+01,3.91190392363963482e-02,-1.53029935387083427e-03,-1.53029923077871704e-03,-9.31778950325478418e-08,-9.31778875376323284e-08,-9.31778875376323416e-08,-1.86355782570180183e-07,-1.86355775075264657e-07
2.55702500000000015e+01,2.55702500000000015e+01,3.91079477126739031e-02,-1.52943169724917283e-03,-1.52943157429723600e-03,-9.30722640724528220e-08,-9.30722565903173681e-08,-9.30722565903173814e-08,-1.86144520662770203e-07,-1.86144513180634763e-07
2.55775000000000006e+01,2.55775000000000006e+01,3.90968624767862385e-02,-1.52856477834140136e-03,-1.52856465552873573e-03,-9.29667827554333795e-08,-9.29667752860094021e-08,-9.29667752860094021e-08,-1.85933558041442795e-07,-1.85933550572018804e-07
2.55847499999999997e+01,2.55847499999999997e+01,3.90857835233879569e-02,-1.52769859631129989e-03,-1.52769847363714542e-03,-9.28614508271606855e-08,-9.28614433703887862e-08,-9.28614433703887862e-08,-1.85722894197549485e-07,-1.85722886740777572e-07
2.55920000000000023e+01,2.55920000000000023e+01,3.90747108471397250e-02,-1.52683315032264844e-03,-1.52683302778757889e-03,-9.27562680337380167e-08,-9.27562605896399141e-08,-9.27562605896399274e-08,-1.85512528623377957e-07,-1.85512521179279828e-07
2.55992500000000014e+01,2.55992500000000014e+01,3.90636444427082813e-02,-1.52596843954233563e-03,-1.52596831714633344e-03,-9.26512341218889564e-08,-9.26512266904504229e-08,-9.26512266904504362e-08,-1.85302460812339406e-07,-1.85302453380900872e-07
2.56065000000000005e+01,2.56065000000000005e+01,3.90525843047663662e-02,-1.52510446313813830e-03,-1.52510434088088428e-03,-9.25463488388209417e-08,-9.25463414200094725e-08,-9.25463414200094858e-08,-1.85092690258830441e-07,-1.85092682840018945e-07
2.56137499999999996e+01,2.56137499999999996e+01,3.90415304279927780e-02,-1.52424122027916553e-03,-1.52424109815988600e-03,-9.24416119322515357e-08,-9.24416045260070973e-08,-9.24416045260071105e-08,-1.84883216458258660e-07,-1.84883209052014221e-07
2.56210000000000022e+01,2.56210000000000022e+01,3.90304828070723170e-02,-1.52337871013363824e-03,-1.52337858815316781e-03,-9.23370231502725707e-08,-9.23370157566327370e-08,-9.23370157566327370e-08,-1.84674038906905321e-07,-1.84674031513265474e-07
2.56282500000000013e+01,2.56282500000000013e+01,3.90194414366958342e-02,-1.52251693187466230e-03,-1.52251681003173571e-03,-9.22325822416994835e-08,-9.22325748605745086e-08,-9.22325748605745218e-08,-1.84465157102274005e-07,-1.84465149721149017e-07
2.56355000000000004e+01,2.56355000000000004e+01,3.90084063115601412e-02,-1.52165588467267909e-03,-1.52165576296776493e-03,-9.21282889556123293e-08,-9.21282815870176186e-08,-9.21282815870176318e-08,-1.84256570542629961e-07,-1.84256563174035264e-07
2.56427499999999995e+01,2.56427499999999995e+01,3.89973774263680795e-02,-1.52079556770212676e-03,-1.52079544613460248e-03,-9.20241430417586647e-08,-9.20241356856435551e-08,-9.20241356856435551e-08,-1.84048278727402207e-07,-1.84048271371287110e-07
2.56500000000000021e+01,2.56500000000000021e+01,3.89863547758284579e-02,-1.51993598013744347e-03,-1.51993585870676242e-03,-9.19201442503102381e-08,-9.19201369066287516e-08,-9.19201369066287384e-08,-1.83840281156938977e-07,-1.83840273813257477e-07
2.56572500000000012e+01,2.56572500000000012e+01,3.89753383546560875e-02,-1.51907712115306737e-03,-1.51907699985992604e-03,-9.18162923318624333e-08,-9.18162850006437794e-08,-9.18162850006437662e-08,-1.83632577332506213e-07,-1.83632570001287559e-07
2.56645000000000003e+01,2.56645000000000003e+01,3.89643281575717398e-02,-1.51821898992654525e-03,-1.51821886877093800e-03,-9.17125870376209480e-08,-9.17125797188518916e-08,-9.17125797188518916e-08,-1.83425166756472826e-07,-1.83425159437703783e-07
2.56717500000000030e+01,2.56717500000000030e+01,3.89533241793021470e-02,-1.51736158563720025e-03,-1.51736146461780522e-03,-9.16090281193202134e-08,-9.16090208129080442e-08,-9.16090208129080442e-08,-1.83218048932228244e-07,-1.83218041625816088e-07
2.56790000000000020e+01,2.56790000000000020e+01,3.89423264145800016e-02,-1.51650490746213507e-03,-1.51650478657969537e-03,-9.15056153289811566e-08,-9.15056080349579296e-08,-9.15056080349579163e-08,-1.83011223363939073e-07,-1.83011216069915859e-07
2.56862500000000011e+01,2.56862500000000011e+01,3.89313348581439497e-02,-1.51564895458333737e-03,-1.51564883383693404e-03,-9.14023484193391109e-08,-9.14023411376365869e-08,-9.14023411376366001e-08,-1.82804689556975711e-07,-1.82804682275273174e-07
2.56935000000000002e+01,2.56935000000000002e+01,3.89203495047385495e-02,-1.51479372618057440e-03,-1.51479360557100237e-03,-9.12992271434141447e-08,-9.12992198740674889e-08,-9.12992198740675021e-08,-1.82598447017481634e-07,-1.82598439748134978e-07
2.57007500000000029e+01,2.57007500000000029e+01,3.89093703491143195e-02,-1.51393922143849835e-03,-1.51393910096453660e-03,-9.11962512549385227e-08,-9.11962439978614038e-08,-9.11962439978614170e-08,-1.82392495252799926e-07,-1.82392487995722808e-07
2.57080000000000020e+01,2.57080000000000020e+01,3.88983973860276902e-02,-1.51308543953909691e-03,-1.51308531920132591e-03,-9.10934205079006970e-08,-9.10934132631153894e-08,-9.10934132631153894e-08,-1.82186833771016100e-07,-1.82186826526230779e-07
2.57152500000000011e+01,2.57152500000000011e+01,3.88874306102410042e-02,-1.51223237966835455e-03,-1.51223225946630897e-03,-9.09907346569456499e-08,-9.09907274244114297e-08,-9.09907274244114297e-08,-1.81981462081357093e-07,-1.81981454848822859e-07
2.57225000000000001e+01,2.57225000000000001e+01,3.88764700165225019e-02,-1.51138004101225576e-03,-1.51137992094557303e-03,-9.08881934571331847e-08,-9.08881862368155884e-08,-9.08881862368155751e-08,-1.81776379693948760e-07,-1.81776372473631177e-07
2.57297500000000028e+01,2.57297500000000028e+01,3.88655155996463220e-02,-1.51052842275811727e-03,-1.51052830282635158e-03,-9.07857966640171631e-08,-9.07857894558767904e-08,-9.07857894558767904e-08,-1.81571586119893953e-07,-1.81571578911753581e-07
2.57370000000000019e+01,2.57370000000000019e+01,3.88545673543925080e-02,-1.50967752409369993e-03,-1.50967740429702388e-03,-9.06835440335912688e-08,-9.06835368376259227e-08,-9.06835368376259094e-08,-1.81367080871217178e-07,-1.81367073675251819e-07
2.57442500000000010e+01,2.57442500000000010e+01,3.88436252755469669e-02,-1.50882734420854092e-03,-1.50882722454711107e-03,-9.05814353223679535e-08,-9.05814281385744575e-08,-9.05814281385744443e-08,-1.81162863460942385e-07,-1.81162856277148915e-07
2.57515000000000001e+01,2.57515000000000001e+01,3.88326893579014829e-02,-1.50797788229439789e-03,-1.50797776276727510e-03,-9.04794702874041652e-08,-9.04794631157135922e-08,-9.04794631157135922e-08,-1.80958933403117744e-07,-1.80958926231427184e-07
2.57587500000000027e+01,2.57587500000000027e+01,3.88217595962536965e-02,-1.50712913754214028e-03,-1.50712901814931588e-03,-9.03776486861136518e-08,-9.03776415265130050e-08,-9.03776415265130182e-08,-1.80755290212626657e-07,-1.80755283053026036e-07
2.57660000000000018e+01,2.57660000000000018e+01,3.88108359854071258e-02,-1.50628110914441393e-03,-1.50628098988617263e-03,-9.02759702764262419e-08,-9.02759631289201271e-08,-9.02759631289201271e-08,-1.80551933405346382e-07,-1.80551926257840254e-07
2.57732500000000009e+01,2.57732500000000009e+01,3.87999185201711033e-02,-1.50543379629652918e-03,-1.50543367717191666e-03,-9.01744348168397134e-08,-9.01744276813584754e-08,-9.01744276813584887e-08,-1.80348862498198202e-07,-1.80348855362716951e-07
2.57805000000000000e+01,2.57805000000000000e+01,3.87890071953608320e-02,-1.50458719819113185e-03,-1.50458707920175447e-03,-9.00730420660997203e-08,-9.00730349427271491e-08,-9.00730349427271491e-08,-1.80146077008826869e-07,-1.80146069885454298e-07
2.57877500000000026e+01,2.57877500000000026e+01,3.87781020057973227e-02,-1.50374131402841726e-03,-1.50374119517202227e-03,-8.99717917838106094e-08,-8.99717846723994140e-08,-8.99717846723994140e-08,-1.79943576456210023e-07,-1.79943569344798828e-07
2.57950000000000017e+01,2.57950000000000017e+01,3.87672029463074219e-02,-1.50289614300280761e-03,-1.50289602428018690e-03,-8.98706837296366816e-08,-8.98706766302218947e-08,-8.98706766302218947e-08,-1.79741360359858563e-07,-1.79741353260443789e-07
2.58022500000000008e+01,2.58022500000000008e+01,3.87563100117237838e-02,-1.50205168431405411e-03,-1.50205156572484123e-03,-8.97697176639658422e-08,-8.97697105765132119e-08,-8.97697105765131987e-08,-1.79539428240479028e-07,-1.79539421153026397e-07
2.58094999999999999e+01,2.58094999999999999e+01,3.87454231968848706e-02,-1.50120793716190803e-03,-1.50120781870570420e-03,-8.96688933475897797e-08,-8.96688862720631616e-08,-8.96688862720631483e-08,-1.79337779619652941e-07,-1.79337772544126323e-07
2.58167500000000025e+01,2.58167500000000025e+01,3.87345424966349314e-02,-1.50036490074656470e-03,-1.50036478242361756e-03,-8.95682105417295887e-08,-8.95682034781314973e-08,-8.95682034781314841e-08,-1.79136414019861086e-07,-1.79136406956262968e-07
2.58240000000000016e+01,2.58240000000000016e+01,3.87236679058240371e-02,-1.49952257427088398e-03,-1.49952245608054647e-03,-8.94676690081675759e-08,-8.94676619564471365e-08,-8.94676619564471232e-08,-1.78935330964614712e-07,-1.78935323912894273e-07
2.58312500000000007e+01,2.58312500000000007e+01,3.87127994193080111e-02,-1.49868095693728165e-03,-1.49868083887957459e-03,-8.93672685090605427e-08,-8.93672614692067569e-08,-8.93672614692067569e-08,-1.78734529978267286e-07,-1.78734522938413514e-07
2.58384999999999998e+01,2.58384999999999998e+01,3.87019370319484496e-02,-1.49784004795039394e-03,-1.49783993002490273e-03,-8.92670088070979681e-08,-8.92670017790739238e-08,-8.92670017790739503e-08,-1.78534010586171932e-07,-1.78534003558147874e-07
2.58457500000000024e+01,2.58457500000000024e+01,3.86910807386127292e-02,-1.49699984651530116e-03,-1.49699972872184887e-03,-8.91668896653950975e-08,-8.91668826491780969e-08,-8.91668826491781102e-08,-1.78333772314573221e-07,-1.78333765298356220e-07
2.58530000000000015e+01,2.58530000000000015e+01,3.86802305341739788e-02,-1.49616035183797180e-03,-1.49616023417684508e-03,-8.90669108475185524e-08,-8.90669038431135322e-08,-8.90669038431135322e-08,-1.78133814690632085e-07,-1.78133807686227064e-07
2.58602500000000006e+01,2.58602500000000006e+01,3.86693864135110796e-02,-1.49532156312615072e-03,-1.49532144559743545e-03,-8.89670721175382903e-08,-8.89670651249382095e-08,-8.89670651249381830e-08,-1.77934137242476473e-07,-1.77934130249876392e-07
2.58674999999999997e+01,2.58674999999999997e+01,3.86585483715086511e-02,-1.49448347958935912e-03,-1.49448336219227423e-03,-8.88673732400264534e-08,-8.88673662591727343e-08,-8.88673662591727210e-08,-1.77734739499199161e-07,-1.77734732518345469e-07
2.58747500000000024e+01,2.58747500000000024e+01,3.86477164030570308e-02,-1.49364610043667412e-03,-1.49364598317112355e-03,-8.87678139799245695e-08,-8.87678070107994377e-08,-8.87678070107994112e-08,-1.77535620990723967e-07,-1.77535614021598849e-07
2.58820000000000014e+01,2.58820000000000014e+01,3.86368905030523152e-02,-1.49280942487939328e-03,-1.49280930774485401e-03,-8.86683941027010079e-08,-8.86683871452613573e-08,-8.86683871452613838e-08,-1.77336781247962378e-07,-1.77336774290522741e-07
2.58892500000000005e+01,2.58892500000000005e+01,3.86260706663962838e-02,-1.49197345212881416e-03,-1.49197333512543951e-03,-8.85691133742181537e-08,-8.85691064284610859e-08,-8.85691064284610859e-08,-1.77138219802679240e-07,-1.77138212856922172e-07
2.58964999999999996e+01,2.58964999999999996e+01,3.86152568879964478e-02,-1.49113818139801069e-03,-1.49113806452595720e-03,-8.84699715608369105e-08,-8.84699646267597257e-08,-8.84699646267596992e-08,-1.76939936187596596e-07,-1.76939929253519425e-07
2.59037500000000023e+01,2.59037500000000023e+01,3.86044491627660080e-02,-1.49030361190272131e-03,-1.49030349516058496e-03,-8.83709684294684624e-08,-8.83709615069759221e-08,-8.83709615069759354e-08,-1.76741929936444411e-07,-1.76741923013951871e-07
2.59110000000000014e+01,2.59110000000000014e+01,3.85936474856238623e-02,-1.48946974285557587e-03,-1.48946962624460109e-03,-8.82721037472310398e-08,-8.82720968363850040e-08,-8.82720968363850040e-08,-1.76544200583616031e-07,-1.76544193672770008e-07
2.59182500000000005e+01,2.59182500000000005e+01,3.85828518514946053e-02,-1.48863657347497735e-03,-1.48863645699438048e-03,-8.81733772819755700e-08,-8.81733703827176993e-08,-8.81733703827176993e-08,-1.76346747664693269e-07,-1.76346740765435399e-07
2.59254999999999995e+01,2.59254999999999995e+01,3.85720622553084799e-02,-1.48780410297755239e-03,-1.48780398662739306e-03,-8.80747888018372128e-08,-8.80747819141591296e-08,-8.80747819141591296e-08,-1.76149570715996342e-07,-1.76149563828318259e-07
2.59327500000000022e+01,2.59327500000000022e+01,3.85612786920014258e-02,-1.48697233058259215e-03,-1.48697221436220315e-03,-8.79763380754976364e-08,-8.79763311993480025e-08,-8.79763311993480025e-08,-1.75952669274845652e-07,-1.75952662398696005e-07
2.59400000000000013e+01,2.59400000000000013e+01,3.85505011565150310e-02,-1.48614125550938780e-03,-1.48614113941846686e-03,-8.78780248720263308e-08,-8.78780180073754735e-08,-8.78780180073754735e-08,-1.75756042879401804e-07,-1.75756036014750947e-07
2.59472500000000004e+01,2.59472500000000004e+01,3.85397296437965456e-02,-1.48531087697723052e-03,-1.48531076101693035e-03,-8.77798489608798535e-08,-8.77798421077841271e-08,-8.77798421077841271e-08,-1.75559691068663994e-07,-1.75559684215568254e-07
2.59545000000000030e+01,2.59545000000000030e+01,3.85289641487988541e-02,-1.48448119421074054e-03,-1.48448107837942747e-03,-8.76818101122158542e-08,-8.76818032705669045e-08,-8.76818032705669045e-08,-1.75363613382782745e-07,-1.75363606541133809e-07
2.59617500000000021e+01,2.59617500000000021e+01,3.85182046664804892e-02,-1.48365220643054130e-03,-1.48365209072887951e-03,-8.75839080963409938e-08,-8.75839012661663230e-08,-8.75839012661663363e-08,-1.75167809362507330e-07,-1.75167802532332646e-07
2.59690000000000012e+01,2.59690000000000012e+01,3.85074511918056112e-02,-1.48282391286214121e-03,-1.48282379728929153e-03,-8.74861426842348747e-08,-8.74861358654732317e-08,-8.74861358654732450e-08,-1.74972278549708120e-07,-1.74972271730946463e-07
2.59762500000000003e+01,2.59762500000000003e+01,3.84967037197439937e-02,-1.48199631272927235e-03,-1.48199619728575107e-03,-8.73885136471557201e-08,-8.73885068398258720e-08,-8.73885068398258853e-08,-1.74777020486981605e-07,-1.74777013679651771e-07
2.59835000000000029e+01,2.59835000000000029e+01,3.84859622452710312e-02,-1.48116940525966356e-03,-1.48116928994442725e-03,-8.72910207569802196e-08,-8.72910139610089774e-08,-8.72910139610089907e-08,-1.74582034717989210e-07,-1.74582027922017981e-07
2.59907500000000020e+01,2.59907500000000020e+01,3.84752267633677314e-02,-1.48034318967837919e-03,-1.48034307449256865e-03,-8.71936637858098044e-08,-8.71936570012527415e-08,-8.71936570012527415e-08,-1.74387320787062546e-07,-1.74387314002505483e-07
2.59980000000000011e+01,2.59980000000000011e+01,3.84644972690206949e-02,-1.47951766521581263e-03,-1.47951755015850043e-03,-8.70964425064408699e-08,-8.70964357332317191e-08,-8.70964357332317191e-08,-1.74192878239672589e-07,-1.74192871466463438e-07
2.60052500000000002e+01,2.60052500000000002e+01,3.84537737572221011e-02,-1.47869283110102501e-03,-1.47869271617162307e-03,-8.69993566919713551e-08,-8.69993499300639267e-08,-8.69993499300639267e-08,-1.73998706622035282e-07,-1.73998699860127853e-07
2.60125000000000028e+01,2.60125000000000028e+01,3.84430562229697223e-02,-1.47786868656440973e-03,-1.47786857176241109e-03,-8.69024061159568748e-08,-8.69023993653098098e-08,-8.69023993653097966e-08,-1.73804805481266671e-07,-1.73804798730619620e-07
2.60197500000000019e+01,2.60197500000000019e+01,3.84323446612669165e-02,-1.47704523083591610e-03,-1.47704511616241168e-03,-8.68055905523055021e-08,-8.68055838129714224e-08,-8.68055838129714224e-08,-1.73611174365276925e-07,-1.73611167625942845e-07
2.60270000000000010e+01,2.60270000000000010e+01,3.84216390671225996e-02,-1.47622246314993433e-03,-1.47622234860424173e-03,-8.67089097755639201e-08,-8.67089030474911831e-08,-8.67089030474911831e-08,-1.73417812823055117e-07,-1.73417806094982366e-07
2.60342500000000001e+01,2.60342500000000001e+01,3.84109394355512460e-02,-1.47540038273996643e-03,-1.47540026832158585e-03,-8.66123635606033049e-08,-8.66123568437510545e-08,-8.66123568437510545e-08,-1.73224720404354346e-07,-1.73224713687502109e-07
2.60415000000000028e+01,2.60415000000000028e+01,3.84002457615728668e-02,-1.47457898884084670e-03,-1.47457887454919504e-03,-8.65159516827488288e-08,-8.65159449770714312e-08,-8.65159449770714312e-08,-1.73031896659820247e-07,-1.73031889954142862e-07
2.60487500000000018e+01,2.60487500000000018e+01,3.83895580402130593e-02,-1.47375828068652126e-03,-1.47375816652288720e-03,-8.64196739176489134e-08,-8.64196672232105180e-08,-8.64196672232104915e-08,-1.72839341140859405e-07,-1.72839334446421009e-07
2.60560000000000009e+01,2.60560000000000009e+01,3.83788762665029162e-02,-1.47293825751670937e-03,-1.47293814347954077e-03,-8.63235300416646391e-08,-8.63235233583628079e-08,-8.63235233583628212e-08,-1.72647053400027460e-07,-1.72647046716725642e-07
2.60632500000000000e+01,2.60632500000000000e+01,3.83682004354790746e-02,-1.47211891856713351e-03,-1.47211880465709672e-03,-8.62275198312961853e-08,-8.62275131591586057e-08,-8.62275131591586057e-08,-1.72455032990454791e-07,-1.72455026318317211e-07
2.60705000000000027e+01,2.60705000000000027e+01,3.83575305421836876e-02,-1.47130026307795703e-03,-1.47130014929455462e-03,-8.61316430636765442e-08,-8.61316364026627042e-08,-8.61316364026626909e-08,-1.72263279466339248e-07,-1.72263272805325408e-07
2.60777500000000018e+01,2.60777500000000018e+01,3.83468665816644461e-02,-1.47048229028845512e-03,-1.47048217663197332e-03,-8.60358995162584100e-08,-8.60358928663737358e-08,-8.60358928663737623e-08,-1.72071792382632172e-07,-1.72071785732747498e-07
2.60850000000000009e+01,2.60850000000000009e+01,3.83362085489745083e-02,-1.46966499944145568e-03,-1.46966488591046616e-03,-8.59402889670733181e-08,-8.59402823282229422e-08,-8.59402823282229290e-08,-1.71880571295296260e-07,-1.71880564656445884e-07
2.60922499999999999e+01,2.60922499999999999e+01,3.83255564391725492e-02,-1.46884838977667798e-03,-1.46884827637220054e-03,-8.58448111943409776e-08,-8.58448045665732470e-08,-8.58448045665732602e-08,-1.71689615760914238e-07,-1.71689609133146520e-07
2.60995000000000026e+01,2.60995000000000026e+01,3.83149102473227393e-02,-1.46803246053917036e-03,-1.46803234726039706e-03,-8.57494659769620327e-08,-8.57494593602184888e-08,-8.57494593602184755e-08,-1.71498925337180508e-07,-1.71498918720436951e-07
2.61067500000000017e+01,2.61067500000000017e+01,3.83042699684947377e-02,-1.46721721097176072e-03,-1.46721709781932777e-03,-8.56542530940758054e-08,-8.56542464883823489e-08,-8.56542464883823622e-08,-1.71308499582458154e-07,-1.71308492976764724e-07
2.61140000000000008e+01,2.61140000000000008e+01,3.82936355977636506e-02,-1.46640264032127376e-03,-1.46640252729431141e-03,-8.55591723254226408e-08,-8.55591657307172795e-08,-8.55591657307172663e-08,-1.71118338056139907e-07,-1.71118331461434533e-07
2.61212499999999999e+01,2.61212499999999999e+01,3.82830071302100797e-02,-1.46558874783320192e-03,-1.46558863493171580e-03,-8.54642234510318278e-08,-8.54642168673037224e-08,-8.54642168673037092e-08,-1.70928440318335537e-07,-1.70928433734607418e-07
2.61285000000000025e+01,2.61285000000000025e+01,3.82723845609200669e-02,-1.46477553275570216e-03,-1.46477541997895263e-03,-8.53694062514541501e-08,-8.53693996786490109e-08,-8.53693996786490241e-08,-1.70738805930103174e-07,-1.70738799357298022e-07
2.61357500000000016e+01,2.61357500000000016e+01,3.82617678849851220e-02,-1.46396299433559918e-03,-1.46396288168447897e-03,-8.52747205075279850e-08,-8.52747139456867212e-08,-8.52747139456867080e-08,-1.70549434453214680e-07,-1.70549427891373416e-07
2.61430000000000007e+01,2.61430000000000007e+01,3.82511570975022017e-02,-1.46315113182415857e-03,-1.46315101929779296e-03,-8.51801660007147691e-08,-8.51801594497753091e-08,-8.51801594497753091e-08,-1.70360325450490091e-07,-1.70360318899550618e-07
2.61502499999999998e+01,2.61502499999999998e+01,3.82405521935736750e-02,-1.46233994447131366e-03,-1.46233983206943245e-03,-8.50857425127618921e-08,-8.50857359726974218e-08,-8.50857359726974086e-08,-1.70171478485459314e-07,-1.70171471945394844e-07
2.61575000000000024e+01,2.61575000000000024e+01,3.82299531683073651e-02,-1.46152943152833004e-03,-1.46152931925097444e-03,-8.49914498258570283e-08,-8.49914432966588923e-08,-8.49914432966588923e-08,-1.69982893122515907e-07,-1.69982886593317785e-07
2.61647500000000015e+01,2.61647500000000015e+01,3.82193600168165143e-02,-1.46071959224736148e-03,-1.46071948009503282e-03,-8.48972877226016546e-08,-8.48972812042879582e-08,-8.48972812042879714e-08,-1.69794568926889613e-07,-1.69794562408575943e-07
2.61720000000000006e+01,2.61720000000000006e+01,3.82087727342197772e-02,-1.45991042588367037e-03,-1.45991031385525670e-03,-8.48032559861389649e-08,-8.48032494786340706e-08,-8.48032494786340573e-08,-1.69606505464773035e-07,-1.69606498957268141e-07
2.61792499999999997e+01,2.61792499999999997e+01,3.81981913156412070e-02,-1.45910193169074276e-03,-1.45910181978632734e-03,-8.47093543998692673e-08,-8.47093479031670341e-08,-8.47093479031670076e-08,-1.69418702303036275e-07,-1.69418695806334042e-07
2.61865000000000023e+01,2.61865000000000023e+01,3.81876157562102553e-02,-1.45829410892428513e-03,-1.45829399714395794e-03,-8.46155827476814359e-08,-8.46155762617761199e-08,-8.46155762617761199e-08,-1.69231159009457556e-07,-1.69231152523552240e-07
2.61937500000000014e+01,2.61937500000000014e+01,3.81770460510617998e-02,-1.45748695684133622e-03,-1.45748684518489323e-03,-8.45219408139005271e-08,-8.45219343387693246e-08,-8.45219343387693379e-08,-1.69043875152669865e-07,-1.69043868677538676e-07
2.62010000000000005e+01,2.62010000000000005e+01,3.81664821953360545e-02,-1.45668047470026707e-03,-1.45668036316690401e-03,-8.44284283832866942e-08,-8.44284219188720733e-08,-8.44284219188720600e-08,-1.68856850302158754e-07,-1.68856843837744147e-07
2.62082499999999996e+01,2.62082499999999996e+01,3.81559241841786453e-02,-1.45587466175900460e-03,-1.45587455034878891e-03,-8.43350452409315056e-08,-8.43350387872265178e-08,-8.43350387872265045e-08,-1.68670084028157997e-07,-1.68670077574453036e-07
2.62155000000000022e+01,2.62155000000000022e+01,3.81453720127405485e-02,-1.45506951727725209e-03,-1.45506940599037004e-03,-8.42417911723859786e-08,-8.42417847293905313e-08,-8.42417847293905048e-08,-1.68483575901776483e-07,-1.68483569458781036e-07
2.62227500000000013e+01,2.62227500000000013e+01,3.81348256761781246e-02,-1.45426504051604510e-03,-1.45426492935249430e-03,-8.41486659636338587e-08,-8.41486595313369669e-08,-8.41486595313369669e-08,-1.68297325494970826e-07,-1.68297319062673934e-07
2.62300000000000004e+01,2.62300000000000004e+01,3.81242851696530702e-02,-1.45346123073730737e-03,-1.45346111969702906e-03,-8.40556694010651230e-08,-8.40556629794525459e-08,-8.40556629794525327e-08,-1.68111332380517642e-07,-1.68111325958905065e-07
2.62372499999999995e+01,2.62372499999999995e+01,3.81137504883324318e-02,-1.45265808720518308e-03,-1.45265797628686059e-03,-8.39628012715521206e-08,-8.39627948605369315e-08,-8.39627948605369183e-08,-1.67925596132089026e-07,-1.67925589721073837e-07
2.62445000000000022e+01,2.62445000000000022e+01,3.81032216273885921e-02,-1.45185560918204004e-03,-1.45185549838589369e-03,-8.38700613622176973e-08,-8.38700549618018948e-08,-8.38700549618018948e-08,-1.67740116324019579e-07,-1.67740109923603790e-07
2.62517500000000013e+01,2.62517500000000013e+01,3.80926985819992903e-02,-1.45105379593246653e-03,-1.45105368525905078e-03,-8.37774494606656948e-08,-8.37774430708705604e-08,-8.37774430708705869e-08,-1.67554892531536282e-07,-1.67554886141741147e-07
2.62590000000000003e+01,2.62590000000000003e+01,3.80821813473475740e-02,-1.45025264672327125e-03,-1.45025253617226757e-03,-8.36849653549798251e-08,-8.36849589757762157e-08,-8.36849589757762157e-08,-1.67369924330756028e-07,-1.67369917951552431e-07
2.62662500000000030e+01,2.62662500000000030e+01,3.80716699186217991e-02,-1.44945216082126294e-03,-1.44945205039249199e-03,-8.35926088335945779e-08,-8.35926024649614500e-08,-8.35926024649614632e-08,-1.67185211298556028e-07,-1.67185204929922926e-07
2.62735000000000021e+01,2.62735000000000021e+01,3.80611642910156575e-02,-1.44865233749458255e-03,-1.44865222718768547e-03,-8.35003796853715592e-08,-8.35003733272775196e-08,-8.35003733272775329e-08,-1.67000753012649092e-07,-1.67000746654555039e-07
2.62807500000000012e+01,2.62807500000000012e+01,3.80506644597281285e-02,-1.44785317601270336e-03,-1.44785306582681712e-03,-8.34082776995984458e-08,-8.34082713519831303e-08,-8.34082713519831435e-08,-1.66816549051581589e-07,-1.66816542703966287e-07
2.62880000000000003e+01,2.62880000000000003e+01,3.80401704199634788e-02,-1.44705467564421042e-03,-1.44705456557986454e-03,-8.33163026658603555e-08,-8.33162963287436560e-08,-8.33162963287436560e-08,-1.66632598994604012e-07,-1.66632592657487312e-07
2.62952500000000029e+01,2.62952500000000029e+01,3.80296821669312834e-02,-1.44625683566079744e-03,-1.44625672571781130e-03,-8.32244543742693399e-08,-8.32244480476302526e-08,-8.32244480476302526e-08,-1.66448902421899593e-07,-1.66448896095260505e-07
2.63025000000000020e+01,2.63025000000000020e+01,3.80191996958463979e-02,-1.44545965533415810e-03,-1.44545954551264684e-03,-8.31327326152845224e-08,-8.31327262991190769e-08,-8.31327262991190769e-08,-1.66265458914403599e-07,-1.66265452598238154e-07
2.63097500000000011e+01,2.63097500000000011e+01,3.80087230019289443e-02,-1.44466313393776247e-03,-1.44466302423736223e-03,-8.30411371798134509e-08,-8.30411308740901482e-08,-8.30411308740901614e-08,-1.66082268053903626e-07,-1.66082261748180296e-07
2.63170000000000002e+01,2.63170000000000002e+01,3.79982520804043045e-02,-1.44386727074596877e-03,-1.44386716116594988e-03,-8.29496678591602436e-08,-8.29496615638266337e-08,-8.29496615638266337e-08,-1.65899329422986891e-07,-1.65899323127653267e-07
2.63242500000000028e+01,2.63242500000000028e+01,3.79877869265031268e-02,-1.44307206503313523e-03,-1.44307195557340185e-03,-8.28583244449737875e-08,-8.28583181600138563e-08,-8.28583181600138431e-08,-1.65716642604987644e-07,-1.65716636320027686e-07
2.63315000000000019e+01,2.63315000000000019e+01,3.79773275354613263e-02,-1.44227751607450827e-03,-1.44227740673570897e-03,-8.27671067292980972e-08,-8.27671004547386057e-08,-8.27671004547386190e-08,-1.65534207184036716e-07,-1.65534200909477238e-07
2.63387500000000010e+01,2.63387500000000010e+01,3.79668739025200500e-02,-1.44148362314799883e-03,-1.44148351392985800e-03,-8.26760145046733769e-08,-8.26760082404880272e-08,-8.26760082404880405e-08,-1.65352022745161417e-07,-1.65352016480976054e-07
2.63460000000000001e+01,2.63460000000000001e+01,3.79564260229256836e-02,-1.44069038553196194e-03,-1.44069027643382993e-03,-8.25850475640077602e-08,-8.25850413101488407e-08,-8.25850413101488407e-08,-1.65170088874156601e-07,-1.65170082620297681e-07
2.63532500000000027e+01,2.63532500000000027e+01,3.79459838919298312e-02,-1.43989780250475263e-03,-1.43989769352659822e-03,-8.24942057005510265e-08,-8.24941994570063345e-08,-8.24941994570063345e-08,-1.64988405157557374e-07,-1.64988398914012669e-07
2.63605000000000018e+01,2.63605000000000018e+01,3.79355475047893631e-02,-1.43910587334605822e-03,-1.43910576448813034e-03,-8.24034887079705424e-08,-8.24034824747439293e-08,-8.24034824747439161e-08,-1.64806971182714458e-07,-1.64806964949487832e-07
2.63677500000000009e+01,2.63677500000000009e+01,3.79251168567663124e-02,-1.43831459733823053e-03,-1.43831448859938035e-03,-8.23128963804262902e-08,-8.23128901574416157e-08,-8.23128901574416025e-08,-1.64625786537867906e-07,-1.64625780314883231e-07
2.63750000000000000e+01,2.63750000000000000e+01,3.79146919431279650e-02,-1.43752397376140095e-03,-1.43752386514229245e-03,-8.22224285122907517e-08,-8.22224222995756636e-08,-8.22224222995756636e-08,-1.64444850811866415e-07,-1.64444844599151327e-07
2.63822500000000026e+01,2.63822500000000026e+01,3.79042727591467690e-02,-1.43673400189969769e-03,-1.43673389339979592e-03,-8.21320848985038283e-08,-8.21320786960174041e-08,-8.21320786960174041e-08,-1.64264163594521232e-07,-1.64264157392034808e-07
2.63895000000000017e+01,2.63895000000000017e+01,3.78938593001004187e-02,-1.43594468103636075e-03,-1.43594457265580687e-03,-8.20418653342926710e-08,-8.20418591420326741e-08,-8.20418591420326873e-08,-1.64083724476325358e-07,-1.64083718284065375e-07
2.63967500000000008e+01,2.63967500000000008e+01,3.78834515612717429e-02,-1.43515601045729468e-03,-1.43515590219522263e-03,-8.19517696153739103e-08,-8.19517634332805852e-08,-8.19517634332805852e-08,-1.63903533048654509e-07,-1.63903526866561170e-07
2.64039999999999999e+01,2.64039999999999999e+01,3.78730495379487955e-02,-1.43436798944662769e-03,-1.43436788130392348e-03,-8.18617975376992680e-08,-8.18617913658129546e-08,-8.18617913658129414e-08,-1.63723588903512209e-07,-1.63723582731625883e-07
2.64112500000000026e+01,2.64112500000000026e+01,3.78626532254247652e-02,-1.43358061729292885e-03,-1.43358050926876849e-03,-8.17719488978097493e-08,-8.17719427360731671e-08,-8.17719427360731671e-08,-1.63543891633882903e-07,-1.63543885472146334e-07
2.64185000000000016e+01,2.64185000000000016e+01,3.78522626189980449e-02,-1.43279389328254680e-03,-1.43279378537759686e-03,-8.16822234924548091e-08,-8.16822173408957644e-08,-8.16822173408957644e-08,-1.63364440833350573e-07,-1.63364434681791529e-07
2.64257500000000007e+01,2.64257500000000007e+01,3.78418777139721690e-02,-1.43200781670627109e-03,-1.43200770891922335e-03,-8.15926211189713325e-08,-8.15926149775050428e-08,-8.15926149775050560e-08,-1.63185236096476389e-07,-1.63185229955010086e-07
2.64329999999999998e+01,2.64329999999999998e+01,3.78314985056558070e-02,-1.43122238685222669e-03,-1.43122227918343766e-03,-8.15031415748779598e-08,-8.15031354435145628e-08,-8.15031354435145761e-08,-1.63006277018392549e-07,-1.63006270887029152e-07
2.64402500000000025e+01,2.64402500000000025e+01,3.78211249893628046e-02,-1.43043760301164724e-03,-1.43043749546100372e-03,-8.14137846582032447e-08,-8.14137785369261573e-08,-8.14137785369261573e-08,-1.62827563195129402e-07,-1.62827557073852315e-07
2.64475000000000016e+01,2.64475000000000016e+01,3.78107571604121354e-02,-1.42965346447665453e-03,-1.42965335704365757e-03,-8.13245501673585208e-08,-8.13245440561292161e-08,-8.13245440561292029e-08,-1.62649094223487724e-07,-1.62649088112258406e-07
2.64547500000000007e+01,2.64547500000000007e+01,3.78003950141278938e-02,-1.42886997053937037e-03,-1.42886986322410497e-03,-8.12354379010863377e-08,-8.12354317998995483e-08,-8.12354317998995483e-08,-1.62470869700985886e-07,-1.62470863599799097e-07
2.64619999999999997e+01,2.64619999999999997e+01,3.77900385458393162e-02,-1.42808712049280473e-03,-1.42808701329602138e-03,-8.11464476585106219e-08,-8.11464415673989188e-08,-8.11464415673989188e-08,-1.62292889225909541e-07,-1.62292883134797838e-07
2.64692500000000024e+01,2.64692500000000024e+01,3.77796877508807388e-02,-1.42730491363440848e-03,-1.42730480655404806e-03,-8.10575792393374758e-08,-8.10575731581738041e-08,-8.10575731581738041e-08,-1.62115152397511280e-07,-1.62115146316347608e-07
2.64765000000000015e+01,2.64765000000000015e+01,3.77693426245916189e-02,-1.42652334925719160e-03,-1.42652324229379317e-03,-8.09688324433500029e-08,-8.09688263721549693e-08,-8.09688263721549693e-08,-1.61937658815504959e-07,-1.61937652744309939e-07
2.64837500000000006e+01,2.64837500000000006e+01,3.77590031623165137e-02,-1.42574242665771678e-03,-1.42574231981182852e-03,-8.08802070708615489e-08,-8.08802010096562367e-08,-8.08802010096562234e-08,-1.61760408080517772e-07,-1.61760402019312473e-07
2.64909999999999997e+01,2.64909999999999997e+01,3.77486693594050807e-02,-1.42496214513476716e-03,-1.42496203840568802e-03,-8.07917029226392445e-08,-8.07916968713738903e-08,-8.07916968713738903e-08,-1.61583399794013122e-07,-1.61583393742747781e-07
2.64982500000000023e+01,2.64982500000000023e+01,3.77383412112120564e-02,-1.42418250398668178e-03,-1.42418239737386642e-03,-8.07033197997520021e-08,-8.07033137583857367e-08,-8.07033137583857235e-08,-1.61406633558137726e-07,-1.61406627516771473e-07
2.65055000000000014e+01,2.65055000000000014e+01,3.77280187130972777e-02,-1.42340350251135561e-03,-1.42340339601581840e-03,-8.06150575035700133e-08,-8.06150514721503631e-08,-8.06150514721503631e-08,-1.61230108975720376e-07,-1.61230102944300726e-07
2.65127500000000005e+01,2.65127500000000005e+01,3.77177018604256467e-02,-1.42262514001112450e-03,-1.42262503363195622e-03,-8.05269158360407093e-08,-8.05269098145062248e-08,-8.05269098145062116e-08,-1.61053825650546908e-07,-1.61053819629012450e-07
2.65199999999999996e+01,2.65199999999999996e+01,3.77073906485671170e-02,-1.42184741578699203e-03,-1.42184730952364690e-03,-8.04388945993608137e-08,-8.04388885876707182e-08,-8.04388885876707314e-08,-1.60877783187031545e-07,-1.60877777175341463e-07
2.65272500000000022e+01,2.65272500000000022e+01,3.76970850728967355e-02,-1.42107032913996179e-03,-1.42107022299321393e-03,-8.03509935960514109e-08,-8.03509875942396254e-08,-8.03509875942396122e-08,-1.60701981190291023e-07,-1.60701975188479251e-07
2.65345000000000013e+01,2.65345000000000013e+01,3.76867851287945865e-02,-1.42029387937503415e-03,-1.42029377334393272e-03,-8.02632126291832037e-08,-8.02632066371860816e-08,-8.02632066371860948e-08,-1.60526419266369312e-07,-1.60526413274372163e-07
2.65417500000000004e+01,2.65417500000000004e+01,3.76764908116458061e-02,-1.41951806579543316e-03,-1.41951795988003063e-03,-8.01755515020490955e-08,-8.01755455198597811e-08,-8.01755455198597943e-08,-1.60351097021908890e-07,-1.60351091039719562e-07
2.65490000000000030e+01,2.65490000000000030e+01,3.76662021168405539e-02,-1.41874288770660328e-03,-1.41874278190668389e-03,-8.00880100183896068e-08,-8.00880040459861038e-08,-8.00880040459861038e-08,-1.60176014064375711e-07,-1.60176008091972208e-07
2.65562500000000021e+01,2.65562500000000021e+01,3.76559190397740620e-02,-1.41796834441398900e-03,-1.41796823873001875e-03,-8.00005879822667206e-08,-8.00005820196655195e-08,-8.00005820196655328e-08,-1.60001170001932253e-07,-1.60001164039331066e-07
2.65635000000000012e+01,2.65635000000000012e+01,3.76456415758465515e-02,-1.41719443522569932e-03,-1.41719432965710661e-03,-7.99132851982134625e-08,-7.99132792453725162e-08,-7.99132792453725030e-08,-1.59826564443585965e-07,-1.59826558490745032e-07
2.65707500000000003e+01,2.65707500000000003e+01,3.76353697204632881e-02,-1.41642115944939917e-03,-1.41642105399596499e-03,-7.98261014710576523e-08,-7.98260955279548718e-08,-7.98260955279548718e-08,-1.59652196999012524e-07,-1.59652191055909744e-07
2.65780000000000030e+01,2.65780000000000030e+01,3.76251034690345335e-02,-1.41564851639452982e-03,-1.41564841105555465e-03,-7.97390366060466426e-08,-7.97390306726328734e-08,-7.97390306726328602e-08,-1.59478067278679503e-07,-1.59478061345265720e-07
2.65852500000000020e+01,2.65852500000000020e+01,3.76148428169755730e-02,-1.41487650536920029e-03,-1.41487640014577895e-03,-7.96520904086712945e-08,-7.96520844849984836e-08,-7.96520844849984969e-08,-1.59304174893669791e-07,-1.59304168969996967e-07
2.65925000000000011e+01,2.65925000000000011e+01,3.76045877597066813e-02,-1.41410512568596047e-03,-1.41410502057748170e-03,-7.95652626849905505e-08,-7.95652567710145860e-08,-7.95652567710145860e-08,-1.59130519456005137e-07,-1.59130513542029172e-07
2.65997500000000002e+01,2.65997500000000002e+01,3.75943382926531289e-02,-1.41333437665647210e-03,-1.41333427166244517e-03,-7.94785532413304198e-08,-7.94785473370140059e-08,-7.94785473370140059e-08,-1.58957100578344412e-07,-1.58957094674028012e-07
2.66070000000000029e+01,2.66070000000000029e+01,3.75840944112451544e-02,-1.41256425759372917e-03,-1.41256415271338929e-03,-7.93919618844083071e-08,-7.93919559896988085e-08,-7.93919559896988217e-08,-1.58783917874107129e-07,-1.58783911979397617e-07
2.66142500000000020e+01,2.66142500000000020e+01,3.75738561109180205e-02,-1.41179476780983748e-03,-1.41179466304397158e-03,-7.93054884212076648e-08,-7.93054825361396907e-08,-7.93054825361397040e-08,-1.58610970957347382e-07,-1.58610965072279408e-07
2.66215000000000011e+01,2.66215000000000011e+01,3.75636233871119163e-02,-1.41102590662045557e-03,-1.41102580196878153e-03,-7.92191326592267295e-08,-7.92191267837748161e-08,-7.92191267837748161e-08,-1.58438259443001532e-07,-1.58438253567549632e-07
2.66287500000000001e+01,2.66287500000000001e+01,3.75533962352720269e-02,-1.41025767334035379e-03,-1.41025756880334323e-03,-7.91328944062282108e-08,-7.91328885404092325e-08,-7.91328885404092193e-08,-1.58265782946637430e-07,-1.58265777080818465e-07
2.66360000000000028e+01,2.66360000000000028e+01,3.75431746508484709e-02,-1.40949006728785520e-03,-1.40948996286411124e-03,-7.90467734704879877e-08,-7.90467676142139855e-08,-7.90467676142139855e-08,-1.58093541084701960e-07,-1.58093535228427971e-07
2.66432500000000019e+01,2.66432500000000019e+01,3.75329586292963494e-02,-1.40872308777861832e-03,-1.40872298346847121e-03,-7.89607696604455358e-08,-7.89607638137254962e-08,-7.89607638137254962e-08,-1.57921533474171032e-07,-1.57921527627450992e-07
2.66505000000000010e+01,2.66505000000000010e+01,3.75227481660756826e-02,-1.40795673413141031e-03,-1.40795662993473602e-03,-7.88748827850271100e-08,-7.88748769478445554e-08,-7.88748769478445422e-08,-1.57749759732871665e-07,-1.57749753895689111e-07
2.66577500000000001e+01,2.66577500000000001e+01,3.75125432566514455e-02,-1.40719100566588651e-03,-1.40719090158214575e-03,-7.87891126535203437e-08,-7.87891068258355828e-08,-7.87891068258355828e-08,-1.57578219479355913e-07,-1.57578213651671166e-07
2.66650000000000027e+01,2.66650000000000027e+01,3.75023438964935257e-02,-1.40642590170170223e-03,-1.40642579773086530e-03,-7.87034590755239564e-08,-7.87034532573258587e-08,-7.87034532573258587e-08,-1.57406912332849802e-07,-1.57406906514651717e-07
2.66722500000000018e+01,2.66722500000000018e+01,3.74921500810767722e-02,-1.40566142155940099e-03,-1.40566131770198505e-03,-7.86179218609968686e-08,-7.86179160523049025e-08,-7.86179160523048761e-08,-1.57235837913301745e-07,-1.57235832104609779e-07
2.66795000000000009e+01,2.66795000000000009e+01,3.74819618058809187e-02,-1.40489756456219084e-03,-1.40489746081751588e-03,-7.85325008203566160e-08,-7.85324950211232947e-08,-7.85324950211232947e-08,-1.57064995841479924e-07,-1.57064990042246589e-07
2.66867500000000000e+01,2.66867500000000000e+01,3.74717790663906258e-02,-1.40413433003239163e-03,-1.40413422640039065e-03,-7.84471957642801645e-08,-7.84471899744923194e-08,-7.84471899744923194e-08,-1.56894385738772497e-07,-1.56894379948984639e-07
2.66940000000000026e+01,2.66940000000000026e+01,3.74616018580954460e-02,-1.40337171729409960e-03,-1.40337161377446034e-03,-7.83620065038519957e-08,-7.83620007234827997e-08,-7.83620007234827997e-08,-1.56724007227334795e-07,-1.56724001446965599e-07
2.67012500000000017e+01,2.67012500000000017e+01,3.74514301764898652e-02,-1.40260972567141096e-03,-1.40260962226449555e-03,-7.82769328504644480e-08,-7.82769270795247272e-08,-7.82769270795247272e-08,-1.56553859929989162e-07,-1.56553854159049454e-07
2.67085000000000008e+01,2.67085000000000008e+01,3.74412640170732128e-02,-1.40184835449108647e-03,-1.40184825119618150e-03,-7.81919746159654840e-08,-7.81919688544060706e-08,-7.81919688544060839e-08,-1.56383943470371568e-07,-1.56383937708812168e-07
2.67157499999999999e+01,2.67157499999999999e+01,3.74311033753497446e-02,-1.40108760307811053e-03,-1.40108749989611915e-03,-7.81071316124103907e-08,-7.81071258602722866e-08,-7.81071258602722602e-08,-1.56214257472682638e-07,-1.56214251720544547e-07
2.67230000000000025e+01,2.67230000000000025e+01,3.74209482468285740e-02,-1.40032747076235253e-03,-1.40032736769182234e-03,-7.80224036524323834e-08,-7.80223979096253134e-08,-7.80223979096253266e-08,-1.56044801562057723e-07,-1.56044795819250627e-07
2.67302500000000016e+01,2.67302500000000016e+01,3.74107986270236850e-02,-1.39956795687101732e-03,-1.39956785391171738e-03,-7.79377905488213253e-08,-7.79377848153231341e-08,-7.79377848153231341e-08,-1.55875575364144473e-07,-1.55875569630646268e-07
2.67375000000000007e+01,2.67375000000000007e+01,3.74006545114539471e-02,-1.39880906073219791e-03,-1.39880895788514065e-03,-7.78532921147208746e-08,-7.78532863905786653e-08,-7.78532863905786521e-08,-1.55706578505299527e-07,-1.55706572781157304e-07
2.67447499999999998e+01,2.67447499999999998e+01,3.73905158956430728e-02,-1.39805078167798413e-03,-1.39805067894233710e-03,-7.77689081638009488e-08,-7.77689024489591083e-08,-7.77689024489591083e-08,-1.55537810612760070e-07,-1.55537804897918217e-07
2.67520000000000024e+01,2.67520000000000024e+01,3.73803827751196110e-02,-1.39729311903913356e-03,-1.39729301641445896e-03,-7.76846385099602565e-08,-7.76846328043852079e-08,-7.76846328043852079e-08,-1.55369271314345464e-07,-1.55369265608770416e-07
2.67592500000000015e+01,2.67592500000000015e+01,3.73702551454170029e-02,-1.39653607214729192e-03,-1.39653596963356589e-03,-7.76004829674493561e-08,-7.76004772711305777e-08,-7.76004772711305909e-08,-1.55200960238579960e-07,-1.55200954542261155e-07
2.67665000000000006e+01,2.67665000000000006e+01,3.73601330020734840e-02,-1.39577964033499313e-03,-1.39577953793262031e-03,-7.75164413508699144e-08,-7.75164356638206940e-08,-7.75164356638206940e-08,-1.55032877014690608e-07,-1.55032871327641388e-07
2.67737499999999997e+01,2.67737499999999997e+01,3.73500163406321473e-02,-1.39502382293654748e-03,-1.39502372064548861e-03,-7.74325134752233976e-08,-7.74325077974323399e-08,-7.74325077974323135e-08,-1.54865021272655724e-07,-1.54865015594864653e-07
2.67810000000000024e+01,2.67810000000000024e+01,3.73399051566409013e-02,-1.39426861928759749e-03,-1.39426851710693772e-03,-7.73486991558855150e-08,-7.73486934872926793e-08,-7.73486934872926925e-08,-1.54697392643178207e-07,-1.54697386974585385e-07
2.67882500000000014e+01,2.67882500000000014e+01,3.73297994456524770e-02,-1.39351402872289754e-03,-1.39351392665263600e-03,-7.72649982084825785e-08,-7.72649925490787797e-08,-7.72649925490787797e-08,-1.54529990757561345e-07,-1.54529985098157559e-07
2.67955000000000005e+01,2.67955000000000005e+01,3.73196992032244212e-02,-1.39276005057942243e-03,-1.39275994861914952e-03,-7.71814104490630665e-08,-7.71814047988165276e-08,-7.71814047988165276e-08,-1.54362815247879594e-07,-1.54362809597633055e-07
2.68027499999999996e+01,2.68027499999999996e+01,3.73096044249190822e-02,-1.39200668419281470e-03,-1.39200658234394162e-03,-7.70979356939002520e-08,-7.70979300528800195e-08,-7.70979300528800327e-08,-1.54195865746780271e-07,-1.54195860105760065e-07
2.68100000000000023e+01,2.68100000000000023e+01,3.72995151063036171e-02,-1.39125392890449007e-03,-1.39125382716537163e-03,-7.70145737598849877e-08,-7.70145681279908602e-08,-7.70145681279908602e-08,-1.54029141887875835e-07,-1.54029136255981720e-07
2.68172500000000014e+01,2.68172500000000014e+01,3.72894312429499636e-02,-1.39050178405231151e-03,-1.39050168242269294e-03,-7.69313244640085129e-08,-7.69313188412173427e-08,-7.69313188412173427e-08,-1.53862643305225869e-07,-1.53862637682434685e-07
2.68245000000000005e+01,2.68245000000000005e+01,3.72793528304348615e-02,-1.38975024897503019e-03,-1.38975014745605185e-03,-7.68481876236078947e-08,-7.68481820099737197e-08,-7.68481820099737065e-08,-1.53696369633581614e-07,-1.53696364019947413e-07
2.68317499999999995e+01,2.68317499999999995e+01,3.72692798643398243e-02,-1.38899932301628226e-03,-1.38899922160648569e-03,-7.67651630565862563e-08,-7.67651574520194102e-08,-7.67651574520193969e-08,-1.53530320508605666e-07,-1.53530314904038794e-07
2.68390000000000022e+01,2.68390000000000022e+01,3.72592123402511258e-02,-1.38824900551659525e-03,-1.38824890421592167e-03,-7.66822505809700170e-08,-7.66822449854582575e-08,-7.66822449854582575e-08,-1.53364495566428288e-07,-1.53364489970916515e-07
2.68462500000000013e+01,2.68462500000000013e+01,3.72491502537598343e-02,-1.38749929581827303e-03,-1.38749919462717629e-03,-7.65994500151785668e-08,-7.65994444287380007e-08,-7.65994444287380007e-08,-1.53198894443916554e-07,-1.53198888857476001e-07
2.68535000000000004e+01,2.68535000000000004e+01,3.72390936004617645e-02,-1.38675019326583993e-03,-1.38675009218395227e-03,-7.65167611780477973e-08,-7.65167556006491360e-08,-7.65167556006491625e-08,-1.53033516778696960e-07,-1.53033511201298298e-07
2.68607500000000030e+01,2.68607500000000030e+01,3.72290423759574773e-02,-1.38600169720337618e-03,-1.38600159623083769e-03,-7.64341838886824806e-08,-7.64341783203245327e-08,-7.64341783203245195e-08,-1.52868362209007000e-07,-1.52868356640649065e-07
2.68680000000000021e+01,2.68680000000000021e+01,3.72189965758523145e-02,-1.38525380697718248e-03,-1.38525370611330620e-03,-7.63517179666026064e-08,-7.63517124072385338e-08,-7.63517124072385338e-08,-1.52703430373841153e-07,-1.52703424814477068e-07
2.68752500000000012e+01,2.68752500000000012e+01,3.72089561957563153e-02,-1.38450652193267132e-03,-1.38450642117771226e-03,-7.62693632315712104e-08,-7.62693576812061879e-08,-7.62693576812061879e-08,-1.52538720912777398e-07,-1.52538715362412376e-07
2.68825000000000003e+01,2.68825000000000003e+01,3.71989212312842932e-02,-1.38375984141703157e-03,-1.38375974077129330e-03,-7.61871195037407780e-08,-7.61871139623826142e-08,-7.61871139623826274e-08,-1.52374233466123405e-07,-1.52374227924765228e-07
2.68897500000000029e+01,2.68897500000000029e+01,3.71888916780557591e-02,-1.38301376477967253e-03,-1.38301366424216495e-03,-7.61049866036768555e-08,-7.61049810712621684e-08,-7.61049810712621684e-08,-1.52209967674939037e-07,-1.52209962142524337e-07
2.68970000000000020e+01,2.68970000000000020e+01,3.71788675316949840e-02,-1.38226829136867124e-03,-1.38226819093932346e-03,-7.60229643521618163e-08,-7.60229588286778740e-08,-7.60229588286778873e-08,-1.52045923180839704e-07,-1.52045917657355748e-07
2.69042500000000011e+01,2.69042500000000011e+01,3.71688487878309159e-02,-1.38152342053388111e-03,-1.38152332021263978e-03,-7.59410525703654324e-08,-7.59410470558004692e-08,-7.59410470558004560e-08,-1.51882099626165875e-07,-1.51882094111600912e-07
2.69115000000000002e+01,2.69115000000000002e+01,3.71588354420972419e-02,-1.38077915162559961e-03,-1.38077905141286220e-03,-7.58592510797708119e-08,-7.58592455741378508e-08,-7.58592455741378376e-08,-1.51718496653908649e-07,-1.51718491148275675e-07
2.69187500000000028e+01,2.69187500000000028e+01,3.71488274901323398e-02,-1.38003548399634468e-03,-1.38003538389161223e-03,-7.57775597022713972e-08,-7.57775542055342276e-08,-7.57775542055342408e-08,-1.51555113907805625e-07,-1.51555108411068482e-07
2.69260000000000019e+01,2.69260000000000019e+01,3.71388249275792920e-02,-1.37929241699863425e-03,-1.37929231700138484e-03,-7.56959782600484235e-08,-7.56959727721696171e-08,-7.56959727721696171e-08,-1.51391951032218027e-07,-1.51391945544339234e-07
2.69332500000000010e+01,2.69332500000000010e+01,3.71288277500858577e-02,-1.37854994998543035e-03,-1.37854985009554579e-03,-7.56145065755944503e-08,-7.56145010965587870e-08,-7.56145010965587870e-08,-1.51229007672153237e-07,-1.51229002193117574e-07
2.69405000000000001e+01,2.69405000000000001e+01,3.71188359533045076e-02,-1.37780808231013907e-03,-1.37780798252833125e-03,-7.55331444717130305e-08,-7.55331390015508314e-08,-7.55331390015508314e-08,-1.51066283473263862e-07,-1.51066278003101663e-07
2.69477500000000028e+01,2.69477500000000028e+01,3.71088495328923546e-02,-1.37706681333016334e-03,-1.37706671365484500e-03,-7.54518917717126943e-08,-7.54518863103282050e-08,-7.54518863103282050e-08,-1.50903778082040913e-07,-1.50903772620656410e-07
2.69550000000000018e+01,2.69550000000000018e+01,3.70988684845112229e-02,-1.37632614239890927e-03,-1.37632604283105986e-03,-7.53707482989680934e-08,-7.53707428464063125e-08,-7.53707428464063257e-08,-1.50741491145374406e-07,-1.50741485692812625e-07
2.69622500000000009e+01,2.69622500000000009e+01,3.70888928038275723e-02,-1.37558606887466794e-03,-1.37558596941381259e-03,-7.52897138774062508e-08,-7.52897084336324896e-08,-7.52897084336324896e-08,-1.50579422311038740e-07,-1.50579416867264979e-07
2.69695000000000000e+01,2.69695000000000000e+01,3.70789224865125389e-02,-1.37484659211439819e-03,-1.37484649276080535e-03,-7.52087883311651800e-08,-7.52087828961854605e-08,-7.52087828961854473e-08,-1.50417571227350627e-07,-1.50417565792370895e-07
2.69767500000000027e+01,2.69767500000000027e+01,3.70689575282419082e-02,-1.37410771147772337e-03,-1.37410761223060243e-03,-7.51279714848120626e-08,-7.51279660585745040e-08,-7.51279660585744908e-08,-1.50255937543386567e-07,-1.50255932117148982e-07
2.69840000000000018e+01,2.69840000000000018e+01,3.70589979246961146e-02,-1.37336942632293457e-03,-1.37336932718263097e-03,-7.50472631631240912e-08,-7.50472577456389505e-08,-7.50472577456389505e-08,-1.50094520908763042e-07,-1.50094515491277901e-07
2.69912500000000009e+01,2.69912500000000009e+01,3.70490436715602278e-02,-1.37263173601143151e-03,-1.37263163697717698e-03,-7.49666631913305490e-08,-7.49666577825472557e-08,-7.49666577825472557e-08,-1.49933320973877818e-07,-1.49933315565094511e-07
2.69984999999999999e+01,2.69984999999999999e+01,3.70390947645239527e-02,-1.37189463990328164e-03,-1.37189454097538582e-03,-7.48861713948694997e-08,-7.48861659947963917e-08,-7.48861659947963785e-08,-1.49772337389665865e-07,-1.49772331989592757e-07
2.70057500000000026e+01,2.70057500000000026e+01,3.70291511992816291e-02,-1.37115813736077286e-03,-1.37115803853926025e-03,-7.48057875995812416e-08,-7.48057822082110795e-08,-7.48057822082110530e-08,-1.49611569807792295e-07,-1.49611564416422133e-07
2.70130000000000017e+01,2.70130000000000017e+01,3.70192129715322255e-02,-1.37042222774708122e-03,-1.37042212903165975e-03,-7.47255116316349866e-08,-7.47255062489432594e-08,-7.47255062489432594e-08,-1.49451017880578246e-07,-1.49451012497886519e-07
2.70202500000000008e+01,2.70202500000000008e+01,3.70092800769793034e-02,-1.36968691042582691e-03,-1.36968681181629708e-03,-7.46453433175038726e-08,-7.46453379434711912e-08,-7.46453379434712045e-08,-1.49290681260975077e-07,-1.49290675886942382e-07
2.70274999999999999e+01,2.70274999999999999e+01,3.69993525113310531e-02,-1.36895218476151825e-03,-1.36895208625773955e-03,-7.45652824839886143e-08,-7.45652771185988189e-08,-7.45652771185988189e-08,-1.49130559602587420e-07,-1.49130554237197638e-07
2.70347500000000025e+01,2.70347500000000025e+01,3.69894302703002581e-02,-1.36821805011999587e-03,-1.36821795172140494e-03,-7.44853289582411406e-08,-7.44853236014550559e-08,-7.44853236014550559e-08,-1.48970652559696210e-07,-1.48970647202910112e-07
2.70420000000000016e+01,2.70420000000000016e+01,3.69795133496043163e-02,-1.36748450586621217e-03,-1.36748440757356385e-03,-7.44054825676429793e-08,-7.44054772194932160e-08,-7.44054772194932293e-08,-1.48810959787136209e-07,-1.48810954438986459e-07
2.70492500000000007e+01,2.70492500000000007e+01,3.69696017449651984e-02,-1.36675155136867232e-03,-1.36675145318133386e-03,-7.43257431400464629e-08,-7.43257378004901400e-08,-7.43257378004901532e-08,-1.48651480940536616e-07,-1.48651475600980306e-07
2.70564999999999998e+01,2.70564999999999998e+01,3.69596954521094756e-02,-1.36601918599410510e-03,-1.36601908791268191e-03,-7.42461105034840375e-08,-7.42461051725455999e-08,-7.42461051725455999e-08,-1.48492215676029637e-07,-1.48492210345091200e-07
2.70637500000000024e+01,2.70637500000000024e+01,3.69497944667682779e-02,-1.36528740911368018e-03,-1.36528731113641955e-03,-7.41665844865057393e-08,-7.41665791640815181e-08,-7.41665791640815049e-08,-1.48333163650587257e-07,-1.48333158328163036e-07
2.70710000000000015e+01,2.70710000000000015e+01,3.69398987846773288e-02,-1.36455622009457045e-03,-1.36455612222220551e-03,-7.40871649177200367e-08,-7.40871596038414647e-08,-7.40871596038414647e-08,-1.48174324521561488e-07,-1.48174319207682929e-07
2.70782500000000006e+01,2.70782500000000006e+01,3.69300084015769109e-02,-1.36382561830794558e-03,-1.36382552054054116e-03,-7.40078516262275504e-08,-7.40078463208897836e-08,-7.40078463208897969e-08,-1.48015697947117334e-07,-1.48015692641779567e-07
2.70854999999999997e+01,2.70854999999999997e+01,3.69201233132118653e-02,-1.36309560312541933e-03,-1.36309550546277031e-03,-7.39286444414274672e-08,-7.39286391446109842e-08,-7.39286391446109842e-08,-1.47857283586038451e-07,-1.47857278289221968e-07
2.70927500000000023e+01,2.70927500000000023e+01,3.69102435153315922e-02,-1.36236617391949366e-03,-1.36236607636107767e-03,-7.38495431930408595e-08,-7.38495379047089997e-08,-7.38495379047089865e-08,-1.47699081097749859e-07,-1.47699075809417973e-07
2.71000000000000014e+01,2.71000000000000014e+01,3.69003690036900367e-02,-1.36163733006267051e-03,-1.36163723260848842e-03,-7.37705477110621402e-08,-7.37705424312066052e-08,-7.37705424312066185e-08,-1.47541090142268759e-07,-1.47541084862413237e-07
2.71072500000000005e+01,2.71072500000000005e+01,3.68904997740456889e-02,-1.36090907092834001e-03,-1.36090897357886496e-03,-7.36916578258065751e-08,-7.36916525544446896e-08,-7.36916525544446896e-08,-1.47383310380251278e-07,-1.47383305108889379e-07
2.71144999999999996e+01,2.71144999999999996e+01,3.68806358221615768e-02,-1.36018139589211273e-03,-1.36018129864690757e-03,-7.36128733679817524e-08,-7.36128681050815274e-08,-7.36128681050815274e-08,-1.47225741473063280e-07,-1.47225736210163055e-07
2.71217500000000022e+01,2.71217500000000022e+01,3.68707771438052459e-02,-1.35945430433004333e-03,-1.35945420718815136e-03,-7.35341941685906627e-08,-7.35341889140920649e-08,-7.35341889140920649e-08,-1.47068383082682714e-07,-1.47068377828184130e-07
2.71290000000000013e+01,2.71290000000000013e+01,3.68609237347487934e-02,-1.35872779561641011e-03,-1.35872769857896692e-03,-7.34556200588113280e-08,-7.34556148127675087e-08,-7.34556148127674954e-08,-1.46911234871578810e-07,-1.46911229625534991e-07
2.71362500000000004e+01,2.71362500000000004e+01,3.68510755907688059e-02,-1.35800186913037635e-03,-1.35800177219655644e-03,-7.33771508703561954e-08,-7.33771456327142679e-08,-7.33771456327142547e-08,-1.46754296503070450e-07,-1.46754291265428536e-07
2.71435000000000031e+01,2.71435000000000031e+01,3.68412327076463944e-02,-1.35727652424932899e-03,-1.35727642741895454e-03,-7.32987864351113932e-08,-7.32987812058535302e-08,-7.32987812058535302e-08,-1.46597567640964937e-07,-1.46597562411707060e-07
2.71507500000000022e+01,2.71507500000000022e+01,3.68313950811671870e-02,-1.35655176035198721e-03,-1.35655166362502635e-03,-7.32205265853043512e-08,-7.32205213644206265e-08,-7.32205213644206133e-08,-1.46441047949724965e-07,-1.46441042728841253e-07
2.71580000000000013e+01,2.71580000000000013e+01,3.68215627071212873e-02,-1.35582757681884658e-03,-1.35582748019446512e-03,-7.31423711535268822e-08,-7.31423659409640915e-08,-7.31423659409641048e-08,-1.46284737094490987e-07,-1.46284731881928183e-07
2.71652500000000003e+01,2.71652500000000003e+01,3.68117355813033162e-02,-1.35510397302818220e-03,-1.35510387650779264e-03,-7.30643199725191487e-08,-7.30643147683453194e-08,-7.30643147683453326e-08,-1.46128634740864481e-07,-1.46128629536690665e-07
2.71725000000000030e+01,2.71725000000000030e+01,3.68019136995123702e-02,-1.35438094836404233e-03,-1.35438085194635621e-03,-7.29863728756001280e-08,-7.29863676797376242e-08,-7.29863676797376242e-08,-1.45972740555337739e-07,-1.45972735359475248e-07
2.71797500000000021e+01,2.71797500000000021e+01,3.67920970575520354e-02,-1.35365850220736661e-03,-1.35365840589232907e-03,-7.29085296961880856e-08,-7.29085245086258032e-08,-7.29085245086258032e-08,-1.45817054204813889e-07,-1.45817049017251606e-07
2.71870000000000012e+01,2.71870000000000012e+01,3.67822856512303661e-02,-1.35293663394087105e-03,-1.35293653772870738e-03,-7.28307902680633008e-08,-7.28307850888052765e-08,-7.28307850888052765e-08,-1.45661575356868577e-07,-1.45661570177610553e-07
2.71942500000000003e+01,2.71942500000000003e+01,3.67724794763598928e-02,-1.35221534294904799e-03,-1.35221524683930955e-03,-7.27531544253675773e-08,-7.27531492543815444e-08,-7.27531492543815576e-08,-1.45506303679749148e-07,-1.45506298508763089e-07
2.72015000000000029e+01,2.72015000000000029e+01,3.67626785287576002e-02,-1.35149462861594571e-03,-1.35149453260877518e-03,-7.26756220024839112e-08,-7.26756168397694727e-08,-7.26756168397694860e-08,-1.45351238842253410e-07,-1.45351233679538945e-07
2.72087500000000020e+01,2.72087500000000020e+01,3.67528828042449560e-02,-1.35077449032738883e-03,-1.35077439442256460e-03,-7.25981928341555923e-08,-7.25981876796927503e-08,-7.25981876796927503e-08,-1.45196380513848356e-07,-1.45196375359385501e-07
2.72160000000000011e+01,2.72160000000000011e+01,3.67430922986478545e-02,-1.35005492746964606e-03,-1.35005483166695519e-03,-7.25208667554137294e-08,-7.25208616091829756e-08,-7.25208616091829888e-08,-1.45041728364596705e-07,-1.45041723218365978e-07
2.72232500000000002e+01,2.72232500000000002e+01,3.67333070077966450e-02,-1.34933593942943020e-03,-1.34933584372904205e-03,-7.24436436015769063e-08,-7.24436384635793127e-08,-7.24436384635793259e-08,-1.44887282065156219e-07,-1.44887276927158652e-07
2.72305000000000028e+01,2.72305000000000028e+01,3.67235269275261178e-02,-1.34861752559567449e-03,-1.34861742999673579e-03,-7.23665232083458113e-08,-7.23665180785275517e-08,-7.23665180785275384e-08,-1.44733041286873350e-07,-1.44733036157055103e-07
2.72377500000000019e+01,2.72377500000000019e+01,3.67137520536755038e-02,-1.34789968535642402e-03,-1.34789958985876215e-03,-7.22895054116358689e-08,-7.22895002899796982e-08,-7.22895002899796849e-08,-1.44579005701615554e-07,-1.44579000579959396e-07
2.72450000000000010e+01,2.72450000000000010e+01,3.67039823820884542e-02,-1.34718241810061201e-03,-1.34718232270465959e-03,-7.22125900476720147e-08,-7.22125849341931662e-08,-7.22125849341931662e-08,-1.44425174981865181e-07,-1.44425169868386332e-07
2.72522500000000001e+01,2.72522500000000001e+01,3.66942179086130471e-02,-1.34646572321850400e-03,-1.34646562792477861e-03,-7.21357769530119490e-08,-7.21357718477301824e-08,-7.21357718477301824e-08,-1.44271548800742131e-07,-1.44271543695460365e-07
2.72595000000000027e+01,2.72595000000000027e+01,3.66844586291017807e-02,-1.34574960010258593e-03,-1.34574950491028007e-03,-7.20590659645930283e-08,-7.20590608674570982e-08,-7.20590608674570982e-08,-1.44118126832050127e-07,-1.44118121734914196e-07
2.72667500000000018e+01,2.72667500000000018e+01,3.66747045394115526e-02,-1.34503404814489969e-03,-1.34503395305313428e-03,-7.19824569195889048e-08,-7.19824518305438202e-08,-7.19824518305438202e-08,-1.43964908750132738e-07,-1.43964903661087640e-07
2.72740000000000009e+01,2.72740000000000009e+01,3.66649556354036801e-02,-1.34431906673659896e-03,-1.34431897174612015e-03,-7.19059496553853330e-08,-7.19059445744631355e-08,-7.19059445744631355e-08,-1.43811894229848482e-07,-1.43811889148926271e-07
2.72812500000000000e+01,2.72812500000000000e+01,3.66552119129438733e-02,-1.34360465527194606e-03,-1.34360456038282237e-03,-7.18295440097935295e-08,-7.18295389369899575e-08,-7.18295389369899707e-08,-1.43659082946783500e-07,-1.43659077873979915e-07
2.72885000000000026e+01,2.72885000000000026e+01,3.66454733679022274e-02,-1.34289081314653558e-03,-1.34289071835763142e-03,-7.17532398209543785e-08,-7.17532347562008621e-08,-7.17532347562008489e-08,-1.43506474577155241e-07,-1.43506469512401724e-07
2.72957500000000017e+01,2.72957500000000017e+01,3.66357399961532437e-02,-1.34217753975418574e-03,-1.34217744506574246e-03,-7.16770369271717655e-08,-7.16770318704733471e-08,-7.16770318704733471e-08,-1.43354068797645113e-07,-1.43354063740946694e-07
2.73030000000000008e+01,2.73030000000000008e+01,3.66260117935757953e-02,-1.34146483449049114e-03,-1.34146473990315318e-03,-7.16009351671019811e-08,-7.16009301184852099e-08,-7.16009301184852231e-08,-1.43201865285587217e-07,-1.43201860236970420e-07
2.73102499999999999e+01,2.73102499999999999e+01,3.66162887560531336e-02,-1.34075269675371089e-03,-1.34075260226666293e-03,-7.15249343798004140e-08,-7.15249293392139387e-08,-7.15249293392139255e-08,-1.43049863719014326e-07,-1.43049858678427877e-07
2.73175000000000026e+01,2.73175000000000026e+01,3.66065708794728606e-02,-1.34004112594121594e-03,-1.34004103155387056e-03,-7.14490344045312204e-08,-7.14490293719359186e-08,-7.14490293719358922e-08,-1.42898063776467113e-07,-1.42898058743871811e-07
2.73247500000000016e+01,2.73247500000000016e+01,3.65968581597269846e-02,-1.33933012145037722e-03,-1.33933002716317569e-03,-7.13732350808144924e-08,-7.13732300562260872e-08,-7.13732300562260872e-08,-1.42746465137040580e-07,-1.42746460112452174e-07
2.73320000000000007e+01,2.73320000000000007e+01,3.65871505927118368e-02,-1.33861968268034204e-03,-1.33861958849377420e-03,-7.12975362485202660e-08,-7.12975312319570745e-08,-7.12975312319570745e-08,-1.42595067480477340e-07,-1.42595062463914149e-07
2.73392499999999998e+01,2.73392499999999998e+01,3.65774481743281199e-02,-1.33790980903247814e-03,-1.33790971494565951e-03,-7.12219377478914967e-08,-7.12219327392986205e-08,-7.12219327392986337e-08,-1.42443870487190117e-07,-1.42443865478597267e-07
2.73465000000000025e+01,2.73465000000000025e+01,3.65677509004808596e-02,-1.33720049990726508e-03,-1.33720040591961886e-03,-7.11464394193779351e-08,-7.11464344187169533e-08,-7.11464344187169533e-08,-1.42292873838094875e-07,-1.42292868837433907e-07
2.73537500000000016e+01,2.73537500000000016e+01,3.65580587670794668e-02,-1.33649175470473836e-03,-1.33649166081723576e-03,-7.10710411036594336e-08,-7.10710361109742729e-08,-7.10710361109742729e-08,-1.42142077214633693e-07,-1.42142072221948546e-07
2.73610000000000007e+01,2.73610000000000007e+01,3.65483717700376409e-02,-1.33578357282937432e-03,-1.33578347904088454e-03,-7.09957426419050591e-08,-7.09957376571278774e-08,-7.09957376571278774e-08,-1.41991480299032950e-07,-1.41991475314255755e-07
2.73682499999999997e+01,2.73682499999999997e+01,3.65386899052734457e-02,-1.33507595368209664e-03,-1.33507585999373163e-03,-7.09205438753476045e-08,-7.09205388985297796e-08,-7.09205388985297664e-08,-1.41841082773877371e-07,-1.41841077797059533e-07
2.73755000000000024e+01,2.73755000000000024e+01,3.65290131687092470e-02,-1.33436889666960212e-03,-1.33436880307973341e-03,-7.08454446457785338e-08,-7.08454396768258863e-08,-7.08454396768258863e-08,-1.41690884322604433e-07,-1.41690879353651773e-07
2.73827500000000015e+01,2.73827500000000015e+01,3.65193415562717408e-02,-1.33366240119459079e-03,-1.33366230770363601e-03,-7.07704447950285789e-08,-7.07704398339556407e-08,-7.07704398339556275e-08,-1.41540884628984206e-07,-1.41540879667911255e-07
2.73900000000000006e+01,2.73900000000000006e+01,3.65096750638919318e-02,-1.33295646666287126e-03,-1.33295637327097223e-03,-7.06955441653444181e-08,-7.06955392121510568e-08,-7.06955392121510700e-08,-1.41391083377495488e-07,-1.41391078424302114e-07
2.73972499999999997e+01,2.73972499999999997e+01,3.65000136875051340e-02,-1.33225109248069629e-03,-1.33225099918806203e-03,-7.06207425992467576e-08,-7.06207376539364144e-08,-7.06207376539364144e-08,-1.41241480253183159e-07,-1.41241475307872829e-07
2.74045000000000023e+01,2.74045000000000023e+01,3.64903574230509564e-02,-1.33154627805653902e-03,-1.33154618486201011e-03,-7.05460399396237841e-08,-7.05460350021273859e-08,-7.05460350021273727e-08,-1.41092074941751143e-07,-1.41092070004254745e-07
2.74117500000000014e+01,2.74117500000000014e+01,3.64807062664733173e-02,-1.33084202279665220e-03,-1.33084192970070545e-03,-7.04714360294954238e-08,-7.04714310998306394e-08,-7.04714310998306261e-08,-1.40942867129326063e-07,-1.40942862199661279e-07
2.74190000000000005e+01,2.74190000000000005e+01,3.64710602137204090e-02,-1.33013832610995308e-03,-1.33013823311281987e-03,-7.03969307122715960e-08,-7.03969257904430839e-08,-7.03969257904430707e-08,-1.40793856502714680e-07,-1.40793851580886168e-07
2.74262499999999996e+01,2.74262499999999996e+01,3.64614192607447263e-02,-1.32943518740669120e-03,-1.32943509450780643e-03,-7.03225238316810216e-08,-7.03225189176512874e-08,-7.03225189176512874e-08,-1.40645042749332296e-07,-1.40645037835302575e-07
2.74335000000000022e+01,2.74335000000000022e+01,3.64517834035030103e-02,-1.32873260609667199e-03,-1.32873251329589754e-03,-7.02482152316766207e-08,-7.02482103254308149e-08,-7.02482103254308282e-08,-1.40496425557107462e-07,-1.40496420650861656e-07
2.74407500000000013e+01,2.74407500000000013e+01,3.64421526379563251e-02,-1.32803058159103315e-03,-1.32803048888810709e-03,-7.01740047565291228e-08,-7.01739998580458578e-08,-7.01739998580458578e-08,-1.40348004614574994e-07,-1.40347999716091716e-07
2.74480000000000004e+01,2.74480000000000004e+01,3.64325269600699470e-02,-1.32732911330091241e-03,-1.32732902069622374e-03,-7.00998922507559292e-08,-7.00998873600482414e-08,-7.00998873600482414e-08,-1.40199779610804184e-07,-1.40199774720096483e-07
2.74552500000000030e+01,2.74552500000000030e+01,3.64229063658134539e-02,-1.32662820064011200e-03,-1.32662810813281439e-03,-7.00258775592613898e-08,-7.00258726762770807e-08,-7.00258726762770675e-08,-1.40051750235538457e-07,-1.40051745352554135e-07
2.74625000000000021e+01,2.74625000000000021e+01,3.64132908511606707e-02,-1.32592784302021371e-03,-1.32592775061122136e-03,-6.99519605270783519e-08,-6.99519556518581718e-08,-6.99519556518581718e-08,-1.39903916178936524e-07,-1.39903911303716344e-07
2.74697500000000012e+01,2.74697500000000012e+01,3.64036804120896618e-02,-1.32522803985768434e-03,-1.32522794754556046e-03,-6.98781409997426284e-08,-6.98781361322032902e-08,-6.98781361322032902e-08,-1.39756277131945919e-07,-1.39756272264406580e-07
2.74770000000000003e+01,2.74770000000000003e+01,3.63940750445827382e-02,-1.32452879056499384e-03,-1.32452869835072008e-03,-6.98044188228237416e-08,-6.98044139630095688e-08,-6.98044139630095688e-08,-1.39608832785833297e-07,-1.39608827926019138e-07
2.74842500000000030e+01,2.74842500000000030e+01,3.63844747446264646e-02,-1.32383009455994127e-03,-1.32383000244236100e-03,-6.97307938424164003e-08,-6.97307889902589951e-08,-6.97307889902589951e-08,-1.39461582832675395e-07,-1.39461577980517990e-07
2.74915000000000020e+01,2.74915000000000020e+01,3.63748795082116244e-02,-1.32313195125677296e-03,-1.32313185923691400e-03,-6.96572659046717342e-08,-6.96572610602178024e-08,-6.96572610602178024e-08,-1.39314526964889537e-07,-1.39314522120435605e-07
2.74987500000000011e+01,2.74987500000000011e+01,3.63652893313332407e-02,-1.32243436007417614e-03,-1.32243426815157922e-03,-6.95838348562178578e-08,-6.95838300194357814e-08,-6.95838300194357814e-08,-1.39167664875653652e-07,-1.39167660038871563e-07
2.75060000000000002e+01,2.75060000000000002e+01,3.63557042099905484e-02,-1.32173732043039394e-03,-1.32173722860432440e-03,-6.95105005439019898e-08,-6.95104957147457377e-08,-6.95104957147457377e-08,-1.39020996258647728e-07,-1.39020991429491475e-07
2.75132500000000029e+01,2.75132500000000029e+01,3.63461241401869944e-02,-1.32104083174366949e-03,-1.32104074001388383e-03,-6.94372628148134807e-08,-6.94372579932628699e-08,-6.94372579932628699e-08,-1.38874520808076351e-07,-1.38874515986525740e-07
2.75205000000000020e+01,2.75205000000000020e+01,3.63365491179302655e-02,-1.32034489343224593e-03,-1.32034480179975874e-03,-6.93641215162832975e-08,-6.93641167023842794e-08,-6.93641167023842926e-08,-1.38728238218667577e-07,-1.38728233404768585e-07
2.75277500000000011e+01,2.75277500000000011e+01,3.63269791392322253e-02,-1.31964950491880728e-03,-1.31964941338221344e-03,-6.92910764961168514e-08,-6.92910716897882696e-08,-6.92910716897882564e-08,-1.38582148185905121e-07,-1.38582143379576539e-07
2.75350000000000001e+01,2.75350000000000001e+01,3.63174142001089495e-02,-1.31895466562159669e-03,-1.31895457418227530e-03,-6.92181276021267533e-08,-6.92181228034336839e-08,-6.92181228034336839e-08,-1.38436250405560450e-07,-1.38436245606867368e-07
2.75422500000000028e+01,2.75422500000000028e+01,3.63078542965807050e-02,-1.31826037496551862e-03,-1.31826028362173387e-03,-6.91452746827154668e-08,-6.91452698915594819e-08,-6.91452698915594819e-08,-1.38290544574274962e-07,-1.38290539783118964e-07
2.75495000000000019e+01,2.75495000000000019e+01,3.62982994246719495e-02,-1.31756663237059257e-03,-1.31756654112314005e-03,-6.90725175862685943e-08,-6.90725128026841310e-08,-6.90725128026841310e-08,-1.38145030388952739e-07,-1.38145025605368262e-07
2.75567500000000010e+01,2.75567500000000010e+01,3.62887495804113322e-02,-1.31687343726127892e-03,-1.31687334610980367e-03,-6.89998561616437339e-08,-6.89998513856048915e-08,-6.89998513856048783e-08,-1.37999707547248599e-07,-1.37999702771209757e-07
2.75640000000000001e+01,2.75640000000000001e+01,3.62792047598316653e-02,-1.31618078906159397e-03,-1.31618069800579262e-03,-6.89272902579136830e-08,-6.89272854893973138e-08,-6.89272854893973006e-08,-1.37854575747310970e-07,-1.37854570978794628e-07
2.75712500000000027e+01,2.75712500000000027e+01,3.62696649589699383e-02,-1.31548868719555401e-03,-1.31548859623593179e-03,-6.88548197243893084e-08,-6.88548149634145765e-08,-6.88548149634145765e-08,-1.37709634687803885e-07,-1.37709629926829153e-07
2.75785000000000018e+01,2.75785000000000018e+01,3.62601301738673248e-02,-1.31479713109028395e-03,-1.31479704022580352e-03,-6.87824444107817793e-08,-6.87824396572871688e-08,-6.87824396572871688e-08,-1.37564884068068948e-07,-1.37564879314574338e-07
2.75857500000000009e+01,2.75857500000000009e+01,3.62506004005691343e-02,-1.31410612017068829e-03,-1.31410602940174297e-03,-6.87101641669230596e-08,-6.87101594209219246e-08,-6.87101594209219246e-08,-1.37420323587844971e-07,-1.37420318841843849e-07
2.75930000000000000e+01,2.75930000000000000e+01,3.62410756351248531e-02,-1.31341565386433601e-03,-1.31341556319084017e-03,-6.86379788430210371e-08,-6.86379741045016912e-08,-6.86379741045016912e-08,-1.37275952947522715e-07,-1.37275948209003382e-07
2.76002500000000026e+01,2.76002500000000026e+01,3.62315558735880963e-02,-1.31272573159879613e-03,-1.31272564102093625e-03,-6.85658882895196572e-08,-6.85658835584846282e-08,-6.85658835584846282e-08,-1.37131771848004285e-07,-1.37131767116969256e-07
2.76075000000000017e+01,2.76075000000000017e+01,3.62220411120166633e-02,-1.31203635280341402e-03,-1.31203626232062522e-03,-6.84938923571912227e-08,-6.84938876336038104e-08,-6.84938876336038236e-08,-1.36987779990795033e-07,-1.36987775267207647e-07
2.76147500000000008e+01,2.76147500000000008e+01,3.62125313464724471e-02,-1.31134751690797913e-03,-1.31134742651924964e-03,-6.84219908970661832e-08,-6.84219861808664334e-08,-6.84219861808664334e-08,-1.36843977077932617e-07,-1.36843972361732867e-07
2.76219999999999999e+01,2.76219999999999999e+01,3.62030265730215045e-02,-1.31065922334006046e-03,-1.31065913304690123e-03,-6.83501837602937050e-08,-6.83501790515533111e-08,-6.83501790515532979e-08,-1.36700362811847003e-07,-1.36700358103106596e-07
2.76292500000000025e+01,2.76292500000000025e+01,3.61935267877340136e-02,-1.30997147153344429e-03,-1.30997138133441961e-03,-6.82784707985813874e-08,-6.82784660972183329e-08,-6.82784660972183329e-08,-1.36556936895799707e-07,-1.36556932194436666e-07
2.76365000000000016e+01,2.76365000000000016e+01,3.61840319866842744e-02,-1.30928426091792005e-03,-1.30928417081339074e-03,-6.82068518636619762e-08,-6.82068471696879739e-08,-6.82068471696879871e-08,-1.36413699033349977e-07,-1.36413694339375974e-07
2.76437500000000007e+01,2.76437500000000007e+01,3.61745421659507085e-02,-1.30859759092594174e-03,-1.30859750091614590e-03,-6.81353268076401703e-08,-6.81353221210605141e-08,-6.81353221210605141e-08,-1.36270648928700698e-07,-1.36270644242121028e-07
2.76509999999999998e+01,2.76509999999999998e+01,3.61650573216158525e-02,-1.30791146099040745e-03,-1.30791137107576054e-03,-6.80638954828764329e-08,-6.80638908037056283e-08,-6.80638908037056151e-08,-1.36127786286582061e-07,-1.36127781607411230e-07
2.76582500000000024e+01,2.76582500000000024e+01,3.61555774497663435e-02,-1.30722587054732386e-03,-1.30722578072605235e-03,-6.79925577421250578e-08,-6.79925530702637241e-08,-6.79925530702637241e-08,-1.35985110812388782e-07,-1.35985106140527448e-07
2.76655000000000015e+01,2.76655000000000015e+01,3.61461025464929198e-02,-1.30654081902825681e-03,-1.30654072930158193e-03,-6.79213134381408949e-08,-6.79213087736455185e-08,-6.79213087736455317e-08,-1.35842622211786413e-07,-1.35842617547291063e-07
2.76727500000000006e+01,2.76727500000000006e+01,3.61366326078904343e-02,-1.30585630587010115e-03,-1.30585621623765017e-03,-6.78501624241871988e-08,-6.78501577670313231e-08,-6.78501577670313231e-08,-1.35700320191218509e-07,-1.35700315534062646e-07
2.76799999999999997e+01,2.76799999999999997e+01,3.61271676300578062e-02,-1.30517233050886361e-03,-1.30517224097029651e-03,-6.77791045537115598e-08,-6.77790999038704887e-08,-6.77790999038705019e-08,-1.35558204457582048e-07,-1.35558199807741004e-07
2.76872500000000024e+01,2.76872500000000024e+01,3.61177076090980487e-02,-1.30448889238188315e-03,-1.30448880293629896e-03,-6.77081396804609415e-08,-6.77081350378808882e-08,-6.77081350378809015e-08,-1.35416274718341843e-07,-1.35416270075761803e-07
2.76945000000000014e+01,2.76945000000000014e+01,3.61082525411182687e-02,-1.30380599092472238e-03,-1.30380590157317408e-03,-6.76372676583198576e-08,-6.76372630230484811e-08,-6.76372630230484678e-08,-1.35274530681368325e-07,-1.35274526046096936e-07
2.77017500000000005e+01,2.77017500000000005e+01,3.60988024222296394e-02,-1.30312362557738481e-03,-1.30312353631917266e-03,-6.75664883416324431e-08,-6.75664837136264519e-08,-6.75664837136264387e-08,-1.35132972055258895e-07,-1.35132967427252877e-07
2.77089999999999996e+01,2.77089999999999996e+01,3.60893572485474004e-02,-1.30244179577765351e-03,-1.30244170661328101e-03,-6.74958015848564015e-08,-6.74957969641349070e-08,-6.74957969641348937e-08,-1.34991598548991295e-07,-1.34991593928269787e-07
2.77162500000000023e+01,2.77162500000000023e+01,3.60799170161908572e-02,-1.30176050096642015e-03,-1.30176041189521857e-03,-6.74252072428387937e-08,-6.74252026293601852e-08,-6.74252026293601852e-08,-1.34850409872198979e-07,-1.34850405258720370e-07
2.77235000000000014e+01,2.77235000000000014e+01,3.60704817212833886e-02,-1.30107974058368825e-03,-1.30107965160543900e-03,-6.73547051706084616e-08,-6.73547005643544751e-08,-6.73547005643544618e-08,-1.34709405734962923e-07,-1.34709401128708950e-07
2.77307500000000005e+01,2.77307500000000005e+01,3.60610513599523980e-02,-1.30039951407079357e-03,-1.30039942518512478e-03,-6.72842952234904573e-08,-6.72842906244349274e-08,-6.72842906244349274e-08,-1.34568585847925371e-07,-1.34568581248869855e-07
2.77380000000000031e+01,2.77380000000000031e+01,3.60516259283293616e-02,-1.29971982086907190e-03,-1.29971973207618999e-03,-6.72139772570367187e-08,-6.72139726651834172e-08,-6.72139726651834172e-08,-1.34427949922220136e-07,-1.34427945330366834e-07
2.77452500000000022e+01,2.77452500000000022e+01,3.60422054225498015e-02,-1.29904066042074717e-03,-1.29904057172127840e-03,-6.71437511270715310e-08,-6.71437465424459352e-08,-6.71437465424459352e-08,-1.34287497669517466e-07,-1.34287493084891870e-07
2.77525000000000013e+01,2.77525000000000013e+01,3.60327898387532639e-02,-1.29836203217026380e-03,-1.29836194356376037e-03,-6.70736166897598192e-08,-6.70736121123318859e-08,-6.70736121123318859e-08,-1.34147228802091705e-07,-1.34147224224663772e-07
2.77597500000000004e+01,2.77597500000000004e+01,3.60233791730833336e-02,-1.29768393556206618e-03,-1.29768384704773403e-03,-6.70035738014918190e-08,-6.70035692312136246e-08,-6.70035692312136114e-08,-1.34007143032705430e-07,-1.34007138462427223e-07
2.77670000000000030e+01,2.77670000000000030e+01,3.60139734216876131e-02,-1.29700637004015462e-03,-1.29700628161802172e-03,-6.69336223188597571e-08,-6.69336177557259150e-08,-6.69336177557259150e-08,-1.33867240074585659e-07,-1.33867235511451830e-07
2.77742500000000021e+01,2.77742500000000021e+01,3.60045725807177502e-02,-1.29632933504986170e-03,-1.29632924672017243e-03,-6.68637620987491980e-08,-6.68637575427654920e-08,-6.68637575427654920e-08,-1.33727519641514690e-07,-1.33727515085530984e-07
2.77815000000000012e+01,2.77815000000000012e+01,3.59951766463293896e-02,-1.29565283003785225e-03,-1.29565274180045678e-03,-6.67939929983384226e-08,-6.67939884494902809e-08,-6.67939884494902677e-08,-1.33587981447828704e-07,-1.33587976898980562e-07
2.77887500000000003e+01,2.77887500000000003e+01,3.59857856146822003e-02,-1.29497685445123523e-03,-1.29497676630586835e-03,-6.67243148750520659e-08,-6.67243103333189877e-08,-6.67243103333190009e-08,-1.33448625208371067e-07,-1.33448620666638002e-07
2.77960000000000029e+01,2.77960000000000029e+01,3.59763994819398414e-02,-1.29430140773756364e-03,-1.29430131968412128e-03,-6.66547275865607332e-08,-6.66547230519305557e-08,-6.66547230519305557e-08,-1.33309450638491302e-07,-1.33309446103861111e-07
2.78032500000000020e+01,2.78032500000000020e+01,3.59670182442700034e-02,-1.29362648934527869e-03,-1.29362640138365112e-03,-6.65852309908034071e-08,-6.65852264632637027e-08,-6.65852264632637027e-08,-1.33170457454067110e-07,-1.33170452926527405e-07
2.78105000000000011e+01,2.78105000000000011e+01,3.59576418978443391e-02,-1.29295209872370975e-03,-1.29295201085361054e-03,-6.65158249459868781e-08,-6.65158204255161401e-08,-6.65158204255161401e-08,-1.33031645371503018e-07,-1.33031640851032280e-07
2.78177500000000002e+01,2.78177500000000002e+01,3.59482704388385116e-02,-1.29227823532263031e-03,-1.29227814754387079e-03,-6.64465093105624778e-08,-6.64465047971442287e-08,-6.64465047971442420e-08,-1.32893014107706720e-07,-1.32893009594288457e-07
2.78250000000000028e+01,2.78250000000000028e+01,3.59389038634321603e-02,-1.29160489859270200e-03,-1.29160481090501915e-03,-6.63772839432483928e-08,-6.63772794368624098e-08,-6.63772794368624098e-08,-1.32754563380110803e-07,-1.32754558873724820e-07
2.78322500000000019e+01,2.78322500000000019e+01,3.59295421678089213e-02,-1.29093208798414238e-03,-1.29093200038835954e-03,-6.63081487029608434e-08,-6.63081442036426753e-08,-6.63081442036426753e-08,-1.32616292906603532e-07,-1.32616288407285351e-07
2.78395000000000010e+01,2.78395000000000010e+01,3.59201853481563929e-02,-1.29025980294983356e-03,-1.29025971544590931e-03,-6.62391034489731669e-08,-6.62390989567139465e-08,-6.62390989567139465e-08,-1.32478202405687113e-07,-1.32478197913427893e-07
2.78467500000000001e+01,2.78467500000000001e+01,3.59108334006661492e-02,-1.28958804294354579e-03,-1.28958795553039940e-03,-6.61701480408240868e-08,-6.61701435555616232e-08,-6.61701435555616232e-08,-1.32340291596385710e-07,-1.32340287111123246e-07
2.78540000000000028e+01,2.78540000000000028e+01,3.59014863215337057e-02,-1.28891680741771708e-03,-1.28891672009527180e-03,-6.61012823382032702e-08,-6.61012778599269490e-08,-6.61012778599269623e-08,-1.32202560198130219e-07,-1.32202555719853898e-07
2.78612500000000018e+01,2.78612500000000018e+01,3.58921441069585886e-02,-1.28824609582611771e-03,-1.28824600859468209e-03,-6.60325062010877668e-08,-6.60325017298067467e-08,-6.60325017298067467e-08,-1.32065007930894514e-07,-1.32065003459613493e-07
2.78685000000000009e+01,2.78685000000000009e+01,3.58828067531442307e-02,-1.28757590762473839e-03,-1.28757582048349322e-03,-6.59638194897868618e-08,-6.59638150254525045e-08,-6.59638150254524912e-08,-1.31927634515239353e-07,-1.31927630050905009e-07
2.78757500000000000e+01,2.78757500000000000e+01,3.58734742562980338e-02,-1.28690624226779349e-03,-1.28690615521727782e-03,-6.58952220647367893e-08,-6.58952176073700588e-08,-6.58952176073700588e-08,-1.31790439672106848e-07,-1.31790435214740118e-07
2.78830000000000027e+01,2.78830000000000027e+01,3.58641466126313480e-02,-1.28623709921260598e-03,-1.28623701225231654e-03,-6.58267137867505940e-08,-6.58267093363191046e-08,-6.58267093363191046e-08,-1.31653423123069699e-07,-1.31653418672638209e-07
2.78902500000000018e+01,2.78902500000000018e+01,3.58548238183594575e-02,-1.28556847791472251e-03,-1.28556839104559668e-03,-6.57582945167675286e-08,-6.57582900733126128e-08,-6.57582900733126392e-08,-1.31516584590080155e-07,-1.31516580146625252e-07
2.78975000000000009e+01,2.78975000000000009e+01,3.58455058697015883e-02,-1.28490037783368649e-03,-1.28490029105481096e-03,-6.56899641161479533e-08,-6.56899596796162745e-08,-6.56899596796162613e-08,-1.31379923795764201e-07,-1.31379919359232523e-07
2.79047499999999999e+01,2.79047499999999999e+01,3.58361927628808724e-02,-1.28423279842726501e-03,-1.28423271173835549e-03,-6.56217224463774836e-08,-6.56217180167479189e-08,-6.56217180167479189e-08,-1.31243440463125416e-07,-1.31243436033495838e-07
2.79120000000000026e+01,2.79120000000000026e+01,3.58268844941243905e-02,-1.28356573915455741e-03,-1.28356565255533048e-03,-6.55535693692256098e-08,-6.55535649464771291e-08,-6.55535649464771291e-08,-1.31107134315702726e-07,-1.31107129892954258e-07
2.79192500000000017e+01,2.79192500000000017e+01,3.58175810596631367e-02,-1.28289919947466302e-03,-1.28289911296553937e-03,-6.54855047466772205e-08,-6.54855003308247394e-08,-6.54855003308247394e-08,-1.30971005077501960e-07,-1.30971000661649479e-07
2.79265000000000008e+01,2.79265000000000008e+01,3.58082824557320115e-02,-1.28223317884890164e-03,-1.28223309242948488e-03,-6.54175284410453761e-08,-6.54175240320620940e-08,-6.54175240320620807e-08,-1.30835052473107470e-07,-1.30835048064124161e-07
2.79337499999999999e+01,2.79337499999999999e+01,3.57989886785698291e-02,-1.28156767673770489e-03,-1.28156759040837080e-03,-6.53496403148121734e-08,-6.53496359127107163e-08,-6.53496359127107295e-08,-1.30699276227522890e-07,-1.30699271825421459e-07
2.79410000000000025e+01,2.79410000000000025e+01,3.57896997244193105e-02,-1.28090269260416889e-03,-1.28090260636409955e-03,-6.52818402308096262e-08,-6.52818358355417663e-08,-6.52818358355417663e-08,-1.30563676066351393e-07,-1.30563671671083533e-07
2.79482500000000016e+01,2.79482500000000016e+01,3.57804155895270690e-02,-1.28023822591005754e-03,-1.28023813975927181e-03,-6.52141280520153059e-08,-6.52141236635755109e-08,-6.52141236635755109e-08,-1.30428251715590817e-07,-1.30428247327151022e-07
2.79555000000000007e+01,2.79555000000000007e+01,3.57711362701436178e-02,-1.27957427611802288e-03,-1.27957419005718430e-03,-6.51465036416651419e-08,-6.51464992600807022e-08,-6.51464992600807022e-08,-1.30293002901745844e-07,-1.30292998520161404e-07
2.79627499999999998e+01,2.79627499999999998e+01,3.57618617625233559e-02,-1.27891084269338151e-03,-1.27891075672183024e-03,-6.50789668633434193e-08,-6.50789624885742332e-08,-6.50789624885742332e-08,-1.30157929351917653e-07,-1.30157924977148466e-07
2.79700000000000024e+01,2.79700000000000024e+01,3.57525920629245611e-02,-1.27824792510056184e-03,-1.27824783921789628e-03,-6.50115175808013019e-08,-6.50115132128204760e-08,-6.50115132128204893e-08,-1.30023030793621778e-07,-1.30023026425640952e-07
2.79772500000000015e+01,2.79772500000000015e+01,3.57433271676093969e-02,-1.27758552280488047e-03,-1.27758543701076387e-03,-6.49441556580469485e-08,-6.49441512968309248e-08,-6.49441512968309248e-08,-1.29888306954877873e-07,-1.29888302593661850e-07
2.79845000000000006e+01,2.79845000000000006e+01,3.57340670728438919e-02,-1.27692363527165398e-03,-1.27692354956650614e-03,-6.48768809592998528e-08,-6.48768766048635072e-08,-6.48768766048635072e-08,-1.29753757564163360e-07,-1.29753753209727014e-07
2.79917499999999997e+01,2.79917499999999997e+01,3.57248117748979604e-02,-1.27626226196797532e-03,-1.27626217635188797e-03,-6.48096933490806152e-08,-6.48096890014222009e-08,-6.48096890014222009e-08,-1.29619382350502816e-07,-1.29619378002844402e-07
2.79990000000000023e+01,2.79990000000000023e+01,3.57155612700453540e-02,-1.27560140236182562e-03,-1.27560131683436377e-03,-6.47425926921654551e-08,-6.47425883512564375e-08,-6.47425883512564507e-08,-1.29485181043421893e-07,-1.29485176702512875e-07
2.80062500000000014e+01,2.80062500000000014e+01,3.57063155545637098e-02,-1.27494105592074192e-03,-1.27494097048207839e-03,-6.46755788535180241e-08,-6.46755745193607723e-08,-6.46755745193607591e-08,-1.29351153372878783e-07,-1.29351149038721545e-07
2.80135000000000005e+01,2.80135000000000005e+01,3.56970746247345025e-02,-1.27428122211403760e-03,-1.27428113676386384e-03,-6.46086516984015987e-08,-6.46086473709740634e-08,-6.46086473709740766e-08,-1.29217299069375689e-07,-1.29217294741948153e-07
2.80207499999999996e+01,2.80207499999999996e+01,3.56878384768430576e-02,-1.27362190041147016e-03,-1.27362181514923973e-03,-6.45418110923111982e-08,-6.45418067715792995e-08,-6.45418067715792995e-08,-1.29083617863890498e-07,-1.29083613543158599e-07
2.80280000000000022e+01,2.80280000000000022e+01,3.56786071071785310e-02,-1.27296309028235299e-03,-1.27296300510841044e-03,-6.44750569009279377e-08,-6.44750525869027797e-08,-6.44750525869027929e-08,-1.28950109487830731e-07,-1.28950105173805559e-07
2.80352500000000013e+01,2.80352500000000013e+01,3.56693805120339574e-02,-1.27230479119821993e-03,-1.27230470611226776e-03,-6.44083889902538388e-08,-6.44083846829140074e-08,-6.44083846829140074e-08,-1.28816773673167846e-07,-1.28816769365828015e-07
2.80425000000000004e+01,2.80425000000000004e+01,3.56601586877061602e-02,-1.27164700263060482e-03,-1.27164691763238520e-03,-6.43418072264986311e-08,-6.43418029258247373e-08,-6.43418029258247373e-08,-1.28683610152323368e-07,-1.28683605851649475e-07
2.80497500000000031e+01,2.80497500000000031e+01,3.56509416304958138e-02,-1.27098972405104149e-03,-1.27098963914101934e-03,-6.42753114760795148e-08,-6.42753071820887639e-08,-6.42753071820887639e-08,-1.28550618658168279e-07,-1.28550614364177528e-07
2.80570000000000022e+01,2.80570000000000022e+01,3.56417293367074159e-02,-1.27033295493372833e-03,-1.27033287011111000e-03,-6.42089016057554941e-08,-6.42088973184014316e-08,-6.42088973184014183e-08,-1.28417798924156926e-07,-1.28417794636802837e-07
2.80642500000000013e+01,2.80642500000000013e+01,3.56325218026492738e-02,-1.26967669475153144e-03,-1.26967661001627596e-03,-6.41425774824246454e-08,-6.41425732016989201e-08,-6.41425732016989069e-08,-1.28285150684123552e-07,-1.28285146403397814e-07
2.80715000000000003e+01,2.80715000000000003e+01,3.56233190246335249e-02,-1.26902094297776102e-03,-1.26902085833081684e-03,-6.40763389732137309e-08,-6.40763346991579533e-08,-6.40763346991579533e-08,-1.28152673672371684e-07,-1.28152669398315907e-07
2.80787500000000030e+01,2.80787500000000030e+01,3.56141209989760885e-02,-1.26836569908972407e-03,-1.26836561452970970e-03,-6.40101859456570678e-08,-6.40101816781952035e-08,-6.40101816781952035e-08,-1.28020367623852271e-07,-1.28020363356390407e-07
2.80860000000000021e+01,2.80860000000000021e+01,3.56049277219967208e-02,-1.26771096256117488e-03,-1.26771087808861074e-03,-6.39441182673148081e-08,-6.39441140064668815e-08,-6.39441140064668682e-08,-1.27888232273781676e-07,-1.27888228012933763e-07
2.80932500000000012e+01,2.80932500000000012e+01,3.55957391900189532e-02,-1.26705673286942044e-03,-1.26705664848385116e-03,-6.38781358061313257e-08,-6.38781315518681008e-08,-6.38781315518681008e-08,-1.27756267357999413e-07,-1.27756263103736202e-07
2.81005000000000003e+01,2.81005000000000003e+01,3.55865553993701192e-02,-1.26640300949043549e-03,-1.26640292519243853e-03,-6.38122384301881607e-08,-6.38122341825325208e-08,-6.38122341825325208e-08,-1.27624472612720682e-07,-1.27624468365065042e-07
2.81077500000000029e+01,2.81077500000000029e+01,3.55773763463813342e-02,-1.26574979190374748e-03,-1.26574970769205409e-03,-6.37464260079499243e-08,-6.37464217668317244e-08,-6.37464217668317244e-08,-1.27492847774781662e-07,-1.27492843533663449e-07
2.81150000000000020e+01,2.81150000000000020e+01,3.55682020273875160e-02,-1.26509707958577522e-03,-1.26509699546105327e-03,-6.36806984079282642e-08,-6.36806941733749269e-08,-6.36806941733749269e-08,-1.27361392581303191e-07,-1.27361388346749854e-07
2.81222500000000011e+01,2.81222500000000011e+01,3.55590324387273435e-02,-1.26444487201693434e-03,-1.26444478797846350e-03,-6.36150554990391805e-08,-6.36150512710082748e-08,-6.36150512710082748e-08,-1.27230106770047468e-07,-1.27230102542016550e-07
2.81295000000000002e+01,2.81295000000000002e+01,3.55498675767432770e-02,-1.26379316867542002e-03,-1.26379308472398286e-03,-6.35494971502897425e-08,-6.35494929288144615e-08,-6.35494929288144748e-08,-1.27098990079104204e-07,-1.27098985857628950e-07
2.81367500000000028e+01,2.81367500000000028e+01,3.55407074377815449e-02,-1.26314196904298015e-03,-1.26314188517798035e-03,-6.34840232310680124e-08,-6.34840190161121853e-08,-6.34840190161121985e-08,-1.26968042247180224e-07,-1.26968038032224371e-07
2.81440000000000019e+01,2.81440000000000019e+01,3.55315520181921501e-02,-1.26249127260003036e-03,-1.26249118882149482e-03,-6.34186336108970087e-08,-6.34186294024558310e-08,-6.34186294024558310e-08,-1.26837263013352853e-07,-1.26837258804911662e-07
2.81512500000000010e+01,2.81512500000000010e+01,3.55224013143288497e-02,-1.26184107882831853e-03,-1.26184099513623185e-03,-6.33533281595681664e-08,-6.33533239576347164e-08,-6.33533239576347296e-08,-1.26706652117202896e-07,-1.26706647915269459e-07
2.81585000000000001e+01,2.81585000000000001e+01,3.55132553225491407e-02,-1.26119138721136892e-03,-1.26119130360456493e-03,-6.32881067471631882e-08,-6.32881025516728134e-08,-6.32881025516728134e-08,-1.26576209298836002e-07,-1.26576205103345627e-07
2.81657500000000027e+01,2.81657500000000027e+01,3.55041140392142879e-02,-1.26054219723004124e-03,-1.26054211370953324e-03,-6.32229692438306925e-08,-6.32229650548281269e-08,-6.32229650548281136e-08,-1.26445934298658806e-07,-1.26445930109656227e-07
2.81730000000000018e+01,2.81730000000000018e+01,3.54949774606893101e-02,-1.25989350836830383e-03,-1.25989342493484208e-03,-6.31579155200756867e-08,-6.31579113375924028e-08,-6.31579113375924028e-08,-1.26315826857668090e-07,-1.26315822675184806e-07
2.81802500000000009e+01,2.81802500000000009e+01,3.54858455833429454e-02,-1.25924532011323365e-03,-1.25924523676485987e-03,-6.30929454467587337e-08,-6.30929412706904803e-08,-6.30929412706904935e-08,-1.26185886717449240e-07,-1.26185882541380987e-07
2.81875000000000000e+01,2.81875000000000000e+01,3.54767184035476718e-02,-1.25859763194702268e-03,-1.25859754868461811e-03,-6.30280588946949607e-08,-6.30280547250798146e-08,-6.30280547250798146e-08,-1.26056113619774789e-07,-1.26056109450159629e-07
2.81947500000000026e+01,2.81947500000000026e+01,3.54675959176797076e-02,-1.25795044335674788e-03,-1.25795036017981032e-03,-6.29632557351433009e-08,-6.29632515719500542e-08,-6.29632515719500542e-08,-1.25926507307093355e-07,-1.25926503143900108e-07
2.82020000000000017e+01,2.82020000000000017e+01,3.54584781221189971e-02,-1.25730375382859805e-03,-1.25730367073679161e-03,-6.28985358395168470e-08,-6.28985316827226430e-08,-6.28985316827226298e-08,-1.25797067522239464e-07,-1.25797063365445286e-07
2.82092500000000008e+01,2.82092500000000008e+01,3.54493650132491969e-02,-1.25665756284876196e-03,-1.25665747984257626e-03,-6.28338990794268713e-08,-6.28338949290501463e-08,-6.28338949290501595e-08,-1.25667794008477031e-07,-1.25667789858100293e-07
2.82164999999999999e+01,2.82164999999999999e+01,3.54402565874576900e-02,-1.25601186990520475e-03,-1.25601178698483821e-03,-6.27693453267713137e-08,-6.27693411828159455e-08,-6.27693411828159587e-08,-1.25538686509587272e-07,-1.25538682365631917e-07
2.82237500000000026e+01,2.82237500000000026e+01,3.54311528411355645e-02,-1.25536667448766792e-03,-1.25536659165190884e-03,-6.27048744537342657e-08,-6.27048703161336960e-08,-6.27048703161336960e-08,-1.25409744769867962e-07,-1.25409740632267392e-07
2.82310000000000016e+01,2.82310000000000016e+01,3.54220537706776209e-02,-1.25472197608322844e-03,-1.25472189333277677e-03,-6.26404863325636902e-08,-6.26404822013468637e-08,-6.26404822013468637e-08,-1.25280968533910554e-07,-1.25280964402693727e-07
2.82382500000000007e+01,2.82382500000000007e+01,3.54129593724823583e-02,-1.25407777418296007e-03,-1.25407769151708614e-03,-6.25761808359037103e-08,-6.25761767110282224e-08,-6.25761767110282224e-08,-1.25152357546931933e-07,-1.25152353422056445e-07
2.82454999999999998e+01,2.82454999999999998e+01,3.54038696429519739e-02,-1.25343406827571613e-03,-1.25343398569513638e-03,-6.25119578364838537e-08,-6.25119537179794565e-08,-6.25119537179794565e-08,-1.25023911554463310e-07,-1.25023907435958913e-07
2.82527500000000025e+01,2.82527500000000025e+01,3.53947845784923568e-02,-1.25279085785345856e-03,-1.25279077535788027e-03,-6.24478172073844654e-08,-6.24478130952305786e-08,-6.24478130952305786e-08,-1.24895630302615057e-07,-1.24895626190461157e-07
2.82600000000000016e+01,2.82600000000000016e+01,3.53857041755130941e-02,-1.25214814240859340e-03,-1.25214805999692477e-03,-6.23837588219033924e-08,-6.23837547160396517e-08,-6.23837547160396384e-08,-1.24767513537943031e-07,-1.24767509432079277e-07
2.82672500000000007e+01,2.82672500000000007e+01,3.53766284304274370e-02,-1.25150592143175032e-03,-1.25150583910452694e-03,-6.23197825534448905e-08,-6.23197784538920481e-08,-6.23197784538920481e-08,-1.24639561007336925e-07,-1.24639556907784096e-07
2.82744999999999997e+01,2.82744999999999997e+01,3.53675573396523349e-02,-1.25086419441577945e-03,-1.25086411217359590e-03,-6.22558882757185309e-08,-6.22558841825002509e-08,-6.22558841825002509e-08,-1.24511772458218795e-07,-1.24511768365000502e-07
2.82817500000000024e+01,2.82817500000000024e+01,3.53584908996084010e-02,-1.25022296085575135e-03,-1.25022287869769018e-03,-6.21920758627385124e-08,-6.21920717758031920e-08,-6.21920717758031787e-08,-1.24384147638541678e-07,-1.24384143551606384e-07
2.82890000000000015e+01,2.82890000000000015e+01,3.53494291067199262e-02,-1.24958222024496024e-03,-1.24958213817101776e-03,-6.21283451886243836e-08,-6.21283411079659479e-08,-6.21283411079659611e-08,-1.24256686296590358e-07,-1.24256682215931896e-07
2.82962500000000006e+01,2.82962500000000006e+01,3.53403719574148512e-02,-1.24894197207892077e-03,-1.24894189008843389e-03,-6.20646961277995528e-08,-6.20646920533791441e-08,-6.20646920533791574e-08,-1.24129388181178697e-07,-1.24129384106758315e-07
2.83034999999999997e+01,2.83034999999999997e+01,3.53313194481247872e-02,-1.24830221585137124e-03,-1.24830213394544086e-03,-6.20011285547920898e-08,-6.20011244866585317e-08,-6.20011244866585449e-08,-1.24002253041450635e-07,-1.24002248973317090e-07
2.83107500000000023e+01,2.83107500000000023e+01,3.53222715752850025e-02,-1.24766295106004677e-03,-1.24766286923818693e-03,-6.19376423445213010e-08,-6.19376382826445768e-08,-6.19376382826445768e-08,-1.23875280627165878e-07,-1.23875276565289154e-07
2.83180000000000014e+01,2.83180000000000014e+01,3.53132283353344151e-02,-1.24702417720179426e-03,-1.24702409546346548e-03,-6.18742373720544987e-08,-6.18742333164019711e-08,-6.18742333164019711e-08,-1.23748470688456457e-07,-1.23748466632803942e-07
2.83252500000000005e+01,2.83252500000000005e+01,3.53041897247155789e-02,-1.24638589377346065e-03,-1.24638581211871302e-03,-6.18109135126508083e-08,-6.18109094632191156e-08,-6.18109094632191156e-08,-1.23621822975869924e-07,-1.23621818926438231e-07
2.83325000000000031e+01,2.83325000000000031e+01,3.52951557398746979e-02,-1.24574810027322513e-03,-1.24574801870200986e-03,-6.17476706418268400e-08,-6.17476665986077237e-08,-6.17476665986077237e-08,-1.23495337240434577e-07,-1.23495333197215447e-07
2.83397500000000022e+01,2.83397500000000022e+01,3.52861263772616188e-02,-1.24511079619971099e-03,-1.24511071471207816e-03,-6.16845086353123122e-08,-6.16845045983024372e-08,-6.16845045983024372e-08,-1.23369013233614749e-07,-1.23369009196604874e-07
2.83470000000000013e+01,2.83470000000000013e+01,3.52771016333298035e-02,-1.24447398105287377e-03,-1.24447389964828020e-03,-6.16214273690935283e-08,-6.16214233382601513e-08,-6.16214233382601645e-08,-1.23242850707353693e-07,-1.23242846676520329e-07
2.83542500000000004e+01,2.83542500000000004e+01,3.52680815045363569e-02,-1.24383765433133675e-03,-1.24383757301061945e-03,-6.15584267192810405e-08,-6.15584226946598296e-08,-6.15584226946598296e-08,-1.23116849413940883e-07,-1.23116845389319659e-07
2.83615000000000030e+01,2.83615000000000030e+01,3.52590659873419920e-02,-1.24320181553727593e-03,-1.24320173429973689e-03,-6.14955065623511872e-08,-6.14955025439017628e-08,-6.14955025439017760e-08,-1.22991009106252950e-07,-1.22991005087803552e-07
2.83687500000000021e+01,2.83687500000000021e+01,3.52500550782110580e-02,-1.24256646417197913e-03,-1.24256638301691318e-03,-6.14326667749257051e-08,-6.14326627626074360e-08,-6.14326627626074360e-08,-1.22865329537533128e-07,-1.22865325525214872e-07
2.83760000000000012e+01,2.83760000000000012e+01,3.52410487736114983e-02,-1.24193159973629008e-03,-1.24193151866406454e-03,-6.13699072337935009e-08,-6.13699032276187883e-08,-6.13699032276188015e-08,-1.22739810461412302e-07,-1.22739806455237577e-07
2.83832500000000003e+01,2.83832500000000003e+01,3.52320470700148852e-02,-1.24129722173282886e-03,-1.24129714074374450e-03,-6.13072278160200110e-08,-6.13072238159979737e-08,-6.13072238159979604e-08,-1.22614451632017985e-07,-1.22614447631995947e-07
2.83905000000000030e+01,2.83905000000000030e+01,3.52230499638963718e-02,-1.24066332966554782e-03,-1.24066324875914016e-03,-6.12446283989247554e-08,-6.12446244050266868e-08,-6.12446244050266868e-08,-1.22489252803951442e-07,-1.22489248810053374e-07
2.83977500000000020e+01,2.83977500000000020e+01,3.52140574517347330e-02,-1.24002992303839932e-03,-1.24002984221407444e-03,-6.11821088600151627e-08,-6.11821048722060302e-08,-6.11821048722060434e-08,-1.22364213732221206e-07,-1.22364209744412060e-07
2.84050000000000011e+01,2.84050000000000011e+01,3.52050695300123173e-02,-1.23939700135489161e-03,-1.23939692061300188e-03,-6.11196690769642568e-08,-6.11196650952557468e-08,-6.11196650952557335e-08,-1.22239334172219990e-07,-1.22239330190511494e-07
2.84122500000000002e+01,2.84122500000000002e+01,3.51960861952150886e-02,-1.23876456411986524e-03,-1.23876448346101021e-03,-6.10573089276980068e-08,-6.10573049521139684e-08,-6.10573049521139684e-08,-1.22114613879811988e-07,-1.22114609904227937e-07
2.84195000000000029e+01,2.84195000000000029e+01,3.51871074438325770e-02,-1.23813261083993709e-03,-1.23813253026381796e-03,-6.09950282904167275e-08,-6.09950243209366997e-08,-6.09950243209366997e-08,-1.21990052611353414e-07,-1.21990048641873399e-07
2.84267500000000020e+01,2.84267500000000020e+01,3.51781332723579004e-02,-1.23750114102261222e-03,-1.23750106052777399e-03,-6.09328270435507961e-08,-6.09328230800974342e-08,-6.09328230800974342e-08,-1.21865650123648243e-07,-1.21865646160194868e-07
2.84340000000000011e+01,2.84340000000000011e+01,3.51691636772877500e-02,-1.23687015417228707e-03,-1.23687007375985602e-03,-6.08707050655634651e-08,-6.08707011081865588e-08,-6.08707011081865720e-08,-1.21741406173750037e-07,-1.21741402216373118e-07
2.84412500000000001e+01,2.84412500000000001e+01,3.51601986551224044e-02,-1.23623964979824308e-03,-1.23623956946767124e-03,-6.08086622353442433e-08,-6.08086582840111818e-08,-6.08086582840111818e-08,-1.21617320519355412e-07,-1.21617316568022364e-07
2.84485000000000028e+01,2.84485000000000028e+01,3.51512382023656741e-02,-1.23560962740887348e-03,-1.23560954715945200e-03,-6.07466984319240409e-08,-6.07466944865943121e-08,-6.07466944865943121e-08,-1.21493392918518353e-07,-1.21493388973188624e-07
2.84557500000000019e+01,2.84557500000000019e+01,3.51422823155249781e-02,-1.23498008651079516e-03,-1.23498000634405971e-03,-6.06848135344314151e-08,-6.06848095951748596e-08,-6.06848095951748596e-08,-1.21369623129606275e-07,-1.21369619190349719e-07
2.84630000000000010e+01,2.84630000000000010e+01,3.51333309911112668e-02,-1.23435102661639817e-03,-1.23435094653097941e-03,-6.06230074224631205e-08,-6.06230034892068273e-08,-6.06230034892068273e-08,-1.21246010911669961e-07,-1.21246006978413655e-07
2.84702500000000001e+01,2.84702500000000001e+01,3.51243842256390437e-02,-1.23372244723407576e-03,-1.23372236723032084e-03,-6.05612799756036565e-08,-6.05612760483590606e-08,-6.05612760483590738e-08,-1.21122556023962744e-07,-1.21122552096718148e-07
2.84775000000000027e+01,2.84775000000000027e+01,3.51154420156263650e-02,-1.23309434787532979e-03,-1.23309426795281760e-03,-6.04996310737739002e-08,-6.04996271525147434e-08,-6.04996271525147434e-08,-1.20999258226288657e-07,-1.20999254305029487e-07
2.84847500000000018e+01,2.84847500000000018e+01,3.51065043575948532e-02,-1.23246672805032986e-03,-1.23246664820982630e-03,-6.04380605970128103e-08,-6.04380566817710551e-08,-6.04380566817710551e-08,-1.20876117278783852e-07,-1.20876113363542110e-07
2.84920000000000009e+01,2.84920000000000009e+01,3.50975712480696353e-02,-1.23183958727324239e-03,-1.23183950751332432e-03,-6.03765684257383005e-08,-6.03765645164385872e-08,-6.03765645164385740e-08,-1.20753132942176874e-07,-1.20753129032877148e-07
2.84992500000000000e+01,2.84992500000000000e+01,3.50886426835793908e-02,-1.23121292505468105e-03,-1.23121284537590966e-03,-6.03151544403767279e-08,-6.03151505370410000e-08,-6.03151505370409868e-08,-1.20630304977417715e-07,-1.20630301074082000e-07
2.85065000000000026e+01,2.85065000000000026e+01,3.50797186606563380e-02,-1.23058674090836817e-03,-1.23058666131080048e-03,-6.02538185216890675e-08,-6.02538146243145458e-08,-6.02538146243145591e-08,-1.20507633146003627e-07,-1.20507629248629092e-07
2.85137500000000017e+01,2.85137500000000017e+01,3.50707991758362203e-02,-1.22996103434891424e-03,-1.22996095483183447e-03,-6.01925605506617112e-08,-6.01925566592078307e-08,-6.01925566592078307e-08,-1.20385117209869542e-07,-1.20385113318415661e-07
2.85210000000000008e+01,2.85210000000000008e+01,3.50618842256582852e-02,-1.22933580488959748e-03,-1.22933572545346533e-03,-6.01313804083972792e-08,-6.01313765228810070e-08,-6.01313765228810070e-08,-1.20262756931278300e-07,-1.20262753045762014e-07
2.85282499999999999e+01,2.85282499999999999e+01,3.50529738066653260e-02,-1.22871105204547248e-03,-1.22871097269076543e-03,-6.00702779762665575e-08,-6.00702740967056813e-08,-6.00702740967056813e-08,-1.20140552072972239e-07,-1.20140548193411363e-07
2.85355000000000025e+01,2.85355000000000025e+01,3.50440679154036192e-02,-1.22808677533425836e-03,-1.22808669605942123e-03,-6.00092531359512724e-08,-6.00092492622642785e-08,-6.00092492622642785e-08,-1.20018502398215551e-07,-1.20018498524528557e-07
2.85427500000000016e+01,2.85427500000000016e+01,3.50351665484229802e-02,-1.22746297426967743e-03,-1.22746289507573653e-03,-5.99483057691182608e-08,-5.99483019013498037e-08,-5.99483019013497905e-08,-1.19896607670468064e-07,-1.19896603802699581e-07
2.85500000000000007e+01,2.85500000000000007e+01,3.50262697022767078e-02,-1.22683964837033699e-03,-1.22683956925662726e-03,-5.98874357578531117e-08,-5.98874318959651942e-08,-5.98874318959651942e-08,-1.19774867653818319e-07,-1.19774863791930388e-07
2.85572499999999998e+01,2.85572499999999998e+01,3.50173773735216118e-02,-1.22621679715262388e-03,-1.22621671811962325e-03,-5.98266429843125915e-08,-5.98266391283230805e-08,-5.98266391283230805e-08,-1.19653282112635672e-07,-1.19653278256646161e-07
2.85645000000000024e+01,2.85645000000000024e+01,3.50084895587179853e-02,-1.22559442013647768e-03,-1.22559434118286624e-03,-5.97659273310061760e-08,-5.97659234808452046e-08,-5.97659234808451914e-08,-1.19531850811851381e-07,-1.19531846961690383e-07
2.85717500000000015e+01,2.85717500000000015e+01,3.49996062544296327e-02,-1.22497251683828523e-03,-1.22497243796510988e-03,-5.97052886804489926e-08,-5.97052848361621682e-08,-5.97052848361621682e-08,-1.19410573516611161e-07,-1.19410569672324336e-07
2.85790000000000006e+01,2.85790000000000006e+01,3.49907274572238344e-02,-1.22435108677843019e-03,-1.22435100798571803e-03,-5.96447269155297102e-08,-5.96447230771128903e-08,-5.96447230771129035e-08,-1.19289449992642614e-07,-1.19289446154225807e-07
2.85862499999999997e+01,2.85862499999999997e+01,3.49818531636713476e-02,-1.22373012947774029e-03,-1.22373005076466300e-03,-5.95842419193367518e-08,-5.95842380867441569e-08,-5.95842380867441503e-08,-1.19168480006080895e-07,-1.19168476173488314e-07
2.85935000000000024e+01,2.85935000000000024e+01,3.49729833703464055e-02,-1.22310964445615511e-03,-1.22310956582252620e-03,-5.95238335750931260e-08,-5.95238297483102573e-08,-5.95238297483102507e-08,-1.19047663323403377e-07,-1.19047659496620501e-07
2.86007500000000014e+01,2.86007500000000014e+01,3.49641180738267318e-02,-1.22248963123405829e-03,-1.22248955268049729e-03,-5.94635017662210596e-08,-5.94634979452726465e-08,-5.94634979452726333e-08,-1.18926999711493686e-07,-1.18926995890545280e-07
2.86080000000000005e+01,2.86080000000000005e+01,3.49552572706935127e-02,-1.22187008933405394e-03,-1.22187001086037175e-03,-5.94032463764279185e-08,-5.94032425612993563e-08,-5.94032425612993563e-08,-1.18806488937727275e-07,-1.18806485122598713e-07
2.86152499999999996e+01,2.86152499999999996e+01,3.49464009575313900e-02,-1.22125101827919025e-03,-1.22125093988455073e-03,-5.93430672896194399e-08,-5.93430634802646910e-08,-5.93430634802646844e-08,-1.18686130769884131e-07,-1.18686126960529369e-07
2.86225000000000023e+01,2.86225000000000023e+01,3.49375491309284608e-02,-1.22063241759162722e-03,-1.22063233927604013e-03,-5.92829643898345433e-08,-5.92829605862487174e-08,-5.92829605862487241e-08,-1.18565924976083267e-07,-1.18565921172497448e-07
2.86297500000000014e+01,2.86297500000000014e+01,3.49287017874763128e-02,-1.22001428679396895e-03,-1.22001420855845106e-03,-5.92229375613099639e-08,-5.92229337635370670e-08,-5.92229337635370604e-08,-1.18445871324847018e-07,-1.18445867527074134e-07
2.86370000000000005e+01,2.86370000000000005e+01,3.49198589237699475e-02,-1.21939662541192817e-03,-1.21939654725599571e-03,-5.91629866886089942e-08,-5.91629828966201545e-08,-5.91629828966201545e-08,-1.18325969585229149e-07,-1.18325965793240309e-07
2.86442500000000031e+01,2.86442500000000031e+01,3.49110205364078288e-02,-1.21877943297121760e-03,-1.21877935489348907e-03,-5.91031116564702232e-08,-5.91031078701930789e-08,-5.91031078701930855e-08,-1.18206219526663309e-07,-1.18206215740386158e-07
2.86515000000000022e+01,2.86515000000000022e+01,3.49021866219918625e-02,-1.21816270899532952e-03,-1.21816263099634790e-03,-5.90433123496995589e-08,-5.90433085691551402e-08,-5.90433085691551336e-08,-1.18086620918854686e-07,-1.18086617138310267e-07
2.86587500000000013e+01,2.86587500000000013e+01,3.48933571771274029e-02,-1.21754645300997666e-03,-1.21754637509058849e-03,-5.89835886533853154e-08,-5.89835848786093102e-08,-5.89835848786092903e-08,-1.17967173531994612e-07,-1.17967169757218594e-07
2.86660000000000004e+01,2.86660000000000004e+01,3.48845321984232182e-02,-1.21693066454398036e-03,-1.21693058670282626e-03,-5.89239404529406639e-08,-5.89239366838618949e-08,-5.89239366838618949e-08,-1.17847877136802559e-07,-1.17847873367723790e-07
2.86732500000000030e+01,2.86732500000000030e+01,3.48757116824915184e-02,-1.21631534312260925e-03,-1.21631526536027535e-03,-5.88643676337805755e-08,-5.88643638704221376e-08,-5.88643638704221376e-08,-1.17728731504202713e-07,-1.17728727740844275e-07
2.86805000000000021e+01,2.86805000000000021e+01,3.48668956259479412e-02,-1.21570048827468469e-03,-1.21570041059074771e-03,-5.88048700816657496e-08,-5.88048663240018613e-08,-5.88048663240018547e-08,-1.17609736405667611e-07,-1.17609732648003723e-07
2.86877500000000012e+01,2.86877500000000012e+01,3.48580840254115384e-02,-1.21508609952813984e-03,-1.21508602192265118e-03,-5.87454476824870178e-08,-5.87454439305148931e-08,-5.87454439305148998e-08,-1.17490891613001918e-07,-1.17490887861029786e-07
2.86950000000000003e+01,2.86950000000000003e+01,3.48492768775047895e-02,-1.21447217641135197e-03,-1.21447209888499012e-03,-5.86861003223296984e-08,-5.86860965760768526e-08,-5.86860965760768526e-08,-1.17372196898406551e-07,-1.17372193152153705e-07
2.87022500000000029e+01,2.87022500000000029e+01,3.48404741788535741e-02,-1.21385871845580695e-03,-1.21385864100736259e-03,-5.86268278876018092e-08,-5.86268241470045297e-08,-5.86268241470045297e-08,-1.17253652034606332e-07,-1.17253648294009059e-07
2.87095000000000020e+01,2.87095000000000020e+01,3.48316759260871786e-02,-1.21324572519032614e-03,-1.21324564781996125e-03,-5.85676302647548251e-08,-5.85676265298157058e-08,-5.85676265298157058e-08,-1.17135256794570531e-07,-1.17135253059631412e-07
2.87167500000000011e+01,2.87167500000000011e+01,3.48228821158383176e-02,-1.21263319614550724e-03,-1.21263311885357202e-03,-5.85085073404979106e-08,-5.85085036112286048e-08,-5.85085036112285982e-08,-1.17017010951726515e-07,-1.17017007222457210e-07
2.87240000000000002e+01,2.87240000000000002e+01,3.48140927447430706e-02,-1.21202113085328023e-03,-1.21202105363957214e-03,-5.84494590017760099e-08,-5.84494552781615028e-08,-5.84494552781615094e-08,-1.16898914279937519e-07,-1.16898910556323019e-07
2.87312500000000028e+01,2.87312500000000028e+01,3.48053078094409385e-02,-1.21140952884601916e-03,-1.21140945170993041e-03,-5.83904851357265754e-08,-5.83904814177323436e-08,-5.83904814177323370e-08,-1.16780966553458912e-07,-1.16780962835464687e-07
2.87385000000000019e+01,2.87385000000000019e+01,3.47965273065748010e-02,-1.21079838965565401e-03,-1.21079831259720584e-03,-5.83315856296365076e-08,-5.83315819172583690e-08,-5.83315819172583756e-08,-1.16663167546894883e-07,-1.16663163834516738e-07
2.87457500000000010e+01,2.87457500000000010e+01,3.47877512327909311e-02,-1.21018771281544701e-03,-1.21018763583454706e-03,-5.82727603710273487e-08,-5.82727566642556682e-08,-5.82727566642556814e-08,-1.16545517035283037e-07,-1.16545513328511350e-07
2.87530000000000001e+01,2.87530000000000001e+01,3.47789795847389810e-02,-1.20957749785821633e-03,-1.20957742095569097e-03,-5.82140092475694338e-08,-5.82140055464388074e-08,-5.82140055464387942e-08,-1.16428014794008221e-07,-1.16428011092877602e-07
2.87602500000000028e+01,2.87602500000000028e+01,3.47702123590719822e-02,-1.20896774432033283e-03,-1.20896766749496189e-03,-5.81553321472738239e-08,-5.81553284517203338e-08,-5.81553284517203338e-08,-1.16310660598994158e-07,-1.16310656903440668e-07
2.87675000000000018e+01,2.87675000000000018e+01,3.47614495524463316e-02,-1.20835845173550283e-03,-1.20835837498727136e-03,-5.80967289581928132e-08,-5.80967252682105896e-08,-5.80967252682105962e-08,-1.16193454226403403e-07,-1.16193450536421179e-07
2.87747500000000009e+01,2.87747500000000009e+01,3.47526911615218190e-02,-1.20774961963876493e-03,-1.20774954296811680e-03,-5.80381995686118813e-08,-5.80381958842171172e-08,-5.80381958842171238e-08,-1.16076395452829005e-07,-1.16076391768434248e-07
2.87820000000000000e+01,2.87820000000000000e+01,3.47439371829615720e-02,-1.20714124756737817e-03,-1.20714117097357981e-03,-5.79797438670920055e-08,-5.79797401882443013e-08,-5.79797401882442947e-08,-1.15959484055336300e-07,-1.15959480376488603e-07
2.87892500000000027e+01,2.87892500000000027e+01,3.47351876134320905e-02,-1.20653333505682525e-03,-1.20653325854032617e-03,-5.79213617422771655e-08,-5.79213580689929723e-08,-5.79213580689929789e-08,-1.15842719811270144e-07,-1.15842716137985945e-07
2.87965000000000018e+01,2.87965000000000018e+01,3.47264424496032467e-02,-1.20592588164480929e-03,-1.20592580520560645e-03,-5.78630530830861504e-08,-5.78630494153602006e-08,-5.78630494153602006e-08,-1.15726102498446344e-07,-1.15726098830720401e-07
2.88037500000000009e+01,2.88037500000000009e+01,3.47177016881482434e-02,-1.20531888686947752e-03,-1.20531881050725130e-03,-5.78048177786267170e-08,-5.78048141164385429e-08,-5.78048141164385495e-08,-1.15609631895065273e-07,-1.15609628232877086e-07
2.88109999999999999e+01,2.88109999999999999e+01,3.47089653257436417e-02,-1.20471235026942125e-03,-1.20471227398367443e-03,-5.77466557181953053e-08,-5.77466520615159687e-08,-5.77466520615159621e-08,-1.15493307779711261e-07,-1.15493304123031937e-07
2.88182500000000026e+01,2.88182500000000026e+01,3.47002333590693338e-02,-1.20410627138278770e-03,-1.20410619517386831e-03,-5.76885667912341244e-08,-5.76885631400752192e-08,-5.76885631400752192e-08,-1.15377129931309344e-07,-1.15377126280150438e-07
2.88255000000000017e+01,2.88255000000000017e+01,3.46915057848085906e-02,-1.20350064974950044e-03,-1.20350057361740784e-03,-5.76305508874373226e-08,-5.76305472417937269e-08,-5.76305472417937269e-08,-1.15261098129231050e-07,-1.15261094483587454e-07
2.88327500000000008e+01,2.88327500000000008e+01,3.46827825996479655e-02,-1.20289548491037124e-03,-1.20289540885444384e-03,-5.75726078967078819e-08,-5.75726042565428489e-08,-5.75726042565428423e-08,-1.15145212153250724e-07,-1.15145208513085685e-07
2.88399999999999999e+01,2.88399999999999999e+01,3.46740638002773910e-02,-1.20229077640487958e-03,-1.20229070042570697e-03,-5.75147377090510830e-08,-5.75147340743877673e-08,-5.75147340743877673e-08,-1.15029471783438857e-07,-1.15029468148775535e-07
2.88472500000000025e+01,2.88472500000000025e+01,3.46653493833900955e-02,-1.20168652377561358e-03,-1.20168644787250404e-03,-5.74569402147866942e-08,-5.74569365855869462e-08,-5.74569365855869395e-08,-1.14913876800373627e-07,-1.14913873171173879e-07
2.88545000000000016e+01,2.88545000000000016e+01,3.46566393456826452e-02,-1.20108272656294091e-03,-1.20108265073671843e-03,-5.73992153042936638e-08,-5.73992116805918411e-08,-5.73992116805918411e-08,-1.14798426984885498e-07,-1.14798423361183682e-07
2.88617500000000007e+01,2.88617500000000007e+01,3.46479336838549298e-02,-1.20047938431122603e-03,-1.20047930856080902e-03,-5.73415628683070773e-08,-5.73415592500464421e-08,-5.73415592500464421e-08,-1.14683122118353519e-07,-1.14683118500092884e-07
2.88689999999999998e+01,2.88689999999999998e+01,3.46392323946101352e-02,-1.19987649656261297e-03,-1.19987642088780822e-03,-5.72839827976205519e-08,-5.72839791847868766e-08,-5.72839791847868766e-08,-1.14567961982407435e-07,-1.14567958369573753e-07
2.88762500000000024e+01,2.88762500000000024e+01,3.46305354746547708e-02,-1.19927406285968985e-03,-1.19927398726132266e-03,-5.72264749832134100e-08,-5.72264713758410789e-08,-5.72264713758410657e-08,-1.14452946359054476e-07,-1.14452942751682145e-07
2.88835000000000015e+01,2.88835000000000015e+01,3.46218429206986700e-02,-1.19867208274815340e-03,-1.19867200722553247e-03,-5.71690393163774100e-08,-5.71690357144284258e-08,-5.71690357144284324e-08,-1.14338075030805842e-07,-1.14338071428856852e-07
2.88907500000000006e+01,2.88907500000000006e+01,3.46131547294549272e-02,-1.19807055577236810e-03,-1.19807048032518812e-03,-5.71116756885044126e-08,-5.71116720919592405e-08,-5.71116720919592405e-08,-1.14223347780463653e-07,-1.14223344183918481e-07
2.88979999999999997e+01,2.88979999999999997e+01,3.46044708976399745e-02,-1.19746948147625432e-03,-1.19746940610561208e-03,-5.70543839911285930e-08,-5.70543804000345147e-08,-5.70543804000345080e-08,-1.14108764391163094e-07,-1.14108760800069029e-07
2.89052500000000023e+01,2.89052500000000023e+01,3.45957914219735124e-02,-1.19686885940817334e-03,-1.19686878411269602e-03,-5.69971641161587865e-08,-5.69971605304454121e-08,-5.69971605304454253e-08,-1.13994324646604218e-07,-1.13994321060890837e-07
2.89125000000000014e+01,2.89125000000000014e+01,3.45871162991785511e-02,-1.19626868911293371e-03,-1.19626861389290277e-03,-5.69400159554973695e-08,-5.69400123751731496e-08,-5.69400123751731496e-08,-1.13880028330670526e-07,-1.13880024750346299e-07
2.89197500000000005e+01,2.89197500000000005e+01,3.45784455259813758e-02,-1.19566897013756446e-03,-1.19566889499326157e-03,-5.68829394013148444e-08,-5.68829358263882228e-08,-5.68829358263882228e-08,-1.13765875227703061e-07,-1.13765871652776446e-07
2.89270000000000032e+01,2.89270000000000032e+01,3.45697790991115542e-02,-1.19506970203087093e-03,-1.19506962696136997e-03,-5.68259343460283520e-08,-5.68259307764503399e-08,-5.68259307764503267e-08,-1.13651865122478679e-07,-1.13651861552900667e-07
2.89342500000000022e+01,2.89342500000000022e+01,3.45611170153019287e-02,-1.19447088433943804e-03,-1.19447080934539256e-03,-5.67690006821111759e-08,-5.67689971179079187e-08,-5.67689971179079187e-08,-1.13537997800019095e-07,-1.13537994235815837e-07
2.89415000000000013e+01,2.89415000000000013e+01,3.45524592712886311e-02,-1.19387251661251526e-03,-1.19387244169405970e-03,-5.67121383023248089e-08,-5.67121347434977559e-08,-5.67121347434977559e-08,-1.13424273045822558e-07,-1.13424269486995512e-07
2.89487500000000004e+01,2.89487500000000004e+01,3.45438058638110473e-02,-1.19327459840024019e-03,-1.19327452355666636e-03,-5.66553470996339725e-08,-5.66553435461445571e-08,-5.66553435461445571e-08,-1.13310690645778530e-07,-1.13310687092289114e-07
2.89560000000000031e+01,2.89560000000000031e+01,3.45351567896118178e-02,-1.19267712925230640e-03,-1.19267705448307133e-03,-5.65986269671430556e-08,-5.65986234189606193e-08,-5.65986234189606259e-08,-1.13197250386103675e-07,-1.13197246837921252e-07
2.89632500000000022e+01,2.89632500000000022e+01,3.45265120454368857e-02,-1.19208010871796333e-03,-1.19208003402369845e-03,-5.65419777980959764e-08,-5.65419742552455926e-08,-5.65419742552455859e-08,-1.13083952053341562e-07,-1.13083948510491172e-07
2.89705000000000013e+01,2.89705000000000013e+01,3.45178716280354139e-02,-1.19148353634912496e-03,-1.19148346172953212e-03,-5.64853994860231681e-08,-5.64853959484858183e-08,-5.64853959484858183e-08,-1.12970795434508986e-07,-1.12970791896971637e-07
2.89777500000000003e+01,2.89777500000000003e+01,3.45092355341598267e-02,-1.19088741169681711e-03,-1.19088733715211944e-03,-5.64288919245727953e-08,-5.64288883923541771e-08,-5.64288883923541705e-08,-1.12857780316926972e-07,-1.12857776784708341e-07
2.89850000000000030e+01,2.89850000000000030e+01,3.45006037605658095e-02,-1.19029173431384194e-03,-1.19029165984356759e-03,-5.63724550076367229e-08,-5.63724514807096122e-08,-5.63724514807096122e-08,-1.12744906488346335e-07,-1.12744902961419224e-07
2.89922500000000021e+01,2.89922500000000021e+01,3.44919763040122743e-02,-1.18969650375255753e-03,-1.18969642935654431e-03,-5.63160886292450082e-08,-5.63160851075968716e-08,-5.63160851075968716e-08,-1.12632173736841880e-07,-1.12632170215193743e-07
2.89995000000000012e+01,2.89995000000000012e+01,3.44833531612614014e-02,-1.18910171956576605e-03,-1.18910164524427655e-03,-5.62597926836075705e-08,-5.62597891672459981e-08,-5.62597891672460047e-08,-1.12519581850853575e-07,-1.12519578334491996e-07
2.90067500000000003e+01,2.90067500000000003e+01,3.44747343290785768e-02,-1.18850738130760192e-03,-1.18850730706054897e-03,-5.62035670651560002e-08,-5.62035635540720320e-08,-5.62035635540720320e-08,-1.12407130619228032e-07,-1.12407127108144064e-07
2.90140000000000029e+01,2.90140000000000029e+01,3.44661198042324340e-02,-1.18791348853264367e-03,-1.18791341435970331e-03,-5.61474116685010949e-08,-5.61474081626745676e-08,-5.61474081626745742e-08,-1.12294819831175663e-07,-1.12294816325349148e-07
2.90212500000000020e+01,2.90212500000000020e+01,3.44575095834948539e-02,-1.18732004079546982e-03,-1.18731996669663967e-03,-5.60913263884116105e-08,-5.60913228878376073e-08,-5.60913228878376139e-08,-1.12182649276249224e-07,-1.12182645775675215e-07
2.90285000000000011e+01,2.90285000000000011e+01,3.44489036636409021e-02,-1.18672703765154708e-03,-1.18672696362681152e-03,-5.60353111198558850e-08,-5.60353076245288538e-08,-5.60353076245288605e-08,-1.12070618744384745e-07,-1.12070615249057708e-07
2.90357500000000002e+01,2.90357500000000002e+01,3.44403020414489058e-02,-1.18613447865678623e-03,-1.18613440470622961e-03,-5.59793657579805173e-08,-5.59793622678996442e-08,-5.59793622678996442e-08,-1.11958728025880161e-07,-1.11958724535799288e-07
2.90430000000000028e+01,2.90430000000000028e+01,3.44317047137003701e-02,-1.18554236336887442e-03,-1.18554228949145635e-03,-5.59234901981729545e-08,-5.59234867132843537e-08,-5.59234867132843537e-08,-1.11846976911457308e-07,-1.11846973426568707e-07
2.90502500000000019e+01,2.90502500000000019e+01,3.44231116771800544e-02,-1.18495069134283426e-03,-1.18495061753960988e-03,-5.58676843358515873e-08,-5.58676808562002640e-08,-5.58676808562002640e-08,-1.11735365192051845e-07,-1.11735361712400528e-07
2.90575000000000010e+01,2.90575000000000010e+01,3.44145229286759030e-02,-1.18435946213812926e-03,-1.18435938840835936e-03,-5.58119480668006582e-08,-5.58119445923469805e-08,-5.58119445923469805e-08,-1.11623892659147645e-07,-1.11623889184693961e-07
2.90647500000000001e+01,2.90647500000000001e+01,3.44059384649790523e-02,-1.18376867531200247e-03,-1.18376860165592514e-03,-5.57562812868557280e-08,-5.57562778176061611e-08,-5.57562778176061611e-08,-1.11512559104461889e-07,-1.11512555635212322e-07
2.90720000000000027e+01,2.90720000000000027e+01,3.43973582828838720e-02,-1.18317833042347331e-03,-1.18317825684107966e-03,-5.57006838920918295e-08,-5.57006804280411921e-08,-5.57006804280411921e-08,-1.11401364320133022e-07,-1.11401360856082384e-07
2.90792500000000018e+01,2.90792500000000018e+01,3.43887823791879099e-02,-1.18258842703289346e-03,-1.18258835352314483e-03,-5.56451557788021201e-08,-5.56451523198967909e-08,-5.56451523198967909e-08,-1.11290308098698918e-07,-1.11290304639793582e-07
2.90865000000000009e+01,2.90865000000000009e+01,3.43802107506918989e-02,-1.18199896469839416e-03,-1.18199889126199094e-03,-5.55896968433303669e-08,-5.55896933895985827e-08,-5.55896933895985827e-08,-1.11179390232928956e-07,-1.11179386779197165e-07
2.90937500000000000e+01,2.90937500000000000e+01,3.43716433941997843e-02,-1.18140994298077118e-03,-1.18140986961803775e-03,-5.55343069823005532e-08,-5.55343035337528355e-08,-5.55343035337528355e-08,-1.11068610516053382e-07,-1.11068607067505671e-07
2.91010000000000026e+01,2.91010000000000026e+01,3.43630803065186757e-02,-1.18082136144215255e-03,-1.18082128815225149e-03,-5.54789860925537802e-08,-5.54789826491460504e-08,-5.54789826491460504e-08,-1.10957968741699831e-07,-1.10957965298292101e-07
2.91082500000000017e+01,2.91082500000000017e+01,3.43545214844588678e-02,-1.18023321964377814e-03,-1.18023314642614610e-03,-5.54237340710435270e-08,-5.54237306327446367e-08,-5.54237306327446235e-08,-1.10847464703788151e-07,-1.10847461265489260e-07
2.91155000000000008e+01,2.91155000000000008e+01,3.43459669248338470e-02,-1.17964551714599963e-03,-1.17964544400178065e-03,-5.53685508148355109e-08,-5.53685473816945020e-08,-5.53685473816944887e-08,-1.10737098196529993e-07,-1.10737094763388991e-07
2.91227499999999999e+01,2.91227499999999999e+01,3.43374166244602569e-02,-1.17905825351272142e-03,-1.17905818044175960e-03,-5.53134362213158791e-08,-5.53134327933207211e-08,-5.53134327933207343e-08,-1.10626869014636613e-07,-1.10626865586641455e-07
2.91300000000000026e+01,2.91300000000000026e+01,3.43288705801579122e-02,-1.17847142830829199e-03,-1.17847135530923142e-03,-5.52583901880447846e-08,-5.52583867651271987e-08,-5.52583867651271987e-08,-1.10516776953171990e-07,-1.10516773530254397e-07
2.91372500000000016e+01,2.91372500000000016e+01,3.43203287887497918e-02,-1.17788504109395120e-03,-1.17788496816788779e-03,-5.52034126125895671e-08,-5.52034091947962989e-08,-5.52034091947962989e-08,-1.10406821807385866e-07,-1.10406818389592598e-07
2.91445000000000007e+01,2.91445000000000007e+01,3.43117912470620526e-02,-1.17729909143537981e-03,-1.17729901858196402e-03,-5.51485033928784748e-08,-5.51484999801884676e-08,-5.51484999801884808e-08,-1.10297003373066962e-07,-1.10296999960376948e-07
2.91517499999999998e+01,2.91517499999999998e+01,3.43032579519239808e-02,-1.17671357889692629e-03,-1.17671350611623596e-03,-5.50936624269296739e-08,-5.50936590193419153e-08,-5.50936590193419153e-08,-1.10187321446271596e-07,-1.10187318038683831e-07
2.91590000000000025e+01,2.91590000000000025e+01,3.42947289001680408e-02,-1.17612850304471550e-03,-1.17612843033602097e-03,-5.50388896129965148e-08,-5.50388862104722133e-08,-5.50388862104722199e-08,-1.10077775823468735e-07,-1.10077772420944440e-07
2.91662500000000016e+01,2.91662500000000016e+01,3.42862040886298333e-02,-1.17554386344354000e-03,-1.17554379080717715e-03,-5.49841848494217955e-08,-5.49841814519720485e-08,-5.49841814519720485e-08,-1.09968366301393844e-07,-1.09968362903944097e-07
2.91735000000000007e+01,2.91735000000000007e+01,3.42776835141481162e-02,-1.17495965966041283e-03,-1.17495958709610149e-03,-5.49295480348036551e-08,-5.49295446424107345e-08,-5.49295446424107279e-08,-1.09859092677214376e-07,-1.09859089284821456e-07
2.91807499999999997e+01,2.91807499999999997e+01,3.42691671735647629e-02,-1.17437589126145880e-03,-1.17437581876972874e-03,-5.48749790678498371e-08,-5.48749756805339063e-08,-5.48749756805339063e-08,-1.09749954748383737e-07,-1.09749951361067813e-07
2.91880000000000024e+01,2.91880000000000024e+01,3.42606550637248181e-02,-1.17379255781546732e-03,-1.17379248539553290e-03,-5.48204778475434967e-08,-5.48204744652632231e-08,-5.48204744652632231e-08,-1.09640952312806720e-07,-1.09640948930526446e-07
2.91952500000000015e+01,2.91952500000000015e+01,3.42521471814764347e-02,-1.17320965888989548e-03,-1.17320958654152404e-03,-5.47660442729560592e-08,-5.47660408956960042e-08,-5.47660408956960042e-08,-1.09532085168652063e-07,-1.09532081791392008e-07
2.92025000000000006e+01,2.92025000000000006e+01,3.42436435236709164e-02,-1.17262719405264448e-03,-1.17262712177624911e-03,-5.47116782433299775e-08,-5.47116748711048518e-08,-5.47116748711048518e-08,-1.09423353114434836e-07,-1.09423349742209704e-07
2.92097499999999997e+01,2.92097499999999997e+01,3.42351440871626750e-02,-1.17204516287294780e-03,-1.17204509066878956e-03,-5.46573796581198535e-08,-5.46573762909372473e-08,-5.46573762909372406e-08,-1.09314755949057094e-07,-1.09314752581874495e-07
2.92170000000000023e+01,2.92170000000000023e+01,3.42266488688092521e-02,-1.17146356492181525e-03,-1.17146349278876159e-03,-5.46031484170127795e-08,-5.46031450548153129e-08,-5.46031450548153129e-08,-1.09206293471828092e-07,-1.09206290109630626e-07
2.92242500000000014e+01,2.92242500000000014e+01,3.42181578654713117e-02,-1.17088239976803621e-03,-1.17088232770631612e-03,-5.45489844197416473e-08,-5.45489810625354481e-08,-5.45489810625354547e-08,-1.09097965482277102e-07,-1.09097962125070909e-07
2.92315000000000005e+01,2.92315000000000005e+01,3.42096710740126195e-02,-1.17030166698173232e-03,-1.17030159499213575e-03,-5.44948875662505908e-08,-5.44948842140679190e-08,-5.44948842140679256e-08,-1.08989771780318516e-07,-1.08989768428135851e-07
2.92387500000000031e+01,2.92387500000000031e+01,3.42011884913000705e-02,-1.16972136613568978e-03,-1.16972129421743631e-03,-5.44408577567565678e-08,-5.44408544095565210e-08,-5.44408544095565210e-08,-1.08881712166313089e-07,-1.08881708819113042e-07
2.92460000000000022e+01,2.92460000000000022e+01,3.41927101142036477e-02,-1.16914149680091839e-03,-1.16914142495396444e-03,-5.43868948915423136e-08,-5.43868915493183405e-08,-5.43868915493183538e-08,-1.08773786440860674e-07,-1.08773783098636694e-07
2.92532500000000013e+01,2.92532500000000013e+01,3.41842359395964565e-02,-1.16856205854976025e-03,-1.16856198677399784e-03,-5.43329988711007269e-08,-5.43329955338432918e-08,-5.43329955338433051e-08,-1.08665994404944039e-07,-1.08665991067686597e-07
2.92605000000000004e+01,2.92605000000000004e+01,3.41757659643546763e-02,-1.16798305095500154e-03,-1.16798297925034349e-03,-5.42791695960932660e-08,-5.42791662637937993e-08,-5.42791662637937927e-08,-1.08558335859887052e-07,-1.08558332527587599e-07
2.92677500000000030e+01,2.92677500000000030e+01,3.41673001853576019e-02,-1.16740447358987254e-03,-1.16740440195633750e-03,-5.42254069673495846e-08,-5.42254036400044600e-08,-5.42254036400044732e-08,-1.08450810607354064e-07,-1.08450807280008933e-07
2.92750000000000021e+01,2.92750000000000021e+01,3.41588385994876162e-02,-1.16682632602893577e-03,-1.16682625446584503e-03,-5.41717108859086267e-08,-5.41717075634818253e-08,-5.41717075634818253e-08,-1.08343418449390459e-07,-1.08343415126963651e-07
2.92822500000000012e+01,2.92822500000000012e+01,3.41503812036301826e-02,-1.16624860784542150e-03,-1.16624853635325775e-03,-5.41180812528943568e-08,-5.41180779354038185e-08,-5.41180779354038185e-08,-1.08236159188298175e-07,-1.08236155870807637e-07
2.92895000000000003e+01,2.92895000000000003e+01,3.41419279946738596e-02,-1.16567131861478046e-03,-1.16567124719349447e-03,-5.40645179696806475e-08,-5.40645146571196028e-08,-5.40645146571196028e-08,-1.08129032626800250e-07,-1.08129029314239206e-07
2.92967500000000030e+01,2.92967500000000030e+01,3.41334789695102656e-02,-1.16509445791290744e-03,-1.16509438656199962e-03,-5.40110209378083030e-08,-5.40110176301491240e-08,-5.40110176301491174e-08,-1.08022038567957420e-07,-1.08022035260298235e-07
2.93040000000000020e+01,2.93040000000000020e+01,3.41250341250341205e-02,-1.16451802531436499e-03,-1.16451795403474325e-03,-5.39575900589025727e-08,-5.39575867561828862e-08,-5.39575867561828862e-08,-1.07915176815085459e-07,-1.07915173512365772e-07
2.93112500000000011e+01,2.93112500000000011e+01,3.41165934581432045e-02,-1.16394202039726835e-03,-1.16394194918821971e-03,-5.39042252348992031e-08,-5.39042219370815080e-08,-5.39042219370814948e-08,-1.07808447171980698e-07,-1.07808443874163003e-07
2.93185000000000002e+01,2.93185000000000002e+01,3.41081569657383579e-02,-1.16336644273928869e-03,-1.16336637159944597e-03,-5.38509263678588054e-08,-5.38509230748753655e-08,-5.38509230748753721e-08,-1.07701849442734171e-07,-1.07701846149750731e-07
2.93257500000000029e+01,2.93257500000000029e+01,3.40997246447234878e-02,-1.16279129191498853e-03,-1.16279122084596244e-03,-5.37976933598434067e-08,-5.37976900717643670e-08,-5.37976900717643736e-08,-1.07595383431607774e-07,-1.07595380143528734e-07
2.93330000000000020e+01,2.93330000000000020e+01,3.40912964920055891e-02,-1.16221656750470359e-03,-1.16221649650583253e-03,-5.37445261133273143e-08,-5.37445228301176354e-08,-5.37445228301176421e-08,-1.07489048943444956e-07,-1.07489045660235284e-07
2.93402500000000011e+01,2.93402500000000011e+01,3.40828725044946754e-02,-1.16164226908610502e-03,-1.16164219815763923e-03,-5.36914245308061371e-08,-5.36914212524729791e-08,-5.36914212524729857e-08,-1.07382845783279129e-07,-1.07382842504945971e-07
2.93475000000000001e+01,2.93475000000000001e+01,3.40744526791038407e-02,-1.16106839623864033e-03,-1.16106832538048700e-03,-5.36383885150021050e-08,-5.36383852415367593e-08,-5.36383852415367527e-08,-1.07276773756538858e-07,-1.07276770483073505e-07
2.93547500000000028e+01,2.93547500000000028e+01,3.40660370127492118e-02,-1.16049494854220114e-03,-1.16049487775399924e-03,-5.35854179688020236e-08,-5.35854147001834136e-08,-5.35854147001834136e-08,-1.07170832668985431e-07,-1.07170829400366827e-07
2.93620000000000019e+01,2.93620000000000019e+01,3.40576255023499752e-02,-1.15992192557667906e-03,-1.15992185485831929e-03,-5.35325127952365949e-08,-5.35325095314552909e-08,-5.35325095314552843e-08,-1.07065022326691886e-07,-1.07065019062910569e-07
2.93692500000000010e+01,2.93692500000000010e+01,3.40492181448283499e-02,-1.15934932692285386e-03,-1.15934925627410811e-03,-5.34796728975210486e-08,-5.34796696385621480e-08,-5.34796696385621480e-08,-1.06959342536083203e-07,-1.06959339277124296e-07
2.93765000000000001e+01,2.93765000000000001e+01,3.40408149371095939e-02,-1.15877715216106125e-03,-1.15877708158254361e-03,-5.34268981789934471e-08,-5.34268949248808985e-08,-5.34268949248808985e-08,-1.06853793103874352e-07,-1.06853789849761797e-07
2.93837500000000027e+01,2.93837500000000027e+01,3.40324158761220047e-02,-1.15820540087474555e-03,-1.15820533036532108e-03,-5.33741885432781766e-08,-5.33741852939552882e-08,-5.33741852939552882e-08,-1.06748373837233465e-07,-1.06748370587910576e-07
2.93910000000000018e+01,2.93910000000000018e+01,3.40240209587969120e-02,-1.15763407264468654e-03,-1.15763400220465144e-03,-5.33215438940194886e-08,-5.33215406494955779e-08,-5.33215406494955845e-08,-1.06643084543515073e-07,-1.06643081298991156e-07
2.93982500000000009e+01,2.93982500000000009e+01,3.40156301820686569e-02,-1.15706316705388446e-03,-1.15706309668326020e-03,-5.32689641351064275e-08,-5.32689608953781527e-08,-5.32689608953781527e-08,-1.06537925030484574e-07,-1.06537921790756305e-07
2.94055000000000000e+01,2.94055000000000000e+01,3.40072435428746336e-02,-1.15649268368489544e-03,-1.15649261338438849e-03,-5.32164491705497323e-08,-5.32164459356452637e-08,-5.32164459356452637e-08,-1.06432895106194996e-07,-1.06432891871290527e-07
2.94127500000000026e+01,2.94127500000000026e+01,3.39988610381552203e-02,-1.15592262212382835e-03,-1.15592255189178898e-03,-5.31639989046655105e-08,-5.31639956745046052e-08,-5.31639956745046052e-08,-1.06327994579170109e-07,-1.06327991349009210e-07
2.94200000000000017e+01,2.94200000000000017e+01,3.39904826648538411e-02,-1.15535298195279523e-03,-1.15535291178972934e-03,-5.31116132417275315e-08,-5.31116100163291615e-08,-5.31116100163291681e-08,-1.06223223258056700e-07,-1.06223220032658323e-07
2.94272500000000008e+01,2.94272500000000008e+01,3.39821084199169107e-02,-1.15478376275657268e-03,-1.15478369266298789e-03,-5.30592920862734946e-08,-5.30592888656566918e-08,-5.30592888656566918e-08,-1.06118580951930180e-07,-1.06118577731313384e-07
2.94344999999999999e+01,2.94344999999999999e+01,3.39737383002938764e-02,-1.15421496412082547e-03,-1.15421489409685491e-03,-5.30070353430229598e-08,-5.30070321271895175e-08,-5.30070321271895175e-08,-1.06014067470212477e-07,-1.06014064254379035e-07
2.94417500000000025e+01,2.94417500000000025e+01,3.39653723029371551e-02,-1.15364658563343880e-03,-1.15364651567713026e-03,-5.29548429169381356e-08,-5.29548397057941192e-08,-5.29548397057941258e-08,-1.05909682622732255e-07,-1.05909679411588238e-07
2.94490000000000016e+01,2.94490000000000016e+01,3.39570104248021962e-02,-1.15307862687696883e-03,-1.15307855699012512e-03,-5.29027147128770720e-08,-5.29027115065009643e-08,-5.29027115065009709e-08,-1.05805426219378036e-07,-1.05805423013001942e-07
2.94562500000000007e+01,2.94562500000000007e+01,3.39486526628474394e-02,-1.15251108744018893e-03,-1.15251101762265870e-03,-5.28506506361234462e-08,-5.28506474345040109e-08,-5.28506474345040109e-08,-1.05701298070627457e-07,-1.05701294869008022e-07
2.94634999999999998e+01,2.94634999999999998e+01,3.39402990140343155e-02,-1.15194396691054024e-03,-1.15194389716205873e-03,-5.27986505920396502e-08,-5.27986473951604560e-08,-5.27986473951604560e-08,-1.05597297987200100e-07,-1.05597294790320912e-07
2.94707500000000024e+01,2.94707500000000024e+01,3.39319494753272319e-02,-1.15137726487679615e-03,-1.15137719519615989e-03,-5.27467144861887563e-08,-5.27467112939903920e-08,-5.27467112939903986e-08,-1.05493425780179161e-07,-1.05493422587980784e-07
2.94780000000000015e+01,2.94780000000000015e+01,3.39236040436936004e-02,-1.15081098092550960e-03,-1.15081091131330471e-03,-5.26948422241715169e-08,-5.26948390366766007e-08,-5.26948390366766140e-08,-1.05389681260848137e-07,-1.05389678073353215e-07
2.94852500000000006e+01,2.94852500000000006e+01,3.39152627161038167e-02,-1.15024511464545398e-03,-1.15024504510234161e-03,-5.26430337118295392e-08,-5.26430305290640911e-08,-5.26430305290640911e-08,-1.05286064240893630e-07,-1.05286061058128182e-07
2.94924999999999997e+01,2.94924999999999997e+01,3.39069254895312394e-02,-1.14967966562762314e-03,-1.14967959615262317e-03,-5.25912888552448755e-08,-5.25912856771598006e-08,-5.25912856771597939e-08,-1.05182574532404663e-07,-1.05182571354319601e-07
2.94997500000000024e+01,2.94997500000000024e+01,3.38985923609522108e-02,-1.14911463346123455e-03,-1.14911456405400762e-03,-5.25396075605567659e-08,-5.25396043871323244e-08,-5.25396043871323244e-08,-1.05079211947689084e-07,-1.05079208774264649e-07
2.95070000000000014e+01,2.95070000000000014e+01,3.38902633273460499e-02,-1.14855001773550569e-03,-1.14854994839685672e-03,-5.24879897340428414e-08,-5.24879865653116241e-08,-5.24879865653116241e-08,-1.04975976299354459e-07,-1.04975973130623248e-07
2.95142500000000005e+01,2.95142500000000005e+01,3.38819383856950457e-02,-1.14798581804231858e-03,-1.14798574877203528e-03,-5.24364352822405665e-08,-5.24364321181886504e-08,-5.24364321181886504e-08,-1.04872867400429224e-07,-1.04872864236377301e-07
2.95215000000000032e+01,2.95215000000000032e+01,3.38736175329844291e-02,-1.14742203397355524e-03,-1.14742196477091011e-03,-5.23849441118250160e-08,-5.23849409524149728e-08,-5.23849409524149794e-08,-1.04769885064239995e-07,-1.04769881904829946e-07
2.95287500000000023e+01,2.95287500000000023e+01,3.38653007662024289e-02,-1.14685866511976542e-03,-1.14685859598535086e-03,-5.23335161295480068e-08,-5.23335129748026931e-08,-5.23335129748026865e-08,-1.04667029104350693e-07,-1.04667025949605386e-07
2.95360000000000014e+01,2.95360000000000014e+01,3.38569880823401947e-02,-1.14629571107505157e-03,-1.14629564200772593e-03,-5.22821512424606563e-08,-5.22821480923238041e-08,-5.22821480923238041e-08,-1.04564299334784460e-07,-1.04564296184647608e-07
2.95432500000000005e+01,2.95432500000000005e+01,3.38486794783918465e-02,-1.14573317142951936e-03,-1.14573310243090546e-03,-5.22308493575686931e-08,-5.22308462121101362e-08,-5.22308462121101229e-08,-1.04461695569678816e-07,-1.04461692424220259e-07
2.95505000000000031e+01,2.95505000000000031e+01,3.38403749513544599e-02,-1.14517104577904760e-03,-1.14517097684825836e-03,-5.21796103822778105e-08,-5.21796072414529208e-08,-5.21796072414529142e-08,-1.04359217623730718e-07,-1.04359214482905842e-07
2.95577500000000022e+01,2.95577500000000022e+01,3.38320744982280458e-02,-1.14460933371729467e-03,-1.14460926485365246e-03,-5.21284342240288140e-08,-5.21284310878025589e-08,-5.21284310878025589e-08,-1.04256865311831373e-07,-1.04256862175605118e-07
2.95650000000000013e+01,2.95650000000000013e+01,3.38237781160155571e-02,-1.14404803483791895e-03,-1.14404796604145303e-03,-5.20773207903986169e-08,-5.20773176587682037e-08,-5.20773176587682037e-08,-1.04154638449166821e-07,-1.04154635317536407e-07
2.95722500000000004e+01,2.95722500000000004e+01,3.38154858017228957e-02,-1.14348714873546697e-03,-1.14348708000652278e-03,-5.20262699891405137e-08,-5.20262668621175164e-08,-5.20262668621175230e-08,-1.04052536851258037e-07,-1.04052533724235046e-07
2.95795000000000030e+01,2.95795000000000030e+01,3.38071975523588919e-02,-1.14292667500537348e-03,-1.14292660634422120e-03,-5.19752817281837898e-08,-5.19752786057763677e-08,-5.19752786057763677e-08,-1.03950560333960151e-07,-1.03950557211552735e-07
2.95867500000000021e+01,2.95867500000000021e+01,3.37989133649353179e-02,-1.14236661324440547e-03,-1.14236654465040325e-03,-5.19243559156536866e-08,-5.19243527978285142e-08,-5.19243527978285075e-08,-1.03848708713482194e-07,-1.03848705595657028e-07
2.95940000000000012e+01,2.95940000000000012e+01,3.37906332364668466e-02,-1.14180696304888585e-03,-1.14180689452141808e-03,-5.18734924597902315e-08,-5.18734893465152208e-08,-5.18734893465152208e-08,-1.03746981806305452e-07,-1.03746978693030442e-07
2.96012500000000003e+01,2.96012500000000003e+01,3.37823571639711134e-02,-1.14124772401336116e-03,-1.14124765555411053e-03,-5.18226912688875826e-08,-5.18226881602350623e-08,-5.18226881602350623e-08,-1.03645379429122638e-07,-1.03645376320470125e-07
2.96085000000000029e+01,2.96085000000000029e+01,3.37740851444686477e-02,-1.14068889573815113e-03,-1.14068882734581767e-03,-5.17719522516367001e-08,-5.17719491475435199e-08,-5.17719491475435265e-08,-1.03543901399180227e-07,-1.03543898295087053e-07
2.96157500000000020e+01,2.96157500000000020e+01,3.37658171749829067e-02,-1.14013047782046684e-03,-1.14013040949437054e-03,-5.17212753167215889e-08,-5.17212722171528021e-08,-5.17212722171528087e-08,-1.03442547533874391e-07,-1.03442544434305604e-07
2.96230000000000011e+01,2.96230000000000011e+01,3.37575532525402552e-02,-1.13957246985707528e-03,-1.13957240159809109e-03,-5.16706603729401272e-08,-5.16706572779313555e-08,-5.16706572779313555e-08,-1.03341317650871483e-07,-1.03341314555862711e-07
2.96302500000000002e+01,2.96302500000000002e+01,3.37492933741699794e-02,-1.13901487144740798e-03,-1.13901480325579374e-03,-5.16201073293448984e-08,-5.16201042389037321e-08,-5.16201042389037254e-08,-1.03240211568248624e-07,-1.03240208477807451e-07
2.96375000000000028e+01,2.96375000000000028e+01,3.37410375369042587e-02,-1.13845768219222876e-03,-1.13845761406678207e-03,-5.15696160951822317e-08,-5.15696130092501129e-08,-5.15696130092501129e-08,-1.03139229104432351e-07,-1.03139226018500226e-07
2.96447500000000019e+01,2.96447500000000019e+01,3.37327857377781870e-02,-1.13790090168963687e-03,-1.13790083363085148e-03,-5.15191865797109896e-08,-5.15191834983062222e-08,-5.15191834983062288e-08,-1.03038370078017218e-07,-1.03038366996612458e-07
2.96520000000000010e+01,2.96520000000000010e+01,3.37245379738297588e-02,-1.13734452954084020e-03,-1.13734446154828547e-03,-5.14688186924638181e-08,-5.14688156155628572e-08,-5.14688156155628506e-08,-1.02937634308026669e-07,-1.02937631231125701e-07
2.96592500000000001e+01,2.96592500000000001e+01,3.37162942420998479e-02,-1.13678856534571437e-03,-1.13678849741985543e-03,-5.14185123430457119e-08,-5.14185092706655644e-08,-5.14185092706655644e-08,-1.02837021613711270e-07,-1.02837018541331129e-07
2.96665000000000028e+01,2.96665000000000028e+01,3.37080545396322429e-02,-1.13623300870635546e-03,-1.13623294084682193e-03,-5.13682674412945863e-08,-5.13682643734144601e-08,-5.13682643734144601e-08,-1.02736531814709053e-07,-1.02736528746828920e-07
2.96737500000000018e+01,2.96737500000000018e+01,3.36998188634736046e-02,-1.13567785922397135e-03,-1.13567779143093151e-03,-5.13180838971404253e-08,-5.13180808337638939e-08,-5.13180808337638939e-08,-1.02636164730904313e-07,-1.02636161667527788e-07
2.96810000000000009e+01,2.96810000000000009e+01,3.36915872106734945e-02,-1.13512311650110220e-03,-1.13512304877441770e-03,-5.12679616207052974e-08,-5.12679585618220707e-08,-5.12679585618220707e-08,-1.02535920182527368e-07,-1.02535917123644141e-07
2.96882500000000000e+01,2.96882500000000000e+01,3.36833595782843401e-02,-1.13456878014073226e-03,-1.13456871247999934e-03,-5.12179005222629893e-08,-5.12178974678508193e-08,-5.12178974678508260e-08,-1.02435797990113815e-07,-1.02435794935701652e-07
2.96955000000000027e+01,2.96955000000000027e+01,3.36751359633614480e-02,-1.13401484974540168e-03,-1.13401478215087968e-03,-5.11679005121986790e-08,-5.11678974622652686e-08,-5.11678974622652620e-08,-1.02335797974463948e-07,-1.02335794924530524e-07
2.97027500000000018e+01,2.97027500000000018e+01,3.36669163629630258e-02,-1.13346132491942697e-03,-1.13346125739074749e-03,-5.11179615011088728e-08,-5.11179584556336019e-08,-5.11179584556336019e-08,-1.02235919956742468e-07,-1.02235916911267204e-07
2.97100000000000009e+01,2.97100000000000009e+01,3.36587007741501187e-02,-1.13290820526668057e-03,-1.13290813780377378e-03,-5.10680833997009324e-08,-5.10680803586766608e-08,-5.10680803586766542e-08,-1.02136163758377587e-07,-1.02136160717353322e-07
2.97172499999999999e+01,2.97172499999999999e+01,3.36504891939866588e-02,-1.13235549039147898e-03,-1.13235542299461290e-03,-5.10182661188328853e-08,-5.10182630822677062e-08,-5.10182630822676996e-08,-1.02036529201100591e-07,-1.02036526164535412e-07
2.97245000000000026e+01,2.97245000000000026e+01,3.36422816195394367e-02,-1.13180317989947099e-03,-1.13180311256840102e-03,-5.09685095695531961e-08,-5.09685065374321143e-08,-5.09685065374321076e-08,-1.01937016106985304e-07,-1.01937013074864229e-07
2.97317500000000017e+01,2.97317500000000017e+01,3.36340780478781090e-02,-1.13125127339674947e-03,-1.13125120613075613e-03,-5.09188136630604591e-08,-5.09188106353471118e-08,-5.09188106353471118e-08,-1.01837624298407564e-07,-1.01837621270694224e-07
2.97390000000000008e+01,2.97390000000000008e+01,3.36258784760751842e-02,-1.13069977048807502e-03,-1.13069970328777652e-03,-5.08691783106231491e-08,-5.08691752873414120e-08,-5.08691752873414120e-08,-1.01738353597964568e-07,-1.01738350574682824e-07
2.97462499999999999e+01,2.97462499999999999e+01,3.36176829012060363e-02,-1.13014867077998460e-03,-1.13014860364604058e-03,-5.08196034237193946e-08,-5.08196004048949698e-08,-5.08196004048949764e-08,-1.01639203828614371e-07,-1.01639200809789953e-07
2.97535000000000025e+01,2.97535000000000025e+01,3.36094913203488638e-02,-1.12959797388212380e-03,-1.12959790681260567e-03,-5.07700889140964224e-08,-5.07700858996386444e-08,-5.07700858996386444e-08,-1.01540174813735067e-07,-1.01540171799277289e-07
2.97607500000000016e+01,2.97607500000000016e+01,3.36013037305847445e-02,-1.12904767939880912e-03,-1.12904761239500818e-03,-5.07206346933910079e-08,-5.07206316833539875e-08,-5.07206316833539941e-08,-1.01441266376745009e-07,-1.01441263366707975e-07
2.97680000000000007e+01,2.97680000000000007e+01,3.35931201289975806e-02,-1.12849778693968616e-03,-1.12849772000126239e-03,-5.06712406736083392e-08,-5.06712376679728659e-08,-5.06712376679728725e-08,-1.01342478341581212e-07,-1.01342475335945745e-07
2.97752499999999998e+01,2.97752499999999998e+01,3.35849405126741191e-02,-1.12794829611351233e-03,-1.12794822923985923e-03,-5.06219067668422584e-08,-5.06219037655771773e-08,-5.06219037655771773e-08,-1.01243810532419436e-07,-1.01243807531154355e-07
2.97825000000000024e+01,2.97825000000000024e+01,3.35767648787039311e-02,-1.12739920652860093e-03,-1.12739913971976599e-03,-5.05726328852950211e-08,-5.05726298883985720e-08,-5.05726298883985654e-08,-1.01145262773693586e-07,-1.01145259776797144e-07
2.97897500000000015e+01,2.97897500000000015e+01,3.35685932241794535e-02,-1.12685051779370937e-03,-1.12685045105042681e-03,-5.05234189413170608e-08,-5.05234159488182546e-08,-5.05234159488182480e-08,-1.01046834890135302e-07,-1.01046831897636509e-07
2.97970000000000006e+01,2.97970000000000006e+01,3.35604255461959267e-02,-1.12630222951981551e-03,-1.12630216284176007e-03,-5.04742648474861668e-08,-5.04742618593665143e-08,-5.04742618593665143e-08,-1.00948526706852688e-07,-1.00948523718733029e-07
2.98042499999999997e+01,2.98042499999999997e+01,3.35522618418514149e-02,-1.12575434131789720e-03,-1.12575427470415837e-03,-5.04251705165077453e-08,-5.04251675327225457e-08,-5.04251675327225656e-08,-1.00850338049230311e-07,-1.00850335065445105e-07
2.98115000000000023e+01,2.98115000000000023e+01,3.35441021082468135e-02,-1.12520685279760002e-03,-1.12520678624848831e-03,-5.03761358611548598e-08,-5.03761328817141650e-08,-5.03761328817141650e-08,-1.00752268742869025e-07,-1.00752265763428330e-07
2.98187500000000014e+01,2.98187500000000014e+01,3.35359463424858492e-02,-1.12465976357034592e-03,-1.12465969708609010e-03,-5.03271607944073421e-08,-5.03271578193175048e-08,-5.03271578193174982e-08,-1.00654318613724840e-07,-1.00654315638634996e-07
2.98260000000000005e+01,2.98260000000000005e+01,3.35277945416750447e-02,-1.12411307324800092e-03,-1.12411300682877511e-03,-5.02782452293917528e-08,-5.02782422586566905e-08,-5.02782422586566773e-08,-1.00556487488048430e-07,-1.00556484517313368e-07
2.98332500000000032e+01,2.98332500000000032e+01,3.35196467029237472e-02,-1.12356678144376332e-03,-1.12356671508882680e-03,-5.02293890794208408e-08,-5.02293861130035555e-08,-5.02293861130035555e-08,-1.00458775192424396e-07,-1.00458772226007111e-07
2.98405000000000022e+01,2.98405000000000022e+01,3.35115028233441137e-02,-1.12302088776949915e-03,-1.12302082147900046e-03,-5.01805922578741847e-08,-5.01805892957774623e-08,-5.01805892957774623e-08,-1.00361181553651654e-07,-1.00361178591554925e-07
2.98477500000000013e+01,2.98477500000000013e+01,3.35033629000510910e-02,-1.12247539183885081e-03,-1.12247532561251975e-03,-5.01318546783369208e-08,-5.01318517205448528e-08,-5.01318517205448595e-08,-1.00263706398881787e-07,-1.00263703441089719e-07
2.98550000000000004e+01,2.98550000000000004e+01,3.34952269301624500e-02,-1.12193029326457250e-03,-1.12193022710307976e-03,-5.00831762544803907e-08,-5.00831733010190897e-08,-5.00831733010190963e-08,-1.00166349555499487e-07,-1.00166346602038179e-07
2.98622500000000031e+01,2.98622500000000031e+01,3.34870949107987509e-02,-1.12138559166297114e-03,-1.12138552556484352e-03,-5.00345569002602083e-08,-5.00345539510600852e-08,-5.00345539510600918e-08,-1.00069110851320307e-07,-1.00069107902120170e-07
2.98695000000000022e+01,2.98695000000000022e+01,3.34789668390833434e-02,-1.12084128664635685e-03,-1.12084122061244218e-03,-4.99859965295790148e-08,-4.99859935846740899e-08,-4.99859935846740833e-08,-9.99719901142531047e-08,-9.99719871693481666e-08
2.98767500000000013e+01,2.98767500000000013e+01,3.34708427121423804e-02,-1.12029737783059247e-03,-1.12029731186097489e-03,-4.99374950566231679e-08,-4.99374921160133618e-08,-4.99374921160133618e-08,-9.98749871726365297e-08,-9.98749842320267236e-08
2.98840000000000003e+01,2.98840000000000003e+01,3.34627225271048045e-02,-1.11975386483065265e-03,-1.11975379892600741e-03,-4.98890523956643173e-08,-4.98890494593759013e-08,-4.98890494593759013e-08,-9.97781018550402186e-08,-9.97780989187518026e-08
2.98912500000000030e+01,2.98912500000000030e+01,3.34546062811023268e-02,-1.11921074726506475e-03,-1.11921068142357126e-03,-4.98406684612570683e-08,-4.98406655292051206e-08,-4.98406655292051140e-08,-9.96813339904621823e-08,-9.96813310584102413e-08
2.98985000000000021e+01,2.98985000000000021e+01,3.34464939712694614e-02,-1.11866802474791527e-03,-1.11866795897016440e-03,-4.97923431678826120e-08,-4.97923402400896783e-08,-4.97923402400896717e-08,-9.95846834079722837e-08,-9.95846804801793567e-08
2.99057500000000012e+01,2.99057500000000012e+01,3.34383855947434847e-02,-1.11812569689684338e-03,-1.11812563118274862e-03,-4.97440764303046317e-08,-4.97440735067630689e-08,-4.97440735067630557e-08,-9.94881499370676875e-08,-9.94881470135261246e-08
2.99130000000000003e+01,2.99130000000000003e+01,3.34302811486644619e-02,-1.11758376332904419e-03,-1.11758369767875039e-03,-4.96958681633909364e-08,-4.96958652441034046e-08,-4.96958652441033980e-08,-9.93917334074943344e-08,-9.93917304882068093e-08
2.99202500000000029e+01,2.99202500000000029e+01,3.34221806301752133e-02,-1.11704222366304506e-03,-1.11704215807605913e-03,-4.96477182821922938e-08,-4.96477153671331042e-08,-4.96477153671331108e-08,-9.92954336493253980e-08,-9.92954307342662216e-08
2.99275000000000020e+01,2.99275000000000020e+01,3.34140840364213487e-02,-1.11650107751604111e-03,-1.11650101199302809e-03,-4.95996267018237935e-08,-4.95996237910187343e-08,-4.95996237910187276e-08,-9.91992504928425145e-08,-9.91992475820374553e-08
2.99347500000000011e+01,2.99347500000000011e+01,3.34059913645512324e-02,-1.11596032450789195e-03,-1.11596025904847152e-03,-4.95515933376421213e-08,-4.95515904310705261e-08,-4.95515904310705195e-08,-9.91031837687126409e-08,-9.91031808621410523e-08
2.99420000000000002e+01,2.99420000000000002e+01,3.33979026117159836e-02,-1.11541996425801315e-03,-1.11541989886166531e-03,-4.95036181051071886e-08,-4.95036152027422237e-08,-4.95036152027422237e-08,-9.90072333078494189e-08,-9.90072304054844474e-08
2.99492500000000028e+01,2.99492500000000028e+01,3.33898177750694899e-02,-1.11487999638537616e-03,-1.11487993105234637e-03,-4.94557009197819799e-08,-4.94556980216307988e-08,-4.94556980216307988e-08,-9.89113989414127787e-08,-9.89113960432615976e-08
2.99565000000000019e+01,2.99565000000000019e+01,3.33817368517683941e-02,-1.11434042051028470e-03,-1.11434035524071219e-03,-4.94078416974111751e-08,-4.94078388034762130e-08,-4.94078388034762064e-08,-9.88156805008873814e-08,-9.88156776069524127e-08
2.99637500000000010e+01,2.99637500000000010e+01,3.33736598389720932e-02,-1.11380123625393068e-03,-1.11380117104741862e-03,-4.93600403539010652e-08,-4.93600374641609941e-08,-4.93600374641610007e-08,-9.87200778180620659e-08,-9.87200749283219881e-08
2.99710000000000001e+01,2.99710000000000001e+01,3.33655867338427115e-02,-1.11326244323750601e-03,-1.11326237809358081e-03,-4.93122968052799803e-08,-4.93122939197100972e-08,-4.93122939197101038e-08,-9.86245907249900775e-08,-9.86245878394201944e-08
2.99782500000000027e+01,2.99782500000000027e+01,3.33575175335451488e-02,-1.11272404108131440e-03,-1.11272397600077210e-03,-4.92646109676587367e-08,-4.92646080862906003e-08,-4.92646080862906003e-08,-9.85292190539493370e-08,-9.85292161725812005e-08
2.99855000000000018e+01,2.99855000000000018e+01,3.33494522352470318e-02,-1.11218602940832412e-03,-1.11218596439102333e-03,-4.92169827573877951e-08,-4.92169798802114196e-08,-4.92169798802114196e-08,-9.84339626375992213e-08,-9.84339597604228391e-08
2.99927500000000009e+01,2.99927500000000009e+01,3.33413908361187283e-02,-1.11164840784150343e-03,-1.11164834288682182e-03,-4.91694120909388542e-08,-4.91694092179229920e-08,-4.91694092179229986e-08,-9.83388213088618595e-08,-9.83388184358459840e-08
3.00000000000000000e+01,3.00000000000000000e+01,3.33333333333333329e-02,-1.11111098123473084e-03,-1.11111111111111111e-03,-4.91218902742204376e-08,-4.91218960160170833e-08,-4.91218960160170767e-08,-9.82437862902375143e-08,-9.82437920320341534e-08
