x,r,b,b_prime_fd,b_prime_exact,rho_fd,rho_exact,p_radial,nec_fd,nec_exact
1.00000000000000000e+00,1.00000000000000000e+00,1.00000000000000000e+00,-2.49987895281350347e-01,-2.50000000000000000e-01,-9.94670231179150231e-03,-9.94718394324345910e-03,-3.97887357729738364e-02,-4.97354380847653404e-02,-4.97359197162172972e-02
1.00724999999999998e+00,1.00724999999999998e+00,9.98195668494482491e-01,-2.47758726930342732e-01,-2.47752709976292507e-01,-9.71660501944647363e-03,-9.71636904646319861e-03,-3.88654761858528014e-02,-4.85820812052992768e-02,-4.85818452323159983e-02
1.01449999999999996e+00,1.01449999999999996e+00,9.96407498459510044e-01,-2.45547400861198639e-01,-2.45541522538075430e-01,-9.49273547616409814e-03,-9.49250822323347704e-03,-3.79700328929339151e-02,-4.74627683690980115e-02,-4.74625411161673921e-02
1.02174999999999994e+00,1.02174999999999994e+00,9.94635231181995261e-01,-2.43371349707473428e-01,-2.43365605867872592e-01,-9.27556339914917607e-03,-9.27534448534343692e-03,-3.71013779413737546e-02,-4.63769413405229342e-02,-4.63767224267171915e-02
1.02899999999999991e+00,1.02899999999999991e+00,9.92878613888751760e-01,-2.41229766385501421e-01,-2.41224153034196281e-01,-9.06484300786324082e-03,-9.06463207142247165e-03,-3.62585282856898866e-02,-4.53233712935531274e-02,-4.53231603571123548e-02
1.03624999999999989e+00,1.03624999999999989e+00,9.91137399569405386e-01,-2.39121867790942133e-01,-2.39116381078264301e-01,-8.86033918472154541e-03,-8.86013588196306497e-03,-3.54405435278522668e-02,-4.43008827125738122e-02,-4.43006794098153300e-02
1.04350000000000009e+00,1.04350000000000009e+00,9.89411346805783021e-01,-2.37046893924684809e-01,-2.37041530140340906e-01,-8.66182694217305579e-03,-8.66163094647375356e-03,-3.46465237858950212e-02,-4.33083507280680735e-02,-4.33081547323687782e-02
1.05075000000000007e+00,1.05075000000000007e+00,9.87700219607497432e-01,-2.35004107056653311e-01,-2.34998862623720522e-01,-8.46909091988967341e-03,-8.46890192072754198e-03,-3.38756076829101679e-02,-4.23446986027998379e-02,-4.23445096036377117e-02
1.05800000000000005e+00,1.05800000000000005e+00,9.86003787253461494e-01,-2.32992790925266036e-01,-2.32987662394485207e-01,-8.28192491015714884e-03,-8.28174261221283244e-03,-3.31269704488513228e-02,-4.14088953590084699e-02,-4.14087130610641535e-02
1.06525000000000003e+00,1.06525000000000003e+00,9.84321824139081092e-01,-2.31012249970845573e-01,-2.31007234015273649e-01,-8.10013140970819098e-03,-8.09995553202515553e-03,-3.23998221281006221e-02,-4.04999535378088166e-02,-4.04997776601257742e-02
1.07250000000000001e+00,1.07250000000000001e+00,9.82654109628884220e-01,-2.29061808601528583e-01,-2.29056902011394919e-01,-7.92352119636448478e-03,-7.92335147155892594e-03,-3.16934058862357038e-02,-3.96169270826001868e-02,-3.96167573577946297e-02
1.07974999999999999e+00,1.07974999999999999e+00,9.81000427914358930e-01,-2.27140810489871114e-01,-2.27136010167714508e-01,-7.75191292895034429e-03,-7.75174910247059933e-03,-3.10069964098823973e-02,-3.87589093388327408e-02,-3.87587455123529975e-02
1.08699999999999997e+00,1.08699999999999997e+00,9.79360567876781163e-01,-2.25248617898813563e-01,-2.25243920854825475e-01,-7.58513276905829325e-03,-7.58497459848835130e-03,-3.03398983939534052e-02,-3.79250311630116993e-02,-3.79248729924417591e-02
1.09424999999999994e+00,1.09424999999999994e+00,9.77734322954826207e-01,-2.23384611035513103e-01,-2.23380014383099429e-01,-7.42301402333437992e-03,-7.42286127773937685e-03,-2.96914451109575109e-02,-3.71144591342918925e-02,-3.71143063886968869e-02
1.10149999999999992e+00,1.10149999999999992e+00,9.76121491016766263e-01,-2.21548187431707788e-01,-2.21543688383287862e-01,-7.26539680504301698e-03,-7.26524926435494038e-03,-2.90609970574197650e-02,-3.63263938624627802e-02,-3.63262463217747036e-02
1.10874999999999990e+00,1.10874999999999990e+00,9.74521874237066488e-01,-2.19738761349404399e-01,-2.19734357212416354e-01,-7.11212771375548027e-03,-7.11198516819576410e-03,-2.84479406727830633e-02,-3.55600683865385445e-02,-3.55599258409788274e-02
1.11600000000000010e+00,1.11600000000000010e+00,9.72935278977199669e-01,-2.17955763210795794e-01,-2.17951451383781275e-01,-6.96305953208399379e-03,-6.96292178161687231e-03,-2.78516871264674927e-02,-3.48147466585514848e-02,-3.48146089080843685e-02
1.12325000000000008e+00,1.12325000000000008e+00,9.71361515670509990e-01,-2.16198639050844577e-01,-2.16194417019922092e-01,-6.81805093843728966e-03,-6.81791779226199619e-03,-2.72716711690479847e-02,-3.40897221074852735e-02,-3.40895889613099801e-02
1.13050000000000006e+00,1.13050000000000006e+00,9.69800398710962464e-01,-2.14466849992206221e-01,-2.14462715327501635e-01,-6.67696623487738870e-03,-6.67683751094347560e-03,-2.67073500437739024e-02,-3.33843162786512937e-02,-3.33841875547173789e-02
1.13775000000000004e+00,1.13775000000000004e+00,9.68251746345623054e-01,-2.12759871740729523e-01,-2.12755822093083496e-01,-6.53967508917050952e-03,-6.53955061372495702e-03,-2.61582024548998350e-02,-3.26978775440703445e-02,-3.26977530686247894e-02
1.14500000000000002e+00,1.14500000000000002e+00,9.66715380570721816e-01,-2.11077194101065402e-01,-2.11073227198847552e-01,-6.40605229022177518e-03,-6.40593189738091883e-03,-2.56237275895236788e-02,-3.20297798797454514e-02,-3.20296594869045950e-02
1.15225000000000000e+00,1.15225000000000000e+00,9.65191127031157503e-01,-2.09418320511261413e-01,-2.09414434157335100e-01,-6.27597751611377267e-03,-6.27586104746001919e-03,-2.51034441898400733e-02,-3.13794217059538486e-02,-3.13793052373000925e-02
1.15949999999999998e+00,1.15949999999999998e+00,9.63678814923308646e-01,-2.07782767595460882e-01,-2.07778959664361496e-01,-6.14933511402460803e-03,-6.14922241822845467e-03,-2.45968896729138187e-02,-3.07462247869384267e-02,-3.07461120911422733e-02
1.16674999999999995e+00,1.16674999999999995e+00,9.62178276901023311e-01,-2.06170064734209291e-01,-2.06166333169278626e-01,-6.02601389135686092e-03,-6.02590482381527761e-03,-2.41036192952611070e-02,-3.01296331866179670e-02,-3.01295241190763854e-02
1.17399999999999993e+00,1.17399999999999993e+00,9.60689348984662628e-01,-2.04579753651003671e-01,-2.04576096461810630e-01,-5.90590691742427960e-03,-5.90580133992421857e-03,-2.36232053596968743e-02,-2.95291122771211556e-02,-2.95290066996210937e-02
1.18124999999999991e+00,1.18124999999999991e+00,9.59211870473083872e-01,-2.03011388014886052e-01,-2.03007803274726756e-01,-5.78891133511664352e-03,-5.78880911551633154e-03,-2.31552364620653296e-02,-2.89441477971819731e-02,-2.89440455775816612e-02
1.18849999999999989e+00,1.18849999999999989e+00,9.57745683858446828e-01,-2.01464533058228312e-01,-2.01461018901650579e-01,-5.67492818197913758e-03,-5.67482919390468066e-03,-2.26993167756187227e-02,-2.83742449575978620e-02,-2.83741459695234025e-02
1.19575000000000009e+00,1.19575000000000009e+00,9.56290634743739432e-01,-1.99938765208827363e-01,-1.99935319829341290e-01,-5.56386222017578140e-03,-5.56376634273682280e-03,-2.22550653709472912e-02,-2.78189275911230743e-02,-2.78188317136841140e-02
1.20300000000000007e+00,1.20300000000000007e+00,9.54846571762918872e-01,-1.98433671735884332e-01,-1.98430293383815209e-01,-5.45562177485085179e-03,-5.45552889237304380e-03,-2.18221155694921787e-02,-2.72777373443430296e-02,-2.72776444618652233e-02
1.21025000000000005e+00,1.21025000000000005e+00,9.53413346503569126e-01,-1.96948850409413012e-01,-1.96945537389706493e-01,-5.35011858042996457e-03,-5.35002858219817828e-03,-2.14001143287927166e-02,-2.67502329092226820e-02,-2.67501429109908949e-02
1.21750000000000003e+00,1.21750000000000003e+00,9.51990813431982330e-01,-1.95483909172054382e-01,-1.95480659842296151e-01,-5.24726763441420250e-03,-5.24718041443304837e-03,-2.09887216577321969e-02,-2.62359892921463986e-02,-2.62359020721652444e-02
1.22475000000000001e+00,1.22475000000000001e+00,9.50578829820574511e-01,-1.94038465823140882e-01,-1.94035278591666555e-01,-5.14698705827016430e-03,-5.14690251503756128e-03,-2.05876100601502451e-02,-2.57345971184204103e-02,-2.57345125751878082e-02
1.23199999999999998e+00,1.23199999999999998e+00,9.49177255677546738e-01,-1.92612147714513071e-01,-1.92609021038463224e-01,-5.04919796503268230e-03,-5.04911600132200520e-03,-2.01964640052880243e-02,-2.52456619703207083e-02,-2.52455800066100286e-02
1.23924999999999996e+00,1.23924999999999996e+00,9.47785953678713877e-01,-1.91204591457193374e-01,-1.91201523840773435e-01,-4.95382433324878524e-03,-4.95374485590595413e-03,-1.98149794236238165e-02,-2.47688037568726017e-02,-2.47687242795297698e-02
1.24649999999999994e+00,1.24649999999999994e+00,9.46404789101417454e-01,-1.89815442638831655e-01,-1.89812432631652123e-01,-4.86079288693398552e-03,-4.86071580668548473e-03,-1.94428632267419389e-02,-2.43036561136759227e-02,-2.43035790334274228e-02
1.25375000000000014e+00,1.25375000000000014e+00,9.45033629760450911e-01,-1.88444355551425247e-01,-1.88441401746849618e-01,-4.77003298122000412e-03,-4.76995821248944393e-03,-1.90798328499577757e-02,-2.38498658311777807e-02,-2.38497910624472197e-02
1.26100000000000012e+00,1.26100000000000012e+00,9.43672345945921864e-01,-1.87090992928744981e-01,-1.87088093962315988e-01,-4.68147649338958999e-03,-4.68140395412417702e-03,-1.87256158164967046e-02,-2.34070923098862946e-02,-2.34070197706208807e-02
1.26825000000000010e+00,1.26825000000000010e+00,9.42320810362984096e-01,-1.85755025693140396e-01,-1.85752180241077092e-01,-4.59505771901735742e-03,-4.59498733052359377e-03,-1.83799493220943716e-02,-2.29750070411117308e-02,-2.29749366526179645e-02
1.27550000000000008e+00,1.27550000000000008e+00,9.40978898073371317e-01,-1.84436132711326195e-01,-1.84433339489096682e-01,-4.51071327294964419e-03,-4.51064495973791182e-03,-1.80425798389516473e-02,-2.25532931119012924e-02,-2.25532247986895591e-02
1.28275000000000006e+00,1.28275000000000006e+00,9.39646486438669992e-01,-1.83134000558780485e-01,-1.83131258319756379e-01,-4.42838199487196292e-03,-4.42831568450969843e-03,-1.77132627380387937e-02,-2.21416447329107549e-02,-2.21415784225484913e-02
1.29000000000000004e+00,1.29000000000000004e+00,9.38323455065268930e-01,-1.81848323292541636e-01,-1.81845630826602489e-01,-4.34800485923037168e-03,-4.34794048220024740e-03,-1.73917619288009896e-02,-2.17397667880313630e-02,-2.17397024110012362e-02
1.29725000000000001e+00,1.29725000000000001e+00,9.37009685750928134e-01,-1.80578802231693203e-01,-1.80576158364025463e-01,-4.26952488927412679e-03,-4.26946237884282508e-03,-1.70778495153713003e-02,-2.13473744046454271e-02,-2.13473118942141271e-02
1.30449999999999999e+00,1.30449999999999999e+00,9.35705062432909518e-01,-1.79325145745679038e-01,-1.79322549335551834e-01,-4.19288707502002596e-03,-4.19282636711194867e-03,-1.67713054684477947e-02,-2.09641925434678189e-02,-2.09641318355597434e-02
1.31174999999999997e+00,1.31174999999999997e+00,9.34409471137615633e-01,-1.78087069049908564e-01,-1.78084518989444579e-01,-4.11803829493363489e-03,-4.11797932800975208e-03,-1.64719173120390083e-02,-2.05899556069726423e-02,-2.05898966400487604e-02
1.31899999999999995e+00,1.31899999999999995e+00,9.33122799931685787e-01,-1.76864294008197476e-01,-1.76861789221320287e-01,-4.04492724113583984e-03,-4.04486995608161447e-03,-1.61794798243264544e-02,-2.02244070654622951e-02,-2.02243497804080671e-02
1.32624999999999993e+00,1.32624999999999993e+00,9.31844938874496931e-01,-1.75656548942171753e-01,-1.75654088383505547e-01,-3.97350434796686983e-03,-3.97344868798369527e-03,-1.58937947519347811e-02,-1.98672990999016509e-02,-1.98672434399184764e-02
1.33349999999999991e+00,1.33349999999999991e+00,9.30575779972024231e-01,-1.74463568447066564e-01,-1.74461151100866935e-01,-3.90372172373305241e-03,-3.90366763423484215e-03,-1.56146705369393721e-02,-1.95183922606724236e-02,-1.95183381711742134e-02
1.34074999999999989e+00,1.34074999999999989e+00,9.29315217132014371e-01,-1.73285093213678465e-01,-1.73282718092861165e-01,-3.83553308547840465e-03,-3.83548051399456962e-03,-1.53419220559782767e-02,-1.91774551414566827e-02,-1.91774025699728463e-02
1.34800000000000009e+00,1.34800000000000009e+00,9.28063146120425952e-01,-1.72120869856357217e-01,-1.72118536001562655e-01,-3.76889369663432243e-03,-3.76884259271745596e-03,-1.50753703708698256e-02,-1.88442640675041476e-02,-1.88442129635872820e-02
1.35525000000000007e+00,1.35525000000000007e+00,9.26819464519097358e-01,-1.70970650746767205e-01,-1.70968357225437628e-01,-3.70376030740497859e-03,-3.70371062254253253e-03,-1.48148424901701301e-02,-1.85186027975751087e-02,-1.85185531127126622e-02
1.36250000000000004e+00,1.36250000000000004e+00,9.25584071684597776e-01,-1.69834193853219517e-01,-1.69831939758641776e-01,-3.64009109775501397e-03,-3.64004278528377466e-03,-1.45601711411350986e-02,-1.82002622388901109e-02,-1.82002139264188720e-02
1.36975000000000002e+00,1.36975000000000002e+00,9.24356868708225643e-01,-1.68711262585098609e-01,-1.68709047035631610e-01,-3.57784562286728516e-03,-3.57779863789520159e-03,-1.43111945515808064e-02,-1.78890401744480898e-02,-1.78889931894760067e-02
1.37700000000000000e+00,1.37700000000000000e+00,9.23137758377113871e-01,-1.67601625642653573e-01,-1.67599447780884869e-01,-3.51698476096110480e-03,-3.51693906029070490e-03,-1.40677562411628213e-02,-1.75847410021239270e-02,-1.75846953014535262e-02
1.38424999999999998e+00,1.38424999999999998e+00,9.21926645136407208e-01,-1.66505056871585566e-01,-1.66502915863537521e-01,-3.45747066334937785e-03,-3.45742620540524575e-03,-1.38297048216209830e-02,-1.72871754849703609e-02,-1.72871310270262292e-02
1.39149999999999996e+00,1.39149999999999996e+00,9.20723435052475891e-01,-1.65421335122388768e-01,-1.65419230156750974e-01,-3.39926670663037375e-03,-3.39922345139001547e-03,-1.35968938055600619e-02,-1.69961605121904356e-02,-1.69961172569500774e-02
1.39874999999999994e+00,1.39874999999999994e+00,9.19528035777132602e-01,-1.64350244114203292e-01,-1.64348174401632297e-01,-3.34233744691107750e-03,-3.34229535583985575e-03,-1.33691814233594213e-02,-1.67115188702704996e-02,-1.67114767791992774e-02
1.40600000000000014e+00,1.40600000000000014e+00,9.18340356512819866e-01,-1.63291572303151611e-01,-1.63289537075536950e-01,-3.28664857596864439e-03,-3.28660761195655746e-03,-1.31464304478262281e-02,-1.64330790237948721e-02,-1.64330380597827869e-02
1.41325000000000012e+00,1.41325000000000012e+00,9.17160307978736933e-01,-1.62245112754781928e-01,-1.62243111264591705e-01,-3.23216687925423135e-03,-3.23212700655672956e-03,-1.29285080262269165e-02,-1.61606749054811483e-02,-1.61606350327836469e-02
1.42050000000000010e+00,1.42050000000000010e+00,9.15987802377875582e-01,-1.61210663020668221e-01,-1.61208694540280806e-01,-3.17886019565681880e-03,-3.17882137983761543e-03,-1.27152855193504600e-02,-1.58941457150072775e-02,-1.58941068991880763e-02
1.42775000000000007e+00,1.42775000000000007e+00,9.14822753364937347e-01,-1.60188025018861424e-01,-1.60186088839947005e-01,-3.12669737894176155e-03,-3.12665958681881007e-03,-1.25066383472752386e-02,-1.56333357262170014e-02,-1.56332979340940495e-02
1.43500000000000005e+00,1.43500000000000005e+00,9.13665076015102051e-01,-1.59177004918170439e-01,-1.59175100351063081e-01,-3.07564826078861710e-03,-3.07561146038196108e-03,-1.23024458415278426e-02,-1.53780941023164593e-02,-1.53780573019098032e-02
1.44225000000000003e+00,1.44225000000000003e+00,9.12514686793623797e-01,-1.58177413025988756e-01,-1.58175539399137421e-01,-3.02568361535148324e-03,-3.02564777583459558e-03,-1.21025911033383841e-02,-1.51282747186898669e-02,-1.51282388791729797e-02
1.44950000000000001e+00,1.44950000000000001e+00,9.11371503526225202e-01,-1.57189063679744834e-01,-1.57187220339121275e-01,-2.97677512527581151e-03,-2.97674021692794595e-03,-1.19069608677117838e-02,-1.48837359929875953e-02,-1.48837010846397302e-02
1.45674999999999999e+00,1.45674999999999999e+00,9.10235445370267571e-01,-1.56211775141599674e-01,-1.56209961450191781e-01,-2.92889534910027597e-03,-2.92886134326221124e-03,-1.17154453730488467e-02,-1.46443407221491222e-02,-1.46443067163110584e-02
1.46399999999999997e+00,1.46399999999999997e+00,9.09106432786672025e-01,-1.55245369496533669e-01,-1.55243584833789638e-01,-2.88201768998555064e-03,-2.88198455901606887e-03,-1.15279382360642738e-02,-1.44099559260498240e-02,-1.44099227950803422e-02
1.47124999999999995e+00,1.47124999999999995e+00,9.07984387512567825e-01,-1.54289672553481694e-01,-1.54287916314794882e-01,-2.83611636570565376e-03,-2.83608408294038980e-03,-1.13443363317615557e-02,-1.41804526974672086e-02,-1.41804204147019455e-02
1.47849999999999993e+00,1.47849999999999993e+00,9.06869232534646574e-01,-1.53344513749466671e-01,-1.53342785345729898e-01,-2.79116637984607591e-03,-2.79113491955915128e-03,-1.11645396782366069e-02,-1.39557060580826828e-02,-1.39556745977957586e-02
1.48574999999999990e+00,1.48574999999999990e+00,9.05760892063200540e-01,-1.52409726056752959e-01,-1.52408024913881973e-01,-2.74714349415684138e-03,-2.74711283152334965e-03,-1.09884513260933986e-02,-1.37355948202502395e-02,-1.37355641576167482e-02
1.49300000000000010e+00,1.49300000000000010e+00,9.04659291506823449e-01,-1.51485145892827688e-01,-1.51483471451243024e-01,-2.70402420200727437e-03,-2.70399431306639435e-03,-1.08159772522655774e-02,-1.35200014542728522e-02,-1.35199715653319709e-02
1.50024999999999986e+00,1.50024999999999986e+00,9.03564357447754651e-01,-1.50570613032869005e-01,-1.50568964747167938e-01,-2.66178570288921933e-03,-2.66175656451204858e-03,-1.06470262580481943e-02,-1.33088119609374132e-02,-1.33087828225602438e-02
1.50750000000000006e+00,1.50750000000000006e+00,9.02476017617846793e-01,-1.49665970525219905e-01,-1.49664347863656177e-01,-2.62040587793312693e-03,-2.62037746778829217e-03,-1.04815098711531687e-02,-1.31019157490862952e-02,-1.31018873389414613e-02
1.51475000000000004e+00,1.51475000000000004e+00,9.01394200875138996e-01,-1.48771064609015014e-01,-1.48769467053167015e-01,-2.57986326637908931e-03,-2.57983556290288527e-03,-1.03193422516115411e-02,-1.28992055179906299e-02,-1.28991778145144259e-02
1.52200000000000002e+00,1.52200000000000002e+00,9.00318837181016018e-01,-1.47885744634564276e-01,-1.47884171678879101e-01,-2.54013704297295423e-03,-2.54011002533841013e-03,-1.01604401013536388e-02,-1.27005771443265934e-02,-1.27005501266920489e-02
1.52925000000000000e+00,1.52925000000000000e+00,8.99249857577937850e-01,-1.47009862985861162e-01,-1.47008314137312052e-01,-2.50120699623774872e-03,-2.50118064432673778e-03,-1.00047225773069511e-02,-1.25059295735447003e-02,-1.25059032216336893e-02
1.53649999999999998e+00,1.53649999999999998e+00,8.98187194167721081e-01,-1.46143275005528039e-01,-1.46141749783228303e-01,-2.46305350758911678e-03,-2.46302780196472120e-03,-9.85211120785888482e-03,-1.23151647154480012e-02,-1.23151390098236065e-02
1.54375000000000018e+00,1.54375000000000018e+00,8.97130780090357627e-01,-1.45285838921871857e-01,-1.45284336856738056e-01,-2.42565753125408099e-03,-2.42563245313475893e-03,-9.70252981253903746e-03,-1.21281873437931176e-02,-1.21281622656737968e-02
1.55100000000000016e+00,1.55100000000000016e+00,8.96080549503353918e-01,-1.44437415778121192e-01,-1.44435936412532856e-01,-2.38900057496102851e-03,-2.38897610619563227e-03,-9.55590442478252908e-03,-1.19449049997435580e-02,-1.19448805309781622e-02
1.55825000000000014e+00,1.55825000000000014e+00,8.95036437561574916e-01,-1.43597869363738084e-01,-1.43596412251175171e-01,-2.35306468136730262e-03,-2.35304080441060565e-03,-9.41216321764242088e-03,-1.17652278990097239e-02,-1.17652040220530274e-02
1.56550000000000011e+00,1.56550000000000011e+00,8.93998380397579728e-01,-1.42767066147641231e-01,-1.42765630852376174e-01,-2.31783241019143695e-03,-2.31780910808141024e-03,-9.27123643232564097e-03,-1.15890688425170779e-02,-1.15890455404070516e-02
1.57275000000000009e+00,1.57275000000000009e+00,8.92966315102434072e-01,-1.41944875213383170e-01,-1.41943461310194557e-01,-2.28328682102192258e-03,-2.28326407735814519e-03,-9.13305630943258250e-03,-1.14163431304545055e-02,-1.14163203867907286e-02
1.58000000000000007e+00,1.58000000000000007e+00,8.91940179706985692e-01,-1.41131168196224621e-01,-1.41129775270092656e-01,-2.24941145677403807e-03,-2.24938925569656036e-03,-8.99755702278624142e-03,-1.12469684795602799e-02,-1.12469462784828018e-02
1.58725000000000005e+00,1.58725000000000005e+00,8.90919913163588872e-01,-1.40325819221992276e-01,-1.40324446867788444e-01,-2.21619032776666650e-03,-2.21616865393550917e-03,-8.86467461574203669e-03,-1.10808649435087028e-02,-1.10808432696775459e-02
1.59450000000000003e+00,1.59450000000000003e+00,8.89905455328266815e-01,-1.39528704847641905e-01,-1.39527352669844285e-01,-2.18360789639286158e-03,-2.18358673496862670e-03,-8.73434693987450682e-03,-1.09179548362673684e-02,-1.09179336748431340e-02
1.60175000000000001e+00,1.60175000000000001e+00,8.88896746943298011e-01,-1.38739704003491227e-01,-1.38738371615935385e-01,-2.15164906235978254e-03,-2.15162839898547448e-03,-8.60651359594189966e-03,-1.07581626583016822e-02,-1.07581419949273737e-02
1.60899999999999999e+00,1.60899999999999999e+00,8.87893729620216177e-01,-1.37958697937115460e-01,-1.37957384962743346e-01,-2.12029914847511238e-03,-2.12027896925854427e-03,-8.48111587703417706e-03,-1.06014150255092886e-02,-1.06013948462927218e-02
1.61624999999999996e+00,1.61624999999999996e+00,8.86896345823209864e-01,-1.37185570158841585e-01,-1.37184276229421476e-01,-2.08954388695722134e-03,-2.08952417845357325e-03,-8.35809671381429302e-03,-1.04476406007715135e-02,-1.04476208922678667e-02
1.62349999999999994e+00,1.62349999999999994e+00,8.85904538852912982e-01,-1.36420206388706333e-01,-1.36418931144581618e-01,-2.05936940624627850e-03,-2.05935015544168399e-03,-8.23740062176673768e-03,-1.02967700280130157e-02,-1.02967507772084212e-02
1.63074999999999992e+00,1.63074999999999992e+00,8.84918252830573682e-01,-1.35662494504877884e-01,-1.35661237594752987e-01,-2.02976221829655580e-03,-2.02974341259279335e-03,-8.11897365037117340e-03,-1.01487358686677288e-02,-1.01487170629639672e-02
1.63799999999999990e+00,1.63799999999999990e+00,8.83937432682592283e-01,-1.34912324493548397e-01,-1.34911085574266232e-01,-2.00070920633113125e-03,-2.00069083353069917e-03,-8.00276333412279842e-03,-1.00034725404539292e-02,-1.00034541676534972e-02
1.64524999999999988e+00,1.64524999999999988e+00,8.82962024125417244e-01,-1.34169588400226303e-01,-1.34168367136516836e-01,-1.97219761303985908e-03,-1.97217966133111889e-03,-7.88871864532447731e-03,-9.86091625836433595e-03,-9.86089830665559663e-03
1.65250000000000008e+00,1.65250000000000008e+00,8.81991973650788963e-01,-1.33434180282300474e-01,-1.33432976346564119e-01,-1.94421502920145571e-03,-1.94419748714478148e-03,-7.77678994857912680e-03,-9.72100497778058230e-03,-9.72098743572390872e-03
1.65975000000000006e+00,1.65975000000000006e+00,8.81027228511323868e-01,-1.32705996162883366e-01,-1.32704809235023924e-01,-1.91674938271340625e-03,-1.91673223922850201e-03,-7.66692895691400717e-03,-9.58367833962741299e-03,-9.58366119614250875e-03
1.66700000000000004e+00,1.66700000000000004e+00,8.80067736706427128e-01,-1.31984933986039721e-01,-1.31983763753213412e-01,-1.88978892801545104e-03,-1.88977217236788154e-03,-7.55908868947152614e-03,-9.44887761748697784e-03,-9.44886086183940703e-03
1.67425000000000002e+00,1.67425000000000002e+00,8.79113446968526335e-01,-1.31270893573066871e-01,-1.31269739729509671e-01,-1.86332223588677555e-03,-1.86330585767605170e-03,-7.45322343070420768e-03,-9.31654566659098279e-03,-9.31652928838025939e-03
1.68149999999999999e+00,1.68149999999999999e+00,8.78164308749617706e-01,-1.30563776580032709e-01,-1.30562638826883404e-01,-1.83733818360552249e-03,-1.83732217275351219e-03,-7.34928869101404789e-03,-9.18662687461957103e-03,-9.18661086376756052e-03
1.68875000000000020e+00,1.68875000000000020e+00,8.77220272208115825e-01,-1.29863486456486044e-01,-1.29862364501571542e-01,-1.81182594545562068e-03,-1.81181029219480661e-03,-7.24724116877922646e-03,-9.05906711423484778e-03,-9.05905146097403351e-03
1.69600000000000017e+00,1.69600000000000017e+00,8.76281288195998709e-01,-1.29169928405168832e-01,-1.29168821962853564e-01,-1.78677498356538439e-03,-1.78675967842839090e-03,-7.14703871371356360e-03,-8.93381369727894864e-03,-8.93379839214195406e-03
1.70325000000000015e+00,1.70325000000000015e+00,8.75347308246240852e-01,-1.28483009342907906e-01,-1.28481918133897088e-01,-1.76217503906779972e-03,-1.76216007287661926e-03,-7.04864029150647619e-03,-8.81081533057427591e-03,-8.81080036438309545e-03
1.71050000000000013e+00,1.71050000000000013e+00,8.74418284560526504e-01,-1.27802637862451718e-01,-1.27801561613640230e-01,-1.73801612356719033e-03,-1.73800148742337822e-03,-6.95200594969351202e-03,-8.69002207326070170e-03,-8.69000743711689089e-03
1.71775000000000011e+00,1.71775000000000011e+00,8.73494169997235281e-01,-1.27128724195372911e-01,-1.27127662639679118e-01,-1.71428851090243278e-03,-1.71427419617740831e-03,-6.85709678470963150e-03,-8.57138529561206342e-03,-8.57137098088704003e-03
1.72500000000000009e+00,1.72500000000000009e+00,8.72574918059693561e-01,-1.26461180175923005e-01,-1.26460133052129498e-01,-1.69098272919411454e-03,-1.69096872751986417e-03,-6.76387491007945495e-03,-8.45485763927356949e-03,-8.45484363759931891e-03
1.73225000000000007e+00,1.73225000000000007e+00,8.71660482884684451e-01,-1.25799919205825006e-01,-1.25798886258433301e-01,-1.66808955316491555e-03,-1.66807585642517230e-03,-6.67230342570069093e-03,-8.34039297886560692e-03,-8.34037928212586280e-03
1.73950000000000005e+00,1.73950000000000005e+00,8.70750819231209117e-01,-1.25144856220018141e-01,-1.25143837199081509e-01,-1.64559999672328006e-03,-1.64558659704469460e-03,-6.58234638817877665e-03,-8.22794638490205628e-03,-8.22793298522347082e-03
1.74675000000000002e+00,1.74675000000000002e+00,8.69845882469494236e-01,-1.24495907653219717e-01,-1.24494902314225594e-01,-1.62350530579891605e-03,-1.62349219554315050e-03,-6.49396878217260286e-03,-8.11747408797151848e-03,-8.11746097771575380e-03
1.75400000000000000e+00,1.75400000000000000e+00,8.68945628570237494e-01,-1.23852991407432000e-01,-1.23851999511151292e-01,-1.60179695142255419e-03,-1.60178412317819353e-03,-6.40713649271277500e-03,-8.00893344413532854e-03,-8.00892061589096940e-03
1.76124999999999998e+00,1.76124999999999998e+00,8.68050014094086442e-01,-1.23216026820252011e-01,-1.23215048132588573e-01,-1.58046662303918967e-03,-1.58045406961390602e-03,-6.32181627845562321e-03,-7.90228290149481288e-03,-7.90227034806952923e-03
1.76849999999999996e+00,1.76849999999999996e+00,8.67158996181343844e-01,-1.22584934633955811e-01,-1.22583968925833176e-01,-1.55950622204596451e-03,-1.55949393645940016e-03,-6.23797574583759892e-03,-7.79748196788356343e-03,-7.79746968229699886e-03
1.77574999999999994e+00,1.77574999999999994e+00,8.66272532541894069e-01,-1.21959636965421225e-01,-1.21958684012655791e-01,-1.53890785554735795e-03,-1.53889583102405510e-03,-6.15558332409622041e-03,-7.69449117964357814e-03,-7.69447915512027573e-03
1.78299999999999992e+00,1.78299999999999992e+00,8.65390581445345197e-01,-1.21340057276810853e-01,-1.21339116859975490e-01,-1.51866383031885508e-03,-1.51865206028128181e-03,-6.07460824112512725e-03,-7.59327207144398254e-03,-7.59326030140640949e-03
1.79024999999999990e+00,1.79024999999999990e+00,8.64513101711380294e-01,-1.20726120346958510e-01,-1.20725192251275010e-01,-1.49876664697088692e-03,-1.49875512503303584e-03,-5.99502050013214424e-03,-7.49378714710303116e-03,-7.49377562516518030e-03
1.79749999999999988e+00,1.79749999999999988e+00,8.63640052700314298e-01,-1.20117752243523057e-01,-1.20116836258736356e-01,-1.47920899430667289e-03,-1.47919771426762944e-03,-5.91679085707051688e-03,-7.39599985137718956e-03,-7.39598857133814611e-03
1.80475000000000008e+00,1.80475000000000008e+00,8.62771394303849193e-01,-1.19514880295810144e-01,-1.19513976216075513e-01,-1.45998374386582114e-03,-1.45997269970368445e-03,-5.83989079881473781e-03,-7.29987454268055894e-03,-7.29986349851842204e-03
1.81200000000000006e+00,1.81200000000000006e+00,8.61907086936025135e-01,-1.18917433068247647e-01,-1.18916540692056441e-01,-1.44108394464692287e-03,-1.44107313051338045e-03,-5.76429252205352266e-03,-7.20537646670044510e-03,-7.20536565256690333e-03
1.81925000000000003e+00,1.81925000000000003e+00,8.61047091524359542e-01,-1.18325340334656914e-01,-1.18324459464663939e-01,-1.42250281800452368e-03,-1.42249222821839885e-03,-5.68996891287359540e-03,-7.11247173087811886e-03,-7.11246114109199447e-03
1.82650000000000001e+00,1.82650000000000001e+00,8.60191369501172587e-01,-1.17738533052964556e-01,-1.17737663495917411e-01,-1.40423375271005353e-03,-1.40422338175227239e-03,-5.61689352700908869e-03,-7.02112727971914222e-03,-7.02111690876136129e-03
1.83374999999999999e+00,1.83374999999999999e+00,8.59339882795091548e-01,-1.17156943340653186e-01,-1.17156084907306279e-01,-1.38627030017454233e-03,-1.38626014268306485e-03,-5.54504057073225941e-03,-6.93131087090680196e-03,-6.93130071341532469e-03
1.84100000000000019e+00,1.84100000000000019e+00,8.58492593822733130e-01,-1.16580504450816136e-01,-1.16579656955830127e-01,-1.36860616982584877e-03,-1.36859622059057806e-03,-5.47438488236231223e-03,-6.84299105218816144e-03,-6.84298110295289072e-03
1.84825000000000017e+00,1.84825000000000017e+00,8.57649465480554651e-01,-1.16009150748823231e-01,-1.16008314010625529e-01,-1.35123522463510685e-03,-1.35122547859249523e-03,-5.40490191436998179e-03,-6.75613713900508842e-03,-6.75612739296247745e-03
1.85550000000000015e+00,1.85550000000000015e+00,8.56810461136875201e-01,-1.15442817689405786e-01,-1.15441991530163726e-01,-1.33415147678498432e-03,-1.33414192901410594e-03,-5.33656771605642375e-03,-6.67071919284140807e-03,-6.67070964507052947e-03
1.86275000000000013e+00,1.86275000000000013e+00,8.55975544624058227e-01,-1.14881441794516093e-01,-1.14880626040002431e-01,-1.31734908347896852e-03,-1.31733972919646542e-03,-5.26935891678586166e-03,-6.58670800026482997e-03,-6.58669864598232686e-03
1.87000000000000011e+00,1.87000000000000011e+00,8.55144680230854659e-01,-1.14324960631563499e-01,-1.14324155111076825e-01,-1.30082234288224287e-03,-1.30081317743804825e-03,-5.20325270975219301e-03,-6.50407505263443566e-03,-6.50406588719024126e-03
1.87725000000000009e+00,1.87725000000000009e+00,8.54317832694900581e-01,-1.13773312792226022e-01,-1.13772517338513859e-01,-1.28456569019192411e-03,-1.28455670906514065e-03,-5.13822683626056348e-03,-6.42279252645248759e-03,-6.42278354532570435e-03
1.88450000000000006e+00,1.88450000000000006e+00,8.53494967195367438e-01,-1.13226437871773555e-01,-1.13225652320956147e-01,-1.26857369383151486e-03,-1.26856489262641768e-03,-5.07425957050567158e-03,-6.34283326433718667e-03,-6.34282446313208948e-03
1.89175000000000004e+00,1.89175000000000004e+00,8.52676049345759912e-01,-1.12684276448895559e-01,-1.12683500640380588e-01,-1.25284105176526285e-03,-1.25283242620731895e-03,-5.01132970482927667e-03,-6.26417075659453995e-03,-6.26416213103659584e-03
1.89900000000000002e+00,1.89900000000000002e+00,8.51861045186858457e-01,-1.12146770066019030e-01,-1.12146003842398423e-01,-1.23736258792820557e-03,-1.23735413386000920e-03,-4.94941653544003681e-03,-6.18677912336824259e-03,-6.18677066930004623e-03
1.90625000000000000e+00,1.90625000000000000e+00,8.51049921179802604e-01,-1.11613861210024368e-01,-1.11613104417023296e-01,-1.22213324876697710e-03,-1.22212496214487657e-03,-4.88849984857950542e-03,-6.11063309734648230e-03,-6.11062481072438199e-03
1.91349999999999998e+00,1.91349999999999998e+00,8.50242644199313058e-01,-1.11085493293479942e-01,-1.11084745779894578e-01,-1.20714809988898110e-03,-1.20713997677967611e-03,-4.82855990711870357e-03,-6.03570800700768510e-03,-6.03569988389838011e-03
1.92074999999999996e+00,1.92074999999999996e+00,8.49439181527047116e-01,-1.10561610636352725e-01,-1.10560872253943399e-01,-1.19240232281581917e-03,-1.19239435939257543e-03,-4.76957743757030258e-03,-5.96197976038612132e-03,-5.96197179696287757e-03
1.92799999999999994e+00,1.92799999999999994e+00,8.48639500845085992e-01,-1.10042158448031557e-01,-1.10041429051489364e-01,-1.17789121183574700e-03,-1.17788340437550510e-03,-4.71153361750202039e-03,-5.88942482933776761e-03,-5.88941702187752505e-03
1.93524999999999991e+00,1.93524999999999991e+00,8.47843570229550703e-01,-1.09527082809897536e-01,-1.09526362256756327e-01,-1.16361017095436398e-03,-1.16360251583434889e-03,-4.65441006333739554e-03,-5.81802023429175974e-03,-5.81801257917174443e-03
1.94249999999999989e+00,1.94249999999999989e+00,8.47051358144342514e-01,-1.09016330658214144e-01,-1.09015618808795692e-01,-1.14955471093787574e-03,-1.14954720463265035e-03,-4.59818881853060225e-03,-5.74774352946847821e-03,-5.74773602316325238e-03
1.94975000000000009e+00,1.94975000000000009e+00,8.46262833435006412e-01,-1.08509849767500555e-01,-1.08509146484806557e-01,-1.13572044644758008e-03,-1.13571308552562781e-03,-4.54285234210251125e-03,-5.67857278855009133e-03,-5.67856542762813950e-03
1.95700000000000007e+00,1.95700000000000007e+00,8.45477965322713798e-01,-1.08007588734118087e-01,-1.08006893883841826e-01,-1.12210309325977333e-03,-1.12209587438141974e-03,-4.48838349752567894e-03,-5.61048659078545228e-03,-5.61047937190709868e-03
1.96425000000000005e+00,1.96425000000000005e+00,8.44696723398361660e-01,-1.07509496960481954e-01,-1.07508810410889860e-01,-1.10869846557254187e-03,-1.10869138548658837e-03,-4.43476554194635348e-03,-5.54346400751889491e-03,-5.54345692743294163e-03
1.97150000000000003e+00,1.97150000000000003e+00,8.43919077616786861e-01,-1.07015524639429316e-01,-1.07014846261322197e-01,-1.09550247339176821e-03,-1.09549552893303901e-03,-4.38198211573215604e-03,-5.47748458912392447e-03,-5.47747764466519505e-03
1.97875000000000001e+00,1.97875000000000001e+00,8.43144998291090020e-01,-1.06525622739027881e-01,-1.06524952405696774e-01,-1.08251111999669225e-03,-1.08250430808359225e-03,-4.33001723233436900e-03,-5.41252835233106168e-03,-5.41252154041796125e-03
1.98600000000000021e+00,1.98600000000000021e+00,8.42374456087070955e-01,-1.06039742987768193e-01,-1.06039080574908212e-01,-1.06972049948186225e-03,-1.06971381711357767e-03,-4.27885526845430981e-03,-5.34857576793617250e-03,-5.34856908556788704e-03
1.99325000000000019e+00,1.99325000000000019e+00,8.41607422017767393e-01,-1.05557837860011716e-01,-1.05557183245675062e-01,-1.05712679437172164e-03,-1.05712023862589285e-03,-4.22848095450357227e-03,-5.28560774887529370e-03,-5.28560119312946469e-03
2.00049999999999972e+00,2.00049999999999972e+00,8.40843867438100800e-01,-1.05079860561779981e-01,-1.05079213626356027e-01,-1.04472627330635449e-03,-1.04471984133707959e-03,-4.17887936534831837e-03,-5.22360563865467264e-03,-5.22359920668539774e-03
2.00775000000000015e+00,2.00775000000000015e+00,8.40083764039621483e-01,-1.04605765016970054e-01,-1.04605125643085717e-01,-1.03251528879694308e-03,-1.03250897783204810e-03,-4.13003591132819238e-03,-5.16255120012513568e-03,-5.16254488916024004e-03
2.01500000000000012e+00,2.01500000000000012e+00,8.39327083845354593e-01,-1.04135505853740540e-01,-1.04134873926222643e-01,-1.02049027504619847e-03,-1.02048408238519144e-03,-4.08193632954076662e-03,-5.10242660458696488e-03,-5.10242041192595849e-03
2.02225000000000010e+00,2.02225000000000010e+00,8.38573799204742176e-01,-1.03669038391259960e-01,-1.03668413797100026e-01,-1.00864774583356602e-03,-1.00864166884567026e-03,-4.03456667538268018e-03,-5.04321442121624663e-03,-5.04320834422835023e-03
2.02950000000000008e+00,2.02950000000000008e+00,8.37823882788681362e-01,-1.03206318626746452e-01,-1.03205701255072835e-01,-9.96984292462468761e-04,-9.96978328584778020e-04,-3.98791331433911208e-03,-4.98489760680158062e-03,-4.98489164292389032e-03
2.03675000000000006e+00,2.03675000000000006e+00,8.37077307584654373e-01,-1.02747303222862740e-01,-1.02746692964852629e-01,-9.85496581768240554e-04,-9.85490728503346080e-04,-3.94196291401338432e-03,-4.92745949578162444e-03,-4.92745364251673083e-03
2.04400000000000004e+00,2.04400000000000004e+00,8.36334046891949789e-01,-1.02291949495302958e-01,-1.02291346244123019e-01,-9.74181354183260265e-04,-9.74175609097216975e-04,-3.89670243638886790e-03,-4.87088379057212806e-03,-4.87087804548608488e-03
2.05125000000000002e+00,2.05125000000000002e+00,8.35594074316972524e-01,-1.01840215400606837e-01,-1.01839619051428701e-01,-9.63035421857850842e-04,-9.63029782578907071e-04,-3.85211913031562828e-03,-4.81515455217347912e-03,-4.81514891289453514e-03
2.05850000000000000e+00,2.05850000000000000e+00,8.34857363768641059e-01,-1.01392059524393119e-01,-1.01391469974330947e-01,-9.52055666837005256e-04,-9.52050131053629287e-04,-3.80820052421451715e-03,-4.76025619105152273e-03,-4.76025065526814676e-03
2.06574999999999998e+00,2.06574999999999998e+00,8.34123889453868839e-01,-1.00947441069791921e-01,-1.00946858217822691e-01,-9.41239039289118256e-04,-9.41233604747917845e-04,-3.76493441899167138e-03,-4.70617345828078931e-03,-4.70616802373958944e-03
2.07299999999999995e+00,2.07299999999999995e+00,8.33393625873129040e-01,-1.00506319846054737e-01,-1.00505743592996757e-01,-9.30582555784923294e-04,-9.30577220289162486e-04,-3.72230888115664951e-03,-4.65289143694157248e-03,-4.65288610144581199e-03
2.08025000000000038e+00,2.08025000000000038e+00,8.32666547816101055e-01,-1.00068656257448652e-01,-1.00068086505960926e-01,-9.20083297626070307e-04,-9.20078059034414681e-04,-3.68031223613765873e-03,-4.60039553376372871e-03,-4.60039029517207362e-03
2.08750000000000036e+00,2.08750000000000036e+00,8.31942630357395907e-01,-9.96344112925129366e-02,-9.96338479469935090e-02,-9.09738409222525654e-04,-9.09733265446895935e-04,-3.63893306178758331e-03,-4.54867147101010918e-03,-4.54866632723447892e-03
2.09475000000000033e+00,2.09475000000000033e+00,8.31221848852359613e-01,-9.92035465133440653e-02,-9.92029894799330986e-02,-8.99545096514236240e-04,-8.99540045518671619e-04,-3.59816018207468691e-03,-4.49770527858892304e-03,-4.49770022759335853e-03
2.10200000000000031e+00,2.10200000000000031e+00,8.30504178932952364e-01,-9.87760240452715266e-02,-9.87754732317973616e-02,-8.89500625439008626e-04,-8.89495665238043817e-04,-3.55798266095217527e-03,-4.44748328639118368e-03,-4.44747832619021930e-03
2.10925000000000029e+00,2.10925000000000029e+00,8.29789596503703097e-01,-9.83518065666757479e-02,-9.83512618826245105e-02,-8.79602320442934827e-04,-8.79597449100230503e-04,-3.51838979640092158e-03,-4.39799211684385651e-03,-4.39798724550115230e-03
2.11650000000000027e+00,2.11650000000000027e+00,8.29078077737735564e-01,-9.79308572990547077e-02,-9.79303186555321864e-02,-8.69847563033031312e-04,-8.69842778659971256e-04,-3.47937111463988502e-03,-4.34921867767291623e-03,-4.34921389329985617e-03
2.12375000000000025e+00,2.12375000000000025e+00,8.28369599072866891e-01,-9.75131399972681834e-02,-9.75126073069884358e-02,-8.60233790370182132e-04,-8.60229091124742416e-04,-3.44091636449896966e-03,-4.30115015486915147e-03,-4.30114545562371164e-03
2.13100000000000023e+00,2.13100000000000023e+00,8.27664137207775208e-01,-9.70986189400804278e-02,-9.70980921172894390e-02,-8.50758493902227238e-04,-8.50753877987303836e-04,-3.40301551194921448e-03,-4.25377400585144182e-03,-4.25376938993651810e-03
2.13825000000000021e+00,2.13825000000000021e+00,8.26961669098235652e-01,-9.66872589207881106e-02,-9.66867378812388129e-02,-8.41419218034122050e-04,-8.41414683696350692e-04,-3.36565873478540233e-03,-4.20707795281952471e-03,-4.20707341848175313e-03
2.14550000000000018e+00,2.14550000000000018e+00,8.26262171953423774e-01,-9.62790252380614220e-02,-9.62785098990239646e-02,-8.32213558835175559e-04,-8.32209104364086912e-04,-3.32883641745634722e-03,-4.16104997629152245e-03,-4.16104552182043445e-03
2.15275000000000016e+00,2.15275000000000016e+00,8.25565623232283774e-01,-9.58738836870907107e-02,-9.58733739672841395e-02,-8.23139162783050244e-04,-8.23134786509567866e-04,-3.29253914603827146e-03,-4.11567830882132203e-03,-4.11567393254783954e-03
2.16000000000000014e+00,2.16000000000000014e+00,8.24872000639960912e-01,-9.54718005508112810e-02,-9.54712963703658463e-02,-8.14193725541471143e-04,-8.14189425836711806e-04,-3.25675770334684679e-03,-4.07095142888831783e-03,-4.07094712918355892e-03
2.16725000000000012e+00,2.16725000000000012e+00,8.24181282124297088e-01,-9.50727425912916146e-02,-9.50722438717611085e-02,-8.05374990771378870e-04,-8.05370766045907286e-04,-3.22148306418362914e-03,-4.02685805495500791e-03,-4.02685383022953654e-03
2.17450000000000010e+00,2.17450000000000010e+00,8.23493445872387264e-01,-9.46766770414271264e-02,-9.46761837057239902e-02,-7.96680748975739307e-04,-7.96676597678189018e-04,-3.18670639071275564e-03,-3.98338713968849484e-03,-3.98338298839094433e-03
2.18175000000000008e+00,2.18175000000000008e+00,8.22808470307196393e-01,-9.42835715966907628e-02,-9.42830835690611213e-02,-7.88108836374913158e-04,-7.88104756990978014e-04,-3.15241902796391249e-03,-3.94052786433882543e-03,-3.94052378495489061e-03
2.18900000000000006e+00,2.18900000000000006e+00,8.22126334084235189e-01,-9.38933944070896587e-02,-9.38929116130921837e-02,-7.79657133812947383e-04,-7.79653124864430045e-04,-3.11861249945772018e-03,-3.89826963327066746e-03,-3.89826562432215012e-03
2.19625000000000004e+00,2.19625000000000004e+00,8.21447016088293513e-01,-9.35061140693065340e-02,-9.35056364357761544e-02,-7.71323565693696829e-04,-7.71319625737455251e-04,-3.08527850294982101e-03,-3.85660206864351773e-03,-3.85659812868727626e-03
2.20350000000000001e+00,2.20350000000000001e+00,8.20770495430230285e-01,-9.31216996189547785e-02,-9.31212270739993492e-02,-7.63106098945322362e-04,-7.63102226572513558e-04,-3.05240890629005380e-03,-3.81551500523537616e-03,-3.81551113286256747e-03
2.21074999999999999e+00,2.21074999999999999e+00,8.20096751443818772e-01,-9.27401205230395931e-02,-9.27396529960215765e-02,-7.55002742013094366e-04,-7.54998935848312904e-04,-3.01999574339325205e-03,-3.77499848540634652e-03,-3.77499467924156517e-03
2.21799999999999997e+00,2.21799999999999997e+00,8.19425763682646191e-01,-9.23613466726251886e-02,-9.23608840940764453e-02,-7.47011543879676112e-04,-7.47007802579572624e-04,-2.98803121031829006e-03,-3.73504275419796628e-03,-3.73503901289786279e-03
2.22524999999999995e+00,2.22524999999999995e+00,8.18757511917065695e-01,-9.19853483754877743e-02,-9.19848906771223163e-02,-7.39130593110311034e-04,-7.39126915363036126e-04,-2.95650766145214450e-03,-3.69563825456245554e-03,-3.69563457681518041e-03
2.23249999999999993e+00,2.23249999999999993e+00,8.18091976131201659e-01,-9.16120963490101303e-02,-9.16116434637403859e-02,-7.31358016924264277e-04,-7.31354401448950720e-04,-2.92541760579580288e-03,-3.65677562272006705e-03,-3.65677200724475338e-03
2.23974999999999991e+00,2.23974999999999991e+00,8.17429136520005040e-01,-9.12415617133319756e-02,-9.12411135751763636e-02,-7.23691980291858695e-04,-7.23688425837252830e-04,-2.89475370334901132e-03,-3.61844568364087012e-03,-3.61844212918626404e-03
2.24699999999999989e+00,2.24699999999999989e+00,8.16768973486358352e-01,-9.08737159844292819e-02,-9.08732725285223003e-02,-7.16130685053785010e-04,-7.16127190397722758e-04,-2.86450876159089146e-03,-3.58063944664467658e-03,-3.58063595198861422e-03
2.25424999999999986e+00,2.25424999999999986e+00,8.16111467638230836e-01,-9.05085310674564880e-02,-9.05080922300355861e-02,-7.08672369064689651e-04,-7.08668933013402186e-04,-2.83467573205360918e-03,-3.54334810111829861e-03,-3.54334466506701137e-03
2.26149999999999984e+00,2.26149999999999984e+00,8.15456599785880254e-01,-9.01459792502166124e-02,-9.01455449685916732e-02,-7.01315305359283855e-04,-7.01311926746583155e-04,-2.80524770698633262e-03,-3.50656301234561658e-03,-3.50655963373291578e-03
2.26874999999999982e+00,2.26874999999999982e+00,8.14804350939102640e-01,-8.97860331967592629e-02,-8.97856034092675143e-02,-6.94057801340333376e-04,-6.94054479026706803e-04,-2.77621791610682721e-03,-3.47027571744716080e-03,-3.47027239513353391e-03
2.27599999999999980e+00,2.27599999999999980e+00,8.14154702304527245e-01,-8.94286659410425955e-02,-8.94282405870526487e-02,-6.86898197987421402e-04,-6.86894930859525380e-04,-2.74757972343810152e-03,-3.43447792142552270e-03,-3.43447465429762679e-03
2.28324999999999978e+00,2.28324999999999978e+00,8.13507635282957553e-01,-8.90738508807800144e-02,-8.90734299006851610e-02,-6.79834869086826305e-04,-6.79831656056909634e-04,-2.71932662422763854e-03,-3.39916149331446473e-03,-3.39915828028454839e-03
2.29049999999999976e+00,2.29049999999999976e+00,8.12863131466755928e-01,-8.87215617714431914e-02,-8.87211451066094725e-02,-6.72866220481697940e-04,-6.72863060486694753e-04,-2.69145224194677901e-03,-3.36431846242847684e-03,-3.36431530243347376e-03
2.29774999999999974e+00,2.29774999999999974e+00,8.12221172637271671e-01,-8.83717727202864012e-02,-8.83713603130531766e-02,-6.65990689340942819e-04,-6.65987581341984580e-04,-2.66395032536793875e-03,-3.32994101470888157e-03,-3.32993790670992312e-03
2.30500000000000016e+00,2.30500000000000016e+00,8.11581740762311710e-01,-8.80244581805555981e-02,-8.80240499742203503e-02,-6.59206743447529738e-04,-6.59203686429350125e-04,-2.63681474571740007e-03,-3.29602148916492959e-03,-3.29601843214675019e-03
2.31225000000000014e+00,2.31225000000000014e+00,8.10944817993653477e-01,-8.76795929458396017e-02,-8.76791888845987050e-02,-6.52512880505350546e-04,-6.52509873475375481e-04,-2.61003949390150149e-03,-3.26255237440685204e-03,-3.26254936737687719e-03
2.31950000000000012e+00,2.31950000000000012e+00,8.10310386664597093e-01,-8.73371521443786492e-02,-8.73367521733775659e-02,-6.45907627462749545e-04,-6.45904669451021190e-04,-2.58361867780408476e-03,-3.22952630526683430e-03,-3.22952334725510595e-03
2.32675000000000010e+00,2.32675000000000010e+00,8.09678429287559953e-01,-8.69971112337211139e-02,-8.69967152989749581e-02,-6.39389539855151983e-04,-6.39386629913297989e-04,-2.55754651965319152e-03,-3.19693605950834361e-03,-3.19693314956648929e-03
2.33400000000000007e+00,2.33400000000000007e+00,8.09048928551708180e-01,-8.66594459952594320e-02,-8.66590540436705387e-02,-6.32957201162810006e-04,-6.32954338363748070e-04,-2.53181735345499315e-03,-3.16477455461780304e-03,-3.16477169181874143e-03
2.34125000000000005e+00,2.34125000000000005e+00,8.08421867320628706e-01,-8.63241325290076134e-02,-8.63237445083426258e-02,-6.26609222185908754e-04,-6.26606405623263314e-04,-2.50642562249305369e-03,-3.13303484467896244e-03,-3.13303202811631700e-03
2.34850000000000003e+00,2.34850000000000003e+00,8.07797228630037556e-01,-8.59911472484569117e-02,-8.59907631073065365e-02,-6.20344240435358359e-04,-6.20341469222765300e-04,-2.48136587689106120e-03,-3.10171011732641956e-03,-3.10170734611382639e-03
2.35575000000000001e+00,2.35575000000000001e+00,8.07174995685526087e-01,-8.56604668754386012e-02,-8.56600865632522607e-02,-6.14160919538339232e-04,-6.14158192809305479e-04,-2.45663277123722192e-03,-3.07079369077556136e-03,-3.07079096404652739e-03
2.36299999999999999e+00,2.36299999999999999e+00,8.06555151860343655e-01,-8.53320684352638636e-02,-8.53316919022792664e-02,-6.08057948660131742e-04,-6.08055265567146648e-04,-2.43222106226858702e-03,-3.04027901092871877e-03,-3.04027632783573356e-03
2.37024999999999997e+00,2.37024999999999997e+00,8.05937680693214809e-01,-8.50059292517784115e-02,-8.50055564490259236e-02,-6.02034041939200149e-04,-6.02031401653400152e-04,-2.40812560661360061e-03,-3.01015964855280097e-03,-3.01015700826700065e-03
2.37750000000000039e+00,2.37750000000000039e+00,8.05322565886192887e-01,-8.46820269425734296e-02,-8.46816578218919785e-02,-5.96087937936893870e-04,-5.96085339647814101e-04,-2.38434135859125641e-03,-2.98042929652815028e-03,-2.98042669823907029e-03
2.38475000000000037e+00,2.38475000000000037e+00,8.04709791302547384e-01,-8.43603394143883634e-02,-8.43599739283517475e-02,-5.90218399101611886e-04,-5.90215842016316643e-04,-2.36086336806526614e-03,-2.95108176716687813e-03,-2.95107921008158289e-03
2.39200000000000035e+00,2.39200000000000035e+00,8.04099340964684273e-01,-8.40408448584000212e-02,-8.40404829603557807e-02,-5.84424211244904328e-04,-5.84421694587921475e-04,-2.33768677835168590e-03,-2.92211098959659034e-03,-2.92210847293960727e-03
2.39925000000000033e+00,2.39925000000000033e+00,8.03491199052100535e-01,-8.37235217457958925e-02,-8.37231633898197769e-02,-5.78704183031964131e-04,-5.78701706044636426e-04,-2.31480682417854570e-03,-2.89351100721050962e-03,-2.89350853022318213e-03
2.40650000000000031e+00,2.40650000000000031e+00,8.02885349899370215e-01,-8.34083488233119397e-02,-8.34079939641980128e-02,-5.73057145483905602e-04,-5.73054707424002223e-04,-2.29221882969600889e-03,-2.86527597517991471e-03,-2.86527353712001101e-03
2.41375000000000028e+00,2.41375000000000028e+00,8.02281777994162559e-01,-8.30953051088698658e-02,-8.30949537021400814e-02,-5.67481951492449605e-04,-5.67479551633919390e-04,-2.26991820653567756e-03,-2.83740015802812738e-03,-2.83739775816959673e-03
2.42100000000000026e+00,2.42100000000000026e+00,8.01680467975291577e-01,-8.27843698873707012e-02,-8.27840218892287732e-02,-5.61977475347067877e-04,-5.61975112979419371e-04,-2.24790045191767792e-03,-2.80987792726474558e-03,-2.80987556489709729e-03
2.42825000000000024e+00,2.42825000000000024e+00,8.01081404630795690e-01,-8.24755227064599694e-02,-8.24751780737975476e-02,-5.56542612273005664e-04,-5.56540286701055049e-04,-2.22616114680421976e-03,-2.78270375907722564e-03,-2.78270143350527492e-03
2.43550000000000022e+00,2.43550000000000022e+00,8.00484572896047908e-01,-8.21687433724491711e-02,-8.21684020628256906e-02,-5.51176277981139310e-04,-5.51173988524587019e-04,-2.20469595409834764e-03,-2.75587223207948706e-03,-2.75586994262293477e-03
2.44275000000000020e+00,2.44275000000000020e+00,7.99889957851895206e-01,-8.18640119462656912e-02,-8.18636739179096490e-02,-5.45877408228502385e-04,-5.45875154221662053e-04,-2.18350061688664865e-03,-2.72937802511515103e-03,-2.72937577110831091e-03
2.45000000000000018e+00,2.45000000000000018e+00,7.99297544722827102e-01,-8.15613087395163916e-02,-8.15609739513088877e-02,-5.40644958389764098e-04,-5.40642739181179622e-04,-2.16257095672471849e-03,-2.70321591511448259e-03,-2.70321369590589833e-03
2.45725000000000016e+00,2.45725000000000016e+00,7.98707318875172212e-01,-8.12606143106293644e-02,-8.12602827220645224e-02,-5.35477903039137631e-04,-5.35475717991056466e-04,-2.14190287196422587e-03,-2.67738077500336361e-03,-2.67737858995528233e-03
2.46450000000000014e+00,2.46450000000000014e+00,7.98119265815322998e-01,-8.09619094609814738e-02,-8.09615810321893808e-02,-5.30375235541841162e-04,-5.30373084030110234e-04,-2.12149233612044094e-03,-2.65186757166228221e-03,-2.65186542015055128e-03
2.47175000000000011e+00,2.47175000000000011e+00,7.97533371187987949e-01,-8.06651752312035342e-02,-8.06648499229278698e-02,-5.25335967656116731e-04,-5.25333849069783781e-04,-2.10133539627913556e-03,-2.62667136393525229e-03,-2.62666924534891945e-03
2.47900000000000009e+00,2.47900000000000009e+00,7.96949620774470513e-01,-8.03703928975068038e-02,-8.03700706710841484e-02,-5.20359129144513954e-04,-5.20357042885449686e-04,-2.08142817154179875e-03,-2.60178730068631259e-03,-2.60178521442724821e-03
2.48625000000000007e+00,2.48625000000000007e+00,7.96368000490974115e-01,-8.00775439680663226e-02,-8.00772247854172059e-02,-5.15443767394428796e-04,-5.15441712877032308e-04,-2.06176685150812880e-03,-2.57721061890255759e-03,-2.57720856438516110e-03
2.49350000000000005e+00,2.49350000000000005e+00,7.95788496386933608e-01,-7.97866101794468818e-02,-7.97862940031014295e-02,-5.10588947047569569e-04,-5.10586923698702643e-04,-2.04234769479481014e-03,-2.55293664184237960e-03,-2.55293461849351267e-03
2.50075000000000003e+00,2.50075000000000003e+00,7.95211094643372141e-01,-7.94975734932208411e-02,-7.94972602862513422e-02,-5.05793749639072321e-04,-5.05791756897400451e-04,-2.02316702758960137e-03,-2.52896077722867358e-03,-2.52895878448700182e-03
2.50800000000000001e+00,2.50800000000000001e+00,7.94635781571281896e-01,-7.92104160924722578e-02,-7.92101058185089579e-02,-5.01057273244070881e-04,-5.01055310559948234e-04,-2.00422124223979294e-03,-2.50527851548386360e-03,-2.50527655279974117e-03
2.51524999999999999e+00,2.51524999999999999e+00,7.94062543610031257e-01,-7.89251203784573363e-02,-7.89248130016927951e-02,-4.96378632133247450e-04,-4.96376698968531253e-04,-1.98550679587412501e-03,-2.48188542800737225e-03,-2.48188349484265627e-03
2.52249999999999996e+00,2.52249999999999996e+00,7.93491367325794283e-01,-7.86416689673501423e-02,-7.86413644525068706e-02,-4.91756956436679733e-04,-4.91755052264318169e-04,-1.96702020905727224e-03,-2.45877716549395197e-03,-2.45877526132159052e-03
2.52974999999999994e+00,2.52974999999999994e+00,7.92922239410004726e-01,-7.83600446869670009e-02,-7.83597429993087014e-02,-4.87191391815109808e-04,-4.87189516119010770e-04,-1.94875806447604352e-03,-2.43594945629115349e-03,-2.43594758059505418e-03
2.53699999999999992e+00,2.53699999999999992e+00,7.92355146677833244e-01,-7.80802305736472135e-02,-7.80799316789350939e-02,-4.82681099139549376e-04,-4.82679251414112203e-04,-1.93071700565644860e-03,-2.41339810479599803e-03,-2.41339625707056096e-03
2.54424999999999990e+00,2.54424999999999990e+00,7.91790076066686832e-01,-7.78022098690627217e-02,-7.78019137335842492e-02,-4.78225254177606517e-04,-4.78223433927710013e-04,-1.91289373571083983e-03,-2.39111898988844619e-03,-2.39111716963854963e-03
2.55149999999999988e+00,2.55149999999999988e+00,7.91227014634731773e-01,-7.75259660172125109e-02,-7.75256726077534625e-02,-4.73823047287936702e-04,-4.73821254028579451e-04,-1.89528501611431802e-03,-2.36910806340225478e-03,-2.36910627014289736e-03
2.55874999999999986e+00,2.55874999999999986e+00,7.90665949559437253e-01,-7.72514826613956984e-02,-7.72511919452308071e-02,-4.69473683121351677e-04,-4.69471916377413952e-04,-1.87788766550965559e-03,-2.34736134863100738e-03,-2.34735958188706960e-03
2.56599999999999984e+00,2.56599999999999984e+00,7.90106868136141616e-01,-7.69787436412485704e-02,-7.69784555861400682e-02,-4.65176380328938732e-04,-4.65174639634996880e-04,-1.86069855853998774e-03,-2.32587493886892652e-03,-2.32587319817498467e-03
2.57324999999999982e+00,2.57324999999999982e+00,7.89549757776639161e-01,-7.67077329898455673e-02,-7.67074475640376202e-02,-4.60930371277016259e-04,-4.60928656177136487e-04,-1.84371462470854573e-03,-2.30464499598556204e-03,-2.30464328088568222e-03
2.58049999999999979e+00,2.58049999999999979e+00,7.88994606007788812e-01,-7.64384349308713240e-02,-7.64381521030603472e-02,-4.56734901768794546e-04,-4.56733211816186518e-04,-1.82693284726474607e-03,-2.28366774903354056e-03,-2.28366605908093259e-03
2.58774999999999977e+00,2.58774999999999977e+00,7.88441400470141551e-01,-7.61708338757784986e-02,-7.61705536151233292e-02,-4.52589230772067132e-04,-4.52587565528982810e-04,-1.81035026211593124e-03,-2.26293949288799848e-03,-2.26293782764491400e-03
2.59499999999999975e+00,2.59499999999999975e+00,7.87890128916590049e-01,-7.59049144210450777e-02,-7.59046366971666830e-02,-4.48492630153460108e-04,-4.48490989191031939e-04,-1.79396395676412797e-03,-2.24245658691758819e-03,-2.24245494595515975e-03
2.60225000000000017e+00,2.60225000000000017e+00,7.87340779211036401e-01,-7.56406613454814192e-02,-7.56403861284500323e-02,-4.44444384418781044e-04,-4.44442767316789614e-04,-1.77777106926715802e-03,-2.22221545368593912e-03,-2.22221383658394774e-03
2.60950000000000015e+00,2.60950000000000015e+00,7.86793339327080399e-01,-7.53780596076083498e-02,-7.53777868678942725e-02,-4.40443790459440088e-04,-4.40442196805874259e-04,-1.76176878722349704e-03,-2.20221257768293734e-03,-2.20221098402937146e-03
2.61675000000000013e+00,2.61675000000000013e+00,7.86247797346726007e-01,-7.51170943429428917e-02,-7.51168240514689944e-02,-4.36490157303843010e-04,-4.36488586695062282e-04,-1.74595434678024891e-03,-2.18244450408409171e-03,-2.18244293347531109e-03
2.62400000000000011e+00,2.62400000000000011e+00,7.85704141459107719e-01,-7.48577508615184684e-02,-7.48574829896253569e-02,-4.32582805875534259e-04,-4.32581257915920145e-04,-1.73032503166368036e-03,-2.16290783753921457e-03,-2.16290628957960035e-03
2.63125000000000009e+00,2.63125000000000009e+00,7.85162359959234002e-01,-7.46000146453198454e-02,-7.45997491647728272e-02,-4.28721068756071166e-04,-4.28719543057927660e-04,-1.71487817223171042e-03,-2.14359924098778175e-03,-2.14359771528963797e-03
2.63850000000000007e+00,2.63850000000000007e+00,7.84622441246750513e-01,-7.43438713458530742e-02,-7.43436082287995542e-02,-4.24904289953783676e-04,-4.24902786136955506e-04,-1.69961114454782181e-03,-2.12451543450160527e-03,-2.12451393068477726e-03
2.64575000000000005e+00,2.64575000000000005e+00,7.84084373824719183e-01,-7.40893067816372763e-02,-7.40890460006349005e-02,-4.21131824677056777e-04,-4.21130342368959383e-04,-1.68452136947583775e-03,-2.10565319415289458e-03,-2.10565171184479713e-03
2.65300000000000002e+00,2.65300000000000002e+00,7.83548146298416848e-01,-7.38363069358385360e-02,-7.38360484638538317e-02,-4.17403039113281896e-04,-4.17401577948762440e-04,-1.66960631179504954e-03,-2.08700935090833138e-03,-2.08700788974381215e-03
2.66025000000000000e+00,2.66025000000000000e+00,7.83013747374149527e-01,-7.35848579539606362e-02,-7.35846017643219108e-02,-4.13717310212849355e-04,-4.13715869833793310e-04,-1.65486347933517346e-03,-2.06858078954802287e-03,-2.06857934916896682e-03
2.66749999999999998e+00,2.66749999999999998e+00,7.82481165858084360e-01,-7.33349461414576353e-02,-7.33346922078804420e-02,-4.10074025477308920e-04,-4.10072605532662031e-04,-1.64029042213064834e-03,-2.05036444760795748e-03,-2.05036302766331037e-03
2.67475000000000041e+00,2.67475000000000041e+00,7.81950390655098415e-01,-7.30865579614885519e-02,-7.30863062580706935e-02,-4.06472582752827338e-04,-4.06471182898446434e-04,-1.62588473159378552e-03,-2.03235731434661280e-03,-2.03235591449223195e-03
2.68200000000000038e+00,2.68200000000000038e+00,7.81421410767642710e-01,-7.28396800327075766e-02,-7.28394305338965903e-02,-4.02912390028221316e-04,-4.02911009926576154e-04,-1.61164403970630440e-03,-2.01455642973452555e-03,-2.01455504963288061e-03
2.68925000000000036e+00,2.68925000000000036e+00,7.80894215294624106e-01,-7.25942991270116522e-02,-7.25940518076251678e-02,-3.99392865237024918e-04,-3.99391504557197643e-04,-1.59756601822879057e-03,-1.99695888346581533e-03,-1.99695752278598827e-03
2.69650000000000034e+00,2.69650000000000034e+00,7.80368793430301078e-01,-7.23504021674088449e-02,-7.23501570026238577e-02,-3.95913436064396251e-04,-3.95912094481909926e-04,-1.58364837792763992e-03,-1.97956181399203601e-03,-1.97956047240954985e-03
2.70375000000000032e+00,2.70375000000000032e+00,7.79845134463196699e-01,-7.21079762259009271e-02,-7.21077331912340774e-02,-3.92473539758161135e-04,-3.92472216954763012e-04,-1.56988886781905227e-03,-1.96236240757721335e-03,-1.96236108477381528e-03
2.71100000000000030e+00,2.71100000000000030e+00,7.79323227775025495e-01,-7.18670085213730658e-02,-7.18667675926803196e-02,-3.89072622943858679e-04,-3.89071318607413404e-04,-1.55628527442965361e-03,-1.94535789737351229e-03,-1.94535659303706702e-03
2.71825000000000028e+00,2.71825000000000028e+00,7.78803062839636850e-01,-7.16274864175190373e-02,-7.16272475710141437e-02,-3.85710141443849192e-04,-3.85708855268334847e-04,-1.54283542107333939e-03,-1.92854556251718847e-03,-1.92854427634167429e-03
2.72550000000000026e+00,2.72550000000000026e+00,7.78284629221971502e-01,-7.13893974208872351e-02,-7.13891606330922246e-02,-3.82385560100844942e-04,-3.82384291785984578e-04,-1.52953716714393831e-03,-1.91192272724478320e-03,-1.91192145892992295e-03
2.73275000000000023e+00,2.73275000000000023e+00,7.77767916577033924e-01,-7.11527291788200955e-02,-7.11524944265880394e-02,-3.79098352604541778e-04,-3.79097101855828845e-04,-1.51638840742331516e-03,-1.89548676002785688e-03,-1.89548550927914395e-03
2.74000000000000021e+00,2.74000000000000021e+00,7.77252914648878579e-01,-7.09174694775214220e-02,-7.09172367380363627e-02,-3.75848001322531355e-04,-3.75846767851132388e-04,-1.50338707140452955e-03,-1.87923507272706085e-03,-1.87923383925566205e-03
2.74725000000000019e+00,2.74725000000000019e+00,7.76739613269609830e-01,-7.06836062401592358e-02,-7.06833754909099859e-02,-3.72633997134900075e-04,-3.72632780657421701e-04,-1.49053112262968659e-03,-1.86316511976458666e-03,-1.86316390328710823e-03
2.75450000000000017e+00,2.75450000000000017e+00,7.76228002358396285e-01,-7.04511275249402047e-02,-7.04508987437281048e-02,-3.69455839272092557e-04,-3.69454639510531624e-04,-1.47781855804212650e-03,-1.84727439731421916e-03,-1.84727319755265823e-03
2.76175000000000015e+00,2.76175000000000015e+00,7.75718071920498242e-01,-7.02200215232622327e-02,-7.02197946881957247e-02,-3.66313035156523581e-04,-3.66311851838149575e-04,-1.46524740735259852e-03,-1.83156044250912210e-03,-1.83155925919074804e-03
2.76900000000000013e+00,2.76900000000000013e+00,7.75209812046309010e-01,-6.99902765578883646e-02,-6.99900516473735135e-02,-3.63205100247553819e-04,-3.63203933104771874e-04,-1.45281573241908706e-03,-1.81602083266664094e-03,-1.81601966552385899e-03
2.77625000000000011e+00,2.77625000000000011e+00,7.74703212910408889e-01,-6.97618810811277967e-02,-6.97616580738774361e-02,-3.60131557889677460e-04,-3.60130406659990847e-04,-1.44052162663996317e-03,-1.80065318452964063e-03,-1.80065203329995397e-03
2.78350000000000009e+00,2.78350000000000009e+00,7.74198264770632583e-01,-6.95348236731092584e-02,-6.95346025481078239e-02,-3.57091939164287328e-04,-3.57090803590032744e-04,-1.42836321436013098e-03,-1.78545515352441825e-03,-1.78545401795016361e-03
2.79075000000000006e+00,2.79075000000000006e+00,7.73694957967148822e-01,-6.93090930399833383e-02,-6.93088737765071017e-02,-3.54085782744096287e-04,-3.54084662572467926e-04,-1.41633865028987192e-03,-1.77042443303396810e-03,-1.77042331286233990e-03
2.79800000000000004e+00,2.79800000000000004e+00,7.73193282921552871e-01,-6.90846780122313930e-02,-6.90844605898456865e-02,-3.51112634751061658e-04,-3.51111529734017373e-04,-1.40444611893606949e-03,-1.75555875368713110e-03,-1.75555764867008687e-03
2.80525000000000002e+00,2.80525000000000002e+00,7.72693230135971465e-01,-6.88615675429957719e-02,-6.88613519415356423e-02,-3.48172048617297362e-04,-3.48170958511382863e-04,-1.39268383404553145e-03,-1.74085588266282881e-03,-1.74085479255691421e-03
2.81250000000000000e+00,2.81250000000000000e+00,7.72194790192179403e-01,-6.86397507064029355e-02,-6.86395369059715071e-02,-3.45263584948762663e-04,-3.45262509515028410e-04,-1.38105003806011342e-03,-1.72631362300887598e-03,-1.72631254757514173e-03
2.81974999999999998e+00,2.81974999999999998e+00,7.71697953750728582e-01,-6.84192166959221026e-02,-6.84190046768976545e-02,-3.42386811391878082e-04,-3.42385750395841611e-04,-1.36954300158336623e-03,-1.71192981297524425e-03,-1.71192875197920778e-03
2.82699999999999996e+00,2.82699999999999996e+00,7.71202711550088571e-01,-6.81999548227736341e-02,-6.81997445658019674e-02,-3.39541302503074409e-04,-3.39540255714609418e-04,-1.35816102285843746e-03,-1.69770232536151176e-03,-1.69770127857304682e-03
2.83424999999999994e+00,2.83424999999999994e+00,7.70709054405798399e-01,-6.79819545143516279e-02,-6.79817460003350471e-02,-3.36726639621027937e-04,-3.36725606814239440e-04,-1.34690242725695798e-03,-1.68362906687798586e-03,-1.68362803407119742e-03
2.84149999999999991e+00,2.84149999999999991e+00,7.70216973209630451e-01,-6.77652053126678311e-02,-6.77649985227547491e-02,-3.33942410741559304e-04,-3.33941391694663880e-04,-1.33576556677865574e-03,-1.66970797752021504e-03,-1.66970695847331956e-03
2.84874999999999989e+00,2.84874999999999989e+00,7.69726458928764679e-01,-6.75496968728026559e-02,-6.75494917883953244e-02,-3.31188210395064056e-04,-3.31187204890361769e-04,-1.32474881956144708e-03,-1.65593702995651113e-03,-1.65593602445180885e-03
2.85599999999999987e+00,2.85599999999999987e+00,7.69237502604974810e-01,-6.73354189614130405e-02,-6.73352155641609579e-02,-3.28463639526663156e-04,-3.28462647350439706e-04,-1.31385058940175882e-03,-1.64231422892842198e-03,-1.64231323675219842e-03
2.86324999999999985e+00,2.86324999999999985e+00,7.68750095353824214e-01,-6.71223614552403092e-02,-6.71221597270430653e-02,-3.25768305378733032e-04,-3.25767326321209718e-04,-1.30306930528483909e-03,-1.62883761066357218e-03,-1.62883663160604875e-03
2.87049999999999983e+00,2.87049999999999983e+00,7.68264228363873869e-01,-6.69105143396606650e-02,-6.69103142626610303e-02,-3.23101821375970395e-04,-3.23100855231207732e-04,-1.29240342092483114e-03,-1.61550524230080154e-03,-1.61550427615603882e-03
2.87774999999999981e+00,2.87774999999999981e+00,7.67779892895899096e-01,-6.66998677072641044e-02,-6.66996692638258254e-02,-3.20463807012864735e-04,-3.20462853578594290e-04,-1.28185141431437738e-03,-1.60231522132724211e-03,-1.60231426789297178e-03
2.88499999999999979e+00,2.88499999999999979e+00,7.67297080282118515e-01,-6.64904117564120156e-02,-6.64902149291263928e-02,-3.17853887743285940e-04,-3.17852946820883827e-04,-1.27141178728353531e-03,-1.58926567502682119e-03,-1.58926473410441913e-03
2.89224999999999977e+00,2.89224999999999977e+00,7.66815781925431206e-01,-6.62821367898374092e-02,-6.62819415615378410e-02,-3.15271694872448533e-04,-3.15270766266946795e-04,-1.26108306506778718e-03,-1.57635475994023560e-03,-1.57635383133473408e-03
2.89950000000000019e+00,2.89950000000000019e+00,7.66335989298665976e-01,-6.60750332132806761e-02,-6.60748395670517213e-02,-3.12716865451163689e-04,-3.12715948971235066e-04,-1.25086379588494026e-03,-1.56358066133610390e-03,-1.56357974485617527e-03
2.90675000000000017e+00,2.90675000000000017e+00,7.65857693943838513e-01,-6.58690915342319272e-02,-6.58688994533274674e-02,-3.10189042172662058e-04,-3.10188137630176548e-04,-1.24075255052070619e-03,-1.55094159269336825e-03,-1.55094068815088285e-03
2.91400000000000015e+00,2.91400000000000015e+00,7.65380887471419635e-01,-6.56643023604530640e-02,-6.56641118283647629e-02,-3.07687873270393779e-04,-3.07686980480690231e-04,-1.23074792192276071e-03,-1.53843579519315449e-03,-1.53843490240345099e-03
2.92125000000000012e+00,2.92125000000000012e+00,7.64905561559611979e-01,-6.54606563987627510e-02,-6.54604673991965730e-02,-3.05213012419052474e-04,-3.05212131200774004e-04,-1.22084852480309580e-03,-1.52606153722214827e-03,-1.52606065600386981e-03
2.92850000000000010e+00,2.92850000000000010e+00,7.64431707953637574e-01,-6.52581444537077004e-02,-6.52579569706024931e-02,-3.02764118636988813e-04,-3.02763248812117449e-04,-1.21105299524846958e-03,-1.51381711388545834e-03,-1.51381624406058714e-03
2.93575000000000008e+00,2.93575000000000008e+00,7.63959318465033177e-01,-6.50567574263689608e-02,-6.50565714438417070e-02,-3.00340856191141383e-04,-3.00339997584692423e-04,-1.20135999033876969e-03,-1.50170084652991118e-03,-1.50169998792346222e-03
2.94300000000000006e+00,2.94300000000000006e+00,7.63488384970955170e-01,-6.48564863130332014e-02,-6.48563018154056370e-02,-2.97942894503179848e-04,-2.97942046943277812e-04,-1.19176818777311125e-03,-1.48971108227629115e-03,-1.48971023471638911e-03
2.95025000000000004e+00,2.95025000000000004e+00,7.63018899413494212e-01,-6.46573222039705797e-02,-6.46571391757896907e-02,-2.95569908057950585e-04,-2.95569071375874153e-04,-1.18227628550349661e-03,-1.47784619356144714e-03,-1.47784535687937087e-03
2.95750000000000002e+00,2.95750000000000002e+00,7.62550853798997674e-01,-6.44592562822765558e-02,-6.44590747082838256e-02,-2.93221576313972378e-04,-2.93220750343965307e-04,-1.17288300137586145e-03,-1.46610457768983388e-03,-1.46610375171982686e-03
2.96475000000000000e+00,2.96475000000000000e+00,7.62084240197401175e-01,-6.42622798226852865e-02,-6.42620996877815293e-02,-2.90897583615519278e-04,-2.90896768194585378e-04,-1.16358707277834173e-03,-1.45448465639386095e-03,-1.45448384097292705e-03
2.97200000000000042e+00,2.97200000000000042e+00,7.61619050741568882e-01,-6.40663841902622266e-02,-6.40662054796070635e-02,-2.88597619105841546e-04,-2.88596814074150714e-04,-1.15438725629660286e-03,-1.44298487540244435e-03,-1.44298407037075352e-03
2.97925000000000040e+00,2.97925000000000040e+00,7.61155277626642257e-01,-6.38715608394875289e-02,-6.38713835383605127e-02,-2.86321376643801514e-04,-2.86320581844017367e-04,-1.14528232737606947e-03,-1.43160370401987109e-03,-1.43160290922008694e-03
2.98650000000000038e+00,2.98650000000000038e+00,7.60692913109396351e-01,-6.36778013128775910e-02,-6.36776254067801945e-02,-2.84068554720026320e-04,-2.84067769997723991e-04,-1.13627107999089596e-03,-1.42033963471092234e-03,-1.42033884998862001e-03
2.99375000000000036e+00,2.99375000000000036e+00,7.60231949507605531e-01,-6.34850972399974012e-02,-6.34849227146225825e-02,-2.81838856376399340e-04,-2.81838081579885121e-04,-1.12735232631954048e-03,-1.40919118269593972e-03,-1.40919040789942566e-03
3.00099999999999989e+00,3.00099999999999989e+00,7.59772379199416314e-01,-6.32934403363591969e-02,-6.32932671775588429e-02,-2.79631989126570221e-04,-2.79631224106695786e-04,-1.11852489642678314e-03,-1.39815688555335331e-03,-1.39815612053347882e-03
3.00825000000000031e+00,3.00825000000000031e+00,7.59314194622728311e-01,-6.31028224022713857e-02,-6.31026505960881057e-02,-2.77447664877747803e-04,-2.77446909488011689e-04,-1.10978763795204676e-03,-1.38723530282979456e-03,-1.38723454744005834e-03
3.01550000000000029e+00,3.01550000000000029e+00,7.58857388274583378e-01,-6.29132353218153639e-02,-6.29130648544671961e-02,-2.75285599854533237e-04,-2.75284853950973291e-04,-1.10113941580389295e-03,-1.37642501565842608e-03,-1.37642426975486624e-03
3.02275000000000027e+00,3.02275000000000027e+00,7.58401952710561988e-01,-6.27246710617797021e-02,-6.27245019196561032e-02,-2.73145514523995974e-04,-2.73144777965133299e-04,-1.09257911186053341e-03,-1.36572462638452933e-03,-1.36572388982566682e-03
3.03000000000000025e+00,3.03000000000000025e+00,7.57947880544187602e-01,-6.25371216706227528e-02,-6.25369538402795050e-02,-2.71027133522282605e-04,-2.71026406169062092e-04,-1.08410562467624837e-03,-1.35513275819853108e-03,-1.35513203084531046e-03
3.03725000000000023e+00,3.03725000000000023e+00,7.57495164446338021e-01,-6.23505792774281531e-02,-6.23504127456035867e-02,-2.68930185582567775e-04,-2.68929467298391388e-04,-1.07571786919356534e-03,-1.34464805477613322e-03,-1.34464733649195672e-03
3.04450000000000021e+00,3.04450000000000021e+00,7.57043797144664854e-01,-6.21650360909526967e-02,-6.21648708445282291e-02,-2.66854403464749908e-04,-2.66853694115269928e-04,-1.06741477646107993e-03,-1.33426917992582978e-03,-1.33426847057634980e-03
3.05175000000000018e+00,3.05175000000000018e+00,7.56593771423019201e-01,-6.19804843985676257e-02,-6.19803204245940181e-02,-2.64799523885999384e-04,-2.64798823339197230e-04,-1.05919529335678870e-03,-1.32399481724278798e-03,-1.32399411669598599e-03
3.05900000000000016e+00,3.05900000000000016e+00,7.56145080120885660e-01,-6.17969165652851871e-02,-6.17967538510040548e-02,-2.62765287452963216e-04,-2.62764595579205928e-04,-1.05105838231682371e-03,-1.31382366976978693e-03,-1.31382297789602964e-03
3.06625000000000014e+00,3.06625000000000014e+00,7.55697716132822550e-01,-6.16143250328917702e-02,-6.16141635656602127e-02,-2.60751438595679345e-04,-2.60750755267364189e-04,-1.04300302106945676e-03,-1.30375445966513610e-03,-1.30375377633682094e-03
3.07350000000000012e+00,3.07350000000000012e+00,7.55251672407908692e-01,-6.14327023188678822e-02,-6.14325420862134944e-02,-2.58757725501811164e-04,-2.58757050593567885e-04,-1.03502820237427154e-03,-1.29378592787608281e-03,-1.29378525296783937e-03
3.08075000000000010e+00,3.08075000000000010e+00,7.54806941949198951e-01,-6.12520410155070749e-02,-6.12518820051285370e-02,-2.56783900052936652e-04,-2.56783233441596522e-04,-1.02713293376638587e-03,-1.28391683381932258e-03,-1.28391616720798245e-03
3.08800000000000008e+00,3.08800000000000008e+00,7.54363517813183893e-01,-6.10723337890419771e-02,-6.10721759887616483e-02,-2.54829717762038589e-04,-2.54829059326403256e-04,-1.01931623730561324e-03,-1.27414595506765188e-03,-1.27414529663201644e-03
3.09525000000000006e+00,3.09525000000000006e+00,7.53921393109257876e-01,-6.08935733786353239e-02,-6.08934167764524567e-02,-2.52894937711580458e-04,-2.52894287332614605e-04,-1.01157714933045842e-03,-1.26447208704203893e-03,-1.26447143666307297e-03
3.10250000000000004e+00,3.10250000000000004e+00,7.53480560999193583e-01,-6.07157525955841493e-02,-6.07155971796288149e-02,-2.50979322493603677e-04,-2.50978680054211791e-04,-1.00391472021684716e-03,-1.25489404271045095e-03,-1.25489340027105890e-03
3.10975000000000001e+00,3.10975000000000001e+00,7.53041014696621880e-01,-6.05388643223889744e-02,-6.05387100809246653e-02,-2.49082638150360976e-04,-2.49082003535369884e-04,-9.96328014141479538e-04,-1.24541065229184051e-03,-1.24541001767684931e-03
3.11699999999999999e+00,3.11699999999999999e+00,7.52602747466519006e-01,-6.03629015118585244e-02,-6.03627484333107978e-02,-2.47204654116180709e-04,-2.47204027212428654e-04,-9.88816108849714616e-04,-1.23602076296589532e-03,-1.23602013606214332e-03
3.12424999999999997e+00,3.12424999999999997e+00,7.52165752624699979e-01,-6.01878571862997092e-02,-6.01877052592382153e-02,-2.45345143160738475e-04,-2.45344523856972003e-04,-9.81378095427888012e-04,-1.22672323858862660e-03,-1.22672261928485991e-03
3.13149999999999995e+00,3.13149999999999995e+00,7.51730023537317660e-01,-6.00137244366791833e-02,-6.00135736497938443e-02,-2.43503881333242039e-04,-2.43503269519991343e-04,-9.74013078079965264e-04,-1.21751695941320738e-03,-1.21751634759995672e-03
3.13874999999999993e+00,3.13874999999999993e+00,7.51295553620368151e-01,-5.98404964217351676e-02,-5.98403467638684294e-02,-2.41680647907427094e-04,-2.41680043477110479e-04,-9.66720173908441915e-04,-1.20840082181586893e-03,-1.20840021738555237e-03
3.14599999999999991e+00,3.14599999999999991e+00,7.50862336339202519e-01,-5.96681663672100626e-02,-5.96680178273365017e-02,-2.39875225328034920e-04,-2.39874628174849053e-04,-9.59498512699396319e-04,-1.19937373802743116e-03,-1.19937314087424532e-03
3.15325000000000033e+00,3.15325000000000033e+00,7.50430365208043626e-01,-5.94967275650262195e-02,-5.94965801322479629e-02,-2.38087399158026970e-04,-2.38086809177902645e-04,-9.52347236711610580e-04,-1.19043463586963752e-03,-1.19043404588951331e-03
3.16050000000000031e+00,3.16050000000000031e+00,7.49999633789509512e-01,-5.93261733724901319e-02,-5.93260270360314382e-02,-2.36316958026862789e-04,-2.36316375117418253e-04,-9.45265500469673011e-04,-1.18158245849653591e-03,-1.18158187558709124e-03
3.16775000000000029e+00,3.16775000000000029e+00,7.49570135694142436e-01,-5.91564972114824172e-02,-5.91563519607088903e-02,-2.34563693579650713e-04,-2.34563117640243545e-04,-9.38252470560974289e-04,-1.17281616414062506e-03,-1.17281558820121778e-03
3.17500000000000027e+00,3.17500000000000027e+00,7.49141864579943029e-01,-5.89876925677188524e-02,-5.89875483921214958e-02,-2.32827400427491118e-04,-2.32826831359129972e-04,-9.31307325436519780e-04,-1.16413472586401087e-03,-1.16413415679564964e-03
3.18225000000000025e+00,3.18225000000000025e+00,7.48714814151910546e-01,-5.88197529899616711e-02,-5.88196098791665054e-02,-2.31107876098510695e-04,-2.31107313803869264e-04,-9.24429255215477165e-04,-1.15553713131398778e-03,-1.15553656901934637e-03
3.18950000000000022e+00,3.18950000000000022e+00,7.48288978161588569e-01,-5.86526720893019160e-02,-5.86525300330450333e-02,-2.29404920990049146e-04,-2.29404365373344482e-04,-9.17617461493377713e-04,-1.14702238248342680e-03,-1.14702182686672225e-03
3.19675000000000020e+00,3.19675000000000020e+00,7.47864350406615697e-01,-5.84864435383849468e-02,-5.84863025265203451e-02,-2.27718338321473583e-04,-2.27717789288474695e-04,-9.10871157153898673e-04,-1.13858949547537228e-03,-1.13858894644237331e-03
3.20400000000000018e+00,3.20400000000000018e+00,7.47440924730282008e-01,-5.83210610706785815e-02,-5.83209210931867963e-02,-2.26047934087998247e-04,-2.26047391546037318e-04,-9.04189566184149382e-04,-1.13023750027214757e-03,-1.13023695773018678e-03
3.21125000000000016e+00,3.21125000000000016e+00,7.47018695021090862e-01,-5.81565184797554480e-02,-5.81563795267489927e-02,-2.24393517015376479e-04,-2.24392980873347459e-04,-8.97571923493389726e-04,-1.12196544050876612e-03,-1.12196490436673713e-03
3.21850000000000014e+00,3.21850000000000014e+00,7.46597655212325573e-01,-5.79928096186179687e-02,-5.79926716803111364e-02,-2.22754898515557288e-04,-2.22754368683777439e-04,-8.91017474735109863e-04,-1.11377237325066721e-03,-1.11377184341888719e-03
3.22575000000000012e+00,3.22575000000000012e+00,7.46177799281620868e-01,-5.78299283989665014e-02,-5.78297914656762668e-02,-2.21131892642905970e-04,-2.21131369033099198e-04,-8.84525476132396794e-04,-1.10565736877530274e-03,-1.10565684516549597e-03
3.23300000000000010e+00,3.23300000000000010e+00,7.45759121250540558e-01,-5.76678687904674803e-02,-5.76677328526554664e-02,-2.19524316051195544e-04,-2.19523798576632426e-04,-8.78095194306529703e-04,-1.09761951035772525e-03,-1.09761899288316205e-03
3.24025000000000007e+00,3.24025000000000007e+00,7.45341615184159090e-01,-5.75066248201636654e-02,-5.75064898683866274e-02,-2.17931987951893726e-04,-2.17931476527181549e-04,-8.71725906108726197e-04,-1.08965789406061998e-03,-1.08965738263590772e-03
3.24750000000000005e+00,3.24750000000000005e+00,7.44925275190648217e-01,-5.73461905717493892e-02,-5.73460565966626770e-02,-2.16354730072668182e-04,-2.16354224613745229e-04,-8.65416898454980914e-04,-1.08177162852764902e-03,-1.08177112306872625e-03
3.25475000000000003e+00,3.25475000000000003e+00,7.44510095420868767e-01,-5.71865601848742244e-02,-5.71864271772692806e-02,-2.14792366616725503e-04,-2.14791867040983400e-04,-8.59167468163933492e-04,-1.07395983478065908e-03,-1.07395933520491697e-03
3.26200000000000001e+00,3.26200000000000001e+00,7.44096070067967519e-01,-5.70277278545674449e-02,-5.70275958053316628e-02,-2.13244724223312417e-04,-2.13244230449425107e-04,-8.52976921797700426e-04,-1.06622164602101274e-03,-1.06622115224712551e-03
3.26924999999999999e+00,3.26924999999999999e+00,7.43683193366977524e-01,-5.68696878305630094e-02,-5.68695567306704564e-02,-2.11711631928531455e-04,-2.11711143876402850e-04,-8.46844575505611400e-04,-1.05855620743414277e-03,-1.05855571938201433e-03
3.27649999999999997e+00,3.27649999999999997e+00,7.43271459594424311e-01,-5.67124344166174410e-02,-5.67123042571665154e-02,-2.10192921126811297e-04,-2.10192438717697963e-04,-8.40769754870791851e-04,-1.05096267599760307e-03,-1.05096219358848976e-03
3.28374999999999995e+00,3.28374999999999995e+00,7.42860863067936528e-01,-5.65559619699413929e-02,-5.65558327421344931e-02,-2.08688425533466650e-04,-2.08687948689883449e-04,-8.34751794759533796e-04,-1.04344022029300050e-03,-1.04343974344941722e-03
3.29099999999999993e+00,3.29099999999999993e+00,7.42451398145860142e-01,-5.64002649005743706e-02,-5.64001365957049680e-02,-2.07197981147693664e-04,-2.07197509793348813e-04,-8.28790039173395252e-04,-1.03598802032108884e-03,-1.03598754896674396e-03
3.29824999999999990e+00,3.29824999999999990e+00,7.42043059226878188e-01,-5.62453376707523489e-02,-5.62452102802151327e-02,-2.05721426216178688e-04,-2.05720960275994358e-04,-8.22883841103977322e-04,-1.02860526732015596e-03,-1.02860480137997173e-03
3.30550000000000033e+00,3.30550000000000033e+00,7.41635840749634290e-01,-5.60911747942967054e-02,-5.60910483096077883e-02,-2.04258601197411266e-04,-2.04258140597580258e-04,-8.17032562390321141e-04,-1.02129116358773246e-03,-1.02129070298790140e-03
3.31275000000000031e+00,3.31275000000000031e+00,7.41229737192360849e-01,-5.59377708360955239e-02,-5.59376452488386383e-02,-2.02809348726945950e-04,-2.02808893394718786e-04,-8.11235573578875037e-04,-1.01404492230582110e-03,-1.01404446697359388e-03
3.32000000000000028e+00,3.32000000000000028e+00,7.40824743072510894e-01,-5.57851204114356847e-02,-5.57849957132914784e-02,-2.01373513582717341e-04,-2.01373063446493716e-04,-8.05492253785974866e-04,-1.00686576736869226e-03,-1.00686531723246861e-03
3.32725000000000026e+00,3.32725000000000026e+00,7.40420852946395036e-01,-5.56332181854273244e-02,-5.56330943682015883e-02,-1.99950942651284133e-04,-1.99950497640698568e-04,-7.99801990562794382e-04,-9.99752933214078515e-04,-9.99752488203492842e-04
3.33450000000000024e+00,3.33450000000000024e+00,7.40018061408822203e-01,-5.54820588725206676e-02,-5.54819359280868327e-02,-1.98541484894978928e-04,-1.98541044940677477e-04,-7.94164179762709907e-04,-9.92705664657688889e-04,-9.92705224703387384e-04
3.34175000000000022e+00,3.34175000000000022e+00,7.39616363092743478e-01,-5.53316372358594322e-02,-5.53315151561863880e-02,-1.97144991319032214e-04,-1.97144556352758224e-04,-7.88578225411032787e-04,-9.85723216730065082e-04,-9.85722781763790929e-04
3.34900000000000020e+00,3.34900000000000020e+00,7.39215752668902271e-01,-5.51819480867479228e-02,-5.51818268639073031e-02,-1.95761314939661642e-04,-1.95760884894266297e-04,-7.83043539577065188e-04,-9.78804854516726911e-04,-9.78804424471331567e-04
3.35625000000000018e+00,3.35625000000000018e+00,7.38816224845485592e-01,-5.50329862841465456e-02,-5.50328659102782558e-02,-1.94390310752801272e-04,-1.94389885562106689e-04,-7.77559542248426757e-04,-9.71949853001227975e-04,-9.71949427810533473e-04
3.36350000000000016e+00,3.36350000000000016e+00,7.38417774367782109e-01,-5.48847467340607409e-02,-5.48846272014108863e-02,-1.93031835702984166e-04,-1.93031415301903682e-04,-7.72125661207614727e-04,-9.65157496910598947e-04,-9.65157076509518463e-04
3.37075000000000014e+00,3.37075000000000014e+00,7.38020396017841751e-01,-5.47372243890649202e-02,-5.47371056899682365e-02,-1.91685748653224678e-04,-1.91685332977686390e-04,-7.66741331910745561e-04,-9.58427080563970185e-04,-9.58426664888431925e-04
3.37800000000000011e+00,3.37800000000000011e+00,7.37624084614140640e-01,-5.45904142477766641e-02,-5.45902963746403638e-02,-1.90351910355233804e-04,-1.90351499342110284e-04,-7.61405997368441137e-04,-9.51757907723674995e-04,-9.51757496710551394e-04
3.38525000000000009e+00,3.38525000000000009e+00,7.37228835011249028e-01,-5.44443113543024992e-02,-5.44441942996269843e-02,-1.89030183420035505e-04,-1.89029777007203163e-04,-7.56119108028812758e-04,-9.45149291448848291e-04,-9.45148885036015867e-04
3.39250000000000007e+00,3.39250000000000007e+00,7.36834642099503334e-01,-5.42989107977476237e-02,-5.42987945541269917e-02,-1.87720432289298811e-04,-1.87720030415625935e-04,-7.50880121662503741e-04,-9.38600553951802552e-04,-9.38600152078129650e-04
3.39975000000000005e+00,3.39975000000000005e+00,7.36441500804681626e-01,-5.41542077117469489e-02,-5.41540922718348125e-02,-1.86422523207221985e-04,-1.86422125812437561e-04,-7.45688503249750134e-04,-9.32111026456972146e-04,-9.32110629062187640e-04
3.40700000000000003e+00,3.40700000000000003e+00,7.36049406087682989e-01,-5.40101972738895597e-02,-5.40100826304434206e-02,-1.85136324192520239e-04,-1.85135931217354782e-04,-7.40543724869419128e-04,-9.25680049061939313e-04,-9.25679656086773883e-04
3.41425000000000001e+00,3.41425000000000001e+00,7.35658352944210225e-01,-5.38668747052994945e-02,-5.38667608511540011e-02,-1.83861705011416034e-04,-1.83861316397496480e-04,-7.35445265589986029e-04,-9.19306970601402036e-04,-9.19306581987482455e-04
3.42149999999999999e+00,3.42149999999999999e+00,7.35268336404456102e-01,-5.37242352701454706e-02,-5.37241221981920314e-02,-1.82598537150834760e-04,-1.82598152840603335e-04,-7.30392611362413232e-04,-9.12991148513247965e-04,-9.12990764203016540e-04
3.42874999999999996e+00,3.42874999999999996e+00,7.34879351532793157e-01,-5.35822742750937664e-02,-5.35821619783297953e-02,-1.81346693791853322e-04,-1.81346313728723374e-04,-7.25385254914893605e-04,-9.06731948706746872e-04,-9.06731568643617033e-04
3.43599999999999994e+00,3.43599999999999994e+00,7.34491393427467276e-01,-5.34409870689174227e-02,-5.34408755404152599e-02,-1.80106049784117204e-04,-1.80105673912355375e-04,-7.20422695649421498e-04,-9.00528745433538729e-04,-9.00528369561776846e-04
3.44324999999999992e+00,3.44324999999999992e+00,7.34104457220293827e-01,-5.33003690420201792e-02,-5.33002582749069823e-02,-1.78876481620391639e-04,-1.78876109885038880e-04,-7.15504439540155411e-04,-8.94380921160547104e-04,-8.94380549425194318e-04
3.45050000000000034e+00,3.45050000000000034e+00,7.33718538076358007e-01,-5.31604156259035676e-02,-5.31603056134152957e-02,-1.77657867411342986e-04,-1.77657499758384968e-04,-7.10629999033539871e-04,-8.88287866444882829e-04,-8.88287498791924838e-04
3.45775000000000032e+00,3.45775000000000032e+00,7.33333631193718083e-01,-5.30211222928400616e-02,-5.30210130282494432e-02,-1.76450086861423144e-04,-1.76449723237537585e-04,-7.05798892950150122e-04,-8.82248979811573212e-04,-8.82248616187687653e-04
3.46500000000000030e+00,3.46500000000000030e+00,7.32949731803111848e-01,-5.28824845552904321e-02,-5.28823760319705460e-02,-1.75253021244297876e-04,-1.75252661597056526e-04,-7.01010646388226214e-04,-8.76263667632524090e-04,-8.76263307985282740e-04
3.47225000000000028e+00,3.47225000000000028e+00,7.32566835167666297e-01,-5.27444979655697921e-02,-5.27443901769505535e-02,-1.74066553379503581e-04,-1.74066197657216532e-04,-6.96264790628866237e-04,-8.70331344008369763e-04,-8.70330988286082742e-04
3.47950000000000026e+00,3.47950000000000026e+00,7.32184936582611079e-01,-5.26071581153360057e-02,-5.26070510549368486e-02,-1.72890567608897905e-04,-1.72890215760711414e-04,-6.91560863042845657e-04,-8.64451430651743563e-04,-8.64451078803557017e-04
3.48675000000000024e+00,3.48675000000000024e+00,7.31804031374993946e-01,-5.24704606352273117e-02,-5.24703542966224942e-02,-1.71724949773985856e-04,-1.71724601749757551e-04,-6.86898406999030095e-04,-8.58623356773015951e-04,-8.58623008748787700e-04
3.49400000000000022e+00,3.49400000000000022e+00,7.31424114903400202e-01,-5.23344011943933651e-02,-5.23342955712221072e-02,-1.70569587193265446e-04,-1.70569242943588206e-04,-6.82276971774352934e-04,-8.52846558967618380e-04,-8.52846214717941113e-04
3.50125000000000020e+00,3.50125000000000020e+00,7.31045182557675255e-01,-5.21989755000547007e-02,-5.21988705860532073e-02,-1.69424368640035486e-04,-1.69424028116331823e-04,-6.77696112465327400e-04,-8.47120481105362831e-04,-8.47120140581659195e-04
3.50850000000000017e+00,3.50850000000000017e+00,7.30667229758649506e-01,-5.20641792971687778e-02,-5.20640750861229504e-02,-1.68289184320907916e-04,-1.68288847475265934e-04,-6.73155389901063626e-04,-8.41444574221971516e-04,-8.41444237376329533e-04
3.51575000000000015e+00,3.51575000000000015e+00,7.30290251957866343e-01,-5.19300083679681279e-02,-5.19299048537201421e-02,-1.67163925854254278e-04,-1.67163592639440355e-04,-6.68654370557761530e-04,-8.35818296412015808e-04,-8.35817963197201886e-04
3.52300000000000013e+00,3.52300000000000013e+00,7.29914244637313914e-01,-5.17964585315411341e-02,-5.17963557080126230e-02,-1.66048486249138684e-04,-1.66048156618663100e-04,-6.64192626474652400e-04,-8.30241112723791030e-04,-8.30240783093315554e-04
3.53025000000000011e+00,3.53025000000000011e+00,7.29539203309159001e-01,-5.16635256434625489e-02,-5.16634235046497386e-02,-1.64942759884749099e-04,-1.64942433792840604e-04,-6.59769735171362526e-04,-8.24712495056111571e-04,-8.24712168964203103e-04
3.53750000000000009e+00,3.53750000000000009e+00,7.29165123515483682e-01,-5.15312055954240122e-02,-5.15311041353698693e-02,-1.63846642490159046e-04,-1.63846319891667019e-04,-6.55385279566667966e-04,-8.19231922056827067e-04,-8.19231599458334985e-04
3.54475000000000007e+00,3.54475000000000007e+00,7.28792000828025310e-01,-5.13994943147935146e-02,-5.13993935276130381e-02,-1.62760031124188533e-04,-1.62759711974655072e-04,-6.51038847898620290e-04,-8.13798879022808877e-04,-8.13798559873275362e-04
3.55200000000000005e+00,3.55200000000000005e+00,7.28419830847919170e-01,-5.12683877642743369e-02,-5.12682876441384536e-02,-1.61682824155902881e-04,-1.61682508411503044e-04,-6.46730033646012174e-04,-8.08412857801915109e-04,-8.08412542057515191e-04
3.55925000000000002e+00,3.55925000000000002e+00,7.28048609205443342e-01,-5.11378819415071462e-02,-5.11377824826468597e-02,-1.60614921245243208e-04,-1.60614608862790024e-04,-6.42458435451160096e-04,-8.03073356696403277e-04,-8.03073044313950147e-04
3.56650000000000000e+00,3.56650000000000000e+00,7.27678331559767355e-01,-5.10079728786720921e-02,-5.10078740754077789e-02,-1.59556223323967217e-04,-1.59555914260994981e-04,-6.38223657043979925e-04,-7.97779880367947142e-04,-7.97779571304974879e-04
3.57374999999999998e+00,3.57374999999999998e+00,7.27308993598702602e-01,-5.08786566422116948e-02,-5.08785584888914039e-02,-1.58506632577269690e-04,-1.58506326791832300e-04,-6.34025307167329199e-04,-7.92531939744598943e-04,-7.92531633959161499e-04
3.58099999999999996e+00,3.58099999999999996e+00,7.26940591038455319e-01,-5.07499293323547818e-02,-5.07498318234051449e-02,-1.57466052425075931e-04,-1.57465749875898461e-04,-6.29862999503593953e-04,-7.87329051928669938e-04,-7.87328749379492387e-04
3.58824999999999994e+00,3.58824999999999994e+00,7.26573119623383445e-01,-5.06217870828393757e-02,-5.06216902127348614e-02,-1.56434387504249256e-04,-1.56434088150624251e-04,-6.25736352602497005e-04,-7.82170740106746289e-04,-7.82170440753121284e-04
3.59549999999999992e+00,3.59549999999999992e+00,7.26206575125754150e-01,-5.04942260605147908e-02,-5.04941298237904443e-02,-1.55411543650706531e-04,-1.55411247452526019e-04,-6.21644989810103969e-04,-7.77056533460810501e-04,-7.77056237262630043e-04
3.60275000000000034e+00,3.60275000000000034e+00,7.25840953345505913e-01,-5.03672424649934669e-02,-5.03671468562560468e-02,-1.54397427881969188e-04,-1.54397134799751106e-04,-6.17588539199004317e-04,-7.71985967080973451e-04,-7.71985673998755451e-04
3.61000000000000032e+00,3.61000000000000032e+00,7.25476250110011600e-01,-5.02408325283525414e-02,-5.02407375422445693e-02,-1.53391948380141979e-04,-1.53391658374912404e-04,-6.13566633499649399e-04,-7.66958581879791405e-04,-7.66958291874561830e-04
3.61725000000000030e+00,3.61725000000000030e+00,7.25112461273844766e-01,-5.01149925147288400e-02,-5.01148981459565088e-02,-1.52395014474833191e-04,-1.52394727508204969e-04,-6.09578910032819877e-04,-7.61973924507653041e-04,-7.61973637541024846e-04
3.62450000000000028e+00,3.62450000000000028e+00,7.24749582718548058e-01,-4.99897187200133430e-02,-4.99896249633430823e-02,-1.51406536626646880e-04,-1.51406252660801657e-04,-6.05625010643206520e-04,-7.57031547269853373e-04,-7.57031263304008177e-04
3.63175000000000026e+00,3.63175000000000026e+00,7.24387610352404621e-01,-4.98650074715172309e-02,-4.98649143217735624e-02,-1.50426426410846600e-04,-1.50426145408521079e-04,-6.01704581634084318e-04,-7.52131008044930891e-04,-7.52130727042605424e-04
3.63900000000000023e+00,3.63900000000000023e+00,7.24026540110211059e-01,-4.97408551276521393e-02,-4.97407625797067210e-02,-1.49454596501317344e-04,-1.49454318425763495e-04,-5.97817273703053981e-04,-7.47271870204371325e-04,-7.47271592128817422e-04
3.64625000000000021e+00,3.64625000000000021e+00,7.23666367953053613e-01,-4.96172580775962047e-02,-4.96171661263663730e-02,-1.48490960654735674e-04,-1.48490685469709731e-04,-5.93962741878839031e-04,-7.42453702533574732e-04,-7.42453427348548816e-04
3.65350000000000019e+00,3.65350000000000019e+00,7.23307089868085895e-01,-4.94942127409601085e-02,-4.94941213814209593e-02,-1.47535433694985702e-04,-1.47535161364778110e-04,-5.90140645459112439e-04,-7.37676079154098142e-04,-7.37675806823890603e-04
3.66075000000000017e+00,3.66075000000000017e+00,7.22948701868309729e-01,-4.93717155674744390e-02,-4.93716247946670572e-02,-1.46587931497881729e-04,-1.46587661987334684e-04,-5.86350647949338737e-04,-7.32938579447220493e-04,-7.32938309936673367e-04
3.66800000000000015e+00,3.66800000000000015e+00,7.22591199992357547e-01,-4.92497630367125794e-02,-4.92496728457168451e-02,-1.45648370976232439e-04,-1.45648104250652556e-04,-5.82592417002610226e-04,-7.28240787978842665e-04,-7.28240521253262782e-04
3.67525000000000013e+00,3.67525000000000013e+00,7.22234580304277451e-01,-4.91283516577354362e-02,-4.91282620436893705e-02,-1.44716670064905554e-04,-1.44716406090115041e-04,-5.78865624360460056e-04,-7.23582294425365556e-04,-7.23582030450575070e-04
3.68250000000000011e+00,3.68250000000000011e+00,7.21878838893320385e-01,-4.90074779688214335e-02,-4.90073889269056623e-02,-1.43792747706374200e-04,-1.43792486448658842e-04,-5.75169945794635259e-04,-7.18962693501009513e-04,-7.18962432243294074e-04
3.68975000000000009e+00,3.68975000000000009e+00,7.21523971873729519e-01,-4.88871385371467682e-02,-4.88870500625875407e-02,-1.42876523836340413e-04,-1.42876265262452715e-04,-5.71505061049810861e-04,-7.14381584886151274e-04,-7.14381326312263604e-04
3.69700000000000006e+00,3.69700000000000006e+00,7.21169975384531758e-01,-4.87673299584727715e-02,-4.87672420465601678e-02,-1.41967919369600799e-04,-1.41967663446807181e-04,-5.67870653787228724e-04,-7.09838573156829468e-04,-7.09838317234035877e-04
3.70425000000000004e+00,3.70425000000000004e+00,7.20816845589331678e-01,-4.86480488568901137e-02,-4.86479615029581994e-02,-1.41066856186294654e-04,-1.41066602882311450e-04,-5.64266411529245802e-04,-7.05333267715540428e-04,-7.05333014411557279e-04
3.71150000000000002e+00,3.71150000000000002e+00,7.20464578676106804e-01,-4.85292918845274812e-02,-4.85292050839355241e-02,-1.40173257118259302e-04,-1.40173006401192918e-04,-5.60692025604771671e-04,-7.00865282723030919e-04,-7.00865032005964562e-04
3.71875000000000000e+00,3.71875000000000000e+00,7.20113170857005991e-01,-4.84110557211963055e-02,-4.84109694693785550e-02,-1.39287045935410379e-04,-1.39286797773895983e-04,-5.57147191095584042e-04,-6.96434237030994449e-04,-6.96433988869479999e-04
3.72599999999999998e+00,3.72599999999999998e+00,7.19762618368149476e-01,-4.82933370741918111e-02,-4.82932513666230190e-02,-1.38408147332779813e-04,-1.38407901695875685e-04,-5.53631606783502742e-04,-6.92039754116282528e-04,-6.92039508479378373e-04
3.73324999999999996e+00,3.73324999999999996e+00,7.19412917469430258e-01,-4.81761326779874821e-02,-4.81760475101741317e-02,-1.37536486917444819e-04,-1.37536243774602181e-04,-5.50144975098408617e-04,-6.87681462015853409e-04,-6.87681218873010744e-04
3.74049999999999994e+00,3.74049999999999994e+00,7.19064064444318696e-01,-4.80594392939153181e-02,-4.80593546614302009e-02,-1.36671991195616354e-04,-1.36671750516773017e-04,-5.46687002067092068e-04,-6.83358993262708422e-04,-6.83358752583865031e-04
3.74775000000000036e+00,3.74775000000000036e+00,7.18716055599668557e-01,-4.79432537099455658e-02,-4.79431696084096151e-02,-1.35814587560206243e-04,-1.35814349315728982e-04,-5.43257397262915929e-04,-6.79071984823122199e-04,-6.79071746578644884e-04
3.75500000000000034e+00,3.75500000000000034e+00,7.18368887265524503e-01,-4.78275727404309237e-02,-4.78274891654809908e-02,-1.34964204278481206e-04,-1.34963968439069567e-04,-5.39855873756278268e-04,-6.74820078034759447e-04,-6.74819842195347862e-04
3.76225000000000032e+00,3.76225000000000032e+00,7.18022555794932349e-01,-4.77123932257583760e-02,-4.77123101730967045e-02,-1.34120770479643651e-04,-1.34120537016465201e-04,-5.36482148065860914e-04,-6.70602918545504592e-04,-6.70602685082326115e-04
3.76950000000000029e+00,3.76950000000000029e+00,7.17677057563750997e-01,-4.75977120321573466e-02,-4.75976294975295755e-02,-1.33284216143039834e-04,-1.33283985027662699e-04,-5.33135940110650904e-04,-6.66420156253690792e-04,-6.66419925138313630e-04
3.77675000000000027e+00,3.77675000000000027e+00,7.17332388970466028e-01,-4.74835260514367974e-02,-4.74834440306126926e-02,-1.32454472086345441e-04,-1.32454243290679652e-04,-5.29816973162718606e-04,-6.62271445249064047e-04,-6.62271216453398258e-04
3.78400000000000025e+00,3.78400000000000025e+00,7.16988546436005181e-01,-4.73698322006725903e-02,-4.73697506894823692e-02,-1.31631469953790971e-04,-1.31631243450185467e-04,-5.26524973800741869e-04,-6.58156443754532813e-04,-6.58156217250927336e-04
3.79125000000000023e+00,3.79125000000000023e+00,7.16645526403556277e-01,-4.72566274220085347e-02,-4.72565464163241800e-02,-1.30815142204879952e-04,-1.30814917966065288e-04,-5.23259671864261151e-04,-6.54074814069141130e-04,-6.54074589830326439e-04
3.79850000000000021e+00,3.79850000000000021e+00,7.16303325338386032e-01,-4.71439086824005926e-02,-4.71438281781220228e-02,-1.30005422103117717e-04,-1.30005200102163422e-04,-5.20020800408653688e-04,-6.50026222511771432e-04,-6.50026000510817137e-04
3.80575000000000019e+00,3.80575000000000019e+00,7.15961939727661423e-01,-4.70316729733326611e-02,-4.70315929664101295e-02,-1.29202243704831327e-04,-1.29202023915203396e-04,-5.16808095660813691e-04,-6.46010339365644991e-04,-6.46010119576017087e-04
3.81300000000000017e+00,3.81300000000000017e+00,7.15621366080272714e-01,-4.69199173106034095e-02,-4.69198377970281091e-02,-1.28405541848351155e-04,-1.28405324243881529e-04,-5.13621296975526115e-04,-6.42026838823877297e-04,-6.42026621219407697e-04
3.82025000000000015e+00,3.82025000000000015e+00,7.15281600926657712e-01,-4.68086387340775900e-02,-4.68085597098787803e-02,-1.27615252143256392e-04,-1.27615036698130676e-04,-5.10460146792522705e-04,-6.38075398935779043e-04,-6.38075183490653328e-04
3.82750000000000012e+00,3.82750000000000012e+00,7.14942640818628572e-01,-4.66978343074444524e-02,-4.66977557686889949e-02,-1.26831310959799759e-04,-1.26831097648551726e-04,-5.07324390594206904e-04,-6.34155701554006690e-04,-6.34155488242758685e-04
3.83475000000000010e+00,3.83475000000000010e+00,7.14604482329199819e-01,-4.65875011179690546e-02,-4.65874230607731810e-02,-1.26053655418469844e-04,-1.26053444216009186e-04,-5.04213776864036742e-04,-6.30267432282506559e-04,-6.30267221080045873e-04
3.84200000000000008e+00,3.84200000000000008e+00,7.14267122052418046e-01,-4.64776362762862050e-02,-4.64775586967997173e-02,-1.25282223379823642e-04,-1.25282014261388753e-04,-5.01128057045555010e-04,-6.26410280425378652e-04,-6.26410071306943736e-04
3.84925000000000006e+00,3.84925000000000006e+00,7.13930556603193600e-01,-4.63682369161659835e-02,-4.63681598105600834e-02,-1.24516953434392091e-04,-1.24516746375513476e-04,-4.98066985502053903e-04,-6.22583938936445967e-04,-6.22583731877567352e-04
3.85650000000000004e+00,3.85650000000000004e+00,7.13594782617133605e-01,-4.62593001942508408e-02,-4.62592235587406739e-02,-1.23757784892658762e-04,-1.23757579869216068e-04,-4.95030319476864270e-04,-6.18788104369523005e-04,-6.18787899346080338e-04
3.86375000000000002e+00,3.86375000000000002e+00,7.13259796750376984e-01,-4.61508232898424353e-02,-4.61507471206973122e-02,-1.23004657775319608e-04,-1.23004454763564659e-04,-4.92017819054258745e-04,-6.15022476829578326e-04,-6.15022273817823458e-04
3.87100000000000000e+00,3.87100000000000000e+00,7.12925595679430923e-01,-4.60428034047097867e-02,-4.60427276982324288e-02,-1.22257512803742034e-04,-1.22257311780239096e-04,-4.89029247120956385e-04,-6.11286759924698419e-04,-6.11286558901195454e-04
3.87824999999999998e+00,3.87824999999999998e+00,7.12592176101008667e-01,-4.59352377628619024e-02,-4.59351625153747584e-02,-1.21516291390469378e-04,-1.21516092332055406e-04,-4.86064369328221679e-04,-6.07580660718691056e-04,-6.07580461660277098e-04
3.88549999999999995e+00,3.88549999999999995e+00,7.12259534731869426e-01,-4.58281236102919820e-02,-4.58280488181617221e-02,-1.20780935629789904e-04,-1.20780738513635925e-04,-4.83122954054543646e-04,-6.03903889684333510e-04,-6.03903692568179599e-04
3.89274999999999993e+00,3.89274999999999993e+00,7.11927668308659500e-01,-4.57214582147784654e-02,-4.57213838744242179e-02,-1.20051388288593518e-04,-1.20051193092222245e-04,-4.80204772368888978e-04,-6.00256160657482510e-04,-6.00255965461111182e-04
3.90000000000000036e+00,3.90000000000000036e+00,7.11596573587755077e-01,-4.56152388657287133e-02,-4.56151649735740405e-02,-1.19327592797473114e-04,-1.19327399498629074e-04,-4.77309597994516244e-04,-5.96637190791989317e-04,-5.96636997493145372e-04
3.90725000000000033e+00,3.90725000000000033e+00,7.11266247345106351e-01,-4.55094628738805795e-02,-4.55093894263936469e-02,-1.18609493241584243e-04,-1.18609301818336087e-04,-4.74437207273344401e-04,-5.93046700514928684e-04,-5.93046509091680447e-04
3.91450000000000031e+00,3.91450000000000031e+00,7.10936686376083760e-01,-4.54041275711247749e-02,-4.54040545648284402e-02,-1.17897034351952746e-04,-1.17896844782715607e-04,-4.71587379130862375e-04,-5.89484413482815081e-04,-5.89484223913577928e-04
3.92175000000000029e+00,3.92175000000000029e+00,7.10607887495324997e-01,-4.52992303103556537e-02,-4.52991577417814067e-02,-1.17190161496981743e-04,-1.17189973760393776e-04,-4.68759895041575159e-04,-5.85950056538556943e-04,-5.85949868801968949e-04
3.92900000000000027e+00,3.92900000000000027e+00,7.10279847536583575e-01,-4.51947684652012072e-02,-4.51946963309101252e-02,-1.16488820673769068e-04,-1.16488634748743150e-04,-4.65954538994972601e-04,-5.82443359668741709e-04,-5.82443173743715792e-04
3.93625000000000025e+00,3.93625000000000025e+00,7.09952563352579613e-01,-4.50907394298170061e-02,-4.50906677264261424e-02,-1.15792958499715868e-04,-1.15792774365504098e-04,-4.63171097462016391e-04,-5.78964055961732273e-04,-5.78963871827520488e-04
3.94350000000000023e+00,3.94350000000000023e+00,7.09626031814851288e-01,-4.49871406187298817e-02,-4.49870693428966184e-02,-1.15102522204383505e-04,-1.15102339840533126e-04,-4.60409359362132502e-04,-5.75511881566515980e-04,-5.75511699202665614e-04
3.95075000000000021e+00,3.95075000000000021e+00,7.09300249813607953e-01,-4.48839694666602895e-02,-4.48838986150482747e-02,-1.14417459621412828e-04,-1.14417279007675822e-04,-4.57669116030703287e-04,-5.72086575652116115e-04,-5.72086395038379149e-04
3.95800000000000018e+00,3.95800000000000018e+00,7.08975214257584696e-01,-4.47812234282665145e-02,-4.47811529975735631e-02,-1.13737719180360554e-04,-1.13737540296762394e-04,-4.54950161187049574e-04,-5.68687880367410169e-04,-5.68687701483812022e-04
3.96525000000000016e+00,3.96525000000000016e+00,7.08650922073898126e-01,-4.46788999779812457e-02,-4.46788299649390416e-02,-1.13063249898887931e-04,-1.13063072725723635e-04,-4.52252290902894485e-04,-5.65315540801782416e-04,-5.65315363628618147e-04
3.97250000000000014e+00,3.97250000000000014e+00,7.08327370207903928e-01,-4.45769966098197301e-02,-4.45769270111959631e-02,-1.12394001374989080e-04,-1.12393825892825394e-04,-4.49575303571301686e-04,-5.61969304946290712e-04,-5.61969129464127081e-04
3.97975000000000012e+00,3.97975000000000012e+00,7.08004555623055754e-01,-4.44755108371879260e-02,-4.44754416497930641e-02,-1.11729923779330388e-04,-1.11729749969019748e-04,-4.46918999876078993e-04,-5.58648923655409341e-04,-5.58648749845098687e-04
3.98700000000000010e+00,3.98700000000000010e+00,7.07682475300764779e-01,-4.43744401927332888e-02,-4.43743714133913170e-02,-1.11070967847806286e-04,-1.11070795690410104e-04,-4.44283182761640364e-04,-5.55354150609446663e-04,-5.55353978452050468e-04
3.99425000000000008e+00,3.99425000000000008e+00,7.07361126240261151e-01,-4.42737822281173976e-02,-4.42737138536809863e-02,-1.10417084874005227e-04,-1.10416914350829461e-04,-4.41667657403317843e-04,-5.52084742277323044e-04,-5.52084571754147277e-04
4.00150000000000006e+00,4.00150000000000006e+00,7.07040505458457091e-01,-4.41735345138383195e-02,-4.41734665412006205e-02,-1.09768226701907501e-04,-1.09768057794529210e-04,-4.39072231178116892e-04,-5.48840457880024352e-04,-5.48840288972646142e-04
4.00875000000000004e+00,4.00875000000000004e+00,7.06720609989810455e-01,-4.40736946390813955e-02,-4.40736270651581191e-02,-1.09124345718756947e-04,-1.09124178408976687e-04,-4.36496713635906746e-04,-5.45621059354663694e-04,-5.45620892044883406e-04
4.01600000000000001e+00,4.01600000000000001e+00,7.06401436886190393e-01,-4.39742602115131831e-02,-4.39741930332538805e-02,-1.08485394847892706e-04,-1.08485229117759882e-04,-4.33940916471039530e-04,-5.42426311318932263e-04,-5.42426145588799412e-04
4.02324999999999999e+00,4.02324999999999999e+00,7.06082983216743565e-01,-4.38752288571180316e-02,-4.38751620715058452e-02,-1.07851327541788093e-04,-1.07851163373597455e-04,-4.31404653494389765e-04,-5.39255981036177844e-04,-5.39255816867987192e-04
4.03049999999999997e+00,4.03049999999999997e+00,7.05765246067762142e-01,-4.37765982200488679e-02,-4.37765318240765505e-02,-1.07222097775221971e-04,-1.07221935151452079e-04,-4.28887740605808263e-04,-5.36109838381030289e-04,-5.36109675757260370e-04
4.03774999999999995e+00,4.03774999999999995e+00,7.05448222542552794e-01,-4.36783659624069287e-02,-4.36782999531021496e-02,-1.06597660038372898e-04,-1.06597498941745879e-04,-4.26389995766983409e-04,-5.32987655805356266e-04,-5.32987494708729234e-04
4.04499999999999993e+00,4.04499999999999993e+00,7.05131909761307241e-01,-4.35805297640925460e-02,-4.35804641385233171e-02,-1.05977969330183766e-04,-1.05977809743675736e-04,-4.23911238974703051e-04,-5.29889208304886762e-04,-5.29889048718378800e-04
4.05225000000000080e+00,4.05225000000000080e+00,7.04816304860973464e-01,-4.34830873226559333e-02,-4.34830220779180293e-02,-1.05362981151819565e-04,-1.05362823058627179e-04,-4.21451292234508714e-04,-5.26814273386328239e-04,-5.26814115293135947e-04
4.05949999999999989e+00,4.05949999999999989e+00,7.04501404995128699e-01,-4.33860363531337612e-02,-4.33859714863362930e-02,-1.04752651500182269e-04,-1.04752494883685344e-04,-4.19009979534741431e-04,-5.23762631034923741e-04,-5.23762474418426735e-04
4.06675000000000075e+00,4.06675000000000075e+00,7.04187207333852982e-01,-4.32893745878502045e-02,-4.32893100961365268e-02,-1.04146936861430369e-04,-1.04146781705240281e-04,-4.16587126820961015e-04,-5.20734063682391410e-04,-5.20733908526201323e-04
4.07399999999999984e+00,4.07399999999999984e+00,7.03873709063604802e-01,-4.31930997762961510e-02,-4.31930356568240581e-02,-1.03545794204778059e-04,-1.03545640492687559e-04,-4.14182561970750235e-04,-5.17728356175528267e-04,-5.17728202463437794e-04
4.08125000000000071e+00,4.08125000000000071e+00,7.03560907387096646e-01,-4.30972096849160380e-02,-4.30971459348910568e-02,-1.02949180976158260e-04,-1.02949028692219058e-04,-4.11796114768876178e-04,-5.14745295745034411e-04,-5.14745143461095263e-04
4.08849999999999980e+00,4.08849999999999980e+00,7.03248799523173540e-01,-4.30017020970154817e-02,-4.30016387136586478e-02,-1.02357055092263443e-04,-1.02356904220706483e-04,-4.09427616882825985e-04,-5.11784671975089442e-04,-5.11784521103532440e-04
4.09575000000000067e+00,4.09575000000000067e+00,7.02937382706689928e-01,-4.29065748125694313e-02,-4.29065117931202930e-02,-1.01769374934431247e-04,-1.01769225459671827e-04,-4.07076901838687309e-04,-5.08846276773118611e-04,-5.08846127298359110e-04
4.10299999999999976e+00,4.10299999999999976e+00,7.02626654188391320e-01,-4.28118256480374271e-02,-4.28117629897874358e-02,-1.01186099342633136e-04,-1.01185951249347874e-04,-4.04743804997391443e-04,-5.05929904340024538e-04,-5.05929756246739290e-04
4.11025000000000063e+00,4.11025000000000063e+00,7.02316611234793386e-01,-4.27174524363138630e-02,-4.27173901365362971e-02,-1.00607187609863890e-04,-1.00607040882822553e-04,-4.02428163531290211e-04,-5.03035351141154115e-04,-5.03035204414112791e-04
4.11749999999999972e+00,4.11749999999999972e+00,7.02007251128064835e-01,-4.26234530264295586e-02,-4.26233910824568851e-02,-1.00032599476024343e-04,-1.00032454100270658e-04,-4.00129816401082578e-04,-5.00162415877106908e-04,-5.00162270501353264e-04
4.12475000000000058e+00,4.12475000000000058e+00,7.01698571165910168e-01,-4.25298252835162316e-02,-4.25297636927031986e-02,-9.94622951225044959e-05,-9.94621510832665749e-05,-3.97848604333066300e-04,-4.97310899455570836e-04,-4.97310755416332834e-04
4.13199999999999967e+00,4.13199999999999967e+00,7.01390568661453884e-01,-4.24365670886288626e-02,-4.24365058483454696e-02,-9.88962351665097699e-05,-9.88960924491816750e-05,-3.95584369796726700e-04,-4.94480604963236457e-04,-4.94480462245908375e-04
4.13925000000000054e+00,4.13925000000000054e+00,7.01083240943125019e-01,-4.23436763385893755e-02,-4.23436154462236494e-02,-9.83343806555134415e-05,-9.83342392456598745e-05,-3.93336956982639498e-04,-4.91671337638152953e-04,-4.91671196228299400e-04
4.14649999999999963e+00,4.14649999999999963e+00,7.00776585354544346e-01,-4.22511509458232126e-02,-4.22510903988028708e-02,-9.77766930617708223e-05,-9.77765529451753856e-05,-3.91106211780701543e-04,-4.88882904842472378e-04,-4.88882764725876969e-04
4.15375000000000050e+00,4.15375000000000050e+00,7.00470599254410575e-01,-4.21589888382740696e-02,-4.21589286340301253e-02,-9.72231342770875237e-05,-9.72229954396662684e-05,-3.88891981758665020e-04,-4.86115116035752530e-04,-4.86114977198331315e-04
4.16099999999999959e+00,4.16099999999999959e+00,7.00165280016389446e-01,-4.20671879591765219e-02,-4.20671280951928350e-02,-9.66736666073329869e-05,-9.66735290352469532e-05,-3.86694116140987813e-04,-4.83367782748320813e-04,-4.83367645176234766e-04
4.16825000000000045e+00,4.16825000000000045e+00,6.99860625029002481e-01,-4.19757462670276027e-02,-4.19756867407786519e-02,-9.61282527674850825e-05,-9.61281164469949352e-05,-3.84512465787979687e-04,-4.80640718555464756e-04,-4.80640582234974595e-04
4.17549999999999955e+00,4.17549999999999955e+00,6.99556631695517628e-01,-4.18846617353310080e-02,-4.18846025443370684e-02,-9.55868558762222598e-05,-9.55867207938132697e-05,-3.82346883175252970e-04,-4.77933739051475230e-04,-4.77933603969066213e-04
4.18275000000000041e+00,4.18275000000000041e+00,6.99253297433840237e-01,-4.17939323525473583e-02,-4.17938734943422499e-02,-9.50494394510590154e-05,-9.50493055933651382e-05,-3.80197222373460553e-04,-4.75246661824519582e-04,-4.75246527966825664e-04
4.18999999999999950e+00,4.18999999999999950e+00,6.98950619676405704e-01,-4.17035561219236683e-02,-4.17034975940576216e-02,-9.45159674032733052e-05,-9.45158347570821007e-05,-3.78063339028328511e-04,-4.72579306431601817e-04,-4.72579173785410639e-04
4.19725000000000037e+00,4.19725000000000037e+00,6.98648595870072442e-01,-4.16135310613299225e-02,-4.16134728614016569e-02,-9.39864040329181020e-05,-9.39862725852415196e-05,-3.75945090340966078e-04,-4.69931494373884207e-04,-4.69931362926207571e-04
4.20450000000000035e+00,4.20450000000000035e+00,6.98347223476016299e-01,-4.15238552032235475e-02,-4.15237973288153303e-02,-9.34607140241900644e-05,-9.34605837621156626e-05,-3.73842335048462759e-04,-4.67303049072652810e-04,-4.67302918810578408e-04
4.21175000000000033e+00,4.21175000000000033e+00,6.98046499969625756e-01,-4.14345265943794061e-02,-4.14344690431308685e-02,-9.29388624403323764e-05,-9.29387333511883526e-05,-3.71754933404753302e-04,-4.64693795845085651e-04,-4.64693666755941655e-04
4.21900000000000031e+00,4.21900000000000031e+00,6.97746422840397784e-01,-4.13455432959040081e-02,-4.13454860654419165e-02,-9.24208147192442844e-05,-9.24206867904395820e-05,-3.69682747161758328e-04,-4.62103561881002612e-04,-4.62103433952197910e-04
4.22625000000000028e+00,4.22625000000000028e+00,6.97446989591835154e-01,-4.12569033829797149e-02,-4.12568464709751614e-02,-9.19065366685460530e-05,-9.19064098876971723e-05,-3.67625639550788635e-04,-4.59532176219334715e-04,-4.59532049438485821e-04
4.23350000000000026e+00,4.23350000000000026e+00,6.97148197741344622e-01,-4.11686049448150015e-02,-4.11685483489633020e-02,-9.13959944611695418e-05,-9.13958688160534314e-05,-3.65583475264213780e-04,-4.56979469725383308e-04,-4.56979344080267198e-04
4.24075000000000024e+00,4.24075000000000024e+00,6.96850044820135350e-01,-4.10806460845094534e-02,-4.10805898025193225e-02,-9.08891546308182038e-05,-9.08890301093466193e-05,-3.63556120437386423e-04,-4.54445275068204640e-04,-4.54445150546733056e-04
4.24800000000000022e+00,4.24800000000000022e+00,6.96552528373119206e-01,-4.09930249189187634e-02,-4.09929689485121901e-02,-9.03859840674879882e-05,-9.03858606577057983e-05,-3.61543442630823139e-04,-4.51929426698311127e-04,-4.51929303288528951e-04
4.25525000000000020e+00,4.25525000000000020e+00,6.96255645958810954e-01,-4.09057395785410449e-02,-4.09056839174437997e-02,-8.98864500130953502e-05,-8.98863277031582424e-05,-3.59545310812632970e-04,-4.49431760825728293e-04,-4.49431638515791212e-04
4.26250000000000018e+00,4.26250000000000018e+00,6.95959395149230442e-01,-4.08187882073178798e-02,-4.08187328533272942e-02,-8.93905200569765373e-05,-8.93903988352984019e-05,-3.57561595341193662e-04,-4.46952115398170213e-04,-4.46951994176492064e-04
4.26975000000000016e+00,4.26975000000000016e+00,6.95663773529804907e-01,-4.07321689626627403e-02,-4.07321139135666532e-02,-8.88981621319444412e-05,-8.88980419870173802e-05,-3.55592167948069575e-04,-4.44490330080014016e-04,-4.44490209935086969e-04
4.27700000000000014e+00,4.27700000000000014e+00,6.95368778699271828e-01,-4.06458800152407207e-02,-4.06458252688374905e-02,-8.84093445098547531e-05,-8.84092254302918924e-05,-3.53636901721167570e-04,-4.42046246231022309e-04,-4.42046127151459476e-04
4.28425000000000011e+00,4.28425000000000011e+00,6.95074408269583888e-01,-4.05599195488477449e-02,-4.05598651029692378e-02,-8.79240357974479803e-05,-8.79239177720321508e-05,-3.51695671088128657e-04,-4.39619706885576637e-04,-4.39619588860160808e-04
4.29150000000000009e+00,4.29150000000000009e+00,6.94780659865813499e-01,-4.04742857603466177e-02,-4.04742316128284679e-02,-8.74422049323698687e-05,-8.74420879499873612e-05,-3.49768351799949445e-04,-4.37210556732319313e-04,-4.37210439749936819e-04
4.29875000000000007e+00,4.29875000000000007e+00,6.94487531126058877e-01,-4.03889768594822840e-02,-4.03889230082034797e-02,-8.69638211789831709e-05,-8.69637052287080056e-05,-3.47854820914832023e-04,-4.34818642093815193e-04,-4.34818526143540042e-04
4.30600000000000005e+00,4.30600000000000005e+00,6.94195019701351002e-01,-4.03039910688463010e-02,-4.03039375116901397e-02,-8.64888541245563630e-05,-8.64887391955643806e-05,-3.45954956782257522e-04,-4.32443810906813885e-04,-4.32443695977821889e-04
4.31325000000000003e+00,4.31325000000000003e+00,6.93903123255560583e-01,-4.02193266237205194e-02,-4.02192733585788331e-02,-8.60172736752430443e-05,-8.60171597568198742e-05,-3.44068639027279551e-04,-4.30085912702522582e-04,-4.30085798784099439e-04
4.32050000000000001e+00,4.32050000000000001e+00,6.93611839465307023e-01,-4.01349817719491853e-02,-4.01349287967426790e-02,-8.55490500521754614e-05,-8.55489371337588467e-05,-3.42195748535035441e-04,-4.27744798587210875e-04,-4.27744685668794288e-04
4.32774999999999999e+00,4.32774999999999999e+00,6.93321166019867374e-01,-4.00509547738536753e-02,-4.00509020865269100e-02,-8.50841537877002806e-05,-8.50840418588676503e-05,-3.40336167435470655e-04,-4.25420321223170922e-04,-4.25420209294338292e-04
4.33499999999999996e+00,4.33499999999999996e+00,6.93031100621086193e-01,-3.99672439021188097e-02,-3.99671915006393416e-02,-8.46225557216032331e-05,-8.46224447720684766e-05,-3.38489779088273907e-04,-4.23112334809877153e-04,-4.23112223860342383e-04
4.34224999999999994e+00,4.34224999999999994e+00,6.92741640983286611e-01,-3.98838474417146926e-02,-3.98837953240420637e-02,-8.41642269974582542e-05,-8.41641170170047447e-05,-3.36656468068018979e-04,-4.20820695065477206e-04,-4.20820585085023751e-04
4.34950000000000081e+00,4.34950000000000081e+00,6.92452784833181401e-01,-3.98007636897048656e-02,-3.98007118538441923e-02,-8.37091390587849619e-05,-8.37090300373776494e-05,-3.34836120149510598e-04,-4.18545259208295546e-04,-4.18545150186888247e-04
4.35674999999999990e+00,4.35674999999999990e+00,6.92164529909785942e-01,-3.97179909552320964e-02,-3.97179393991958438e-02,-8.32572636456298156e-05,-8.32571555733331120e-05,-3.33028622293332448e-04,-4.16285885938962237e-04,-4.16285777866665574e-04
4.36400000000000077e+00,4.36400000000000077e+00,6.91876873964330508e-01,-3.96355275593833767e-02,-3.96354762811829964e-02,-8.28085727909379823e-05,-8.28084656578972488e-05,-3.31233862631588941e-04,-4.14042435422526910e-04,-4.14042328289486190e-04
4.37124999999999986e+00,4.37124999999999986e+00,6.91589814760175003e-01,-3.95533718350336017e-02,-3.95533208327237679e-02,-8.23630388169291469e-05,-8.23629326134620515e-05,-3.29451730453848152e-04,-4.11814769270777326e-04,-4.11814663067310190e-04
4.37850000000000072e+00,4.37850000000000072e+00,6.91303350072722589e-01,-3.94715221268171490e-02,-3.94714713984653659e-02,-8.19206343317857084e-05,-8.19205290483172009e-05,-3.27682116193268858e-04,-4.09602750525054553e-04,-4.09602645241586086e-04
4.38574999999999982e+00,4.38574999999999982e+00,6.91017477689336190e-01,-3.93899767909928755e-02,-3.93899263346825651e-02,-8.14813322261633834e-05,-8.14812278532310217e-05,-3.25924911412924141e-04,-4.07406243639087551e-04,-4.07406139266155163e-04
4.39300000000000068e+00,4.39300000000000068e+00,6.90732195409253125e-01,-3.93087341953659575e-02,-3.93086840091767045e-02,-8.10451056698637765e-05,-8.10450021980757811e-05,-3.24180008792303070e-04,-4.05225114462166847e-04,-4.05225010990378851e-04
4.40024999999999977e+00,4.40024999999999977e+00,6.90447501043503387e-01,-3.92277927191244657e-02,-3.92277428011762672e-02,-8.06119281083753276e-05,-8.06118255285008962e-05,-3.22447302114003585e-04,-4.03059230222378912e-04,-4.03059127642504467e-04
4.40750000000000064e+00,4.40750000000000064e+00,6.90163392414825827e-01,-3.91471507528180496e-02,-3.91471011012379869e-02,-8.01817732597500646e-05,-8.01816715626493050e-05,-3.20726686250597220e-04,-4.00908459510347258e-04,-4.00908357813246539e-04
4.41474999999999973e+00,4.41474999999999973e+00,6.89879867357587551e-01,-3.90668066982158280e-02,-3.90667573111494193e-02,-7.97546151112737880e-05,-7.97545142879200125e-05,-3.19018057151680050e-04,-3.98772672262953838e-04,-3.98772571439600049e-04
4.42200000000000060e+00,4.42200000000000060e+00,6.89596923717701760e-01,-3.89867589682282301e-02,-3.89867098438320681e-02,-7.93304279163089691e-05,-7.93303279577724853e-05,-3.17321311831089995e-04,-3.96651739747398951e-04,-3.96651639788862494e-04
4.42924999999999969e+00,4.42924999999999969e+00,6.89314559352548262e-01,-3.89070059867933082e-02,-3.89069571232459402e-02,-7.89091861911068705e-05,-7.89090870885761098e-05,-3.15636348354304439e-04,-3.94545534545411296e-04,-3.94545435442880536e-04
4.43650000000000055e+00,4.43650000000000055e+00,6.89032772130893201e-01,-3.88275461887985784e-02,-3.88274975842946637e-02,-7.84908647117315693e-05,-7.84907664565000224e-05,-3.13963065826000144e-04,-3.92453930537731686e-04,-3.92453832282500152e-04
4.44374999999999964e+00,4.44374999999999964e+00,6.88751559932810675e-01,-3.87483780199886496e-02,-3.87483296727319654e-02,-7.80754385109957310e-05,-7.80753410944467281e-05,-3.12301364377786913e-04,-3.90376802888782644e-04,-3.90376705472233641e-04
4.45100000000000051e+00,4.45100000000000051e+00,6.88470920649603357e-01,-3.86694999368586423e-02,-3.86694518450687100e-02,-7.76628828754057614e-05,-7.76627862890249003e-05,-3.10651145156099601e-04,-3.88314028031505349e-04,-3.88313931445124529e-04
4.45824999999999960e+00,4.45824999999999960e+00,6.88190852183726220e-01,-3.85909104065618180e-02,-3.85908625684812587e-02,-7.72531733421757239e-05,-7.72530775775645578e-05,-3.09012310310258177e-04,-3.86265483652433914e-04,-3.86265387887822721e-04
4.46550000000000047e+00,4.46550000000000047e+00,6.87911352448708269e-01,-3.85126079068456306e-02,-3.85125603207204237e-02,-7.68462856963350816e-05,-7.68461907451704749e-05,-3.07384762980681845e-04,-3.84231048677016913e-04,-3.84230953725852307e-04
4.47274999999999956e+00,4.47274999999999956e+00,6.87632419369077041e-01,-3.84345909259096175e-02,-3.84345435900216373e-02,-7.64421959677183009e-05,-7.64421018218164382e-05,-3.05768407287265807e-04,-3.82210603254984121e-04,-3.82210509109082272e-04
4.48000000000000043e+00,4.48000000000000043e+00,6.87354050880282563e-01,-3.83568579623982941e-02,-3.83568108750157663e-02,-7.60408804282601878e-05,-7.60407870794768134e-05,-3.04163148317907253e-04,-3.80204028746167428e-04,-3.80203935397384080e-04
4.48724999999999952e+00,4.48724999999999952e+00,6.87076244928622293e-01,-3.82794075252164134e-02,-3.82793606846410575e-02,-7.56423155889742837e-05,-7.56422230292976179e-05,-3.02568892117190526e-04,-3.78211207706164810e-04,-3.78211115146488144e-04
4.49450000000000038e+00,4.49450000000000038e+00,6.86798999471166849e-01,-3.82022381335147543e-02,-3.82021915380557769e-02,-7.52464781973059084e-05,-7.52463864188039280e-05,-3.00985545675215712e-04,-3.76232023872521634e-04,-3.76231932094019627e-04
4.50175000000000036e+00,4.50175000000000036e+00,6.86522312475686292e-01,-3.81253483165693297e-02,-3.81253019645519109e-02,-7.48533452343091001e-05,-7.48532542291454765e-05,-2.99413016916581906e-04,-3.74266362150891033e-04,-3.74266271145727396e-04
4.50900000000000034e+00,4.50900000000000034e+00,6.86246181920576626e-01,-3.80487366137032268e-02,-3.80486905034695400e-02,-7.44628939119426294e-05,-7.44628036723776770e-05,-2.97851214689510708e-04,-3.72314108601453351e-04,-3.72314018361888399e-04
4.51625000000000032e+00,4.51625000000000032e+00,6.85970605794787636e-01,-3.79724015742084475e-02,-3.79723557041122400e-02,-7.40751016704002327e-05,-7.40750121887793892e-05,-2.96300048755117557e-04,-3.70375150425517790e-04,-3.70375060943896946e-04
4.52350000000000030e+00,4.52350000000000030e+00,6.85695582097750611e-01,-3.78963417572535377e-02,-3.78962961256632327e-02,-7.36899461754465779e-05,-7.36898574442055817e-05,-2.94759429776822381e-04,-3.68449375952268959e-04,-3.68449287221027963e-04
4.53075000000000028e+00,4.53075000000000028e+00,6.85421108839307403e-01,-3.78205557318054275e-02,-3.78205103371024309e-02,-7.33074053158146378e-05,-7.33073173274752991e-05,-2.93229269309901197e-04,-3.66536674625715848e-04,-3.66536586637376469e-04
4.53800000000000026e+00,4.53800000000000026e+00,6.85147184039639368e-01,-3.77450420765583772e-02,-3.77449969171242475e-02,-7.29274572006489372e-05,-7.29273699477935109e-05,-2.91709479791174044e-04,-3.64636936991822994e-04,-3.64636849738967555e-04
4.54525000000000023e+00,4.54525000000000023e+00,6.84873805729197316e-01,-3.76697993798060793e-02,-3.76697544540562854e-02,-7.25500801568716339e-05,-7.25499936322072611e-05,-2.90199974528828990e-04,-3.62750054685700637e-04,-3.62749968161036251e-04
4.55250000000000021e+00,4.55250000000000021e+00,6.84600971948632231e-01,-3.75948262394203425e-02,-3.75947815457788118e-02,-7.21752527267864038e-05,-7.21751669230949136e-05,-2.88700667692379600e-04,-3.60875920419165990e-04,-3.60875834615474527e-04
4.55975000000000019e+00,4.55975000000000019e+00,6.84328680748725771e-01,-3.75201212627445102e-02,-3.75200767996450302e-02,-7.18029536655486047e-05,-7.18028685756884387e-05,-2.87211474302753755e-04,-3.59014427968302346e-04,-3.59014342878442166e-04
4.56700000000000017e+00,4.56700000000000017e+00,6.84056930190322432e-01,-3.74456830665081952e-02,-3.74456388324021436e-02,-7.14331619387077287e-05,-7.14330775556279679e-05,-2.85732310222511926e-04,-3.57165472161219627e-04,-3.57165387778139894e-04
4.57425000000000015e+00,4.57425000000000015e+00,6.83785718344261384e-01,-3.73715102767633311e-02,-3.73714662701132086e-02,-7.10658567198212089e-05,-7.10657730365483326e-05,-2.84263092146193276e-04,-3.55328948866014485e-04,-3.55328865182741609e-04
4.58150000000000013e+00,4.58150000000000013e+00,6.83515043291309299e-01,-3.72976015288131180e-02,-3.72975577480797391e-02,-7.07010173880841632e-05,-7.07009343976969771e-05,-2.82803737590787909e-04,-3.53504754978872099e-04,-3.53504671988484859e-04
4.58875000000000011e+00,4.58875000000000011e+00,6.83244903122093628e-01,-3.72239554670983352e-02,-3.72239119107651076e-02,-7.03386235259079379e-05,-7.03385412215830292e-05,-2.81354164886332117e-04,-3.51692788412240028e-04,-3.51692706107915160e-04
4.59600000000000009e+00,4.59600000000000009e+00,6.82975295937036431e-01,-3.71505707451404987e-02,-3.71505274117186896e-02,-6.99786549166361404e-05,-6.99785732916567547e-05,-2.79914293166627019e-04,-3.49892948083263132e-04,-3.49892866458283787e-04
4.60325000000000006e+00,4.60325000000000006e+00,6.82706219846289097e-01,-3.70774460255063332e-02,-3.70774029135007357e-02,-6.96210915423287063e-05,-6.96210105900191533e-05,-2.78484042360076613e-04,-3.48105133902405306e-04,-3.48105052950095780e-04
4.61050000000000004e+00,4.61050000000000004e+00,6.82437672969666620e-01,-3.70045799796727692e-02,-3.70045370876079943e-02,-6.92659135813867243e-05,-6.92658332951612347e-05,-2.77063333180644939e-04,-3.46329246762031636e-04,-3.46329166475806160e-04
4.61775000000000002e+00,4.61775000000000002e+00,6.82169653436583756e-01,-3.69319712879914164e-02,-3.69319286144000752e-02,-6.89131014063927593e-05,-6.89130217797325812e-05,-2.75652087118930325e-04,-3.44565188525323084e-04,-3.44565108898662893e-04
4.62500000000000000e+00,4.62500000000000000e+00,6.81902159385990747e-01,-3.68596186396032977e-02,-3.68595761830265295e-02,-6.85626355818849047e-05,-6.85625566083385607e-05,-2.74250226433354243e-04,-3.42812862015239147e-04,-3.42812783041692804e-04
4.63224999999999998e+00,4.63224999999999998e+00,6.81635188966309591e-01,-3.67875207323393738e-02,-3.67874784913546082e-02,-6.82144968621319037e-05,-6.82144185353660541e-05,-2.72857674141464216e-04,-3.41072171003596147e-04,-3.41072092676830284e-04
4.63949999999999996e+00,4.63949999999999996e+00,6.81368740335371759e-01,-3.67156762727347541e-02,-3.67156342458978199e-02,-6.78686661891460518e-05,-6.78685885028371957e-05,-2.71474354011348837e-04,-3.39343020200494902e-04,-3.39342942514186019e-04
4.64675000000000082e+00,4.64675000000000082e+00,6.81102811660354912e-01,-3.66440839758439552e-02,-3.66440421617450288e-02,-6.75251246903528930e-05,-6.75250476382905306e-05,-2.70100190553162122e-04,-3.37625315243515029e-04,-3.37625238191452653e-04
4.65399999999999991e+00,4.65399999999999991e+00,6.80837401117721952e-01,-3.65727425652622173e-02,-3.65727009624904342e-02,-6.71838536766692414e-05,-6.71837772526896428e-05,-2.68735109010758626e-04,-3.35918962687427867e-04,-3.35918886263448255e-04
4.66125000000000078e+00,4.66125000000000078e+00,6.80572506893158624e-01,-3.65016507730118178e-02,-3.65016093801640365e-02,-6.68448346403561632e-05,-6.68447588383579941e-05,-2.67379035353432085e-04,-3.34223869993788248e-04,-3.34223794191790052e-04
4.66849999999999987e+00,4.66849999999999987e+00,6.80308127181513345e-01,-3.64308073394497001e-02,-3.64307661551629761e-02,-6.65080492529381478e-05,-6.65079740669411931e-05,-2.66031896267764773e-04,-3.32539945520702934e-04,-3.32539870334705966e-04
4.67575000000000074e+00,4.67575000000000074e+00,6.80044260186736582e-01,-3.63602110132958956e-02,-3.63601700361833105e-02,-6.61734793633668905e-05,-6.61734047873939029e-05,-2.64693619149575612e-04,-3.30867098512942475e-04,-3.30867023936969528e-04
4.68299999999999983e+00,4.68299999999999983e+00,6.79780904121820573e-01,-3.62898605514487826e-02,-3.62898197801527142e-02,-6.58411069958204020e-05,-6.58410330239939486e-05,-2.63364132095975740e-04,-3.29205239091796115e-04,-3.29205165119969675e-04
4.69025000000000070e+00,4.69025000000000070e+00,6.79518057208740589e-01,-3.62197547189921920e-02,-3.62197141521635596e-02,-6.55109143478763991e-05,-6.55108409743801825e-05,-2.62043363897520730e-04,-3.27554278245397129e-04,-3.27554204871900886e-04
4.69749999999999979e+00,4.69749999999999979e+00,6.79255717678395210e-01,-3.61498922891101415e-02,-3.61498519254068798e-02,-6.51828837885411844e-05,-6.51828110076167630e-05,-2.60731244030466998e-04,-3.25914127819008155e-04,-3.25914055038083747e-04
4.70475000000000065e+00,4.70475000000000065e+00,6.78993883770548479e-01,-3.60802720430015711e-02,-3.60802318811067751e-02,-6.48569978563017690e-05,-6.48569256622805678e-05,-2.59427702649122271e-04,-3.24284700505424054e-04,-3.24284628311402839e-04
4.71199999999999974e+00,4.71199999999999974e+00,6.78732553733771726e-01,-3.60108927698732373e-02,-3.60108528084556317e-02,-6.45332392573426302e-05,-6.45331676445742484e-05,-2.58132670578297048e-04,-3.22665909835639691e-04,-3.22665838222871296e-04
4.71925000000000061e+00,4.71925000000000061e+00,6.78471725825385397e-01,-3.59417532667833939e-02,-3.59417135045497355e-02,-6.42115908635160996e-05,-6.42115198264617818e-05,-2.56846079305847073e-04,-3.21057670169363173e-04,-3.21057599132308841e-04
4.72649999999999970e+00,4.72649999999999970e+00,6.78211398311403313e-01,-3.58728523386773190e-02,-3.58728127743257880e-02,-6.38920357106804022e-05,-6.38919652438288372e-05,-2.55567860975315403e-04,-3.19459896685995819e-04,-3.19459826219144227e-04
4.73375000000000057e+00,4.73375000000000057e+00,6.77951569466474502e-01,-3.58041887982665230e-02,-3.58041494304977281e-02,-6.35745569967785729e-05,-6.35744870946653004e-05,-2.54297948378661147e-04,-3.17872505375439707e-04,-3.17872435473326421e-04
4.74099999999999966e+00,4.74099999999999966e+00,6.77692237573828460e-01,-3.57357614659363776e-02,-3.57357222934944346e-02,-6.32591380799919106e-05,-6.32590687372715699e-05,-2.53036274949086334e-04,-3.16295413029078244e-04,-3.16295343686357876e-04
4.74825000000000053e+00,4.74825000000000053e+00,6.77433400925218421e-01,-3.56675691697816433e-02,-3.56675301913977963e-02,-6.29457624771410105e-05,-6.29456936884865368e-05,-2.51782774753946147e-04,-3.14728537231087158e-04,-3.14728468442432698e-04
4.75549999999999962e+00,4.75549999999999962e+00,6.77175057820866622e-01,-3.55996107454643607e-02,-3.55995719598815388e-02,-6.26344138617929776e-05,-6.26343456219387805e-05,-2.50537382487755122e-04,-3.13171796349548100e-04,-3.13171728109693903e-04
4.76275000000000048e+00,4.76275000000000048e+00,6.76917206569409124e-01,-3.55318850361925342e-02,-3.55318464421504956e-02,-6.23250760626033022e-05,-6.23250083663185942e-05,-2.49300033465274377e-04,-3.11625109527877706e-04,-3.11625041831592984e-04
4.76999999999999957e+00,4.76999999999999957e+00,6.76659845487841971e-01,-3.54643908925993401e-02,-3.54643524888806072e-02,-6.20177330615040358e-05,-6.20176659036728327e-05,-2.48070663614691385e-04,-3.10088396676195394e-04,-3.10088329518364231e-04
4.77725000000000044e+00,4.77725000000000044e+00,6.76402972901466448e-01,-3.53971271727857584e-02,-3.53970889581593159e-02,-6.17123689921981057e-05,-6.17123023677199002e-05,-2.46849209470879547e-04,-3.08561578463077625e-04,-3.08561511838599447e-04
4.78449999999999953e+00,4.78449999999999953e+00,6.76146587143836575e-01,-3.53300927421713595e-02,-3.53300547154267244e-02,-6.14089681383379632e-05,-6.14089020421868144e-05,-2.45635608168747258e-04,-3.07044576307085194e-04,-3.07044510210934072e-04
4.79175000000000040e+00,4.79175000000000040e+00,6.75890686556704923e-01,-3.52632864734943041e-02,-3.52632486334170658e-02,-6.11075149319845944e-05,-6.11074493591660570e-05,-2.44429797436664228e-04,-3.05537312368648836e-04,-3.05537246795830285e-04
4.79900000000000038e+00,4.79900000000000038e+00,6.75635269489970880e-01,-3.51967072466976560e-02,-3.51966695921010000e-02,-6.08079939518884691e-05,-6.08079288974937637e-05,-2.43231715589975055e-04,-3.04039709541863504e-04,-3.04039644487468798e-04
4.80625000000000036e+00,4.80625000000000036e+00,6.75380334301627805e-01,-3.51303539489364880e-02,-3.51303164786282290e-02,-6.05103899219989333e-05,-6.05103253811472595e-05,-2.42041301524589065e-04,-3.02551691446587999e-04,-3.02551626905736332e-04
4.81350000000000033e+00,4.81350000000000033e+00,6.75125879357711289e-01,-3.50642254744784054e-02,-3.50641881872707645e-02,-6.02146877098078524e-05,-6.02146236776630316e-05,-2.40858494710652127e-04,-3.01073182420459986e-04,-3.01073118388315165e-04
4.82075000000000031e+00,4.82075000000000031e+00,6.74871903032247866e-01,-3.49983207246324923e-02,-3.49982836193666880e-02,-5.99208723247618655e-05,-5.99208087965739740e-05,-2.39683235186295896e-04,-2.99604107511057755e-04,-2.99604043982869891e-04
4.82800000000000029e+00,4.82800000000000029e+00,6.74618403707204162e-01,-3.49326386077422057e-02,-3.49326016832645081e-02,-5.96289289168025946e-05,-5.96288658878662290e-05,-2.38515463551464862e-04,-2.98144392468267436e-04,-2.98144329439331091e-04
4.83525000000000027e+00,4.83525000000000027e+00,6.74365379772435602e-01,-3.48671780391214270e-02,-3.48671412942679060e-02,-5.93388427748268885e-05,-5.93387802404547784e-05,-2.37355120961819113e-04,-2.96693963736645988e-04,-2.96693901202273885e-04
4.84250000000000025e+00,4.84250000000000025e+00,6.74112829625636900e-01,-3.48019379409407748e-02,-3.48019013745811470e-02,-5.90505993250808002e-05,-5.90505372806781375e-05,-2.36202149122712550e-04,-2.95252748447793350e-04,-2.95252686403390694e-04
4.84975000000000023e+00,4.84975000000000023e+00,6.73860751672291980e-01,-3.47369172422418160e-02,-3.47368808532549089e-02,-5.87641841297894204e-05,-5.87641225708113448e-05,-2.35056490283245379e-04,-2.93820674413034779e-04,-2.93820612854056704e-04
4.85700000000000021e+00,4.85700000000000021e+00,6.73609144325624354e-01,-3.46721148788873279e-02,-3.46720786661326094e-02,-5.84795828856942269e-05,-5.84795218075973621e-05,-2.33918087230389448e-04,-2.92397670116083675e-04,-2.92397609037986831e-04
4.86425000000000018e+00,4.86425000000000018e+00,6.73358006006548049e-01,-3.46075297934405057e-02,-3.46074937557972959e-02,-5.81967814224879516e-05,-5.81967208207964331e-05,-2.32786883283185760e-04,-2.90983664705673725e-04,-2.90983604103982199e-04
4.87150000000000016e+00,4.87150000000000016e+00,6.73107335143619534e-01,-3.45431609351436464e-02,-3.45431250715190138e-02,-5.79157657014353253e-05,-5.79157055717533504e-05,-2.31662822287013402e-04,-2.89578587988448700e-04,-2.89578527858766759e-04
4.87875000000000014e+00,4.87875000000000014e+00,6.72857130172988538e-01,-3.44790072599039377e-02,-3.44789715692025919e-02,-5.76365218140213495e-05,-5.76364621519820296e-05,-2.30545848607928118e-04,-2.88182370421949461e-04,-2.88182310759910155e-04
4.88600000000000012e+00,4.88600000000000012e+00,6.72607389538350864e-01,-3.44150677302152985e-02,-3.44150322113360024e-02,-5.73590359805084736e-05,-5.73589767817676342e-05,-2.29435907127070537e-04,-2.86794943107579004e-04,-2.86794883908838151e-04
4.89325000000000010e+00,4.89325000000000010e+00,6.72358111690900428e-01,-3.43513413150660085e-02,-3.43513059669391732e-02,-5.70832945484871113e-05,-5.70832358087855862e-05,-2.28332943235142318e-04,-2.85416237783629408e-04,-2.85416179043927883e-04
4.90050000000000008e+00,4.90050000000000008e+00,6.72109295089282410e-01,-3.42878269899600241e-02,-3.42877918115132366e-02,-5.68092839916318240e-05,-5.68092257067374638e-05,-2.27236902826949855e-04,-2.84046186818581693e-04,-2.84046128533687312e-04
4.90775000000000006e+00,4.90775000000000006e+00,6.71860938199545954e-01,-3.42245237368246080e-02,-3.42244887269902709e-02,-5.65369909082834144e-05,-5.65369330740035010e-05,-2.26147732296014031e-04,-2.82684723204297452e-04,-2.82684665370017553e-04
4.91500000000000004e+00,4.91500000000000004e+00,6.71613039495098429e-01,-3.41614305439605914e-02,-3.41613957016835418e-02,-5.62664020201180279e-05,-5.62663446323114714e-05,-2.25065378529245913e-04,-2.81331780549363920e-04,-2.81331723161557391e-04
4.92225000000000001e+00,4.92225000000000001e+00,6.71365597456658580e-01,-3.40985464060068466e-02,-3.40985117302381319e-02,-5.59975041708550341e-05,-5.59974472254216394e-05,-2.23989788901686557e-04,-2.79987293072541592e-04,-2.79987236127108197e-04
4.92949999999999999e+00,4.92949999999999999e+00,6.71118610572211338e-01,-3.40358703238692328e-02,-3.40358358135820771e-02,-5.57302843249215136e-05,-5.57302278178277639e-05,-2.22920911271311083e-04,-2.78651195596232610e-04,-2.78651139089138846e-04
4.93674999999999997e+00,4.93674999999999997e+00,6.70872077336962414e-01,-3.39734013047277017e-02,-3.39733669588779263e-02,-5.54647295662599605e-05,-5.54646734934737079e-05,-2.21858693973894859e-04,-2.77323423540154826e-04,-2.77323367467368547e-04
4.94400000000000084e+00,4.94400000000000084e+00,6.70625996253292778e-01,-3.39111383619083995e-02,-3.39111041794747520e-02,-5.52008270969293638e-05,-5.52007714544855863e-05,-2.20803085817942372e-04,-2.76003912914871716e-04,-2.76003857272427938e-04
4.95124999999999993e+00,4.95124999999999993e+00,6.70380365830714808e-01,-3.38490805148836671e-02,-3.38490464948606323e-02,-5.49385642359309081e-05,-5.49385090199193559e-05,-2.19754036079677424e-04,-2.74692600315608305e-04,-2.74692545099596800e-04
4.95850000000000080e+00,4.95850000000000080e+00,6.70135184585826993e-01,-3.37872267892436184e-02,-3.37871929306154534e-02,-5.46779284180003752e-05,-5.46778736245229823e-05,-2.18711494498091929e-04,-2.73389422916092304e-04,-2.73389368122614932e-04
4.96574999999999989e+00,4.96574999999999989e+00,6.69890451042270740e-01,-3.37255762166037698e-02,-3.37255425183643348e-02,-5.44189071923114522e-05,-5.44188528175143407e-05,-2.17675411270057363e-04,-2.72094318462368795e-04,-2.72094264087571704e-04
4.97300000000000075e+00,4.97300000000000075e+00,6.69646163730686195e-01,-3.36641278345695127e-02,-3.36640942957312506e-02,-5.41614882212853384e-05,-5.41614342613728046e-05,-2.16645737045491273e-04,-2.70807225266776611e-04,-2.70807171306864064e-04
4.98024999999999984e+00,4.98024999999999984e+00,6.69402321188669491e-01,-3.36028806867005869e-02,-3.36028473062933361e-02,-5.39056592794142844e-05,-5.39056057306463459e-05,-2.15622422922585356e-04,-2.69528082201999654e-04,-2.69528028653231696e-04
4.98750000000000071e+00,4.98750000000000071e+00,6.69158921960729014e-01,-3.35418338225039747e-02,-3.35418005995352861e-02,-5.36514082521434273e-05,-5.36513551107717937e-05,-2.14605420443087175e-04,-2.68256828695230629e-04,-2.68256775553858955e-04
4.99474999999999980e+00,4.99474999999999980e+00,6.68915964598243207e-01,-3.34809862973202144e-02,-3.34809532308045082e-02,-5.33987231345956601e-05,-5.33986703969104086e-05,-2.13594681587641634e-04,-2.66993404722237315e-04,-2.66993351984552056e-04
5.00199999999999978e+00,5.00199999999999978e+00,6.68673447659418052e-01,-3.34203371722594511e-02,-3.34203042612663953e-02,-5.31475920303900418e-05,-5.31475396927962222e-05,-2.12590158771184916e-04,-2.65737750801574931e-04,-2.65737698463981145e-04
5.00925000000000065e+00,5.00925000000000065e+00,6.68431369709245438e-01,-3.33598855143009132e-02,-3.33598527578602283e-02,-5.28980031507335539e-05,-5.28979512095989872e-05,-2.11591804838395895e-04,-2.64489807989129455e-04,-2.64489756047994902e-04
5.01650000000000063e+00,5.01650000000000063e+00,6.68189729319460746e-01,-3.32996303960797491e-02,-3.32995977932552881e-02,-5.26499448130272028e-05,-5.26498932648001444e-05,-2.10599573059200578e-04,-2.63249517872227753e-04,-2.63249466324000695e-04
5.02375000000000060e+00,5.02375000000000060e+00,6.67948525068502219e-01,-3.32395708959651870e-02,-3.32395384458075219e-02,-5.24034054399488390e-05,-5.24033542810823757e-05,-2.09613417124329476e-04,-2.62016822564278308e-04,-2.62016771405411831e-04
5.03100000000000058e+00,5.03100000000000058e+00,6.67707755541469217e-01,-3.31797060979468483e-02,-3.31796737995164528e-02,-5.21583735582436213e-05,-5.21583227852321683e-05,-2.08633291140928673e-04,-2.60791664699172295e-04,-2.60791613926160848e-04
5.03825000000000056e+00,5.03825000000000056e+00,6.67467419330082024e-01,-3.31200350915992203e-02,-3.31200029439826307e-02,-5.19148377976514153e-05,-5.19147874070556258e-05,-2.07659149628222503e-04,-2.59573987425873898e-04,-2.59573937035278122e-04
5.04550000000000054e+00,5.04550000000000054e+00,6.67227515032640994e-01,-3.30605569721029724e-02,-3.30605249743653185e-02,-5.16727868899349418e-05,-5.16727368783068835e-05,-2.06690947513227507e-04,-2.58363734403162476e-04,-2.58363684391534391e-04
5.05275000000000052e+00,5.05275000000000052e+00,6.66988041253986585e-01,-3.30012708401028476e-02,-3.30012389913406784e-02,-5.14322096676636883e-05,-5.14321600316293241e-05,-2.05728640126517297e-04,-2.57160849794180971e-04,-2.57160800158146648e-04
5.06000000000000050e+00,5.06000000000000050e+00,6.66748996605459499e-01,-3.29421758017502952e-02,-3.29421441010602500e-02,-5.11930950632994930e-05,-5.11930457995092412e-05,-2.04772183198036965e-04,-2.55965278261336478e-04,-2.55965228997546220e-04
5.06725000000000048e+00,5.06725000000000048e+00,6.66510379704861156e-01,-3.28832709686395219e-02,-3.28832394151098301e-02,-5.09554321081264163e-05,-5.09553832132417949e-05,-2.03821532852967207e-04,-2.54776964961093630e-04,-2.54776916066209015e-04
5.07450000000000045e+00,5.07450000000000045e+00,6.66272189176414287e-01,-3.28245554577151211e-02,-3.28245240504687272e-02,-5.07192099311490704e-05,-5.07191614019092667e-05,-2.02876645607637040e-04,-2.53595855538786097e-04,-2.53595807009546334e-04
5.08175000000000043e+00,5.08175000000000043e+00,6.66034423650724294e-01,-3.27660283913147055e-02,-3.27659971294693847e-02,-5.04844177582114940e-05,-5.04843695913711251e-05,-2.01937478365484500e-04,-2.52421896123695988e-04,-2.52421847956855626e-04
5.08900000000000041e+00,5.08900000000000041e+00,6.65797081764740173e-01,-3.27076888970978530e-02,-3.27076577797573223e-02,-5.02510449109508167e-05,-5.02509971032661664e-05,-2.01003988413064693e-04,-2.51255033324015509e-04,-2.51254985516330886e-04
5.09625000000000039e+00,5.09625000000000039e+00,6.65560162161716429e-01,-3.26495361079537361e-02,-3.26495051342514803e-02,-5.00190808057299086e-05,-5.00190333540261281e-05,-2.00076133416104485e-04,-2.50095214221834374e-04,-2.50095166770130620e-04
5.10350000000000037e+00,5.10350000000000037e+00,6.65323663491174888e-01,-3.25915691620224379e-02,-3.25915383311048690e-02,-4.97885149527562906e-05,-4.97884678539009775e-05,-1.99153871415603937e-04,-2.48942386368360201e-04,-2.48942339269504894e-04
5.11075000000000035e+00,5.11075000000000035e+00,6.65087584408867061e-01,-3.25337872026665309e-02,-3.25337565136656556e-02,-4.95593369551345075e-05,-4.95592902059956592e-05,-1.98237160823982664e-04,-2.47796497779117185e-04,-2.47796451029978337e-04
5.11800000000000033e+00,5.11800000000000033e+00,6.64851923576736170e-01,-3.24761893783858113e-02,-3.24761588304384591e-02,-4.93315365078425189e-05,-4.93314901053178129e-05,-1.97325960421271252e-04,-2.46657496929113750e-04,-2.46657450526589078e-04
5.12525000000000031e+00,5.12525000000000031e+00,6.64616679662880516e-01,-3.24187748427746669e-02,-3.24187444350461165e-02,-4.91051033967845543e-05,-4.91050573378368693e-05,-1.96420229351347504e-04,-2.45525332748132072e-04,-2.45525286689184346e-04
5.13250000000000028e+00,5.13250000000000028e+00,6.64381851341515950e-01,-3.23615427545433931e-02,-3.23615124861917139e-02,-4.88800274979510661e-05,-4.88799817795539668e-05,-1.95519927118215894e-04,-2.44399954616166947e-04,-2.44399908897769834e-04
5.13975000000000026e+00,5.13975000000000026e+00,6.64147437292939569e-01,-3.23044922774329279e-02,-3.23044621476209701e-02,-4.86562987764269352e-05,-4.86562533955826841e-05,-1.94625013582330763e-04,-2.43281312358757705e-04,-2.43281266977913441e-04
5.14700000000000024e+00,5.14700000000000024e+00,6.63913436203493190e-01,-3.22476225801864302e-02,-3.22475925880849612e-02,-4.84339072854964153e-05,-4.84338622392404240e-05,-1.93735448956961696e-04,-2.42169356242458118e-04,-2.42169311196202113e-04
5.15425000000000022e+00,5.15425000000000022e+00,6.63679846765526937e-01,-3.21909328365137526e-02,-3.21909029813031433e-02,-4.82128431657472965e-05,-4.82127984511503558e-05,-1.92851193804601396e-04,-2.41064036970348693e-04,-2.41063992255751759e-04
5.16150000000000020e+00,5.16150000000000020e+00,6.63446667677363711e-01,-3.21344222250559142e-02,-3.21343925059267496e-02,-4.79930966441848486e-05,-4.79930522583537242e-05,-1.91972209033414924e-04,-2.39965305677599766e-04,-2.39965261291768655e-04
5.16875000000000018e+00,5.16875000000000018e+00,6.63213897643263550e-01,-3.20780899293708899e-02,-3.20780603455024654e-02,-4.77746580333874370e-05,-4.77746139734324863e-05,-1.91098455893729972e-04,-2.38873113927117402e-04,-2.38873069867162472e-04
5.17600000000000016e+00,5.17600000000000016e+00,6.62981535373387887e-01,-3.20219351378412398e-02,-3.20219056884364292e-02,-4.75575177305549257e-05,-4.75574739936419154e-05,-1.90229895974567689e-04,-2.37787413705122614e-04,-2.37787369968209597e-04
5.18325000000000014e+00,5.18325000000000014e+00,6.62749579583764903e-01,-3.19659570437025309e-02,-3.19659277279585596e-02,-4.73416662167470861e-05,-4.73416228000533772e-05,-1.89366491200213536e-04,-2.36708157416960622e-04,-2.36708114000266906e-04
5.19050000000000011e+00,5.19050000000000011e+00,6.62518028996254227e-01,-3.19101548449509664e-02,-3.19101256620871881e-02,-4.71270940559513458e-05,-4.71270509567068289e-05,-1.88508203826827288e-04,-2.35635297882778627e-04,-2.35635254783534104e-04
5.19775000000000009e+00,5.19775000000000009e+00,6.62286882338513072e-01,-3.18545277443718078e-02,-3.18544986935940105e-02,-4.69137918943391275e-05,-4.69137491097731509e-05,-1.87654996439092604e-04,-2.34568788333431731e-04,-2.34568745548865748e-04
5.20500000000000007e+00,5.20500000000000007e+00,6.62056138343960821e-01,-3.17990749494612146e-02,-3.17990460299693023e-02,-4.67017504593733202e-05,-4.67017079867260271e-05,-1.86806831946904108e-04,-2.33508582406277422e-04,-2.33508539933630142e-04
5.21225000000000005e+00,5.21225000000000005e+00,6.61825795751745938e-01,-3.17437956723409798e-02,-3.17437668833874947e-02,-4.64909605589153372e-05,-4.64909183955233238e-05,-1.85963673582093322e-04,-2.32454634141008660e-04,-2.32454591977616660e-04
5.21950000000000003e+00,5.21950000000000003e+00,6.61595853306711890e-01,-3.16886891298580053e-02,-3.16886604706730496e-02,-4.62814130806122841e-05,-4.62813712237979507e-05,-1.85125484895191776e-04,-2.31406897975804067e-04,-2.31406856118989720e-04
5.22675000000000001e+00,5.22675000000000001e+00,6.61366309759362947e-01,-3.16337545434635103e-02,-3.16337260132665138e-02,-4.60730989909687873e-05,-4.60730574380576849e-05,-1.84292229752230712e-04,-2.30365328743199500e-04,-2.30365287190288404e-04
5.23399999999999999e+00,5.23399999999999999e+00,6.61137163865831656e-01,-3.15789911391561873e-02,-3.15789627371910395e-02,-4.58660093345225460e-05,-4.58659680828944356e-05,-1.83463872331577770e-04,-2.29329881666100329e-04,-2.29329840414472212e-04
5.24124999999999996e+00,5.24124999999999996e+00,6.60908414387845200e-01,-3.15243981474964130e-02,-3.15243698730190910e-02,-4.56601352331320045e-05,-4.56600942802023991e-05,-1.82640377120809596e-04,-2.28300512353941601e-04,-2.28300471401011995e-04
5.24849999999999994e+00,5.24849999999999994e+00,6.60680060092692978e-01,-3.14699748035707216e-02,-3.14699466558394300e-02,-4.54554678851994067e-05,-4.54554272284049947e-05,-1.81821708913619979e-04,-2.27277176798819385e-04,-2.27277136142024967e-04
5.25574999999999992e+00,5.25574999999999992e+00,6.60452099753193411e-01,-3.14157203469633828e-02,-3.14156923252244397e-02,-4.52519985649126467e-05,-4.52519582016907808e-05,-1.81007832806763123e-04,-2.26259831371675770e-04,-2.26259791008453918e-04
5.26299999999999990e+00,5.26299999999999990e+00,6.60224532147661969e-01,-3.13616340216782419e-02,-3.13616061251976996e-02,-4.50497186214237152e-05,-4.50496785492578877e-05,-1.80198714197031578e-04,-2.25248432818455279e-04,-2.25248392746289479e-04
5.27024999999999988e+00,5.27024999999999988e+00,6.59997356059879081e-01,-3.13077150761458256e-02,-3.13076873042018450e-02,-4.48486194781586383e-05,-4.48485796945671307e-05,-1.79394318778268496e-04,-2.24242938256427127e-04,-2.24242898472835613e-04
5.27749999999999986e+00,5.27749999999999986e+00,6.59770570279057833e-01,-3.12539627632162365e-02,-3.12539351150666889e-02,-4.46486926321142168e-05,-4.46486531346034453e-05,-1.78594612538413781e-04,-2.23243305170527984e-04,-2.23243265673017227e-04
5.28474999999999984e+00,5.28474999999999984e+00,6.59544173599812433e-01,-3.12003763400525713e-02,-3.12003488149776471e-02,-4.44499296530203645e-05,-4.44498904391458057e-05,-1.77799561756583223e-04,-2.22249491409603594e-04,-2.22249452195729042e-04
5.29199999999999982e+00,5.29199999999999982e+00,6.59318164822127128e-01,-3.11469550681451324e-02,-3.11469276654444058e-02,-4.42523221826837665e-05,-4.42522832500452881e-05,-1.77009133000181153e-04,-2.21261455182864919e-04,-2.21261416250226447e-04
5.29924999999999979e+00,5.29924999999999979e+00,6.59092542751324340e-01,-3.10936982133185325e-02,-3.10936709322698658e-02,-4.40558619343280674e-05,-4.40558232805113003e-05,-1.76223293122045201e-04,-2.20279155056373268e-04,-2.20279116402556495e-04
5.30650000000000066e+00,5.30650000000000066e+00,6.58867306198034020e-01,-3.10406050456251137e-02,-3.10405778855193590e-02,-4.38605406917802723e-05,-4.38605023144057992e-05,-1.75442009257623224e-04,-2.19302549949403503e-04,-2.19302511572029037e-04
5.31375000000000064e+00,5.31375000000000064e+00,6.58642453978162790e-01,-3.09876748393378421e-02,-3.09876477994901305e-02,-4.36663503088066462e-05,-4.36663122055456416e-05,-1.74665248822182539e-04,-2.18331599130989172e-04,-2.18331561027728174e-04
5.32100000000000062e+00,5.32100000000000062e+00,6.58417984912863630e-01,-3.09349068729716237e-02,-3.09348799526810540e-02,-4.34732827084953556e-05,-4.34732448770123870e-05,-1.73892979508049548e-04,-2.17366262216544897e-04,-2.17366224385061942e-04
5.32825000000000060e+00,5.32825000000000060e+00,6.58193897828504682e-01,-3.08823004291838288e-02,-3.08822736277626145e-02,-4.32813298824761408e-05,-4.32812923204701721e-05,-1.73125169281880716e-04,-2.16406499164356863e-04,-2.16406461602350894e-04
5.33550000000000058e+00,5.33550000000000058e+00,6.57970191556640382e-01,-3.08298547947956081e-02,-3.08298281115471987e-02,-4.30904838903176695e-05,-4.30904465954911678e-05,-1.72361786381964671e-04,-2.15452270272282348e-04,-2.15452232977455832e-04
5.34275000000000055e+00,5.34275000000000055e+00,6.57746864933980158e-01,-3.07775692607137330e-02,-3.07775426949595289e-02,-4.29007368587922032e-05,-4.29006998288883475e-05,-1.71602799315553390e-04,-2.14503536174345593e-04,-2.14503499144441738e-04
5.35000000000000053e+00,5.35000000000000053e+00,6.57523916802360109e-01,-3.07254431219305957e-02,-3.07254166730074781e-02,-4.27120809812571415e-05,-4.27120442140560414e-05,-1.70848176856224193e-04,-2.13560257837481327e-04,-2.13560221070280227e-04
5.35725000000000051e+00,5.35725000000000051e+00,6.57301346008712151e-01,-3.06734756775242090e-02,-3.06734493447530024e-02,-4.25245085170429423e-05,-4.25244720103175450e-05,-1.70097888041270180e-04,-2.12622396558313136e-04,-2.12622360051587732e-04
5.36450000000000049e+00,5.36450000000000049e+00,6.57079151405035922e-01,-3.06216662305800469e-02,-3.06216400132834320e-02,-4.23380117907392022e-05,-4.23379755422801881e-05,-1.69351902169120752e-04,-2.11689913959859955e-04,-2.11689877711400941e-04
5.37175000000000047e+00,5.37175000000000047e+00,6.56857331848368808e-01,-3.05700140881555171e-02,-3.05699879856829136e-02,-4.21525831915475093e-05,-4.21525471991974652e-05,-1.68610188796789807e-04,-2.10762771988337323e-04,-2.10762735995987272e-04
5.37900000000000045e+00,5.37900000000000045e+00,6.56635886200757746e-01,-3.05185185612941723e-02,-3.05184925730041696e-02,-4.19682151727095539e-05,-4.19681794343382868e-05,-1.67872717737353147e-04,-2.09840932910062715e-04,-2.09840897171691441e-04
5.38625000000000043e+00,5.38625000000000043e+00,6.56414813329230018e-01,-3.04671789650186042e-02,-3.04671530902404265e-02,-4.17849002509118066e-05,-4.17848647643632721e-05,-1.67139459057453061e-04,-2.08924359308364861e-04,-2.08924323821816347e-04
5.39350000000000041e+00,5.39350000000000041e+00,6.56194112105764948e-01,-3.04159946182096519e-02,-3.04159688562976212e-02,-4.16026310055407053e-05,-4.16025957687077904e-05,-1.66410383074831134e-04,-2.08013014080371853e-04,-2.08012978843538925e-04
5.40075000000000038e+00,5.40075000000000038e+00,6.55973781407265921e-01,-3.03649648436561392e-02,-3.03649391939668500e-02,-4.14214000781791111e-05,-4.14213650889720634e-05,-1.65685460355888254e-04,-2.07106860434067371e-04,-2.07106825444860310e-04
5.40800000000000036e+00,5.40800000000000036e+00,6.55753820115531960e-01,-3.03140889680051373e-02,-3.03140634298970021e-02,-4.12412001719721582e-05,-4.12411654283177868e-05,-1.64964661713271120e-04,-2.06205861885243292e-04,-2.06205827141588914e-04
5.41525000000000034e+00,5.41525000000000034e+00,6.55534227117229862e-01,-3.02633663217193316e-02,-3.02633408945676488e-02,-4.10620240510094556e-05,-4.10619895508714729e-05,-1.64247958203485891e-04,-2.05309982254495333e-04,-2.05309947754357371e-04
5.42250000000000032e+00,5.42250000000000032e+00,6.55315001303866995e-01,-3.02127962390912330e-02,-3.02127709222621936e-02,-4.08838645397910155e-05,-4.08838302811344960e-05,-1.63535321124537957e-04,-2.04419185664328972e-04,-2.04419151405672459e-04
5.42975000000000030e+00,5.42975000000000030e+00,6.55096141571763102e-01,-3.01623780581721235e-02,-3.01623528510411645e-02,-4.07067145225831900e-05,-4.07066805033993645e-05,-1.62826722013597458e-04,-2.03533436536180648e-04,-2.03533402516996829e-04
5.43700000000000028e+00,5.43700000000000028e+00,6.54877646822023540e-01,-3.01121111207649506e-02,-3.01120860227158116e-02,-4.05305669428679234e-05,-4.05305331611726885e-05,-1.62122132644690781e-04,-2.02652699587558698e-04,-2.02652665805863456e-04
5.44425000000000026e+00,5.44425000000000026e+00,6.54659515960511973e-01,-3.00619947724101166e-02,-3.00619697828218742e-02,-4.03554148027879660e-05,-4.03553812566042586e-05,-1.61421525026417034e-04,-2.01776939829204994e-04,-2.01776906283021286e-04
5.45150000000000023e+00,5.45150000000000023e+00,6.54441747897823611e-01,-3.00120283623357409e-02,-3.00120034805935777e-02,-4.01812511625503120e-05,-4.01812178499224822e-05,-1.60724871399689902e-04,-2.00906122562240214e-04,-2.00906089249612384e-04
5.45875000000000021e+00,5.45875000000000021e+00,6.54224341549258126e-01,-2.99622112434434484e-02,-2.99621864689378556e-02,-4.00080691398834213e-05,-4.00080360588759919e-05,-1.60032144235503968e-04,-2.00040213375387389e-04,-2.00040180294379973e-04
5.46600000000000019e+00,5.46600000000000019e+00,6.54007295834793667e-01,-2.99125427722657378e-02,-2.99125181044087828e-02,-3.98358619094621851e-05,-3.98358290581813464e-05,-1.59343316232725385e-04,-1.99179178142187564e-04,-1.99179145290906732e-04
5.47325000000000017e+00,5.47325000000000017e+00,6.53790609679060220e-01,-2.98630223090015079e-02,-2.98629977471822142e-02,-3.96646227024428170e-05,-3.96645900789767411e-05,-1.58658360315906964e-04,-1.98322983018349788e-04,-1.98322950394883712e-04
5.48050000000000015e+00,5.48050000000000015e+00,6.53574282011313068e-01,-2.98136492174165824e-02,-2.98136247610306104e-02,-3.94943448058232487e-05,-3.94943124082816629e-05,-1.57977249633126625e-04,-1.97471594438949867e-04,-1.97471562041408294e-04
5.48775000000000013e+00,5.48775000000000013e+00,6.53358311765407707e-01,-2.97644228648294984e-02,-2.97643985132981514e-02,-3.93250215619233965e-05,-3.93249893884624999e-05,-1.57299957553849973e-04,-1.96624979115773383e-04,-1.96624946942312466e-04
5.49500000000000011e+00,5.49500000000000011e+00,6.53142697879773082e-01,-2.97153426221470340e-02,-2.97153183748759368e-02,-3.91566463679363024e-05,-3.91566144167038372e-05,-1.56626457666815349e-04,-1.95783104034751644e-04,-1.95783072083519186e-04
5.50225000000000009e+00,5.50225000000000009e+00,6.52927439297386614e-01,-2.96664078637647322e-02,-2.96663837201775020e-02,-3.89892126753059505e-05,-3.89891809444856409e-05,-1.55956723777942537e-04,-1.94945936453248494e-04,-1.94945904722428184e-04
5.50950000000000006e+00,5.50950000000000006e+00,6.52712534965748548e-01,-2.96176179675953222e-02,-2.96175939271144627e-02,-3.88227139892798444e-05,-3.88226824770659449e-05,-1.55290729908263807e-04,-1.94113443897543658e-04,-1.94113412385329758e-04
5.51675000000000004e+00,5.51675000000000004e+00,6.52497983836856421e-01,-2.95689723150331929e-02,-2.95689483770723884e-02,-3.86571438683820846e-05,-3.86571125729692834e-05,-1.54628450291877161e-04,-1.93285594160259259e-04,-1.93285562864846437e-04
5.52400000000000002e+00,5.52400000000000002e+00,6.52283784867180527e-01,-2.95204702908904437e-02,-2.95204464548868804e-02,-3.84924959238550112e-05,-3.84924648434805785e-05,-1.53969859373922314e-04,-1.92462355297777325e-04,-1.92462324217402886e-04
5.53125000000000000e+00,5.53125000000000000e+00,6.52069937017638601e-01,-2.94721112834253063e-02,-2.94720875488198239e-02,-3.83287638192269056e-05,-3.83287329521444898e-05,-1.53314931808577959e-04,-1.91643695627804865e-04,-1.91643664760722456e-04
5.53849999999999998e+00,5.53849999999999998e+00,6.51856439253570841e-01,-2.94238946843208282e-02,-2.94238710505358332e-02,-3.81659412698193422e-05,-3.81659106142701778e-05,-1.52663642457080711e-04,-1.90829583726900040e-04,-1.90829553071350896e-04
5.54574999999999996e+00,5.54574999999999996e+00,6.51643290544715925e-01,-2.93758198885996080e-02,-2.93757963550789307e-02,-3.80040220421768037e-05,-3.80039915964414340e-05,-1.52015966385765736e-04,-1.90019988427942533e-04,-1.90019957982207163e-04
5.55299999999999994e+00,5.55299999999999994e+00,6.51430489865186146e-01,-2.93278862946593222e-02,-2.93278628608493672e-02,-3.78429999536584379e-05,-3.78429697160320296e-05,-1.51371878864128145e-04,-1.89214878817786576e-04,-1.89214848580160182e-04
5.56024999999999991e+00,5.56024999999999991e+00,6.51218036193443317e-01,-2.92800933042300926e-02,-2.92800699695806542e-02,-3.76828688719330093e-05,-3.76828388407262805e-05,-1.50731355362905149e-04,-1.88414224234838165e-04,-1.88414194203631423e-04
5.56749999999999989e+00,5.56749999999999989e+00,6.51005928512274790e-01,-2.92324403223531704e-02,-2.92324170863167837e-02,-3.75236227145065259e-05,-3.75235928880447841e-05,-1.50094371552179164e-04,-1.87617994266685696e-04,-1.87617964440223948e-04
5.57474999999999987e+00,5.57474999999999987e+00,6.50794165808769254e-01,-2.91849267573596194e-02,-2.91849036193896245e-02,-3.73652554482546500e-05,-3.73652258248752034e-05,-1.49460903299500813e-04,-1.86826158747755463e-04,-1.86826129124376030e-04
5.58199999999999985e+00,5.58199999999999985e+00,6.50582747074293088e-01,-2.91375520208418948e-02,-2.91375289803965029e-02,-3.72077610889508191e-05,-3.72077316670080656e-05,-1.48830926668032262e-04,-1.86038687756983088e-04,-1.86038658335040314e-04
5.58924999999999983e+00,5.58924999999999983e+00,6.50371671304467047e-01,-2.90903155276396319e-02,-2.90902925841779771e-02,-3.70511337008173257e-05,-3.70511044786775895e-05,-1.48204417914710385e-04,-1.85255551615527724e-04,-1.85255522393387988e-04
5.59649999999999981e+00,5.59649999999999981e+00,6.50160937499142388e-01,-2.90432166957970139e-02,-2.90431938487957821e-02,-3.68953673960447647e-05,-3.68953383721073297e-05,-1.47581353488429346e-04,-1.84476720884474117e-04,-1.84476691860536676e-04
5.60375000000000068e+00,5.60375000000000068e+00,6.49950544662378005e-01,-2.89962549465911934e-02,-2.89962321955109480e-02,-3.67404563344065726e-05,-3.67404275070607006e-05,-1.46961710028242803e-04,-1.83702166362649375e-04,-1.83702137535303510e-04
5.61100000000000065e+00,5.61100000000000065e+00,6.49740491802416886e-01,-2.89494297044328164e-02,-2.89494070487621123e-02,-3.65863947227154694e-05,-3.65863660903962976e-05,-1.46345464361585190e-04,-1.82931859084300660e-04,-1.82931830451981488e-04
5.61825000000000063e+00,5.61825000000000063e+00,6.49530777931663694e-01,-2.89027403969370766e-02,-2.89027178361439784e-02,-3.64331768145009357e-05,-3.64331483756279140e-05,-1.45732593502511656e-04,-1.82165770317012599e-04,-1.82165741878139570e-04
5.62550000000000061e+00,5.62550000000000061e+00,6.49321402066661335e-01,-2.88561864548242397e-02,-2.88561639883859779e-02,-3.62807969094748633e-05,-3.62807686624892412e-05,-1.45123074649956938e-04,-1.81403871559431787e-04,-1.81403843312446172e-04
5.63275000000000059e+00,5.63275000000000059e+00,6.49112363228068756e-01,-2.88097673119125375e-02,-2.88097449393310868e-02,-3.61292493531190372e-05,-3.61292212965031958e-05,-1.44516885186012810e-04,-1.80646134539131861e-04,-1.80646106482516020e-04
5.64000000000000057e+00,5.64000000000000057e+00,6.48903660440638519e-01,-2.87634824051679061e-02,-2.87634601259148248e-02,-3.59785285363477584e-05,-3.59785006685558288e-05,-1.43914002674223315e-04,-1.79892531210571073e-04,-1.79892503342779151e-04
5.64725000000000055e+00,5.64725000000000055e+00,6.48695292733193818e-01,-2.87173311745760884e-02,-2.87173089881443966e-02,-3.58286288949517299e-05,-3.58286012144746449e-05,-1.43314404857898580e-04,-1.79143033752850303e-04,-1.79143006072373225e-04
5.65450000000000053e+00,5.65450000000000053e+00,6.48487259138607164e-01,-2.86713130631923718e-02,-2.86712909690780386e-02,-3.56795449092694281e-05,-3.56795174146115173e-05,-1.42718069658446096e-04,-1.78397614567715518e-04,-1.78397587073057600e-04
5.66175000000000050e+00,5.66175000000000050e+00,6.48279558693777513e-01,-2.86254275171131667e-02,-2.86254055148044972e-02,-3.55312711037641488e-05,-3.55312437934298704e-05,-1.42124975173719482e-04,-1.77656246277483644e-04,-1.77656218967149366e-04
5.66900000000000048e+00,5.66900000000000048e+00,6.48072190439609064e-01,-2.85796739854049520e-02,-2.85796520744226942e-02,-3.53838020465526771e-05,-3.53837749190963154e-05,-1.41535099676385262e-04,-1.76918901722937939e-04,-1.76918874595481570e-04
5.67625000000000046e+00,5.67625000000000046e+00,6.47865153420989159e-01,-2.85340519201753295e-02,-2.85340301000215416e-02,-3.52371323491144914e-05,-3.52371054030765001e-05,-1.40948421612306001e-04,-1.76185553961420499e-04,-1.76185527015382487e-04
5.68350000000000044e+00,5.68350000000000044e+00,6.47658446686766531e-01,-2.84885607764877591e-02,-2.84885390466599123e-02,-3.50912566658106889e-05,-3.50912298997352760e-05,-1.40364919598941104e-04,-1.75456176264751786e-04,-1.75456149498676373e-04
5.69075000000000042e+00,5.69075000000000042e+00,6.47452069289730092e-01,-2.84432000123331363e-02,-2.84431783723467918e-02,-3.49461696934780605e-05,-3.49461431059409772e-05,-1.39784572423763909e-04,-1.74730742117241956e-04,-1.74730715529704879e-04
5.69800000000000040e+00,5.69800000000000040e+00,6.47246020286587731e-01,-2.83979690886440039e-02,-2.83979475380215715e-02,-3.48018661710794287e-05,-3.48018397606739702e-05,-1.39207359042695908e-04,-1.74009225213775343e-04,-1.74009198803369878e-04
5.70525000000000038e+00,5.70525000000000038e+00,6.47040298737944775e-01,-2.83528674692732352e-02,-2.83528460075344949e-02,-3.46583408793139651e-05,-3.46583146446391863e-05,-1.38633258578556718e-04,-1.73291599457870690e-04,-1.73291573223195911e-04
5.71250000000000036e+00,5.71250000000000036e+00,6.46834903708283226e-01,-2.83078946209727178e-02,-2.83078732476272736e-02,-3.45155886402312279e-05,-3.45155625798827280e-05,-1.38062250319530912e-04,-1.72577838959762133e-04,-1.72577812899413647e-04
5.71975000000000033e+00,5.71975000000000033e+00,6.46629834265940673e-01,-2.82630500133436158e-02,-2.82630287279138359e-02,-3.43736043168146795e-05,-3.43735784294125604e-05,-1.37494313717650241e-04,-1.71867918034464935e-04,-1.71867892147062795e-04
5.72700000000000031e+00,5.72700000000000031e+00,6.46425089483089743e-01,-2.82183331188363695e-02,-2.82183119208612582e-02,-3.42323828126297065e-05,-3.42323570968230387e-05,-1.36929428387292155e-04,-1.71161811199921875e-04,-1.71161785484115193e-04
5.73425000000000029e+00,5.73425000000000029e+00,6.46220668435717460e-01,-2.81737434127720121e-02,-2.81737223017708253e-02,-3.40919190715009005e-05,-3.40918935259234673e-05,-1.36367574103693869e-04,-1.70459493175194776e-04,-1.70459467629617350e-04
5.74150000000000027e+00,5.74150000000000027e+00,6.46016570203604590e-01,-2.81292803732497987e-02,-2.81292593487592335e-02,-3.39522080770550804e-05,-3.39521827003703993e-05,-1.35808730801481570e-04,-1.69760938878536657e-04,-1.69760913501851963e-04
5.74875000000000025e+00,5.74875000000000025e+00,6.45812793870305435e-01,-2.80849434811685228e-02,-2.80849225427399624e-02,-3.38132448524060944e-05,-3.38132196433038530e-05,-1.35252878573215412e-04,-1.69066123425621500e-04,-1.69066098216519279e-04
5.75600000000000023e+00,5.75600000000000023e+00,6.45609338523127629e-01,-2.80407322202407272e-02,-2.80407113674047762e-02,-3.36750244598340388e-05,-3.36749994169872549e-05,-1.34699997667949047e-04,-1.68375022127783072e-04,-1.68374997084936315e-04
5.76325000000000021e+00,5.76325000000000021e+00,6.45406203253111932e-01,-2.79966460769145442e-02,-2.79966253092053911e-02,-3.35375420003567604e-05,-3.35375171224511708e-05,-1.34150068489804683e-04,-1.67687610490161430e-04,-1.67687585612255868e-04
5.77050000000000018e+00,5.77050000000000018e+00,6.45203387155012353e-01,-2.79526845403665902e-02,-2.79526638573352540e-02,-3.34007926133908267e-05,-3.34007678991405949e-05,-1.33603071596562380e-04,-1.67003864209953206e-04,-1.67003839495702975e-04
5.77775000000000016e+00,5.77775000000000016e+00,6.45000889327276616e-01,-2.79088471025090712e-02,-2.79088265037115042e-02,-3.32647714764327574e-05,-3.32647469245660600e-05,-1.33058987698264240e-04,-1.66323759174696997e-04,-1.66323734622830300e-04
5.78500000000000014e+00,5.78500000000000014e+00,6.44798708872025950e-01,-2.78651332579755717e-02,-2.78651127429570405e-02,-3.31294738047179066e-05,-3.31294494139582174e-05,-1.32517797655832843e-04,-1.65647271460550756e-04,-1.65647247069791053e-04
5.79225000000000012e+00,5.79225000000000012e+00,6.44596844895035992e-01,-2.78215425040571063e-02,-2.78215220723827504e-02,-3.29948948508236044e-05,-3.29948706199260222e-05,-1.31979482479704116e-04,-1.64974377330527714e-04,-1.64974353099630125e-04
5.79950000000000010e+00,5.79950000000000010e+00,6.44395296505717141e-01,-2.77780743407447517e-02,-2.77780539919698748e-02,-3.28610299044026534e-05,-3.28610058321184687e-05,-1.31444023328473848e-04,-1.64305053232876501e-04,-1.64305029160592323e-04
5.80675000000000008e+00,5.80675000000000008e+00,6.44194062817095126e-01,-2.77347282706870146e-02,-2.77347080043524839e-02,-3.27278742918184131e-05,-3.27278503768897209e-05,-1.30911401507558857e-04,-1.63639275799377270e-04,-1.63639251884448584e-04
5.81400000000000006e+00,5.81400000000000006e+00,6.43993142945792241e-01,-2.76915037991116719e-02,-2.76914836148001477e-02,-3.25954233757417750e-05,-3.25953996169678079e-05,-1.30381598467871232e-04,-1.62977021843613014e-04,-1.62976998084839040e-04
5.82125000000000004e+00,5.82125000000000004e+00,6.43792536012008032e-01,-2.76484004339252465e-02,-2.76483803312006886e-02,-3.24636725549610816e-05,-3.24636489511265981e-05,-1.29854595804506420e-04,-1.62318268359467515e-04,-1.62318244755633024e-04
5.82850000000000001e+00,5.82850000000000001e+00,6.43592241139500310e-01,-2.76054176856135314e-02,-2.76053976640430777e-02,-3.23326172639601007e-05,-3.23325938138612162e-05,-1.29330375255444865e-04,-1.61662992519404959e-04,-1.61662969069306081e-04
5.83574999999999999e+00,5.83574999999999999e+00,6.43392257455566607e-01,-2.75625550672486952e-02,-2.75625351264004899e-02,-3.22022529726252027e-05,-3.22022296750667267e-05,-1.28808918700266907e-04,-1.61011171672892123e-04,-1.61011148375333633e-04
5.84299999999999997e+00,5.84299999999999997e+00,6.43192584091025199e-01,-2.75198120944608604e-02,-2.75197922339134524e-02,-3.20725751859138048e-05,-3.20725520397201571e-05,-1.28290208158880601e-04,-1.60362783344794406e-04,-1.60362760198600758e-04
5.85024999999999995e+00,5.85024999999999995e+00,6.42993220180197000e-01,-2.74771882854381033e-02,-2.74771685047731709e-02,-3.19435794435591361e-05,-3.19435564475656938e-05,-1.27774225790262775e-04,-1.59717805233821925e-04,-1.59717782237828469e-04
5.85749999999999993e+00,5.85749999999999993e+00,6.42794164860886363e-01,-2.74346831609122432e-02,-2.74346634597049249e-02,-3.18152613197613752e-05,-3.18152384728031902e-05,-1.27260953891212734e-04,-1.59076215210974116e-04,-1.59076192364015931e-04
5.86474999999999991e+00,5.86474999999999991e+00,6.42595417274363756e-01,-2.73922962441091045e-02,-2.73922766219516500e-02,-3.16876164228405634e-05,-3.16875937237797318e-05,-1.26750374895118927e-04,-1.58437991317959484e-04,-1.58437968618898673e-04
5.87199999999999989e+00,5.87199999999999989e+00,6.42396976565346778e-01,-2.73500270607911489e-02,-2.73500075172576108e-02,-3.15606403949997543e-05,-3.15606178426844399e-05,-1.26242471370737787e-04,-1.57803111765737541e-04,-1.57803089213422220e-04
5.87924999999999986e+00,5.87924999999999986e+00,6.42198841881982285e-01,-2.73078751391722108e-02,-2.73078556738522056e-02,-3.14343289119428724e-05,-3.14343065052463317e-05,-1.25737226020985300e-04,-1.57171554932928172e-04,-1.57171532526231638e-04
5.88649999999999984e+00,5.88649999999999984e+00,6.42001012375828739e-01,-2.72658400099388132e-02,-2.72658206224339061e-02,-3.13086776826189980e-05,-3.13086554204351821e-05,-1.25234621681740728e-04,-1.56543299364359726e-04,-1.56543277102175904e-04
5.89374999999999982e+00,5.89374999999999982e+00,6.41803487201838108e-01,-2.72239212062643787e-02,-2.72239018961543226e-02,-3.11836824489608640e-05,-3.11836603301655772e-05,-1.24734641320662336e-04,-1.55918323769623206e-04,-1.55918301650827913e-04
5.90100000000000069e+00,5.90100000000000069e+00,6.41606265518337882e-01,-2.71821182637168590e-02,-2.71820990306023483e-02,-3.10593389855038266e-05,-3.10593170090037797e-05,-1.24237268036015092e-04,-1.55296607021518905e-04,-1.55296585045018858e-04
5.90825000000000067e+00,5.90825000000000067e+00,6.41409346487014198e-01,-2.71404307203013673e-02,-2.71404115637885225e-02,-3.09356430991629061e-05,-3.09356212638777392e-05,-1.23742485055510957e-04,-1.54678128154673856e-04,-1.54678106319388703e-04
5.91550000000000065e+00,5.91550000000000065e+00,6.41212729272893522e-01,-2.70988581164459674e-02,-2.70988390361293838e-02,-3.08125906289469302e-05,-3.08125689337898390e-05,-1.23250275735159356e-04,-1.54062866364106273e-04,-1.54062844668949209e-04
5.92275000000000063e+00,5.92275000000000063e+00,6.41016413044325772e-01,-2.70573999949448307e-02,-2.70573809904320513e-02,-3.06901774456271338e-05,-3.06901558895326999e-05,-1.22760623558130773e-04,-1.53450801003757913e-04,-1.53450779447663466e-04
5.93000000000000060e+00,5.93000000000000060e+00,6.40820396972966888e-01,-2.70160559009795520e-02,-2.70160369718788727e-02,-3.05683994514975371e-05,-3.05683780334077554e-05,-1.22273512133631022e-04,-1.52841911585128559e-04,-1.52841890167038791e-04
5.93725000000000058e+00,5.93725000000000058e+00,6.40624680233761623e-01,-2.69748253820907280e-02,-2.69748065280121935e-02,-3.04472525800813806e-05,-3.04472312989467231e-05,-1.21788925195786879e-04,-1.52236177775868256e-04,-1.52236156494733605e-04
5.94450000000000056e+00,5.94450000000000056e+00,6.40429262004926558e-01,-2.69337079881708519e-02,-2.69336892087192574e-02,-3.03267327958643236e-05,-3.03267116506357942e-05,-1.21306846602543190e-04,-1.51633579398407510e-04,-1.51633558253178984e-04
5.95175000000000054e+00,5.95175000000000054e+00,6.40234141467933116e-01,-2.68927032714216807e-02,-2.68926845662172086e-02,-3.02068360939903490e-05,-3.02068150836426752e-05,-1.20827260334570701e-04,-1.51034096428561050e-04,-1.51034075418213373e-04
5.95900000000000052e+00,5.95900000000000052e+00,6.40039317807490904e-01,-2.68518107863826572e-02,-2.68517921550382142e-02,-3.00875585000402573e-05,-3.00875376235462932e-05,-1.20350150494185159e-04,-1.50437708994225427e-04,-1.50437688117731452e-04
5.96625000000000050e+00,5.96625000000000050e+00,6.39844790211530512e-01,-2.68110300898811715e-02,-2.68110115320146850e-02,-2.99688960697247700e-05,-2.99688753260692619e-05,-1.19875501304277061e-04,-1.49844397374001838e-04,-1.49844376630346319e-04
5.97350000000000048e+00,5.97350000000000048e+00,6.39650557871187631e-01,-2.67703607410325617e-02,-2.67703422562646509e-02,-2.98508448886361047e-05,-2.98508242768130111e-05,-1.19403297107252045e-04,-1.49254141995888142e-04,-1.49254121384065049e-04
5.98075000000000045e+00,5.98075000000000045e+00,6.39456619980785623e-01,-2.67298023012187969e-02,-2.67297838891771763e-02,-2.97334010719781850e-05,-2.97333805909955016e-05,-1.18933522363982020e-04,-1.48666923435960202e-04,-1.48666902954977515e-04
5.98800000000000043e+00,5.98800000000000043e+00,6.39262975737819983e-01,-2.66893543340884776e-02,-2.66893359943979613e-02,-2.96165607643231319e-05,-2.96165404131916735e-05,-1.18466161652766694e-04,-1.48082722417089836e-04,-1.48082702065958357e-04
5.99525000000000041e+00,5.99525000000000041e+00,6.39069624342941345e-01,-2.66490164055213086e-02,-2.66489981378149922e-02,-2.95003201393305815e-05,-2.95002999170763582e-05,-1.18001199668305433e-04,-1.47501519807636004e-04,-1.47501499585381794e-04
6.00250000000000039e+00,6.00250000000000039e+00,6.38876564999939944e-01,-2.66087880836352042e-02,-2.66087698875443514e-02,-2.93846753995169182e-05,-2.93846553051698335e-05,-1.17538621220679348e-04,-1.46923296620196263e-04,-1.46923276525849178e-04
6.00975000000000037e+00,6.00975000000000037e+00,6.38683796915728630e-01,-2.65686689387720776e-02,-2.65686508139160761e-02,-2.92696227760031041e-05,-2.92696028085858682e-05,-1.17078411234343487e-04,-1.46348034010346597e-04,-1.46348014042929365e-04
6.01700000000000035e+00,6.01700000000000035e+00,6.38491319300327764e-01,-2.65286585434267863e-02,-2.65286404894601834e-02,-2.91551585282023700e-05,-2.91551386867822880e-05,-1.16620554747129165e-04,-1.45775713275331546e-04,-1.45775693433911453e-04
6.02425000000000033e+00,6.02425000000000033e+00,6.38299131366848904e-01,-2.64887564723395030e-02,-2.64887384888927609e-02,-2.90412789436903933e-05,-2.90412592273139838e-05,-1.16165036909255949e-04,-1.45206315852946328e-04,-1.45206296136569929e-04
6.03150000000000031e+00,6.03150000000000031e+00,6.38107232331478813e-01,-2.64489623023962395e-02,-2.64489443891021622e-02,-2.89279803378662741e-05,-2.89279607455884008e-05,-1.15711842982353617e-04,-1.44639823320219898e-04,-1.44639803727942011e-04
6.03875000000000028e+00,6.03875000000000028e+00,6.37915621413464140e-01,-2.64092756126217409e-02,-2.64092577691353372e-02,-2.88152590537179549e-05,-2.88152395846234326e-05,-1.15260958338493744e-04,-1.44076217392211689e-04,-1.44076197923117167e-04
6.04600000000000026e+00,6.04600000000000026e+00,6.37724297835095766e-01,-2.63696959842292245e-02,-2.63696782101842421e-02,-2.87031114616516992e-05,-2.87030921148077108e-05,-1.14812368459230843e-04,-1.43515479920882532e-04,-1.43515460574038554e-04
6.05325000000000024e+00,6.05325000000000024e+00,6.37533260821692815e-01,-2.63302230005280080e-02,-2.63302052955723294e-02,-2.85915339591685077e-05,-2.85915147336632189e-05,-1.14366058934652889e-04,-1.42957592893821394e-04,-1.42957573668316118e-04
6.06050000000000022e+00,6.06050000000000022e+00,6.37342509601588114e-01,-2.62908562469519325e-02,-2.62908386107411976e-02,-2.84805229706748782e-05,-2.84805038656103561e-05,-1.13922015462441411e-04,-1.42402538433116286e-04,-1.42402519328051777e-04
6.06775000000000020e+00,6.06775000000000020e+00,6.37152043406112090e-01,-2.62515953110522560e-02,-2.62515777432372824e-02,-2.83700749472566607e-05,-2.83700559617351521e-05,-1.13480223846940581e-04,-1.41850298794197235e-04,-1.41850279808675747e-04
6.07500000000000018e+00,6.07500000000000018e+00,6.36961861469577895e-01,-2.62124397824621269e-02,-2.62124222826986795e-02,-2.82601863664244499e-05,-2.82601674995589249e-05,-1.13040669998235699e-04,-1.41300856364660139e-04,-1.41300837497794631e-04
6.08225000000000016e+00,6.08225000000000016e+00,6.36771963029266308e-01,-2.61733892529036893e-02,-2.61733718208420514e-02,-2.81508537319072444e-05,-2.81508349828101107e-05,-1.12603339931240443e-04,-1.40754193663147681e-04,-1.40754174914050543e-04
6.08950000000000014e+00,6.08950000000000014e+00,6.36582347325410747e-01,-2.61344433161596612e-02,-2.61344259514496580e-02,-2.80420735734098667e-05,-2.80420549411983602e-05,-1.12168219764793427e-04,-1.40210293338203297e-04,-1.40210274705991774e-04
6.09675000000000011e+00,6.09675000000000011e+00,6.36393013601182056e-01,-2.60956015680449127e-02,-2.60955842703564228e-02,-2.79338424463727107e-05,-2.79338239301908267e-05,-1.11735295720763293e-04,-1.39669138167135997e-04,-1.39669119650954110e-04
6.10400000000000009e+00,6.10400000000000009e+00,6.36203961102674076e-01,-2.60568636064419934e-02,-2.60568463754371760e-02,-2.78261569318020879e-05,-2.78261385307906943e-05,-1.11304554123162777e-04,-1.39130711054964858e-04,-1.39130692653953458e-04
6.11125000000000007e+00,6.11125000000000007e+00,6.36015189078888654e-01,-2.60182290312513942e-02,-2.60182118665939315e-02,-2.77190136360110927e-05,-2.77189953493178034e-05,-1.10875981397271214e-04,-1.38594995033282300e-04,-1.38594976746589014e-04
6.11850000000000005e+00,6.11850000000000005e+00,6.35826696781720990e-01,-2.59796974443844420e-02,-2.59796803457432793e-02,-2.76124091904083730e-05,-2.76123910171914845e-05,-1.10449564068765925e-04,-1.38061973259174294e-04,-1.38061955085957402e-04
6.12575000000000003e+00,6.12575000000000003e+00,6.35638483465945092e-01,-2.59412684497632995e-02,-2.59412514168038642e-02,-2.75063402512963395e-05,-2.75063221907154326e-05,-1.10025288762861730e-04,-1.37531629014158070e-04,-1.37531610953577153e-04
6.13300000000000001e+00,6.13300000000000001e+00,6.35450548389199454e-01,-2.59029416532854384e-02,-2.59029246856839826e-02,-2.74008034996336649e-05,-2.74007855508647730e-05,-1.09603142203459092e-04,-1.37003945703092757e-04,-1.37003927754323875e-04
6.14024999999999999e+00,6.14024999999999999e+00,6.35262890811972403e-01,-2.58647166628449554e-02,-2.58646997602692240e-02,-2.72957956408600323e-05,-2.72957778030751095e-05,-1.09183111212300424e-04,-1.36478906853160453e-04,-1.36478889015375520e-04
6.14749999999999996e+00,6.14749999999999996e+00,6.35075509997588106e-01,-2.58265930882970451e-02,-2.58265762504102520e-02,-2.71913134046625169e-05,-2.71912956770336597e-05,-1.08765182708134639e-04,-1.35956496112797149e-04,-1.35956478385168295e-04
6.15474999999999994e+00,6.15474999999999994e+00,6.34888405212192142e-01,-2.57885705414224731e-02,-2.57885537679106436e-02,-2.70873535447442549e-05,-2.70873359264724571e-05,-1.08349343705889828e-04,-1.35436697250634083e-04,-1.35436679632362279e-04
6.16199999999999992e+00,6.16199999999999992e+00,6.34701575724737510e-01,-2.57506486359631026e-02,-2.57506319265148297e-02,-2.69839128386698018e-05,-2.69838953289634569e-05,-1.07935581315853828e-04,-1.34919494154523616e-04,-1.34919476644817284e-04
6.16924999999999990e+00,6.16924999999999990e+00,6.34515020806970642e-01,-2.57128269876076843e-02,-2.57128103418961251e-02,-2.68809880876597001e-05,-2.68809706857157463e-05,-1.07523882742862999e-04,-1.34404870830522706e-04,-1.34404853428578752e-04
6.17649999999999988e+00,6.17649999999999988e+00,6.34328739733417191e-01,-2.56751052139421176e-02,-2.56750886316448323e-02,-2.67785761163498914e-05,-2.67785588213746081e-05,-1.07114235285498446e-04,-1.33892811401848337e-04,-1.33892794106873044e-04
6.18374999999999986e+00,6.18374999999999986e+00,6.34142731781368485e-01,-2.56374829344636623e-02,-2.56374664152564588e-02,-2.66766737726200705e-05,-2.66766565838226101e-05,-1.06706626335290427e-04,-1.33383300107910494e-04,-1.33383282919113044e-04
6.19099999999999984e+00,6.19099999999999984e+00,6.33956996230867542e-01,-2.55999597705311999e-02,-2.55999433141199939e-02,-2.65752779273570985e-05,-2.65752608439825377e-05,-1.06301043375930151e-04,-1.32876321303287260e-04,-1.32876304219912695e-04
6.19825000000000070e+00,6.19825000000000070e+00,6.33771532364695744e-01,-2.55625353454362880e-02,-2.55625189515063002e-02,-2.64743854743459018e-05,-2.64743684956223091e-05,-1.05897473982489236e-04,-1.32371859456835125e-04,-1.32371842478111549e-04
6.20550000000000068e+00,6.20550000000000068e+00,6.33586339468358628e-01,-2.55252092843321066e-02,-2.55251929525565462e-02,-2.63739933300141323e-05,-2.63739764551617088e-05,-1.05495905820646849e-04,-1.31869899150660971e-04,-1.31869882275808571e-04
6.21275000000000066e+00,6.21275000000000066e+00,6.33401416830073005e-01,-2.54879812141766138e-02,-2.54879649442707711e-02,-2.62740984331940496e-05,-2.62740816614809826e-05,-1.05096326645923944e-04,-1.31370425079117993e-04,-1.31370408307404933e-04
6.22000000000000064e+00,6.22000000000000064e+00,6.33216763740753086e-01,-2.54508507638462333e-02,-2.54508345554965050e-02,-2.61746977450622629e-05,-2.61746810757312846e-05,-1.04698724302925138e-04,-1.30873422047987398e-04,-1.30873405378656416e-04
6.22725000000000062e+00,6.22725000000000062e+00,6.33032379493997155e-01,-2.54138175640292729e-02,-2.54138014169174621e-02,-2.60757882488533527e-05,-2.60757716811469343e-05,-1.04303086724587737e-04,-1.30378874973441090e-04,-1.30378858405734682e-04
6.23450000000000060e+00,6.23450000000000060e+00,6.32848263386074694e-01,-2.53768812472046079e-02,-2.53768651610423689e-02,-2.59773669496639044e-05,-2.59773504828595235e-05,-1.03909401931438108e-04,-1.29886768881102026e-04,-1.29886752414297624e-04
6.24175000000000058e+00,6.24175000000000058e+00,6.32664414715912726e-01,-2.53400414477056302e-02,-2.53400254221938029e-02,-2.58794308743454064e-05,-2.58794145077137101e-05,-1.03517658030854840e-04,-1.29397088905200240e-04,-1.29397072538568557e-04
6.24900000000000055e+00,6.24900000000000055e+00,6.32480832785082936e-01,-2.53032978016634047e-02,-2.53032818364971532e-02,-2.57819770712747175e-05,-2.57819608040848248e-05,-1.03127843216339299e-04,-1.28909820287614006e-04,-1.28909804020424127e-04
6.25625000000000053e+00,6.25625000000000053e+00,6.32297516897788570e-01,-2.52666499469853534e-02,-2.52666340418696705e-02,-2.56850026101629425e-05,-2.56849864416982397e-05,-1.02739945766792959e-04,-1.28424948376955908e-04,-1.28424932208491202e-04
6.26350000000000051e+00,6.26350000000000051e+00,6.32114466360851668e-01,-2.52300975233694658e-02,-2.52300816780095631e-02,-2.55885045819021598e-05,-2.55884885114504278e-05,-1.02353954045801698e-04,-1.27942458627703851e-04,-1.27942442557252132e-04
6.27075000000000049e+00,6.27075000000000049e+00,6.31931680483699743e-01,-2.51936401722900882e-02,-2.51936243863851890e-02,-2.54924800983845969e-05,-2.54924641252317021e-05,-1.01969856500926808e-04,-1.27462336599311419e-04,-1.27462320626158497e-04
6.27800000000000047e+00,6.27800000000000047e+00,6.31749158578353454e-01,-2.51572775369623969e-02,-2.51572618102243323e-02,-2.53969262923020223e-05,-2.53969104157507211e-05,-1.01587641663002885e-04,-1.26984567955304900e-04,-1.26984552078753606e-04
6.28525000000000045e+00,6.28525000000000045e+00,6.31566899959413841e-01,-2.51210092623566084e-02,-2.51209935945035517e-02,-2.53018403169971084e-05,-2.53018245363605893e-05,-1.01207298145442371e-04,-1.26509138462439476e-04,-1.26509122681802967e-04
6.29250000000000043e+00,6.29250000000000043e+00,6.31384903944049336e-01,-2.50848349951908745e-02,-2.50848193859375956e-02,-2.52072193462946213e-05,-2.52072036608866317e-05,-1.00828814643546527e-04,-1.26036033989841158e-04,-1.26036018304433162e-04
6.29975000000000041e+00,6.29975000000000041e+00,6.31203169851983548e-01,-2.50487543839170712e-02,-2.50487388329689066e-02,-2.51130605743270094e-05,-2.51130449834558149e-05,-1.00452179933823259e-04,-1.25565240508150269e-04,-1.25565224917279064e-04
6.30700000000000038e+00,6.30700000000000038e+00,6.31021697005482496e-01,-2.50127670786852718e-02,-2.50127515857571925e-02,-2.50193612153402440e-05,-2.50193457183277538e-05,-1.00077382873311015e-04,-1.25096744088651259e-04,-1.25096728591638759e-04
6.31425000000000036e+00,6.31425000000000036e+00,6.30840484729342621e-01,-2.49768727313508521e-02,-2.49768572961690839e-02,-2.49261185035440763e-05,-2.49261030997273519e-05,-9.97044123989094074e-05,-1.24630530902453487e-04,-1.24630515498636756e-04
6.32150000000000034e+00,6.32150000000000034e+00,6.30659532350877905e-01,-2.49410709954958065e-02,-2.49410556177678509e-02,-2.48333296929777196e-05,-2.48333143816790090e-05,-9.93332575267160360e-05,-1.24166587219693759e-04,-1.24166571908395035e-04
6.32875000000000032e+00,6.32875000000000032e+00,6.30478839199907881e-01,-2.49053615263576944e-02,-2.49053462058031923e-02,-2.47409920572848524e-05,-2.47409768378423722e-05,-9.89639073513694754e-05,-1.23704899408654331e-04,-1.23704884189211844e-04
6.33600000000000030e+00,6.33600000000000030e+00,6.30298404608745755e-01,-2.48697439808509557e-02,-2.48697287172011429e-02,-2.46491028895824036e-05,-2.46490877613496815e-05,-9.85963510453987123e-05,-1.23245453934981119e-04,-1.23245438806748387e-04
6.34325000000000028e+00,6.34325000000000028e+00,6.30118227912185525e-01,-2.48342180175811222e-02,-2.48342028105539535e-02,-2.45576595023234414e-05,-2.45576444646445824e-05,-9.82305778585783297e-05,-1.22788237360901771e-04,-1.22788222323222905e-04
6.35050000000000026e+00,6.35050000000000026e+00,6.29938308447490769e-01,-2.47987832967808686e-02,-2.47987681461101783e-02,-2.44666592270839887e-05,-2.44666442793225424e-05,-9.78665771172901696e-05,-1.22333236344374162e-04,-1.22333221396612709e-04
6.35775000000000023e+00,6.35775000000000023e+00,6.29758645554382213e-01,-2.47634394803597502e-02,-2.47634243857647041e-02,-2.43760994144639573e-05,-2.43760845559726787e-05,-9.75043382238907283e-05,-1.21880437638354692e-04,-1.21880422779863410e-04
6.36500000000000021e+00,6.36500000000000021e+00,6.29579238575025624e-01,-2.47281862318473600e-02,-2.47281711930489242e-02,-2.42859774338839719e-05,-2.42859626640211116e-05,-9.71438506560844600e-05,-1.21429828089968429e-04,-1.21429813320105565e-04
6.37225000000000019e+00,6.37225000000000019e+00,6.29400086854020491e-01,-2.46930232163649066e-02,-2.46930082331209728e-02,-2.41962906734121385e-05,-2.41962759915758017e-05,-9.67851039663032069e-05,-1.20981394639715342e-04,-1.20981379957879002e-04
6.37950000000000017e+00,6.37950000000000017e+00,6.29221189738388254e-01,-2.46579501007317958e-02,-2.46579351727560236e-02,-2.41070365397243354e-05,-2.41070219452728133e-05,-9.64280877810912531e-05,-1.20535124320815589e-04,-1.20535109726364073e-04
6.38675000000000015e+00,6.38675000000000015e+00,6.29042546577559869e-01,-2.46229665533235220e-02,-2.46229516803366279e-02,-2.40182124578218732e-05,-2.40181979501240144e-05,-9.60727918004960574e-05,-1.20091004258317927e-04,-1.20090989750620068e-04
6.39400000000000013e+00,6.39400000000000013e+00,6.28864156723365153e-01,-2.45880722440787736e-02,-2.45880574258431801e-02,-2.39298158708973553e-05,-2.39298014493662270e-05,-9.57192057974648946e-05,-1.19649021668362247e-04,-1.19649007246831125e-04
6.40125000000000011e+00,6.40125000000000011e+00,6.28686019530020679e-01,-2.45532668446060143e-02,-2.45532520808443913e-02,-2.38418442402983679e-05,-2.38418299043117465e-05,-9.53673196172469994e-05,-1.19209163857545374e-04,-1.19209149521558739e-04
6.40850000000000009e+00,6.40850000000000009e+00,6.28508134354118342e-01,-2.45185500280484803e-02,-2.45185353184878795e-02,-2.37542950452568418e-05,-2.37542807942003133e-05,-9.50171231768012531e-05,-1.18771418222058092e-04,-1.18771403971001566e-04
6.41575000000000006e+00,6.41575000000000006e+00,6.28330500554614035e-01,-2.44839214690912854e-02,-2.44839068134907849e-02,-2.36671657827587526e-05,-2.36671516160523636e-05,-9.46686064642094407e-05,-1.18335772246968193e-04,-1.18335758080261798e-04
6.42300000000000004e+00,6.42300000000000004e+00,6.28153117492816548e-01,-2.44493808440324756e-02,-2.44493662421304894e-02,-2.35804539674766214e-05,-2.35804398845237728e-05,-9.43217595380950777e-05,-1.17902213505571699e-04,-1.17902199422618851e-04
6.43025000000000002e+00,6.43025000000000002e+00,6.27975984532375575e-01,-2.44149278306977635e-02,-2.44149132822353565e-02,-2.34941571315517944e-05,-2.34941431317618231e-05,-9.39765725270472923e-05,-1.17470729658599083e-04,-1.17470715658809122e-04
6.43750000000000000e+00,6.43750000000000000e+00,6.27799101039271390e-01,-2.43805621084547397e-02,-2.43805476131755891e-02,-2.34082728244745194e-05,-2.34082589072626235e-05,-9.36330356290504805e-05,-1.17041308453525003e-04,-1.17041294536313111e-04
6.44474999999999998e+00,6.44474999999999998e+00,6.27622466381802968e-01,-2.43462833582128724e-02,-2.43462689158541051e-02,-2.33227986129513274e-05,-2.33227847777297408e-05,-9.32911391109189495e-05,-1.16613937723870277e-04,-1.16613923888648694e-04
6.45199999999999996e+00,6.45199999999999996e+00,6.27446079930577327e-01,-2.43120912623737695e-02,-2.43120768726975099e-02,-2.32377320807260315e-05,-2.32377183269342215e-05,-9.29508733077369131e-05,-1.16188605388462945e-04,-1.16188591634671138e-04
6.45924999999999994e+00,6.45924999999999994e+00,6.27269941058498537e-01,-2.42779855048880222e-02,-2.42779711676471173e-02,-2.31530708285041607e-05,-2.31530571555758960e-05,-9.26122286223035840e-05,-1.15765299450807751e-04,-1.15765285777879483e-04
6.46649999999999991e+00,6.46649999999999991e+00,6.27094049140756393e-01,-2.42439657712267831e-02,-2.42439514861500192e-02,-2.30688124737965438e-05,-2.30687988811458978e-05,-9.22751955245835912e-05,-1.15344007998380142e-04,-1.15343994405729482e-04
6.47374999999999989e+00,6.47374999999999989e+00,6.26918403554815762e-01,-2.42100317483036065e-02,-2.42100175151502527e-02,-2.29849546507172376e-05,-2.29849411377905388e-05,-9.19397645511621416e-05,-1.14924719201879379e-04,-1.14924705688952680e-04
6.48099999999999987e+00,6.48099999999999987e+00,6.26743003680406030e-01,-2.41761831245383974e-02,-2.41761689430800043e-02,-2.29014950099180719e-05,-2.29014815761764040e-05,-9.16059263047056162e-05,-1.14507421314623685e-04,-1.14507407880882017e-04
6.48824999999999985e+00,6.48824999999999985e+00,6.26567848899509894e-01,-2.41424195898716221e-02,-2.41424054598508818e-02,-2.28184312184764885e-05,-2.28184178633566695e-05,-9.12736714534266509e-05,-1.14092102671903143e-04,-1.14092089316783317e-04
6.49550000000000072e+00,6.49550000000000072e+00,6.26392938596352811e-01,-2.41087408356861488e-02,-2.41087267568452293e-02,-2.27357609596971187e-05,-2.27357476826386466e-05,-9.09429907305545998e-05,-1.13678751690251715e-04,-1.13678738413193253e-04
6.50275000000000070e+00,6.50275000000000070e+00,6.26218272157392453e-01,-2.40751465547930366e-02,-2.40751325269075549e-02,-2.26534819329756279e-05,-2.26534687334526409e-05,-9.06138749338105634e-05,-1.13267356866786188e-04,-1.13267343667263198e-04
6.51000000000000068e+00,6.51000000000000068e+00,6.26043848971308270e-01,-2.40416364415168005e-02,-2.40416224643359537e-02,-2.25715918537570857e-05,-2.25715787312218515e-05,-9.02863149248874061e-05,-1.12857906778644488e-04,-1.12857893656109258e-04
6.51725000000000065e+00,6.51725000000000065e+00,6.25869668428990500e-01,-2.40082101915817248e-02,-2.40081962648736220e-02,-2.24900884533079985e-05,-2.24900754072335679e-05,-8.99603016289342582e-05,-1.12450390082242260e-04,-1.12450377036167826e-04
6.52450000000000063e+00,6.52450000000000063e+00,6.25695729923530397e-01,-2.39748675021687063e-02,-2.39748536257004506e-02,-2.24089694786501331e-05,-2.24089565085115658e-05,-8.96358260340462634e-05,-1.12044795512696393e-04,-1.12044782542557826e-04
6.53175000000000061e+00,6.53175000000000061e+00,6.25522032850209020e-01,-2.39416080719081492e-02,-2.39415942454246182e-02,-2.23282326924350229e-05,-2.23282197976895776e-05,-8.93128791907582970e-05,-1.11641111883193327e-04,-1.11641098988447875e-04
6.53900000000000059e+00,6.53900000000000059e+00,6.25348576606487683e-01,-2.39084316007946995e-02,-2.39084178240743100e-02,-2.22478758727468135e-05,-2.22478630528860094e-05,-8.89914522115440378e-05,-1.11239328084290851e-04,-1.11239315264430051e-04
6.54625000000000057e+00,6.54625000000000057e+00,6.25175360591997520e-01,-2.38753377902796160e-02,-2.38753240630894571e-02,-2.21678968130721005e-05,-2.21678840675797592e-05,-8.86715362703190233e-05,-1.10839433083391117e-04,-1.10839420337898779e-04
6.55350000000000055e+00,6.55350000000000055e+00,6.25002384208528605e-01,-2.38423263432210319e-02,-2.38423126653135170e-02,-2.20882933221379097e-05,-2.20882806504871293e-05,-8.83531226019485173e-05,-1.10441415924086427e-04,-1.10441403252435643e-04
6.56075000000000053e+00,6.56075000000000053e+00,6.24829646860020849e-01,-2.38093969638200065e-02,-2.38093833349853588e-02,-2.20090632237381943e-05,-2.20090506254399725e-05,-8.80362025017598899e-05,-1.10045265725498077e-04,-1.10045253127199859e-04
6.56800000000000050e+00,6.56800000000000050e+00,6.24657147952553227e-01,-2.37765493577342113e-02,-2.37765357777311656e-02,-2.19302043567258215e-05,-2.19301918312648098e-05,-8.77207673250592393e-05,-1.09650971681785064e-04,-1.09650959156324049e-04
6.57525000000000048e+00,6.57525000000000048e+00,6.24484886894333679e-01,-2.37437832319642439e-02,-2.37437697005563920e-02,-2.18517145747949498e-05,-2.18517021216631454e-05,-8.74068084866525951e-05,-1.09258523061447552e-04,-1.09258510608315737e-04
6.58250000000000046e+00,6.58250000000000046e+00,6.24312863095689785e-01,-2.37110982948607329e-02,-2.37110848118378160e-02,-2.17735917463765999e-05,-2.17735793650928304e-05,-8.70943174603713214e-05,-1.08867909206747921e-04,-1.08867896825464152e-04
6.58975000000000044e+00,6.58975000000000044e+00,6.24141075969058212e-01,-2.36784942561882872e-02,-2.36784808213156110e-02,-2.16958337545871481e-05,-2.16958214446505020e-05,-8.67832857786020079e-05,-1.08479119533189149e-04,-1.08479107223252510e-04
6.59700000000000042e+00,6.59700000000000042e+00,6.23969524928975061e-01,-2.36459708270331248e-02,-2.36459574400854564e-02,-2.16184384970340818e-05,-2.16184262579550858e-05,-8.64737050318203432e-05,-1.08092143528854418e-04,-1.08092131289775432e-04
6.60425000000000040e+00,6.60425000000000040e+00,6.23798209392066205e-01,-2.36135277198386007e-02,-2.36135143805907624e-02,-2.15414038857404403e-05,-2.15413917170323758e-05,-8.61655668681295030e-05,-1.07706970753869950e-04,-1.07706958585161879e-04
6.61150000000000038e+00,6.61150000000000038e+00,6.23627128777037409e-01,-2.35811646483838899e-02,-2.35811513566148885e-02,-2.14647278470179702e-05,-2.14647157482006100e-05,-8.58588629928024537e-05,-1.07323590839820417e-04,-1.07323578741003067e-04
6.61875000000000036e+00,6.61875000000000036e+00,6.23456282504664672e-01,-2.35488813277768827e-02,-2.35488680832734512e-02,-2.13884083213543580e-05,-2.13883962919571450e-05,-8.55535851678285934e-05,-1.06941993489182948e-04,-1.06941981459785735e-04
6.62600000000000033e+00,6.62600000000000033e+00,6.23285669997784564e-01,-2.35166774744683948e-02,-2.35166642770066603e-02,-2.13124432633207241e-05,-2.13124313028660773e-05,-8.52497252114642958e-05,-1.06562168474785027e-04,-1.06562156514330373e-04
6.63325000000000031e+00,6.63325000000000031e+00,6.23115290681284906e-01,-2.34845528062095354e-02,-2.34845396555717345e-02,-2.12368306414284506e-05,-2.12368187494469410e-05,-8.49472749977877640e-05,-1.06184105639216218e-04,-1.06184093747234705e-04
6.64050000000000029e+00,6.64050000000000029e+00,6.22945143982094551e-01,-2.34525070420730231e-02,-2.34524939380353348e-02,-2.11615684380450469e-05,-2.11615566140643588e-05,-8.46462264562574215e-05,-1.05807794894302465e-04,-1.05807783070321773e-04
6.64775000000000027e+00,6.64775000000000027e+00,6.22775229329174840e-01,-2.34205399024176586e-02,-2.34205268447660805e-02,-2.10866546492594582e-05,-2.10866428928187209e-05,-8.43465715712748970e-05,-1.05433226220534348e-04,-1.05433214464093611e-04
6.65500000000000025e+00,6.65500000000000025e+00,6.22605546153509493e-01,-2.33886511089025362e-02,-2.33886380974271009e-02,-2.10120872847933438e-05,-2.10120755954378394e-05,-8.40483023817513577e-05,-1.05060389666544705e-04,-1.05060377977189194e-04
6.66225000000000023e+00,6.66225000000000023e+00,6.22436093888095732e-01,-2.33568403844728323e-02,-2.33568274189686551e-02,-2.09378643678874829e-05,-2.09378527451695344e-05,-8.37514109806781511e-05,-1.04689275348565631e-04,-1.04689263725847679e-04
6.66950000000000021e+00,6.66950000000000021e+00,6.22266871967934621e-01,-2.33251074533811220e-02,-2.33250945336207598e-02,-2.08639839352210564e-05,-2.08639723786752530e-05,-8.34558895147009984e-05,-1.04319873449922051e-04,-1.04319861893376251e-04
6.67675000000000018e+00,6.67675000000000018e+00,6.22097879830021738e-01,-2.32934520411163248e-02,-2.32934391668859000e-02,-2.07904440367489416e-05,-2.07904325459245363e-05,-8.31617301836981451e-05,-1.03952174220447080e-04,-1.03952162729622675e-04
6.68400000000000016e+00,6.68400000000000016e+00,6.21929116913338520e-01,-2.32618738744250209e-02,-2.32618610455318127e-02,-2.07172427356230225e-05,-2.07172313100905799e-05,-8.28689252403623196e-05,-1.03586167975985342e-04,-1.03586156550452906e-04
6.69125000000000014e+00,6.69125000000000014e+00,6.21760582658842487e-01,-2.32303726813540834e-02,-2.32303598975842525e-02,-2.06443781081329256e-05,-2.06443667474465675e-05,-8.25774669897862563e-05,-1.03221845097919182e-04,-1.03221833737232824e-04
6.69850000000000012e+00,6.69850000000000012e+00,6.21592276509458808e-01,-2.31989481911796247e-02,-2.31989354523198764e-02,-2.05718482435462684e-05,-2.05718369472630338e-05,-8.22873477890521352e-05,-1.02859196032598397e-04,-1.02859184736315166e-04
6.70575000000000010e+00,6.70575000000000010e+00,6.21424197910070419e-01,-2.31676001344141014e-02,-2.31675874402591207e-02,-2.04996512440197115e-05,-2.04996400117061161e-05,-8.19985600468244643e-05,-1.02498211290844176e-04,-1.02498200058530580e-04
6.71300000000000008e+00,6.71300000000000008e+00,6.21256346307509810e-01,-2.31363282428063144e-02,-2.31363155931591617e-02,-2.04277852245043650e-05,-2.04277740557366822e-05,-8.17110962229467154e-05,-1.02138881447451084e-04,-1.02138870278683391e-04
6.72025000000000006e+00,6.72025000000000006e+00,6.21088721150549694e-01,-2.31051322493627254e-02,-2.31051196440069072e-02,-2.03562483126708195e-05,-2.03562372070103846e-05,-8.14249488280415385e-05,-1.01781197140712358e-04,-1.01781186035051926e-04
6.72750000000000004e+00,6.72750000000000004e+00,6.20921321889894129e-01,-2.30740118882764023e-02,-2.30739993270120437e-02,-2.02850386487534682e-05,-2.02850276057786145e-05,-8.11401104231144717e-05,-1.01425149071867940e-04,-1.01425138028893083e-04
6.73475000000000001e+00,6.73475000000000001e+00,6.20754147978169746e-01,-2.30429668949625466e-02,-2.30429543776001257e-02,-2.02141543854898556e-05,-2.02141434047902941e-05,-8.08565736191611763e-05,-1.01070728004651035e-04,-1.01070717023951477e-04
6.74199999999999999e+00,6.74199999999999999e+00,6.20587198869917089e-01,-2.30119970060655987e-02,-2.30119845324057055e-02,-2.01435936880355751e-05,-2.01435827691945654e-05,-8.05743310767782615e-05,-1.00717924764813830e-04,-1.00717913845972830e-04
6.74924999999999997e+00,6.74924999999999997e+00,6.20420474021581736e-01,-2.29811019594379218e-02,-2.29810895292655373e-02,-2.00733547338549264e-05,-2.00733438764443409e-05,-8.02933755057773634e-05,-1.00366730239632293e-04,-1.00366719382221701e-04
6.75649999999999995e+00,6.75649999999999995e+00,6.20253972891505301e-01,-2.29502814940900635e-02,-2.29502691072117695e-02,-2.00034357125878135e-05,-2.00034249162006866e-05,-8.00136996648027736e-05,-1.00017135377390587e-04,-1.00017124581003460e-04
6.76374999999999993e+00,6.76374999999999993e+00,6.20087694939917444e-01,-2.29195353502404942e-02,-2.29195230064652526e-02,-1.99338348260044651e-05,-1.99338240902380971e-05,-7.97352963609523885e-05,-9.96691311869568570e-05,-9.96691204511904823e-05
6.77099999999999991e+00,6.77099999999999991e+00,6.19921639628926768e-01,-2.28888632693085015e-02,-2.28888509684288428e-02,-1.98645502879109434e-05,-1.98645396123505321e-05,-7.94581584494021421e-05,-9.93227087373130821e-05,-9.93226980617526709e-05
6.77824999999999989e+00,6.77824999999999989e+00,6.19755806422512490e-01,-2.28582649938502414e-02,-2.28582527356807619e-02,-1.97955803240062427e-05,-1.97955697082583447e-05,-7.91822788330333923e-05,-9.89778591570396316e-05,-9.89778485412917404e-05
6.78549999999999986e+00,6.78549999999999986e+00,6.19590194786516002e-01,-2.28277402676226870e-02,-2.28277280519680222e-02,-1.97269231718513488e-05,-1.97269126155160189e-05,-7.89076504620640757e-05,-9.86345736339154245e-05,-9.86345630775800912e-05
6.79275000000000073e+00,6.79275000000000073e+00,6.19424804188631994e-01,-2.27972888355267855e-02,-2.27972766621998418e-02,-1.96585770807340836e-05,-1.96585665834206634e-05,-7.86342663336826535e-05,-9.82928434144167439e-05,-9.82928329171033169e-05
6.80000000000000071e+00,6.80000000000000071e+00,6.19259634098400791e-01,-2.27669104436358793e-02,-2.27668983124412021e-02,-1.95905403116087008e-05,-1.95905298729214260e-05,-7.83621194916857175e-05,-9.79526598032944115e-05,-9.79526493646071434e-05
6.80725000000000069e+00,6.80725000000000069e+00,6.19094683987199246e-01,-2.27366048391672848e-02,-2.27365927499063210e-02,-1.95228111369869783e-05,-1.95228007565295492e-05,-7.80912030261181832e-05,-9.76140141631051683e-05,-9.76140037826477290e-05
6.81450000000000067e+00,6.81450000000000067e+00,6.18929953328232862e-01,-2.27063717704609758e-02,-2.27063597229522629e-02,-1.94553878408364485e-05,-1.94553775182293436e-05,-7.78215100729173743e-05,-9.72768979137538295e-05,-9.72768875911467212e-05
6.82175000000000065e+00,6.82175000000000065e+00,6.18765441596527577e-01,-2.26762109870151107e-02,-2.26761989810725824e-02,-1.93882687185280926e-05,-1.93882584533898760e-05,-7.75530338135595041e-05,-9.69413025320875899e-05,-9.69412922669493768e-05
6.82900000000000063e+00,6.82900000000000063e+00,6.18601148268921208e-01,-2.26461222394576112e-02,-2.26461102748909474e-02,-1.93214520767298110e-05,-1.93214418686774578e-05,-7.72857674747098449e-05,-9.66072195514396559e-05,-9.66072093433873027e-05
6.83625000000000060e+00,6.83625000000000060e+00,6.18437072824055467e-01,-2.26161052795319506e-02,-2.26160933561548871e-02,-1.92549362333128835e-05,-1.92549260819688678e-05,-7.70197043278754711e-05,-9.62746405611883546e-05,-9.62746304098443422e-05
6.84350000000000058e+00,6.84350000000000058e+00,6.18273214742367960e-01,-2.25861598601113656e-02,-2.25861479777295197e-02,-1.91887195172834614e-05,-1.91887094222653681e-05,-7.67548376890614723e-05,-9.59435572063449337e-05,-9.59435471113268370e-05
6.85075000000000056e+00,6.85075000000000056e+00,6.18109573506083865e-01,-2.25562857351491175e-02,-2.25562738935913519e-02,-1.91228002686602662e-05,-1.91227902296074422e-05,-7.64911609184297688e-05,-9.56139611870900384e-05,-9.56139511480372109e-05
6.85800000000000054e+00,6.85800000000000054e+00,6.17946148599208267e-01,-2.25264826597353363e-02,-2.25264708588221139e-02,-1.90571768384437100e-05,-1.90571668549902981e-05,-7.62286674199611923e-05,-9.52858442584049057e-05,-9.52858342749514971e-05
6.86525000000000052e+00,6.86525000000000052e+00,6.17782939507517614e-01,-2.24967503900685983e-02,-2.24967386296026223e-02,-1.89918475885129812e-05,-1.89918376602800831e-05,-7.59673506411203325e-05,-9.49591982296333205e-05,-9.49591883014004156e-05
6.87250000000000050e+00,6.87250000000000050e+00,6.17619945718552277e-01,-2.24670886833919781e-02,-2.24670769632067009e-02,-1.89268108914942052e-05,-1.89268010181308411e-05,-7.57072040725233642e-05,-9.46340149640175626e-05,-9.46340050906542053e-05
6.87975000000000048e+00,6.87975000000000048e+00,6.17457166721608441e-01,-2.24374972980925236e-02,-2.24374856179951447e-02,-1.88620651307672345e-05,-1.88620553119022074e-05,-7.54482212476088296e-05,-9.43102863783760607e-05,-9.43102765595110336e-05
6.88700000000000045e+00,6.88700000000000045e+00,6.17294602007730009e-01,-2.24079759936017808e-02,-2.24079643534096824e-02,-1.87976087003051123e-05,-1.87975989355777555e-05,-7.51903957423110086e-05,-9.39880044426161243e-05,-9.39879946778887675e-05
6.89425000000000043e+00,6.89425000000000043e+00,6.17132251069701265e-01,-2.23785245304100044e-02,-2.23785129299670475e-02,-1.87334400046104295e-05,-1.87334302936841423e-05,-7.49337211747365557e-05,-9.36671611793469920e-05,-9.36671514684207015e-05
6.90150000000000041e+00,6.90150000000000041e+00,6.16970113402039000e-01,-2.23491426701443174e-02,-2.23491311092530245e-02,-1.86695574587054721e-05,-1.86695478012108907e-05,-7.46781912048435627e-05,-9.33477486635490416e-05,-9.33477390060544567e-05
6.90875000000000039e+00,6.90875000000000039e+00,6.16808188500984178e-01,-2.23198301754337081e-02,-2.23198186539165615e-02,-1.86059594879444921e-05,-1.86059498835308565e-05,-7.44237995341234262e-05,-9.30297590220679148e-05,-9.30297494176542827e-05
6.91600000000000037e+00,6.91600000000000037e+00,6.16646475864495280e-01,-2.22905868099658733e-02,-2.22905753276639411e-02,-1.85426445279875875e-05,-1.85426349763214549e-05,-7.41705399052858196e-05,-9.27131844332734138e-05,-9.27131748816072745e-05
6.92325000000000035e+00,6.92325000000000035e+00,6.16484974992239643e-01,-2.22614123385227458e-02,-2.22614008952529384e-02,-1.84796110247568403e-05,-1.84796015254864582e-05,-7.39184061019458464e-05,-9.23980171267026900e-05,-9.23980076274323012e-05
6.93050000000000033e+00,6.93050000000000033e+00,6.16323685385586684e-01,-2.22323065268952291e-02,-2.22322951224870752e-02,-1.84168574342926662e-05,-1.84168479870785912e-05,-7.36673919483143513e-05,-9.20842493826070209e-05,-9.20842399353929460e-05
6.93775000000000031e+00,6.93775000000000031e+00,6.16162606547599689e-01,-2.22032691419258299e-02,-2.22032577762098539e-02,-1.83543822227172735e-05,-1.83543728272226780e-05,-7.34174913088907118e-05,-9.17718735316079819e-05,-9.17718641361133864e-05
6.94500000000000028e+00,6.94500000000000028e+00,6.16001737983028708e-01,-2.21742999515015526e-02,-2.21742886242990885e-02,-1.82921838661572988e-05,-1.82921745220395341e-05,-7.31686980881581227e-05,-9.14608819543154283e-05,-9.14608726101976636e-05
6.95225000000000026e+00,6.95225000000000026e+00,6.15841079198302888e-01,-2.21453987245254780e-02,-2.21453874356612214e-02,-1.82302608506494742e-05,-1.82302515575704624e-05,-7.29210062302818496e-05,-9.11512670809313272e-05,-9.11512577878523120e-05
6.95950000000000024e+00,6.95950000000000024e+00,6.15680629701523152e-01,-2.21165652309167626e-02,-2.21165539802257033e-02,-1.81686116720705307e-05,-1.81686024297024362e-05,-7.26744097188097312e-05,-9.08430213908802619e-05,-9.08430121485121606e-05
6.96675000000000022e+00,6.96675000000000022e+00,6.15520389002454649e-01,-2.20877992416177449e-02,-2.20877880289394139e-02,-1.81072348360734502e-05,-1.81072256440938651e-05,-7.24289025763754605e-05,-9.05361374124489073e-05,-9.05361282204693188e-05
6.97400000000000020e+00,6.97400000000000020e+00,6.15360356612519643e-01,-2.20591005285939445e-02,-2.20590893537611007e-02,-1.80461288580184189e-05,-1.80461197161010864e-05,-7.21844788644043458e-05,-9.02306077224227681e-05,-9.02305985805054288e-05
6.98125000000000018e+00,6.98125000000000018e+00,6.15200532044789972e-01,-2.20304688648269575e-02,-2.20304577276558625e-02,-1.79852922628984949e-05,-1.79852831707053880e-05,-7.19411326828215520e-05,-8.99264249457200435e-05,-8.99264158535269400e-05
6.98850000000000016e+00,6.98850000000000016e+00,6.15040914813979711e-01,-2.20019040242576125e-02,-2.20018929245896708e-02,-1.79247235852253709e-05,-1.79247145424407291e-05,-7.16988581697629166e-05,-8.96235817549882909e-05,-8.96235727122036491e-05
6.99575000000000014e+00,6.99575000000000014e+00,6.14881504436438298e-01,-2.19734057818428141e-02,-2.19733947195239337e-02,-1.78644213690086587e-05,-1.78644123753220276e-05,-7.14576495012881241e-05,-8.93220708702967828e-05,-8.93220618766101551e-05
7.00300000000000011e+00,7.00300000000000011e+00,6.14722300430142976e-01,-2.19449739135484378e-02,-2.19449628884100731e-02,-1.78043841676833091e-05,-1.78043752227741139e-05,-7.12175008910964554e-05,-8.90218850587797645e-05,-8.90218761138705659e-05
7.01025000000000009e+00,7.01025000000000009e+00,6.14563302314691806e-01,-2.19166081963138026e-02,-2.19165972081841534e-02,-1.77446105440145135e-05,-1.77446016475612170e-05,-7.09784065902448679e-05,-8.87230171342593814e-05,-8.87230082378060781e-05
7.01750000000000007e+00,7.01750000000000007e+00,6.14404509611296445e-01,-2.18883084080374601e-02,-2.18882974567615393e-02,-1.76850990700207935e-05,-1.76850902217171221e-05,-7.07403608868684884e-05,-8.84254599568892752e-05,-8.84254511085856072e-05
7.02475000000000005e+00,7.02475000000000005e+00,6.14245921842775267e-01,-2.18600743276127218e-02,-2.18600634130316114e-02,-1.76258483269377850e-05,-1.76258395264758863e-05,-7.05033581059035723e-05,-8.81292064328413572e-05,-8.81291976323794518e-05
7.03200000000000003e+00,7.03200000000000003e+00,6.14087538533546029e-01,-2.18319057349063428e-02,-2.18318948568524615e-02,-1.75668569051365029e-05,-1.75668481522031476e-05,-7.02673926088125903e-05,-8.78342495139490932e-05,-8.78342407610157379e-05
7.03925000000000001e+00,7.03925000000000001e+00,6.13929359209619108e-01,-2.18038024107300998e-02,-2.18037915690456746e-02,-1.75081234040365341e-05,-1.75081146983279964e-05,-7.00324587933119858e-05,-8.75405821973485233e-05,-8.75405734916399788e-05
7.04649999999999999e+00,7.04649999999999999e+00,6.13771383398590387e-01,-2.17757641368692134e-02,-2.17757533313911282e-02,-1.74496464320656371e-05,-1.74496377732754842e-05,-6.97985510931019369e-05,-8.72481975251675706e-05,-8.72481888663774279e-05
7.05374999999999996e+00,7.05374999999999996e+00,6.13613610629634487e-01,-2.17477906960468204e-02,-2.17477799266218158e-02,-1.73914246065683775e-05,-1.73914159943996465e-05,-6.95656639775985860e-05,-8.69570885841669668e-05,-8.69570799719982359e-05
7.06099999999999994e+00,7.06099999999999994e+00,6.13456040433497773e-01,-2.17198818719452902e-02,-2.17198711384187018e-02,-1.73334565537609613e-05,-1.73334479879171025e-05,-6.93337919516684101e-05,-8.66672485054293713e-05,-8.66672399395855092e-05
7.06824999999999992e+00,7.06824999999999992e+00,6.13298672342491358e-01,-2.16920374491920143e-02,-2.16920267514056284e-02,-1.72757409086580643e-05,-1.72757323888412272e-05,-6.91029295553649358e-05,-8.63786704640229967e-05,-8.63786619442061596e-05
7.07549999999999990e+00,7.07549999999999990e+00,6.13141505890484440e-01,-2.16642572133523004e-02,-2.16642465511442464e-02,-1.72182763150059442e-05,-1.72182678409169159e-05,-6.88730713636676500e-05,-8.60913476786735976e-05,-8.60913392045845592e-05
7.08274999999999988e+00,7.08274999999999988e+00,6.12984540612897755e-01,-2.16365409509009510e-02,-2.16365303241289678e-02,-1.71610614251991324e-05,-1.71610529965557934e-05,-6.86442119862231738e-05,-8.58052734114223096e-05,-8.58052649827789604e-05
7.09000000000000075e+00,7.09000000000000075e+00,6.12827776046696360e-01,-2.16088884492791067e-02,-2.16088778577819551e-02,-1.71040949002654254e-05,-1.71040865167720867e-05,-6.84163460670883468e-05,-8.55204409673537722e-05,-8.55204325838604368e-05
7.09725000000000072e+00,7.09725000000000072e+00,6.12671211730383192e-01,-2.15812994968231919e-02,-2.15812889404481713e-02,-1.70473754097497560e-05,-1.70473670711189888e-05,-6.81894682844759551e-05,-8.52368436942257111e-05,-8.52368353555949405e-05
7.10450000000000070e+00,7.10450000000000070e+00,6.12514847203992407e-01,-2.15537738827933367e-02,-2.15537633613903969e-02,-1.69909016316775644e-05,-1.69908933376255178e-05,-6.79635733505020714e-05,-8.49544749821796324e-05,-8.49544666881275824e-05
7.11175000000000068e+00,7.11175000000000068e+00,6.12358682009082722e-01,-2.15263113973591658e-02,-2.15263009107843593e-02,-1.69346722524849013e-05,-1.69346640027339756e-05,-6.77386560109359158e-05,-8.46733282634208205e-05,-8.46733200136698947e-05
7.11900000000000066e+00,7.11900000000000066e+00,6.12202715688730637e-01,-2.14989118316282202e-02,-2.14989013797138133e-02,-1.68786859669825438e-05,-1.68786777612378799e-05,-6.75147110449515330e-05,-8.43933970119340734e-05,-8.43933888061894095e-05
7.12625000000000064e+00,7.12625000000000064e+00,6.12046947787524109e-01,-2.14715749775677978e-02,-2.14715645601657283e-02,-1.68229414782367874e-05,-1.68229333162204704e-05,-6.72917332648818682e-05,-8.41146747431186523e-05,-8.41146665811023421e-05
7.13350000000000062e+00,7.13350000000000062e+00,6.11891377851555895e-01,-2.14443006280475856e-02,-2.14442902450254387e-02,-1.67674374975458820e-05,-1.67674293789936444e-05,-6.70697175159745777e-05,-8.38371550135204562e-05,-8.38371468949682255e-05
7.14075000000000060e+00,7.14075000000000060e+00,6.11736005428417329e-01,-2.14170885768751873e-02,-2.14170782280718869e-02,-1.67121727444109610e-05,-1.67121646690375120e-05,-6.68486586761500481e-05,-8.35608314205610125e-05,-8.35608233451875669e-05
7.14800000000000058e+00,7.14800000000000058e+00,6.11580830067191217e-01,-2.13899386187037521e-02,-2.13899283039728320e-02,-1.66571459464074692e-05,-1.66571379139403624e-05,-6.66285516557614494e-05,-8.32856976021689152e-05,-8.32856895697018084e-05
7.15525000000000055e+00,7.15525000000000055e+00,6.11425851318446179e-01,-2.13628505490817133e-02,-2.13628402682801491e-02,-1.66023558391683267e-05,-1.66023478493391847e-05,-6.64093913973567388e-05,-8.30117472365250655e-05,-8.30117392466959167e-05
7.16250000000000053e+00,7.16250000000000053e+00,6.11271068734229539e-01,-2.13358241644456825e-02,-2.13358139174251137e-02,-1.65478011663229902e-05,-1.65477932188606540e-05,-6.61911728754426026e-05,-8.27389740417655995e-05,-8.27389660943032498e-05
7.16975000000000051e+00,7.16975000000000051e+00,6.11116481868061667e-01,-2.13088592620920281e-02,-2.13088490487137495e-02,-1.64934806794204710e-05,-1.64934727740626451e-05,-6.59738910962505805e-05,-8.24673717756710482e-05,-8.24673638703132291e-05
7.17700000000000049e+00,7.17700000000000049e+00,6.10962090274929204e-01,-2.12819556402124022e-02,-2.12819454603221797e-02,-1.64393931379024845e-05,-1.64393852743762040e-05,-6.57575410975048160e-05,-8.21969342354073073e-05,-8.21969263718810167e-05
7.18425000000000047e+00,7.18425000000000047e+00,6.10807893511278621e-01,-2.12551130978368974e-02,-2.12551029512920119e-02,-1.63855373090054242e-05,-1.63855294870479971e-05,-6.55421179481919885e-05,-8.19276552571974093e-05,-8.19276474352399856e-05
7.19150000000000045e+00,7.19150000000000045e+00,6.10653891135010563e-01,-2.12283314348553631e-02,-2.12283213215257761e-02,-1.63319119677234586e-05,-1.63319041870832789e-05,-6.53276167483331157e-05,-8.16595287160565709e-05,-8.16595209354163980e-05
7.19875000000000043e+00,7.19875000000000043e+00,6.10500082705473179e-01,-2.12016104520458271e-02,-2.12016003717823628e-02,-1.62785158967772486e-05,-1.62785081571892864e-05,-6.51140326287571455e-05,-8.13925485255343975e-05,-8.13925407859464285e-05
7.20600000000000041e+00,7.20600000000000041e+00,6.10346467783455915e-01,-2.11749499510176520e-02,-2.11749399036724913e-02,-1.62253478865175038e-05,-1.62253401877191179e-05,-6.49013607508764717e-05,-8.11267086373939722e-05,-8.11267009385955863e-05
7.21325000000000038e+00,7.21325000000000038e+00,6.10193045931183509e-01,-2.11483497342186411e-02,-2.11483397196542307e-02,-1.61724067348783694e-05,-1.61723990766160936e-05,-6.46895963064643745e-05,-8.08620030413427439e-05,-8.08619953830804682e-05
7.22050000000000036e+00,7.22050000000000036e+00,6.10039816712309779e-01,-2.11218096049492488e-02,-2.11217996230285213e-02,-1.61196912473365373e-05,-1.61196836293585692e-05,-6.44787345174342767e-05,-8.05984257647708141e-05,-8.05984181467928425e-05
7.22775000000000034e+00,7.22775000000000034e+00,6.09886779691911740e-01,-2.10953293673412645e-02,-2.10953194179347540e-02,-1.60672002368435894e-05,-1.60671926589051804e-05,-6.42687706356207352e-05,-8.03359708724643280e-05,-8.03359632945259156e-05
7.23500000000000032e+00,7.23500000000000032e+00,6.09733934436483271e-01,-2.10689088263933400e-02,-2.10688989093463473e-02,-1.60149325238021378e-05,-1.60149249856405891e-05,-6.40596999425623427e-05,-8.00746324663644839e-05,-8.00746249282029284e-05
7.24225000000000030e+00,7.24225000000000030e+00,6.09581280513929014e-01,-2.10425477878857237e-02,-2.10425379030663474e-02,-1.59628869359503640e-05,-1.59628794373216014e-05,-6.38515177492863920e-05,-7.98144046852367560e-05,-7.98143971866079901e-05
7.24950000000000028e+00,7.24950000000000028e+00,6.09428817493558928e-01,-2.10162460584442101e-02,-2.10162362057231163e-02,-1.59110623083607014e-05,-1.59110548490238254e-05,-6.36442193960953150e-05,-7.95552817044560198e-05,-7.95552742451191336e-05
7.25675000000000026e+00,7.25675000000000026e+00,6.09276544946081522e-01,-2.09900034455401396e-02,-2.09899936247659596e-02,-1.58594574833900328e-05,-1.58594500630887006e-05,-6.34378002523548024e-05,-7.92972577357448387e-05,-7.92972503154434997e-05
7.26400000000000023e+00,7.26400000000000023e+00,6.09124462443598635e-01,-2.09638197574122387e-02,-2.09638099684608566e-02,-1.58080713105712464e-05,-1.58080639290709621e-05,-6.32322557162838484e-05,-7.90403270268550881e-05,-7.90403196453548105e-05
7.27125000000000021e+00,7.27125000000000021e+00,6.08972569559599108e-01,-2.09376948031518850e-02,-2.09376850458861639e-02,-1.57569026466289435e-05,-1.57568953036865849e-05,-6.30275812147463395e-05,-7.87844838613752796e-05,-7.87844765184329311e-05
7.27850000000000019e+00,7.27850000000000019e+00,6.08820865868952898e-01,-2.09116283926462643e-02,-2.09116186669283805e-02,-1.57059503553879585e-05,-1.57059430507611082e-05,-6.28237722030444191e-05,-7.85297225584323776e-05,-7.85297152538055307e-05
7.28575000000000017e+00,7.28575000000000017e+00,6.08669350947905752e-01,-2.08856203365712645e-02,-2.08856106422779311e-02,-1.56552133077200540e-05,-1.56552060411784070e-05,-6.26208241647136416e-05,-7.82760374724336921e-05,-7.82760302058920486e-05
7.29300000000000015e+00,7.29300000000000015e+00,6.08518024374072652e-01,-2.08596704464270033e-02,-2.08596607834249485e-02,-1.56046903815229543e-05,-1.56046831528298836e-05,-6.24187326113195346e-05,-7.80234229928424889e-05,-7.80234157641494216e-05
7.30025000000000013e+00,7.30025000000000013e+00,6.08366885726432494e-01,-2.08337785345165116e-02,-2.08337689026551302e-02,-1.55543804616569306e-05,-1.55543732705640489e-05,-6.22174930822561956e-05,-7.77718735439131195e-05,-7.77718663528202377e-05
7.30750000000000011e+00,7.30750000000000011e+00,6.08215934585322193e-01,-2.08079444138817848e-02,-2.08079348130455755e-02,-1.55042824398502206e-05,-1.55042752861365572e-05,-6.20171011445462425e-05,-7.75213835843964699e-05,-7.75213764306827998e-05
7.31475000000000009e+00,7.31475000000000009e+00,6.08065170532431254e-01,-2.07821678983961533e-02,-2.07821583284606877e-02,-1.54543952147216039e-05,-1.54543880981606386e-05,-6.18175523926425542e-05,-7.72719476073641581e-05,-7.72719404908031962e-05
7.32200000000000006e+00,7.32200000000000006e+00,6.07914593150795435e-01,-2.07564488027287553e-02,-2.07564392635480564e-02,-1.54047176917075300e-05,-1.54047106120578719e-05,-6.16188424482314739e-05,-7.70235601399390005e-05,-7.70235530602893492e-05
7.32925000000000004e+00,7.32925000000000004e+00,6.07764202024791644e-01,-2.07307869422805879e-02,-2.07307774337344083e-02,-1.53552487829689380e-05,-1.53552417400094709e-05,-6.14209669600378834e-05,-7.67762157430068180e-05,-7.67762087000473543e-05
7.33650000000000002e+00,7.33650000000000002e+00,6.07613996740132389e-01,-2.07051821332626673e-02,-2.07051726552215758e-02,-1.53059874074039757e-05,-1.53059804009078877e-05,-6.12239216036315645e-05,-7.65299090110355368e-05,-7.65299020045394590e-05
7.34375000000000000e+00,7.34375000000000000e+00,6.07463976883859336e-01,-2.06796341926462901e-02,-2.06796247449824444e-02,-1.52569324905660352e-05,-1.52569255203088187e-05,-6.10277020812352748e-05,-7.62846345718013049e-05,-7.62846276015440884e-05
7.35099999999999998e+00,7.35099999999999998e+00,6.07314142044338978e-01,-2.06541429381701391e-02,-2.06541335207570051e-02,-1.52080829646244087e-05,-1.52080760303836278e-05,-6.08323041215345179e-05,-7.60403870861589266e-05,-7.60403801519181474e-05
7.35824999999999996e+00,7.35824999999999996e+00,6.07164491811255869e-01,-2.06287081883402834e-02,-2.06286988010483431e-02,-1.51594377683200004e-05,-1.51594308698721349e-05,-6.06377234794885261e-05,-7.57971612478085282e-05,-7.57971543493606644e-05
7.36549999999999994e+00,7.36549999999999994e+00,6.07015025775608064e-01,-2.06033297624159673e-02,-2.06033204051187316e-02,-1.51109958469109316e-05,-1.51109889840357902e-05,-6.04439559361431608e-05,-7.55549517830540925e-05,-7.55549449201789561e-05
7.37274999999999991e+00,7.37274999999999991e+00,6.06865743529700907e-01,-2.05780074804096103e-02,-2.05779981529856867e-02,-1.50627561521290270e-05,-1.50627493246112414e-05,-6.02509972984449657e-05,-7.53137534505739876e-05,-7.53137466230562020e-05
7.37999999999999989e+00,7.37999999999999989e+00,6.06716644667142146e-01,-2.05527411631010182e-02,-2.05527318654180960e-02,-1.50147176421469702e-05,-1.50147108497642552e-05,-6.00588433990570142e-05,-7.50735610412039912e-05,-7.50735542488212678e-05
7.38725000000000076e+00,7.38725000000000076e+00,6.06567728782835935e-01,-2.05275306319876449e-02,-2.05275213639323113e-02,-1.49668792814990603e-05,-1.49668725240440200e-05,-5.98674900961760731e-05,-7.48343693776751300e-05,-7.48343626202200879e-05
7.39450000000000074e+00,7.39450000000000074e+00,6.06418995472978284e-01,-2.05023757093414360e-02,-2.05023664707883642e-02,-1.49192400410802751e-05,-1.49192333183378545e-05,-5.96769332733514181e-05,-7.45961733144316966e-05,-7.45961665916892709e-05
7.40175000000000072e+00,7.40175000000000072e+00,6.06270444335050507e-01,-2.04772762181661960e-02,-2.04772670089860657e-02,-1.48717988980728877e-05,-1.48717922098261973e-05,-5.94871688393047891e-05,-7.43589677373776819e-05,-7.43589610491309915e-05
7.40900000000000070e+00,7.40900000000000070e+00,6.06122074967814894e-01,-2.04522319821762721e-02,-2.04522228022612634e-02,-1.48245548358892322e-05,-1.48245481819380368e-05,-5.92981927277521538e-05,-7.41227475636413810e-05,-7.41227409096901872e-05
7.41625000000000068e+00,7.41625000000000068e+00,6.05973886971308939e-01,-2.04272428258605032e-02,-2.04272336750820453e-02,-1.47775068441766490e-05,-1.47775002243066813e-05,-5.91100008972267321e-05,-7.38875077414033845e-05,-7.38875011215334084e-05
7.42350000000000065e+00,7.42350000000000065e+00,6.05825879946839896e-01,-2.04023085744253763e-02,-2.04022994526449723e-02,-1.47306539187349715e-05,-1.47306473327258558e-05,-5.89225893309034299e-05,-7.36532432496384031e-05,-7.36532366636292806e-05
7.43075000000000063e+00,7.43075000000000063e+00,6.05678053496979785e-01,-2.03774290537594993e-02,-2.03774199608713694e-02,-1.46839950614501566e-05,-1.46839885091061858e-05,-5.87359540364247500e-05,-7.34199490978749134e-05,-7.34199425455309325e-05
7.43800000000000061e+00,7.43800000000000061e+00,6.05530407225560396e-01,-2.03526040905046557e-02,-2.03525950264036130e-02,-1.46375292803051804e-05,-1.46375227614320265e-05,-5.85500910457281129e-05,-7.31876203260333001e-05,-7.31876138071601445e-05
7.44525000000000059e+00,7.44525000000000059e+00,6.05382940737667408e-01,-2.03278335120486986e-02,-2.03278244766014367e-02,-1.45912555893345188e-05,-1.45912491037186144e-05,-5.83649964148744507e-05,-7.29562520042089746e-05,-7.29562455185930702e-05
7.45250000000000057e+00,7.45250000000000057e+00,6.05235653639635718e-01,-2.03031171464473914e-02,-2.03031081395382632e-02,-1.45451730085280975e-05,-1.45451665559695766e-05,-5.81806662238783064e-05,-7.27258392324064073e-05,-7.27258327798478813e-05
7.45975000000000055e+00,7.45975000000000055e+00,6.05088545539043898e-01,-2.02784548225025674e-02,-2.02784458439975827e-02,-1.44992805638479343e-05,-1.44992741441347981e-05,-5.79970965765391858e-05,-7.24963771403871218e-05,-7.24963707206739856e-05
7.46700000000000053e+00,7.46700000000000053e+00,6.04941616044709418e-01,-2.02538463696768645e-02,-2.02538374194693102e-02,-1.44535772871278320e-05,-1.44535709000685901e-05,-5.78142836002743738e-05,-7.22678608874022092e-05,-7.22678545003429656e-05
7.47425000000000050e+00,7.47425000000000050e+00,6.04794864766683649e-01,-2.02292916181505689e-02,-2.02292826961462217e-02,-1.44080622160752567e-05,-1.44080558614882459e-05,-5.76322234459529837e-05,-7.20402856620282336e-05,-7.20402793074412245e-05
7.48150000000000048e+00,7.48150000000000048e+00,6.04648291316246200e-01,-2.02047903988571420e-02,-2.02047815049203432e-02,-1.43627343942578739e-05,-1.43627280719328488e-05,-5.74509122877313953e-05,-7.18136466819892743e-05,-7.18136403596642459e-05
7.48875000000000046e+00,7.48875000000000046e+00,6.04501895305900150e-01,-2.01803425433766392e-02,-2.01803336773794077e-02,-1.43175928709892901e-05,-1.43175865807224886e-05,-5.72703463228899407e-05,-7.15879391938792342e-05,-7.15879329036124242e-05
7.49600000000000044e+00,7.49600000000000044e+00,6.04355676349367266e-01,-2.01559478839570261e-02,-2.01559390458033345e-02,-1.42726367013064595e-05,-1.42726304429177446e-05,-5.70905217716709851e-05,-7.13631584729774445e-05,-7.13631522145887262e-05
7.50325000000000042e+00,7.50325000000000042e+00,6.04209634061582790e-01,-2.01316062535781271e-02,-2.01315974431607210e-02,-1.42278649459773845e-05,-1.42278587192795535e-05,-5.69114348771182141e-05,-7.11392998230956020e-05,-7.11392935963977744e-05
7.51050000000000040e+00,7.51050000000000040e+00,6.04063768058690331e-01,-2.01073174859232040e-02,-2.01073087031053283e-02,-1.41832766714433675e-05,-1.41832704762293141e-05,-5.67330819049172565e-05,-7.09163585763606307e-05,-7.09163523811465706e-05
7.51775000000000038e+00,7.51775000000000038e+00,6.03918077958036981e-01,-2.00830814153007964e-02,-2.00830726599726291e-02,-1.41388709497267803e-05,-1.41388647858093746e-05,-5.65554591432375052e-05,-7.06943300929642856e-05,-7.06943239290468866e-05
7.52500000000000036e+00,7.52500000000000036e+00,6.03772563378168536e-01,-2.00588978767086701e-02,-2.00588891487763626e-02,-1.40946468584395670e-05,-1.40946407256438153e-05,-5.63785629025752611e-05,-7.04732097610148332e-05,-7.04732036282190781e-05
7.53225000000000033e+00,7.53225000000000033e+00,6.03627223938824620e-01,-2.00347667058622392e-02,-2.00347580052051034e-02,-1.40506034807666213e-05,-1.40505973788995407e-05,-5.62023895155981630e-05,-7.02529929963647859e-05,-7.02529868944977003e-05
7.53950000000000031e+00,7.53950000000000031e+00,6.03482059260933568e-01,-2.00106877391164062e-02,-2.00106790656188575e-02,-1.40067399053745430e-05,-1.40067338342476621e-05,-5.60269353369906482e-05,-7.00336752423651946e-05,-7.00336691712383035e-05
7.54675000000000029e+00,7.54675000000000029e+00,6.03337068966607437e-01,-1.99866608134939838e-02,-1.99866521670456626e-02,-1.39630552263958051e-05,-1.39630491858252176e-05,-5.58521967433008772e-05,-6.98152519696966891e-05,-6.98152459291260982e-05
7.55400000000000027e+00,7.55400000000000027e+00,6.03192252679137897e-01,-1.99626857666856949e-02,-1.99626771471782469e-02,-1.39195485433930986e-05,-1.39195425331971888e-05,-5.56781701327887482e-05,-6.95977186761818434e-05,-6.95977126659859353e-05
7.56125000000000025e+00,7.56125000000000025e+00,6.03047610022990566e-01,-1.99387624370501726e-02,-1.99387538443706568e-02,-1.38762189613239417e-05,-1.38762129813187730e-05,-5.55048519252750988e-05,-6.93810708865990456e-05,-6.93810649065938718e-05
7.56850000000000023e+00,7.56850000000000023e+00,6.02903140623800682e-01,-1.99148906635855383e-02,-1.99148820976349575e-02,-1.38330655904858213e-05,-1.38330596404980332e-05,-5.53322385619921261e-05,-6.91653041524779491e-05,-6.91652982024901594e-05
7.57575000000000021e+00,7.57575000000000021e+00,6.02758844108368552e-01,-1.98910702859720345e-02,-1.98910617466379093e-02,-1.37900875465110529e-05,-1.37900816263587705e-05,-5.51603265054350752e-05,-6.89504140519461265e-05,-6.89504081317938457e-05
7.58300000000000018e+00,7.58300000000000018e+00,6.02614720104654000e-01,-1.98673011445364978e-02,-1.98672926316976785e-02,-1.37472839503074985e-05,-1.37472780598037189e-05,-5.49891122392148754e-05,-6.87363961895223790e-05,-6.87363902990185960e-05
7.59025000000000016e+00,7.59025000000000016e+00,6.02470768241772814e-01,-1.98435830802168311e-02,-1.98435745937806003e-02,-1.37046539279997789e-05,-1.37046480669780500e-05,-5.48185922679122000e-05,-6.85232461959119857e-05,-6.85232403348902484e-05
7.59750000000000014e+00,7.59750000000000014e+00,6.02326988149990861e-01,-1.98199159346330589e-02,-1.98199074744978901e-02,-1.36621966109445210e-05,-1.36621907792331051e-05,-5.46487631169324204e-05,-6.83109597278769380e-05,-6.83109538961655221e-05
7.60475000000000012e+00,7.60475000000000012e+00,6.02183379460720536e-01,-1.97962995500589045e-02,-1.97962911161024546e-02,-1.36199111356768311e-05,-1.36199053330904890e-05,-5.44796213323619558e-05,-6.80995324680387903e-05,-6.80995266654524465e-05
7.61200000000000010e+00,7.61200000000000010e+00,6.02039941806514989e-01,-1.97727337693720528e-02,-1.97727253614856484e-02,-1.35777966438425907e-05,-1.35777908702063728e-05,-5.43111634808254843e-05,-6.78889601246680818e-05,-6.78889543510318604e-05
7.61925000000000008e+00,7.61925000000000008e+00,6.01896674821064681e-01,-1.97492184360825718e-02,-1.97492100541741197e-02,-1.35358522821849782e-05,-1.35358465373361372e-05,-5.41433861493445555e-05,-6.76792384315295388e-05,-6.76792326866806877e-05
7.62650000000000006e+00,7.62650000000000006e+00,6.01753578139191836e-01,-1.97257533943684393e-02,-1.97257450383266190e-02,-1.34940772025358493e-05,-1.34940714862992527e-05,-5.39762859451970109e-05,-6.74703631477328620e-05,-6.74703574314962687e-05
7.63375000000000004e+00,7.63375000000000004e+00,6.01610651396846330e-01,-1.97023384890044895e-02,-1.97023301587308450e-02,-1.34524705617343037e-05,-1.34524648739444480e-05,-5.38098594957777852e-05,-6.72623300575120905e-05,-6.72623243697222382e-05
7.64100000000000001e+00,7.64100000000000001e+00,6.01467894231101252e-01,-1.96789735654121500e-02,-1.96789652608003289e-02,-1.34110315216283615e-05,-1.34110258621151491e-05,-5.36441034484605962e-05,-6.70551349700889527e-05,-6.70551293105757436e-05
7.64824999999999999e+00,7.64824999999999999e+00,6.01325306280147909e-01,-1.96556584696310210e-02,-1.96556501905713055e-02,-1.33697592490233478e-05,-1.33697536176152035e-05,-5.34790144704608072e-05,-6.68487737194841601e-05,-6.68487680880760056e-05
7.65549999999999997e+00,7.65549999999999997e+00,6.01182887183291603e-01,-1.96323930482975584e-02,-1.96323847946996144e-02,-1.33286529156354995e-05,-1.33286473121748296e-05,-5.33145892486993183e-05,-6.66432421643348144e-05,-6.66432365608741529e-05
7.66274999999999995e+00,7.66274999999999995e+00,6.01040636580947529e-01,-1.96091771487019173e-02,-1.96091689204576543e-02,-1.32877116980989798e-05,-1.32877061224169027e-05,-5.31508244896676107e-05,-6.64385361877665938e-05,-6.64385306120845065e-05
7.66999999999999993e+00,7.66999999999999993e+00,6.00898554114635441e-01,-1.95860106187311089e-02,-1.95860024157312740e-02,-1.32469347778957615e-05,-1.32469292298234196e-05,-5.29877169192936715e-05,-6.62346516971894347e-05,-6.62346461491170979e-05
7.67724999999999991e+00,7.67724999999999991e+00,6.00756639426975991e-01,-1.95628933068690003e-02,-1.95628851290167716e-02,-1.32063213413245537e-05,-1.32063158207022863e-05,-5.28252632828091453e-05,-6.60315846241336956e-05,-6.60315791035114333e-05
7.68450000000000077e+00,7.68450000000000077e+00,6.00614892161685843e-01,-1.95398250622247360e-02,-1.95398169094178481e-02,-1.31658705794891087e-05,-1.31658650861543415e-05,-5.26634603446173659e-05,-6.58293309241064729e-05,-6.58293254307717091e-05
7.69175000000000075e+00,7.69175000000000075e+00,6.00473311963573786e-01,-1.95168057344972112e-02,-1.95167976066426274e-02,-1.31255816882435074e-05,-1.31255762220406505e-05,-5.25023048881626019e-05,-6.56278865764061076e-05,-6.56278811102032592e-05
7.69900000000000073e+00,7.69900000000000073e+00,6.00331898478535630e-01,-1.94938351740105986e-02,-1.94938270710006342e-02,-1.30854538681856504e-05,-1.30854484289500085e-05,-5.23417937158000406e-05,-6.54272475839856843e-05,-6.54272421447500474e-05
7.70625000000000071e+00,7.70625000000000071e+00,6.00190651353550653e-01,-1.94709132316503997e-02,-1.94709051533998555e-02,-1.30454863245840273e-05,-1.30454809121667580e-05,-5.21819236486670388e-05,-6.52274099732510712e-05,-6.52274045608337985e-05
7.71350000000000069e+00,7.71350000000000069e+00,6.00049570236676710e-01,-1.94480397589487097e-02,-1.94480317053437705e-02,-1.30056782674049926e-05,-1.30056728816388170e-05,-5.20226915265552614e-05,-6.50283697939602523e-05,-6.50283644081940784e-05
7.72075000000000067e+00,7.72075000000000067e+00,5.99908654777045913e-01,-1.94252146079847421e-02,-1.94252065789284022e-02,-1.29660289112162920e-05,-1.29660235519459457e-05,-5.18640942077837894e-05,-6.48301231190000763e-05,-6.48301177597297300e-05
7.72800000000000065e+00,7.72800000000000065e+00,5.99767904624860959e-01,-1.94024376314345659e-02,-1.94024296268394437e-02,-1.29265374751909470e-05,-1.29265321422683110e-05,-5.17061285690732507e-05,-6.46326660442642027e-05,-6.46326607113415549e-05
7.73525000000000063e+00,7.73525000000000063e+00,5.99627319431390138e-01,-1.93797086825853171e-02,-1.93797007023493138e-02,-1.28872031830873632e-05,-1.28871978763552282e-05,-5.15487915054209129e-05,-6.44359946885082795e-05,-6.44359893817761343e-05
7.74250000000000060e+00,7.74250000000000060e+00,5.99486898848963445e-01,-1.93570276152925658e-02,-1.93570196593142833e-02,-1.28480252631918203e-05,-1.28480199824941831e-05,-5.13920799299767323e-05,-6.42401051931685559e-05,-6.42400999124709103e-05
7.74975000000000058e+00,7.74975000000000058e+00,5.99346642530968365e-01,-1.93343942839874217e-02,-1.93343863521716272e-02,-1.28090029482944123e-05,-1.28089976934800946e-05,-5.12359907739203714e-05,-6.40449937222147838e-05,-6.40449884674004592e-05
7.75700000000000056e+00,7.75700000000000056e+00,5.99206550131845650e-01,-1.93118085436836395e-02,-1.93118006359367551e-02,-1.27701354756651622e-05,-1.27701302465847896e-05,-5.10805209863391652e-05,-6.38506564620043240e-05,-6.38506512329239581e-05
7.76425000000000054e+00,7.76425000000000054e+00,5.99066621307084990e-01,-1.92892702499705138e-02,-1.92892623662003736e-02,-1.27314220870209107e-05,-1.27314168835267403e-05,-5.09256675341069476e-05,-6.36570896211278514e-05,-6.36570844176336946e-05
7.77150000000000052e+00,7.77150000000000052e+00,5.98926855713221018e-01,-1.92667792590199838e-02,-1.92667713991256824e-02,-1.26928620285017738e-05,-1.26928568504409993e-05,-5.07714274017639970e-05,-6.34642894302657657e-05,-6.34642842522049997e-05
7.77875000000000050e+00,7.77875000000000050e+00,5.98787253007829201e-01,-1.92443354275653178e-02,-1.92443275914455786e-02,-1.26544545506291306e-05,-1.26544493978494214e-05,-5.06177975913976857e-05,-6.32722521420268214e-05,-6.32722469892471021e-05
7.78600000000000048e+00,7.78600000000000048e+00,5.98647812849521399e-01,-1.92219386128797964e-02,-1.92219308004598424e-02,-1.26161989082639078e-05,-1.26161937806310466e-05,-5.04647751225241933e-05,-6.30809740307880994e-05,-6.30809689031552434e-05
7.79325000000000045e+00,7.79325000000000045e+00,5.98508534897942424e-01,-1.91995886728548726e-02,-1.91995808840324106e-02,-1.25780943606304040e-05,-1.25780892579927618e-05,-5.03123570319710607e-05,-6.28904513926014681e-05,-6.28904462899638225e-05
7.80050000000000043e+00,7.80050000000000043e+00,5.98369418813764931e-01,-1.91772854659149061e-02,-1.91772777005885797e-02,-1.25401401712328889e-05,-1.25401350934401646e-05,-5.01605403737606585e-05,-6.27006805449935474e-05,-6.27006754672008282e-05
7.80775000000000041e+00,7.80775000000000041e+00,5.98230464258686645e-01,-1.91550288510313749e-02,-1.91550211091123107e-02,-1.25023356078379000e-05,-1.25023305547486478e-05,-5.00093222189945978e-05,-6.25116578268325012e-05,-6.25116527737432472e-05
7.81500000000000039e+00,7.81500000000000039e+00,5.98091670895425032e-01,-1.91328186877370854e-02,-1.91328109691434739e-02,-1.24646799424566894e-05,-1.24646749139347265e-05,-4.98586996557388992e-05,-6.23233795981955886e-05,-6.23233745696736240e-05
7.82225000000000037e+00,7.82225000000000037e+00,5.97953038387714408e-01,-1.91106548361403838e-02,-1.91106471407751742e-02,-1.24271724513276911e-05,-1.24271674472275516e-05,-4.97086697889101995e-05,-6.21358422402378940e-05,-6.21358372361377459e-05
7.82950000000000035e+00,7.82950000000000035e+00,5.97814566400300951e-01,-1.90885371568896289e-02,-1.90885294846510276e-02,-1.23898124148668466e-05,-1.23898074350406655e-05,-4.95592297401626622e-05,-6.19490421550295071e-05,-6.19490371752033311e-05
7.83675000000000033e+00,7.83675000000000033e+00,5.97676254598939583e-01,-1.90664655111589809e-02,-1.90664578619625345e-02,-1.23525991176321307e-05,-1.23525941619439763e-05,-4.94103766477759052e-05,-6.17629757654080308e-05,-6.17629708097198815e-05
7.84400000000000031e+00,7.84400000000000031e+00,5.97538102650389202e-01,-1.90444397606910343e-02,-1.90444321344463673e-02,-1.23155318483251781e-05,-1.23155269166359150e-05,-4.92621076665436530e-05,-6.15776395148688328e-05,-6.15776345831795663e-05
7.85125000000000028e+00,7.85125000000000028e+00,5.97400110222409575e-01,-1.90224597677541851e-02,-1.90224521643817708e-02,-1.22786098997376946e-05,-1.22786049919158396e-05,-4.91144199676633584e-05,-6.13930298674010598e-05,-6.13930249595792031e-05
7.85850000000000026e+00,7.85850000000000026e+00,5.97262276983756779e-01,-1.90005253951852637e-02,-1.90005178145879229e-02,-1.22418325687533382e-05,-1.22418276846566355e-05,-4.89673107386265352e-05,-6.12091433073798683e-05,-6.12091384232831741e-05
7.86575000000000024e+00,7.86575000000000024e+00,5.97124602604179322e-01,-1.89786365063397966e-02,-1.89786289484212972e-02,-1.22051991562900253e-05,-1.22051942957774981e-05,-4.88207771831099924e-05,-6.10259763394000194e-05,-6.10259714788874939e-05
7.87300000000000022e+00,7.87300000000000022e+00,5.96987086754414809e-01,-1.89567929650920064e-02,-1.89567854297731098e-02,-1.21687089672747522e-05,-1.21687041302169874e-05,-4.86748165208679428e-05,-6.08435254881426916e-05,-6.08435206510849285e-05
7.88025000000000020e+00,7.88025000000000020e+00,5.96849729106185500e-01,-1.89349946358845500e-02,-1.89349871230666995e-02,-1.21323613106504084e-05,-1.21323564969062073e-05,-4.85294259876248361e-05,-6.06617872982752462e-05,-6.06617824845310418e-05
7.88750000000000018e+00,7.88750000000000018e+00,5.96712529332194541e-01,-1.89132413836503588e-02,-1.89132338932549784e-02,-1.20961554993006450e-05,-1.20961507087422514e-05,-4.83846028349689989e-05,-6.04807583342696438e-05,-6.04807535437112520e-05
7.89475000000000016e+00,7.89475000000000016e+00,5.96575487106122626e-01,-1.88915330738694820e-02,-1.88915256058178743e-02,-1.20600908500616500e-05,-1.20600860825618125e-05,-4.82403443302472498e-05,-6.03004351803088982e-05,-6.03004304128090606e-05
7.90200000000000014e+00,7.90200000000000014e+00,5.96438602102623339e-01,-1.88698695725761922e-02,-1.88698621267597878e-02,-1.20241666837019874e-05,-1.20241619391150043e-05,-4.80966477564600173e-05,-6.01208144401620064e-05,-6.01208096955750199e-05
7.90925000000000011e+00,7.90925000000000011e+00,5.96301873997320264e-01,-1.88482507462666149e-02,-1.88482433226070806e-02,-1.19883823248393098e-05,-1.19883776030393951e-05,-4.79535104121575872e-05,-5.99418927369968970e-05,-5.99418880151969806e-05
7.91650000000000009e+00,7.91650000000000009e+00,5.96165302466802549e-01,-1.88266764619839932e-02,-1.88266690604055632e-02,-1.19527371019706334e-05,-1.19527324028342101e-05,-4.78109296113368335e-05,-5.97636667133074636e-05,-5.97636620141710453e-05
7.92375000000000007e+00,7.92375000000000007e+00,5.96028887188621459e-01,-1.88051465873115831e-02,-1.88051392077179837e-02,-1.19172303474436810e-05,-1.19172256708347325e-05,-4.76689026833389300e-05,-5.95861330307826127e-05,-5.95861283541736659e-05
7.93100000000000005e+00,7.93100000000000005e+00,5.95892627841286493e-01,-1.87836609903158092e-02,-1.87836536326215636e-02,-1.18818613973969528e-05,-1.18818567431869300e-05,-4.75274269727477268e-05,-5.94092883701446780e-05,-5.94092837159346568e-05
7.93825000000000003e+00,7.93825000000000003e+00,5.95756524104261831e-01,-1.87622195395817926e-02,-1.87622122037055354e-02,-1.18466295917586981e-05,-1.18466249598222384e-05,-4.73864998392889468e-05,-5.92331294310476466e-05,-5.92331247991111835e-05
7.94550000000000001e+00,7.94550000000000001e+00,5.95620575657962559e-01,-1.87408221042133505e-02,-1.87408147900686717e-02,-1.18115342742233964e-05,-1.18115296644325301e-05,-4.72461186577301205e-05,-5.90576529319535135e-05,-5.90576483221626523e-05
7.95274999999999999e+00,7.95274999999999999e+00,5.95484782183750783e-01,-1.87194685538187855e-02,-1.87194612613168637e-02,-1.17765747922194790e-05,-1.17765702044453097e-05,-4.71062808177812389e-05,-5.88828556100007196e-05,-5.88828510222265487e-05
7.95999999999999996e+00,7.95999999999999996e+00,5.95349143363932187e-01,-1.86981587584966746e-02,-1.86981514875606859e-02,-1.17417504968772974e-05,-1.17417459309990552e-05,-4.69669837239962206e-05,-5.87087342208735197e-05,-5.87087296549952724e-05
7.96724999999999994e+00,7.96724999999999994e+00,5.95213658881752594e-01,-1.86768925888571857e-02,-1.86768853394129915e-02,-1.17070607430196246e-05,-1.17070561989187722e-05,-4.68282247956750821e-05,-5.85352855386947067e-05,-5.85352809945938527e-05
7.97449999999999992e+00,7.97449999999999992e+00,5.95078328421393743e-01,-1.86556699160362882e-02,-1.86556626879865114e-02,-1.16725048891477030e-05,-1.16725003666917018e-05,-4.66900014667668141e-05,-5.83625063559145153e-05,-5.83625018334585176e-05
7.98175000000000079e+00,7.98175000000000079e+00,5.94943151667970072e-01,-1.86344906116318043e-02,-1.86344834048914713e-02,-1.16380822973785738e-05,-1.16380777964432472e-05,-4.65523111857729888e-05,-5.81903934831515626e-05,-5.81903889822162393e-05
7.98900000000000077e+00,7.98900000000000077e+00,5.94808128307525052e-01,-1.86133545477389362e-02,-1.86133473622332284e-02,-1.16037923334449894e-05,-1.16037878539130571e-05,-4.64151514156522284e-05,-5.80189437490972212e-05,-5.80189392695652822e-05
7.99625000000000075e+00,7.99625000000000075e+00,5.94673258027027862e-01,-1.85922615969573712e-02,-1.85922544326099053e-02,-1.15696343666775422e-05,-1.15696299084312853e-05,-4.62785196337251343e-05,-5.78481540004026731e-05,-5.78481495421564212e-05
8.00350000000000072e+00,8.00350000000000072e+00,5.94538540514369163e-01,-1.85712116323841769e-02,-1.85712044891100485e-02,-1.15356077699780934e-05,-1.15356033328950343e-05,-4.61424133315801370e-05,-5.76780211015582304e-05,-5.76780166644751713e-05
8.01075000000000159e+00,8.01075000000000159e+00,5.94403975458358214e-01,-1.85502045275995897e-02,-1.85501974053103036e-02,-1.15017119197889884e-05,-1.15017075037449792e-05,-4.60068300149799235e-05,-5.75085419347689102e-05,-5.75085375187249026e-05
8.01800000000000068e+00,8.01800000000000068e+00,5.94269562548718988e-01,-1.85292401566599096e-02,-1.85292330552731012e-02,-1.14679461960669124e-05,-1.14679418009421725e-05,-4.58717672037686967e-05,-5.73397133998356125e-05,-5.73397090047108725e-05
8.02524999999999977e+00,8.02524999999999977e+00,5.94135301476086730e-01,-1.85083183941046059e-02,-1.85083113135443358e-02,-1.14343099822657210e-05,-1.14343056079449826e-05,-4.57372224317799373e-05,-5.71715324140456565e-05,-5.71715280397249199e-05
8.03250000000000064e+00,8.03250000000000064e+00,5.94001191932004513e-01,-1.84874391149563166e-02,-1.84874320551510866e-02,-1.14008026653149844e-05,-1.14007983116862429e-05,-4.56031932467449716e-05,-5.70039959120599560e-05,-5.70039915584312111e-05
8.03975000000000151e+00,8.03975000000000151e+00,5.93867233608919798e-01,-1.84666021947350600e-02,-1.84665951555993552e-02,-1.13674236356074574e-05,-1.13674193025505830e-05,-4.54696772102023252e-05,-5.68371008458097826e-05,-5.68370965127529065e-05
8.04700000000000060e+00,8.04700000000000060e+00,5.93733426200180880e-01,-1.84458075094084961e-02,-1.84458004908717790e-02,-1.13341722869472669e-05,-1.13341679743518794e-05,-4.53366718974075177e-05,-5.66708441843547829e-05,-5.66708398717593971e-05
8.05424999999999969e+00,8.05424999999999969e+00,5.93599769400033339e-01,-1.84250549354629811e-02,-1.84250479374253769e-02,-1.13010480165726692e-05,-1.13010437243108955e-05,-4.52041748972435752e-05,-5.65052229138162461e-05,-5.65052186215544690e-05
8.06150000000000055e+00,8.06150000000000055e+00,5.93466262903616704e-01,-1.84043443497898807e-02,-1.84043373721893139e-02,-1.12680502250653968e-05,-1.12680459530330890e-05,-4.50721838121323628e-05,-5.63402340371977630e-05,-5.63402297651654501e-05
8.06875000000000142e+00,8.06875000000000142e+00,5.93332906406961347e-01,-1.83836756297992565e-02,-1.83836686725627023e-02,-1.12351783163998403e-05,-1.12351740644866301e-05,-4.49406962579465205e-05,-5.61758745743463575e-05,-5.61758703224331506e-05
8.07600000000000051e+00,8.07600000000000051e+00,5.93199699606984598e-01,-1.83630486533772341e-02,-1.83630417164123497e-02,-1.12024316978962623e-05,-1.12024274659804852e-05,-4.48097098639219408e-05,-5.60121415618182014e-05,-5.60121373299024260e-05
8.08324999999999960e+00,8.08324999999999960e+00,5.93066642201487415e-01,-1.83424632988291592e-02,-1.83424563820705593e-02,-1.11698097801657530e-05,-1.11698055681427209e-05,-4.46792222725708903e-05,-5.58490320527366450e-05,-5.58490278407136078e-05
8.09050000000000047e+00,8.09050000000000047e+00,5.92933733889151493e-01,-1.83219194449790734e-02,-1.83219125483329651e-02,-1.11373119771507598e-05,-1.11373077848989844e-05,-4.45492311395959307e-05,-5.56865431167466939e-05,-5.56865389244949168e-05
8.09775000000000134e+00,8.09775000000000134e+00,5.92800974369535272e-01,-1.83014169710560282e-02,-1.83014100944563357e-02,-1.11049377060357435e-05,-1.11049335334511109e-05,-4.44197341338044367e-05,-5.55246718398401818e-05,-5.55246676672555475e-05
8.10500000000000043e+00,8.10500000000000043e+00,5.92668363343071269e-01,-1.82809557567793490e-02,-1.82809489001564233e-02,-1.10726863872792114e-05,-1.10726822342559052e-05,-4.42907289370236208e-05,-5.53634153243028339e-05,-5.53634111712795243e-05
8.11224999999999952e+00,8.11224999999999952e+00,5.92535900511061975e-01,-1.82605356823373199e-02,-1.82605288456057814e-02,-1.10405574445808817e-05,-1.10405533110040458e-05,-4.41622132440161832e-05,-5.52027706885970649e-05,-5.52027665550202290e-05
8.11950000000000038e+00,8.11950000000000038e+00,5.92403585575677405e-01,-1.82401566283374450e-02,-1.82401498114316586e-02,-1.10085503048319770e-05,-1.10085461905991985e-05,-4.40341847623967940e-05,-5.50427350672287710e-05,-5.50427309529959925e-05
8.12675000000000125e+00,8.12675000000000125e+00,5.92271418239951108e-01,-1.82198184758775028e-02,-1.82198116787138480e-02,-1.09766643981387695e-05,-1.09766603031372523e-05,-4.39066412125490094e-05,-5.48833056106877806e-05,-5.48833015156862617e-05
8.13400000000000034e+00,8.13400000000000034e+00,5.92139398207777168e-01,-1.81995211064815976e-02,-1.81995143289825773e-02,-1.09448991577645720e-05,-1.09448950818857130e-05,-4.37795803275428452e-05,-5.47244794853074155e-05,-5.47244754094285599e-05
8.14124999999999943e+00,8.14124999999999943e+00,5.92007525183907202e-01,-1.81792644021072647e-02,-1.81792576442164067e-02,-1.09132540201149185e-05,-1.09132499632632249e-05,-4.36529998530528994e-05,-5.45662538731678145e-05,-5.45662498163161243e-05
8.14850000000000030e+00,8.14850000000000030e+00,5.91875798873946590e-01,-1.81590482452094193e-02,-1.81590415068401123e-02,-1.08817284247569426e-05,-1.08817243868192813e-05,-4.35268975472771183e-05,-5.44086259720340593e-05,-5.44086219340963979e-05
8.15575000000000117e+00,8.15575000000000117e+00,5.91744218984351589e-01,-1.81388725186479860e-02,-1.81388657997226359e-02,-1.08503218143449354e-05,-1.08503177952140770e-05,-4.34012711808563011e-05,-5.42515929952012347e-05,-5.42515889760703814e-05
8.16300000000000026e+00,8.16300000000000026e+00,5.91612785222426218e-01,-1.81187371057234259e-02,-1.81187304061750029e-02,-1.08190336346229842e-05,-1.08190296341984910e-05,-4.32761185367939571e-05,-5.40951521714169429e-05,-5.40951481709924463e-05
8.17024999999999935e+00,8.17024999999999935e+00,5.91481497296318603e-01,-1.80986418901980528e-02,-1.80986352099482481e-02,-1.07878633344190491e-05,-1.07878593525942034e-05,-4.31514374103768067e-05,-5.39393007447958541e-05,-5.39392967629710084e-05
8.17750000000000021e+00,8.17750000000000021e+00,5.91350354915018306e-01,-1.80785867562534008e-02,-1.80785800952313752e-02,-1.07568103656009778e-05,-1.07568064022739917e-05,-4.30272256090959666e-05,-5.37840359746969478e-05,-5.37840320113699600e-05
8.18475000000000108e+00,8.18475000000000108e+00,5.91219357788352884e-01,-1.80585715885115405e-02,-1.80585649466493414e-02,-1.07258741830709290e-05,-1.07258702381421761e-05,-4.29034809525687043e-05,-5.36293551356396299e-05,-5.36293511907108821e-05
8.19200000000000017e+00,8.19200000000000017e+00,5.91088505626984895e-01,-1.80385962720421844e-02,-1.80385896492610137e-02,-1.06950542447512944e-05,-1.06950503181151650e-05,-4.27802012724606533e-05,-5.34752555172119477e-05,-5.34752515905758183e-05
8.19924999999999926e+00,8.19924999999999926e+00,5.90957798142408341e-01,-1.80186606923200543e-02,-1.80186540885571359e-02,-1.06643500115413091e-05,-1.06643461031021443e-05,-4.26573844124085772e-05,-5.33217344239498846e-05,-5.33217305155107198e-05
8.20650000000000013e+00,8.20650000000000013e+00,5.90827235046946231e-01,-1.79987647352746194e-02,-1.79987581504583646e-02,-1.06337609473286128e-05,-1.06337570569859716e-05,-4.25350282279438863e-05,-5.31687891752724974e-05,-5.31687852849298595e-05
8.21375000000000099e+00,8.21375000000000099e+00,5.90696816053746798e-01,-1.79789082872687800e-02,-1.79789017213132472e-02,-1.06032865189587187e-05,-1.06032826466041417e-05,-4.24131305864165669e-05,-5.30164171053752856e-05,-5.30164132330207069e-05
8.22100000000000009e+00,8.22100000000000009e+00,5.90566540876780843e-01,-1.79590912350491294e-02,-1.79590846878962679e-02,-1.05729261961879903e-05,-1.05729223417299286e-05,-4.22916893669197076e-05,-5.28646155631076962e-05,-5.28646117086496362e-05
8.22824999999999918e+00,8.22824999999999918e+00,5.90436409230838621e-01,-1.79393134658241138e-02,-1.79393069374058495e-02,-1.05426794517122124e-05,-1.05426756150536232e-05,-4.21707024602144926e-05,-5.27133819119267067e-05,-5.27133780752681158e-05
8.23550000000000004e+00,8.23550000000000004e+00,5.90306420831526402e-01,-1.79195748672213995e-02,-1.79195683574624003e-02,-1.05125457611239328e-05,-1.05125419421639479e-05,-4.20501677686557849e-05,-5.25627135297797177e-05,-5.25627097108197311e-05
8.24275000000000091e+00,8.24275000000000091e+00,5.90176575395263803e-01,-1.78998753272807676e-02,-1.78998688361063883e-02,-1.04825246028910085e-05,-1.04825208015296086e-05,-4.19300832061184344e-05,-5.24126078090094411e-05,-5.24126040076480413e-05
8.25000000000000000e+00,8.25000000000000000e+00,5.90046872639280795e-01,-1.78802147344470086e-02,-1.78802082617963883e-02,-1.04526154583352875e-05,-1.04526116744809592e-05,-4.18104466979238366e-05,-5.22630621562591275e-05,-5.22630583724047941e-05
8.25724999999999909e+00,8.25724999999999909e+00,5.89917312281614370e-01,-1.78605929775983441e-02,-1.78605865234071418e-02,-1.04228178116321753e-05,-1.04228140451917704e-05,-4.16912561807670815e-05,-5.21140739923992534e-05,-5.21140702259588535e-05
8.26449999999999996e+00,8.26449999999999996e+00,5.89787894041105543e-01,-1.78410099460464266e-02,-1.78410035102276460e-02,-1.03931311497936045e-05,-1.03931274006611930e-05,-4.15725096026447653e-05,-5.19656407524383664e-05,-5.19656370033059600e-05
8.27175000000000082e+00,8.27175000000000082e+00,5.89658617637396687e-01,-1.78214655294723912e-02,-1.78214591119592765e-02,-1.03635549626139279e-05,-1.03635512306958228e-05,-4.14542049227832913e-05,-5.18177598853972226e-05,-5.18177561534791142e-05
8.27899999999999991e+00,8.27899999999999991e+00,5.89529482790928316e-01,-1.78019596179623818e-02,-1.78019532187138653e-02,-1.03340887426740603e-05,-1.03340850278918976e-05,-4.13363401115675972e-05,-5.16704288542416541e-05,-5.16704251394594965e-05
8.28625000000000078e+00,8.28625000000000078e+00,5.89400489222936197e-01,-1.77824921020857118e-02,-1.77824857210117995e-02,-1.03047319853701848e-05,-1.03047282876175840e-05,-4.12189131504703360e-05,-5.15236451358405226e-05,-5.15236414380879217e-05
8.29350000000000165e+00,8.29350000000000165e+00,5.89271636655448017e-01,-1.77630628727527551e-02,-1.77630565097801861e-02,-1.02754841888147313e-05,-1.02754805079954660e-05,-4.11019220319818639e-05,-5.13774062207965969e-05,-5.13774025399773299e-05
8.30075000000000074e+00,8.30075000000000074e+00,5.89142924811281277e-01,-1.77436718212717892e-02,-1.77436654763509678e-02,-1.02463448538531727e-05,-1.02463411898851146e-05,-4.09853647595404515e-05,-5.12317096133936241e-05,-5.12317059494255694e-05
8.30799999999999983e+00,8.30799999999999983e+00,5.89014353414039626e-01,-1.77243188394058393e-02,-1.77243125124590638e-02,-1.02173134840805967e-05,-1.02173098368657626e-05,-4.08692393474630505e-05,-5.10865528315436506e-05,-5.10865491843288098e-05
8.31525000000000070e+00,8.31525000000000070e+00,5.88885922188109978e-01,-1.77050038192660963e-02,-1.77049975102405201e-02,-1.01883895857640021e-05,-1.01883859552191492e-05,-4.07535438208765966e-05,-5.09419334066406004e-05,-5.09419297760957475e-05
8.32250000000000156e+00,8.32250000000000156e+00,5.88757630858660175e-01,-1.76857266534113933e-02,-1.76857203622307023e-02,-1.01595726678837105e-05,-1.01595690539124751e-05,-4.06382762156498936e-05,-5.07978488835336041e-05,-5.07978452695623671e-05
8.32975000000000065e+00,8.32975000000000065e+00,5.88629479151635437e-01,-1.76664872347771507e-02,-1.76664809613624463e-02,-1.01308622420765048e-05,-1.01308586445814680e-05,-4.05234345783258787e-05,-5.06542968204023834e-05,-5.06542932229073466e-05
8.33699999999999974e+00,8.33699999999999974e+00,5.88501466793755923e-01,-1.76472854566611659e-02,-1.76472792009642540e-02,-1.01022578226118122e-05,-1.01022542415135630e-05,-4.04090169660542521e-05,-5.05112747886660626e-05,-5.05112712075678151e-05
8.34425000000000061e+00,8.34425000000000061e+00,5.88373593512513837e-01,-1.76281212128017728e-02,-1.76281149747584791e-02,-1.00737589264208800e-05,-1.00737553616312151e-05,-4.02950214465248603e-05,-5.03687803729457368e-05,-5.03687768081560787e-05
8.35150000000000148e+00,8.35150000000000148e+00,5.88245859036170216e-01,-1.76089943973352092e-02,-1.76089881768595503e-02,-1.00453650730566964e-05,-1.00453615244753576e-05,-4.01814460979014305e-05,-5.02268111709581252e-05,-5.02268076223767881e-05
8.35875000000000057e+00,8.35875000000000057e+00,5.88118263093752591e-01,-1.75899049047245626e-02,-1.75898987017721713e-02,-1.00170757846380585e-05,-1.00170722521889332e-05,-4.00682890087557326e-05,-5.00853647933937945e-05,-5.00853612609446675e-05
8.36599999999999966e+00,8.36599999999999966e+00,5.87990805415051776e-01,-1.75708526298734569e-02,-1.75708464443895471e-02,-9.98889058589917569e-06,-9.98888706950055220e-06,-3.99555482780022020e-05,-4.99444388639013777e-05,-4.99444353475027525e-05
8.37325000000000053e+00,8.37325000000000053e+00,5.87863485730619306e-01,-1.75518374680976308e-02,-1.75518312999916187e-02,-9.96080900415808222e-06,-9.96080550370828445e-06,-3.98432220148331378e-05,-4.98040310189912217e-05,-4.98040275185414205e-05
8.38050000000000139e+00,8.38050000000000139e+00,5.87736303771764335e-01,-1.75328593150254619e-02,-1.75328531642433109e-02,-9.93283056924506467e-06,-9.93282708466357704e-06,-3.97313083386543014e-05,-4.96641389078993678e-05,-4.96641354233178818e-05
8.38775000000000048e+00,8.38775000000000048e+00,5.87609259270551409e-01,-1.75139180667116534e-02,-1.75139119331927939e-02,-9.90495481355229631e-06,-9.90495134475525580e-06,-3.96198053790210232e-05,-4.95247601925733212e-05,-4.95247567237762807e-05
8.39499999999999957e+00,8.39499999999999957e+00,5.87482351959797033e-01,-1.74950136195946016e-02,-1.74950075032697175e-02,-9.87718127199467036e-06,-9.87717781889363825e-06,-3.95087112755745530e-05,-4.93858925475692217e-05,-4.93858890944681895e-05
8.40225000000000044e+00,8.40225000000000044e+00,5.87355581573067331e-01,-1.74761458704608685e-02,-1.74761397712835040e-02,-9.84950948197498350e-06,-9.84950604449479070e-06,-3.93980241779791628e-05,-4.92475336599541429e-05,-4.92475302224739569e-05
8.40950000000000131e+00,8.40950000000000131e+00,5.87228947844675275e-01,-1.74573147165375531e-02,-1.74573086344216415e-02,-9.82193898342138321e-06,-9.82193556146489368e-06,-3.92877422458595747e-05,-4.91096812292809596e-05,-4.91096778073244684e-05
8.41675000000000040e+00,8.41675000000000040e+00,5.87102450509677576e-01,-1.74385200553501818e-02,-1.74385139902479454e-02,-9.79446931869267461e-06,-9.79446591218469215e-06,-3.91778636487387618e-05,-4.89723329674314364e-05,-4.89723295609234506e-05
8.42399999999999949e+00,8.42399999999999949e+00,5.86976089303872683e-01,-1.74197617848435016e-02,-1.74197557367008760e-02,-9.76710003263193418e-06,-9.76709664149405403e-06,-3.90683865659762161e-05,-4.88354865986081503e-05,-4.88354832074702685e-05
8.43125000000000036e+00,8.43125000000000036e+00,5.86849863963797236e-01,-1.74010398033601632e-02,-1.74010337720918382e-02,-9.73983067254001463e-06,-9.73982729667668131e-06,-3.89593091867067252e-05,-4.86991398592467382e-05,-4.86991364833834082e-05
8.43850000000000122e+00,8.43850000000000122e+00,5.86723774226723949e-01,-1.73823540095483509e-02,-1.73823479951035094e-02,-9.71266078810953729e-06,-9.71265742744489223e-06,-3.88506297097795757e-05,-4.85632904978891130e-05,-4.85632871372244679e-05
8.44575000000000031e+00,8.44575000000000031e+00,5.86597819830658840e-01,-1.73637043024612581e-02,-1.73636983047881707e-02,-9.68558993146653565e-06,-9.68558658592453392e-06,-3.87423463436981289e-05,-4.84279362751646663e-05,-4.84279329296226628e-05
8.45299999999999940e+00,8.45299999999999940e+00,5.86472000514338232e-01,-1.73450905815499823e-02,-1.73450846005660207e-02,-9.65861765715224246e-06,-9.65861432663995439e-06,-3.86344573065598175e-05,-4.82930749637120566e-05,-4.82930716331997719e-05
8.46025000000000027e+00,8.46025000000000027e+00,5.86346316017226421e-01,-1.73265127465640489e-02,-1.73265067822235275e-02,-9.63174352205369061e-06,-9.63174020649913872e-06,-3.85269608259965549e-05,-4.81587043480502438e-05,-4.81587010324956936e-05
8.46750000000000114e+00,8.46750000000000114e+00,5.86220766079513012e-01,-1.73079706976650982e-02,-1.73079647499118083e-02,-9.60496708545327303e-06,-9.60496378477894194e-06,-3.84198551391157678e-05,-4.80248222245690425e-05,-4.80248189238947063e-05
8.47475000000000023e+00,8.47475000000000023e+00,5.86095350442110252e-01,-1.72894643353771471e-02,-1.72894584041449681e-02,-9.57828790898717881e-06,-9.57828462311039472e-06,-3.83131384924415789e-05,-4.78914264014287594e-05,-4.78914231155519736e-05
8.48199999999999932e+00,8.48199999999999932e+00,5.85970068846650038e-01,-1.72709935605794840e-02,-1.72709876457984579e-02,-9.55170555662778503e-06,-9.55170228546410893e-06,-3.82068091418564357e-05,-4.77585146984842174e-05,-4.77585114273205430e-05
8.48925000000000018e+00,8.48925000000000018e+00,5.85844921035481914e-01,-1.72525582744782469e-02,-1.72525523761074863e-02,-9.52521959465442233e-06,-9.52521633813583238e-06,-3.81008653525433295e-05,-4.76260849471977485e-05,-4.76260816906791585e-05
8.49650000000000105e+00,8.49650000000000105e+00,5.85719906751670072e-01,-1.72341583786987940e-02,-1.72341524966653920e-02,-9.49882959169096786e-06,-9.49882634973207976e-06,-3.79953053989283123e-05,-4.74941349906192784e-05,-4.74941317486603920e-05
8.50375000000000014e+00,8.50375000000000014e+00,5.85595025738990804e-01,-1.72157937751649115e-02,-1.72157879094220444e-02,-9.47253511862570076e-06,-9.47253189115585332e-06,-3.78901275646234133e-05,-4.73626626832491141e-05,-4.73626594557792683e-05
8.51099999999999923e+00,8.51099999999999923e+00,5.85470277741930167e-01,-1.71974643661982896e-02,-1.71974585166822409e-02,-9.44633574865291519e-06,-9.44633253559246699e-06,-3.77853301423698680e-05,-4.72316658910227848e-05,-4.72316626779623316e-05
8.51825000000000010e+00,8.51825000000000010e+00,5.85345662505680875e-01,-1.71791700544616788e-02,-1.71791642211041248e-02,-9.42023105722835451e-06,-9.42022785849548047e-06,-3.76809114339819287e-05,-4.71011424912102866e-05,-4.71011392924774091e-05
8.52550000000000097e+00,8.52550000000000097e+00,5.85221179776140410e-01,-1.71609107429517849e-02,-1.71609049256976239e-02,-9.39422062205228251e-06,-9.39421743757275037e-06,-3.75768697502910015e-05,-4.69710903723432840e-05,-4.69710871878637484e-05
8.53275000000000006e+00,8.53275000000000006e+00,5.85096829299908028e-01,-1.71426863350276903e-02,-1.71426805338228613e-02,-9.36830402307206687e-06,-9.36830085277253033e-06,-3.74732034110901213e-05,-4.68415074341621882e-05,-4.68415042638626483e-05
8.53999999999999915e+00,8.53999999999999915e+00,5.84972610824282535e-01,-1.71244967344037491e-02,-1.71244909491886019e-02,-9.34248084246532653e-06,-9.34247768626970002e-06,-3.73699107450788069e-05,-4.67123915875441317e-05,-4.67123884313485103e-05
8.54725000000000001e+00,8.54725000000000001e+00,5.84848524097259181e-01,-1.71063418451353755e-02,-1.71063360758506866e-02,-9.31675066461932176e-06,-9.31674752245208044e-06,-3.72669900898083218e-05,-4.65837407544276435e-05,-4.65837376122603988e-05
8.55450000000000088e+00,8.55450000000000088e+00,5.84724568867528105e-01,-1.70882215716119390e-02,-1.70882158182105344e-02,-9.29111307611438954e-06,-9.29110994790688138e-06,-3.71644397916275255e-05,-4.64555528677419185e-05,-4.64555497395344069e-05
8.56174999999999997e+00,8.56174999999999997e+00,5.84600744884470780e-01,-1.70701358186065022e-02,-1.70701300810135424e-02,-9.26556766573832789e-06,-9.26556455140717267e-06,-3.70622582056286907e-05,-4.63278258713670203e-05,-4.63278227570358599e-05
8.56899999999999906e+00,8.56899999999999906e+00,5.84477051898158351e-01,-1.70520844911692393e-02,-1.70520787693476013e-02,-9.24011402441588714e-06,-9.24011092389850605e-06,-3.69604436955940242e-05,-4.62005577200099097e-05,-4.62005546194925286e-05
8.57625000000000171e+00,8.57625000000000171e+00,5.84353489659348746e-01,-1.70340674947624393e-02,-1.70340617886415580e-02,-9.21475174526962079e-06,-9.21474865848559992e-06,-3.68589946339423929e-05,-4.60737463792120137e-05,-4.60737432924279911e-05
8.58350000000000080e+00,8.58350000000000080e+00,5.84230057919484347e-01,-1.70160847351326083e-02,-1.70160790446637240e-02,-9.18948042353812140e-06,-9.18947735041917465e-06,-3.67579094016766918e-05,-4.59473898252148115e-05,-4.59473867520958698e-05
8.59074999999999989e+00,8.59074999999999989e+00,5.84106756430689322e-01,-1.69981361184028401e-02,-1.69981304435203352e-02,-9.16429965661373053e-06,-9.16429659708276773e-06,-3.66571863883310709e-05,-4.58214860449448049e-05,-4.58214829854138370e-05
8.59800000000000075e+00,8.59800000000000075e+00,5.83983584945767520e-01,-1.69802215509946564e-02,-1.69802158916540907e-02,-9.13920904398809143e-06,-9.13920599797975045e-06,-3.65568239919190018e-05,-4.56960330359070899e-05,-4.56960299898987523e-05
8.60525000000000162e+00,8.60525000000000162e+00,5.83860543218199912e-01,-1.69623409396990610e-02,-1.69623352958426475e-02,-9.11420818727836644e-06,-9.11420515472038858e-06,-3.64568206188815611e-05,-4.55710288061599258e-05,-4.55710257736019497e-05
8.61250000000000071e+00,8.61250000000000071e+00,5.83737631002141932e-01,-1.69444941916339076e-02,-1.69444885631971527e-02,-9.08929669019215960e-06,-9.08929367100899630e-06,-3.63571746840359852e-05,-4.54464713742281414e-05,-4.54464683550449849e-05
8.61974999999999980e+00,8.61974999999999980e+00,5.83614848052421253e-01,-1.69266812142154777e-02,-1.69266756011607448e-02,-9.06447415850034729e-06,-9.06447115263115618e-06,-3.62578846105246179e-05,-4.53223587690249635e-05,-4.53223557631557758e-05
8.62700000000000067e+00,8.62700000000000067e+00,5.83492194124535679e-01,-1.69089019152579567e-02,-1.69088963175071175e-02,-9.03974020007852351e-06,-9.03973720744106277e-06,-3.61589488297642511e-05,-4.51986890298427746e-05,-4.51986860372053121e-05
8.63425000000000153e+00,8.63425000000000153e+00,5.83369668974650035e-01,-1.68911562028313256e-02,-1.68911506203390550e-02,-9.01509442481907618e-06,-9.01509144534897130e-06,-3.60603657813958784e-05,-4.50754602062149580e-05,-4.50754572267448531e-05
8.64150000000000063e+00,8.64150000000000063e+00,5.83247272359594726e-01,-1.68734439853679419e-02,-1.68734384180869827e-02,-8.99053644467654914e-06,-8.99053347830866329e-06,-3.59621339132346532e-05,-4.49526703579112023e-05,-4.49526673915433148e-05
8.64874999999999972e+00,8.64874999999999972e+00,5.83125004036862293e-01,-1.68557651716341184e-02,-1.68557596195075092e-02,-8.96606587364074378e-06,-8.96606292030505105e-06,-3.58642516812202042e-05,-4.48303175548609497e-05,-4.48303146015252536e-05
8.65600000000000058e+00,8.65600000000000058e+00,5.83002863764606083e-01,-1.68381196707088066e-02,-1.68381141336820146e-02,-8.94168232771379491e-06,-8.94167938734185335e-06,-3.57667175493674134e-05,-4.47083998770812083e-05,-4.47083969367092701e-05
8.66325000000000145e+00,8.66325000000000145e+00,5.82880851301637026e-01,-1.68205073919907022e-02,-1.68205018700152073e-02,-8.91738542490252379e-06,-8.91738249742937274e-06,-3.56695299897174842e-05,-4.45869154146200114e-05,-4.45869124871468603e-05
8.67050000000000054e+00,8.67050000000000054e+00,5.82758966407422196e-01,-1.68029282452195616e-02,-1.68029227382337290e-02,-8.89317478521833476e-06,-8.89317187057233726e-06,-3.55726874822893423e-05,-4.44658622675076753e-05,-4.44658593528616795e-05
8.67774999999999963e+00,8.67774999999999963e+00,5.82637208842081367e-01,-1.67853821404335690e-02,-1.67853766483847013e-02,-8.86905003064325601e-06,-8.86904712875780817e-06,-3.54761885150312395e-05,-4.43452385456744955e-05,-4.43452356437890510e-05
8.68500000000000050e+00,8.68500000000000050e+00,5.82515578366385900e-01,-1.67678689879906528e-02,-1.67678635108343653e-02,-8.84501078513006325e-06,-8.84500789594322324e-06,-3.53800315837728862e-05,-4.42250423689029461e-05,-4.42250394797161111e-05
8.69225000000000136e+00,8.69225000000000136e+00,5.82394074741755419e-01,-1.67503886985969075e-02,-1.67503832362666562e-02,-8.82105667460606762e-06,-8.82105379804447900e-06,-3.52842151921779228e-05,-4.41052718667839938e-05,-4.41052689902224018e-05
8.69950000000000045e+00,8.69950000000000045e+00,5.82272697730256250e-01,-1.67329411832284336e-02,-1.67329357356818288e-02,-8.79718732692080465e-06,-8.79718446292412649e-06,-3.51887378516964924e-05,-4.39859251786172971e-05,-4.39859223146206189e-05
8.70674999999999955e+00,8.70674999999999955e+00,5.82151447094598651e-01,-1.67155263532166032e-02,-1.67155209203950564e-02,-8.77340237187995115e-06,-8.77339952037958902e-06,-3.50935980815183629e-05,-4.38670004533983106e-05,-4.38669976018979502e-05
8.71400000000000041e+00,8.71400000000000041e+00,5.82030322598134586e-01,-1.66981441201841108e-02,-1.66981387020350737e-02,-8.74970144120072891e-06,-8.74969860213154429e-06,-3.49987944085261771e-05,-4.37484958497269077e-05,-4.37484930106577180e-05
8.72125000000000128e+00,8.72125000000000128e+00,5.81909324004855955e-01,-1.66807943960591842e-02,-1.66807889925428068e-02,-8.72608416850856063e-06,-8.72608134181232509e-06,-3.49043253672493071e-05,-4.36304095357578661e-05,-4.36304067090616322e-05
8.72850000000000037e+00,8.72850000000000037e+00,5.81788451079391811e-01,-1.66634770931040066e-02,-1.66634717041700131e-02,-8.70255018934115264e-06,-8.70254737495443864e-06,-3.48101894998177546e-05,-4.35127396891589089e-05,-4.35127368747721915e-05
8.73574999999999946e+00,8.73574999999999946e+00,5.81667703587005924e-01,-1.66461921238933996e-02,-1.66461867494778898e-02,-8.67909914112655329e-06,-8.67909633897909099e-06,-3.47163853559163640e-05,-4.33954844970429156e-05,-4.33954816948954516e-05
8.74300000000000033e+00,8.74300000000000033e+00,5.81547081293595225e-01,-1.66289394012935077e-02,-1.66289340413357904e-02,-8.65573066316141477e-06,-8.65572787318490282e-06,-3.46229114927396045e-05,-4.32786421559010193e-05,-4.32786393659245040e-05
8.75025000000000119e+00,8.75025000000000119e+00,5.81426583965687138e-01,-1.66117188384617975e-02,-1.66117134929198336e-02,-8.63244439660049325e-06,-8.63244161873661174e-06,-3.45297664749464402e-05,-4.31622108715469334e-05,-4.31622080936830502e-05
8.75750000000000028e+00,8.75750000000000028e+00,5.81306211370437587e-01,-1.65945303488754803e-02,-1.65945250177116053e-02,-8.60923998446095858e-06,-8.60923721865389821e-06,-3.44369488746155928e-05,-4.30461888590765514e-05,-4.30461860932694910e-05
8.76474999999999937e+00,8.76474999999999937e+00,5.81185963275628437e-01,-1.65773738463386167e-02,-1.65773685294968061e-02,-8.58611707161558250e-06,-8.58611431780025216e-06,-3.43444572712010086e-05,-4.29305743428165895e-05,-4.29305715890012591e-05
8.77200000000000024e+00,8.77200000000000024e+00,5.81065839449665611e-01,-1.65602492449323790e-02,-1.65602439423639322e-02,-8.56307530475657195e-06,-8.56307256287193954e-06,-3.42522902514877514e-05,-4.28153655562443216e-05,-4.28153628143596943e-05
8.77925000000000111e+00,8.77925000000000111e+00,5.80945839661576868e-01,-1.65431564590647895e-02,-1.65431511707029855e-02,-8.54011433241107153e-06,-8.54011160238705523e-06,-3.41604464095482277e-05,-4.27005607419593026e-05,-4.27005580119352846e-05
8.78650000000000020e+00,8.78650000000000020e+00,5.80825963681009250e-01,-1.65260954033925600e-02,-1.65260901292041545e-02,-8.51723380489056004e-06,-8.51723108667463195e-06,-3.40689243466985278e-05,-4.25861581515890895e-05,-4.25861554333731580e-05
8.79374999999999929e+00,8.79374999999999929e+00,5.80706211278227635e-01,-1.65090659929205685e-02,-1.65090607328565071e-02,-8.49443337433209418e-06,-8.49443066786379817e-06,-3.39777226714551995e-05,-4.24721560457872903e-05,-4.24721533393189942e-05
8.80100000000000016e+00,8.80100000000000016e+00,5.80586582224111858e-01,-1.64920681429521210e-02,-1.64920628969467062e-02,-8.47171269466248079e-06,-8.47170999987306490e-06,-3.38868399994922596e-05,-4.23585526941547421e-05,-4.23585499993653228e-05
8.80825000000000102e+00,8.80825000000000102e+00,5.80467076290154815e-01,-1.64751017690463186e-02,-1.64750965370577228e-02,-8.44907142156640639e-06,-8.44906873839965303e-06,-3.37962749535986121e-05,-4.22453463751650202e-05,-4.22453436919982686e-05
8.81550000000000011e+00,8.81550000000000011e+00,5.80347693248460694e-01,-1.64581667870820070e-02,-1.64581615690675698e-02,-8.42650921250941036e-06,-8.42650654090890376e-06,-3.37060261636356218e-05,-4.21325353761450305e-05,-4.21325327045445273e-05
8.82274999999999920e+00,8.82274999999999920e+00,5.80228432871742195e-01,-1.64412631132293541e-02,-1.64412579091480042e-02,-8.40402572671336338e-06,-8.40402306662373129e-06,-3.36160922664949252e-05,-4.20201179932082902e-05,-4.20201153331186599e-05
8.83000000000000007e+00,8.83000000000000007e+00,5.80109294933318864e-01,-1.64243906639782722e-02,-1.64243854737632748e-02,-8.38162062516118370e-06,-8.38161797651418237e-06,-3.35264719060567363e-05,-4.19080925312179234e-05,-4.19080898825709153e-05
8.83725000000000094e+00,8.83725000000000094e+00,5.79990279207114545e-01,-1.64075493560602581e-02,-1.64075441796688593e-02,-8.35929357054716880e-06,-8.35929093328706348e-06,-3.34371637331482539e-05,-4.17964573036954244e-05,-4.17964546664353174e-05
8.84450000000000003e+00,8.84450000000000003e+00,5.79871385467656042e-01,-1.63907391065265529e-02,-1.63907339439102288e-02,-8.33704422730728534e-06,-8.33704160137563243e-06,-3.33481664055025297e-05,-4.16852106328098167e-05,-4.16852080068781655e-05
8.85174999999999912e+00,8.85174999999999912e+00,5.79752613490070012e-01,-1.63739598327055091e-02,-1.63739546838215615e-02,-8.31487226158776110e-06,-8.31486964692931882e-06,-3.32594785877172820e-05,-4.15743508493050448e-05,-4.15743482346466026e-05
8.85899999999999999e+00,8.85899999999999999e+00,5.79633963050081857e-01,-1.63572114522168022e-02,-1.63572063170245481e-02,-8.29277734124282857e-06,-8.29277473780359856e-06,-3.31710989512144010e-05,-4.14638762924572296e-05,-4.14638736890180030e-05
8.86625000000000085e+00,8.86625000000000085e+00,5.79515433924012835e-01,-1.63404938829856405e-02,-1.63404887614271195e-02,-8.27075913583239385e-06,-8.27075654354985661e-06,-3.30830261741994264e-05,-4.13537853100318220e-05,-4.13537827177492797e-05
8.87349999999999994e+00,8.87349999999999994e+00,5.79397025888778505e-01,-1.63238070432001336e-02,-1.63238019352222492e-02,-8.24881731659102173e-06,-8.24881473540537673e-06,-3.29952589416215001e-05,-4.12440762582125202e-05,-4.12440736770268752e-05
8.88075000000000081e+00,8.88075000000000081e+00,5.79278738721886399e-01,-1.63071508513255026e-02,-1.63071457568867012e-02,-8.22695155642581468e-06,-8.22694898628332954e-06,-3.29077959451333182e-05,-4.11347475015591345e-05,-4.11347449314166443e-05
8.88800000000000168e+00,8.88800000000000168e+00,5.79160572201434243e-01,-1.62905252261253963e-02,-1.62905201451798536e-02,-8.20516152991791723e-06,-8.20515897076292834e-06,-3.28206358830517066e-05,-4.10257974129696204e-05,-4.10257948538146383e-05
8.89525000000000077e+00,8.89525000000000077e+00,5.79042526106107625e-01,-1.62739300866405756e-02,-1.62739250191424531e-02,-8.18344691330248362e-06,-8.18344436507954928e-06,-3.27337774603181971e-05,-4.09172243736206773e-05,-4.09172218253977464e-05
8.90249999999999986e+00,8.90249999999999986e+00,5.78924600215177998e-01,-1.62573653521889128e-02,-1.62573602980954218e-02,-8.16180738445953489e-06,-8.16180484711497355e-06,-3.26472193884598942e-05,-4.08090267729194274e-05,-4.08090242355748660e-05
8.90975000000000072e+00,8.90975000000000072e+00,5.78806794308500794e-01,-1.62408309423796027e-02,-1.62408259016386738e-02,-8.14024262291199215e-06,-8.14024009638768378e-06,-3.25609603855507419e-05,-4.07012030084627307e-05,-4.07012004819384257e-05
8.91700000000000159e+00,8.91700000000000159e+00,5.78689108166513422e-01,-1.62243267770847410e-02,-1.62243217496499184e-02,-8.11875230980235937e-06,-8.11874979404323836e-06,-3.24749991761729602e-05,-4.05937514859753179e-05,-4.05937489702161986e-05
8.92425000000000068e+00,8.92425000000000068e+00,5.78571541570233050e-01,-1.62078527764535352e-02,-1.62078477622834699e-02,-8.09733612789091247e-06,-8.09733362284468641e-06,-3.23893344913787456e-05,-4.04866706192696615e-05,-4.04866681142234286e-05
8.93149999999999977e+00,8.93149999999999977e+00,5.78454094301254829e-01,-1.61914088609265150e-02,-1.61914038599690648e-02,-8.07599376155383416e-06,-8.07599126716304371e-06,-3.23039650686521748e-05,-4.03799588302060090e-05,-4.03799563358152202e-05
8.93875000000000064e+00,8.93875000000000064e+00,5.78336766141749670e-01,-1.61749949511929003e-02,-1.61749899634107026e-02,-8.05472489675308496e-06,-8.05472241296786191e-06,-3.22188896518714476e-05,-4.02736145486245326e-05,-4.02736120648393078e-05
8.94600000000000151e+00,8.94600000000000151e+00,5.78219556874462470e-01,-1.61586109682403389e-02,-1.61586059935854669e-02,-8.03352922105241720e-06,-8.03352674781784670e-06,-3.21341069912713868e-05,-4.01676362123238006e-05,-4.01676337390892318e-05
8.95325000000000060e+00,8.95325000000000060e+00,5.78102466282710115e-01,-1.61422568333264849e-02,-1.61422518717423864e-02,-8.01240642359443739e-06,-8.01240396085154393e-06,-3.20496158434061690e-05,-4.00620222670006047e-05,-4.00620198042577112e-05
8.96049999999999969e+00,8.96049999999999969e+00,5.77985494150379253e-01,-1.61259324679505767e-02,-1.61259275194012425e-02,-7.99135619507780577e-06,-7.99135374277804250e-06,-3.19654149711121700e-05,-3.99567711661899758e-05,-3.99567687138902125e-05
8.96775000000000055e+00,8.96775000000000055e+00,5.77868640261924860e-01,-1.61096377939031754e-02,-1.61096328583514477e-02,-7.97037822777337566e-06,-7.97037578586781966e-06,-3.18815031434712786e-05,-3.98518813712446526e-05,-3.98518789293390949e-05
8.97500000000000142e+00,8.97500000000000142e+00,5.77751904402367567e-01,-1.60933727332661647e-02,-1.60933678106509048e-02,-7.94947221551550974e-06,-7.94946978394358967e-06,-3.17978791357743519e-05,-3.97473513512898633e-05,-3.97473489197179450e-05
8.98225000000000051e+00,8.98225000000000051e+00,5.77635286357292554e-01,-1.60771372083274855e-02,-1.60771322986248584e-02,-7.92863785365143756e-06,-7.92863543237123038e-06,-3.17145417294849215e-05,-3.96431795831363591e-05,-3.96431771618561485e-05
8.98949999999999960e+00,8.98949999999999960e+00,5.77518785912846777e-01,-1.60609311417161393e-02,-1.60609262448647531e-02,-7.90787483909949759e-06,-7.90787242805075216e-06,-3.16314897122030154e-05,-3.95393645513025113e-05,-3.95393621402537676e-05
8.99675000000000047e+00,8.99675000000000047e+00,5.77402402855737629e-01,-1.60447544562600797e-02,-1.60447495722271273e-02,-7.88718287027059861e-06,-7.88718046940736677e-06,-3.15487218776294671e-05,-3.94359047479000640e-05,-3.94359023470368305e-05
9.00399999999999956e+00,9.00399999999999956e+00,5.77286136973230946e-01,-1.60286070750927934e-02,-1.60286022038324920e-02,-7.86656164711244160e-06,-7.86655925638258678e-06,-3.14662370255303404e-05,-3.93327986726427803e-05,-3.93327962819129271e-05
9.01125000000000043e+00,9.01125000000000043e+00,5.77169988053148675e-01,-1.60124889216106681e-02,-1.60124840630641863e-02,-7.84601087108015989e-06,-7.84600849042536726e-06,-3.13840339617014623e-05,-3.92300448327816205e-05,-3.92300424521268312e-05
9.01850000000000129e+00,9.01850000000000129e+00,5.77053955883867542e-01,-1.59963999194374651e-02,-1.59963950735673190e-02,-7.82553024511072520e-06,-7.82552787448336102e-06,-3.13021114979334441e-05,-3.91276417430441693e-05,-3.91276393724168068e-05
9.02575000000000038e+00,9.02575000000000038e+00,5.76938040254316942e-01,-1.59803399924740575e-02,-1.59803351592476238e-02,-7.80511947363918699e-06,-7.80511711299418402e-06,-3.12204684519767293e-05,-3.90255879256159197e-05,-3.90255855649709150e-05
9.03300000000000125e+00,9.03300000000000125e+00,5.76822240953976717e-01,-1.59643090648984298e-02,-1.59643042442703595e-02,-7.78477826259046636e-06,-7.78477591187672988e-06,-3.11391036475069127e-05,-3.89238819100973791e-05,-3.89238795593836392e-05
9.04025000000000034e+00,9.04025000000000034e+00,5.76706557772875938e-01,-1.59483070611301514e-02,-1.59483022530592621e-02,-7.76450631935394510e-06,-7.76450397852261655e-06,-3.10580159140904594e-05,-3.88225222334444045e-05,-3.88225198926130794e-05
9.04750000000000121e+00,9.04750000000000121e+00,5.76590990501590350e-01,-1.59323339058516922e-02,-1.59323291102953929e-02,-7.74430335278584413e-06,-7.74430102178757707e-06,-3.09772040871503083e-05,-3.87215074399361507e-05,-3.87215051089378820e-05
9.05475000000000030e+00,9.05475000000000030e+00,5.76475538931241038e-01,-1.59163895240084230e-02,-1.59163847409161223e-02,-7.72416907320126649e-06,-7.72416675198302988e-06,-3.08966670079321195e-05,-3.86208360811333826e-05,-3.86208337599151460e-05
9.06200000000000117e+00,9.06200000000000117e+00,5.76360202853492209e-01,-1.59004738407872992e-02,-1.59004690701139949e-02,-7.70410319235589465e-06,-7.70410088086758311e-06,-3.08164035234703392e-05,-3.85205067158262305e-05,-3.85205044043379223e-05
9.06925000000000026e+00,9.06925000000000026e+00,5.76244982060549638e-01,-1.58845867816168607e-02,-1.58845820233357131e-02,-7.68410542343821813e-06,-7.68410312163871328e-06,-3.07364124865548531e-05,-3.84205179099930712e-05,-3.84205156081935664e-05
9.07650000000000112e+00,9.07650000000000112e+00,5.76129876345158665e-01,-1.58687282722311807e-02,-1.58687235262810165e-02,-7.66417548109261853e-06,-7.66417318892438312e-06,-3.06566927556975392e-05,-3.83208682367901612e-05,-3.83208659446219224e-05
9.08375000000000021e+00,9.08375000000000021e+00,5.76014885500602314e-01,-1.58528982385419681e-02,-1.58528935049016724e-02,-7.64431308134977562e-06,-7.64431079877482361e-06,-3.05772431950992945e-05,-3.82215562764490701e-05,-3.82215539938741164e-05
9.09100000000000108e+00,9.09100000000000108e+00,5.75900009320699735e-01,-1.58370966067806762e-02,-1.58370918854003860e-02,-7.62451794168762069e-06,-7.62451566865427206e-06,-3.04980626746170916e-05,-3.81225806163047149e-05,-3.81225783432713637e-05
9.09825000000000017e+00,9.09825000000000017e+00,5.75785247599803984e-01,-1.58213233033990264e-02,-1.58213185942297704e-02,-7.60478978097563987e-06,-7.60478751743285411e-06,-3.04191500697314164e-05,-3.80239398507070580e-05,-3.80239375871642705e-05
9.10550000000000104e+00,9.10550000000000104e+00,5.75670600132800470e-01,-1.58055782550903245e-02,-1.58055735580912744e-02,-7.58512831947757871e-06,-7.58512606537842851e-06,-3.03405042615137106e-05,-3.79256325809912919e-05,-3.79256303268921358e-05
9.11275000000000013e+00,9.11275000000000013e+00,5.75556066715105175e-01,-1.57898613887965666e-02,-1.57898567039341901e-02,-7.56553327884733919e-06,-7.56553103414858350e-06,-3.02621241365943306e-05,-3.78276574154416673e-05,-3.78276551707429167e-05
9.12000000000000099e+00,9.12000000000000099e+00,5.75441647142662882e-01,-1.57741726317297548e-02,-1.57741679589545741e-02,-7.54600438213164698e-06,-7.54600214678258496e-06,-3.01840085871303364e-05,-3.77300129692619826e-05,-3.77300107339129239e-05
9.12725000000000009e+00,9.12725000000000009e+00,5.75327341211945176e-01,-1.57585119113079486e-02,-1.57585072505942413e-02,-7.52654135373198156e-06,-7.52653912769346673e-06,-3.01061565107738737e-05,-3.76326978645058561e-05,-3.76326956384673430e-05
9.13450000000000095e+00,9.13450000000000095e+00,5.75213148719948886e-01,-1.57428791552405301e-02,-1.57428745065397342e-02,-7.50714391943796119e-06,-7.50714170266010501e-06,-3.00285668106404201e-05,-3.75357107300783796e-05,-3.75357085133005251e-05
9.14175000000000004e+00,9.14175000000000004e+00,5.75099069464194201e-01,-1.57272742914571495e-02,-1.57272696547213105e-02,-7.48781180638598822e-06,-7.48780959881939257e-06,-2.99512383952775736e-05,-3.74390502016635644e-05,-3.74390479940969696e-05
9.14900000000000091e+00,9.14900000000000091e+00,5.74985103242722784e-01,-1.57116972481219364e-02,-1.57116926233119118e-02,-7.46854474305875861e-06,-7.46854254465841724e-06,-2.98741701786336724e-05,-3.73427149216924327e-05,-3.73427127232920896e-05
9.15625000000000000e+00,9.15625000000000000e+00,5.74871249854096544e-01,-1.56961479536334991e-02,-1.56961433407261861e-02,-7.44934245927806223e-06,-7.44934027000675736e-06,-2.97973610800270295e-05,-3.72467035393050900e-05,-3.72467013500337834e-05
9.16350000000000087e+00,9.16350000000000087e+00,5.74757509097395092e-01,-1.56806263366888743e-02,-1.56806217356194426e-02,-7.43020468622785258e-06,-7.43020250602873815e-06,-2.97208100241149594e-05,-3.71510147103428111e-05,-3.71510125301436950e-05
9.17074999999999996e+00,9.17074999999999996e+00,5.74643880772214621e-01,-1.56651323261414177e-02,-1.56651277368866949e-02,-7.41113115637967152e-06,-7.41112898521584398e-06,-2.96445159408633793e-05,-3.70556470972430483e-05,-3.70556449260792258e-05
9.17800000000000082e+00,9.17800000000000082e+00,5.74530364678666028e-01,-1.56496658511358078e-02,-1.56496612736616372e-02,-7.39212160354956221e-06,-7.39211944137907057e-06,-2.95684777655162823e-05,-3.69605993690658453e-05,-3.69605972068953511e-05
9.18524999999999991e+00,9.18524999999999991e+00,5.74416960617373129e-01,-1.56342268410583074e-02,-1.56342222753156727e-02,-7.37317576286737608e-06,-7.37317360964142614e-06,-2.94926944385657046e-05,-3.68658702014330815e-05,-3.68658680482071333e-05
9.19250000000000078e+00,9.19250000000000078e+00,5.74303668389470667e-01,-1.56188152255154478e-02,-1.56188106714569112e-02,-7.35429337075965930e-06,-7.35429122643039881e-06,-2.94171649057215918e-05,-3.67714582764812478e-05,-3.67714561321519915e-05
9.19974999999999987e+00,9.19974999999999987e+00,5.74190487796603199e-01,-1.56034309343269229e-02,-1.56034263919292149e-02,-7.33547416493941141e-06,-7.33547202947054075e-06,-2.93418881178821664e-05,-3.66773622828215753e-05,-3.66773601473527105e-05
9.20700000000000074e+00,9.20700000000000074e+00,5.74077418640922876e-01,-1.55880738975966437e-02,-1.55880693668111990e-02,-7.31671788443256008e-06,-7.31671575777604572e-06,-2.92668630311041896e-05,-3.65835809155367489e-05,-3.65835787888802388e-05
9.21424999999999983e+00,9.21424999999999983e+00,5.73964460725087999e-01,-1.55727440456203681e-02,-1.55727395264152815e-02,-7.29802426952761184e-06,-7.29802215164342299e-06,-2.91920886065736852e-05,-3.64901128761012996e-05,-3.64901107582171099e-05
9.22150000000000070e+00,9.22150000000000070e+00,5.73851613852261355e-01,-1.55574413089567543e-02,-1.55574368012867028e-02,-7.27939306180218197e-06,-7.27939095264416297e-06,-2.91175638105766485e-05,-3.63969568723788330e-05,-3.63969547632208106e-05
9.22874999999999979e+00,9.22874999999999979e+00,5.73738877826108107e-01,-1.55421656183776236e-02,-1.55421611222025767e-02,-7.26082400409286133e-06,-7.26082190361751534e-06,-2.90432876144700647e-05,-3.63041116185629269e-05,-3.63041095180875818e-05
9.23600000000000065e+00,9.23600000000000065e+00,5.73626252450794905e-01,-1.55269169048821709e-02,-1.55269124201709314e-02,-7.24231684049513331e-06,-7.24231474866325625e-06,-2.89692589946530216e-05,-3.62115758351481558e-05,-3.62115737433162804e-05
9.24324999999999974e+00,9.24324999999999974e+00,5.73513737530987333e-01,-1.55116950997182812e-02,-1.55116906264297551e-02,-7.22387131636661207e-06,-7.22386923313454280e-06,-2.88954769325381746e-05,-3.61193482489047883e-05,-3.61193461656727165e-05
9.25050000000000061e+00,9.25050000000000061e+00,5.73401332871848912e-01,-1.54965001343541076e-02,-1.54964956724460527e-02,-7.20548717830706104e-06,-7.20548510363077924e-06,-2.88219404145231203e-05,-3.60274275928301814e-05,-3.60274255181539013e-05
9.25774999999999970e+00,9.25774999999999970e+00,5.73289038279039209e-01,-1.54813319404780714e-02,-1.54813274899149155e-02,-7.18716417415182075e-06,-7.18716210799057651e-06,-2.87486484319622993e-05,-3.59358126061141192e-05,-3.59358105399528783e-05
9.26500000000000057e+00,9.26500000000000057e+00,5.73176853558711952e-01,-1.54661904500059677e-02,-1.54661860107585519e-02,-7.16890205296850966e-06,-7.16889999528468456e-06,-2.86755999811387349e-05,-3.58445020341072428e-05,-3.58444999764234194e-05
9.27224999999999966e+00,9.27224999999999966e+00,5.73064778517514029e-01,-1.54510755951022816e-02,-1.54510711671254023e-02,-7.15070056506036828e-06,-7.15069851580906618e-06,-2.86027940632362647e-05,-3.57534946282966356e-05,-3.57534925790453301e-05
9.27950000000000053e+00,9.27950000000000053e+00,5.72952812962582936e-01,-1.54359873081375554e-02,-1.54359828913891613e-02,-7.13255946193995449e-06,-7.13255742107791404e-06,-2.85302296843116596e-05,-3.56627891462516124e-05,-3.56627871053895719e-05
9.28674999999999962e+00,9.28674999999999962e+00,5.72840956701546000e-01,-1.54209255216954944e-02,-1.54209211161478992e-02,-7.11447849632604178e-06,-7.11447646381680074e-06,-2.84579058552671996e-05,-3.55723843515932405e-05,-3.55723823190840020e-05
9.29400000000000048e+00,9.29400000000000048e+00,5.72729209542518269e-01,-1.54058901686155991e-02,-1.54058857742231069e-02,-7.09645742215686084e-06,-7.09645539795580006e-06,-2.83858215918232002e-05,-3.54822790139800619e-05,-3.54822769897789969e-05
9.30124999999999957e+00,9.30124999999999957e+00,5.72617571294101069e-01,-1.53908811819221114e-02,-1.53908767986588122e-02,-7.07849599455094130e-06,-7.07849397862272088e-06,-2.83139759144908835e-05,-3.53924719090418214e-05,-3.53924698931136052e-05
9.30850000000000044e+00,9.30850000000000044e+00,5.72506041765380336e-01,-1.53758984949021738e-02,-1.53758941227206403e-02,-7.06059396983678071e-06,-7.06059196213631477e-06,-2.82423678485452557e-05,-3.53029618183820347e-05,-3.53029598106815713e-05
9.31575000000000131e+00,9.31575000000000131e+00,5.72394620765924955e-01,-1.53609420410276698e-02,-1.53609376798949319e-02,-7.04275110551057676e-06,-7.04274910599958789e-06,-2.81709964239983516e-05,-3.52137475295089317e-05,-3.52137455299979420e-05
9.32300000000000040e+00,9.32300000000000040e+00,5.72283308105785427e-01,-1.53460117540120677e-02,-1.53460074038878416e-02,-7.02496716025611562e-06,-7.02496516889312714e-06,-2.80998606755725120e-05,-3.51248278358286259e-05,-3.51248258444656391e-05
9.33025000000000126e+00,9.33025000000000126e+00,5.72172103595491754e-01,-1.53311075677748931e-02,-1.53311032286244115e-02,-7.00724189392223067e-06,-7.00723991066845018e-06,-2.80289596426738007e-05,-3.50362015365960339e-05,-3.50361995533422492e-05
9.33750000000000036e+00,9.33750000000000036e+00,5.72061007046052672e-01,-1.53162294164488344e-02,-1.53162250882477279e-02,-6.98957506751992263e-06,-6.98957309234145526e-06,-2.79582923693658176e-05,-3.49478674368857377e-05,-3.49478654617072738e-05
9.34475000000000122e+00,9.34475000000000122e+00,5.71950018268953198e-01,-1.53013772344152699e-02,-1.53013729171179846e-02,-6.97196644323240958e-06,-6.97196447608583642e-06,-2.78878579043433457e-05,-3.48598243475757553e-05,-3.48598223804291829e-05
9.35200000000000031e+00,9.35200000000000031e+00,5.71839137076153636e-01,-1.52865509562332136e-02,-1.52865466498116349e-02,-6.95441578437661916e-06,-6.95441382522662571e-06,-2.78176553009065028e-05,-3.47720710852831254e-05,-3.47720691261331269e-05
9.35925000000000118e+00,9.35925000000000118e+00,5.71728363280087692e-01,-1.52717505167245804e-02,-1.52717462211204857e-02,-6.93692285543595772e-06,-6.93692090423369135e-06,-2.77476836169347620e-05,-3.46846064723707180e-05,-3.46846045211684568e-05
9.36650000000000027e+00,9.36650000000000027e+00,5.71617696693661137e-01,-1.52569758508604991e-02,-1.52569715660508497e-02,-6.91948742200259096e-06,-6.91948547871535197e-06,-2.76779419148614079e-05,-3.45974293368640014e-05,-3.45974273935767616e-05
9.37375000000000114e+00,9.37375000000000114e+00,5.71507137130250253e-01,-1.52422268938678940e-02,-1.52422226198226478e-02,-6.90210925081993196e-06,-6.90210731541197387e-06,-2.76084292616478955e-05,-3.45105385124678266e-05,-3.45105365770598702e-05
9.38100000000000023e+00,9.38100000000000023e+00,5.71396684403700061e-01,-1.52275035811939574e-02,-1.52274993178685650e-02,-6.88478810976050312e-06,-6.88478618218965638e-06,-2.75391447287586221e-05,-3.44239328385191227e-05,-3.44239309109482810e-05
9.38825000000000109e+00,9.38825000000000109e+00,5.71286338328322985e-01,-1.52128058484564121e-02,-1.52128015958331673e-02,-6.86752376779752581e-06,-6.86752184803390625e-06,-2.74700873921356250e-05,-3.43376111599331474e-05,-3.43376092401695304e-05
9.39550000000000018e+00,9.39550000000000018e+00,5.71176098718897407e-01,-1.51981336315287763e-02,-1.51981293895720668e-02,-6.85031599503765313e-06,-6.85031408304341703e-06,-2.74012563321736681e-05,-3.42515723272113204e-05,-3.42515704152170826e-05
9.40275000000000105e+00,9.40275000000000105e+00,5.71065965390665675e-01,-1.51834868664977307e-02,-1.51834826351510358e-02,-6.83316456269576901e-06,-6.83316265842380947e-06,-2.73326506336952379e-05,-3.41658151963910044e-05,-3.41658132921190440e-05
9.41000000000000014e+00,9.41000000000000014e+00,5.70955938159333098e-01,-1.51688654896133812e-02,-1.51688612688451931e-02,-6.81606924306685565e-06,-6.81606734648149480e-06,-2.72642693859259826e-05,-3.40803386289928399e-05,-3.40803367324074799e-05
9.41725000000000101e+00,9.41725000000000101e+00,5.70846016841066284e-01,-1.51542694373532072e-02,-1.51542652271381296e-02,-6.79902980954906080e-06,-6.79902792061749982e-06,-2.71961116824699993e-05,-3.39951414920190584e-05,-3.39951396030875017e-05
9.42450000000000010e+00,9.42450000000000010e+00,5.70736201252491471e-01,-1.51396986464149563e-02,-1.51396944467210859e-02,-6.78204603663475310e-06,-6.78204415532140391e-06,-2.71281766212856156e-05,-3.39102226579203662e-05,-3.39102207766070170e-05
9.43175000000000097e+00,9.43175000000000097e+00,5.70626491210693199e-01,-1.51251530537095391e-02,-1.51251488644920922e-02,-6.76511769990158925e-06,-6.76511582616523776e-06,-2.70604633046609510e-05,-3.38255810045625378e-05,-3.38255791308261897e-05
9.43900000000000006e+00,9.43900000000000006e+00,5.70516886533212753e-01,-1.51106325963183963e-02,-1.51106284175551633e-02,-6.74824457598782046e-06,-6.74824270979749831e-06,-2.69929708391899932e-05,-3.37412154151778162e-05,-3.37412135489874949e-05
9.44625000000000092e+00,9.44625000000000092e+00,5.70407387038046498e-01,-1.50961372115716586e-02,-1.50961330432194379e-02,-6.73142644262164048e-06,-6.73142458393713308e-06,-2.69256983357485323e-05,-3.36571247783701719e-05,-3.36571229196856671e-05
9.45350000000000001e+00,9.45350000000000001e+00,5.70297992543644994e-01,-1.50816668369628815e-02,-1.50816626789983862e-02,-6.71466307857750406e-06,-6.71466122736762195e-06,-2.68586449094704878e-05,-3.35733079880479936e-05,-3.35733061368381072e-05
9.46075000000000088e+00,9.46075000000000088e+00,5.70188702868910546e-01,-1.50672214102414159e-02,-1.50672172626089493e-02,-6.69795426371177266e-06,-6.69795241993103782e-06,-2.67918096797241513e-05,-3.34897639434359265e-05,-3.34897620996551899e-05
9.46799999999999997e+00,9.46799999999999997e+00,5.70079517833196547e-01,-1.50528008692845106e-02,-1.50527967319707585e-02,-6.68129977890027800e-06,-6.68129794252220453e-06,-2.67251917700888147e-05,-3.34064915489890919e-05,-3.34064897126110167e-05
9.47525000000000084e+00,9.47525000000000084e+00,5.69970437256305917e-01,-1.50384051522394202e-02,-1.50384010252052943e-02,-6.66469940609605912e-06,-6.66469757708283464e-06,-2.66587903083313386e-05,-3.33234897144273951e-05,-3.33234878854141766e-05
9.48249999999999993e+00,9.48249999999999993e+00,5.69861460958489108e-01,-1.50240341974168246e-02,-1.50240300806350931e-02,-6.64815292827655167e-06,-6.64815110659575853e-06,-2.65926044263830341e-05,-3.32407573546595841e-05,-3.32407555329787910e-05
9.48975000000000080e+00,9.48975000000000080e+00,5.69752588760443324e-01,-1.50096879433476715e-02,-1.50096838367829305e-02,-6.63166012946340333e-06,-6.63165831507913665e-06,-2.65266332603165432e-05,-3.31582933897799491e-05,-3.31582915753956807e-05
9.49699999999999989e+00,9.49699999999999989e+00,5.69643820483310526e-01,-1.49953663287618610e-02,-1.49953622323710251e-02,-6.61522079470765245e-06,-6.61521898758075390e-06,-2.64608759503230190e-05,-3.30760967450306740e-05,-3.30760949379037703e-05
9.50425000000000075e+00,9.50425000000000075e+00,5.69535155948676208e-01,-1.49810692925740341e-02,-1.49810652063202300e-02,-6.59883471007811015e-06,-6.59883291017231486e-06,-2.63953316406892628e-05,-3.29941663507673721e-05,-3.29941645508615802e-05
9.51149999999999984e+00,9.51149999999999984e+00,5.69426594978568290e-01,-1.49667967738764673e-02,-1.49667926977492590e-02,-6.58250166265300181e-06,-6.58249986994381189e-06,-2.63299994797752476e-05,-3.29125011424282477e-05,-3.29124993497190578e-05
9.51875000000000071e+00,9.51875000000000071e+00,5.69318137395455004e-01,-1.49525487120243383e-02,-1.49525446459738663e-02,-6.56622144055218477e-06,-6.56621965499787539e-06,-2.62648786199915015e-05,-3.28311000605436838e-05,-3.28310982749893744e-05
9.52599999999999980e+00,9.52599999999999980e+00,5.69209783022244009e-01,-1.49383250465149331e-02,-1.49383209905060883e-02,-6.54999383287874378e-06,-6.54999205444422489e-06,-2.61999682177768996e-05,-3.27499620506556459e-05,-3.27499602722211228e-05
9.53325000000000067e+00,9.53325000000000067e+00,5.69101531682280615e-01,-1.49241257170444896e-02,-1.49241216710534336e-02,-6.53381862973884116e-06,-6.53381685839409137e-06,-2.61352674335763655e-05,-3.26690860633152083e-05,-3.26690842919704594e-05
9.54049999999999976e+00,9.54049999999999976e+00,5.68993383199346892e-01,-1.49099506635224088e-02,-1.49099466275181315e-02,-6.51769562224275782e-06,-6.51769385795473269e-06,-2.60707754318189308e-05,-3.25884710540616903e-05,-3.25884692897736609e-05
9.54775000000000063e+00,9.54775000000000063e+00,5.68885337397659563e-01,-1.48957998260499380e-02,-1.48957957999963225e-02,-6.50162460249037090e-06,-6.50162284522392365e-06,-2.60064913808956912e-05,-3.25081159833860638e-05,-3.25081142261196123e-05
9.55499999999999972e+00,9.55499999999999972e+00,5.68777394101869227e-01,-1.48816731449059603e-02,-1.48816691287773223e-02,-6.48560536355987806e-06,-6.48560361328454428e-06,-2.59424144531381771e-05,-3.24280198166980552e-05,-3.24280180664227223e-05
9.56225000000000058e+00,9.56225000000000058e+00,5.68669553137058470e-01,-1.48675705605896269e-02,-1.48675665543428169e-02,-6.46963769952131016e-06,-6.46963595619913856e-06,-2.58785438247965576e-05,-3.23481815243178712e-05,-3.23481797809956962e-05
9.56949999999999967e+00,9.56949999999999967e+00,5.68561814328740756e-01,-1.48534920137564086e-02,-1.48534880173661309e-02,-6.45372140540362239e-06,-6.45371966900456786e-06,-2.58148786760182715e-05,-3.22686000814218938e-05,-3.22685983450228376e-05
9.57675000000000054e+00,9.57675000000000054e+00,5.68454177502859093e-01,-1.48394374452749389e-02,-1.48394334587114377e-02,-6.43785627721444282e-06,-6.43785454770663998e-06,-2.57514181908265565e-05,-3.21892744680410002e-05,-3.21892727385331940e-05
9.58399999999999963e+00,9.58399999999999963e+00,5.68346642485784259e-01,-1.48254067962056979e-02,-1.48254028194330211e-02,-6.42204211192580411e-06,-6.42204038927482022e-06,-2.56881615570992809e-05,-3.21102036690250884e-05,-3.21102019463741020e-05
9.59125000000000050e+00,9.59125000000000050e+00,5.68239209104314136e-01,-1.48114000077868013e-02,-1.48113960407745115e-02,-6.40627870746301947e-06,-6.40627699163694256e-06,-2.56251079665477669e-05,-3.20313866740107889e-05,-3.20313849581847060e-05
9.59849999999999959e+00,9.59849999999999959e+00,5.68131877185671486e-01,-1.47974170214482115e-02,-1.47974130641681384e-02,-6.39056586270595993e-06,-6.39056415367397749e-06,-2.55622566146959066e-05,-3.19528224774018674e-05,-3.19528207683698832e-05
9.60575000000000045e+00,9.60575000000000045e+00,5.68024646557503177e-01,-1.47834577788188426e-02,-1.47834538312339777e-02,-6.37490337748719685e-06,-6.37490167521480076e-06,-2.54996067008592030e-05,-3.18745100783464024e-05,-3.18745083760740055e-05
9.61300000000000132e+00,9.61300000000000132e+00,5.67917517047878628e-01,-1.47695222216981392e-02,-1.47695182837792195e-02,-6.35929105257489098e-06,-6.35928935703104257e-06,-2.54371574281241703e-05,-3.17964484806990621e-05,-3.17964467851552103e-05
9.62025000000000041e+00,9.62025000000000041e+00,5.67810488485288589e-01,-1.47556102920702870e-02,-1.47556063637974220e-02,-6.34372868967411808e-06,-6.34372700083192319e-06,-2.53749080033276928e-05,-3.17186366930018117e-05,-3.17186350041596168e-05
9.62750000000000128e+00,9.62750000000000128e+00,5.67703560698643583e-01,-1.47417219321326343e-02,-1.47417180134677625e-02,-6.32821609143426772e-06,-6.32821440925913183e-06,-2.53128576370365239e-05,-3.16410737284707883e-05,-3.16410720462956575e-05
9.63475000000000037e+00,9.63475000000000037e+00,5.67596733517272689e-01,-1.47278570842388490e-02,-1.47278531751543294e-02,-6.31275306141983932e-06,-6.31275138588176731e-06,-2.52510055435270625e-05,-3.15637586049469018e-05,-3.15637569294088298e-05
9.64200000000000124e+00,9.64200000000000124e+00,5.67490006770921984e-01,-1.47140156909557618e-02,-1.47140117914053604e-02,-6.29733940413010261e-06,-6.29733773519125413e-06,-2.51893509407650165e-05,-3.14866903448951166e-05,-3.14866886759562715e-05
9.64925000000000033e+00,9.64925000000000033e+00,5.67383380289753880e-01,-1.47001976949852065e-02,-1.47001938049525580e-02,-6.28197492496092102e-06,-6.28197326259636874e-06,-2.51278930503854749e-05,-3.14098679753463926e-05,-3.14098663129818445e-05
9.65650000000000119e+00,9.65650000000000119e+00,5.67276853904344680e-01,-1.46864030392634959e-02,-1.46863991587103150e-02,-6.26665943024263859e-06,-6.26665777441819202e-06,-2.50666310976727647e-05,-3.13332905279154050e-05,-3.13332888720909542e-05
9.66375000000000028e+00,9.66375000000000028e+00,5.67170427445684577e-01,-1.46726316668619461e-02,-1.46726277957750506e-02,-6.25139272719291553e-06,-6.25139107788521011e-06,-2.50055643115408371e-05,-3.12569570387337509e-05,-3.12569553894260463e-05
9.67100000000000115e+00,9.67100000000000115e+00,5.67064100745175104e-01,-1.46588835210934576e-02,-1.46588796594244401e-02,-6.23617462395756869e-06,-6.23617298112833802e-06,-2.49446919245133487e-05,-3.11808665484709149e-05,-3.11808649056416842e-05
9.67825000000000024e+00,9.67825000000000024e+00,5.66957873634628684e-01,-1.46451585453988287e-02,-1.46451546931167485e-02,-6.22100492955751096e-06,-6.22100329317605856e-06,-2.48840131727042308e-05,-3.11050181022617427e-05,-3.11050164658802894e-05
9.68550000000000111e+00,9.68550000000000111e+00,5.66851745946266861e-01,-1.46314566834035986e-02,-1.46314528404900834e-02,-6.20588345390844978e-06,-6.20588182394952476e-06,-2.48235272957980990e-05,-3.10294107497065497e-05,-3.10294091197476255e-05
9.69275000000000020e+00,9.69275000000000020e+00,5.66745717512719294e-01,-1.46177778789322588e-02,-1.46177740453617214e-02,-6.19081000782236869e-06,-6.19080838425775806e-06,-2.47632335370310356e-05,-3.09540435448534077e-05,-3.09540419212887962e-05
9.70000000000000107e+00,9.70000000000000107e+00,5.66639788167022207e-01,-1.46041220760011470e-02,-1.46041182517273743e-02,-6.17578440299993190e-06,-6.17578278579280414e-06,-2.47031311431712166e-05,-3.08789155461711485e-05,-3.08789139289640207e-05
9.70725000000000016e+00,9.70725000000000016e+00,5.66533957742617278e-01,-1.45904892187687096e-02,-1.45904854037605218e-02,-6.16080645200497342e-06,-6.16080484112498865e-06,-2.46432193644999546e-05,-3.08040258165049246e-05,-3.08040242056249432e-05
9.71450000000000102e+00,9.71450000000000102e+00,5.66428226073350083e-01,-1.45768792515781342e-02,-1.45768754458116736e-02,-6.14587596827811645e-06,-6.14587436369813489e-06,-2.45834974547925396e-05,-3.07293734230706535e-05,-3.07293718184906728e-05
9.72175000000000011e+00,9.72175000000000011e+00,5.66322592993469431e-01,-1.45632921189431386e-02,-1.45632883224077313e-02,-6.13099276612635069e-06,-6.13099116782488650e-06,-2.45239646712995426e-05,-3.06549574374258925e-05,-3.06549558391244317e-05
9.72900000000000098e+00,9.72900000000000098e+00,5.66217058337625367e-01,-1.45497277656048141e-02,-1.45497239782512409e-02,-6.11615666074253778e-06,-6.11615506868197508e-06,-2.44646202747278969e-05,-3.05807769354704355e-05,-3.05807753434098728e-05
9.73625000000000007e+00,9.73625000000000007e+00,5.66111621940868170e-01,-1.45361861364108336e-02,-1.45361823582197507e-02,-6.10136746815018390e-06,-6.10136588230559281e-06,-2.44054635292223712e-05,-3.05068309973725534e-05,-3.05068294115279657e-05
9.74350000000000094e+00,9.74350000000000094e+00,5.66006283638647356e-01,-1.45226671764291382e-02,-1.45226634073650981e-02,-6.08662500524694256e-06,-6.08662342558673553e-06,-2.43464937023469421e-05,-3.04331187075938830e-05,-3.04331171279336794e-05
9.75075000000000003e+00,9.75075000000000003e+00,5.65901043266810011e-01,-1.45091708308768830e-02,-1.45091670709127513e-02,-6.07192908977043005e-06,-6.07192751626662026e-06,-2.42877100650664777e-05,-3.03596391548369077e-05,-3.03596375813330988e-05
9.75800000000000090e+00,9.75800000000000090e+00,5.65795900661599571e-01,-1.44956970451630696e-02,-1.44956932942611073e-02,-6.05727954031181179e-06,-6.05727797293208240e-06,-2.42291118917283296e-05,-3.02863914320401431e-05,-3.02863898646604129e-05
9.76524999999999999e+00,9.76524999999999999e+00,5.65690855659655156e-01,-1.44822457648245972e-02,-1.44822420229808544e-02,-6.04267617628480525e-06,-6.04267461501106278e-06,-2.41706984600442545e-05,-3.02133746363290598e-05,-3.02133730750553156e-05
9.77250000000000085e+00,9.77250000000000085e+00,5.65585908098009571e-01,-1.44688169356470553e-02,-1.44688132028142624e-02,-6.02811881797188974e-06,-6.02811726276805398e-06,-2.41124690510722125e-05,-3.01405878690441031e-05,-3.01405863138402648e-05
9.77974999999999994e+00,9.77974999999999994e+00,5.65481057814088306e-01,-1.44554105035226144e-02,-1.44554067796745390e-02,-6.01360728646074936e-06,-6.01360573729962971e-06,-2.40544229491985189e-05,-3.00680302356592699e-05,-3.00680286864981477e-05
9.78700000000000081e+00,9.78700000000000081e+00,5.65376304645708427e-01,-1.44420264145423971e-02,-1.44420226996451514e-02,-5.99914140367863542e-06,-5.99913986052996400e-06,-2.39965594421198560e-05,-2.99957008457984897e-05,-2.99956993026498208e-05
9.79424999999999990e+00,9.79424999999999990e+00,5.65271648431077467e-01,-1.44286646149396347e-02,-1.44286609089791830e-02,-5.98472099236455660e-06,-5.98471945520641305e-06,-2.39388778208256556e-05,-2.99235988131902139e-05,-2.99235972760320703e-05
9.80150000000000077e+00,9.80150000000000077e+00,5.65167089008791756e-01,-1.44153250511607212e-02,-1.44153213540986515e-02,-5.97034587609463752e-06,-5.97034434489508445e-06,-2.38813773795803378e-05,-2.98517232556749745e-05,-2.98517217244754231e-05
9.80874999999999986e+00,9.80874999999999986e+00,5.65062626217835651e-01,-1.44020076697728427e-02,-1.44020039815938739e-02,-5.95601587923968060e-06,-5.95601435397646731e-06,-2.38240574159058692e-05,-2.97800732951455498e-05,-2.97800717698823374e-05
9.81600000000000072e+00,9.81600000000000072e+00,5.64958259897579973e-01,-1.43887124175634540e-02,-1.43887087382227972e-02,-5.94173082700229241e-06,-5.94172930764106240e-06,-2.37669172305642496e-05,-2.97086480575665411e-05,-2.97086465382053120e-05
9.82324999999999982e+00,9.82324999999999982e+00,5.64853989887780905e-01,-1.43754392414336962e-02,-1.43754355709103630e-02,-5.92749054536872478e-06,-5.92748903188506739e-06,-2.37099561275402730e-05,-2.96374466729089986e-05,-2.96374451594253412e-05
9.83050000000000068e+00,9.83050000000000068e+00,5.64749816028579099e-01,-1.43621880884765574e-02,-1.43621844267478524e-02,-5.91329486113716733e-06,-5.91329335350605954e-06,-2.36531734140242348e-05,-2.95664682751614021e-05,-2.95664667675302951e-05
9.83774999999999977e+00,9.83774999999999977e+00,5.64645738160498012e-01,-1.43489589059555556e-02,-1.43489552529922505e-02,-5.89914360190490061e-06,-5.89914210009872489e-06,-2.35965684003948996e-05,-2.94957120022997985e-05,-2.94957105004936253e-05
9.84500000000000064e+00,9.84500000000000064e+00,5.64541756124442684e-01,-1.43357516413047392e-02,-1.43357479970655823e-02,-5.88503659606429040e-06,-5.88503510005059353e-06,-2.35401404002023741e-05,-2.94251769962666662e-05,-2.94251755002529685e-05
9.85224999999999973e+00,9.85224999999999973e+00,5.64437869761699074e-01,-1.43225662420789490e-02,-1.43225626065543177e-02,-5.87097367277841861e-06,-5.87097218253783996e-06,-2.34838887301513565e-05,-2.93548624029297734e-05,-2.93548609126891981e-05
9.85950000000000060e+00,9.85950000000000060e+00,5.64334078913932502e-01,-1.43094026560532939e-02,-1.43093990292086932e-02,-5.85695466201798088e-06,-5.85695317752104541e-06,-2.34278127100841816e-05,-2.92847673721021608e-05,-2.92847658876052279e-05
9.86674999999999969e+00,9.86674999999999969e+00,5.64230383423186321e-01,-1.42962608311378858e-02,-1.42962572129421116e-02,-5.84297939452237221e-06,-5.84297791574105921e-06,-2.33719116629642369e-05,-2.92148910574866074e-05,-2.92148895787052969e-05
9.87400000000000055e+00,9.87400000000000055e+00,5.64126783131881027e-01,-1.42831407153920509e-02,-1.42831371058304898e-02,-5.82904770180165034e-06,-5.82904622871481787e-06,-2.33161849148592715e-05,-2.91452326166609218e-05,-2.91452311435740885e-05
9.88124999999999964e+00,9.88124999999999964e+00,5.64023277882813145e-01,-1.42700422570669616e-02,-1.42700386561116551e-02,-5.81515941615010778e-06,-5.81515794873124710e-06,-2.32606317949249850e-05,-2.90757912110750936e-05,-2.90757897436562321e-05
9.88850000000000051e+00,9.88850000000000051e+00,5.63919867519153462e-01,-1.42569654045701100e-02,-1.42569618121846948e-02,-5.80131437062784970e-06,-5.80131290884713085e-06,-2.32052516353885234e-05,-2.90065660060163748e-05,-2.90065645442356526e-05
9.89574999999999960e+00,9.89574999999999960e+00,5.63816551884446793e-01,-1.42439101064510965e-02,-1.42439065226093731e-02,-5.78751239905123771e-06,-5.78751094288307521e-06,-2.31500437715322974e-05,-2.89375561705835368e-05,-2.89375547144153735e-05
9.90300000000000047e+00,9.90300000000000047e+00,5.63713330822609882e-01,-1.42308763114371573e-02,-1.42308727361054686e-02,-5.77375333600353871e-06,-5.77375188541941381e-06,-2.30950075416776586e-05,-2.88687608776811957e-05,-2.88687594270970733e-05
9.91025000000000134e+00,9.91025000000000134e+00,5.63610204177930951e-01,-1.42178639683834263e-02,-1.42178604015522035e-02,-5.76003701681096071e-06,-5.76003557179222090e-06,-2.30401422871688870e-05,-2.88001793039798485e-05,-2.88001778589611087e-05
9.91750000000000043e+00,9.91750000000000043e+00,5.63507171795068373e-01,-1.42048730263510947e-02,-1.42048694679876072e-02,-5.74636327757060399e-06,-5.74636183808929125e-06,-2.29854473523571616e-05,-2.87318106299277665e-05,-2.87318091904464537e-05
9.92475000000000129e+00,9.92475000000000129e+00,5.63404233519048891e-01,-1.41919034345363571e-02,-1.41918998846078948e-02,-5.73273195511787581e-06,-5.73273052114614478e-06,-2.29309220845845825e-05,-2.86636540397024592e-05,-2.86636526057307264e-05
9.93200000000000038e+00,9.93200000000000038e+00,5.63301389195267621e-01,-1.41789551422775162e-02,-1.41789516007669054e-02,-5.71914288702574074e-06,-5.71914145854211744e-06,-2.28765658341684698e-05,-2.85957087211942122e-05,-2.85957072927105855e-05
9.93925000000000125e+00,9.93925000000000125e+00,5.63198638669485940e-01,-1.41660280991047216e-02,-1.41660245659754481e-02,-5.70559591162108452e-06,-5.70559448859638104e-06,-2.28223779543855242e-05,-2.85279738660066087e-05,-2.85279724429819061e-05
9.94650000000000034e+00,9.94650000000000034e+00,5.63095981787830713e-01,-1.41531222546618096e-02,-1.41531187299007363e-02,-5.69209086794953590e-06,-5.69208945036407652e-06,-2.27683578014563061e-05,-2.84604486694058428e-05,-2.84604472518203826e-05
9.95375000000000121e+00,9.95375000000000121e+00,5.62993418396793399e-01,-1.41402375587844631e-02,-1.41402340423657756e-02,-5.67862759580331883e-06,-5.67862618363240490e-06,-2.27145047345296162e-05,-2.83931323303329342e-05,-2.83931309181620203e-05
9.96100000000000030e+00,9.96100000000000030e+00,5.62890948343228392e-01,-1.41273739614504734e-02,-1.41273704533487702e-02,-5.66520593569759391e-06,-5.66520452891678346e-06,-2.26608181156671339e-05,-2.83260240513647269e-05,-2.83260226445839173e-05
9.96825000000000117e+00,9.96825000000000117e+00,5.62788571474352350e-01,-1.41145314128010568e-02,-1.41145279129825264e-02,-5.65182572887542208e-06,-5.65182432745699511e-06,-2.26072973098279838e-05,-2.82591230387034068e-05,-2.82591216372849798e-05
9.97550000000000026e+00,9.97550000000000026e+00,5.62686287637742755e-01,-1.41017098631195381e-02,-1.41017063715538748e-02,-5.63848681729565031e-06,-5.63848542121339115e-06,-2.25539416848535680e-05,-2.81924285021492200e-05,-2.81924271060669583e-05
9.98275000000000112e+00,9.98275000000000112e+00,5.62584096681337131e-01,-1.40889092628384560e-02,-1.40889057795030703e-02,-5.62518904363221026e-06,-5.62518765286308300e-06,-2.25007506114523320e-05,-2.81259396550845423e-05,-2.81259382643154167e-05
9.99000000000000021e+00,9.99000000000000021e+00,5.62481998453431720e-01,-1.40761295625466687e-02,-1.40761260874232158e-02,-5.61193225127344743e-06,-5.61193086579618985e-06,-2.24477234631847594e-05,-2.80596557144582051e-05,-2.80596543289809484e-05
9.99725000000000108e+00,9.99725000000000108e+00,5.62379992802680251e-01,-1.40633707129964591e-02,-1.40633672460596711e-02,-5.59871628432140460e-06,-5.59871490411207530e-06,-2.23948596164483046e-05,-2.79935759007697075e-05,-2.79935745205603791e-05
1.00045000000000002e+01,1.00045000000000002e+01,5.62278079578093282e-01,-1.40506326650822189e-02,-1.40506292063094923e-02,-5.58554098757984303e-06,-5.58553961261564837e-06,-2.23421584504625969e-05,-2.79276994380424390e-05,-2.79276980630782469e-05
1.00117500000000010e+01,1.00117500000000010e+01,5.62176258629036529e-01,-1.40379153698688697e-02,-1.40379119192208281e-02,-5.57240620656206572e-06,-5.57240483681363398e-06,-2.22896193472545359e-05,-2.78620255538166025e-05,-2.78620241840681716e-05
1.00190000000000001e+01,1.00190000000000001e+01,5.62074529805230205e-01,-1.40252187785279148e-02,-1.40252153359923699e-02,-5.55931178746207083e-06,-5.55931042291091975e-06,-2.22372416916436824e-05,-2.77965534791057541e-05,-2.77965521145546021e-05
1.00262500000000010e+01,1.00262500000000010e+01,5.61972892956747905e-01,-1.40125428424227039e-02,-1.40125394079727676e-02,-5.54625757718498724e-06,-5.54625621780687898e-06,-2.21850248712275159e-05,-2.77312824484125040e-05,-2.77312810890343957e-05
1.00335000000000001e+01,1.00335000000000001e+01,5.61871347934015164e-01,-1.39998875130515898e-02,-1.39998840866600669e-02,-5.53324342332108593e-06,-5.53324206909175045e-06,-2.21329682763670018e-05,-2.76662116996880894e-05,-2.76662103454587523e-05
1.00407500000000010e+01,1.00407500000000010e+01,5.61769894587808682e-01,-1.39872527420621395e-02,-1.39872493237011338e-02,-5.52026917414802969e-06,-5.52026782504300976e-06,-2.20810713001720424e-05,-2.76013404743200721e-05,-2.76013391252150539e-05
1.00480000000000000e+01,1.00480000000000000e+01,5.61668532769255324e-01,-1.39746384812440283e-02,-1.39746350708911064e-02,-5.50733467862471686e-06,-5.50733333462179819e-06,-2.20293333384871894e-05,-2.75366680171119045e-05,-2.75366666731089859e-05
1.00552500000000009e+01,1.00552500000000009e+01,5.61567262329830674e-01,-1.39620446825432509e-02,-1.39620412801728100e-02,-5.49443978639352344e-06,-5.49443844746932284e-06,-2.19777537898772914e-05,-2.74721935762708139e-05,-2.74721922373466134e-05
1.00625000000000000e+01,1.00625000000000000e+01,5.61466083121358484e-01,-1.39494712980408053e-02,-1.39494679036362354e-02,-5.48158434776858693e-06,-5.48158301390334143e-06,-2.19263320556133691e-05,-2.74079164033819544e-05,-2.74079150695167122e-05
1.00697500000000009e+01,1.00697500000000009e+01,5.61364994996009115e-01,-1.39369182799811142e-02,-1.39369148935179384e-02,-5.46876821374367190e-06,-5.46876688491460055e-06,-2.18750675396584056e-05,-2.73438357534020775e-05,-2.73438344245730053e-05
1.00770000000000000e+01,1.00770000000000000e+01,5.61263997806298764e-01,-1.39243855807507089e-02,-1.39243822022005245e-02,-5.45599123598048766e-06,-5.45598991216335431e-06,-2.18239596486534172e-05,-2.72799508846339049e-05,-2.72799495608167707e-05
1.00842500000000008e+01,1.00842500000000008e+01,5.61163091405088132e-01,-1.39118731528782291e-02,-1.39118697822120663e-02,-5.44325326680541962e-06,-5.44325194797585597e-06,-2.17730077919034205e-05,-2.72162610587088418e-05,-2.72162597398792748e-05
1.00914999999999999e+01,1.00914999999999999e+01,5.61062275645581976e-01,-1.38993809490273179e-02,-1.38993775862255847e-02,-5.43055415920352464e-06,-5.43055284534091391e-06,-2.17222113813636556e-05,-2.71527655405671803e-05,-2.71527642267045704e-05
1.00987500000000008e+01,1.00987500000000008e+01,5.60961550381327223e-01,-1.38869089220108322e-02,-1.38869055670584763e-02,-5.41789376682085103e-06,-5.41789245790642298e-06,-2.16715698316256953e-05,-2.70894635984465455e-05,-2.70894622895321191e-05
1.01059999999999999e+01,1.01059999999999999e+01,5.60860915466212751e-01,-1.38744570248121590e-02,-1.38744536776719950e-02,-5.40527194396953860e-06,-5.40527063997596285e-06,-2.16210825599038582e-05,-2.70263545038733951e-05,-2.70263531998798202e-05
1.01132500000000007e+01,1.01132500000000007e+01,5.60760370754467385e-01,-1.38620252105283726e-02,-1.38620218711706759e-02,-5.39268854560241185e-06,-5.39268724650536670e-06,-2.15707489860214634e-05,-2.69634375316238761e-05,-2.69634362325268293e-05
1.01204999999999998e+01,1.01204999999999998e+01,5.60659916100660127e-01,-1.38496134323773390e-02,-1.38496101008018409e-02,-5.38014342731267167e-06,-5.38014213309936354e-06,-2.15205685323974541e-05,-2.69007119597101267e-05,-2.69007106654968177e-05
1.01277500000000007e+01,1.01277500000000007e+01,5.60559551359697816e-01,-1.38372216437971929e-02,-1.38372183199550192e-02,-5.36763644536936654e-06,-5.36763515600818924e-06,-2.14705406240327570e-05,-2.68381770694021226e-05,-2.68381757800409470e-05
1.01349999999999998e+01,1.01349999999999998e+01,5.60459276386825023e-01,-1.38248497982829122e-02,-1.38248464821614462e-02,-5.35516745665074968e-06,-5.35516617212426195e-06,-2.14206646884970444e-05,-2.67758321451477924e-05,-2.67758308606213047e-05
1.01422500000000007e+01,1.01422500000000007e+01,5.60359091037622714e-01,-1.38124978495142159e-02,-1.38124945410935118e-02,-5.34273631869085228e-06,-5.34273503897883715e-06,-2.13709401559153452e-05,-2.67136764746061966e-05,-2.67136751948941832e-05
1.01494999999999997e+01,1.01494999999999997e+01,5.60258995168007035e-01,-1.38001657513129317e-02,-1.38001624505642417e-02,-5.33034288965980697e-06,-5.33034161473872115e-06,-2.13213664589548846e-05,-2.66517093486146907e-05,-2.66517080736936040e-05
1.01567500000000006e+01,1.01567500000000006e+01,5.60158988634228638e-01,-1.37878534576216794e-02,-1.37878501645267576e-02,-5.31798702835253142e-06,-5.31798575820296599e-06,-2.12719430328118640e-05,-2.65899300611643945e-05,-2.65899287910148308e-05
1.01639999999999997e+01,1.01639999999999997e+01,5.60059071292871469e-01,-1.37755609225465037e-02,-1.37755576370737765e-02,-5.30566859420213857e-06,-5.30566732879962191e-06,-2.12226693151984876e-05,-2.65283379094006262e-05,-2.65283366439981095e-05
1.01712500000000006e+01,1.01712500000000006e+01,5.59959243000851759e-01,-1.37632881003000307e-02,-1.37632848224370583e-02,-5.29338744725495935e-06,-5.29338618658246695e-06,-2.11735447463298712e-05,-2.64669321935848297e-05,-2.64669309329123381e-05
1.01784999999999997e+01,1.01784999999999997e+01,5.59859503615417142e-01,-1.37510349452583114e-02,-1.37510316749869122e-02,-5.28114344818944335e-06,-5.28114219222780515e-06,-2.11245687689112240e-05,-2.64057122171006665e-05,-2.64057109611390300e-05
1.01857500000000005e+01,1.01857500000000005e+01,5.59759852994145435e-01,-1.37388014119537161e-02,-1.37387981492316565e-02,-5.26893645831033633e-06,-5.26893520703122586e-06,-2.10757408281249034e-05,-2.63446772864352389e-05,-2.63446760351561293e-05
1.01929999999999996e+01,1.01929999999999996e+01,5.59660290994943854e-01,-1.37265874550038802e-02,-1.37265841998171264e-02,-5.25676633951844958e-06,-5.25676509290444506e-06,-2.10270603716177769e-05,-2.62838267111362264e-05,-2.62838254645222219e-05
1.02002500000000005e+01,1.02002500000000005e+01,5.59560817476047800e-01,-1.37143930292040750e-02,-1.37143897815261342e-02,-5.24463295434312166e-06,-5.24463171237209775e-06,-2.09785268494883910e-05,-2.62231598038315135e-05,-2.62231585618604896e-05
1.02075000000000014e+01,1.02075000000000014e+01,5.59461432296020411e-01,-1.37022180894632584e-02,-1.37022148492779907e-02,-5.23253616591475925e-06,-5.23253492856862418e-06,-2.09301397142744933e-05,-2.61626758801892534e-05,-2.61626746428431175e-05
1.02147500000000004e+01,1.02147500000000004e+01,5.59362135313750675e-01,-1.36900625908467077e-02,-1.36900593581279675e-02,-5.22047583797819234e-06,-5.22047460523510112e-06,-2.08818984209404045e-05,-2.61023742589185968e-05,-2.61023730261755056e-05
1.02220000000000013e+01,1.02220000000000013e+01,5.59262926388453208e-01,-1.36779264885333873e-02,-1.36779232632668057e-02,-5.20845183487346605e-06,-5.20845060671613836e-06,-2.08338024268645500e-05,-2.60422542617380161e-05,-2.60422530335806867e-05
1.02292500000000004e+01,1.02292500000000004e+01,5.59163805379666923e-01,-1.36658097378585808e-02,-1.36658065200202100e-02,-5.19646402154921189e-06,-5.19646279795678361e-06,-2.07858511918271344e-05,-2.59823152133763455e-05,-2.59823139897839172e-05
1.02365000000000013e+01,1.02365000000000013e+01,5.59064772147254141e-01,-1.36537122942925748e-02,-1.36537090838483380e-02,-5.18451226355159399e-06,-5.18451104449943002e-06,-2.07380441779977235e-05,-2.59225564415493183e-05,-2.59225552224971526e-05
1.02437500000000004e+01,1.02437500000000004e+01,5.58965826551399703e-01,-1.36416341134051322e-02,-1.36416309103453252e-02,-5.17259642700797576e-06,-5.17259521248077360e-06,-2.06903808499230910e-05,-2.58629772769310659e-05,-2.58629760624038655e-05
1.02510000000000012e+01,1.02510000000000012e+01,5.58866968452609747e-01,-1.36295751509507568e-02,-1.36295719552387493e-02,-5.16071637865642544e-06,-5.16071516862873853e-06,-2.06428606745149474e-05,-2.58035770531713736e-05,-2.58035758431436867e-05
1.02582500000000003e+01,1.02582500000000003e+01,5.58768197711710934e-01,-1.36175353627621121e-02,-1.36175321743891731e-02,-5.14887198580245812e-06,-5.14887078025948202e-06,-2.05954831210379247e-05,-2.57443551068403828e-05,-2.57443539012974067e-05
1.02655000000000012e+01,1.02655000000000012e+01,5.58669514189849670e-01,-1.36055147048494973e-02,-1.36055115237896252e-02,-5.13706311635389878e-06,-5.13706191527435941e-06,-2.05482476610974342e-05,-2.56853107774513322e-05,-2.56853095763717928e-05
1.02727500000000003e+01,1.02727500000000003e+01,5.58570917748490658e-01,-1.35935131333368986e-02,-1.35935099595651272e-02,-5.12528963879386361e-06,-5.12528844215695190e-06,-2.05011537686278076e-05,-2.56264434074216721e-05,-2.56264422107847595e-05
1.02800000000000011e+01,1.02800000000000011e+01,5.58472408249416241e-01,-1.35815306044833051e-02,-1.35815274379721840e-02,-5.11355142218602603e-06,-5.11355022997007319e-06,-2.04542009198802928e-05,-2.55677523420663188e-05,-2.55677511498503660e-05
1.02872500000000002e+01,1.02872500000000002e+01,5.58373985554725727e-01,-1.35695670746471819e-02,-1.35695639153983263e-02,-5.10184833615848919e-06,-5.10184714835283363e-06,-2.04073885934113345e-05,-2.55092369295698246e-05,-2.55092357417641690e-05
1.02945000000000011e+01,1.02945000000000011e+01,5.58275649526833728e-01,-1.35576225003930517e-02,-1.35576193483615930e-02,-5.09018025094111557e-06,-5.09017906751767305e-06,-2.03607162700706956e-05,-2.54508965210118120e-05,-2.54508953375883695e-05
1.03017500000000002e+01,1.03017500000000002e+01,5.58177400028470050e-01,-1.35456968383351750e-02,-1.35456936935100837e-02,-5.07854703730398912e-06,-5.07854585824747070e-06,-2.03141834329898862e-05,-2.53927304702938753e-05,-2.53927292912373552e-05
1.03090000000000011e+01,1.03090000000000011e+01,5.58079236922677913e-01,-1.35337900452583426e-02,-1.35337869076214441e-02,-5.06694856660011345e-06,-5.06694739189260522e-06,-2.02677895675704243e-05,-2.53347381341705377e-05,-2.53347369594630304e-05
1.03162500000000001e+01,1.03162500000000001e+01,5.57981160072813731e-01,-1.35219020780894539e-02,-1.35218989476024159e-02,-5.05538471075198202e-06,-5.05538354036809503e-06,-2.02215341614723767e-05,-2.52769188722243587e-05,-2.52769177018404701e-05
1.03235000000000010e+01,1.03235000000000010e+01,5.57883169342545671e-01,-1.35100328938335679e-02,-1.35100297704883431e-02,-5.04385534222495088e-06,-5.04385417615069892e-06,-2.01754167046027923e-05,-2.52192720468277432e-05,-2.52192708807534904e-05
1.03307500000000001e+01,1.03307500000000001e+01,5.57785264595853092e-01,-1.34981824496733793e-02,-1.34981793334427100e-02,-5.03236033406180523e-06,-5.03235917227608531e-06,-2.01294366891043413e-05,-2.51617970231661465e-05,-2.51617958613804249e-05
1.03380000000000010e+01,1.03380000000000010e+01,5.57687445697025441e-01,-1.34863507028839535e-02,-1.34863475937566594e-02,-5.02089955984820297e-06,-5.02089840233597434e-06,-2.00835936093438974e-05,-2.51044931691921012e-05,-2.51044920116798709e-05
1.03452500000000001e+01,1.03452500000000001e+01,5.57589712510661251e-01,-1.34745376109037807e-02,-1.34745345088485360e-02,-5.00947289373654585e-06,-5.00947174047532740e-06,-2.00378869619013096e-05,-2.50473598556378546e-05,-2.50473587023766387e-05
1.03525000000000009e+01,1.03525000000000009e+01,5.57492064901667361e-01,-1.34627431312566159e-02,-1.34627400362633976e-02,-4.99808021041422330e-06,-4.99807906138952569e-06,-1.99923162455580994e-05,-2.49903964559723227e-05,-2.49903953069476268e-05
1.03597500000000000e+01,1.03597500000000000e+01,5.57394502735258035e-01,-1.34509672216367449e-02,-1.34509641336725792e-02,-4.98672138513272584e-06,-4.98672024032159870e-06,-1.99468809612863948e-05,-2.49336023464191215e-05,-2.49336012016079944e-05
1.03670000000000009e+01,1.03670000000000009e+01,5.57297025876953622e-01,-1.34392098398308235e-02,-1.34392067588731939e-02,-4.97539629367597956e-06,-4.97539515305942903e-06,-1.99015806122377161e-05,-2.48769769059136974e-05,-2.48769757652971452e-05
1.03742500000000000e+01,1.03742500000000000e+01,5.57199634192580562e-01,-1.34274709437534057e-02,-1.34274678697877091e-02,-4.96410481237099336e-06,-4.96410367593301646e-06,-1.98564147037320658e-05,-2.48205195161030592e-05,-2.48205183796650831e-05
1.03815000000000008e+01,1.03815000000000008e+01,5.57102327548269272e-01,-1.34157504914540482e-02,-1.34157474244634492e-02,-4.95284681808788522e-06,-4.95284568581171237e-06,-1.98113827432468461e-05,-2.47642295613347330e-05,-2.47642284290585585e-05
1.03887499999999999e+01,1.03887499999999999e+01,5.57005105810454482e-01,-1.34040484411031002e-02,-1.34040453810721806e-02,-4.94162218823207502e-06,-4.94162106010151351e-06,-1.97664842404060574e-05,-2.47081064286381341e-05,-2.47081053005075726e-05
1.03960000000000008e+01,1.03960000000000008e+01,5.56907968845873236e-01,-1.33923647510201249e-02,-1.33923616979096088e-02,-4.93043080075219932e-06,-4.93042967674233197e-06,-1.97217187069693313e-05,-2.46521495077215314e-05,-2.46521483837116632e-05
1.04032499999999999e+01,1.04032499999999999e+01,5.56810916521564780e-01,-1.33806993795957396e-02,-1.33806963333949671e-02,-4.91927253410880070e-06,-4.91927141420532113e-06,-1.96770856568212879e-05,-2.45963581909300886e-05,-2.45963570710266090e-05
1.04105000000000008e+01,1.04105000000000008e+01,5.56713948704869122e-01,-1.33690522853910920e-02,-1.33690492460705312e-02,-4.90814726730844716e-06,-4.90814615149016937e-06,-1.96325846059606809e-05,-2.45407318732691272e-05,-2.45407307574508502e-05
1.04177499999999998e+01,1.04177499999999998e+01,5.56617065263426691e-01,-1.33574234270454895e-02,-1.33574203946012025e-02,-4.89705487986726644e-06,-4.89705376812246243e-06,-1.95882150724898463e-05,-2.44852699523571128e-05,-2.44852688406123087e-05
1.04250000000000007e+01,1.04250000000000007e+01,5.56520266065177016e-01,-1.33458127633616641e-02,-1.33458097377740278e-02,-4.88599525183977316e-06,-4.88599414415101098e-06,-1.95439765766040439e-05,-2.44299718284438154e-05,-2.44299707207550557e-05
1.04322499999999998e+01,1.04322499999999998e+01,5.56423550978357939e-01,-1.33342202532631404e-02,-1.33342172344977829e-02,-4.87496826380072109e-06,-4.87496716014523672e-06,-1.94998686405809435e-05,-2.43748369043816663e-05,-2.43748358007261794e-05
1.04395000000000007e+01,1.04395000000000007e+01,5.56326919871504733e-01,-1.33226458557658134e-02,-1.33226428438024975e-02,-4.86397379683225705e-06,-4.86397269719253048e-06,-1.94558907887701219e-05,-2.43198645856023798e-05,-2.43198634859626524e-05
1.04467499999999998e+01,1.04467499999999998e+01,5.56230372613449431e-01,-1.33110895299992649e-02,-1.33110865248390522e-02,-4.85301173252933688e-06,-4.85301063689567466e-06,-1.94120425475826952e-05,-2.42650542801120338e-05,-2.42650531844783690e-05
1.04540000000000006e+01,1.04540000000000006e+01,5.56133909073319721e-01,-1.32995512352778178e-02,-1.32995482368786985e-02,-4.84208195302317128e-06,-4.84208086137022678e-06,-1.93683234454809071e-05,-2.42104053985040801e-05,-2.42104043068511348e-05
1.04612499999999997e+01,1.04612499999999997e+01,5.56037529120537943e-01,-1.32880309309584277e-02,-1.32880279393126528e-02,-4.83118434092699196e-06,-4.83118325324196992e-06,-1.93247330129678797e-05,-2.41559173538948717e-05,-2.41559162662098488e-05
1.04685000000000006e+01,1.04685000000000006e+01,5.55941232624820758e-01,-1.32765285765756857e-02,-1.32765255916516382e-02,-4.82031877938285029e-06,-4.82031769564433009e-06,-1.92812707825773170e-05,-2.41015895619601664e-05,-2.41015884782216462e-05
1.04757499999999997e+01,1.04757499999999997e+01,5.55845019456177591e-01,-1.32650441317352374e-02,-1.32650411535254666e-02,-4.80948515202045055e-06,-4.80948407221585120e-06,-1.92379362888634014e-05,-2.40474214408838511e-05,-2.40474203610792535e-05
1.04830000000000005e+01,1.04830000000000005e+01,5.55748889484910524e-01,-1.32535775561990476e-02,-1.32535745846825929e-02,-4.79868334298575940e-06,-4.79868226709764897e-06,-1.91947290683905925e-05,-2.39934124113763528e-05,-2.39934113354882423e-05
1.04902499999999996e+01,1.04902499999999996e+01,5.55652842581612627e-01,-1.32421288098427681e-02,-1.32421258449896967e-02,-4.78791323692314191e-06,-4.78791216493090616e-06,-1.91516486597236213e-05,-2.39395618966467640e-05,-2.39395608246545274e-05
1.04975000000000005e+01,1.04975000000000005e+01,5.55556878617167738e-01,-1.32306978526344210e-02,-1.32306948944312386e-02,-4.77717471896532423e-06,-4.77717365085435862e-06,-1.91086946034174345e-05,-2.38858693223827587e-05,-2.38858682542717931e-05
1.05047500000000014e+01,1.05047500000000014e+01,5.55460997462749351e-01,-1.32192846446841372e-02,-1.32192816931090522e-02,-4.76646767474906286e-06,-4.76646661050182025e-06,-1.90658664420072810e-05,-2.38323341167563447e-05,-2.38323330525090995e-05
1.05120000000000005e+01,1.05120000000000005e+01,5.55365198989819842e-01,-1.32078891462086290e-02,-1.32078862012419088e-02,-4.75579199039996919e-06,-4.75579092999970543e-06,-1.90231637199988251e-05,-2.37789557103987951e-05,-2.37789546499985297e-05
1.05192500000000013e+01,1.05192500000000013e+01,5.55269483070129355e-01,-1.31965113175311899e-02,-1.31965083791650856e-02,-4.74514755253022168e-06,-4.74514649596455823e-06,-1.89805859838582329e-05,-2.37257335363884546e-05,-2.37257324798227920e-05
1.05265000000000004e+01,1.05265000000000004e+01,5.55173849575715583e-01,-1.31851511191243276e-02,-1.31851481873299665e-02,-4.73453424825161186e-06,-4.73453319550062821e-06,-1.89381327820025128e-05,-2.36726670302541239e-05,-2.36726659775031419e-05
1.05337500000000013e+01,1.05337500000000013e+01,5.55078298378901991e-01,-1.31738085115529202e-02,-1.31738055863035945e-02,-4.72395196515279302e-06,-4.72395091619741398e-06,-1.88958036647896559e-05,-2.36197556299424490e-05,-2.36197545809870691e-05
1.05410000000000004e+01,1.05410000000000004e+01,5.54982829352298035e-01,-1.31624834554813219e-02,-1.31624805367682868e-02,-4.71340059129961903e-06,-4.71339954612727040e-06,-1.88535981845090782e-05,-2.35669987758086989e-05,-2.35669977306363478e-05
1.05482500000000012e+01,1.05482500000000012e+01,5.54887442368797501e-01,-1.31511759117231009e-02,-1.31511729995211872e-02,-4.70288001525070601e-06,-4.70287897384298176e-06,-1.88115158953719271e-05,-2.35143959106226339e-05,-2.35143948692149071e-05
1.05555000000000003e+01,1.05555000000000003e+01,5.54792137301578059e-01,-1.31398858411841957e-02,-1.31398829354738775e-02,-4.69239012603481827e-06,-4.69238908837539185e-06,-1.87695563535015640e-05,-2.34619464795363823e-05,-2.34619454418769558e-05
1.05627500000000012e+01,1.05627500000000012e+01,5.54696914024100374e-01,-1.31286132048771265e-02,-1.31286103056519454e-02,-4.68193081315374398e-06,-4.68192977923100594e-06,-1.87277191169240238e-05,-2.34096499300777660e-05,-2.34096488961550288e-05
1.05700000000000003e+01,1.05700000000000003e+01,5.54601772410107330e-01,-1.31173579639565219e-02,-1.31173550711945908e-02,-4.67150196659276532e-06,-4.67150093638964964e-06,-1.86860037455585986e-05,-2.33575057121513647e-05,-2.33575046819482474e-05
1.05772500000000012e+01,1.05772500000000012e+01,5.54506712333622920e-01,-1.31061200796835919e-02,-1.31061171933541994e-02,-4.66110347680573464e-06,-4.66110245030209465e-06,-1.86444098012083786e-05,-2.33055132780141141e-05,-2.33055122515104741e-05
1.05845000000000002e+01,1.05845000000000002e+01,5.54411733668951912e-01,-1.30948995133977064e-02,-1.30948966334959588e-02,-4.65073523470281364e-06,-4.65073421188774634e-06,-1.86029368475509854e-05,-2.32536720822537981e-05,-2.32536710594387325e-05
1.05917500000000011e+01,1.05917500000000011e+01,5.54316836290678627e-01,-1.30836962266016599e-02,-1.30836933530974250e-02,-4.64039713167861266e-06,-4.64039611253229663e-06,-1.85615844501291865e-05,-2.32019815818077992e-05,-2.32019805626614840e-05
1.05990000000000002e+01,1.05990000000000002e+01,5.54222020073666166e-01,-1.30725101808764066e-02,-1.30725073137481409e-02,-4.63008905957970612e-06,-4.63008804408543362e-06,-1.85203521763417345e-05,-2.31504412359214406e-05,-2.31504402204271690e-05
1.06062500000000011e+01,1.06062500000000011e+01,5.54127284893055960e-01,-1.30613413379165877e-02,-1.30613384771492251e-02,-4.61981091071511285e-06,-4.61980989885852498e-06,-1.84792395954341033e-05,-2.30990505061492170e-05,-2.30990494942926266e-05
1.06135000000000002e+01,1.06135000000000002e+01,5.54032630624266442e-01,-1.30501896595234257e-02,-1.30501868051129798e-02,-4.60956257785165602e-06,-4.60956156962235631e-06,-1.84382462784894219e-05,-2.30478088563410787e-05,-2.30478078481117782e-05
1.06207500000000010e+01,1.06207500000000010e+01,5.53938057142992824e-01,-1.30390551076544625e-02,-1.30390522595624780e-02,-4.59934395422936482e-06,-4.59934294960483150e-06,-1.83973717984193294e-05,-2.29967157526486934e-05,-2.29967147480241617e-05
1.06280000000000001e+01,1.06280000000000001e+01,5.53843564325205540e-01,-1.30279376443098727e-02,-1.30279348025311801e-02,-4.58915493351922266e-06,-4.58915393248873992e-06,-1.83566157299549597e-05,-2.29457706634741832e-05,-2.29457696624437005e-05
1.06352500000000010e+01,1.06352500000000010e+01,5.53749152047150361e-01,-1.30168372316461500e-02,-1.30168343961625330e-02,-4.57899540986119225e-06,-4.57899441240948894e-06,-1.83159776496379558e-05,-2.28949730594991480e-05,-2.28949720620474438e-05
1.06425000000000001e+01,1.06425000000000001e+01,5.53654820185346730e-01,-1.30057538319263699e-02,-1.30057510027095785e-02,-4.56886527784455509e-06,-4.56886428395288806e-06,-1.82754571358115522e-05,-2.28443224136561065e-05,-2.28443214197644411e-05
1.06497500000000009e+01,1.06497500000000009e+01,5.53560568616587423e-01,-1.29946874074988727e-02,-1.29946845845345521e-02,-4.55876443249834169e-06,-4.55876344215290769e-06,-1.82350537686116308e-05,-2.27938182011099733e-05,-2.27938172107645368e-05
1.06570000000000000e+01,1.06570000000000000e+01,5.53466397217938000e-01,-1.29836379208256858e-02,-1.29836351041085207e-02,-4.54869276929928775e-06,-4.54869178248949802e-06,-1.81947671299579887e-05,-2.27434598992572764e-05,-2.27434589124474876e-05
1.06642500000000009e+01,1.06642500000000009e+01,5.53372305866735470e-01,-1.29726053345109449e-02,-1.29726025240109576e-02,-4.53865018417968701e-06,-4.53864920088635879e-06,-1.81545968035454352e-05,-2.26932469877251205e-05,-2.26932460044317923e-05
1.06715000000000000e+01,1.06715000000000000e+01,5.53278294440587626e-01,-1.29615896112298401e-02,-1.29615868069293833e-02,-4.52863657350046236e-06,-4.52863559370878614e-06,-1.81145423748351412e-05,-2.26431789483356044e-05,-2.26431779685439273e-05
1.06787500000000009e+01,1.06787500000000009e+01,5.53184362817372599e-01,-1.29505907137712484e-02,-1.29505879156589614e-02,-4.51865183406406281e-06,-4.51865085776147539e-06,-1.80746034310459049e-05,-2.25932552651099686e-05,-2.25932542888073795e-05
1.06859999999999999e+01,1.06859999999999999e+01,5.53090510875237862e-01,-1.29396086050519443e-02,-1.29396058131021393e-02,-4.50869586311740094e-06,-4.50869489028638821e-06,-1.80347795611455528e-05,-2.25434754242629538e-05,-2.25434744514319427e-05
1.06932500000000008e+01,1.06932500000000008e+01,5.52996738492599338e-01,-1.29286432480739677e-02,-1.29286404622682375e-02,-4.49876855833493091e-06,-4.49876758896057494e-06,-1.79950703558422964e-05,-2.24938389141772273e-05,-2.24938379448028696e-05
1.07004999999999999e+01,1.07004999999999999e+01,5.52903045548140737e-01,-1.29176946059530451e-02,-1.29176918262730884e-02,-4.48886981782659532e-06,-4.48886885189406371e-06,-1.79554754075762515e-05,-2.24443452254028476e-05,-2.24443442594703135e-05
1.07077500000000008e+01,1.07077500000000008e+01,5.52809431920812999e-01,-1.29067626418972736e-02,-1.29067598683386565e-02,-4.47899954012839690e-06,-4.47899857762772007e-06,-1.79159943105108769e-05,-2.23949938506392738e-05,-2.23949928881385986e-05
1.07149999999999999e+01,1.07149999999999999e+01,5.52715897489833186e-01,-1.28958473192639644e-02,-1.28958445517926550e-02,-4.46915762422016582e-06,-4.46915666513115051e-06,-1.78766266605246020e-05,-2.23457842847447670e-05,-2.23457833256557542e-05
1.07222500000000007e+01,1.07222500000000007e+01,5.52622442134683700e-01,-1.28849486014601666e-02,-1.28849458400681679e-02,-4.45934396948904841e-06,-4.45934301380058239e-06,-1.78373720552023329e-05,-2.22967160246913796e-05,-2.22967150690029162e-05
1.07294999999999998e+01,1.07294999999999998e+01,5.52529065735111957e-01,-1.28740664520350379e-02,-1.28740636967032938e-02,-4.44955847575961487e-06,-4.44955752345680053e-06,-1.77982300938272021e-05,-2.22477885695868187e-05,-2.22477876172840035e-05
1.07367500000000007e+01,1.07367500000000007e+01,5.52435768171129160e-01,-1.28632008346301063e-02,-1.28631980853407477e-02,-4.43980104327464271e-06,-4.43980009434304152e-06,-1.77592003773721695e-05,-2.21990014206468122e-05,-2.21990004717152119e-05
1.07439999999999998e+01,1.07439999999999998e+01,5.52342549323009857e-01,-1.28523517129934817e-02,-1.28523489697275201e-02,-4.43007157269812281e-06,-4.43007062712296082e-06,-1.77202825084918399e-05,-2.21503540811899627e-05,-2.21503531356148016e-05
1.07512500000000006e+01,1.07512500000000006e+01,5.52249409071290831e-01,-1.28415190509798549e-02,-1.28415163137144701e-02,-4.42036996511330787e-06,-4.42036902287854228e-06,-1.76814760915141691e-05,-2.21018460566274779e-05,-2.21018451143927097e-05
1.07584999999999997e+01,1.07584999999999997e+01,5.52156347296770766e-01,-1.28307028125220768e-02,-1.28307000812560024e-02,-4.41069612201104032e-06,-4.41069518310809323e-06,-1.76427807324323729e-05,-2.20534768544434141e-05,-2.20534759155404670e-05
1.07657500000000006e+01,1.07657500000000006e+01,5.52063363880509250e-01,-1.28199029617093174e-02,-1.28199002364096613e-02,-4.40104994531472112e-06,-4.40104900972418362e-06,-1.76041960388967311e-05,-2.20052459842114514e-05,-2.20052450486209147e-05
1.07729999999999997e+01,1.07729999999999997e+01,5.51970458703825995e-01,-1.28091194626804850e-02,-1.28091167433357928e-02,-4.39143133734176304e-06,-4.39143040505164452e-06,-1.75657216202065781e-05,-2.19571529575483403e-05,-2.19571520252582235e-05
1.07802500000000006e+01,1.07802500000000006e+01,5.51877631648300393e-01,-1.27983522796952798e-02,-1.27983495662971729e-02,-4.38184020082614707e-06,-4.38183927182555046e-06,-1.75273570873022018e-05,-2.19091972881283489e-05,-2.19091963591277523e-05
1.07874999999999996e+01,1.07874999999999996e+01,5.51784882595770410e-01,-1.27876013771413000e-02,-1.27875986696586418e-02,-4.37227643891894766e-06,-4.37227551318922806e-06,-1.74891020527569156e-05,-2.18613784916758633e-05,-2.18613775659461454e-05
1.07947500000000005e+01,1.07947500000000005e+01,5.51692211428331913e-01,-1.27768667194558816e-02,-1.27768640178867483e-02,-4.36273995515970632e-06,-4.36273903269226043e-06,-1.74509561307690451e-05,-2.18136960859287514e-05,-2.18136951634613064e-05
1.08020000000000014e+01,1.08020000000000014e+01,5.51599618028338234e-01,-1.27661482712326801e-02,-1.27661455755493924e-02,-4.35323065351105416e-06,-4.35322973428852373e-06,-1.74129189371540983e-05,-2.17661495906651533e-05,-2.17661486714426238e-05
1.08092500000000005e+01,1.08092500000000005e+01,5.51507102278399053e-01,-1.27554459971364054e-02,-1.27554433073154717e-02,-4.34374843832770452e-06,-4.34374752233421615e-06,-1.73749900893368646e-05,-2.17187385276645683e-05,-2.17187376116710808e-05
1.08165000000000013e+01,1.08165000000000013e+01,5.51414664061379844e-01,-1.27447598619170321e-02,-1.27447571779545094e-02,-4.33429321435951498e-06,-4.33429230158589785e-06,-1.73371692063435914e-05,-2.16714624207031047e-05,-2.16714615079294909e-05
1.08237500000000004e+01,1.08237500000000004e+01,5.51322303260401325e-01,-1.27340898304524330e-02,-1.27340871523363274e-02,-4.32486488676418696e-06,-4.32486397719856736e-06,-1.72994559087942728e-05,-2.16243207955584606e-05,-2.16243198859928385e-05
1.08310000000000013e+01,1.08310000000000013e+01,5.51230019758838341e-01,-1.27234358677270620e-02,-1.27234331954306692e-02,-4.31546336109815417e-06,-4.31546245472370493e-06,-1.72618498188948197e-05,-2.15773131799929730e-05,-2.15773122736185238e-05
1.08382500000000004e+01,1.08382500000000004e+01,5.51137813440319313e-01,-1.27127979387964274e-02,-1.27127952723068600e-02,-4.30608854330273698e-06,-4.30608764010737181e-06,-1.72243505604294906e-05,-2.15304391037322284e-05,-2.15304382005368633e-05
1.08455000000000013e+01,1.08455000000000013e+01,5.51045684188725793e-01,-1.27021760088368296e-02,-1.27021733481334585e-02,-4.29674033971923408e-06,-4.29673943968828659e-06,-1.71869577587531464e-05,-2.14836980984723813e-05,-2.14836971984414329e-05
1.08527500000000003e+01,1.08527500000000003e+01,5.50953631888191242e-01,-1.26915700431169398e-02,-1.26915673881779090e-02,-4.28741865707749424e-06,-4.28741776019593468e-06,-1.71496710407837387e-05,-2.14370896978612313e-05,-2.14370888009796734e-05
1.08600000000000012e+01,1.08600000000000012e+01,5.50861656423100698e-01,-1.26809800069835887e-02,-1.26809773578061835e-02,-4.27812340248935776e-06,-4.27812250874866497e-06,-1.71124900349946599e-05,-2.13906134374840168e-05,-2.13906125437433249e-05
1.08672500000000003e+01,1.08672500000000003e+01,5.50769757678090000e-01,-1.26704058659115049e-02,-1.26704032224824580e-02,-4.26885448346370317e-06,-4.26885359285182727e-06,-1.70754143714073091e-05,-2.13442688548710114e-05,-2.13442679642591372e-05
1.08745000000000012e+01,1.08745000000000012e+01,5.50677935538044894e-01,-1.26598475854891035e-02,-1.26598449477687437e-02,-4.25961180789984037e-06,-4.25961092039588675e-06,-1.70384436815835436e-05,-2.12980554894833848e-05,-2.12980546019794304e-05
1.08817500000000003e+01,1.08817500000000003e+01,5.50586189888100486e-01,-1.26493051313332217e-02,-1.26493024993245672e-02,-4.25039528405708689e-06,-4.25039439965457913e-06,-1.70015775986183165e-05,-2.12519728826754051e-05,-2.12519719982728956e-05
1.08890000000000011e+01,1.08890000000000011e+01,5.50494520613640570e-01,-1.26387784692170158e-02,-1.26387758429066140e-02,-4.24120482059609632e-06,-4.24120393928305145e-06,-1.69648157571322024e-05,-2.12060205777282996e-05,-2.12060196964152547e-05
1.08962500000000002e+01,1.08962500000000002e+01,5.50402927600296854e-01,-1.26282675649918019e-02,-1.26282649443684031e-02,-4.23204032655081986e-06,-4.23203944831603079e-06,-1.69281577932641232e-05,-2.11601981198149439e-05,-2.11601972415801523e-05
1.09035000000000011e+01,1.09035000000000011e+01,5.50311410733948070e-01,-1.26177723846367940e-02,-1.26177697696599252e-02,-4.22290171134347166e-06,-4.22290083616598702e-06,-1.68916033446639481e-05,-2.11145050560074206e-05,-2.11145041808299334e-05
1.09107500000000002e+01,1.09107500000000002e+01,5.50219969900719530e-01,-1.26072928941667328e-02,-1.26072902848273390e-02,-4.21378888475188162e-06,-4.21378801262132781e-06,-1.68551520504853113e-05,-2.10689409352371920e-05,-2.10689400631066382e-05
1.09180000000000010e+01,1.09180000000000010e+01,5.50128604986982683e-01,-1.25968290597171517e-02,-1.25968264560126081e-02,-4.20470175693639468e-06,-4.20470088784457665e-06,-1.68188035513783066e-05,-2.10235053083147004e-05,-2.10235044392228841e-05
1.09252500000000001e+01,1.09252500000000001e+01,5.50037315879353672e-01,-1.25863808475514816e-02,-1.25863782494531860e-02,-4.19564023844049585e-06,-4.19563937237058390e-06,-1.67825574894823356e-05,-2.09781977279228323e-05,-2.09781968618529178e-05
1.09325000000000010e+01,1.09325000000000010e+01,5.49946102464693221e-01,-1.25759482239899967e-02,-1.25759456314816637e-02,-4.18660424016540351e-06,-4.18660337710472772e-06,-1.67464135084189109e-05,-2.09330177485843144e-05,-2.09330168855236369e-05
1.09397500000000001e+01,1.09397500000000001e+01,5.49854964630105858e-01,-1.25655311554595528e-02,-1.25655285685254657e-02,-4.17759367338502968e-06,-4.17759281332114969e-06,-1.67103712532846022e-05,-2.08879649266696318e-05,-2.08879640666057535e-05
1.09470000000000010e+01,1.09470000000000010e+01,5.49763902262939141e-01,-1.25551296084651653e-02,-1.25551270271064917e-02,-4.16860844973484580e-06,-4.16860759266097179e-06,-1.66744303706438872e-05,-2.08430388203787321e-05,-2.08430379633048598e-05
1.09542500000000000e+01,1.09542500000000000e+01,5.49672915250783101e-01,-1.25447435496468529e-02,-1.25447409738408174e-02,-4.15964848122912744e-06,-4.15964762713054644e-06,-1.66385905085221858e-05,-2.07982389897513149e-05,-2.07982381356527305e-05
1.09615000000000009e+01,1.09615000000000009e+01,5.49582003481469239e-01,-1.25343729457156883e-02,-1.25343703754383345e-02,-4.15071368023803531e-06,-4.15071282909969554e-06,-1.66028513163987822e-05,-2.07535649966368166e-05,-2.07535641454984769e-05
1.09687500000000000e+01,1.09687500000000000e+01,5.49491166843070311e-01,-1.25240177634537986e-02,-1.25240151987024567e-02,-4.14180395948604482e-06,-4.14180311129998588e-06,-1.65672124451999435e-05,-2.07090164046859875e-05,-2.07090155564999302e-05
1.09760000000000009e+01,1.09760000000000009e+01,5.49400405223899102e-01,-1.25136779697925249e-02,-1.25136754105297700e-02,-4.13291923207617298e-06,-4.13291838682298002e-06,-1.65316735472919201e-05,-2.06645927793680931e-05,-2.06645919341149009e-05
1.09832500000000000e+01,1.09832500000000000e+01,5.49309718512508316e-01,-1.25033535316774191e-02,-1.25033509779097340e-02,-4.12405941144372273e-06,-4.12405856911853209e-06,-1.64962342764741250e-05,-2.06202936879178460e-05,-2.06202928455926570e-05
1.09905000000000008e+01,1.09905000000000008e+01,5.49219106597689688e-01,-1.24930444162174581e-02,-1.24930418679243364e-02,-4.11522441140399039e-06,-4.11522357199305810e-06,-1.64608942879722290e-05,-2.05761186993762194e-05,-2.05761178599652880e-05
1.09977499999999999e+01,1.09977499999999999e+01,5.49128569368473096e-01,-1.24827505905855674e-02,-1.24827480477477919e-02,-4.10641414611779734e-06,-4.10641330960785210e-06,-1.64256532384314084e-05,-2.05320673845492066e-05,-2.05320665480392613e-05
1.10050000000000008e+01,1.10050000000000008e+01,5.49038106714126117e-01,-1.24724720220470431e-02,-1.24724694846462085e-02,-4.09762853009929121e-06,-4.09762769647737341e-06,-1.63905107859094903e-05,-2.04881393160087798e-05,-2.04881384823868645e-05
1.10122499999999999e+01,1.10122499999999999e+01,5.48947718524153361e-01,-1.24622086779595520e-02,-1.24622061459772841e-02,-4.08886747821437548e-06,-4.08886664746757803e-06,-1.63554665898703121e-05,-2.04443340680846876e-05,-2.04443332373378902e-05
1.10195000000000007e+01,1.10195000000000007e+01,5.48857404688295691e-01,-1.24519605257589205e-02,-1.24519579991899734e-02,-4.08013090567446851e-06,-4.08013007779423046e-06,-1.63205203111769252e-05,-2.04006512168513937e-05,-2.04006503889711557e-05
1.10267499999999998e+01,1.10267499999999998e+01,5.48767165096529785e-01,-1.24417275329946619e-02,-1.24417250118241951e-02,-4.07141872804660530e-06,-4.07141790302125114e-06,-1.62856716120850079e-05,-2.03570903401316141e-05,-2.03570895151062599e-05
1.10340000000000007e+01,1.10340000000000007e+01,5.48676999639067242e-01,-1.24315096673086600e-02,-1.24315071515104947e-02,-4.06273086124485362e-06,-4.06273003905904359e-06,-1.62509201562361744e-05,-2.03136510174810263e-05,-2.03136501952952179e-05
1.10412499999999998e+01,1.10412499999999998e+01,5.48586908206353918e-01,-1.24213068964067475e-02,-1.24213043859697485e-02,-4.05406722151950592e-06,-4.05406640216286046e-06,-1.62162656086514385e-05,-2.02703328301709427e-05,-2.02703320108142989e-05
1.10485000000000007e+01,1.10485000000000007e+01,5.48496890689069372e-01,-1.24111191880942329e-02,-1.24111166830128371e-02,-4.04542772546715893e-06,-4.04542690893115014e-06,-1.61817076357246005e-05,-2.02271353611917595e-05,-2.02271345446557524e-05
1.10557499999999997e+01,1.10557499999999997e+01,5.48406946978126530e-01,-1.24009465102830063e-02,-1.24009440105403643e-02,-4.03681229003149305e-06,-4.03681147630394312e-06,-1.61472459052157759e-05,-2.01840581952472681e-05,-2.01840573815197173e-05
1.10630000000000006e+01,1.10630000000000006e+01,5.48317076964670247e-01,-1.23907888309702230e-02,-1.23907863365423088e-02,-4.02822083249477397e-06,-4.02822002156121473e-06,-1.61128800862448555e-05,-2.01411009187396286e-05,-2.01411001078060702e-05
1.10702499999999997e+01,1.10702499999999997e+01,5.48227280540077522e-01,-1.23806461182169869e-02,-1.23806436290977515e-02,-4.01965327046943236e-06,-4.01965246232128082e-06,-1.60786098492851233e-05,-2.00982631197545573e-05,-2.00982623116064058e-05
1.10775000000000006e+01,1.10775000000000006e+01,5.48137557595956060e-01,-1.23705183402122998e-02,-1.23705158563745445e-02,-4.01110952191734657e-06,-4.01110871653918843e-06,-1.60444348661567537e-05,-2.00555443880740995e-05,-2.00555435826959422e-05
1.10847499999999997e+01,1.10847499999999997e+01,5.48047908024144492e-01,-1.23604054651806905e-02,-1.23604029866290280e-02,-4.00258950511835333e-06,-4.00258870250513012e-06,-1.60103548100205205e-05,-2.00129443151388721e-05,-2.00129435125256506e-05
1.10920000000000005e+01,1.10920000000000005e+01,5.47958331716710934e-01,-1.23503074615030073e-02,-1.23503049882057094e-02,-3.99409313870792970e-06,-3.99409233884284136e-06,-1.59763693553713654e-05,-1.99704624940792960e-05,-1.99704616942142051e-05
1.10992500000000014e+01,1.10992500000000014e+01,5.47868828565952759e-01,-1.23402242975814147e-02,-1.23402218295369671e-02,-3.98562034163197086e-06,-3.98561954450803614e-06,-1.59424781780321412e-05,-1.99280985196641129e-05,-1.99280977225401765e-05
1.11065000000000005e+01,1.11065000000000005e+01,5.47779398464396050e-01,-1.23301559419530804e-02,-1.23301534791427549e-02,-3.97717103318212825e-06,-3.97717023878683140e-06,-1.59086809551473290e-05,-1.98858519883294589e-05,-1.98858511939341612e-05
1.11137500000000014e+01,1.11137500000000014e+01,5.47690041304794484e-01,-1.23201023632262263e-02,-1.23200999056302871e-02,-3.96874513297363688e-06,-3.96874434129418177e-06,-1.58749773651767305e-05,-1.98437224981503673e-05,-1.98437217064709114e-05
1.11210000000000004e+01,1.11210000000000004e+01,5.47600756980129222e-01,-1.23100635300801287e-02,-1.23100610776937600e-02,-3.96034256094390326e-06,-3.96034177197233625e-06,-1.58413670878893484e-05,-1.98017096488332500e-05,-1.98017088598616838e-05
1.11282500000000013e+01,1.11282500000000013e+01,5.47511545383608245e-01,-1.23000394113148559e-02,-1.23000369641140389e-02,-3.95196323736706000e-06,-3.95196245108928138e-06,-1.58078498043571255e-05,-1.97598130417241847e-05,-1.97598122554464069e-05
1.11355000000000004e+01,1.11355000000000004e+01,5.47422406408665130e-01,-1.22900299757873199e-02,-1.22900275337583659e-02,-3.94360708283194294e-06,-3.94360629923721656e-06,-1.57744251969488629e-05,-1.97180322797808075e-05,-1.97180314961860811e-05
1.11427500000000013e+01,1.11427500000000013e+01,5.47333339948959274e-01,-1.22800351924396978e-02,-1.22800327555800688e-02,-3.93527401824981693e-06,-3.93527323733101417e-06,-1.57410929493240533e-05,-1.96763669675738711e-05,-1.96763661866550675e-05
1.11500000000000004e+01,1.11500000000000004e+01,5.47244345898374673e-01,-1.22700550303349587e-02,-1.22700525986182661e-02,-3.92696396486433358e-06,-3.92696318660671352e-06,-1.57078527464268541e-05,-1.96348167112911885e-05,-1.96348159330335693e-05
1.11572500000000012e+01,1.11572500000000012e+01,5.47155424151019365e-01,-1.22600894585929154e-02,-1.22600870319975637e-02,-3.91867684422958714e-06,-3.91867606861999283e-06,-1.56747042744799679e-05,-1.95933811187095559e-05,-1.95933803430999616e-05
1.11645000000000003e+01,1.11645000000000003e+01,5.47066574601225097e-01,-1.22501384463973295e-02,-1.22501360249277855e-02,-3.91041257821104288e-06,-3.91041180524468010e-06,-1.56416472209787238e-05,-1.95520597991897683e-05,-1.95520590262234047e-05
1.11717500000000012e+01,1.11717500000000012e+01,5.46977797143546551e-01,-1.22402019630811765e-02,-1.22401995467036617e-02,-3.90217108901135293e-06,-3.90217031867124714e-06,-1.56086812746849886e-05,-1.95108523636963423e-05,-1.95108515933562348e-05
1.11790000000000003e+01,1.11790000000000003e+01,5.46889091672760563e-01,-1.22302799779916427e-02,-1.22302775667045473e-02,-3.89395229912584981e-06,-3.89395153140532808e-06,-1.55758061256213123e-05,-1.94697584247471613e-05,-1.94697576570266421e-05
1.11862500000000011e+01,1.11862500000000011e+01,5.46800458083865681e-01,-1.22203724606038122e-02,-1.22203700543941363e-02,-3.88575613137744500e-06,-3.88575536626623199e-06,-1.55430214650649280e-05,-1.94287775964423730e-05,-1.94287768313311591e-05
1.11935000000000002e+01,1.11935000000000002e+01,5.46711896272081832e-01,-1.22104793804638234e-02,-1.22104769793201819e-02,-3.87758250889712014e-06,-3.87758174638548597e-06,-1.55103269855419439e-05,-1.93879094944390632e-05,-1.93879087319274307e-05
1.12007500000000011e+01,1.12007500000000011e+01,5.46623406132848988e-01,-1.22006007072101852e-02,-1.22005983111141865e-02,-3.86943135512932339e-06,-3.86943059520534861e-06,-1.54777223808213945e-05,-1.93471537359507170e-05,-1.93471529760267431e-05
1.12080000000000002e+01,1.12080000000000002e+01,5.46534987561827279e-01,-1.21907364105595661e-02,-1.21907340194911500e-02,-3.86130259382610379e-06,-3.86130183647737853e-06,-1.54452073459095141e-05,-1.93065099397356179e-05,-1.93065091823868918e-05
1.12152500000000011e+01,1.12152500000000011e+01,5.46446640454895993e-01,-1.21808864602925837e-02,-1.21808840742492572e-02,-3.85319614904124809e-06,-3.85319539426096305e-06,-1.54127815770438488e-05,-1.92659777260850977e-05,-1.92659769713048127e-05
1.12225000000000001e+01,1.12225000000000001e+01,5.46358364708153021e-01,-1.21710508263035422e-02,-1.21710484452696149e-02,-3.84511194514470146e-06,-3.84511119292189603e-06,-1.53804447716875841e-05,-1.92255567168322847e-05,-1.92255559646094801e-05
1.12297500000000010e+01,1.12297500000000010e+01,5.46270160217914524e-01,-1.21612294785578001e-02,-1.21612271025159611e-02,-3.83704990680769107e-06,-3.83704915713093115e-06,-1.53481966285237246e-05,-1.91852465353314157e-05,-1.91852457856546566e-05
1.12370000000000001e+01,1.12370000000000001e+01,5.46182026880713933e-01,-1.21514223870988758e-02,-1.21514200160343939e-02,-3.82900995900366799e-06,-3.82900921186236822e-06,-1.53160368474494729e-05,-1.91450468064531400e-05,-1.91450460593118419e-05
1.12442500000000010e+01,1.12442500000000010e+01,5.46093964593301506e-01,-1.21416295220555526e-02,-1.21416271559530754e-02,-3.82099202700920334e-06,-3.82099128239261910e-06,-1.52839651295704764e-05,-1.91049571565796815e-05,-1.91049564119630938e-05
1.12515000000000001e+01,1.12515000000000001e+01,5.46005973252644106e-01,-1.21318508536276681e-02,-1.21318484924819829e-02,-3.81299603639821325e-06,-3.81299529429882119e-06,-1.52519811771952848e-05,-1.90649772135934980e-05,-1.90649764714941060e-05
1.12587500000000009e+01,1.12587500000000009e+01,5.45918052755923866e-01,-1.21220863521287470e-02,-1.21220839959125977e-02,-3.80502191305402606e-06,-3.80502117345740714e-06,-1.52200846938296303e-05,-1.90251066068836551e-05,-1.90251058672870387e-05
1.12660000000000000e+01,1.12660000000000000e+01,5.45830203000538305e-01,-1.21123359879078407e-02,-1.21123336366176608e-02,-3.79706958314352287e-06,-3.79706884604273270e-06,-1.51882753841709342e-05,-1.89853449673144579e-05,-1.89853442302136682e-05
1.12732500000000009e+01,1.12732500000000009e+01,5.45742423884099215e-01,-1.21025997314276879e-02,-1.21025973850508763e-02,-3.78913897314038564e-06,-3.78913823852567317e-06,-1.51565529541026927e-05,-1.89456919272430770e-05,-1.89456911926283663e-05
1.12805000000000000e+01,1.12805000000000000e+01,5.45654715304432658e-01,-1.20928775532220811e-02,-1.20928752117466579e-02,-3.78123000981041552e-06,-3.78122927767225417e-06,-1.51249171106890167e-05,-1.89061471204994326e-05,-1.89061463883612700e-05
1.12877500000000008e+01,1.12877500000000008e+01,5.45567077159577529e-01,-1.20831694239171838e-02,-1.20831670873198273e-02,-3.77334262021691070e-06,-3.77334189054226336e-06,-1.50933675621690500e-05,-1.88667101823859607e-05,-1.88667094527113121e-05
1.12949999999999999e+01,1.12949999999999999e+01,5.45479509347785885e-01,-1.20734753141960027e-02,-1.20734729824653799e-02,-3.76547673170829167e-06,-3.76547600448790366e-06,-1.50619040179516163e-05,-1.88273807496599072e-05,-1.88273800224395196e-05
1.13022500000000008e+01,1.13022500000000008e+01,5.45392011767521723e-01,-1.20637951948268096e-02,-1.20637928679581865e-02,-3.75763227192571436e-06,-3.75763154715241639e-06,-1.50305261886096656e-05,-1.87881584605353803e-05,-1.87881577357620811e-05
1.13094999999999999e+01,1.13094999999999999e+01,5.45304584317460872e-01,-1.20541290366702469e-02,-1.20541267146527450e-02,-3.74980916880401287e-06,-3.74980844646874550e-06,-1.49992337858749820e-05,-1.87490429546789945e-05,-1.87490422323437271e-05
1.13167500000000008e+01,1.13167500000000008e+01,5.45217226896489993e-01,-1.20444768106722222e-02,-1.20444744934828894e-02,-3.74200735056819447e-06,-3.74200663065817640e-06,-1.49680265226327039e-05,-1.87100338732008975e-05,-1.87100331532908786e-05
1.13239999999999998e+01,1.13239999999999998e+01,5.45129939403706132e-01,-1.20348384878283809e-02,-1.20348361754615447e-02,-3.73422674572115845e-06,-3.73422602822901330e-06,-1.49369041129160532e-05,-1.86711308586372108e-05,-1.86711301411450677e-05
1.13312500000000007e+01,1.13312500000000007e+01,5.45042721738416391e-01,-1.20252140392480555e-02,-1.20252117316804498e-02,-3.72646728306231815e-06,-3.72646656797523877e-06,-1.49058662719009517e-05,-1.86323335549632694e-05,-1.86323328398761917e-05
1.13384999999999998e+01,1.13384999999999998e+01,5.44955573800137039e-01,-1.20156034360903163e-02,-1.20156011333098969e-02,-3.71872889166650053e-06,-3.71872817897519666e-06,-1.48749127159007867e-05,-1.85936416075672868e-05,-1.85936408948759842e-05
1.13457500000000007e+01,1.13457500000000007e+01,5.44868495488593063e-01,-1.20060066496066042e-02,-1.20060043515984628e-02,-3.71101150089594351e-06,-3.71101079059026940e-06,-1.48440431623610793e-05,-1.85550546632570220e-05,-1.85550539529513470e-05
1.13529999999999998e+01,1.13529999999999998e+01,5.44781486703717843e-01,-1.19964236510980982e-02,-1.19964213578727611e-02,-3.70331504038588545e-06,-3.70331433246358079e-06,-1.48132573298543232e-05,-1.85165723702402103e-05,-1.85165716623179031e-05
1.13602500000000006e+01,1.13602500000000006e+01,5.44694547345652147e-01,-1.19868544120080855e-02,-1.19868521235371606e-02,-3.69563944007186625e-06,-3.69563873451867293e-06,-1.47825549380746883e-05,-1.84781943781465554e-05,-1.84781936725933621e-05
1.13674999999999997e+01,1.13674999999999997e+01,5.44607677314743688e-01,-1.19772989038153810e-02,-1.19772966200735360e-02,-3.68798463015557923e-06,-3.68798392695823103e-06,-1.47519357078329258e-05,-1.84399203379885050e-05,-1.84399196347911577e-05
1.13747500000000006e+01,1.13747500000000006e+01,5.44520876511546792e-01,-1.19677570980556425e-02,-1.19677548190410075e-02,-3.68035054111029131e-06,-3.68034984026278276e-06,-1.47213993610511277e-05,-1.84017499021614202e-05,-1.84017492013139117e-05
1.13819999999999997e+01,1.13819999999999997e+01,5.44434144836821954e-01,-1.19582289663711094e-02,-1.19582266920756890e-02,-3.67273710369495922e-06,-3.67273640518941968e-06,-1.46909456207576787e-05,-1.83636827244526388e-05,-1.83636820259470984e-05
1.13892500000000005e+01,1.13892500000000005e+01,5.44347482191534393e-01,-1.19487144804892864e-02,-1.19487122108904095e-02,-3.66514424894643720e-06,-3.66514355277051948e-06,-1.46605742110820762e-05,-1.83257184600285122e-05,-1.83257177638525970e-05
1.13965000000000014e+01,1.13965000000000014e+01,5.44260888476854832e-01,-1.19392136121803105e-02,-1.19392113472744869e-02,-3.65757190816520836e-06,-3.65757121431248179e-06,-1.46302848572499289e-05,-1.82878567654151372e-05,-1.82878560715624098e-05
1.14037500000000005e+01,1.14037500000000005e+01,5.44174363594157828e-01,-1.19297263333209003e-02,-1.19297240730934524e-02,-3.65002001293383303e-06,-3.65001932139446397e-06,-1.46000772855778576e-05,-1.82500972985116919e-05,-1.82500966069723233e-05
1.14110000000000014e+01,1.14110000000000014e+01,5.44087907445021668e-01,-1.19202526158588284e-02,-1.19202503602887921e-02,-3.64248849510485351e-06,-3.64248780586711904e-06,-1.45699512234684745e-05,-1.82124397185733284e-05,-1.82124390293355922e-05
1.14182500000000005e+01,1.14182500000000005e+01,5.44001519931227917e-01,-1.19107924317987113e-02,-1.19107901808777148e-02,-3.63497728679530031e-06,-3.63497659985135902e-06,-1.45399063994054378e-05,-1.81748836862007381e-05,-1.81748829992567976e-05
1.14255000000000013e+01,1.14255000000000013e+01,5.43915200954760647e-01,-1.19013457532233247e-02,-1.19013435069528807e-02,-3.62748632039205378e-06,-3.62748563573710171e-06,-1.45099425429484051e-05,-1.81374288633404594e-05,-1.81374281786855069e-05
1.14327500000000004e+01,1.14327500000000004e+01,5.43828950417806101e-01,-1.18919125523220259e-02,-1.18919103106821644e-02,-3.62001552855933658e-06,-3.62001484618204255e-06,-1.44800593847281685e-05,-1.81000749132875038e-05,-1.81000742309102094e-05
1.14400000000000013e+01,1.14400000000000013e+01,5.43742768222751915e-01,-1.18824928013410158e-02,-1.18824905643083890e-02,-3.61256484422237314e-06,-3.61256416411041706e-06,-1.44502566564416699e-05,-1.80628215006640414e-05,-1.80628208205520857e-05
1.14472500000000004e+01,1.14472500000000004e+01,5.43656654272186679e-01,-1.18730864725762331e-02,-1.18730842401490889e-02,-3.60513420056412985e-06,-3.60513352271179001e-06,-1.44205340908471600e-05,-1.80256682914112890e-05,-1.80256676135589496e-05
1.14545000000000012e+01,1.14545000000000012e+01,5.43570608468899485e-01,-1.18636935384444087e-02,-1.18636913105962596e-02,-3.59772353104575227e-06,-3.59772285543982216e-06,-1.43908914217592869e-05,-1.79886149528050388e-05,-1.79886142771991087e-05
1.14617500000000003e+01,1.14617500000000003e+01,5.43484630715879269e-01,-1.18543139713906953e-02,-1.18543117481161083e-02,-3.59033276937738232e-06,-3.59033209601107678e-06,-1.43613283840443088e-05,-1.79516611534216916e-05,-1.79516604800553843e-05
1.14690000000000012e+01,1.14690000000000012e+01,5.43398720916314359e-01,-1.18449477439526163e-02,-1.18449455252488071e-02,-3.58296184953644781e-06,-3.58296117840380330e-06,-1.43318447136152115e-05,-1.79148065631516606e-05,-1.79148058920190165e-05
1.14762500000000003e+01,1.14762500000000003e+01,5.43312878973591928e-01,-1.18355948287600654e-02,-1.18355926146082539e-02,-3.57561070576651049e-06,-3.57561003685674810e-06,-1.43024401474269907e-05,-1.78780508531934999e-05,-1.78780501842837379e-05
1.14835000000000012e+01,1.14835000000000012e+01,5.43227104791297322e-01,-1.18262551984926745e-02,-1.18262529888818139e-02,-3.56827927256324386e-06,-3.56827860586795423e-06,-1.42731144234718169e-05,-1.78413936960350595e-05,-1.78413930293397703e-05
1.14907500000000002e+01,1.14907500000000002e+01,5.43141398273213838e-01,-1.18169288259082350e-02,-1.18169266208300993e-02,-3.56096748468193868e-06,-3.56096682019358790e-06,-1.42438672807743516e-05,-1.78048347654562907e-05,-1.78048341009679391e-05
1.14980000000000011e+01,1.14980000000000011e+01,5.43055759323321618e-01,-1.18076156838640145e-02,-1.18076134832866934e-02,-3.55367527714279319e-06,-3.55367461484674367e-06,-1.42146984593869730e-05,-1.77683737365297645e-05,-1.77683730742337171e-05
1.15052500000000002e+01,1.15052500000000002e+01,5.42970187845797869e-01,-1.17983157452243859e-02,-1.17983135491579461e-02,-3.54640258520200804e-06,-3.54640192509628916e-06,-1.41856077003851566e-05,-1.77320102855871664e-05,-1.77320096254814445e-05
1.15125000000000011e+01,1.15125000000000011e+01,5.42884683745015861e-01,-1.17890289830029360e-02,-1.17890267914227097e-02,-3.53914934439346669e-06,-3.53914868646568212e-06,-1.41565947458627285e-05,-1.76957440902561964e-05,-1.76957434323284098e-05
1.15197500000000002e+01,1.15197500000000002e+01,5.42799246925544376e-01,-1.17797553702203572e-02,-1.17797531831321071e-02,-3.53191549048490443e-06,-3.53191483473182401e-06,-1.41276593389272960e-05,-1.76595748294122005e-05,-1.76595741736591201e-05
1.15270000000000010e+01,1.15270000000000010e+01,5.42713877292147595e-01,-1.17704948800323450e-02,-1.17704926974092905e-02,-3.52470095951523499e-06,-3.52470030592389023e-06,-1.40988012236955609e-05,-1.76235021832107976e-05,-1.76235015296194503e-05
1.15342500000000001e+01,1.15342500000000001e+01,5.42628574749783876e-01,-1.17612474856230165e-02,-1.17612453074492033e-02,-3.51750568776149043e-06,-3.51750503632219508e-06,-1.40700201452887786e-05,-1.75875258330502686e-05,-1.75875251816109745e-05
1.15415000000000010e+01,1.15415000000000010e+01,5.42543339203606090e-01,-1.17520131602404376e-02,-1.17520109865183481e-02,-3.51032961174843242e-06,-3.51032896245703728e-06,-1.40413158498281491e-05,-1.75516454615765807e-05,-1.75516448122851860e-05
1.15487500000000001e+01,1.15487500000000001e+01,5.42458170558960395e-01,-1.17427918772534667e-02,-1.17427897079545492e-02,-3.50317266826446628e-06,-3.50317202110757553e-06,-1.40126880844303038e-05,-1.75158607526947714e-05,-1.75158601055378794e-05
1.15560000000000009e+01,1.15560000000000009e+01,5.42373068721385909e-01,-1.17335836100522783e-02,-1.17335814451667072e-02,-3.49603479433083823e-06,-3.49603414930068078e-06,-1.39841365972027231e-05,-1.74801713915335630e-05,-1.74801707465034047e-05
1.15632500000000000e+01,1.15632500000000000e+01,5.42288033596614705e-01,-1.17243883320981013e-02,-1.17243861716345901e-02,-3.48891592721548564e-06,-3.48891528430983123e-06,-1.39556611372393249e-05,-1.74445770644548123e-05,-1.74445764215491549e-05
1.15705000000000009e+01,1.15705000000000009e+01,5.42203065090570480e-01,-1.17152060169800620e-02,-1.17152038609085705e-02,-3.48181600444886890e-06,-3.48181536365397232e-06,-1.39272614546158876e-05,-1.74090774590647552e-05,-1.74090768182698599e-05
1.15777500000000000e+01,1.15777500000000000e+01,5.42118163109368556e-01,-1.17060366382943926e-02,-1.17060344866094131e-02,-3.47473496378697433e-06,-3.47473432509642015e-06,-1.38989373003856823e-05,-1.73736722641726553e-05,-1.73736716254821016e-05
1.15850000000000009e+01,1.15850000000000009e+01,5.42033327559315214e-01,-1.16968801697439062e-02,-1.16968780224280360e-02,-3.46767274323987653e-06,-3.46767210664374090e-06,-1.38706884265749619e-05,-1.73383611698148389e-05,-1.73383605332187028e-05
1.15922499999999999e+01,1.15922499999999999e+01,5.41948558346907250e-01,-1.16877365850669435e-02,-1.16877344421252825e-02,-3.46062928104960413e-06,-3.46062864654465902e-06,-1.38425145861786361e-05,-1.73031438672282402e-05,-1.73031432327232964e-05
1.15995000000000008e+01,1.15995000000000008e+01,5.41863855378831638e-01,-1.16786058581226371e-02,-1.16786037195316956e-02,-3.45360451571438105e-06,-3.45360388328895096e-06,-1.38144155331558021e-05,-1.72680200488701819e-05,-1.72680194164447548e-05
1.16067499999999999e+01,1.16067499999999999e+01,5.41779218561964426e-01,-1.16694879628127524e-02,-1.16694858285472762e-02,-3.44659838596443481e-06,-3.44659775560636184e-06,-1.37863910224254474e-05,-1.72329894083898805e-05,-1.72329887780318101e-05
1.16140000000000008e+01,1.16140000000000008e+01,5.41694647803370843e-01,-1.16603828730745818e-02,-1.16603807431412687e-02,-3.43961083075892264e-06,-3.43961020246551450e-06,-1.37584408098620597e-05,-1.71980516406209823e-05,-1.71980510123275751e-05
1.16212499999999999e+01,1.16212499999999999e+01,5.41610143010304745e-01,-1.16512905629662100e-02,-1.16512884373519369e-02,-3.43264178931010918e-06,-3.43264116307284006e-06,-1.37305646522913586e-05,-1.71632064416014690e-05,-1.71632058153642003e-05
1.16285000000000007e+01,1.16285000000000007e+01,5.41525704090207727e-01,-1.16422110066096707e-02,-1.16422088852863159e-02,-3.42569120106552714e-06,-3.42569057687148445e-06,-1.37027623074859378e-05,-1.71284535085514649e-05,-1.71284528843574227e-05
1.16357499999999998e+01,1.16357499999999998e+01,5.41441330950709010e-01,-1.16331441781412082e-02,-1.16331420611200179e-02,-3.41875900569237832e-06,-3.41875838354026314e-06,-1.36750335341610542e-05,-1.70937925398534338e-05,-1.70937919177013170e-05
1.16430000000000007e+01,1.16430000000000007e+01,5.41357023499624668e-01,-1.16240900518391754e-02,-1.16240879390969824e-02,-3.41184514311416697e-06,-3.41184452299257822e-06,-1.36473780919703112e-05,-1.70592232350844777e-05,-1.70592226149628886e-05
1.16502499999999998e+01,1.16502499999999998e+01,5.41272781644957401e-01,-1.16150486020032417e-02,-1.16150464935292682e-02,-3.40494955347416806e-06,-3.40494893537537573e-06,-1.36197957415015029e-05,-1.70247452949756693e-05,-1.70247446768768795e-05
1.16575000000000006e+01,1.16575000000000006e+01,5.41188605294895653e-01,-1.16060198030112360e-02,-1.16060176987968187e-02,-3.39807217715116351e-06,-3.39807156106808005e-06,-1.35922862442723185e-05,-1.69903584214234833e-05,-1.69903578053403981e-05
1.16647499999999997e+01,1.16647499999999997e+01,5.41104494357813715e-01,-1.15970036293049361e-02,-1.15970015293472579e-02,-3.39121295475428920e-06,-3.39121234068155882e-06,-1.35648493627262370e-05,-1.69560623174805266e-05,-1.69560617034077962e-05
1.16720000000000006e+01,1.16720000000000006e+01,5.41020448742270621e-01,-1.15880000554255957e-02,-1.15879979596956520e-02,-3.38437182713244093e-06,-3.38437121505707438e-06,-1.35374848602282992e-05,-1.69218566873607393e-05,-1.69218560752853736e-05
1.16792499999999997e+01,1.16792499999999997e+01,5.40936468357010036e-01,-1.15790090559286796e-02,-1.15790069644243002e-02,-3.37754873534837166e-06,-3.37754812526525158e-06,-1.35101925010610046e-05,-1.68877412364093755e-05,-1.68877406263262550e-05
1.16865000000000006e+01,1.16865000000000006e+01,5.40852553110959589e-01,-1.15700306054691282e-02,-1.15700285181825086e-02,-3.37074362070265663e-06,-3.37074301260503811e-06,-1.34829720504201541e-05,-1.68537156711228103e-05,-1.68537150630251927e-05
1.16937500000000014e+01,1.16937500000000014e+01,5.40768702913230648e-01,-1.15610646787729365e-02,-1.15610625956863826e-02,-3.36395642472441371e-06,-3.36395581860269478e-06,-1.34558232744107791e-05,-1.68197796991351945e-05,-1.68197790930134743e-05
1.17010000000000005e+01,1.17010000000000005e+01,5.40684917673117438e-01,-1.15521112506158374e-02,-1.15521091717186008e-02,-3.35718708916413369e-06,-3.35718648501076178e-06,-1.34287459400430505e-05,-1.67859330292071850e-05,-1.67859324250538136e-05
1.17082500000000014e+01,1.17082500000000014e+01,5.40601197300096703e-01,-1.15431702958446181e-02,-1.15431682211281934e-02,-3.35043555599894793e-06,-3.35043495380704557e-06,-1.34017398152281806e-05,-1.67521753712271277e-05,-1.67521747690352270e-05
1.17155000000000005e+01,1.17155000000000005e+01,5.40517541703827709e-01,-1.15342417893700144e-02,-1.15342397188303459e-02,-3.34370176742961513e-06,-3.34370116719361559e-06,-1.33748046687744641e-05,-1.67185064362040809e-05,-1.67185058359680809e-05
1.17227500000000013e+01,1.17227500000000013e+01,5.40433950794150797e-01,-1.15253257061880277e-02,-1.15253236398061617e-02,-3.33698566588575079e-06,-3.33698506759578955e-06,-1.33479402703831599e-05,-1.66849259362689103e-05,-1.66849253379789482e-05
1.17300000000000004e+01,1.17300000000000004e+01,5.40350424481087943e-01,-1.15164220213443969e-02,-1.15164199591024710e-02,-3.33028719401458510e-06,-3.33028659766114616e-06,-1.33211463906445846e-05,-1.66514335846591706e-05,-1.66514329883057325e-05
1.17372500000000013e+01,1.17372500000000013e+01,5.40266962674841311e-01,-1.15075307099345991e-02,-1.15075286518315882e-02,-3.32360629468005395e-06,-3.32360570025851420e-06,-1.32944228010340551e-05,-1.66180290957141082e-05,-1.66180285012925693e-05
1.17445000000000004e+01,1.17445000000000004e+01,5.40183565285793921e-01,-1.14986517471393768e-02,-1.14986496931711417e-02,-3.31694291097215196e-06,-3.31694231847700358e-06,-1.32677692739080126e-05,-1.65847121848801637e-05,-1.65847115923850149e-05
1.17517500000000013e+01,1.17517500000000013e+01,5.40100232224507759e-01,-1.14897851082247371e-02,-1.14897830583638120e-02,-3.31029698620596682e-06,-3.31029639562499601e-06,-1.32411855824999840e-05,-1.65514825687059504e-05,-1.65514819781249809e-05
1.17590000000000003e+01,1.17590000000000003e+01,5.40016963401724670e-01,-1.14809307684780038e-02,-1.14809287227171670e-02,-3.30366846390233305e-06,-3.30366787522919341e-06,-1.32146715009167720e-05,-1.65183399648191067e-05,-1.65183393761459671e-05
1.17662500000000012e+01,1.17662500000000012e+01,5.39933758728364910e-01,-1.14720887032717656e-02,-1.14720866616034173e-02,-3.29705728780536011e-06,-3.29705670103361504e-06,-1.31882268041344585e-05,-1.64852840919398182e-05,-1.64852835051680744e-05
1.17735000000000003e+01,1.17735000000000003e+01,5.39850618115527259e-01,-1.14632588880354547e-02,-1.14632568504592358e-02,-3.29046340187334200e-06,-3.29046281699865300e-06,-1.31618512679946137e-05,-1.64523146698679561e-05,-1.64523140849932680e-05
1.17807500000000012e+01,1.17807500000000012e+01,5.39767541474488355e-01,-1.14544412982908739e-02,-1.14544392647855254e-02,-3.28388675028804120e-06,-3.28388616730008929e-06,-1.31355446692003555e-05,-1.64194314194883971e-05,-1.64194308365004443e-05
1.17880000000000003e+01,1.17880000000000003e+01,5.39684528716702028e-01,-1.14456359095882476e-02,-1.14456338801472261e-02,-3.27732727743543264e-06,-3.27732669632814672e-06,-1.31093067853125869e-05,-1.63866340627480208e-05,-1.63866334816407353e-05
1.17952500000000011e+01,1.17952500000000011e+01,5.39601579753799299e-01,-1.14368426975559601e-02,-1.14368406721731038e-02,-3.27078492791909019e-06,-3.27078434868652620e-06,-1.30831373947461065e-05,-1.63539223226651967e-05,-1.63539217434326323e-05
1.18025000000000002e+01,1.18025000000000002e+01,5.39518694497587381e-01,-1.14280616379076605e-02,-1.14280596165555470e-02,-3.26425964656130816e-06,-3.26425906919146660e-06,-1.30570362767658664e-05,-1.63212959233271754e-05,-1.63212953459573347e-05
1.18097500000000011e+01,1.18097500000000011e+01,5.39435872860049681e-01,-1.14192927063712091e-02,-1.14192906890503536e-02,-3.25775137838189537e-06,-3.25775080287078715e-06,-1.30310032114831520e-05,-1.62887545898650469e-05,-1.62887540143539387e-05
1.18170000000000002e+01,1.18170000000000002e+01,5.39353114753345020e-01,-1.14105358787881528e-02,-1.14105338654765381e-02,-3.25126006862573341e-06,-3.25125949496296034e-06,-1.30050379798518397e-05,-1.62562980484775726e-05,-1.62562974748147987e-05
1.18242500000000010e+01,1.18242500000000010e+01,5.39270420089807301e-01,-1.14017911310142495e-02,-1.14017891217161188e-02,-3.24478566273349042e-06,-3.24478509091615990e-06,-1.29791403636646413e-05,-1.62239260263981309e-05,-1.62239254545808012e-05
1.18315000000000001e+01,1.18315000000000001e+01,5.39187788781945287e-01,-1.13930584390047329e-02,-1.13930564337139262e-02,-3.23832810636507933e-06,-3.23832753638734978e-06,-1.29533101455494008e-05,-1.61916382519144797e-05,-1.61916376819367497e-05
1.18387500000000010e+01,1.18387500000000010e+01,5.39105220742441715e-01,-1.13843377787858913e-02,-1.13843357774773869e-02,-3.23188734539064743e-06,-3.23188677724133972e-06,-1.29275471089653606e-05,-1.61594344543560076e-05,-1.61594338862066999e-05
1.18460000000000001e+01,1.18460000000000001e+01,5.39022715884152959e-01,-1.13756291263982234e-02,-1.13756271290763322e-02,-3.22546332587358629e-06,-3.22546275954987471e-06,-1.29018510381994988e-05,-1.61273143640730860e-05,-1.61273137977493748e-05
1.18532500000000010e+01,1.18532500000000010e+01,5.38940274120108920e-01,-1.13669324580030207e-02,-1.13669304646427955e-02,-3.21905599409993173e-06,-3.21905542959071084e-06,-1.28762217183628451e-05,-1.60952777124627751e-05,-1.60952771479535542e-05
1.18605000000000000e+01,1.18605000000000000e+01,5.38857895363511918e-01,-1.13582477497757850e-02,-1.13582457603708092e-02,-3.21266529654726721e-06,-3.21266473384671069e-06,-1.28506589353868428e-05,-1.60633242319341091e-05,-1.60633236692335543e-05
1.18677500000000009e+01,1.18677500000000009e+01,5.38775579527737136e-01,-1.13495749779701782e-02,-1.13495729925162121e-02,-3.20629117990201342e-06,-3.20629061900492684e-06,-1.28251624760197074e-05,-1.60314536559217199e-05,-1.60314530950246338e-05
1.18750000000000000e+01,1.18750000000000000e+01,5.38693326526331395e-01,-1.13409141189109164e-02,-1.13409121373964500e-02,-3.19993359105655728e-06,-3.19993303195570910e-06,-1.27997321278228364e-05,-1.59996657188793928e-05,-1.59996651597785451e-05
1.18822500000000009e+01,1.18822500000000009e+01,5.38611136273012936e-01,-1.13322651489937698e-02,-1.13322631713903693e-02,-3.19359247710837991e-06,-3.19359191979179224e-06,-1.27743676791671689e-05,-1.59679601562755501e-05,-1.59679595989589603e-05
1.18895000000000000e+01,1.18895000000000000e+01,5.38529008681671084e-01,-1.13236280446145088e-02,-1.13236260709380348e-02,-3.18726778533921329e-06,-3.18726722980741551e-06,-1.27490689192296637e-05,-1.59363367045688770e-05,-1.59363361490370805e-05
1.18967500000000008e+01,1.18967500000000008e+01,5.38446943666366029e-01,-1.13150027823110122e-02,-1.13150008125405249e-02,-3.18095946325425487e-06,-3.18095890949742479e-06,-1.27238356379896992e-05,-1.59047951012439545e-05,-1.59047945474871257e-05
1.19039999999999999e+01,1.19039999999999999e+01,5.38364941141327602e-01,-1.13063893386282643e-02,-1.13063873727597356e-02,-3.17466745854329263e-06,-3.17466690655638872e-06,-1.26986676262255583e-05,-1.58733350847688500e-05,-1.58733345327819474e-05
1.19112500000000008e+01,1.19112500000000008e+01,5.38283001020955831e-01,-1.12977876902107255e-02,-1.12977857282181935e-02,-3.16839171910587801e-06,-3.16839116887772155e-06,-1.26735646755108845e-05,-1.58419563946167612e-05,-1.58419558443886073e-05
1.19184999999999999e+01,1.19184999999999999e+01,5.38201123219819610e-01,-1.12891978137099613e-02,-1.12891958555988506e-02,-3.16213219302455842e-06,-3.16213164455279974e-06,-1.26485265782112006e-05,-1.58106587712357595e-05,-1.58106582227639995e-05
1.19257500000000007e+01,1.19257500000000007e+01,5.38119307652657031e-01,-1.12806196858841190e-02,-1.12806177316449076e-02,-3.15588882859198694e-06,-3.15588828187009838e-06,-1.26235531274803918e-05,-1.57794419560723783e-05,-1.57794414093504902e-05
1.19329999999999998e+01,1.19329999999999998e+01,5.38037554234374271e-01,-1.12720532835410836e-02,-1.12720513331596058e-02,-3.14966157429414050e-06,-3.14966102931431834e-06,-1.25986441172572750e-05,-1.57483056915514168e-05,-1.57483051465715942e-05
1.19402500000000007e+01,1.19402500000000007e+01,5.37955862880045599e-01,-1.12634985835526891e-02,-1.12634966370060412e-02,-3.14345037881349621e-06,-3.14344983556552143e-06,-1.25737993422620874e-05,-1.57172497210755836e-05,-1.57172491778276080e-05
1.19474999999999998e+01,1.19474999999999998e+01,5.37874233504912813e-01,-1.12549555628120856e-02,-1.12549536201069847e-02,-3.13725519101633693e-06,-3.13725464949828041e-06,-1.25490185979931216e-05,-1.56862737890094577e-05,-1.56862732474914012e-05
1.19547500000000007e+01,1.19547500000000007e+01,5.37792666024384802e-01,-1.12464241983261104e-02,-1.12464222594446713e-02,-3.13107595997772347e-06,-3.13107542018081079e-06,-1.25243016807232415e-05,-1.56553776407009658e-05,-1.56553771009040531e-05
1.19619999999999997e+01,1.19619999999999997e+01,5.37711160354037099e-01,-1.12379044671229167e-02,-1.12379025320606309e-02,-3.12491263495493120e-06,-3.12491209687413480e-06,-1.24996483874965409e-05,-1.56245610224514717e-05,-1.56245604843706748e-05
1.19692500000000006e+01,1.19692500000000006e+01,5.37629716409611547e-01,-1.12293963463017121e-02,-1.12293944150554867e-02,-3.11876516540052361e-06,-3.11876462903122419e-06,-1.24750585161248968e-05,-1.55938236815254191e-05,-1.55938231451561201e-05
1.19764999999999997e+01,1.19764999999999997e+01,5.37548334107015635e-01,-1.12208998130469695e-02,-1.12208978855887712e-02,-3.11263350096549308e-06,-3.11263296629616550e-06,-1.24505318651846603e-05,-1.55631653661501521e-05,-1.55631648314808245e-05
1.19837500000000006e+01,1.19837500000000006e+01,5.37467013362322277e-01,-1.12124148445573724e-02,-1.12124129208787376e-02,-3.10651759147873561e-06,-3.10651705850331468e-06,-1.24260682340132604e-05,-1.55325858254919947e-05,-1.55325852925165738e-05
1.19910000000000014e+01,1.19910000000000014e+01,5.37385754091769585e-01,-1.12039414180955532e-02,-1.12039394982021839e-02,-3.10041738696011540e-06,-3.10041685567647507e-06,-1.24016674227059003e-05,-1.55020848096660157e-05,-1.55020842783823771e-05
1.19982500000000005e+01,1.19982500000000005e+01,5.37304556211759876e-01,-1.11954795110165151e-02,-1.11954775948942525e-02,-3.09433283762753089e-06,-3.09433230802805887e-06,-1.23773292321122355e-05,-1.54716620697397655e-05,-1.54716615401402960e-05
1.20055000000000014e+01,1.20055000000000014e+01,5.37223419638859778e-01,-1.11870291007107880e-02,-1.11870271883482506e-02,-3.08826389388038564e-06,-3.08826336595826079e-06,-1.23530534638330431e-05,-1.54413173577134288e-05,-1.54413168297913048e-05
1.20127500000000005e+01,1.20127500000000005e+01,5.37142344289799567e-01,-1.11785901646257457e-02,-1.11785882560154742e-02,-3.08221050630474392e-06,-3.08220998005424706e-06,-1.23288399202169882e-05,-1.54110504265217317e-05,-1.54110499002712340e-05
1.20200000000000014e+01,1.20200000000000014e+01,5.37061330081472610e-01,-1.11701626802940268e-02,-1.11701607754050025e-02,-3.07617262568038429e-06,-3.07617210108932491e-06,-1.23046884043573013e-05,-1.53808610300376861e-05,-1.53808605054466275e-05
1.20272500000000004e+01,1.20272500000000004e+01,5.36980376930935366e-01,-1.11617466252340591e-02,-1.11617447240835461e-02,-3.07015020295263365e-06,-3.07014968002214340e-06,-1.22805987200885753e-05,-1.53507489230412081e-05,-1.53507484001107170e-05
1.20345000000000013e+01,1.20345000000000013e+01,5.36899484755406720e-01,-1.11533419771063791e-02,-1.11533400796752398e-02,-3.06414318927467149e-06,-3.06414266799587347e-06,-1.22565706719834956e-05,-1.53207138612581671e-05,-1.53207133399793699e-05
1.20417500000000004e+01,1.20417500000000004e+01,5.36818653472267315e-01,-1.11449487135928393e-02,-1.11449468198614680e-02,-3.05815153597349312e-06,-3.05815101633740920e-06,-1.22326040653496385e-05,-1.52907556013231325e-05,-1.52907550816870473e-05
1.20490000000000013e+01,1.20490000000000013e+01,5.36737882999059668e-01,-1.11365668124037143e-02,-1.11365649223806873e-02,-3.05217519455115607e-06,-3.05217467655656271e-06,-1.22086987062262491e-05,-1.52608739007774056e-05,-1.52608733827828127e-05
1.20562500000000004e+01,1.20562500000000004e+01,5.36657173253487496e-01,-1.11281962513558597e-02,-1.11281943650282534e-02,-3.04621411670548708e-06,-3.04621360034527471e-06,-1.21848544013810972e-05,-1.52310685180865838e-05,-1.52310680017263714e-05
1.20635000000000012e+01,1.20635000000000012e+01,5.36576524153415058e-01,-1.11198370083087639e-02,-1.11198351256562144e-02,-3.04026825431176124e-06,-3.04026773957680858e-06,-1.21610709583072343e-05,-1.52013392126189947e-05,-1.52013386978840421e-05
1.20707500000000003e+01,1.20707500000000003e+01,5.36495935616867037e-01,-1.11114890611432315e-02,-1.11114871821731669e-02,-3.03433755941617131e-06,-3.03433704630497572e-06,-1.21373481852199029e-05,-1.51716857446360742e-05,-1.51716852315248786e-05
1.20780000000000012e+01,1.20780000000000012e+01,5.36415407562028435e-01,-1.11031523878537541e-02,-1.11031505125440549e-02,-3.02842198426033918e-06,-3.02842147276334064e-06,-1.21136858910533609e-05,-1.51421078753136996e-05,-1.51421073638167015e-05
1.20852500000000003e+01,1.20852500000000003e+01,5.36334939907243125e-01,-1.10948269664490340e-02,-1.10948250947899944e-02,-3.02252148125339177e-06,-3.02252097136444378e-06,-1.20900838854577734e-05,-1.51126053667111648e-05,-1.51126048568222180e-05
1.20925000000000011e+01,1.20925000000000011e+01,5.36254532571014852e-01,-1.10865127750017223e-02,-1.10865109069881087e-02,-3.01663600298482996e-06,-3.01663549469902056e-06,-1.20665419787960806e-05,-1.50831779817809105e-05,-1.50831774734951007e-05
1.20997500000000002e+01,1.20997500000000002e+01,5.36174185472005682e-01,-1.10782097916484190e-02,-1.10782079272713409e-02,-3.01076550222379674e-06,-3.01076499553523441e-06,-1.20430599821409376e-05,-1.50538254843647352e-05,-1.50538249776761721e-05
1.21070000000000011e+01,1.21070000000000011e+01,5.36093898529035995e-01,-1.10699179945825676e-02,-1.10699161338282809e-02,-3.00490993191640446e-06,-3.00490942681789873e-06,-1.20196377072715949e-05,-1.50245476391879994e-05,-1.50245471340894932e-05
1.21142500000000002e+01,1.21142500000000002e+01,5.36013671661084268e-01,-1.10616373620402442e-02,-1.10616355049029912e-02,-2.99906924518117139e-06,-2.99906874166771884e-06,-1.19962749666708754e-05,-1.49953442118520463e-05,-1.49953437083385946e-05
1.21215000000000011e+01,1.21215000000000011e+01,5.35933504787286408e-01,-1.10533678723285789e-02,-1.10533660187948340e-02,-2.99324339531601228e-06,-2.99324289338052028e-06,-1.19729715735220811e-05,-1.49662149688380934e-05,-1.49662144669026014e-05
1.21287500000000001e+01,1.21287500000000001e+01,5.35853397826935529e-01,-1.10451095037831237e-02,-1.10451076538583028e-02,-2.98743233578598226e-06,-2.98743183542650390e-06,-1.19497273417060156e-05,-1.49371596774919974e-05,-1.49371591771325204e-05
1.21360000000000010e+01,1.21360000000000010e+01,5.35773350699481510e-01,-1.10368622348460121e-02,-1.10368603885028314e-02,-2.98163602024371867e-06,-2.98163552144947630e-06,-1.19265420857979086e-05,-1.49081781060416273e-05,-1.49081776072473840e-05
1.21432500000000001e+01,1.21432500000000001e+01,5.35693363324530325e-01,-1.10286260439522721e-02,-1.10286242011926449e-02,-2.97585440249798056e-06,-2.97585390526611079e-06,-1.19034156210644432e-05,-1.48792700235624233e-05,-1.48792695263305544e-05
1.21505000000000010e+01,1.21505000000000010e+01,5.35613435621844158e-01,-1.10204009096435129e-02,-1.10203990704465689e-02,-2.97008743654368621e-06,-2.97008694086519101e-06,-1.18803477634607640e-05,-1.48504352000044502e-05,-1.48504347043259551e-05
1.21577500000000001e+01,1.21577500000000001e+01,5.35533567511340625e-01,-1.10121868104613441e-02,-1.10121849748378731e-02,-2.96433507653244185e-06,-2.96433458240687568e-06,-1.18573383296275027e-05,-1.48216734061599454e-05,-1.48216729120343784e-05
1.21650000000000009e+01,1.21650000000000009e+01,5.35453758913092437e-01,-1.10039837250752726e-02,-1.10039818929940896e-02,-2.95859727680632095e-06,-2.95859678422195028e-06,-1.18343871368877994e-05,-1.47929844136941204e-05,-1.47929839211097501e-05
1.21722500000000000e+01,1.21722500000000000e+01,5.35374009747327073e-01,-1.09957916321263838e-02,-1.09957898035968511e-02,-2.95287399185508010e-06,-2.95287350081109899e-06,-1.18114940032443960e-05,-1.47643679950994769e-05,-1.47643675040554954e-05
1.21795000000000009e+01,1.21795000000000009e+01,5.35294319934426555e-01,-1.09876105103765553e-02,-1.09876086853817178e-02,-2.94716517635562108e-06,-2.94716468684416356e-06,-1.17886587473766542e-05,-1.47358239237322753e-05,-1.47358234342208169e-05
1.21867500000000000e+01,1.21867500000000000e+01,5.35214689394926668e-01,-1.09794403386018757e-02,-1.09794385171380123e-02,-2.94147078514265213e-06,-2.94147029715942373e-06,-1.17658811886376949e-05,-1.47073519737803471e-05,-1.47073514857971191e-05
1.21940000000000008e+01,1.21940000000000008e+01,5.35135118049516745e-01,-1.09712810956636986e-02,-1.09712792777086413e-02,-2.93579077322707831e-06,-2.93579028676285993e-06,-1.17431611470514397e-05,-1.46789519202785176e-05,-1.46789514338142992e-05
1.22012499999999999e+01,1.22012499999999999e+01,5.35055605819039548e-01,-1.09631327604304829e-02,-1.09631309459899511e-02,-2.93012509577438948e-06,-2.93012461082744470e-06,-1.17204984433097788e-05,-1.46506235390841679e-05,-1.46506230541372244e-05
1.22085000000000008e+01,1.22085000000000008e+01,5.34976152624490497e-01,-1.09549953118701637e-02,-1.09549935009315320e-02,-2.92447370812871305e-06,-2.92447322469241172e-06,-1.16978928987696469e-05,-1.46223666068983591e-05,-1.46223661234620582e-05
1.22157499999999999e+01,1.22157499999999999e+01,5.34896758387017335e-01,-1.09468687289933087e-02,-1.09468669215360779e-02,-2.91883656579691854e-06,-2.91883608386255105e-06,-1.16753443354502025e-05,-1.45941809012471202e-05,-1.45941804193127527e-05
1.22230000000000008e+01,1.22230000000000008e+01,5.34817423027920125e-01,-1.09387529908318015e-02,-1.09387511868592018e-02,-2.91321362444228311e-06,-2.91321314400748750e-06,-1.16528525760299517e-05,-1.45660662004722340e-05,-1.45660657200374400e-05
1.22302499999999998e+01,1.22302499999999998e+01,5.34738146468650366e-01,-1.09306480765098968e-02,-1.09306462760092871e-02,-2.90760483990278783e-06,-2.90760436096098562e-06,-1.16304174438439425e-05,-1.45380222837467307e-05,-1.45380218048049289e-05
1.22375000000000007e+01,1.22375000000000007e+01,5.34658928630810770e-01,-1.09225539651802706e-02,-1.09225521681473089e-02,-2.90201016817339225e-06,-2.90200969072023012e-06,-1.16080387628809222e-05,-1.45100489310543140e-05,-1.45100484536011523e-05
1.22447499999999998e+01,1.22447499999999998e+01,5.34579769436155261e-01,-1.09144706360595478e-02,-1.09144688424866829e-02,-2.89642956541485420e-06,-2.89642908944513983e-06,-1.15857163577805610e-05,-1.44821459231954152e-05,-1.44821454472257013e-05
1.22520000000000007e+01,1.22520000000000007e+01,5.34500668806587864e-01,-1.09063980684354078e-02,-1.09063962782930922e-02,-2.89086298795493120e-06,-2.89086251345765613e-06,-1.15634500538306245e-05,-1.44543130417855553e-05,-1.44543125672882811e-05
1.22592499999999998e+01,1.22592499999999998e+01,5.34421626664163041e-01,-1.08983362415742135e-02,-1.08983344548843324e-02,-2.88531039226325078e-06,-2.88530991924106030e-06,-1.15412396769642429e-05,-1.44265500692274928e-05,-1.44265495962053028e-05
1.22665000000000006e+01,1.22665000000000006e+01,5.34342642931085021e-01,-1.08902851348915419e-02,-1.08902833516301509e-02,-2.87977173499586733e-06,-2.87977126343927466e-06,-1.15190850537570986e-05,-1.43988567887529656e-05,-1.43988563171963729e-05
1.22737499999999997e+01,1.22737499999999997e+01,5.34263717529707138e-01,-1.08822447277887591e-02,-1.08822429479520748e-02,-2.87424697295130575e-06,-2.87424650285618034e-06,-1.14969860114247213e-05,-1.43712329843760275e-05,-1.43712325142809021e-05
1.22810000000000006e+01,1.22810000000000006e+01,5.34184850382532050e-01,-1.08742149997524962e-02,-1.08742132233232633e-02,-2.86873606309625959e-06,-2.86873559445492774e-06,-1.14749423778197127e-05,-1.43436784409159731e-05,-1.43436779722746408e-05
1.22882500000000014e+01,1.22882500000000014e+01,5.34106041412210741e-01,-1.08661959302978062e-02,-1.08661941572683399e-02,-2.86323896254992857e-06,-2.86323849535726235e-06,-1.14529539814290494e-05,-1.43161929439789784e-05,-1.43161924767863113e-05
1.22955000000000005e+01,1.22955000000000005e+01,5.34027290541542743e-01,-1.08581874989894800e-02,-1.08581857293632376e-02,-2.85775562858902328e-06,-2.85775516284284285e-06,-1.14310206513713697e-05,-1.42887762799603934e-05,-1.42887758142142130e-05
1.23027500000000014e+01,1.23027500000000014e+01,5.33948597693475357e-01,-1.08501896854846791e-02,-1.08501879192350343e-02,-2.85228601865834248e-06,-2.85228555434856390e-06,-1.14091422173942573e-05,-1.42614282360526006e-05,-1.42614277717428204e-05
1.23100000000000005e+01,1.23100000000000005e+01,5.33869962791103325e-01,-1.08422024694192487e-02,-1.08422007065618053e-02,-2.84683009034023544e-06,-2.84682962746789635e-06,-1.13873185098715854e-05,-1.42341486002118200e-05,-1.42341481373394817e-05
1.23172500000000014e+01,1.23172500000000014e+01,5.33791385757668713e-01,-1.08342258305640371e-02,-1.08342240710724517e-02,-2.84138780139507366e-06,-2.84138733995020404e-06,-1.13655493598008162e-05,-1.42069371611958898e-05,-1.42069366997510206e-05
1.23245000000000005e+01,1.23245000000000005e+01,5.33712866516560136e-01,-1.08262597486756817e-02,-1.08262579925465559e-02,-2.83595910972142287e-06,-2.83595864970009461e-06,-1.13438345988003784e-05,-1.41797937085218017e-05,-1.41797932485004730e-05
1.23317500000000013e+01,1.23317500000000013e+01,5.33634404991312872e-01,-1.08183042035960852e-02,-1.08183024508142159e-02,-2.83054397338153794e-06,-2.83054351477674523e-06,-1.13221740591069809e-05,-1.41527180324885180e-05,-1.41527175738837266e-05
1.23390000000000004e+01,1.23390000000000004e+01,5.33556001105607969e-01,-1.08103591751955719e-02,-1.08103574257558954e-02,-2.82514235058584648e-06,-2.82514189339325547e-06,-1.13005675735730219e-05,-1.41257099241588688e-05,-1.41257094669662778e-05
1.23462500000000013e+01,1.23462500000000013e+01,5.33477654783272581e-01,-1.08024246433870985e-02,-1.08024228973022680e-02,-2.81975419969606930e-06,-2.81975374391598323e-06,-1.12790149756639329e-05,-1.40987691753600027e-05,-1.40987687195799170e-05
1.23535000000000004e+01,1.23535000000000004e+01,5.33399365948278747e-01,-1.07945005882044143e-02,-1.07944988454340626e-02,-2.81437947924500798e-06,-2.81437902486390186e-06,-1.12575160994556074e-05,-1.40718955787006154e-05,-1.40718951243195097e-05
1.23607500000000012e+01,1.23607500000000012e+01,5.33321134524743612e-01,-1.07865869896386357e-02,-1.07865852501818973e-02,-2.80901814789326019e-06,-2.80901769490794154e-06,-1.12360707796317662e-05,-1.40450889275250272e-05,-1.40450884745397081e-05
1.23680000000000003e+01,1.23680000000000003e+01,5.33242960436929092e-01,-1.07786838277590391e-02,-1.07786820916261541e-02,-2.80367016446018381e-06,-2.80366971287035618e-06,-1.12146788514814230e-05,-1.40183490159416073e-05,-1.40183485643517801e-05
1.23752500000000012e+01,1.23752500000000012e+01,5.33164843609241101e-01,-1.07707910827343767e-02,-1.07707893498967915e-02,-2.79833548792877972e-06,-2.79833503772406653e-06,-1.11933401508962644e-05,-1.39916756388250441e-05,-1.39916751886203309e-05
1.23825000000000003e+01,1.23825000000000003e+01,5.33086783966229438e-01,-1.07629087347120844e-02,-1.07629070051732164e-02,-2.79301407741368063e-06,-2.79301362859203545e-06,-1.11720545143681435e-05,-1.39650685917818237e-05,-1.39650681429601798e-05
1.23897500000000012e+01,1.23897500000000012e+01,5.33008781432587786e-01,-1.07550367639319688e-02,-1.07550350376841280e-02,-2.78770589219012099e-06,-2.78770544474662255e-06,-1.11508217789864902e-05,-1.39385276711766112e-05,-1.39385272237331136e-05
1.23970000000000002e+01,1.23970000000000002e+01,5.32930835933152380e-01,-1.07471751506764690e-02,-1.07471734277073561e-02,-2.78241089168040637e-06,-2.78241044560895434e-06,-1.11296417824358157e-05,-1.39120526741162216e-05,-1.39120522280447700e-05
1.24042500000000011e+01,1.24042500000000011e+01,5.32852947392902898e-01,-1.07393238752635511e-02,-1.07393221555697211e-02,-2.77712903545148935e-06,-2.77712859074829199e-06,-1.11085143629931663e-05,-1.38856433984446565e-05,-1.38856429537414579e-05
1.24115000000000002e+01,1.24115000000000002e+01,5.32775115736961014e-01,-1.07314829180822358e-02,-1.07314812016468808e-02,-2.77186028322358548e-06,-2.77185983988140956e-06,-1.10874393595256348e-05,-1.38592996427492207e-05,-1.38592991994070448e-05
1.24187500000000011e+01,1.24187500000000011e+01,5.32697340890590620e-01,-1.07236522595570705e-02,-1.07236505463631730e-02,-2.76660459486038033e-06,-2.76660415287196127e-06,-1.10664166114878434e-05,-1.38330212063482241e-05,-1.38330207643598051e-05
1.24260000000000002e+01,1.24260000000000002e+01,5.32619622779197499e-01,-1.07158318801268138e-02,-1.07158301701914833e-02,-2.76136193036298296e-06,-2.76136148972987336e-06,-1.10454459589194918e-05,-1.38068078892824751e-05,-1.38068074486493647e-05
1.24332500000000010e+01,1.24332500000000010e+01,5.32541961328328761e-01,-1.07080217603510164e-02,-1.07080200536530824e-02,-2.75613224989682086e-06,-2.75613181061071176e-06,-1.10245272424428470e-05,-1.37806594923396687e-05,-1.37806590530535592e-05
1.24405000000000001e+01,1.24405000000000001e+01,5.32464356463672406e-01,-1.07002218807892291e-02,-1.07002201773174800e-02,-2.75091551375991100e-06,-2.75091507581507984e-06,-1.10036603032603177e-05,-1.37545758170202291e-05,-1.37545753790753979e-05
1.24477500000000010e+01,1.24477500000000010e+01,5.32386808111057319e-01,-1.06924322220507406e-02,-1.06924305218022795e-02,-2.74571168239511721e-06,-2.74571124578799502e-06,-1.09828449831519784e-05,-1.37285566655470960e-05,-1.37285562289399738e-05
1.24550000000000001e+01,1.24550000000000001e+01,5.32309316196452720e-01,-1.06846527648016831e-02,-1.06846510677730371e-02,-2.74052071639141227e-06,-2.74052028111829074e-06,-1.09620811244731629e-05,-1.37026018408645748e-05,-1.37026014055914533e-05
1.24622500000000009e+01,1.24622500000000009e+01,5.32231880645967603e-01,-1.06768834897650322e-02,-1.06768817959430988e-02,-2.73534257648328540e-06,-2.73534214253800025e-06,-1.09413685701519993e-05,-1.36767111466352851e-05,-1.36767107126899996e-05
1.24695000000000000e+01,1.24695000000000000e+01,5.32154501385851075e-01,-1.06691243777063960e-02,-1.06691226870734811e-02,-2.73017722354653254e-06,-2.73017679092176286e-06,-1.09207071636870514e-05,-1.36508843872335848e-05,-1.36508839546088135e-05
1.24767500000000009e+01,1.24767500000000009e+01,5.32077178342490908e-01,-1.06613754094198043e-02,-1.06613737219726865e-02,-2.72502461859406518e-06,-2.72502418728621235e-06,-1.09000967491448477e-05,-1.36251213677389137e-05,-1.36251209364310601e-05
1.24840000000000000e+01,1.24840000000000000e+01,5.31999911442414541e-01,-1.06536365657490251e-02,-1.06536348814966070e-02,-2.71988472278082319e-06,-2.71988429278939339e-06,-1.08795371711575736e-05,-1.35994218939383976e-05,-1.35994214639469670e-05
1.24912500000000009e+01,1.24912500000000009e+01,5.31922700612287525e-01,-1.06459078276230912e-02,-1.06459061465483344e-02,-2.71475749741226885e-06,-2.71475706873015251e-06,-1.08590282749206100e-05,-1.35737857723328789e-05,-1.35737853436507630e-05
1.24984999999999999e+01,1.24984999999999999e+01,5.31845545778913964e-01,-1.06381891759781411e-02,-1.06381874980780479e-02,-2.70964290392387255e-06,-2.70964247654755830e-06,-1.08385699061902349e-05,-1.35482128101141079e-05,-1.35482123827377932e-05
1.25057500000000008e+01,1.25057500000000008e+01,5.31768446869235745e-01,-1.06304805918284728e-02,-1.06304789170828563e-02,-2.70454090389869131e-06,-2.70454047782030427e-06,-1.08181619112812154e-05,-1.35227028151799063e-05,-1.35227023891015188e-05
1.25129999999999999e+01,1.25129999999999999e+01,5.31691403810332419e-01,-1.06227820562097008e-02,-1.06227803846066574e-02,-2.69945145905233218e-06,-2.69945103426612736e-06,-1.07978041370645095e-05,-1.34972555961168421e-05,-1.34972551713306372e-05
1.25202500000000008e+01,1.25202500000000008e+01,5.31614416529420653e-01,-1.06150935502000721e-02,-1.06150918817399936e-02,-2.69437453123784942e-06,-2.69437410774121966e-06,-1.07774964309648786e-05,-1.34718709622027281e-05,-1.34718705387060987e-05
1.25274999999999999e+01,1.25274999999999999e+01,5.31537484953854444e-01,-1.06074150549417823e-02,-1.06074133896199244e-02,-2.68931008245061535e-06,-2.68930966023965836e-06,-1.07572386409586351e-05,-1.34465487234092496e-05,-1.34465483011982943e-05
1.25347500000000007e+01,1.25347500000000007e+01,5.31460609011124019e-01,-1.05997465516267653e-02,-1.05997448894298643e-02,-2.68425807482414657e-06,-2.68425765389281284e-06,-1.07370306155712531e-05,-1.34212886903954001e-05,-1.34212882694640659e-05
1.25419999999999998e+01,1.25419999999999998e+01,5.31383788628855935e-01,-1.05920880214682711e-02,-1.05920863623994565e-02,-2.67921847062237820e-06,-2.67921805096878350e-06,-1.07168722038751340e-05,-1.33960906744975126e-05,-1.33960902548439175e-05
1.25492500000000007e+01,1.25492500000000007e+01,5.31307023734812756e-01,-1.05844394457648150e-02,-1.05844377898044253e-02,-2.67419123225531279e-06,-2.67419081387181901e-06,-1.06967632554872761e-05,-1.33709544877425897e-05,-1.33709540693590951e-05
1.25564999999999998e+01,1.25564999999999998e+01,5.31230314256892378e-01,-1.05768008058149121e-02,-1.05767991529664394e-02,-2.66917632225691915e-06,-2.66917590514175472e-06,-1.06767036205670206e-05,-1.33458799428239401e-05,-1.33458795257087757e-05
1.25637500000000006e+01,1.25637500000000006e+01,5.31153660123128368e-01,-1.05691720830094482e-02,-1.05691704332529762e-02,-2.66417370330794375e-06,-2.66417328745344048e-06,-1.06566931498137619e-05,-1.33208668531217048e-05,-1.33208664372672032e-05
1.25709999999999997e+01,1.25709999999999997e+01,5.31077061261688743e-01,-1.05615532587464145e-02,-1.05615516120771760e-02,-2.65918333821385190e-06,-2.65918292361617908e-06,-1.06367316944647163e-05,-1.32959150326785686e-05,-1.32959146180808945e-05
1.25782500000000006e+01,1.25782500000000006e+01,5.31000517600876520e-01,-1.05539443144806455e-02,-1.05539426708977108e-02,-2.65420518991685982e-06,-2.65420477657316337e-06,-1.06168191062926518e-05,-1.32710242962095116e-05,-1.32710238828658156e-05
1.25855000000000015e+01,1.25855000000000015e+01,5.30924029069128722e-01,-1.05463452317238193e-02,-1.05463435912186380e-02,-2.64923922149539935e-06,-2.64923880940091768e-06,-1.05969552376036707e-05,-1.32461944590990696e-05,-1.32461940470045880e-05
1.25927500000000006e+01,1.25927500000000006e+01,5.30847595595016486e-01,-1.05387559920231411e-02,-1.05387543545892772e-02,-2.64428539615822893e-06,-2.64428498530874593e-06,-1.05771399412349820e-05,-1.32214253373932114e-05,-1.32214249265437276e-05
1.26000000000000014e+01,1.26000000000000014e+01,5.30771217107244397e-01,-1.05311765769755539e-02,-1.05311749426040546e-02,-2.63934367724748843e-06,-2.63934326763816755e-06,-1.05573730705526719e-05,-1.31967167478001599e-05,-1.31967163381908390e-05
1.26072500000000005e+01,1.26072500000000005e+01,5.30694893534650269e-01,-1.05236069682348443e-02,-1.05236053369023828e-02,-2.63441402823995786e-06,-2.63441361986238001e-06,-1.05376544794495200e-05,-1.31720685076894779e-05,-1.31720680993119005e-05
1.26145000000000014e+01,1.26145000000000014e+01,5.30618624806205030e-01,-1.05160471474619044e-02,-1.05160455191685154e-02,-2.62949641273408332e-06,-2.62949600558569723e-06,-1.05179840223427872e-05,-1.31474804350768701e-05,-1.31474800279284849e-05
1.26217500000000005e+01,1.26217500000000005e+01,5.30542410851012169e-01,-1.05084970963815749e-02,-1.05084954711314234e-02,-2.62459079446372438e-06,-2.62459038854301599e-06,-1.04983615541720640e-05,-1.31229523486357879e-05,-1.31229519427150804e-05
1.26290000000000013e+01,1.26290000000000013e+01,5.30466251598307514e-01,-1.05009567967826456e-02,-1.05009551745646416e-02,-2.61969713729761114e-06,-2.61969673259926362e-06,-1.04787869303970545e-05,-1.30984840676946661e-05,-1.30984836629963185e-05
1.26362500000000004e+01,1.26362500000000004e+01,5.30390146977458898e-01,-1.04934262304681170e-02,-1.04934246112861583e-02,-2.61481540522641680e-06,-2.61481500174886441e-06,-1.04592600069954593e-05,-1.30740754122218761e-05,-1.30740750087443233e-05
1.26435000000000013e+01,1.26435000000000013e+01,5.30314096917965605e-01,-1.04859053793333601e-02,-1.04859037631582549e-02,-2.60994556238175022e-06,-2.60994516011519406e-06,-1.04397806404607762e-05,-1.30497262028425265e-05,-1.30497258005759699e-05
1.26507500000000004e+01,1.26507500000000004e+01,5.30238101349458590e-01,-1.04783942252524298e-02,-1.04783926120873977e-02,-2.60508757300732215e-06,-2.60508717195005248e-06,-1.04203486878002116e-05,-1.30254362608075338e-05,-1.30254358597502641e-05
1.26580000000000013e+01,1.26580000000000013e+01,5.30162160201699484e-01,-1.04708927501988569e-02,-1.04708911400240839e-02,-2.60024140148853202e-06,-2.60024100163312248e-06,-1.04009640065324899e-05,-1.30012054080210228e-05,-1.30012050081656116e-05
1.26652500000000003e+01,1.26652500000000003e+01,5.30086273404580810e-01,-1.04634009361390667e-02,-1.04633993289627285e-02,-2.59540701232545778e-06,-2.59540661367144801e-06,-1.03816264546857937e-05,-1.29770334670112511e-05,-1.29770330683572409e-05
1.26725000000000012e+01,1.26725000000000012e+01,5.30010440888125434e-01,-1.04559187651318553e-02,-1.04559171609415139e-02,-2.59058437015707725e-06,-2.59058397269889886e-06,-1.03623358907955954e-05,-1.29529202609526727e-05,-1.29529198634944951e-05
1.26797500000000003e+01,1.26797500000000003e+01,5.29934662582486449e-01,-1.04484462192502292e-02,-1.04484446180422800e-02,-2.58577343974136451e-06,-2.58577304347565180e-06,-1.03430921739026089e-05,-1.29288656136439743e-05,-1.29288652173782615e-05
1.26870000000000012e+01,1.26870000000000012e+01,5.29858938417946290e-01,-1.04409832806240388e-02,-1.04409816823903649e-02,-2.58097418596537721e-06,-2.58097379088765871e-06,-1.03238951635506331e-05,-1.29048693495160103e-05,-1.29048689544382918e-05
1.26942500000000003e+01,1.26942500000000003e+01,5.29783268324917400e-01,-1.04335299314186614e-02,-1.04335283361545062e-02,-2.57618657383949128e-06,-2.57618617994613744e-06,-1.03047447197845515e-05,-1.28809312936240427e-05,-1.28809308997306881e-05
1.27015000000000011e+01,1.27015000000000011e+01,5.29707652233940673e-01,-1.04260861538634231e-02,-1.04260845615466793e-02,-2.57141056850393025e-06,-2.57141017578704292e-06,-1.02856407031481717e-05,-1.28570512716521011e-05,-1.28570508789352142e-05
1.27087500000000002e+01,1.27087500000000002e+01,5.29632090075686346e-01,-1.04186519301876501e-02,-1.04186503408219989e-02,-2.56664613521250265e-06,-2.56664574367056098e-06,-1.02665829746822439e-05,-1.28332291098947461e-05,-1.28332287183528040e-05
1.27160000000000011e+01,1.27160000000000011e+01,5.29556581780952995e-01,-1.04112272426988284e-02,-1.04112256562785659e-02,-2.56189323935140996e-06,-2.56189284898058705e-06,-1.02475713959223482e-05,-1.28094646352737582e-05,-1.28094642449029357e-05
1.27232500000000002e+01,1.27232500000000002e+01,5.29481127280667208e-01,-1.04038120737470763e-02,-1.04038104902573481e-02,-2.55715184642999064e-06,-2.55715145722422131e-06,-1.02286058288968852e-05,-1.27857576753268763e-05,-1.27857572861211070e-05
1.27305000000000010e+01,1.27305000000000010e+01,5.29405726505883689e-01,-1.03964064056967231e-02,-1.03964048251420534e-02,-2.55242192207326117e-06,-2.55242153403125624e-06,-1.02096861361250250e-05,-1.27621080581982866e-05,-1.27621076701562812e-05
1.27377500000000001e+01,1.27377500000000001e+01,5.29330379387784600e-01,-1.03890102209902579e-02,-1.03890086433590031e-02,-2.54770343203716859e-06,-2.54770304515367561e-06,-1.01908121806147041e-05,-1.27385156126518727e-05,-1.27385152257683797e-05
1.27450000000000010e+01,1.27450000000000010e+01,5.29255085857679330e-01,-1.03816235020914860e-02,-1.03816219273769970e-02,-2.54299634219413795e-06,-2.54299595646514411e-06,-1.01719838258605781e-05,-1.27149801680547161e-05,-1.27149797823257222e-05
1.27522500000000001e+01,1.27522500000000001e+01,5.29179845847004282e-01,-1.03742462315139505e-02,-1.03742446597071946e-02,-2.53830061853959242e-06,-2.53830023396051356e-06,-1.01532009358420559e-05,-1.26915015543816492e-05,-1.26915011698025687e-05
1.27595000000000010e+01,1.27595000000000010e+01,5.29104659287322310e-01,-1.03668783918209328e-02,-1.03668768229029790e-02,-2.53361622719146997e-06,-2.53361584375531511e-06,-1.01344633750212605e-05,-1.26680796022127300e-05,-1.26680792187765764e-05
1.27667500000000000e+01,1.27667500000000000e+01,5.29029526110322945e-01,-1.03595199655686088e-02,-1.03595183995598521e-02,-2.52894313437587301e-06,-2.52894275208527432e-06,-1.01157710083410990e-05,-1.26447141427169720e-05,-1.26447137604263729e-05
1.27740000000000009e+01,1.27740000000000009e+01,5.28954446247821508e-01,-1.03521709354481573e-02,-1.03521693723152789e-02,-2.52428130646132535e-06,-2.52428092530580459e-06,-1.00971237012232183e-05,-1.26214050076845433e-05,-1.26214046265290225e-05
1.27812500000000000e+01,1.27812500000000000e+01,5.28879419631758996e-01,-1.03448312841010193e-02,-1.03448297238485868e-02,-2.51963070991318314e-06,-2.51963032989152440e-06,-1.00785213195660993e-05,-1.25981520294792820e-05,-1.25981516494576233e-05
1.27885000000000009e+01,1.27885000000000009e+01,5.28804446194202082e-01,-1.03375009942610063e-02,-1.03374994368808319e-02,-2.51499131132787797e-06,-2.51499093243576350e-06,-1.00599637297430523e-05,-1.25749550410709311e-05,-1.25749546621788162e-05
1.27957500000000000e+01,1.27957500000000000e+01,5.28729525867342232e-01,-1.03301800486832462e-02,-1.03301784941746723e-02,-2.51036307741512061e-06,-2.51036269965007622e-06,-1.00414507986003015e-05,-1.25518138760154225e-05,-1.25518134982503782e-05
1.28030000000000008e+01,1.28030000000000008e+01,5.28654658583496140e-01,-1.03228684301797102e-02,-1.03228668785342523e-02,-2.50574597500609950e-06,-2.50574559836375578e-06,-1.00229823934550248e-05,-1.25287283684611252e-05,-1.25287279918187806e-05
1.28102499999999999e+01,1.28102499999999999e+01,5.28579844275104627e-01,-1.03155661216050021e-02,-1.03155645728050700e-02,-2.50113997104956192e-06,-2.50113959552335522e-06,-1.00045583820934226e-05,-1.25056983531429849e-05,-1.25056979776167774e-05
1.28175000000000008e+01,1.28175000000000008e+01,5.28505082874732857e-01,-1.03082731058350419e-02,-1.03082715598738599e-02,-2.49654503260619440e-06,-2.49654465819219998e-06,-9.98617863276880330e-06,-1.24827236653749981e-05,-1.24827232909610024e-05
1.28247499999999999e+01,1.28247499999999999e+01,5.28430374315070117e-01,-1.03009893657883822e-02,-1.03009878226684760e-02,-2.49196112685336435e-06,-2.49196075354991905e-06,-9.96784301419967452e-06,-1.24598041410530389e-05,-1.24598037677495932e-05
1.28320000000000007e+01,1.28320000000000007e+01,5.28355718528928930e-01,-1.02937148844404192e-02,-1.02937133441577486e-02,-2.48738822108809783e-06,-2.48738784889195541e-06,-9.94955139556781994e-06,-1.24369396166559178e-05,-1.24369392444597762e-05
1.28392499999999998e+01,1.28392499999999998e+01,5.28281115449245720e-01,-1.02864496448020759e-02,-1.02864481073513970e-02,-2.48282628272147642e-06,-2.48282591162910899e-06,-9.93130364651643598e-06,-1.24141299292379128e-05,-1.24141295581455450e-05
1.28465000000000007e+01,1.28465000000000007e+01,5.28206565009079254e-01,-1.02791936299411191e-02,-1.02791920952998717e-02,-2.47827527928333364e-06,-2.47827490928704760e-06,-9.91309963714819208e-06,-1.23913749164315257e-05,-1.23913745464352388e-05
1.28537499999999998e+01,1.28537499999999998e+01,5.28132067141611539e-01,-1.02719468229253152e-02,-1.02719452910942626e-02,-2.47373517840811196e-06,-2.47373480950585537e-06,-9.89493923802342146e-06,-1.23686744164315338e-05,-1.23686740475292764e-05
1.28610000000000007e+01,1.28610000000000007e+01,5.28057621780146813e-01,-1.02647092068863799e-02,-1.02647076778661604e-02,-2.46920594784985154e-06,-2.46920558003954704e-06,-9.87682232015818986e-06,-1.23460282680080414e-05,-1.23460279001977365e-05
1.28682499999999997e+01,1.28682499999999997e+01,5.27983228858111664e-01,-1.02574807650128719e-02,-1.02574792387875521e-02,-2.46468755548002686e-06,-2.46468718875561945e-06,-9.85874875502247950e-06,-1.23234363105025068e-05,-1.23234359437780998e-05
1.28755000000000006e+01,1.28755000000000006e+01,5.27908888309054136e-01,-1.02502614805075609e-02,-1.02502599570706791e-02,-2.46017996927684789e-06,-2.46017960363457547e-06,-9.84071841453830189e-06,-1.23008983838151489e-05,-1.23008980181728774e-05
1.28827500000000015e+01,1.28827500000000015e+01,5.27834600066644288e-01,-1.02430513366229548e-02,-1.02430498159679466e-02,-2.45568315733338650e-06,-2.45568279276947215e-06,-9.82273117107788689e-06,-1.22784143284112730e-05,-1.22784139638473590e-05
1.28900000000000006e+01,1.28900000000000006e+01,5.27760364064673193e-01,-1.02358503166470882e-02,-1.02358487987717836e-02,-2.45119708785372880e-06,-2.45119672436545820e-06,-9.80478689746183448e-06,-1.22559839853155628e-05,-1.22559836218272927e-05
1.28972500000000014e+01,1.28972500000000014e+01,5.27686180237052938e-01,-1.02286584039177342e-02,-1.02286568888145316e-02,-2.44672172915594867e-06,-2.44672136673931663e-06,-9.78688546695726820e-06,-1.22336071961132165e-05,-1.22336068336965853e-05
1.29045000000000005e+01,1.29045000000000005e+01,5.27612048517816401e-01,-1.02214755818081926e-02,-1.02214740694683316e-02,-2.44225704966827919e-06,-2.44225668831901453e-06,-9.76902675327605983e-06,-1.22112838029443399e-05,-1.22112834415950735e-05
1.29117500000000014e+01,1.29117500000000014e+01,5.27537968841116700e-01,-1.02143018337201852e-02,-1.02143003241449964e-02,-2.43780301792699245e-06,-2.43780265764324400e-06,-9.75121063057297601e-06,-1.21890136484999680e-05,-1.21890132882162200e-05
1.29190000000000005e+01,1.29190000000000005e+01,5.27463941141227410e-01,-1.02071371431193825e-02,-1.02071356362959092e-02,-2.43335960258446381e-06,-2.43335924336097953e-06,-9.73343697344391983e-06,-1.21667965760283836e-05,-1.21667962168048989e-05
1.29262500000000014e+01,1.29262500000000014e+01,5.27389965352541457e-01,-1.01999814934927713e-02,-1.01999799894118837e-02,-2.42892677239856868e-06,-2.42892641423102320e-06,-9.71570565692409111e-06,-1.21446324293226606e-05,-1.21446320711551143e-05
1.29335000000000004e+01,1.29335000000000004e+01,5.27316041409571667e-01,-1.01928348683699710e-02,-1.01928333670230735e-02,-2.42450449623735604e-06,-2.42450413912156333e-06,-9.69801655648625331e-06,-1.21225210527236085e-05,-1.21225206956078162e-05
1.29407500000000013e+01,1.29407500000000013e+01,5.27242169246950110e-01,-1.01856972513090227e-02,-1.01856957526988406e-02,-2.42009274307525164e-06,-2.42009238700972811e-06,-9.68036954803891244e-06,-1.21004622911141649e-05,-1.21004619350486410e-05
1.29480000000000004e+01,1.29480000000000004e+01,5.27168348799427755e-01,-1.01785686259390218e-02,-1.01785671300476475e-02,-2.41569148200277809e-06,-2.41569112698114517e-06,-9.66276450792458235e-06,-1.20784559899273613e-05,-1.20784556349057275e-05
1.29552500000000013e+01,1.29552500000000013e+01,5.27094580001874036e-01,-1.01714489758890636e-02,-1.01714474827169291e-02,-2.41130068220925000e-06,-2.41130032822949810e-06,-9.64520131291799069e-06,-1.20565019951272407e-05,-1.20565016411474896e-05
1.29625000000000004e+01,1.29625000000000004e+01,5.27020862789277400e-01,-1.01643382848450869e-02,-1.01643367943930057e-02,-2.40692031299588181e-06,-2.40691996005609451e-06,-9.62767984022437975e-06,-1.20346001532202624e-05,-1.20345998002804747e-05
1.29697500000000012e+01,1.29697500000000012e+01,5.26947197096743758e-01,-1.01572365365498740e-02,-1.01572350488009343e-02,-2.40255034377535030e-06,-2.40254999186942431e-06,-9.61019996747769725e-06,-1.20127503112530471e-05,-1.20127499593471224e-05
1.29770000000000003e+01,1.29770000000000003e+01,5.26873582859497369e-01,-1.01501437147462070e-02,-1.01501422297044265e-02,-2.39819074405793457e-06,-2.39819039318473022e-06,-9.59276157273891917e-06,-1.19909523167968542e-05,-1.19909519659236490e-05
1.29842500000000012e+01,1.29842500000000012e+01,5.26800020012879844e-01,-1.01430598032621333e-02,-1.01430583209057082e-02,-2.39384148347128668e-06,-2.39384113362357071e-06,-9.57536453449428283e-06,-1.19692060179655691e-05,-1.19692056681178531e-05
1.29915000000000003e+01,1.29915000000000003e+01,5.26726508492350143e-01,-1.01359847859114893e-02,-1.01359833062454330e-02,-2.38950253173651391e-06,-2.38950218291339864e-06,-9.55800873165359457e-06,-1.19475112633901081e-05,-1.19475109145669936e-05
1.29987500000000011e+01,1.29987500000000011e+01,5.26653048233484133e-01,-1.01289186465862713e-02,-1.01289171696025398e-02,-2.38517385868959820e-06,-2.38517351088712205e-06,-9.54069404354848822e-06,-1.19258679022380860e-05,-1.19258675544356107e-05
1.30060000000000002e+01,1.30060000000000002e+01,5.26579639171974589e-01,-1.01218613692140025e-02,-1.01218598948941748e-02,-2.38085543427091825e-06,-2.38085508748268995e-06,-9.52342034993075979e-06,-1.19042757842016785e-05,-1.19042754374134506e-05
1.30132500000000011e+01,1.30132500000000011e+01,5.26506281243630525e-01,-1.01148129377293117e-02,-1.01148114660755475e-02,-2.37654722851817435e-06,-2.37654688274265694e-06,-9.50618753097062947e-06,-1.18827347594888042e-05,-1.18827344137132873e-05
1.30205000000000002e+01,1.30205000000000002e+01,5.26432974384377528e-01,-1.01077733361165656e-02,-1.01077718671398475e-02,-2.37224921157604193e-06,-2.37224886681377371e-06,-9.48899546725509486e-06,-1.18612446788311364e-05,-1.18612443340688690e-05
1.30277500000000011e+01,1.30277500000000011e+01,5.26359718530256759e-01,-1.01007425484453961e-02,-1.01007410821181073e-02,-2.36796135370408716e-06,-2.36796100994655333e-06,-9.47184403978621161e-06,-1.18398053934902992e-05,-1.18398050497327654e-05
1.30350000000000001e+01,1.30350000000000001e+01,5.26286513617425067e-01,-1.00937205587570134e-02,-1.00937190950791157e-02,-2.36368362524969485e-06,-2.36368328249486422e-06,-9.45473312997945859e-06,-1.18184167552291539e-05,-1.18184164124743224e-05
1.30422500000000010e+01,1.30422500000000010e+01,5.26213359582154760e-01,-1.00867073511707872e-02,-1.00867058901292859e-02,-2.35941599667269051e-06,-2.35941565491550757e-06,-9.43766261966203196e-06,-1.17970786163347225e-05,-1.17970782745775399e-05
1.30495000000000001e+01,1.30495000000000001e+01,5.26140256360833170e-01,-1.00797029098202984e-02,-1.00797014514125670e-02,-2.35515843852996027e-06,-2.35515809776780599e-06,-9.42063239107122566e-06,-1.17757908296011864e-05,-1.17757904888390321e-05
1.30567500000000010e+01,1.30567500000000010e+01,5.26067203889962420e-01,-1.00727072188888656e-02,-1.00727057631103140e-02,-2.35091092148338384e-06,-2.35091058171318858e-06,-9.40364232685275430e-06,-1.17545532483361373e-05,-1.17545529085659433e-05
1.30640000000000001e+01,1.30640000000000001e+01,5.25994202106159325e-01,-1.00657202625882292e-02,-1.00657188094411994e-02,-2.34667341629446596e-06,-2.34667307751478425e-06,-9.38669231005913699e-06,-1.17333657263536030e-05,-1.17333653875739208e-05
1.30712500000000009e+01,1.30712500000000009e+01,5.25921250946154828e-01,-1.00587420251869730e-02,-1.00587405746610844e-02,-2.34244589383058033e-06,-2.34244555603700717e-06,-9.36978222414802701e-06,-1.17122281179786073e-05,-1.17122277801850342e-05
1.30785000000000000e+01,1.30785000000000000e+01,5.25848350346794113e-01,-1.00517724909821027e-02,-1.00517710430629292e-02,-2.33822832505795532e-06,-2.33822798824515696e-06,-9.35291195298062953e-06,-1.16911402780385853e-05,-1.16911399412257865e-05
1.30857500000000009e+01,1.30857500000000009e+01,5.25775500245035610e-01,-1.00448116442919400e-02,-1.00448101989766645e-02,-2.33402068103965043e-06,-2.33402034520500656e-06,-9.33608138082002622e-06,-1.16701020618596775e-05,-1.16701017260250324e-05
1.30930000000000000e+01,1.30930000000000000e+01,5.25702700577951876e-01,-1.00378594694845447e-02,-1.00378580267691114e-02,-2.32982293294179633e-06,-2.32982259808240586e-06,-9.31929039232962346e-06,-1.16491133252714198e-05,-1.16491129904120297e-05
1.31002500000000008e+01,1.31002500000000008e+01,5.25629951282728158e-01,-1.00309159509635037e-02,-1.00309145108438413e-02,-2.32563505202990737e-06,-2.32563471814287430e-06,-9.30253887257149721e-06,-1.16281739246014050e-05,-1.16281735907143715e-05
1.31074999999999999e+01,1.31074999999999999e+01,5.25557252296662836e-01,-1.00239810731750367e-02,-1.00239796356410994e-02,-2.32145700967015461e-06,-2.32145667675120652e-06,-9.28582670700482607e-06,-1.16072837166749798e-05,-1.16072833837560322e-05
1.31147500000000008e+01,1.31147500000000008e+01,5.25484603557167085e-01,-1.00170548205866794e-02,-1.00170533856376795e-02,-2.31728877732405244e-06,-2.31728844537107088e-06,-9.26915378148428523e-06,-1.15864425588083381e-05,-1.15864422268553553e-05
1.31219999999999999e+01,1.31219999999999999e+01,5.25412005001764326e-01,-1.00101371777228110e-02,-1.00101357453468293e-02,-2.31313032655631857e-06,-2.31312999556461861e-06,-9.25251998225847273e-06,-1.15656503088147921e-05,-1.15656499778230918e-05
1.31292500000000008e+01,1.31292500000000008e+01,5.25339456568090113e-01,-1.00032281291220215e-02,-1.00032266993181265e-02,-2.30898162902463384e-06,-2.30898129899208010e-06,-9.23592519596832211e-06,-1.15449068249929551e-05,-1.15449064949604026e-05
1.31364999999999998e+01,1.31364999999999998e+01,5.25266958193892020e-01,-9.99632765937974455e-03,-9.99632623213740461e-03,-2.30484265648913790e-06,-2.30484232741138681e-06,-9.21936930964554555e-06,-1.15242119661346843e-05,-1.15242116370569328e-05
1.31437500000000007e+01,1.31437500000000007e+01,5.25194509817029087e-01,-9.98943575311272980e-03,-9.98943432842661072e-03,-2.30071338080384834e-06,-2.30071305267776587e-06,-9.20285221071106349e-06,-1.15035655915149118e-05,-1.15035652633888289e-05
1.31509999999999998e+01,1.31509999999999998e+01,5.25122111375471823e-01,-9.98255239498035962e-03,-9.98255097284373415e-03,-2.29659377392122321e-06,-2.29659344674336449e-06,-9.18637378697345794e-06,-1.14829675608946820e-05,-1.14829672337168220e-05
1.31582500000000007e+01,1.31582500000000007e+01,5.25049762807301867e-01,-9.97567756967043806e-03,-9.97567615008268342e-03,-2.29248380788852262e-06,-2.29248348165685348e-06,-9.16993392662741393e-06,-1.14624177345159370e-05,-1.14624174082842670e-05
1.31654999999999998e+01,1.31654999999999998e+01,5.24977464050711551e-01,-9.96881126192050715e-03,-9.96880984487318218e-03,-2.28838345485234923e-06,-2.28838312956304745e-06,-9.15353251825218978e-06,-1.14419159731045390e-05,-1.14419156478152372e-05
1.31727500000000006e+01,1.31727500000000006e+01,5.24905215044004003e-01,-9.96195345650363606e-03,-9.96195204198067896e-03,-2.28429268705501281e-06,-2.28429236270251930e-06,-9.13716945081007720e-06,-1.14214621378650900e-05,-1.14214618135125965e-05
1.31800000000000015e+01,1.31800000000000015e+01,5.24833015725592267e-01,-9.95510413819999940e-03,-9.95510272620622576e-03,-2.28021147682766502e-06,-2.28021115341121830e-06,-9.12084461364487322e-06,-1.14010560904725391e-05,-1.14010557670560915e-05
1.31872500000000006e+01,1.31872500000000006e+01,5.24760866034000073e-01,-9.94826329185372060e-03,-9.94826188238639650e-03,-2.27613979660298078e-06,-2.27613947412009397e-06,-9.10455789648037587e-06,-1.13806976930833567e-05,-1.13806973706004698e-05
1.31945000000000014e+01,1.31945000000000014e+01,5.24688765907860399e-01,-9.94143090235155569e-03,-9.94142949539316215e-03,-2.27207761890989776e-06,-2.27207729735471023e-06,-9.08830918941883922e-06,-1.13603868083287378e-05,-1.13603864867735503e-05
1.32017500000000005e+01,1.32017500000000005e+01,5.24616715285916024e-01,-9.93460695458026066e-03,-9.93460555013380743e-03,-2.26802491636352144e-06,-2.26802459573487784e-06,-9.07209838293951305e-06,-1.13401232993030353e-05,-1.13401229786743900e-05
1.32090000000000014e+01,1.32090000000000014e+01,5.24544714107018972e-01,-9.92779143349054038e-03,-9.92779003155081635e-03,-2.26398166167939932e-06,-2.26398134197427193e-06,-9.05592536789708602e-06,-1.13199070295764853e-05,-1.13199067098713584e-05
1.32162500000000005e+01,1.32162500000000005e+01,5.24472762310130403e-01,-9.92098432406152142e-03,-9.92098292462178025e-03,-2.25994782766504635e-06,-2.25994750888006482e-06,-9.03979003552026098e-06,-1.12997378631853073e-05,-1.12997375444003258e-05
1.32235000000000014e+01,1.32235000000000014e+01,5.24400859834320054e-01,-9.91418561131496290e-03,-9.91418421435928503e-03,-2.25592338722283330e-06,-2.25592306935255037e-06,-9.02369227741020147e-06,-1.12796156646330356e-05,-1.12796153467627514e-05
1.32307500000000005e+01,1.32307500000000005e+01,5.24329006618766358e-01,-9.90739528027972938e-03,-9.90739388581082618e-03,-2.25190831334155753e-06,-2.25190799638477635e-06,-9.00763198553910708e-06,-1.12595402988806650e-05,-1.12595399819238838e-05
1.32380000000000013e+01,1.32380000000000013e+01,5.24257202602755989e-01,-9.90061331604152883e-03,-9.90061192405869428e-03,-2.24790257910742563e-06,-2.24790226306217641e-06,-8.99160905224870225e-06,-1.12395116313561275e-05,-1.12395113153108791e-05
1.32452500000000004e+01,1.32452500000000004e+01,5.24185447725683762e-01,-9.89383970372870181e-03,-9.89383831421988477e-03,-2.24390615770045942e-06,-2.24390584256220333e-06,-8.97562337024881334e-06,-1.12195295279492723e-05,-1.12195292128110167e-05
1.32525000000000013e+01,1.32525000000000013e+01,5.24113741927051957e-01,-9.88707442849090512e-03,-9.88707304144598870e-03,-2.23991902238931255e-06,-2.23991870815396225e-06,-8.95967483261585069e-06,-1.11995938550051632e-05,-1.11995935407698125e-05
1.32597500000000004e+01,1.32597500000000004e+01,5.24042085146470660e-01,-9.88031747550621731e-03,-9.88031609092310595e-03,-2.23594114653255759e-06,-2.23594083319785361e-06,-8.94376333279141613e-06,-1.11797044793239729e-05,-1.11797041659892706e-05
1.32670000000000012e+01,1.32670000000000012e+01,5.23970477323657202e-01,-9.87356882999534946e-03,-9.87356744787173425e-03,-2.23197250358156379e-06,-2.23197219114520347e-06,-8.92788876458081388e-06,-1.11598612681623773e-05,-1.11598609557260178e-05
1.32742500000000003e+01,1.32742500000000003e+01,5.23898918398435720e-01,-9.86682847721453982e-03,-9.86682709754667375e-03,-2.22801306707854765e-06,-2.22801275553790985e-06,-8.91205102215163941e-06,-1.11400640892301879e-05,-1.11400637776895488e-05
1.32815000000000012e+01,1.32815000000000012e+01,5.23827408310737486e-01,-9.86009640244844832e-03,-9.86009502523693508e-03,-2.22406281065462857e-06,-2.22406250000808063e-06,-8.89625000003232421e-06,-1.11203128106869519e-05,-1.11203125000404053e-05
1.32887500000000003e+01,1.32887500000000003e+01,5.23755947000600131e-01,-9.85337259104568375e-03,-9.85337121626564047e-03,-2.22012170803751393e-06,-2.22012139827768370e-06,-8.88048559311073651e-06,-1.11006073011482504e-05,-1.11006069913884202e-05
1.32960000000000012e+01,1.32960000000000012e+01,5.23684534408167313e-01,-9.84665702834774947e-03,-9.84665565598990752e-03,-2.21618973303512644e-06,-2.21618942415817940e-06,-8.86475769663271761e-06,-1.10809474296678432e-05,-1.10809471207908974e-05
1.33032500000000002e+01,1.33032500000000002e+01,5.23613170473689160e-01,-9.83994969971746514e-03,-9.83994832980078504e-03,-2.21226685954172303e-06,-2.21226655155018208e-06,-8.84906620620072661e-06,-1.10613330657424492e-05,-1.10613327577509087e-05
1.33105000000000011e+01,1.33105000000000011e+01,5.23541855137521384e-01,-9.83325059061712636e-03,-9.83324922312312291e-03,-2.20835306155512653e-06,-2.20835275444309462e-06,-8.83341101777238016e-06,-1.10417640793275067e-05,-1.10417637722154744e-05
1.33177500000000002e+01,1.33177500000000002e+01,5.23470588340125276e-01,-9.82655968648771250e-03,-9.82655832141550271e-03,-2.20444831314922332e-06,-2.20444800691477048e-06,-8.81779202765908192e-06,-1.10222403408083044e-05,-1.10222400345738524e-05
1.33250000000000011e+01,1.33250000000000011e+01,5.23399370022067267e-01,-9.81987697283415173e-03,-9.81987561017011630e-03,-2.20055258849280728e-06,-2.20055228313115370e-06,-8.80220913252461480e-06,-1.10027617210174221e-05,-1.10027614156557681e-05
1.33322500000000002e+01,1.33322500000000002e+01,5.23328200124019149e-01,-9.81320243516847768e-03,-9.81320107491269640e-03,-2.19666586183649481e-06,-2.19666555734594135e-06,-8.78666222938376540e-06,-1.09833280912202598e-05,-1.09833277867297063e-05
1.33395000000000010e+01,1.33395000000000010e+01,5.23257078586757296e-01,-9.80653605906667281e-03,-9.80653470120239172e-03,-2.19278810752514237e-06,-2.19278780390023075e-06,-8.77115121560092301e-06,-1.09639393231260662e-05,-1.09639390195011533e-05
1.33467500000000001e+01,1.33467500000000001e+01,5.23186005351162775e-01,-9.79987783010471958e-03,-9.79987647463170450e-03,-2.18891929998320550e-06,-2.18891899722218193e-06,-8.75567598888872604e-06,-1.09445952888719315e-05,-1.09445949861109076e-05
1.33540000000000010e+01,1.33540000000000010e+01,5.23114980358220905e-01,-9.79322773390123302e-03,-9.79322638082636039e-03,-2.18505941372396340e-06,-2.18505911182666568e-06,-8.74023644730666272e-06,-1.09252958610306257e-05,-1.09252955591333280e-05
1.33612500000000001e+01,1.33612500000000001e+01,5.23044003549021252e-01,-9.78658575611746073e-03,-9.78658440544524777e-03,-2.18120842334919752e-06,-2.18120812231493701e-06,-8.72483248925974636e-06,-1.09060409126089434e-05,-1.09060406115746842e-05
1.33685000000000009e+01,1.33685000000000009e+01,5.22973074864757081e-01,-9.77995188248570457e-03,-9.77995053418029454e-03,-2.17736630355518092e-06,-2.17736600337427985e-06,-8.70946401349711941e-06,-1.08868303170523003e-05,-1.08868300168713997e-05
1.33757500000000000e+01,1.33757500000000000e+01,5.22902194246725238e-01,-9.77332609869563385e-03,-9.77332475275639184e-03,-2.17353302910703647e-06,-2.17353272977768176e-06,-8.69413091911072705e-06,-1.08676639482177631e-05,-1.08676636488884084e-05
1.33830000000000009e+01,1.33830000000000009e+01,5.22831361636326042e-01,-9.76670839049376127e-03,-9.76670704693129339e-03,-2.16970857486060975e-06,-2.16970827638348835e-06,-8.67883310553395342e-06,-1.08485416803945632e-05,-1.08485413819174422e-05
1.33902500000000000e+01,1.33902500000000000e+01,5.22760576975063063e-01,-9.76009874369765384e-03,-9.76009740249552879e-03,-2.16589291576528168e-06,-2.16589261813507761e-06,-8.66357047254031044e-06,-1.08294633883055925e-05,-1.08294630906753876e-05
1.33975000000000009e+01,1.33975000000000009e+01,5.22689840204542455e-01,-9.75349714412487856e-03,-9.75349580527229768e-03,-2.16208602684785451e-06,-2.16208573006051598e-06,-8.64834292024206561e-06,-1.08104289470899210e-05,-1.08104286503025816e-05
1.34047499999999999e+01,1.34047499999999999e+01,5.22619151266473292e-01,-9.74690357760721326e-03,-9.74690224111738994e-03,-2.15828788321543302e-06,-2.15828758727223736e-06,-8.63315034908894776e-06,-1.07914382323043799e-05,-1.07914379363611851e-05
1.34120000000000008e+01,1.34120000000000008e+01,5.22548510102667119e-01,-9.74031803005459551e-03,-9.74031669591908511e-03,-2.15449846006927353e-06,-2.15449816496670132e-06,-8.61799265986680699e-06,-1.07724911199360801e-05,-1.07724908248335079e-05
1.34192499999999999e+01,1.34192499999999999e+01,5.22477916655037400e-01,-9.73374048740538456e-03,-9.73373915559806561e-03,-2.15071773269344000e-06,-2.15071743842407673e-06,-8.60286975369630524e-06,-1.07535874863897448e-05,-1.07535871921203820e-05
1.34265000000000008e+01,1.34265000000000008e+01,5.22407370865599741e-01,-9.72717093558372881e-03,-9.72716960610731964e-03,-2.14694567644508260e-06,-2.14694538300790041e-06,-8.58778153203160332e-06,-1.07347272084766868e-05,-1.07347269150395033e-05
1.34337499999999999e+01,1.34337499999999999e+01,5.22336872676471553e-01,-9.72060936057062008e-03,-9.72060803343205611e-03,-2.14318226676986223e-06,-2.14318197416476624e-06,-8.57272789665906497e-06,-1.07159101634289264e-05,-1.07159098708238308e-05
1.34410000000000007e+01,1.34410000000000007e+01,5.22266422029871502e-01,-9.71405574840389363e-03,-9.71405442358960411e-03,-2.13942747920160829e-06,-2.13942718742398557e-06,-8.55770874969594059e-06,-1.06971362288975485e-05,-1.06971359371199262e-05
1.34482499999999998e+01,1.34482499999999998e+01,5.22196018868119727e-01,-9.70751008512138469e-03,-9.70750876262933306e-03,-2.13568128934948785e-06,-2.13568099839727628e-06,-8.54272399358910344e-06,-1.06784052829385909e-05,-1.06784049919863801e-05
1.34555000000000007e+01,1.34555000000000007e+01,5.22125663133637175e-01,-9.70097235681066650e-03,-9.70097103663255036e-03,-2.13194367290866550e-06,-2.13194338277843122e-06,-8.52777353111372489e-06,-1.06597172040223904e-05,-1.06597169138921557e-05
1.34627499999999998e+01,1.34627499999999998e+01,5.22055354768945934e-01,-9.69444254958062857e-03,-9.69444123171242685e-03,-2.12821460565374993e-06,-2.12821431634300902e-06,-8.51285726537203608e-06,-1.06410718710257852e-05,-1.06410715817150447e-05
1.34700000000000006e+01,1.34700000000000006e+01,5.21985093716668236e-01,-9.68792064958279298e-03,-9.68791933401388743e-03,-2.12449406344317474e-06,-2.12449377494800289e-06,-8.49797509979201327e-06,-1.06224691632351876e-05,-1.06224688747400162e-05
1.34772500000000015e+01,1.34772500000000015e+01,5.21914879919527008e-01,-9.68140664298289266e-03,-9.68140532971353482e-03,-2.12078202221266699e-06,-2.12078173453153277e-06,-8.48312693812613277e-06,-1.06039089603388002e-05,-1.06039086726576664e-05
1.34845000000000006e+01,1.34845000000000006e+01,5.21844713320344988e-01,-9.67490051598929313e-03,-9.67489920501955931e-03,-2.11707845798118954e-06,-2.11707817111252593e-06,-8.46831268445010203e-06,-1.05853911424312911e-05,-1.05853908555626280e-05
1.34917500000000015e+01,1.34917500000000015e+01,5.21774593862045055e-01,-9.66840225486009786e-03,-9.66840094617164164e-03,-2.11338334685218153e-06,-2.11338306079039813e-06,-8.45353224316159250e-06,-1.05669155900137740e-05,-1.05669153039519911e-05
1.34990000000000006e+01,1.34990000000000006e+01,5.21704521487649564e-01,-9.66191184584630491e-03,-9.66191053944087663e-03,-2.10969666500083853e-06,-2.10969637974475075e-06,-8.43878551897900299e-06,-1.05484821839798419e-05,-1.05484818987237533e-05
1.35062500000000014e+01,1.35062500000000014e+01,5.21634496140280346e-01,-9.65542927525575578e-03,-9.65542797112966741e-03,-2.10601838868780858e-06,-2.10601810423504684e-06,-8.42407241694018735e-06,-1.05300908056279968e-05,-1.05300905211752342e-05
1.35135000000000005e+01,1.35135000000000005e+01,5.21564517763158375e-01,-9.64895452942471366e-03,-9.64895322757165774e-03,-2.10234849425267937e-06,-2.10234821060030998e-06,-8.40939284240123991e-06,-1.05117413366539193e-05,-1.05117410530015503e-05
1.35207500000000014e+01,1.35207500000000014e+01,5.21494586299603657e-01,-9.64248759471786343e-03,-9.64248629513162446e-03,-2.09868695811369198e-06,-2.09868667525881003e-06,-8.39474670103524013e-06,-1.04934336591489325e-05,-1.04934333762940502e-05
1.35280000000000005e+01,1.35280000000000005e+01,5.21424701693035009e-01,-9.63602845752831172e-03,-9.63602716020540637e-03,-2.09503375676745749e-06,-2.09503347470775907e-06,-8.38013389883103627e-06,-1.04751676555984942e-05,-1.04751673735387962e-05
1.35352500000000013e+01,1.35352500000000013e+01,5.21354863886969500e-01,-9.62957710428469227e-03,-9.62957580921980534e-03,-2.09138886679020938e-06,-2.09138858552299921e-06,-8.36555434209199685e-06,-1.04569432088822067e-05,-1.04569429276149961e-05
1.35425000000000004e+01,1.35425000000000004e+01,5.21285072825022899e-01,-9.62313352144406053e-03,-9.62313222863250654e-03,-2.08775226483597938e-06,-2.08775198435870621e-06,-8.35100793743482654e-06,-1.04387602022708068e-05,-1.04387599217935323e-05
1.35497500000000013e+01,1.35497500000000013e+01,5.21215328450908566e-01,-9.61669769550610454e-03,-9.61669640493198301e-03,-2.08412392763938807e-06,-2.08412364794707643e-06,-8.33649459178830572e-06,-1.04206185194276938e-05,-1.04206182397353817e-05
1.35570000000000004e+01,1.35570000000000004e+01,5.21145630708438112e-01,-9.61026961295630144e-03,-9.61026832463742105e-03,-2.08050383200304482e-06,-2.08050355309803210e-06,-8.32201421239212839e-06,-1.04025180443951736e-05,-1.04025177654901601e-05
1.35642500000000013e+01,1.35642500000000013e+01,5.21075979541520629e-01,-9.60384926039381526e-03,-9.60384797429862658e-03,-2.07689195482497558e-06,-2.07689167669891637e-06,-8.30756670679566211e-06,-1.03844586616206373e-05,-1.03844583834945789e-05
1.35715000000000003e+01,1.35715000000000003e+01,5.21006374894162461e-01,-9.59743662435386113e-03,-9.59743534049593665e-03,-2.07328827305987193e-06,-2.07328799571419265e-06,-8.29315198285677229e-06,-1.03664402559166451e-05,-1.03664399785709649e-05
1.35787500000000012e+01,1.35787500000000012e+01,5.20936816710467432e-01,-9.59103169147113022e-03,-9.59103040984014311e-03,-2.06969276375418667e-06,-2.06969248718515147e-06,-8.27876994874060419e-06,-1.03484627124947913e-05,-1.03484624359257557e-05
1.35860000000000003e+01,1.35860000000000003e+01,5.20867304934636177e-01,-9.58463444838031364e-03,-9.58463316897240070e-03,-2.06610540402433157e-06,-2.06610512822960858e-06,-8.26442051291843433e-06,-1.03305259169427663e-05,-1.03305256411480425e-05
1.35932500000000012e+01,1.35932500000000012e+01,5.20797839510965921e-01,-9.57824488175873512e-03,-9.57824360456413851e-03,-2.06252617106561574e-06,-2.06252589604160930e-06,-8.25010358416643550e-06,-1.03126297552320512e-05,-1.03126294802080444e-05
1.36005000000000003e+01,1.36005000000000003e+01,5.20728420383850699e-01,-9.57186297829792920e-03,-9.57186170331698546e-03,-2.05895504214584073e-06,-2.05895476789113756e-06,-8.23581907156455194e-06,-1.02947741137103927e-05,-1.02947738394556899e-05
1.36077500000000011e+01,1.36077500000000011e+01,5.20659047497780580e-01,-9.56548872473916845e-03,-9.56548745196267834e-03,-2.05539199461267949e-06,-2.05539172112381904e-06,-8.22156688449527618e-06,-1.02769588791079557e-05,-1.02769586056190961e-05
1.36150000000000002e+01,1.36150000000000002e+01,5.20589720797342004e-01,-9.55912210783793626e-03,-9.55912083726298198e-03,-2.05183700588575196e-06,-2.05183673316063317e-06,-8.20734693264253268e-06,-1.02591839385282842e-05,-1.02591836658031654e-05
1.36222500000000011e+01,1.36222500000000011e+01,5.20520440227216885e-01,-9.55276311439234860e-03,-9.55276184600959560e-03,-2.04829005346246534e-06,-2.04828978149761664e-06,-8.19315912599046657e-06,-1.02414491794529328e-05,-1.02414489074880836e-05
1.36295000000000002e+01,1.36295000000000002e+01,5.20451205732183286e-01,-9.54641173120762687e-03,-9.54641046502408865e-03,-2.04475111491012272e-06,-2.04475084370558308e-06,-8.17900337482233402e-06,-1.02237544897324572e-05,-1.02237542185279167e-05
1.36367500000000010e+01,1.36367500000000010e+01,5.20382017257114415e-01,-9.54006794515294132e-03,-9.54006668115779666e-03,-2.04122016787783364e-06,-2.04121989742982486e-06,-8.16487958971929946e-06,-1.02060997575971331e-05,-1.02060994871491235e-05
1.36440000000000001e+01,1.36440000000000001e+01,5.20312874746978515e-01,-9.53373174311167304e-03,-9.53373048129174845e-03,-2.03769719008558142e-06,-2.03769692038983361e-06,-8.15078768155933445e-06,-1.01884848716449163e-05,-1.01884846019491685e-05
1.36512500000000010e+01,1.36512500000000010e+01,5.20243778146839309e-01,-9.52740311196720313e-03,-9.52740185233658630e-03,-2.03418215932093667e-06,-2.03418189037901219e-06,-8.13672756151604708e-06,-1.01709097208369837e-05,-1.01709094518950597e-05
1.36585000000000001e+01,1.36585000000000001e+01,5.20174727401854886e-01,-9.52108203869528325e-03,-9.52108078123247228e-03,-2.03067505345852469e-06,-2.03067478526439012e-06,-8.12269914105756046e-06,-1.01533741945160856e-05,-1.01533739263219510e-05
1.36657500000000010e+01,1.36657500000000010e+01,5.20105722457278152e-01,-9.51476851026455961e-03,-9.51476725494901712e-03,-2.02717585043849594e-06,-2.02717558298634021e-06,-8.10870233194536083e-06,-1.01358781823838563e-05,-1.01358779149317006e-05
1.36730000000000000e+01,1.36730000000000000e+01,5.20036763258456158e-01,-9.50846251362946759e-03,-9.50846126048519348e-03,-2.02368452826479138e-06,-2.02368426155829950e-06,-8.09473704623319802e-06,-1.01184215744979894e-05,-1.01184213077914971e-05
1.36802500000000009e+01,1.36802500000000009e+01,5.19967849750830546e-01,-9.50216403585102398e-03,-9.50216278486925442e-03,-2.02020106503060594e-06,-2.02020079906648508e-06,-8.08080319626594033e-06,-1.01010042612965467e-05,-1.01010039953324263e-05
1.36875000000000000e+01,1.36875000000000000e+01,5.19898981879936328e-01,-9.49587306399024556e-03,-9.49587181515865360e-03,-2.01672543889540854e-06,-2.01672517366961792e-06,-8.06690069467847168e-06,-1.00836261335738811e-05,-1.00836258683480888e-05
1.36947500000000009e+01,1.36947500000000009e+01,5.19830159591402663e-01,-9.48958958511525452e-03,-9.48958833843996027e-03,-2.01325762808621725e-06,-2.01325736359864126e-06,-8.05302945439456503e-06,-1.00662870824807819e-05,-1.00662868179932059e-05
1.37020000000000000e+01,1.37020000000000000e+01,5.19761382830952079e-01,-9.48331358637943822e-03,-9.48331234182878645e-03,-2.00979761091393184e-06,-2.00979734715644828e-06,-8.03918938862579142e-06,-1.00489869995397233e-05,-1.00489867357822405e-05
1.37092500000000008e+01,1.37092500000000008e+01,5.19692651544400253e-01,-9.47704505487934057e-03,-9.47704381246968625e-03,-2.00634536574292401e-06,-2.00634510271759963e-06,-8.02538041087039850e-06,-1.00317257766133225e-05,-1.00317255135879981e-05
1.37164999999999999e+01,1.37164999999999999e+01,5.19623965677656341e-01,-9.47078397780387604e-03,-9.47078273753611255e-03,-2.00290087102243685e-06,-2.00290060872805997e-06,-8.01160243491223820e-06,-1.00145033059346755e-05,-1.00145030436402982e-05
1.37237500000000008e+01,1.37237500000000008e+01,5.19555325176722094e-01,-9.46453034237038082e-03,-9.46452910423029557e-03,-1.99946410527273932e-06,-1.99946384370491003e-06,-7.99785537481964013e-06,-9.99731948009237945e-06,-9.99731921852454974e-06
1.37309999999999999e+01,1.37309999999999999e+01,5.19486729987691964e-01,-9.45828413580329652e-03,-9.45828289978319081e-03,-1.99603504708038407e-06,-1.99603478623608990e-06,-7.98413914494435792e-06,-9.98017419202474284e-06,-9.98017393118044867e-06
1.37382500000000007e+01,1.37382500000000007e+01,5.19418180056752887e-01,-9.45204534535548646e-03,-9.45204411145438538e-03,-1.99261367510245874e-06,-1.99261341498011320e-06,-7.97045365992045111e-06,-9.96306733502290900e-06,-9.96306707490056474e-06
1.37454999999999998e+01,1.37454999999999998e+01,5.19349675330184279e-01,-9.44581395832244652e-03,-9.44581272653203380e-03,-1.98919996806933752e-06,-1.98919970866581125e-06,-7.95679883466324501e-06,-9.94599880273258253e-06,-9.94599854332905583e-06
1.37527500000000007e+01,1.37527500000000007e+01,5.19281215754357262e-01,-9.43958996201388345e-03,-9.43958873233275569e-03,-1.98579390477842627e-06,-1.98579364609205315e-06,-7.94317458436821258e-06,-9.92896848914663800e-06,-9.92896823046026530e-06
1.37599999999999998e+01,1.37599999999999998e+01,5.19212801275735103e-01,-9.43337334376792569e-03,-9.43337211620158198e-03,-1.98239546409691828e-06,-1.98239520612748740e-06,-7.92958082450995128e-06,-9.91197628860686998e-06,-9.91197603063743952e-06
1.37672500000000007e+01,1.37672500000000007e+01,5.19144431840872556e-01,-9.42716409097954511e-03,-9.42716286551185771e-03,-1.97900462496750800e-06,-1.97900436771026708e-06,-7.91601747084107000e-06,-9.89502209580857714e-06,-9.89502183855133707e-06
1.37745000000000015e+01,1.37745000000000015e+01,5.19076107396415853e-01,-9.42096219104371357e-03,-9.42096096766517448e-03,-1.97562136639619329e-06,-1.97562110984779274e-06,-7.90248443939116927e-06,-9.87810580578736214e-06,-9.87810554923896158e-06
1.37817500000000006e+01,1.37817500000000006e+01,5.19007827889102491e-01,-9.41476763137671924e-03,-9.41476641009128881e-03,-1.97224566745652249e-06,-1.97224541161644308e-06,-7.88898164646577230e-06,-9.86122731392229437e-06,-9.86122705808221495e-06
1.37890000000000015e+01,1.37890000000000015e+01,5.18939593265760890e-01,-9.40858039945169367e-03,-9.40857918024803896e-03,-1.96887750729679118e-06,-1.96887725216131358e-06,-7.87550900864525603e-06,-9.84438651594204763e-06,-9.84438626080656919e-06
1.37962500000000006e+01,1.37962500000000006e+01,5.18871403473310400e-01,-9.40240048274887386e-03,-9.40239926562128070e-03,-1.96551686512936623e-06,-1.96551661069595697e-06,-7.86206644278382788e-06,-9.82758330791319411e-06,-9.82758305347978400e-06
1.38035000000000014e+01,1.38035000000000014e+01,5.18803258458761074e-01,-9.39622786877691851e-03,-9.39622665372479883e-03,-1.96216372023491668e-06,-1.96216346650211845e-06,-7.84865386600847379e-06,-9.81081758624339089e-06,-9.81081733251059223e-06
1.38107500000000005e+01,1.38107500000000005e+01,5.18735158169213229e-01,-9.39006254507290805e-03,-9.39006133210023436e-03,-1.95881805196217070e-06,-1.95881779892948247e-06,-7.83527119571792986e-06,-9.79408924768010099e-06,-9.79408899464741233e-06
1.38180000000000014e+01,1.38180000000000014e+01,5.18667102551857551e-01,-9.38390449922366088e-03,-9.38390328831700468e-03,-1.95547983973211258e-06,-1.95547958739540633e-06,-7.82191834958162532e-06,-9.77739818931373748e-06,-9.77739793697703208e-06
1.38252500000000005e+01,1.38252500000000005e+01,5.18599091553974545e-01,-9.37775371882310083e-03,-9.37775250997223420e-03,-1.95214906302884540e-06,-1.95214881138467159e-06,-7.80859524553868636e-06,-9.76074430856753134e-06,-9.76074405692335838e-06
1.38325000000000014e+01,1.38325000000000014e+01,5.18531125122934644e-01,-9.37161019147936258e-03,-9.37160898469066757e-03,-1.94882570140084716e-06,-1.94882545044922019e-06,-7.79530180179688077e-06,-9.74412750319772792e-06,-9.74412725224610096e-06
1.38397500000000004e+01,1.38397500000000004e+01,5.18463203206198098e-01,-9.36547390485031883e-03,-9.36547270012460555e-03,-1.94550973446813160e-06,-1.94550948420790714e-06,-7.78203793683162855e-06,-9.72754767129976015e-06,-9.72754742103953569e-06
1.38470000000000013e+01,1.38470000000000013e+01,5.18395325751314306e-01,-9.35934484664358024e-03,-9.35934364395382169e-03,-1.94220114192198099e-06,-1.94220089234624004e-06,-7.76880356938495845e-06,-9.71100471130693902e-06,-9.71100446173119849e-06
1.38542500000000004e+01,1.38542500000000004e+01,5.18327492705921822e-01,-9.35322300452412492e-03,-9.35322180388548259e-03,-1.93889990350553885e-06,-1.93889965461612964e-06,-7.75559861846451687e-06,-9.69449852197005530e-06,-9.69449827308064694e-06
1.38615000000000013e+01,1.38615000000000013e+01,5.18259704017748679e-01,-9.34710836624930153e-03,-9.34710716765408886e-03,-1.93560599904160583e-06,-1.93560575083563744e-06,-7.74242300334254975e-06,-9.67802900238415600e-06,-9.67802875417818803e-06
1.38687500000000004e+01,1.38687500000000004e+01,5.18191959634611177e-01,-9.34100091959066958e-03,-9.34099972302138148e-03,-1.93231940841616910e-06,-1.93231916088872788e-06,-7.72927664355491154e-06,-9.66159605197108021e-06,-9.66159580444363984e-06
1.38760000000000012e+01,1.38760000000000012e+01,5.18124259504414653e-01,-9.33490065230557775e-03,-9.33489945777627936e-03,-1.92904011157230162e-06,-1.92903986472501134e-06,-7.71615945890004537e-06,-9.64519957047234742e-06,-9.64519932362505587e-06
1.38832500000000003e+01,1.38832500000000003e+01,5.18056603575152708e-01,-9.32880755225085068e-03,-9.32880635973480123e-03,-1.92576808853345131e-06,-1.92576784235950648e-06,-7.70307136943802763e-06,-9.62883945797147852e-06,-9.62883921179753411e-06
1.38905000000000012e+01,1.38905000000000012e+01,5.17988991794907094e-01,-9.32272160722646959e-03,-9.32272041673998589e-03,-1.92250331937088787e-06,-1.92250307387238278e-06,-7.69001229548952944e-06,-9.61251561486041773e-06,-9.61251536936191265e-06
1.38977500000000003e+01,1.38977500000000003e+01,5.17921424111847939e-01,-9.31664280513189169e-03,-9.31664161666183321e-03,-1.91924578423576806e-06,-1.91924553940872082e-06,-7.67698215763488159e-06,-9.59622794187064923e-06,-9.59622769704360241e-06
1.39050000000000011e+01,1.39050000000000011e+01,5.17853900474232742e-01,-9.31057113385946877e-03,-9.31056994739720700e-03,-1.91599546333689434e-06,-1.91599521917826240e-06,-7.66398087671304959e-06,-9.57997634004994436e-06,-9.57997609589131156e-06
1.39122500000000002e+01,1.39122500000000002e+01,5.17786420830407046e-01,-9.30450658130865804e-03,-9.30450539686979161e-03,-1.91275233694344311e-06,-1.91275209345517295e-06,-7.65100837382069179e-06,-9.56376071076413533e-06,-9.56376046727586474e-06
1.39195000000000011e+01,1.39195000000000011e+01,5.17718985128803655e-01,-9.29844913547839269e-03,-9.29844795302998614e-03,-1.90951638540372526e-06,-1.90951614257778997e-06,-7.63806457031116157e-06,-9.54758095571488598e-06,-9.54758071288895111e-06
1.39267500000000002e+01,1.39267500000000002e+01,5.17651593317942638e-01,-9.29239878429655164e-03,-9.29239760385485933e-03,-1.90628758910990236e-06,-1.90628734694838945e-06,-7.62514938779355781e-06,-9.53143697690346080e-06,-9.53143673474194705e-06
1.39340000000000011e+01,1.39340000000000011e+01,5.17584245346431326e-01,-9.28635551579048979e-03,-9.28635433734805588e-03,-1.90306592853280544e-06,-1.90306568703293601e-06,-7.61226274813174403e-06,-9.51532867666454862e-06,-9.51532843516467940e-06
1.39412500000000001e+01,1.39412500000000001e+01,5.17516941162963651e-01,-9.28031931799466747e-03,-9.28031814153974094e-03,-1.89985138420272871e-06,-1.89985114336085205e-06,-7.59940457344340735e-06,-9.49925595764613542e-06,-9.49925571680426003e-06
1.39485000000000010e+01,1.39485000000000010e+01,5.17449680716320359e-01,-9.27429017895775587e-03,-9.27428900448650992e-03,-1.89664393671067346e-06,-1.89664369652476982e-06,-7.58657478609907759e-06,-9.48321872280975169e-06,-9.48321848262384741e-06
1.39557500000000001e+01,1.39557500000000001e+01,5.17382463955368688e-01,-9.26826808676395331e-03,-9.26826691427133469e-03,-1.89344356671249808e-06,-1.89344332718030228e-06,-7.57377330872120913e-06,-9.46721687543370806e-06,-9.46721663590151163e-06
1.39630000000000010e+01,1.39630000000000010e+01,5.17315290829062246e-01,-9.26225302951877438e-03,-9.26225185900347685e-03,-1.89025025492578043e-06,-1.89025001604579831e-06,-7.56100006418319324e-06,-9.45125031910897368e-06,-9.45125008022899092e-06
1.39702500000000001e+01,1.39702500000000001e+01,5.17248161286440689e-01,-9.25624499535615541e-03,-9.25624382681843050e-03,-1.88706398213105580e-06,-1.88706374390211379e-06,-7.54825497560845431e-06,-9.43531895773950990e-06,-9.43531871951056852e-06
1.39775000000000009e+01,1.39775000000000009e+01,5.17181075276629598e-01,-9.25024397245266528e-03,-9.25024280587783201e-03,-1.88388472917448292e-06,-1.88388449159236936e-06,-7.53553796636947828e-06,-9.41942269554396099e-06,-9.41942245796184785e-06
1.39847500000000000e+01,1.39847500000000000e+01,5.17114032748840158e-01,-9.24424994897776742e-03,-9.24424878436940455e-03,-1.88071247695749324e-06,-1.88071224002172320e-06,-7.52284896008689366e-06,-9.40356143704438689e-06,-9.40356120010861749e-06
1.39920000000000009e+01,1.39920000000000009e+01,5.17047033652369370e-01,-9.23826291315776871e-03,-9.23826175050688515e-03,-1.87754720644959932e-06,-1.87754697015713408e-06,-7.51018788062853464e-06,-9.38773508707813353e-06,-9.38773485078566872e-06
1.39992500000000000e+01,1.39992500000000000e+01,5.16980077936599391e-01,-9.23228285321897602e-03,-9.23228169252994675e-03,-1.87438889867660840e-06,-1.87438866302713095e-06,-7.49755465210852381e-06,-9.37194355078513243e-06,-9.37194331513565540e-06
1.40065000000000008e+01,1.40065000000000008e+01,5.16913165550997644e-01,-9.22630975745164505e-03,-9.22630859870413045e-03,-1.87123753473340027e-06,-1.87123729972158087e-06,-7.48494919888632179e-06,-9.35618673361972185e-06,-9.35618649860790309e-06
1.40137499999999999e+01,1.40137499999999999e+01,5.16846296445116482e-01,-9.22034361411760983e-03,-9.22034245732078310e-03,-1.86809309576495799e-06,-1.86809286139146220e-06,-7.47237144556584966e-06,-9.34046454133080765e-06,-9.34046430695731122e-06
1.40210000000000008e+01,1.40210000000000008e+01,5.16779470568592969e-01,-9.21438441154265320e-03,-9.21438325669697057e-03,-1.86495556298490396e-06,-1.86495532924862999e-06,-7.45982131699451997e-06,-9.32477687997942393e-06,-9.32477664624315039e-06
1.40282499999999999e+01,1.40282499999999999e+01,5.16712687871149101e-01,-9.20843213808097971e-03,-9.20843098517543437e-03,-1.86182491766806545e-06,-1.86182468456559596e-06,-7.44729873826238298e-06,-9.30912365593044906e-06,-9.30912342282797978e-06
1.40355000000000008e+01,1.40355000000000008e+01,5.16645948302590696e-01,-9.20248678210100479e-03,-9.20248563112448237e-03,-1.85870114114738489e-06,-1.85870090867529066e-06,-7.43480363470116181e-06,-9.29350477584854670e-06,-9.29350454337645289e-06
1.40427499999999998e+01,1.40427499999999998e+01,5.16579251812808615e-01,-9.19654833197824928e-03,-9.19654718293796795e-03,-1.85558421481229060e-06,-1.85558398297085052e-06,-7.42233593188340292e-06,-9.27792014669569416e-06,-9.27791991485425365e-06
1.40500000000000007e+01,1.40500000000000007e+01,5.16512598351776986e-01,-9.19061677616639372e-03,-9.19061562903517731e-03,-1.85247412012282103e-06,-1.85247388890538016e-06,-7.40989555562152065e-06,-9.26236967574434189e-06,-9.26236944452690039e-06
1.40572499999999998e+01,1.40572499999999998e+01,5.16445987869554313e-01,-9.18469210306227524e-03,-9.18469095786078951e-03,-1.84937083858218323e-06,-1.84937060799173902e-06,-7.39748243196695525e-06,-9.24685327054913785e-06,-9.24685303995869385e-06
1.40645000000000007e+01,1.40645000000000007e+01,5.16379420316282589e-01,-9.17877430116931237e-03,-9.17877315788479149e-03,-1.84627435176949305e-06,-1.84627412180230796e-06,-7.38509648720923269e-06,-9.23137083897872510e-06,-9.23137060901154150e-06
1.40717500000000015e+01,1.40717500000000015e+01,5.16312895642187408e-01,-9.17286335897671279e-03,-9.17286221760241910e-03,-1.84318464131521830e-06,-1.84318441196877708e-06,-7.37273764787510746e-06,-9.21592228919032576e-06,-9.21592205984388517e-06
1.40790000000000006e+01,1.40790000000000006e+01,5.16246413797577519e-01,-9.16695926499500047e-03,-9.16695812553408422e-03,-1.84010168890813891e-06,-1.84010146018191723e-06,-7.36040584072766894e-06,-9.20050752963580743e-06,-9.20050730090958639e-06
1.40862500000000015e+01,1.40862500000000015e+01,5.16179974732844937e-01,-9.16106200777733193e-03,-9.16106087022530713e-03,-1.83702547629941834e-06,-1.83702524819136174e-06,-7.34810099276544610e-06,-9.18512646906486465e-06,-9.18512624095680826e-06
1.40935000000000006e+01,1.40935000000000006e+01,5.16113578398464723e-01,-9.15517157589817998e-03,-9.15517044024665057e-03,-1.83395598529811350e-06,-1.83395575780538969e-06,-7.33582303122155791e-06,-9.16977901651967078e-06,-9.16977878902694824e-06
1.41007500000000014e+01,1.41007500000000014e+01,5.16047224744994426e-01,-9.14928795794622829e-03,-9.14928682419364862e-03,-1.83089319776954649e-06,-1.83089297089070134e-06,-7.32357188356280366e-06,-9.15446508133235036e-06,-9.15446485445350479e-06
1.41080000000000005e+01,1.41080000000000005e+01,5.15980913723074419e-01,-9.14341114255279308e-03,-9.14341001068674428e-03,-1.82783709564079851e-06,-1.82783686937220799e-06,-7.31134747748883452e-06,-9.13918457312963282e-06,-9.13918434686104230e-06
1.41152500000000014e+01,1.41152500000000014e+01,5.15914645283427342e-01,-9.13754111835629601e-03,-9.13753998837121655e-03,-1.82478766089339001e-06,-1.82478743523280990e-06,-7.29914974093123960e-06,-9.12393740182462940e-06,-9.12393717616404929e-06
1.41225000000000005e+01,1.41225000000000005e+01,5.15848419376858325e-01,-9.13167787400226416e-03,-9.13167674591712324e-03,-1.82174487556309788e-06,-1.82174465051318321e-06,-7.28697860205273283e-06,-9.10872347761583029e-06,-9.10872325256591520e-06
1.41297500000000014e+01,1.41297500000000014e+01,5.15782235954254209e-01,-9.12582139822859517e-03,-9.12582027201921768e-03,-1.81870872175676404e-06,-1.81870849731156314e-06,-7.27483398924625339e-06,-9.09354271100301701e-06,-9.09354248655781737e-06
1.41370000000000005e+01,1.41370000000000005e+01,5.15716094966583993e-01,-9.11997167972344869e-03,-9.11997055539690189e-03,-1.81567918162373538e-06,-1.81567895778353326e-06,-7.26271583113413135e-06,-9.07839501275786694e-06,-9.07839478891766398e-06
1.41442500000000013e+01,1.41442500000000013e+01,5.15649996364898167e-01,-9.11412870726735491e-03,-9.11412758479414158e-03,-1.81265623738399920e-06,-1.81265601414180721e-06,-7.25062405656722800e-06,-9.06328029395122784e-06,-9.06328007070903521e-06
1.41515000000000004e+01,1.41515000000000004e+01,5.15583940100328708e-01,-9.10829246957689520e-03,-9.10829134897941407e-03,-1.80963987129686292e-06,-1.80963964865602346e-06,-7.23855859462409300e-06,-9.04819846592095592e-06,-9.04819824328011604e-06
1.41587500000000013e+01,1.41587500000000013e+01,5.15517926124089310e-01,-9.10246295548233775e-03,-9.10246183674563898e-03,-1.80663006569609686e-06,-1.80662984365252849e-06,-7.22651937461011481e-06,-9.03314944030621231e-06,-9.03314921826264415e-06
1.41660000000000004e+01,1.41660000000000004e+01,5.15451954387474265e-01,-9.09664015378552904e-03,-9.09663903691010529e-03,-1.80362680296147515e-06,-1.80362658151416970e-06,-7.21450632605667963e-06,-9.01813312901815562e-06,-9.01813290757084953e-06
1.41732500000000012e+01,1.41732500000000012e+01,5.15386024841859358e-01,-9.09082405333094812e-03,-9.09082293831441762e-03,-1.80063006553270164e-06,-1.80062984468008404e-06,-7.20251937872033700e-06,-9.00314944425303885e-06,-9.00314922340042104e-06
1.41805000000000003e+01,1.41805000000000003e+01,5.15320137438700976e-01,-9.08501464297728489e-03,-9.08501352982442334e-03,-1.79763983590357677e-06,-1.79763961564549181e-06,-7.19055846258196724e-06,-8.98819829848554485e-06,-8.98819807822745947e-06
1.41877500000000012e+01,1.41877500000000012e+01,5.15254292129536107e-01,-9.07921191164717811e-03,-9.07921080033014492e-03,-1.79465609663163959e-06,-1.79465587696148444e-06,-7.17862350784593774e-06,-8.97327960447757691e-06,-8.97327938480742218e-06
1.41950000000000003e+01,1.41950000000000003e+01,5.15188488865982119e-01,-9.07341584822773939e-03,-9.07341473874572271e-03,-1.79167883031829614e-06,-1.79167861123482480e-06,-7.16671444493929751e-06,-8.95839327525759280e-06,-8.95839305617412189e-06
1.42022500000000012e+01,1.42022500000000012e+01,5.15122727599736874e-01,-9.06762644164871290e-03,-9.06762533400934378e-03,-1.78870801962409842e-06,-1.78870780112773273e-06,-7.15483120451093090e-06,-8.94353922413502975e-06,-8.94353900563866447e-06
1.42095000000000002e+01,1.42095000000000002e+01,5.15057008282578277e-01,-9.06184368087536996e-03,-9.06184257508318818e-03,-1.78574364726713889e-06,-1.78574342935768973e-06,-7.14297371743075977e-06,-8.92871736469789887e-06,-8.92871714678844950e-06
1.42167500000000011e+01,1.42167500000000011e+01,5.14991330866364061e-01,-9.05606755492271986e-03,-9.05606645095334735e-03,-1.78278569602563979e-06,-1.78278547869722495e-06,-7.13114191478890066e-06,-8.91392761081454023e-06,-8.91392739348612497e-06
1.42240000000000002e+01,1.42240000000000002e+01,5.14925695303031894e-01,-9.05029805277024479e-03,-9.05029695062977910e-03,-1.77983414872097293e-06,-1.77983393197372053e-06,-7.11933572789488043e-06,-8.89916987661585379e-06,-8.89916965986860138e-06
1.42312500000000011e+01,1.42312500000000011e+01,5.14860101544598936e-01,-9.04453516346137576e-03,-9.04453406314622600e-03,-1.77688898823706796e-06,-1.77688877206920113e-06,-7.10755508827680451e-06,-8.88444407651387310e-06,-8.88444386034600479e-06
1.42385000000000002e+01,1.42385000000000002e+01,5.14794549543161728e-01,-9.03877887606086006e-03,-9.03877777756016687e-03,-1.77395019751181960e-06,-1.77394998192013974e-06,-7.09579992768055810e-06,-8.86975012519237855e-06,-8.86974990960069762e-06
1.42457500000000010e+01,1.42457500000000010e+01,5.14729039250896081e-01,-9.03302917963344498e-03,-9.03302808295274040e-03,-1.77101775953271936e-06,-1.77101754451725038e-06,-7.08407017806900237e-06,-8.85508793760172194e-06,-8.85508772258625212e-06
1.42530000000000001e+01,1.42530000000000001e+01,5.14663570620057076e-01,-9.02728606329361583e-03,-9.02728496842870008e-03,-1.76809165734643687e-06,-1.76809144290529583e-06,-7.07236577162118248e-06,-8.84045742896761872e-06,-8.84045721452647789e-06
1.42602500000000010e+01,1.42602500000000010e+01,5.14598143602978286e-01,-9.02154951618427958e-03,-9.02154842311632399e-03,-1.76517187405443149e-06,-1.76517166018287776e-06,-7.06068664073151188e-06,-8.82585851478594380e-06,-8.82585830091439027e-06
1.42675000000000001e+01,1.42675000000000001e+01,5.14532758152072445e-01,-9.01581952741992154e-03,-9.01581843616738182e-03,-1.76225839280165707e-06,-1.76225817950225143e-06,-7.04903271800900488e-06,-8.81129111081066132e-06,-8.81129089751125653e-06
1.42747500000000009e+01,1.42747500000000009e+01,5.14467414219830665e-01,-9.01009608621450298e-03,-9.01009499675704643e-03,-1.75935119680139485e-06,-1.75935098406911525e-06,-7.03740393627646101e-06,-8.79675513307785501e-06,-8.79675492034557605e-06
1.42820000000000000e+01,1.42820000000000000e+01,5.14402111758822334e-01,-9.00437918174645802e-03,-9.00437809408385220e-03,-1.75645026930866553e-06,-1.75645005714242544e-06,-7.02580022856970177e-06,-8.78225049787836731e-06,-8.78225028571212658e-06
1.42892500000000009e+01,1.42892500000000009e+01,5.14336850721695327e-01,-8.99866880322974794e-03,-8.99866771736961869e-03,-1.75355559363394549e-06,-1.75355538203419172e-06,-7.01422152813676857e-06,-8.76777712177071491e-06,-8.76777691017095966e-06
1.42965000000000000e+01,1.42965000000000000e+01,5.14271631061175460e-01,-8.99296493993517743e-03,-8.99296385585939689e-03,-1.75066715314712559e-06,-1.75066694210928945e-06,-7.00266776843715779e-06,-8.75333492158428381e-06,-8.75333471054644682e-06
1.43037500000000009e+01,1.43037500000000009e+01,5.14206452730066266e-01,-8.98726758111934032e-03,-8.98726649882139635e-03,-1.74778493126347266e-06,-1.74778472078525764e-06,-6.99113888314103055e-06,-8.73892381440450278e-06,-8.73892360392628861e-06
1.43109999999999999e+01,1.43109999999999999e+01,5.14141315681249211e-01,-8.98157671606725216e-03,-8.98157563554694352e-03,-1.74490891145177248e-06,-1.74490870153211406e-06,-6.97963480612845541e-06,-8.72454371758022789e-06,-8.72454350766056926e-06
1.43182500000000008e+01,1.43182500000000008e+01,5.14076219867683371e-01,-8.97589233408524478e-03,-8.97589125535039854e-03,-1.74203907723276125e-06,-1.74203886787215559e-06,-6.96815547148862153e-06,-8.71019454872138257e-06,-8.71019433936077754e-06
1.43254999999999999e+01,1.43254999999999999e+01,5.14011165242404977e-01,-8.97021442452938800e-03,-8.97021334756910663e-03,-1.73917541218446108e-06,-1.73917520337977120e-06,-6.95670081351908563e-06,-8.69587622570354692e-06,-8.69587601689885640e-06
1.43327500000000008e+01,1.43327500000000008e+01,5.13946151758527647e-01,-8.96454297675575162e-03,-8.96454190156333562e-03,-1.73631789993233766e-06,-1.73631769168124860e-06,-6.94527076672499441e-06,-8.68158866665733250e-06,-8.68158845840624238e-06
1.43399999999999999e+01,1.43399999999999999e+01,5.13881179369242047e-01,-8.95887798014882719e-03,-8.95887690671621356e-03,-1.73346652415464652e-06,-1.73346631645458564e-06,-6.93386526581834342e-06,-8.66733178997299016e-06,-8.66733158227292885e-06
1.43472500000000007e+01,1.43472500000000007e+01,5.13816248027815559e-01,-8.95321942410021165e-03,-8.95321835243366448e-03,-1.73062126857812758e-06,-1.73062106142929859e-06,-6.92248424571719267e-06,-8.65310551429531940e-06,-8.65310530714649189e-06
1.43544999999999998e+01,1.43544999999999998e+01,5.13751357687592614e-01,-8.94756729805123996e-03,-8.94756622814435638e-03,-1.72778211698607778e-06,-1.72778191038623688e-06,-6.91112764154494753e-06,-8.63890975853102573e-06,-8.63890955193118399e-06
1.43617500000000007e+01,1.43617500000000007e+01,5.13686508301993805e-01,-8.94192159145035248e-03,-8.94192052329962836e-03,-1.72494905320992288e-06,-1.72494884715739127e-06,-6.89979538862956591e-06,-8.62474444183948964e-06,-8.62474423578695654e-06
1.43690000000000015e+01,1.43690000000000015e+01,5.13621699824516553e-01,-8.93628229376730587e-03,-8.93628122737345071e-03,-1.72212206113179735e-06,-1.72212185562571295e-06,-6.88848742250285265e-06,-8.61060948363465042e-06,-8.61060927812856538e-06
1.43762500000000006e+01,1.43762500000000006e+01,5.13556932208734107e-01,-8.93064939452159479e-03,-8.93064832986234340e-03,-1.71930112468984232e-06,-1.71930091972492113e-06,-6.87720367889968450e-06,-8.59650480358952767e-06,-8.59650459862460521e-06
1.43835000000000015e+01,1.43835000000000015e+01,5.13492205408295987e-01,-8.92502288319718673e-03,-8.92502182028532577e-03,-1.71648622786160415e-06,-1.71648602343931937e-06,-6.86594409375727578e-06,-8.58243032161888077e-06,-8.58243011719659472e-06
1.43907500000000006e+01,1.43907500000000006e+01,5.13427519376927766e-01,-8.91940274934910349e-03,-8.91940168818386447e-03,-1.71367735468439967e-06,-1.71367715080361395e-06,-6.85470860321445494e-06,-8.56838595789885503e-06,-8.56838575401806868e-06
1.43980000000000015e+01,1.43980000000000015e+01,5.13362874068430397e-01,-8.91378898256789398e-03,-8.91378792312179369e-03,-1.71087448924827308e-06,-1.71087428590272494e-06,-6.84349714361089976e-06,-8.55437163285917369e-06,-8.55437142951362406e-06
1.44052500000000006e+01,1.44052500000000006e+01,5.13298269436680665e-01,-8.90818157239436914e-03,-8.90818051468528216e-03,-1.70807761567946612e-06,-1.70807741287160899e-06,-6.83230965148643680e-06,-8.54038726716590250e-06,-8.54038706435804600e-06
1.44125000000000014e+01,1.44125000000000014e+01,5.13233705435630738e-01,-8.90258050846171045e-03,-8.90257945248275340e-03,-1.70528671816753454e-06,-1.70528651589507105e-06,-6.82114606358028419e-06,-8.52643278174781958e-06,-8.52643257947535566e-06
1.44197500000000005e+01,1.44197500000000005e+01,5.13169182019307946e-01,-8.89698578040309940e-03,-8.89698472614483538e-03,-1.70250178094743653e-06,-1.70250157920758693e-06,-6.81000631683034773e-06,-8.51250809777778405e-06,-8.51250789603793445e-06
1.44270000000000014e+01,1.44270000000000014e+01,5.13104699141814891e-01,-8.89139737785171747e-03,-8.89139632532430155e-03,-1.69972278829938303e-06,-1.69972258709312057e-06,-6.79889034837248312e-06,-8.49861313667186531e-06,-8.49861293546560412e-06
1.44342500000000005e+01,1.44342500000000005e+01,5.13040256757329005e-01,-8.88581529051180041e-03,-8.88581423969601880e-03,-1.69694972456226001e-06,-1.69694952388494548e-06,-6.78779809553978023e-06,-8.48474782010204003e-06,-8.48474761942472550e-06
1.44415000000000013e+01,1.44415000000000013e+01,5.12975854820102550e-01,-8.88023950805916229e-03,-8.88023845895686940e-03,-1.69418257411443491e-06,-1.69418237396546120e-06,-6.77672949586184566e-06,-8.47091206997628014e-06,-8.47091186982730749e-06
1.44487500000000004e+01,1.44487500000000004e+01,5.12911493284462172e-01,-8.87467002021935514e-03,-8.87466897282571457e-03,-1.69142132138853525e-06,-1.69142112176602174e-06,-6.76568448706408696e-06,-8.45710580845262200e-06,-8.45710560883010913e-06
1.44560000000000013e+01,1.44560000000000013e+01,5.12847172104809346e-01,-8.86910681672503642e-03,-8.86910577104332680e-03,-1.68866595086313416e-06,-1.68866575176675009e-06,-6.75466300706699952e-06,-8.44332895793013368e-06,-8.44332875883375024e-06
1.44632500000000004e+01,1.44632500000000004e+01,5.12782891235619598e-01,-8.86354988735149618e-03,-8.86354884337233265e-03,-1.68591644706936170e-06,-1.68591624849636734e-06,-6.74366499398546934e-06,-8.42958144105483062e-06,-8.42958124248183731e-06
1.44705000000000013e+01,1.44705000000000013e+01,5.12718650631442729e-01,-8.85799922188112987e-03,-8.85799817959715720e-03,-1.68317279458396254e-06,-1.68317259653201181e-06,-6.73269038612804808e-06,-8.41586318071200999e-06,-8.41586298266006053e-06
1.44777500000000003e+01,1.44777500000000003e+01,5.12654450246902371e-01,-8.85245481011764923e-03,-8.85245376952396509e-03,-1.68043497803184852e-06,-1.68043478049906673e-06,-6.72173912199626605e-06,-8.40217410002811415e-06,-8.40217390249533320e-06
1.44850000000000012e+01,1.44850000000000012e+01,5.12590290036696095e-01,-8.84691664187897686e-03,-8.84691560298060155e-03,-1.67770298208458223e-06,-1.67770278507098145e-06,-6.71081114028392581e-06,-8.38851412236850804e-06,-8.38851392535490748e-06
1.44922500000000003e+01,1.44922500000000003e+01,5.12526169955595190e-01,-8.84138470701856249e-03,-8.84138366981654378e-03,-1.67497679146426303e-06,-1.67497659496910232e-06,-6.69990637987640928e-06,-8.37488317134067252e-06,-8.37488297484551202e-06
1.44995000000000012e+01,1.44995000000000012e+01,5.12462089958444222e-01,-8.83585899543248843e-03,-8.83585795990282814e-03,-1.67225639094469357e-06,-1.67225619496249283e-06,-6.68902477984997049e-06,-8.36128117079466342e-06,-8.36128097481246269e-06
1.45067500000000003e+01,1.45067500000000003e+01,5.12398050000161476e-01,-8.83033949697420439e-03,-8.83033846313201545e-03,-1.66954176533507867e-06,-1.66954156986776808e-06,-6.67816627947107318e-06,-8.34770804480615227e-06,-8.34770784933884084e-06
1.45140000000000011e+01,1.45140000000000011e+01,5.12334050035738064e-01,-8.82482620158242526e-03,-8.82482516941811464e-03,-1.66683289950407829e-06,-1.66683270454891538e-06,-6.66733081819566067e-06,-8.33416371769973833e-06,-8.33416352274457520e-06
1.45212500000000002e+01,1.45212500000000002e+01,5.12270090020238489e-01,-8.81931909918876045e-03,-8.81931806869653938e-03,-1.66412977836216175e-06,-1.66412958391712888e-06,-6.65651833566851466e-06,-8.32064811403067641e-06,-8.32064791958564396e-06
1.45285000000000011e+01,1.45285000000000011e+01,5.12206169908799858e-01,-8.81381817973903026e-03,-8.81381715092404219e-03,-1.66143238686548794e-06,-1.66143219293063402e-06,-6.64572877172253608e-06,-8.30716115858802444e-06,-8.30716096465317010e-06
1.45357500000000002e+01,1.45357500000000002e+01,5.12142289656632221e-01,-8.80832343322879296e-03,-8.80832240607867106e-03,-1.65874071002244804e-06,-1.65874051659452322e-06,-6.63496206637809374e-06,-8.29370277640054220e-06,-8.29370258297261675e-06
1.45430000000000010e+01,1.45430000000000010e+01,5.12078449219018017e-01,-8.80283484965360685e-03,-8.80283382415969831e-03,-1.65605473288411692e-06,-1.65605453996057926e-06,-6.62421815984231704e-06,-8.28027289272643374e-06,-8.28027269980289609e-06
1.45502500000000001e+01,1.45502500000000001e+01,5.12014648551312290e-01,-8.79735241902324105e-03,-8.79735139518757897e-03,-1.65337444054679106e-06,-1.65337424812711370e-06,-6.61349699250845479e-06,-8.26687143305524648e-06,-8.26687124063556806e-06
1.45575000000000010e+01,1.45575000000000010e+01,5.11950887608942251e-01,-8.79187613138299184e-03,-8.79187510920388486e-03,-1.65069981815583639e-06,-1.65069962623879389e-06,-6.60279850495517554e-06,-8.25349832311101193e-06,-8.25349813119396964e-06
1.45647500000000001e+01,1.45647500000000001e+01,5.11887166347407274e-01,-8.78640597679236635e-03,-8.78640495627125949e-03,-1.64803085090152155e-06,-1.64803065948647969e-06,-6.59212263794591707e-06,-8.24015348884743799e-06,-8.24015329743239655e-06
1.45720000000000010e+01,1.45720000000000010e+01,5.11823484722278677e-01,-8.78094194535350425e-03,-8.78094092647335039e-03,-1.64536752402419157e-06,-1.64536733310705240e-06,-6.58146933242821045e-06,-8.22683685645240159e-06,-8.22683666553526306e-06
1.45792500000000000e+01,1.45792500000000000e+01,5.11759842689199718e-01,-8.77548402714012354e-03,-8.77548300991477098e-03,-1.64270982280079597e-06,-1.64270963238325632e-06,-6.57083852953302444e-06,-8.21354835233382020e-06,-8.21354816191628034e-06
1.45865000000000009e+01,1.45865000000000009e+01,5.11696240203885155e-01,-8.77003221230410190e-03,-8.77003119672102767e-03,-1.64005773256470391e-06,-1.64005754264352303e-06,-6.56023017057409295e-06,-8.20028790313879643e-06,-8.20028771321761618e-06
1.45937500000000000e+01,1.45937500000000000e+01,5.11632677222121357e-01,-8.76458649099021159e-03,-8.76458547703848172e-03,-1.63741123868957491e-06,-1.63741104926181803e-06,-6.54964419704727213e-06,-8.18705543573684683e-06,-8.18705524630909037e-06
1.46010000000000009e+01,1.46010000000000009e+01,5.11569153699765855e-01,-8.75914685335033028e-03,-8.75914584103427464e-03,-1.63477032659187776e-06,-1.63477013765746717e-06,-6.53908055062986954e-06,-8.17385087722174666e-06,-8.17385068828733608e-06
1.46082500000000000e+01,1.46082500000000000e+01,5.11505669592747791e-01,-8.75371328957186279e-03,-8.75371227889630565e-03,-1.63213498173605295e-06,-1.63213479329500200e-06,-6.52853917318000716e-06,-8.16067415491605990e-06,-8.16067396647500874e-06
1.46155000000000008e+01,1.46155000000000008e+01,5.11442224857067029e-01,-8.74828578989195194e-03,-8.74828478083313973e-03,-1.62950518963699112e-06,-1.62950500168398975e-06,-6.51802000673595817e-06,-8.14752519637294845e-06,-8.14752500841994750e-06
1.46227499999999999e+01,1.46227499999999999e+01,5.11378819448794486e-01,-8.74286434450510797e-03,-8.74286333707398507e-03,-1.62688093584266863e-06,-1.62688074837887835e-06,-6.50752299351551339e-06,-8.13440392935818287e-06,-8.13440374189439258e-06
1.46300000000000008e+01,1.46300000000000008e+01,5.11315453324071800e-01,-8.73744894366978997e-03,-8.73744793786862192e-03,-1.62426220595386378e-06,-1.62426201897882866e-06,-6.49704807591531547e-06,-8.12131028186917861e-06,-8.12131009489414497e-06
1.46372499999999999e+01,1.46372499999999999e+01,5.11252126439111221e-01,-8.73203957767287875e-03,-8.73203857348735582e-03,-1.62164898561737478e-06,-1.62164879912756099e-06,-6.48659519651024483e-06,-8.10824418212762003e-06,-8.10824399563780582e-06
1.46445000000000007e+01,1.46445000000000007e+01,5.11188838750195496e-01,-8.72663623678704425e-03,-8.72663523422096202e-03,-1.61904126051794544e-06,-1.61904107451318825e-06,-6.47616429805275217e-06,-8.09520555857069698e-06,-8.09520537256594127e-06
1.46517499999999998e+01,1.46517499999999998e+01,5.11125590213677761e-01,-8.72123891133469442e-03,-8.72123791038063347e-03,-1.61643901639000718e-06,-1.61643883086806301e-06,-6.46575532347225118e-06,-8.08219433986225857e-06,-8.08219415434031503e-06
1.46590000000000007e+01,1.46590000000000007e+01,5.11062380785981096e-01,-8.71584759164534262e-03,-8.71584659229792356e-03,-1.61384223900960379e-06,-1.61384205396861255e-06,-6.45536821587445189e-06,-8.06921045488405653e-06,-8.06921026984306508e-06
1.46662500000000016e+01,1.46662500000000016e+01,5.10999210423598860e-01,-8.71046226806271306e-03,-8.71046127032470453e-03,-1.61125091419557457e-06,-1.61125072963518877e-06,-6.44500291854075422e-06,-8.05625383273632964e-06,-8.05625364817594298e-06
1.46735000000000007e+01,1.46735000000000007e+01,5.10936079083094130e-01,-8.70508293098026797e-03,-8.70508193483310148e-03,-1.60866502781597524e-06,-1.60866484373190380e-06,-6.43465937492761606e-06,-8.04332440274359067e-06,-8.04332421865951944e-06
1.46807500000000015e+01,1.46807500000000015e+01,5.10872986721099598e-01,-8.69970957077015328e-03,-8.69970857621544386e-03,-1.60608456577478610e-06,-1.60608438216647634e-06,-6.42433752866590535e-06,-8.03042209444069103e-06,-8.03042191083238127e-06
1.46880000000000006e+01,1.46880000000000006e+01,5.10809933294318008e-01,-8.69434217782583119e-03,-8.69434118488422551e-03,-1.60350951401966787e-06,-1.60350933089007868e-06,-6.41403732356031303e-06,-8.01754683757998153e-06,-8.01754665445039107e-06
1.46952500000000015e+01,1.46952500000000015e+01,5.10746918759521051e-01,-8.68898074264023990e-03,-8.68897975127202668e-03,-1.60093985855621387e-06,-1.60093967589717309e-06,-6.40375870358869236e-06,-8.00469856214490559e-06,-8.00469837948586566e-06
1.47025000000000006e+01,1.47025000000000006e+01,5.10683943073549806e-01,-8.68362525560684162e-03,-8.68362426583148793e-03,-1.59837558541111514e-06,-1.59837540322536735e-06,-6.39350161290146857e-06,-7.99187719831258413e-06,-7.99187701612683571e-06
1.47097500000000014e+01,1.47097500000000014e+01,5.10621006193314741e-01,-8.67827570723278541e-03,-8.67827471903524425e-03,-1.59581668067131869e-06,-1.59581649895525280e-06,-6.38326599582101034e-06,-7.97908267649232839e-06,-7.97908249477626313e-06
1.47170000000000005e+01,1.47170000000000005e+01,5.10558108075795047e-01,-8.67293208798969317e-03,-8.67293110137587475e-03,-1.59326313045639018e-06,-1.59326294921025498e-06,-6.37305179684101993e-06,-7.96631492729741011e-06,-7.96631474605127534e-06
1.47242500000000014e+01,1.47242500000000014e+01,5.10495248678038971e-01,-8.66759438839181939e-03,-8.66759340336585755e-03,-1.59071492093276199e-06,-1.59071474015647914e-06,-6.36285896062591657e-06,-7.95357388155867835e-06,-7.95357370078239614e-06
1.47315000000000005e+01,1.47315000000000005e+01,5.10432427957163370e-01,-8.66226259898894568e-03,-8.66226161553751081e-03,-1.58817203831227150e-06,-1.58817185800256003e-06,-6.35268743201024011e-06,-7.94085947032251140e-06,-7.94085929001280035e-06
1.47387500000000014e+01,1.47387500000000014e+01,5.10369645870353605e-01,-8.65693671033085366e-03,-8.65693572844294067e-03,-1.58563446884549156e-06,-1.58563428899950542e-06,-6.34253715599802170e-06,-7.92817162484351368e-06,-7.92817144499752776e-06
1.47460000000000004e+01,1.47460000000000004e+01,5.10306902374863536e-01,-8.65161671297443036e-03,-8.65161573265399962e-03,-1.58310219882291269e-06,-1.58310201944055195e-06,-6.33240807776220694e-06,-7.91551027658512048e-06,-7.91551009720275973e-06
1.47532500000000013e+01,1.47532500000000013e+01,5.10244197428015522e-01,-8.64630259751208996e-03,-8.64630161876222929e-03,-1.58057521458000479e-06,-1.58057503566100982e-06,-6.32230014264403928e-06,-7.90287535722404322e-06,-7.90287517830504846e-06
1.47605000000000004e+01,1.47605000000000004e+01,5.10181530987199650e-01,-8.64099435456466836e-03,-8.64099337737880835e-03,-1.57805350249576761e-06,-1.57805332403811485e-06,-6.31221329615246027e-06,-7.89026679864822809e-06,-7.89026662019057491e-06
1.47677500000000013e+01,1.47677500000000013e+01,5.10118903009874280e-01,-8.63569197476721229e-03,-8.63569099913450398e-03,-1.57553704898998831e-06,-1.57553687099087917e-06,-6.30214748396351582e-06,-7.87768453295350349e-06,-7.87768435495439498e-06
1.47750000000000004e+01,1.47750000000000004e+01,5.10056313453565502e-01,-8.63039544875476849e-03,-8.63039447467961983e-03,-1.57302584052051821e-06,-1.57302566297994230e-06,-6.29210265191976751e-06,-7.86512849244028508e-06,-7.86512831489970939e-06
1.47822500000000012e+01,1.47822500000000012e+01,5.09993762275867346e-01,-8.62510476721212171e-03,-8.62510379468395087e-03,-1.57051986359220646e-06,-1.57051968650742280e-06,-6.28207874602969120e-06,-7.85259860962189702e-06,-7.85259843253711484e-06
1.47895000000000003e+01,1.47895000000000003e+01,5.09931249434441014e-01,-8.61981992081695125e-03,-8.61981894983672621e-03,-1.56801910474639708e-06,-1.56801892811677398e-06,-6.27207571246709594e-06,-7.84009481721349281e-06,-7.84009464058387056e-06
1.47967500000000012e+01,1.47967500000000012e+01,5.09868774887015541e-01,-8.61454090027535813e-03,-8.61453993084656221e-03,-1.56552355056726809e-06,-1.56552337439263171e-06,-6.26209349757052684e-06,-7.82761704813779472e-06,-7.82761687196315791e-06
1.48040000000000003e+01,1.48040000000000003e+01,5.09806338591387020e-01,-8.60926769632897049e-03,-8.60926672844141740e-03,-1.56303318768297972e-06,-1.56303301196067417e-06,-6.25213204784269754e-06,-7.81516523552567663e-06,-7.81516505980337235e-06
1.48112500000000011e+01,1.48112500000000011e+01,5.09743940505418713e-01,-8.60400029971941649e-03,-8.60399933336853176e-03,-1.56054800275907640e-06,-1.56054782748747137e-06,-6.24219130994988546e-06,-7.80273931270896249e-06,-7.80273913743735598e-06
1.48185000000000002e+01,1.48185000000000002e+01,5.09681580587041050e-01,-8.59873870120964057e-03,-8.59873773639439030e-03,-1.55806798250223428e-06,-1.55806780768034445e-06,-6.23227123072137610e-06,-7.79033921322360952e-06,-7.79033903840171991e-06
1.48257500000000011e+01,1.48257500000000011e+01,5.09619258794251184e-01,-8.59348289158390344e-03,-8.59348192830465887e-03,-1.55559311366011870e-06,-1.55559293928721563e-06,-6.22237175714886166e-06,-7.77796487080897972e-06,-7.77796469643607686e-06
1.48330000000000002e+01,1.48330000000000002e+01,5.09556975085113106e-01,-8.58823286164778210e-03,-8.58823189990415119e-03,-1.55312338302125313e-06,-1.55312320909647178e-06,-6.21249283638588796e-06,-7.76561621940714025e-06,-7.76561604548236017e-06
1.48402500000000011e+01,1.48402500000000011e+01,5.09494729417757197e-01,-8.58298860224238069e-03,-8.58298764201676466e-03,-1.55065877741744589e-06,-1.55065860393681474e-06,-6.20263441574725811e-06,-7.75329319316470485e-06,-7.75329301968407327e-06
1.48475000000000001e+01,1.48475000000000001e+01,5.09432521750380563e-01,-8.57775010418748707e-03,-8.57774914548544397e-03,-1.54819928371338481e-06,-1.54819911067712259e-06,-6.19279644270849037e-06,-7.74099572642187496e-06,-7.74099555338561381e-06
1.48547500000000010e+01,1.48547500000000010e+01,5.09370352041246477e-01,-8.57251735835973250e-03,-8.57251640117212381e-03,-1.54574488882063100e-06,-1.54574471622630526e-06,-6.18297886490522021e-06,-7.72872375372585164e-06,-7.72872358113152484e-06
1.48620000000000001e+01,1.48620000000000001e+01,5.09308220248684385e-01,-8.56729035562153740e-03,-8.56728939995768379e-03,-1.54329557968465489e-06,-1.54329540753316475e-06,-6.17318163013265901e-06,-7.71647720981731348e-06,-7.71647703766582398e-06
1.48692500000000010e+01,1.48692500000000010e+01,5.09246126331089899e-01,-8.56206908689216561e-03,-8.56206813274189814e-03,-1.54085134329751856e-06,-1.54085117158625262e-06,-6.16340468634501049e-06,-7.70425602964252926e-06,-7.70425585793126311e-06
1.48765000000000001e+01,1.48765000000000001e+01,5.09184070246924469e-01,-8.55685354307667012e-03,-8.55685259044339230e-03,-1.53841216668493778e-06,-1.53841199541373193e-06,-6.15364798165492686e-06,-7.69206014833986464e-06,-7.69205997706865921e-06
1.48837500000000009e+01,1.48837500000000009e+01,5.09122051954715160e-01,-8.55164371514405275e-03,-8.55164276399958227e-03,-1.53597803692021653e-06,-1.53597786608323301e-06,-6.14391146433293036e-06,-7.67988950125314667e-06,-7.67988933041616252e-06
1.48910000000000000e+01,1.48910000000000000e+01,5.09060071413054982e-01,-8.54643959399936648e-03,-8.54643864436664680e-03,-1.53354894110112895e-06,-1.53354877070172053e-06,-6.13419508280688212e-06,-7.66774402390801128e-06,-7.66774385350860265e-06
1.48982500000000009e+01,1.48982500000000009e+01,5.08998128580602227e-01,-8.54124117064714028e-03,-8.54124022251945975e-03,-1.53112486637915634e-06,-1.53112469641534923e-06,-6.12449878566139690e-06,-7.65562365204055324e-06,-7.65562348207674655e-06
1.49055000000000000e+01,1.49055000000000000e+01,5.08936223416080580e-01,-8.53604843607769226e-03,-8.53604748945155367e-03,-1.52870579993892781e-06,-1.52870563040932884e-06,-6.11482252163731622e-06,-7.64352832157624360e-06,-7.64352815204664464e-06
1.49127500000000008e+01,1.49127500000000008e+01,5.08874355878279006e-01,-8.53086138130976224e-03,-8.53086043617506777e-03,-1.52629172900574613e-06,-1.52629155990778499e-06,-6.10516623963114081e-06,-7.63145796863688715e-06,-7.63145779953892601e-06
1.49199999999999999e+01,1.49199999999999999e+01,5.08812525926051529e-01,-8.52567999736919546e-03,-8.52567905372070278e-03,-1.52388264084164334e-06,-1.52388247217362426e-06,-6.09552988869449705e-06,-7.61941252953613996e-06,-7.61941236086812089e-06
1.49272500000000008e+01,1.49272500000000008e+01,5.08750733518317122e-01,-8.52050427528894261e-03,-8.52050333313766894e-03,-1.52147852274525831e-06,-1.52147835450839320e-06,-6.08591341803357280e-06,-7.60739194077883090e-06,-7.60739177254196600e-06
1.49344999999999999e+01,1.49344999999999999e+01,5.08688978614059817e-01,-8.51533420615879777e-03,-8.51533326549365303e-03,-1.51907936206059704e-06,-1.51907919425215018e-06,-6.07631677700859986e-06,-7.59539613906919732e-06,-7.59539597126074982e-06
1.49417500000000008e+01,1.49417500000000008e+01,5.08627261172327816e-01,-8.51016978106144961e-03,-8.51016884187474378e-03,-1.51668514616547078e-06,-1.51668497878331950e-06,-6.06673991513327802e-06,-7.58342506129874879e-06,-7.58342489391659773e-06
1.49489999999999998e+01,1.49489999999999998e+01,5.08565581152234381e-01,-8.50501099109379766e-03,-8.50501005338541623e-03,-1.51429586247519191e-06,-1.51429569551856797e-06,-6.05718278207427273e-06,-7.57147864454946465e-06,-7.57147847759284092e-06
1.49562500000000007e+01,1.49562500000000007e+01,5.08503938512956943e-01,-8.49985782738116313e-03,-8.49985689114846586e-03,-1.51191149844497359e-06,-1.51191133191266106e-06,-6.04764532765064340e-06,-7.55955682609561678e-06,-7.55955665956330488e-06
1.49635000000000016e+01,1.49635000000000016e+01,5.08442333213737330e-01,-8.49471028106307813e-03,-8.49470934630496347e-03,-1.50953204156727489e-06,-1.50953187545833442e-06,-6.03812750183333681e-06,-7.54765954340061191e-06,-7.54765937729167165e-06
1.49707500000000007e+01,1.49707500000000007e+01,5.08380765213881536e-01,-8.48956834329328558e-03,-8.48956741001422044e-03,-1.50715747937167739e-06,-1.50715731368616000e-06,-6.02862925474464000e-06,-7.53578673411631739e-06,-7.53578656843080043e-06
1.49780000000000015e+01,1.49780000000000015e+01,5.08319234472759507e-01,-8.48443200528237185e-03,-8.48443107345372288e-03,-1.50478779943232527e-06,-1.50478763416441080e-06,-6.01915053665764404e-06,-7.52393833608996953e-06,-7.52393817082205506e-06
1.49852500000000006e+01,1.49852500000000006e+01,5.08257740949805026e-01,-8.47930125817697444e-03,-8.47930032781910557e-03,-1.50242298934636624e-06,-1.50242282449893269e-06,-6.00969129799573076e-06,-7.51211428734209743e-06,-7.51211412249466366e-06
1.49925000000000015e+01,1.49925000000000015e+01,5.08196284604515935e-01,-8.47417609322320686e-03,-8.47417516432409298e-03,-1.50006303676282496e-06,-1.50006287233300787e-06,-6.00025148933203148e-06,-7.50031452609485622e-06,-7.50031436166503935e-06
1.49997500000000006e+01,1.49997500000000006e+01,5.08134865396453361e-01,-8.46905650163876089e-03,-8.46905557420045939e-03,-1.49770792935979666e-06,-1.49770776534722948e-06,-5.99083106138891709e-06,-7.48853899074871418e-06,-7.48853882673614658e-06
1.50070000000000014e+01,1.50070000000000014e+01,5.08073483285242156e-01,-8.46394247469106631e-03,-8.46394154869797681e-03,-1.49535765485816786e-06,-1.49535749125936506e-06,-5.98142996503745938e-06,-7.47678761989562746e-06,-7.47678745629682444e-06
1.50142500000000005e+01,1.50142500000000005e+01,5.08012138230570454e-01,-8.45883400361913118e-03,-8.45883307908437687e-03,-1.49301220100767607e-06,-1.49301203782423175e-06,-5.97204815129692700e-06,-7.46506035230460328e-06,-7.46506018912115897e-06
1.50215000000000014e+01,1.50215000000000014e+01,5.07950830192189784e-01,-8.45373107971880700e-03,-8.45373015664530394e-03,-1.49067155560186034e-06,-1.49067139283356297e-06,-5.96268557133425102e-06,-7.45335712693611136e-06,-7.45335696416781399e-06
1.50287500000000005e+01,1.50287500000000005e+01,5.07889559129914514e-01,-8.44863369431436695e-03,-8.44863277268426312e-03,-1.48833570647290139e-06,-1.48833554411588129e-06,-5.95334217646352600e-06,-7.44167788293642739e-06,-7.44167772057940771e-06
1.50360000000000014e+01,1.50360000000000014e+01,5.07828325003622183e-01,-8.44354183870876795e-03,-8.44354091852258203e-03,-1.48600464148273789e-06,-1.48600447953636888e-06,-5.94401791814547469e-06,-7.43002255962821236e-06,-7.43002239768184357e-06
1.50432500000000005e+01,1.50432500000000005e+01,5.07767127773253168e-01,-8.43845550425470492e-03,-8.43845458549936228e-03,-1.48367834853547358e-06,-1.48367818699674067e-06,-5.93471274798696267e-06,-7.41839109652243625e-06,-7.41839093498370291e-06
1.50505000000000013e+01,1.50505000000000013e+01,5.07705967398810576e-01,-8.43337468229066189e-03,-8.43337376497143784e-03,-1.48135681556599510e-06,-1.48135665443511491e-06,-5.92542661774046047e-06,-7.40678343330645515e-06,-7.40678327217557580e-06
1.50577500000000004e+01,1.50577500000000004e+01,5.07644843840360016e-01,-8.42829936419065007e-03,-8.42829844831332643e-03,-1.47904003054861233e-06,-1.47903986982588935e-06,-5.91615947930355741e-06,-7.39519950985216995e-06,-7.39519934912944698e-06
1.50650000000000013e+01,1.50650000000000013e+01,5.07583757058029827e-01,-8.42322954136420776e-03,-8.42322862691718792e-03,-1.47672798149692072e-06,-1.47672782117961079e-06,-5.90691128471844318e-06,-7.38363926621536390e-06,-7.38363910589805376e-06
1.50722500000000004e+01,1.50722500000000004e+01,5.07522707012010299e-01,-8.41816520521376788e-03,-8.41816429219277573e-03,-1.47442065645620367e-06,-1.47442049654285245e-06,-5.89768198617140979e-06,-7.37210264262761346e-06,-7.37210248271426181e-06
1.50795000000000012e+01,1.50795000000000012e+01,5.07461693662554225e-01,-8.41310634716307959e-03,-8.41310543556739523e-03,-1.47211804350830677e-06,-1.47211788399808542e-06,-5.88847153599234167e-06,-7.36058957950064887e-06,-7.36058941999042730e-06
1.50867500000000003e+01,1.50867500000000003e+01,5.07400716969976573e-01,-8.40805295865010294e-03,-8.40805204848586556e-03,-1.46982013077027721e-06,-1.46981997166355822e-06,-5.87927988665423201e-06,-7.34910001742450923e-06,-7.34909985831779044e-06
1.50940000000000012e+01,1.50940000000000012e+01,5.07339776894653816e-01,-8.40300503116253594e-03,-8.40300412241045715e-03,-1.46752690640045167e-06,-1.46752674769316525e-06,-5.87010699077266099e-06,-7.33763389717311267e-06,-7.33763373846582666e-06
1.51012500000000003e+01,1.51012500000000003e+01,5.07278873397024710e-01,-8.39796255614544407e-03,-8.39796164882087096e-03,-1.46523835858220067e-06,-1.46523820027633078e-06,-5.86095280110532312e-06,-7.32619115968752400e-06,-7.32619100138165369e-06
1.51085000000000012e+01,1.51085000000000012e+01,5.07218006437589630e-01,-8.39292552512205248e-03,-8.39292461921417772e-03,-1.46295447554491338e-06,-1.46295431763787912e-06,-5.85181727055151649e-06,-7.31477174609643008e-06,-7.31477158818939540e-06
1.51157500000000002e+01,1.51157500000000002e+01,5.07157175976910346e-01,-8.38789392960848090e-03,-8.38789302510477980e-03,-1.46067524554898697e-06,-1.46067508803791499e-06,-5.84270035215165997e-06,-7.30337559770064673e-06,-7.30337544018957538e-06
1.51230000000000011e+01,1.51230000000000011e+01,5.07096381975610244e-01,-8.38286776112084908e-03,-8.38286685802436954e-03,-1.45840065688696561e-06,-1.45840049977169942e-06,-5.83360199908679852e-06,-7.29200265597376413e-06,-7.29200249885849773e-06
1.51302500000000002e+01,1.51302500000000002e+01,5.07035624394374107e-01,-8.37784701121080388e-03,-8.37784610952188591e-03,-1.45613069788961646e-06,-1.45613054116952926e-06,-5.82452216467811788e-06,-7.28065286256773476e-06,-7.28065270584764735e-06
1.51375000000000011e+01,1.51375000000000011e+01,5.06974903193947668e-01,-8.37283167145130847e-03,-8.37283077116346246e-03,-1.45386535692333269e-06,-1.45386520059661288e-06,-5.81546080238645154e-06,-7.26932615930978423e-06,-7.26932600298306484e-06
1.51447500000000002e+01,1.51447500000000002e+01,5.06914218335138056e-01,-8.36782173341532598e-03,-8.36782083453239608e-03,-1.45160462238631927e-06,-1.45160446645295246e-06,-5.80641786581181068e-06,-7.25802248819812953e-06,-7.25802233226476293e-06
1.51520000000000010e+01,1.51520000000000010e+01,5.06853569778813129e-01,-8.36281718871845214e-03,-8.36281629122909674e-03,-1.44934848271588106e-06,-1.44934832717322047e-06,-5.79739330869288189e-06,-7.24674179140876294e-06,-7.24674163586610215e-06
1.51592500000000001e+01,1.51592500000000001e+01,5.06792957485901585e-01,-8.35781802897628268e-03,-8.35781713287104579e-03,-1.44709692638090855e-06,-1.44709677122664116e-06,-5.78838708490656462e-06,-7.23548401128747296e-06,-7.23548385613320557e-06
1.51665000000000010e+01,1.51665000000000010e+01,5.06732381417393074e-01,-8.35282424579730787e-03,-8.35282335109275437e-03,-1.44484994188055038e-06,-1.44484978711687000e-06,-5.77939914846748084e-06,-7.22424909034803080e-06,-7.22424893558435063e-06
1.51737500000000001e+01,1.51737500000000001e+01,5.06671841534337530e-01,-8.34783583085396685e-03,-8.34783493754572004e-03,-1.44260751775640086e-06,-1.44260736338187579e-06,-5.77042945352750402e-06,-7.21303697128390488e-06,-7.21303681690937960e-06
1.51810000000000009e+01,1.51810000000000009e+01,5.06611337797845618e-01,-8.34285277583290963e-03,-8.34285188389838513e-03,-1.44036964258376176e-06,-1.44036948859382015e-06,-5.76147795437528058e-06,-7.20184759695904256e-06,-7.20184744296910073e-06
1.51882500000000000e+01,1.51882500000000000e+01,5.06550870169088063e-01,-8.33787507238525905e-03,-8.33787418183609165e-03,-1.43813630496295578e-06,-1.43813615135894080e-06,-5.75254460543576320e-06,-7.19068091039871877e-06,-7.19068075679470378e-06
1.51955000000000009e+01,1.51955000000000009e+01,5.06490438609295990e-01,-8.33290271223319223e-03,-8.33290182306103792e-03,-1.43590749353762416e-06,-1.43590734031743156e-06,-5.74362936126972456e-06,-7.17953685480734914e-06,-7.17953670158715612e-06
1.52027500000000000e+01,1.52027500000000000e+01,5.06430043079760694e-01,-8.32793568707757004e-03,-8.32793479929224388e-03,-1.43368319697867093e-06,-1.43368304414332839e-06,-5.73473217657331357e-06,-7.16841537355198471e-06,-7.16841522071664196e-06
1.52100000000000009e+01,1.52100000000000009e+01,5.06369683541833315e-01,-8.32297398867609672e-03,-8.32297310226550423e-03,-1.43146340399762661e-06,-1.43146325154438974e-06,-5.72585300617755895e-06,-7.15731641017518514e-06,-7.15731625772194827e-06
1.52172499999999999e+01,1.52172499999999999e+01,5.06309359956924832e-01,-8.31801760877937113e-03,-8.31801672373334335e-03,-1.42924810333551834e-06,-1.42924795126198157e-06,-5.71699180504792543e-06,-7.14623990838344398e-06,-7.14623975630990742e-06
1.52245000000000008e+01,1.52245000000000008e+01,5.06249072286506063e-01,-8.31306653913799209e-03,-8.31306565546497539e-03,-1.42703728376399989e-06,-1.42703713207095920e-06,-5.70814852828383681e-06,-7.13518581204783670e-06,-7.13518566035479581e-06
1.52317499999999999e+01,1.52317499999999999e+01,5.06188820492107339e-01,-8.30812077155229645e-03,-8.30811988924626786e-03,-1.42483093409378908e-06,-1.42483078277955593e-06,-5.69932313111822373e-06,-7.12415406521201239e-06,-7.12415391389777987e-06
1.52390000000000008e+01,1.52390000000000008e+01,5.06128604535318494e-01,-8.30318029782262101e-03,-8.30317941687969130e-03,-1.42262904316600676e-06,-1.42262889222926295e-06,-5.69051556891705178e-06,-7.11314461208305854e-06,-7.11314446114631473e-06
1.52462499999999999e+01,1.52462499999999999e+01,5.06068424377788872e-01,-8.29824510976351348e-03,-8.29824423018428979e-03,-1.42043159985451939e-06,-1.42043144929471943e-06,-5.68172579717887773e-06,-7.10215739703339755e-06,-7.10215724647359695e-06
1.52535000000000007e+01,1.52535000000000007e+01,5.06008279981226883e-01,-8.29331519922504867e-03,-8.29331432099562199e-03,-1.41823859306947762e-06,-1.41823844288359442e-06,-5.67295377153437769e-06,-7.09119236460385552e-06,-7.09119221441797169e-06
1.52607500000000016e+01,1.52607500000000016e+01,5.05948171307400107e-01,-8.28839055803598512e-03,-8.28838968116573684e-03,-1.41605001174748171e-06,-1.41604986193647603e-06,-5.66419944774590412e-06,-7.08024945949338604e-06,-7.08024930968238036e-06
1.52680000000000007e+01,1.52680000000000007e+01,5.05888098318135304e-01,-8.28347117808192479e-03,-8.28347030256312671e-03,-1.41386584486484913e-06,-1.41386569542675732e-06,-5.65546278170702929e-06,-7.06932862657187820e-06,-7.06932847713378640e-06
1.52752500000000015e+01,1.52752500000000015e+01,5.05828060975317961e-01,-8.27855705124846963e-03,-8.27855617707268232e-03,-1.41168608142777915e-06,-1.41168593236052218e-06,-5.64674372944208788e-06,-7.05842981086986681e-06,-7.05842966180261027e-06
1.52825000000000006e+01,1.52825000000000006e+01,5.05768059240892298e-01,-8.27364816941411618e-03,-8.27364729659565284e-03,-1.40951071047105419e-06,-1.40951056177643391e-06,-5.63804224710573650e-06,-7.04755295757679090e-06,-7.04755280888217041e-06
1.52897500000000015e+01,1.52897500000000015e+01,5.05708093076861376e-01,-8.26874452452841524e-03,-8.26874365304961292e-03,-1.40733972107125352e-06,-1.40733957274562429e-06,-5.62935829098249887e-06,-7.03669801205375260e-06,-7.03669786372812337e-06
1.52970000000000006e+01,1.52970000000000006e+01,5.05648162445286653e-01,-8.26384610849828505e-03,-8.26384523836841585e-03,-1.40517310232727591e-06,-1.40517295437158176e-06,-5.62069181748632703e-06,-7.02586491981360251e-06,-7.02586477185790900e-06
1.53042500000000015e+01,1.53042500000000015e+01,5.05588267308288097e-01,-8.25895291329459269e-03,-8.25895204450214845e-03,-1.40301084337838550e-06,-1.40301069579003726e-06,-5.61204278316014904e-06,-7.01505362653853433e-06,-7.01505347895018630e-06
1.53115000000000006e+01,1.53115000000000006e+01,5.05528407628043852e-01,-8.25406493088109983e-03,-8.25406406341710162e-03,-1.40085293339201389e-06,-1.40085278616885818e-06,-5.60341114467543274e-06,-7.00426407806744705e-06,-7.00426393084429134e-06
1.53187500000000014e+01,1.53187500000000014e+01,5.05468583366790347e-01,-8.24918215322156811e-03,-8.24918128709572172e-03,-1.39869936156487733e-06,-1.39869921470793505e-06,-5.59479685883173937e-06,-6.99349622039661671e-06,-6.99349607353967400e-06
1.53260000000000005e+01,1.53260000000000005e+01,5.05408794486822077e-01,-8.24430457232949720e-03,-8.24430370753657243e-03,-1.39655011713131498e-06,-1.39654997063907312e-06,-5.58619988255629246e-06,-6.98274999968760766e-06,-6.98274985319536516e-06
1.53332500000000014e+01,1.53332500000000014e+01,5.05349040950491490e-01,-8.23943218022549217e-03,-8.23943131675430006e-03,-1.39440518935594190e-06,-1.39440504322588285e-06,-5.57762017290353056e-06,-6.97202536225947224e-06,-6.97202521612941341e-06
1.53405000000000005e+01,1.53405000000000005e+01,5.05289322720208878e-01,-8.23456496892305267e-03,-8.23456410677958495e-03,-1.39226456753115287e-06,-1.39226442176367071e-06,-5.56905768705468286e-06,-6.96132225458583615e-06,-6.96132210881835400e-06
1.53477500000000013e+01,1.53477500000000013e+01,5.05229639758442151e-01,-8.22970293047831092e-03,-8.22970206965910507e-03,-1.39012824098543981e-06,-1.39012809557932987e-06,-5.56051238231731948e-06,-6.95064062330275888e-06,-6.95064047789664978e-06
1.53550000000000004e+01,1.53550000000000004e+01,5.05169992027716952e-01,-8.22484605694739912e-03,-8.22484519745550133e-03,-1.38799619907607559e-06,-1.38799605403123473e-06,-5.55198421612493892e-06,-6.93998041520101473e-06,-6.93998027015617366e-06
1.53622500000000013e+01,1.53622500000000013e+01,5.05110379490616324e-01,-8.21999434042908206e-03,-8.21999348224733244e-03,-1.38586843119621188e-06,-1.38586828650913000e-06,-5.54347314603651914e-06,-6.92934157723273102e-06,-6.92934143254564871e-06
1.53695000000000004e+01,1.53695000000000004e+01,5.05050802109780705e-01,-8.21514777300080823e-03,-8.21514691612903331e-03,-1.38374492676398868e-06,-1.38374478243402605e-06,-5.53497912973610333e-06,-6.91872405650009201e-06,-6.91872391217012980e-06
1.53767500000000013e+01,1.53767500000000013e+01,5.04991259847907825e-01,-8.21030634676844784e-03,-8.21030549121088381e-03,-1.38162567523082971e-06,-1.38162553125809010e-06,-5.52650212503235954e-06,-6.90812780026318926e-06,-6.90812765629044964e-06
1.53840000000000003e+01,1.53840000000000003e+01,5.04931752667752587e-01,-8.20547005385918737e-03,-8.20546919961896368e-03,-1.37951066608014142e-06,-1.37951052246454202e-06,-5.51804208985816893e-06,-6.89755275593831056e-06,-6.89755261232271138e-06
1.53912500000000012e+01,1.53912500000000012e+01,5.04872280532126849e-01,-8.20063888643574046e-03,-8.20063803349511608e-03,-1.37739988882959439e-06,-1.37739974556754655e-06,-5.50959898227018621e-06,-6.88699887109978060e-06,-6.88699872783773297e-06
1.53985000000000003e+01,1.53985000000000003e+01,5.04812843403899314e-01,-8.19581283662529358e-03,-8.19581198499690425e-03,-1.37529333301908603e-06,-1.37529319011210783e-06,-5.50117276044843134e-06,-6.87646609346751716e-06,-6.87646595056053896e-06
1.54057500000000012e+01,1.54057500000000012e+01,5.04753441245995749e-01,-8.19099189663319294e-03,-8.19099104629757852e-03,-1.37319098822974071e-06,-1.37319084567396524e-06,-5.49276338269586096e-06,-6.86595437092560146e-06,-6.86595422836982599e-06
1.54130000000000003e+01,1.54130000000000003e+01,5.04694074021398209e-01,-8.18617605862215214e-03,-8.18617520958603469e-03,-1.37109284406353295e-06,-1.37109270185948855e-06,-5.48437080743795335e-06,-6.85546365150148608e-06,-6.85546350929744189e-06
1.54202500000000011e+01,1.54202500000000011e+01,5.04634741693145816e-01,-8.18136531479751739e-03,-8.18136446706677588e-03,-1.36899889015749957e-06,-1.36899874830557142e-06,-5.47599499322228655e-06,-6.84499388337978633e-06,-6.84499374152785797e-06
1.54275000000000002e+01,1.54275000000000002e+01,5.04575444224333647e-01,-8.17655965740726742e-03,-8.17655881095987087e-03,-1.36690911618362533e-06,-1.36690897467953190e-06,-5.46763589871812677e-06,-6.83454501490175252e-06,-6.83454487339765825e-06
1.54347500000000011e+01,1.54347500000000011e+01,5.04516181578113398e-01,-8.17175907865674844e-03,-8.17175823350092118e-03,-1.36482351183447875e-06,-1.36482337067900248e-06,-5.45929348271600992e-06,-6.82411699455048845e-06,-6.82411685339501261e-06
1.54420000000000002e+01,1.54420000000000002e+01,5.04456953717693168e-01,-8.16696357080104463e-03,-8.16696272694102457e-03,-1.36274206683857894e-06,-1.36274192603183503e-06,-5.45096770412733927e-06,-6.81370977096591842e-06,-6.81370963015917451e-06
1.54492500000000010e+01,1.54492500000000010e+01,5.04397760606336787e-01,-8.16217312613076729e-03,-8.16217228354672135e-03,-1.36066477095789924e-06,-1.36066463049598901e-06,-5.44265852198395602e-06,-6.80332329294185484e-06,-6.80332315247994482e-06
1.54565000000000001e+01,1.54565000000000001e+01,5.04338602207364373e-01,-8.15738773688678975e-03,-8.15738689559998044e-03,-1.35859161397355782e-06,-1.35859147385943784e-06,-5.43436589543775220e-06,-6.79295750941130981e-06,-6.79295736929718983e-06
1.54637500000000010e+01,1.54637500000000010e+01,5.04279478484151888e-01,-8.15260739540235591e-03,-8.15260655539813868e-03,-1.35652258570941691e-06,-1.35652244594005988e-06,-5.42608978376024036e-06,-6.78261236946965727e-06,-6.78261222970030002e-06
1.54710000000000001e+01,1.54710000000000001e+01,5.04220389400131030e-01,-8.14783209398228792e-03,-8.14783125525387827e-03,-1.35445767601184799e-06,-1.35445753658554183e-06,-5.41783014634216734e-06,-6.77228782235401533e-06,-6.77228768292770896e-06
1.54782500000000010e+01,1.54782500000000010e+01,5.04161334918789117e-01,-8.14306182495272424e-03,-8.14306098749517995e-03,-1.35239687475793128e-06,-1.35239673567327375e-06,-5.40958694269309499e-06,-6.76198381745102627e-06,-6.76198367836636895e-06
1.54855000000000000e+01,1.54855000000000000e+01,5.04102315003669199e-01,-8.13829658063980332e-03,-8.13829574446529348e-03,-1.35034017185182032e-06,-1.35034003311025200e-06,-5.40136013244100715e-06,-6.75170030429282726e-06,-6.75170016555125894e-06
1.54927500000000009e+01,1.54927500000000009e+01,5.04043329618369729e-01,-8.13353635342650705e-03,-8.13353551852269083e-03,-1.34828755723408130e-06,-1.34828741883297534e-06,-5.39314967533190136e-06,-6.74143723256598309e-06,-6.74143709416487712e-06
1.55000000000000000e+01,1.55000000000000000e+01,5.03984378726544446e-01,-8.12878113568160643e-03,-8.12878030204104013e-03,-1.34623902086980057e-06,-1.34623888280734811e-06,-5.38495553122939246e-06,-6.73119455209919324e-06,-6.73119441403674036e-06
1.55072500000000009e+01,1.55072500000000009e+01,5.03925462291902382e-01,-8.12403091978097791e-03,-8.12403008740915367e-03,-1.34419455275204044e-06,-1.34419441502857735e-06,-5.37677766011430941e-06,-6.72097221286634964e-06,-6.72097207514288697e-06
1.55145000000000000e+01,1.55145000000000000e+01,5.03866580278207632e-01,-8.11928569814313050e-03,-8.11928486703096530e-03,-1.34215414290762495e-06,-1.34215400552107684e-06,-5.36861602208430650e-06,-6.71077016499193144e-06,-6.71077002760538291e-06
1.55217500000000008e+01,1.55217500000000008e+01,5.03807732649279250e-01,-8.11454546317236236e-03,-8.11454463332548191e-03,-1.34011778138763839e-06,-1.34011764433836482e-06,-5.36047057735346014e-06,-6.70058835874109810e-06,-6.70058822169182454e-06
1.55289999999999999e+01,1.55289999999999999e+01,5.03748919368991577e-01,-8.10981020731560420e-03,-8.10980937872676257e-03,-1.33808545827673490e-06,-1.33808532156297066e-06,-5.35234128625188349e-06,-6.69042674452861882e-06,-6.69042660781485415e-06
1.55362500000000008e+01,1.55362500000000008e+01,5.03690140401273134e-01,-8.10507992302689217e-03,-8.10507909568385435e-03,-1.33605716368716749e-06,-1.33605702730632934e-06,-5.34422810922531734e-06,-6.68028527291248504e-06,-6.68028513653164668e-06
1.55434999999999999e+01,1.55434999999999999e+01,5.03631395710107732e-01,-8.10035460274605157e-03,-8.10035377666078714e-03,-1.33403288775519407e-06,-1.33403275170869168e-06,-5.33613100683476671e-06,-6.67016389458996077e-06,-6.67016375854345817e-06
1.55507500000000007e+01,1.55507500000000007e+01,5.03572685259533359e-01,-8.09563423896264567e-03,-8.09563341413650946e-03,-1.33201262065152753e-06,-1.33201248493901997e-06,-5.32804993975608073e-06,-6.66006256040760804e-06,-6.66006242469510069e-06
1.55580000000000016e+01,1.55580000000000016e+01,5.03514009013642738e-01,-8.09091882418755404e-03,-8.09091800060487629e-03,-1.32999635257654915e-06,-1.32999621719489711e-06,-5.31998486877958842e-06,-6.64998122135613778e-06,-6.64998108597448574e-06
1.55652500000000007e+01,1.55652500000000007e+01,5.03455366936582660e-01,-8.08620835091033996e-03,-8.08620752857459185e-03,-1.32798407375320982e-06,-1.32798393870242579e-06,-5.31193575480970401e-06,-6.63991982856291362e-06,-6.63991969351212959e-06
1.55725000000000016e+01,1.55725000000000016e+01,5.03396758992554427e-01,-8.08150281166319928e-03,-8.08150199056918185e-03,-1.32597577443745894e-06,-1.32597563971613303e-06,-5.30390255886453213e-06,-6.62987833330199086e-06,-6.62987819858066538e-06
1.55797500000000007e+01,1.55797500000000007e+01,5.03338185145813521e-01,-8.07680219897832785e-03,-8.07680137912696744e-03,-1.32397144491114774e-06,-1.32397131051887677e-06,-5.29588524207550708e-06,-6.61985668698665503e-06,-6.61985655259438406e-06
1.55870000000000015e+01,1.55870000000000015e+01,5.03279645360669270e-01,-8.07210650540923780e-03,-8.07210568680100798e-03,-1.32197107548543904e-06,-1.32197094142174675e-06,-5.28788376568698617e-06,-6.60985484117242542e-06,-6.60985470710873292e-06
1.55942500000000006e+01,1.55942500000000006e+01,5.03221139601485068e-01,-8.06741572354496839e-03,-8.06741490615908198e-03,-1.31997465650303999e-06,-1.31997452276397266e-06,-5.27989809105589063e-06,-6.59987274755893040e-06,-6.59987261381986329e-06
1.56015000000000015e+01,1.56015000000000015e+01,5.03162667832677934e-01,-8.06272984592482089e-03,-8.06272902978364021e-03,-1.31798217832415830e-06,-1.31798204491282602e-06,-5.27192817965130494e-06,-6.58991035797546303e-06,-6.58991022456413075e-06
1.56087500000000006e+01,1.56087500000000006e+01,5.03104230018719067e-01,-8.05804886517336172e-03,-8.05804805027178668e-03,-1.31599363134851262e-06,-1.31599349826353112e-06,-5.26397399305412447e-06,-6.57996762440263709e-06,-6.57996749131765559e-06
1.56160000000000014e+01,1.56160000000000014e+01,5.03045826124132844e-01,-8.05337277392226270e-03,-8.05337196023521960e-03,-1.31400900600243362e-06,-1.31400887323916371e-06,-5.25603549295665569e-06,-6.57004449895908952e-06,-6.57004436619581961e-06
1.56232500000000005e+01,1.56232500000000005e+01,5.02987456113497267e-01,-8.04870156476056309e-03,-8.04870075230021409e-03,-1.31202829273067987e-06,-1.31202816029056425e-06,-5.24811264116225700e-06,-6.56014093389293644e-06,-6.56014080145282146e-06
1.56305000000000014e+01,1.56305000000000014e+01,5.02929119951443848e-01,-8.04403523034835644e-03,-8.04403441910757529e-03,-1.31005148201490348e-06,-1.31005134989623940e-06,-5.24020539958495759e-06,-6.55025688159986065e-06,-6.55025674948119720e-06
1.56377500000000005e+01,1.56377500000000005e+01,5.02870817602657283e-01,-8.03937376331731457e-03,-8.03937295331261237e-03,-1.30807856435733777e-06,-1.30807843256227289e-06,-5.23231373024909154e-06,-6.54039229460642931e-06,-6.54039216281136464e-06
1.56450000000000014e+01,1.56450000000000014e+01,5.02812549031875666e-01,-8.03471715637726902e-03,-8.03471634758510037e-03,-1.30610953029806658e-06,-1.30610939882223000e-06,-5.22443759528891999e-06,-6.53054712558698636e-06,-6.53054699411114977e-06
1.56522500000000004e+01,1.56522500000000004e+01,5.02754314203889829e-01,-8.03006540218831333e-03,-8.03006459460923853e-03,-1.30414437039411972e-06,-1.30414423923706779e-06,-5.21657695694827118e-06,-6.52072132734239111e-06,-6.52072119618533876e-06
1.56595000000000013e+01,1.56595000000000013e+01,5.02696113083543894e-01,-8.02541849344606817e-03,-8.02541768708362087e-03,-1.30218307523326834e-06,-1.30218294439504067e-06,-5.20873177758016269e-06,-6.51091485281343102e-06,-6.51091472197520357e-06
1.56667500000000004e+01,1.56667500000000004e+01,5.02637945635734829e-01,-8.02077642286036507e-03,-8.02077561772120660e-03,-1.30022563543046933e-06,-1.30022550491161205e-06,-5.20090201964644820e-06,-6.50112765507691774e-06,-6.50112752455805982e-06
1.56740000000000013e+01,1.56740000000000013e+01,5.02579811825412337e-01,-8.01613918318366814e-03,-8.01613837924927165e-03,-1.29827204163238171e-06,-1.29827191142935908e-06,-5.19308764571743633e-06,-6.49135968734981804e-06,-6.49135955714679499e-06
1.56812500000000004e+01,1.56812500000000004e+01,5.02521711617578637e-01,-8.01150676714001975e-03,-8.01150596440938431e-03,-1.29632228450576372e-06,-1.29632215461788585e-06,-5.18528861847154424e-06,-6.48161090297730817e-06,-6.48161077308943051e-06
1.56885000000000012e+01,1.56885000000000012e+01,5.02463644977288793e-01,-8.00687916748188400e-03,-8.00687836595736883e-03,-1.29437635474660812e-06,-1.29437622517372973e-06,-5.17750490069491977e-06,-6.47188125544152790e-06,-6.47188112586864993e-06
1.56957500000000003e+01,1.56957500000000003e+01,5.02405611869650159e-01,-8.00225637698304126e-03,-8.00225557666327074e-03,-1.29243424307890167e-06,-1.29243411382027420e-06,-5.16973645528109680e-06,-6.46217069835999827e-06,-6.46217056910137122e-06
1.57030000000000012e+01,1.57030000000000012e+01,5.02347612259822496e-01,-7.99763838843148278e-03,-7.99763758931131691e-03,-1.29049594025338616e-06,-1.29049581130765499e-06,-5.16198324523062079e-06,-6.45247918548400716e-06,-6.45247905653827578e-06
1.57102500000000003e+01,1.57102500000000003e+01,5.02289646113017851e-01,-7.99302519462230521e-03,-7.99302439669989130e-03,-1.28856143704633187e-06,-1.28856130841267601e-06,-5.15424523365070320e-06,-6.44280667069703550e-06,-6.44280654206337900e-06
1.57175000000000011e+01,1.57175000000000011e+01,5.02231713394500456e-01,-7.98841678837192148e-03,-7.98841599164148986e-03,-1.28663072426174478e-06,-1.28663059593871411e-06,-5.14652238375485561e-06,-6.43315310801660039e-06,-6.43315297969356951e-06
1.57247500000000002e+01,1.57247500000000002e+01,5.02173814069586499e-01,-7.98381316250384998e-03,-7.98381236696269446e-03,-1.28470379272899483e-06,-1.28470366471563602e-06,-5.13881465886254324e-06,-6.42351845159153786e-06,-6.42351832357817968e-06
1.57320000000000011e+01,1.57320000000000011e+01,5.02115948103644238e-01,-7.97921430984871449e-03,-7.97921351550413480e-03,-1.28278063330273505e-06,-1.28278050559970518e-06,-5.13112202239882074e-06,-6.41390265570155558e-06,-6.41390252799852571e-06
1.57392500000000002e+01,1.57392500000000002e+01,5.02058115462093668e-01,-7.97462022327977138e-03,-7.97461943012045711e-03,-1.28086123686853242e-06,-1.28086110947349771e-06,-5.12344443789399170e-06,-6.40430567476252433e-06,-6.40430554736748920e-06
1.57465000000000011e+01,1.57465000000000011e+01,5.02000316110406630e-01,-7.97003089565606615e-03,-7.97003010368028779e-03,-1.27894559433364136e-06,-1.27894546724581131e-06,-5.11578186898324440e-06,-6.39472746331688534e-06,-6.39472733622905550e-06
1.57537500000000001e+01,1.57537500000000001e+01,5.01942550014106703e-01,-7.96544631985796059e-03,-7.96544552906620212e-03,-1.27703369663263944e-06,-1.27703356985158016e-06,-5.10813427940632065e-06,-6.38516797603896030e-06,-6.38516784925790038e-06
1.57610000000000010e+01,1.57610000000000010e+01,5.01884817138768757e-01,-7.96086648878002734e-03,-7.96086569917468269e-03,-1.27512553472620048e-06,-1.27512540825178491e-06,-5.10050163300713881e-06,-6.37562716773333950e-06,-6.37562704125892330e-06
1.57682500000000001e+01,1.57682500000000001e+01,5.01827117450019400e-01,-7.95629139533815533e-03,-7.95629060691610372e-03,-1.27322109960215247e-06,-1.27322097343337075e-06,-5.09288389373348299e-06,-6.36610499333563567e-06,-6.36610486716685352e-06
1.57755000000000010e+01,1.57755000000000010e+01,5.01769450913536308e-01,-7.95172103246954975e-03,-7.95172024521467215e-03,-1.27132038227538739e-06,-1.27132025640915440e-06,-5.08528102563661845e-06,-6.35660140791200627e-06,-6.35660128204577328e-06
1.57827500000000001e+01,1.57827500000000001e+01,5.01711817495048673e-01,-7.94715539307588870e-03,-7.94715460700842237e-03,-1.26942337377869989e-06,-1.26942324821774562e-06,-5.07769299287098163e-06,-6.34711636664968109e-06,-6.34711624108872725e-06
1.57900000000000009e+01,1.57900000000000009e+01,5.01654217160336646e-01,-7.94259447015122078e-03,-7.94259368524915556e-03,-1.26753006518314911e-06,-1.26752993992345354e-06,-5.07011975969381332e-06,-6.33764982487696243e-06,-6.33764969961726687e-06
1.57972500000000000e+01,1.57972500000000000e+01,5.01596649875231448e-01,-7.93803825663275120e-03,-7.93803747290242750e-03,-1.26564044757413363e-06,-1.26564032261620752e-06,-5.06256129046483009e-06,-6.32820173803896350e-06,-6.32820161308103782e-06
1.58045000000000009e+01,1.58045000000000009e+01,5.01539115605615371e-01,-7.93348674550742317e-03,-7.93348596294750526e-03,-1.26375451206833823e-06,-1.26375438741146796e-06,-5.05501754964587100e-06,-6.31877206171420944e-06,-6.31877193705733875e-06
1.58117500000000000e+01,1.58117500000000000e+01,5.01481614317421553e-01,-7.92893992977639073e-03,-7.92893914837733936e-03,-1.26187224980797686e-06,-1.26187212545014501e-06,-5.04748850180057918e-06,-6.30936075160855646e-06,-6.30936062725072398e-06
1.58190000000000008e+01,1.58190000000000008e+01,5.01424145976633651e-01,-7.92439780243370251e-03,-7.92439702219852049e-03,-1.25999365195732082e-06,-1.25999352789850897e-06,-5.03997411159403588e-06,-6.29996776355135649e-06,-6.29996763949254528e-06
1.58262499999999999e+01,1.58262499999999999e+01,5.01366710549286276e-01,-7.91986035650182885e-03,-7.91985957743126558e-03,-1.25811870970828077e-06,-1.25811858594811240e-06,-5.03247434379244876e-06,-6.29059305350072995e-06,-6.29059292974056137e-06
1.58335000000000008e+01,1.58335000000000008e+01,5.01309308001464338e-01,-7.91532758501745093e-03,-7.91532680710936229e-03,-1.25624741427806014e-06,-1.25624729081570009e-06,-5.02498916326280037e-06,-6.28123657754086030e-06,-6.28123645407850004e-06
1.58407499999999999e+01,1.58407499999999999e+01,5.01251938299303479e-01,-7.91079948103856623e-03,-7.91079870428015516e-03,-1.25437975691020557e-06,-1.25437963374313136e-06,-5.01751853497252546e-06,-6.27189829188273103e-06,-6.27189816871565661e-06
1.58480000000000008e+01,1.58480000000000008e+01,5.01194601408989304e-01,-7.90627603761606679e-03,-7.90627526200450050e-03,-1.25251572887001608e-06,-1.25251560599729049e-06,-5.01006242398916281e-06,-6.26257815285917890e-06,-6.26257802998645351e-06
1.58552500000000016e+01,1.58552500000000016e+01,5.01137297296758044e-01,-7.90175724782216093e-03,-7.90175647335674379e-03,-1.25065532144898418e-06,-1.25065519887001025e-06,-5.00262079548004016e-06,-6.25327611692902414e-06,-6.25327599435005063e-06
1.58625000000000007e+01,1.58625000000000007e+01,5.01080025928896000e-01,-7.89724310472905699e-03,-7.89724233142467986e-03,-1.24879852596133735e-06,-1.24879840367798448e-06,-4.99519361471193878e-06,-6.24399214067327656e-06,-6.24399201838992348e-06
1.58697500000000016e+01,1.58697500000000016e+01,5.01022787271739545e-01,-7.89273360145870129e-03,-7.89273282930952683e-03,-1.24694533375183141e-06,-1.24694521176268824e-06,-4.98778084705075294e-06,-6.23472618080258436e-06,-6.23472605881344139e-06
1.58770000000000007e+01,1.58770000000000007e+01,5.00965581291674789e-01,-7.88822873113304013e-03,-7.88822796012588617e-03,-1.24509573618779498e-06,-1.24509561449029456e-06,-4.98038245796117825e-06,-6.22547819414897302e-06,-6.22547807245147281e-06
1.58842500000000015e+01,1.58842500000000015e+01,5.00908407955138024e-01,-7.88372848686691441e-03,-7.88372771700171504e-03,-1.24324972465794276e-06,-1.24324960325159320e-06,-4.97299841300637364e-06,-6.21624813766431641e-06,-6.21624801625796684e-06
1.58915000000000006e+01,1.58915000000000006e+01,5.00851267228615171e-01,-7.87923286180358673e-03,-7.87923209307829844e-03,-1.24140729057791138e-06,-1.24140716946191030e-06,-4.96562867784764122e-06,-6.20703596842555281e-06,-6.20703584730955173e-06
1.58987500000000015e+01,1.58987500000000015e+01,5.00794159078641887e-01,-7.87474184909342512e-03,-7.87474108151021111e-03,-1.23956842538681653e-06,-1.23956830456102525e-06,-4.95827321824410015e-06,-6.19784164363091646e-06,-6.19784152280512582e-06
1.59060000000000006e+01,1.59060000000000006e+01,5.00737083471803346e-01,-7.87025544190811388e-03,-7.87025467546528627e-03,-1.23773312054941722e-06,-1.23773300001309162e-06,-4.95093200005236563e-06,-6.18866512060178243e-06,-6.18866500006545682e-06
1.59132500000000014e+01,1.59132500000000014e+01,5.00680040374734125e-01,-7.86577363344065361e-03,-7.86577286812458268e-03,-1.23590136755603380e-06,-1.23590124730655506e-06,-4.94360498922622109e-06,-6.17950635678225489e-06,-6.17950623653277615e-06
1.59205000000000005e+01,1.59205000000000005e+01,5.00623029754118432e-01,-7.86129641686983405e-03,-7.86129565268236553e-03,-1.23407315791689083e-06,-1.23407303795407641e-06,-4.93629215181630564e-06,-6.17036530973319646e-06,-6.17036518977038162e-06
1.59277500000000014e+01,1.59277500000000014e+01,5.00566051576689541e-01,-7.85682378539576121e-03,-7.85682302234605445e-03,-1.23224848316763231e-06,-1.23224836349244677e-06,-4.92899345396978795e-06,-6.16124193713742047e-06,-6.16124181746223430e-06
1.59350000000000005e+01,1.59350000000000005e+01,5.00509105809230137e-01,-7.85235573226117367e-03,-7.85235497033621131e-03,-1.23042733487258365e-06,-1.23042721548251364e-06,-4.92170886193005540e-06,-6.15213619680263862e-06,-6.15213607741256883e-06
1.59422500000000014e+01,1.59422500000000014e+01,5.00452192418571751e-01,-7.84789225068749374e-03,-7.84789148988649168e-03,-1.22860970461464228e-06,-1.22860958550909594e-06,-4.91443834203638374e-06,-6.14304804665102561e-06,-6.14304792754547926e-06
1.59495000000000005e+01,1.59495000000000005e+01,5.00395311371595097e-01,-7.84343333391746000e-03,-7.84343257424362922e-03,-1.22679558400189833e-06,-1.22679546518090995e-06,-4.90718186072364148e-06,-6.13397744472553960e-06,-6.13397732590455142e-06
1.59567500000000013e+01,1.59567500000000013e+01,5.00338462635229853e-01,-7.83897897522223275e-03,-7.83897821666739401e-03,-1.22498496466866412e-06,-1.22498484613048776e-06,-4.89993938452195188e-06,-6.12492434919061601e-06,-6.12492423065243943e-06
1.59640000000000004e+01,1.59640000000000004e+01,5.00281646176454431e-01,-7.83452916786586684e-03,-7.83452841043056833e-03,-1.22317783826984380e-06,-1.22317772001410041e-06,-4.89271088005640165e-06,-6.11588871832624587e-06,-6.11588860007050227e-06
1.59712500000000013e+01,1.59712500000000013e+01,5.00224861962295764e-01,-7.83008390514794428e-03,-7.83008314881890495e-03,-1.22137419648752301e-06,-1.22137407851167699e-06,-4.88549631404670713e-06,-6.10687051053423034e-06,-6.10687039255838370e-06
1.59785000000000004e+01,1.59785000000000004e+01,5.00168109959829854e-01,-7.82564318033962536e-03,-7.82564242513111158e-03,-1.21957403102091607e-06,-1.21957391332673180e-06,-4.87829565330692637e-06,-6.09786968432784265e-06,-6.09786956663365817e-06
1.59857500000000012e+01,1.59857500000000012e+01,5.00111390136180889e-01,-7.82120698676891379e-03,-7.82120623267880573e-03,-1.21777733359959668e-06,-1.21777721618628155e-06,-4.87110886474512536e-06,-6.08888619834472162e-06,-6.08888608093140649e-06
1.59930000000000003e+01,1.59930000000000003e+01,5.00054702458521683e-01,-7.81677531777091872e-03,-7.81677456478649564e-03,-1.21598409597565817e-06,-1.21598397884077252e-06,-4.86393591536309007e-06,-6.07992001133874782e-06,-6.07991989420386259e-06
1.60002500000000012e+01,1.60002500000000012e+01,4.99998046894073234e-01,-7.81234816667364385e-03,-7.81234741479153779e-03,-1.21419430992143585e-06,-1.21419419306400007e-06,-4.85677677225600030e-06,-6.07097108217743636e-06,-6.07097096532000016e-06
1.60075000000000003e+01,1.60075000000000003e+01,4.99941423410105001e-01,-7.80792552681219831e-03,-7.80792477604411953e-03,-1.21240796723165761e-06,-1.21240785065303543e-06,-4.84963140261214256e-06,-6.06203936984380038e-06,-6.06203925326517777e-06
1.60147499999999994e+01,1.60147499999999994e+01,4.99884831973934463e-01,-7.80350739157142925e-03,-7.80350664190721834e-03,-1.21062505972998766e-06,-1.21062494342814599e-06,-4.84249977371258397e-06,-6.05312483344257163e-06,-6.05312471714072975e-06
1.60219999999999985e+01,1.60219999999999985e+01,4.99828272552927222e-01,-7.79909375430776208e-03,-7.79909300575657317e-03,-1.20884557925681640e-06,-1.20884546323272128e-06,-4.83538185293088511e-06,-6.04422743218770172e-06,-6.04422731616360618e-06
1.60292500000000011e+01,1.60292500000000011e+01,4.99771745114496846e-01,-7.79468460844867650e-03,-7.79468386098065760e-03,-1.20706951768462234e-06,-1.20706940193319602e-06,-4.82827760773278407e-06,-6.03534712541740619e-06,-6.03534700966597987e-06
1.60365000000000002e+01,1.60365000000000002e+01,4.99715249626104807e-01,-7.79027994734349249e-03,-7.79027920098065031e-03,-1.20529686689477616e-06,-1.20529675141897796e-06,-4.82118700567591268e-06,-6.02648387257068905e-06,-6.02648375709489064e-06
1.60437500000000028e+01,1.60437500000000028e+01,4.99658786055260318e-01,-7.78587976444100605e-03,-7.78587901917039693e-03,-1.20352761880498816e-06,-1.20352750360236655e-06,-4.81411001440946621e-06,-6.01763763321445458e-06,-6.01763751801183277e-06
1.60510000000000019e+01,1.60510000000000019e+01,4.99602354369520441e-01,-7.78148405315448599e-03,-7.78148330897639358e-03,-1.20176176534833233e-06,-1.20176165041848455e-06,-4.80704660167393822e-06,-6.00880836702227054e-06,-6.00880825209242298e-06
1.60582500000000010e+01,1.60582500000000010e+01,4.99545954536489645e-01,-7.77709280691851745e-03,-7.77709206383774086e-03,-1.19999929848197736e-06,-1.19999918382519840e-06,-4.79999673530079274e-06,-5.99999603378276988e-06,-5.99999591912599135e-06
1.60655000000000001e+01,1.60655000000000001e+01,4.99489586523820084e-01,-7.77270601920321269e-03,-7.77270527720612652e-03,-1.19824021018930232e-06,-1.19824009580304577e-06,-4.79296038321218225e-06,-5.99120059340148457e-06,-5.99120047901522802e-06
1.60727499999999992e+01,1.60727499999999992e+01,4.99433250299211207e-01,-7.76832368345736768e-03,-7.76832294254578733e-03,-1.19648449247105765e-06,-1.19648437835516174e-06,-4.78593751342064780e-06,-5.98242200589170524e-06,-5.98242189177580975e-06
1.60799999999999983e+01,1.60799999999999983e+01,4.99376945830409980e-01,-7.76394579315820010e-03,-7.76394505333348906e-03,-1.19473213735297194e-06,-1.19473202350720564e-06,-4.77892809402882257e-06,-5.97366023138179452e-06,-5.97366011753602800e-06
1.60872500000000009e+01,1.60872500000000009e+01,4.99320673085210442e-01,-7.75957234179713851e-03,-7.75957160305848406e-03,-1.19298313688348615e-06,-1.19298302330728385e-06,-4.77193209322913623e-06,-5.96491523011262217e-06,-5.96491511653641966e-06
1.60945000000000000e+01,1.60945000000000000e+01,4.99264432031453931e-01,-7.75520332287982228e-03,-7.75520258522249730e-03,-1.19123748313368726e-06,-1.19123736982588365e-06,-4.76494947930353460e-06,-5.95618696243722207e-06,-5.95618684912941804e-06
1.61017500000000027e+01,1.61017500000000027e+01,4.99208222637028687e-01,-7.75083872992610168e-03,-7.75083799333967701e-03,-1.18949516819723337e-06,-1.18949505515579049e-06,-4.75798022062316113e-06,-5.94747538882039492e-06,-5.94747527577895141e-06
1.61090000000000018e+01,1.61090000000000018e+01,4.99152044869870082e-01,-7.74647855644161609e-03,-7.74647782093658855e-03,-1.18775618418593090e-06,-1.18775607141202486e-06,-4.75102428564809945e-06,-5.93878046983403013e-06,-5.93878035706012452e-06
1.61162500000000009e+01,1.61162500000000009e+01,4.99095898697960283e-01,-7.74212279598174291e-03,-7.74212206155216413e-03,-1.18602052323947947e-06,-1.18602041073176328e-06,-4.74408164292705398e-06,-5.93010216616653325e-06,-5.93010205365881706e-06
1.61234999999999999e+01,1.61234999999999999e+01,4.99039784089328364e-01,-7.73777144209475409e-03,-7.73777070873768631e-03,-1.18428817751667763e-06,-1.18428806527426889e-06,-4.73715226109707472e-06,-5.92144043861375257e-06,-5.92144032637134404e-06
1.61307499999999990e+01,1.61307499999999990e+01,4.98983701012049974e-01,-7.73342448834313245e-03,-7.73342375605675508e-03,-1.18255913919862946e-06,-1.18255902722081814e-06,-4.73023610888327256e-06,-5.91279524808190224e-06,-5.91279513610409071e-06
1.61379999999999981e+01,1.61379999999999981e+01,4.98927649434247389e-01,-7.72908192830357166e-03,-7.72908119708525573e-03,-1.18083340048867620e-06,-1.18083328877463051e-06,-4.72333315509852290e-06,-5.90416655558719888e-06,-5.90416644387315341e-06
1.61452500000000008e+01,1.61452500000000008e+01,4.98871629324089572e-01,-7.72474375555987081e-03,-7.72474302541133716e-03,-1.17911095361124194e-06,-1.17911084216079630e-06,-4.71644336864318605e-06,-5.89555432225442756e-06,-5.89555421080398213e-06
1.61525000000000034e+01,1.61525000000000034e+01,4.98815640649791725e-01,-7.72040996371714527e-03,-7.72040923463537549e-03,-1.17739179081394045e-06,-1.17739167962620631e-06,-4.70956671850482439e-06,-5.88695850931876462e-06,-5.88695839813103070e-06
1.61597500000000025e+01,1.61597500000000025e+01,4.98759683379615626e-01,-7.71608054639472130e-03,-7.71607981836995582e-03,-1.17567590436641700e-06,-1.17567579343948092e-06,-4.70270317375792282e-06,-5.87837907812433939e-06,-5.87837896719740352e-06
1.61670000000000016e+01,1.61670000000000016e+01,4.98703757481869070e-01,-7.71175549720481968e-03,-7.71175477023982540e-03,-1.17396328655703673e-06,-1.17396317589089659e-06,-4.69585270356358551e-06,-5.86981599012062246e-06,-5.86981587945448210e-06
1.61742500000000007e+01,1.61742500000000007e+01,4.98647862924906204e-01,-7.70743480978097750e-03,-7.70743408388188320e-03,-1.17225392969715453e-06,-1.17225381929231982e-06,-4.68901527716927928e-06,-5.86126920686643381e-06,-5.86126909646159889e-06
1.61814999999999998e+01,1.61814999999999998e+01,4.98591999677127196e-01,-7.70311847779225900e-03,-7.70311775294514091e-03,-1.17054782612320275e-06,-1.17054771597713385e-06,-4.68219086390853626e-06,-5.85273869003173943e-06,-5.85273857988567053e-06
1.61887499999999989e+01,1.61887499999999989e+01,4.98536167706978228e-01,-7.69880649487930668e-03,-7.69880577109069951e-03,-1.16884496818690163e-06,-1.16884485830017135e-06,-4.67537943320068623e-06,-5.84422440138758765e-06,-5.84422429150085737e-06
1.61960000000000015e+01,1.61960000000000015e+01,4.98480366982951395e-01,-7.69449885473250106e-03,-7.69449813199171630e-03,-1.16714534826707476e-06,-1.16714523863764196e-06,-4.66858095455056699e-06,-5.83572630281764154e-06,-5.83572619318820852e-06
1.62032500000000006e+01,1.62032500000000006e+01,4.98424597473584585e-01,-7.69019555102090635e-03,-7.69019482933338324e-03,-1.16544895875879374e-06,-1.16544884938706627e-06,-4.66179539754826422e-06,-5.82724435630705818e-06,-5.82724424693533070e-06
1.62105000000000032e+01,1.62105000000000032e+01,4.98368859147461540e-01,-7.68589657745621935e-03,-7.68589585681289048e-03,-1.16375579208301550e-06,-1.16375568296720315e-06,-4.65502273186881343e-06,-5.81877852395182893e-06,-5.81877841483601636e-06
1.62177500000000023e+01,1.62177500000000023e+01,4.98313151973211521e-01,-7.68160192772882056e-03,-7.68160120813940646e-03,-1.16206584067682594e-06,-1.16206573181798559e-06,-4.64826292727194323e-06,-5.81032876794876916e-06,-5.81032865908992861e-06
1.62250000000000014e+01,1.62250000000000014e+01,4.98257475919509418e-01,-7.67731159558593390e-03,-7.67731087703404317e-03,-1.16037909700520864e-06,-1.16037898840044727e-06,-4.64151595360178907e-06,-5.80189505060699729e-06,-5.80189494200223612e-06
1.62322500000000005e+01,1.62322500000000005e+01,4.98201830955075531e-01,-7.67302557473925617e-03,-7.67302485722982843e-03,-1.15869555354700316e-06,-1.15869544519665618e-06,-4.63478178078662473e-06,-5.79347733433362832e-06,-5.79347722598328112e-06
1.62394999999999996e+01,1.62394999999999996e+01,4.98146217048675732e-01,-7.66874385893601129e-03,-7.66874314247168506e-03,-1.15701520280559332e-06,-1.15701509470964803e-06,-4.62806037883859210e-06,-5.78507558164418564e-06,-5.78507547354823971e-06
1.62467499999999987e+01,1.62467499999999987e+01,4.98090634169120972e-01,-7.66446644194473947e-03,-7.66446572651639617e-03,-1.15533803730668564e-06,-1.15533792946335648e-06,-4.62135171785342593e-06,-5.77668975516011157e-06,-5.77668964731678220e-06
1.62540000000000013e+01,1.62540000000000013e+01,4.98035082285267494e-01,-7.66019331752687549e-03,-7.66019260313257396e-03,-1.15366404959395834e-06,-1.15366394200254526e-06,-4.61465576801018187e-06,-5.76831981760414000e-06,-5.76831971001272755e-06
1.62612500000000004e+01,1.62612500000000004e+01,4.97979561366016843e-01,-7.65592447945806498e-03,-7.65592376610065104e-03,-1.15199323223222081e-06,-1.15199312489274603e-06,-4.60797249957098412e-06,-5.75996573180320514e-06,-5.75996562446372993e-06
1.62685000000000031e+01,1.62685000000000031e+01,4.97924071380315358e-01,-7.65165992153526986e-03,-7.65165920921282317e-03,-1.15032557780841327e-06,-1.15032547072018159e-06,-4.60130188288072638e-06,-5.75162746068913944e-06,-5.75162735360090776e-06
1.62757500000000022e+01,1.62757500000000022e+01,4.97868612297154511e-01,-7.64739963756966290e-03,-7.64739892627305101e-03,-1.14866107893047475e-06,-1.14866097209170974e-06,-4.59464388836683894e-06,-5.74330496729731327e-06,-5.74330486045854889e-06
1.62830000000000013e+01,1.62830000000000013e+01,4.97813184085570626e-01,-7.64314362136531145e-03,-7.64314291109701241e-03,-1.14699972822407712e-06,-1.14699962163474869e-06,-4.58799848653899392e-06,-5.73499821476307062e-06,-5.73499810817374219e-06
1.62902500000000003e+01,1.62902500000000003e+01,4.97757786714644768e-01,-7.63889186674759912e-03,-7.63889115751208159e-03,-1.14534151833683759e-06,-1.14534141199721427e-06,-4.58136564798885621e-06,-5.72670716632569402e-06,-5.72670705998607006e-06
1.62974999999999994e+01,1.62974999999999994e+01,4.97702420153502800e-01,-7.63464436756322584e-03,-7.63464365935730659e-03,-1.14368644193825056e-06,-1.14368633584745333e-06,-4.57474534338981415e-06,-5.71843178532806492e-06,-5.71843167923726790e-06
1.63047499999999985e+01,1.63047499999999985e+01,4.97647084371315052e-01,-7.63040111767310236e-03,-7.63040041048337284e-03,-1.14203449171855743e-06,-1.14203438587417902e-06,-4.56813754349671607e-06,-5.71017203521527371e-06,-5.71017192937089466e-06
1.63120000000000012e+01,1.63120000000000012e+01,4.97591779337296480e-01,-7.62616211092392859e-03,-7.62616140475258150e-03,-1.14038566038442928e-06,-1.14038555478640151e-06,-4.56154221914560689e-06,-5.70192787953003638e-06,-5.70192777393200840e-06
1.63192500000000003e+01,1.63192500000000003e+01,4.97536505020706676e-01,-7.62192734118372073e-03,-7.62192663603882947e-03,-1.13873994066423608e-06,-1.13873983531336934e-06,-4.55495934125347822e-06,-5.69369928191771408e-06,-5.69369917656684777e-06
1.63265000000000029e+01,1.63265000000000029e+01,4.97481261390849250e-01,-7.61769680236312752e-03,-7.61769609822756169e-03,-1.13709732531115609e-06,-1.13709722020449616e-06,-4.54838888081798463e-06,-5.68548620612914052e-06,-5.68548610102248058e-06
1.63337500000000020e+01,1.63337500000000020e+01,4.97426048417072386e-01,-7.61347048833727058e-03,-7.61346978521576945e-03,-1.13545780709144072e-06,-1.13545770222930225e-06,-4.54183080891720902e-06,-5.67728861600864995e-06,-5.67728851114651148e-06
1.63410000000000011e+01,1.63410000000000011e+01,4.97370866068768402e-01,-7.60924839300969325e-03,-7.60924769091194525e-03,-1.13382137879391286e-06,-1.13382127417734682e-06,-4.53528509670938729e-06,-5.66910647550329972e-06,-5.66910637088673390e-06
1.63482500000000002e+01,1.63482500000000002e+01,4.97315714315373691e-01,-7.60503051032657140e-03,-7.60502980923606024e-03,-1.13218803323201062e-06,-1.13218792885816421e-06,-4.52875171543265598e-06,-5.66093974866466682e-06,-5.66093964429081998e-06
1.63554999999999993e+01,1.63554999999999993e+01,4.97260593126368666e-01,-7.60081683420565923e-03,-7.60081613411954255e-03,-1.13055776323313843e-06,-1.13055765910119954e-06,-4.52223063640479815e-06,-5.65278839963793636e-06,-5.65278829550599790e-06
1.63627499999999984e+01,1.63627499999999984e+01,4.97205502471277760e-01,-7.59660735857892178e-03,-7.59660665950524523e-03,-1.12893056164496912e-06,-1.12893045775574583e-06,-4.51572183102298330e-06,-5.64465239266795284e-06,-5.64465228877872913e-06
1.63700000000000010e+01,1.63700000000000010e+01,4.97150442319669206e-01,-7.59240207741385120e-03,-7.59240137934742189e-03,-1.12730642133854561e-06,-1.12730631769087791e-06,-4.50922527076351247e-06,-5.63653169210205850e-06,-5.63653158845439080e-06
1.63772500000000001e+01,1.63772500000000001e+01,4.97095412641155199e-01,-7.58820098467793969e-03,-7.58820028761170509e-03,-1.12568533520293928e-06,-1.12568523179539377e-06,-4.50274092718157593e-06,-5.62842626238451479e-06,-5.62842615897696991e-06
1.63845000000000027e+01,1.63845000000000027e+01,4.97040413405391346e-01,-7.58400407434578483e-03,-7.58400337827506554e-03,-1.12406729614624566e-06,-1.12406719297774470e-06,-4.49626877191097965e-06,-5.62033606805722488e-06,-5.62033596488872456e-06
1.63917500000000018e+01,1.63917500000000018e+01,4.96985444582077218e-01,-7.57981134038487880e-03,-7.57981064532580687e-03,-1.12245229709342849e-06,-1.12245219416597871e-06,-4.48980877666391401e-06,-5.61226107375734250e-06,-5.61226097082989251e-06
1.63990000000000009e+01,1.63990000000000009e+01,4.96930506140955741e-01,-7.57562277682666263e-03,-7.57562208276351800e-03,-1.12084033099678297e-06,-1.12084022830767239e-06,-4.48336091323068954e-06,-5.60420124422747273e-06,-5.60420114153836172e-06
1.64062500000000000e+01,1.64062500000000000e+01,4.96875598051813250e-01,-7.57143837767415562e-03,-7.57143768459905917e-03,-1.11923139082218879e-06,-1.11923128836987177e-06,-4.47692515347948793e-06,-5.59615654430167651e-06,-5.59615644184935949e-06
1.64134999999999991e+01,1.64134999999999991e+01,4.96820720284479544e-01,-7.56725813693748250e-03,-7.56725744485453426e-03,-1.11762546955432511e-06,-1.11762536733902929e-06,-4.47050146935611716e-06,-5.58812693891044269e-06,-5.58812683669514666e-06
1.64207499999999982e+01,1.64207499999999982e+01,4.96765872808827724e-01,-7.56308204865518974e-03,-7.56308135756326300e-03,-1.11602256019976010e-06,-1.11602245822094042e-06,-4.46408983288376170e-06,-5.58011239308352222e-06,-5.58011229110470255e-06
1.64280000000000008e+01,1.64280000000000008e+01,4.96711055594774131e-01,-7.55891010685871834e-03,-7.55890941676975407e-03,-1.11442265578164390e-06,-1.11442255404068315e-06,-4.45769021616273259e-06,-5.57211287194437670e-06,-5.57211277020341574e-06
1.64352499999999999e+01,1.64352499999999999e+01,4.96656268612278240e-01,-7.55474230562924731e-03,-7.55474161652968865e-03,-1.11282574934803660e-06,-1.11282564784255800e-06,-4.45130259137023114e-06,-5.56412834071826754e-06,-5.56412823921278935e-06
1.64425000000000026e+01,1.64425000000000026e+01,4.96601511831342490e-01,-7.55057863903374482e-03,-7.55057795090987357e-03,-1.11123183396241197e-06,-1.11123173269002095e-06,-4.44492693076008381e-06,-5.55615876472249557e-06,-5.55615866345010476e-06
1.64497500000000016e+01,1.64497500000000016e+01,4.96546785222012343e-01,-7.54641910112496817e-03,-7.54641841398824131e-03,-1.10964090270361954e-06,-1.10964080166562943e-06,-4.43856320666251856e-06,-5.54820410936613768e-06,-5.54820400832814799e-06
1.64570000000000007e+01,1.64570000000000007e+01,4.96492088754376226e-01,-7.54226368600541264e-03,-7.54226299985380402e-03,-1.10805294867523648e-06,-1.10805284787097600e-06,-4.43221139148390317e-06,-5.54026434015913965e-06,-5.54026423935487939e-06
1.64642499999999998e+01,1.64642499999999998e+01,4.96437422398565309e-01,-7.53811238777046810e-03,-7.53811170260663705e-03,-1.10646796499714175e-06,-1.10646786442662891e-06,-4.42587145770651649e-06,-5.53233942270365867e-06,-5.53233932213314561e-06
1.64714999999999989e+01,1.64714999999999989e+01,4.96382786124753561e-01,-7.53396520053684071e-03,-7.53396451635785468e-03,-1.10488594480964199e-06,-1.10488584447207402e-06,-4.41954337788829606e-06,-5.52442932269793848e-06,-5.52442922236037050e-06
1.64787500000000016e+01,1.64787500000000016e+01,4.96328179903157418e-01,-7.52982211844255289e-03,-7.52982143522957365e-03,-1.10330688127340377e-06,-1.10330678116564960e-06,-4.41322712466259838e-06,-5.51653400593600194e-06,-5.51653390582824755e-06
1.64860000000000007e+01,1.64860000000000007e+01,4.96273603704036170e-01,-7.52568313558299451e-03,-7.52568245335490972e-03,-1.10173076756003392e-06,-1.10173066768449340e-06,-4.40692267073797361e-06,-5.50865343829800753e-06,-5.50865333842246723e-06
1.64932500000000033e+01,1.64932500000000033e+01,4.96219057497691407e-01,-7.52154824613882056e-03,-7.52154756487792477e-03,-1.10015759687076087e-06,-1.10015749722447448e-06,-4.40062998889789791e-06,-5.50078758576865877e-06,-5.50078748612237217e-06
1.65005000000000024e+01,1.65005000000000024e+01,4.96164541254467184e-01,-7.51741744424094804e-03,-7.51741676395362417e-03,-1.09858736241660432e-06,-1.09858726300014084e-06,-4.39434905200056419e-06,-5.49293641441716851e-06,-5.49293631500070481e-06
1.65077500000000015e+01,1.65077500000000015e+01,4.96110054944749912e-01,-7.51329072406292653e-03,-7.51329004474791950e-03,-1.09702005743184414e-06,-1.09701995824465490e-06,-4.38807983297862044e-06,-5.48509989041046500e-06,-5.48509979122327533e-06
1.65150000000000006e+01,1.65150000000000006e+01,4.96055598538968301e-01,-7.50916807978541101e-03,-7.50916740143760687e-03,-1.09545567516876239e-06,-1.09545557620973757e-06,-4.38182230483894943e-06,-5.47727798000771161e-06,-5.47727788104868721e-06
1.65222499999999997e+01,1.65222499999999997e+01,4.96001172007593083e-01,-7.50504950558905648e-03,-7.50504882821033913e-03,-1.09389420889655386e-06,-1.09389411016560536e-06,-4.37557644066242229e-06,-5.46947064955897614e-06,-5.46947055082802807e-06
1.65294999999999987e+01,1.65294999999999987e+01,4.95946775321137234e-01,-7.50093499567583422e-03,-7.50093431926460684e-03,-1.09233565190438380e-06,-1.09233555340091723e-06,-4.36934221360366890e-06,-5.46167786550805313e-06,-5.46167776700458592e-06
1.65367500000000014e+01,1.65367500000000014e+01,4.95892408450155697e-01,-7.49682454426192635e-03,-7.49682386880970615e-03,-1.09077999750028960e-06,-1.09077989922270998e-06,-4.36311959689084078e-06,-5.45389959439113060e-06,-5.45389949611355098e-06
1.65440000000000005e+01,1.65440000000000005e+01,4.95838071365245436e-01,-7.49271814555640958e-03,-7.49271747106572492e-03,-1.08922723900802978e-06,-1.08922714095634644e-06,-4.35690856382538574e-06,-5.44613580283341552e-06,-5.44613570478173196e-06
1.65512500000000031e+01,1.65512500000000031e+01,4.95783764037045105e-01,-7.48861579379678233e-03,-7.48861512026350023e-03,-1.08767736977219456e-06,-1.08767727194544950e-06,-4.35070908778179801e-06,-5.43838645755399236e-06,-5.43838635972724773e-06
1.65585000000000022e+01,1.65585000000000022e+01,4.95729486436235378e-01,-7.48451748322054300e-03,-7.48451681064461315e-03,-1.08613038315402242e-06,-1.08613028555185184e-06,-4.34452114220740820e-06,-5.43065152536143041e-06,-5.43065142775925962e-06
1.65657500000000013e+01,1.65657500000000013e+01,4.95675238533538454e-01,-7.48042320807940087e-03,-7.48042253646134976e-03,-1.08458627253340812e-06,-1.08458617515553271e-06,-4.33834470062213085e-06,-5.42293097315553876e-06,-5.42293087577766314e-06
1.65730000000000004e+01,1.65730000000000004e+01,4.95621020299718273e-01,-7.47633296263217062e-03,-7.47633229197668288e-03,-1.08304503130781900e-06,-1.08304493415456254e-06,-4.33217973661825017e-06,-5.41522476792606959e-06,-5.41522467077281271e-06
1.65802499999999995e+01,1.65802499999999995e+01,4.95566831705580246e-01,-7.47224674117319410e-03,-7.47224607146424608e-03,-1.08150665289635793e-06,-1.08150655596504570e-06,-4.32602622386018197e-06,-5.40753287675653990e-06,-5.40753277982522768e-06
1.65874999999999986e+01,1.65874999999999986e+01,4.95512672721971303e-01,-7.46816453796128599e-03,-7.46816386920830938e-03,-1.07997113072941789e-06,-1.07997103402106274e-06,-4.31988413608425180e-06,-5.39985526681366991e-06,-5.39985517010531454e-06
1.65947500000000012e+01,1.65947500000000012e+01,4.95458543319779676e-01,-7.46408634731210441e-03,-7.46408567950375326e-03,-1.07843845826200368e-06,-1.07843836177461401e-06,-4.31375344709845604e-06,-5.39219190536045951e-06,-5.39219180887307047e-06
1.66020000000000003e+01,1.66020000000000003e+01,4.95404443469935230e-01,-7.46001216351288576e-03,-7.46001149665605386e-03,-1.07690862896134235e-06,-1.07690853269556423e-06,-4.30763413078225694e-06,-5.38454275974359886e-06,-5.38454266347782159e-06
1.66092500000000030e+01,1.66092500000000030e+01,4.95350373143408684e-01,-7.45594198090060445e-03,-7.45594131498123966e-03,-1.07538163631812545e-06,-1.07538154027158170e-06,-4.30152616108632679e-06,-5.37690779740445182e-06,-5.37690770135790870e-06
1.66165000000000020e+01,1.66165000000000020e+01,4.95296332311212173e-01,-7.45187579378381315e-03,-7.45187512880588713e-03,-1.07385747383517046e-06,-1.07385737800808808e-06,-4.29542951203235232e-06,-5.36928698586752278e-06,-5.36928689004043997e-06
1.66237500000000011e+01,1.66237500000000011e+01,4.95242320944398906e-01,-7.44781359649238084e-03,-7.44781293246708602e-03,-1.07233613503455279e-06,-1.07233603942819682e-06,-4.28934415771278642e-06,-5.36168029274733964e-06,-5.36168019714098345e-06
1.66310000000000002e+01,1.66310000000000002e+01,4.95188339014063006e-01,-7.44375538339880904e-03,-7.44375472031241336e-03,-1.07081761346061294e-06,-1.07081751807265954e-06,-4.28327007229063902e-06,-5.35408768575125154e-06,-5.35408759036329857e-06
1.66382499999999993e+01,1.66382499999999993e+01,4.95134386491339562e-01,-7.43970114885428302e-03,-7.43970048669991696e-03,-1.06930190267069423e-06,-1.06930180749981166e-06,-4.27720722999924748e-06,-5.34650913266994214e-06,-5.34650903749905914e-06
1.66454999999999984e+01,1.66454999999999984e+01,4.95080463347404631e-01,-7.43565088721709344e-03,-7.43565022599808768e-03,-1.06778899623918968e-06,-1.06778890128551452e-06,-4.27115560514205809e-06,-5.33894460138124798e-06,-5.33894450642757304e-06
1.66527500000000011e+01,1.66527500000000011e+01,4.95026569553474960e-01,-7.43160459286684727e-03,-7.43160393258583338e-03,-1.06627888775953278e-06,-1.06627879302310039e-06,-4.26511517209240158e-06,-5.33139405985193393e-06,-5.33139396511550176e-06
1.66600000000000001e+01,1.66600000000000001e+01,4.94972705080808095e-01,-7.42756226019736232e-03,-7.42756160085246246e-03,-1.06477157084312172e-06,-1.06477147632332098e-06,-4.25908590529328391e-06,-5.32385747613640563e-06,-5.32385738161660468e-06
1.66672500000000028e+01,1.66672500000000028e+01,4.94918869900702052e-01,-7.42352388361666726e-03,-7.42352322519764744e-03,-1.06326703911926205e-06,-1.06326694481428601e-06,-4.25306777925714491e-06,-5.31633481837640717e-06,-5.31633472407143071e-06
1.66745000000000019e+01,1.66745000000000019e+01,4.94865063984495701e-01,-7.41948945751147448e-03,-7.41948880003141971e-03,-1.06176528623003235e-06,-1.06176519214141584e-06,-4.24706076856566337e-06,-5.30882605479569572e-06,-5.30882596070707943e-06
1.66817500000000010e+01,1.66817500000000010e+01,4.94811287303568104e-01,-7.41545897633244522e-03,-7.41545831977412535e-03,-1.06026630584244128e-06,-1.06026621196738021e-06,-4.24106484786952083e-06,-5.30133115371196190e-06,-5.30133105983690124e-06
1.66890000000000001e+01,1.66890000000000001e+01,4.94757539829338899e-01,-7.41143243448760813e-03,-7.41143177885641557e-03,-1.05877009163311918e-06,-1.05876999797204827e-06,-4.23507999188819394e-06,-5.29385008352131291e-06,-5.29384998986024243e-06
1.66962499999999991e+01,1.66962499999999991e+01,4.94703821533268084e-01,-7.40740982642762447e-03,-7.40740917171921979e-03,-1.05727663730046956e-06,-1.05727654385243337e-06,-4.22910617540973434e-06,-5.28638281271020390e-06,-5.28638271926216729e-06
1.67034999999999982e+01,1.67034999999999982e+01,4.94650132386855790e-01,-7.40339114660315545e-03,-7.40339049281371966e-03,-1.05578593655851927e-06,-1.05578584332263878e-06,-4.22314337329055428e-06,-5.27892930984907333e-06,-5.27892921661319306e-06
1.67107500000000009e+01,1.67107500000000009e+01,4.94596472361642392e-01,-7.39937638947196774e-03,-7.39937573660132478e-03,-1.05429798313788553e-06,-1.05429789011380267e-06,-4.21719156045521152e-06,-5.27148954359309684e-06,-5.27148945056901376e-06
1.67180000000000000e+01,1.67180000000000000e+01,4.94542841429208568e-01,-7.39536554949182801e-03,-7.39536489755366309e-03,-1.05281277078471891e-06,-1.05281267797404981e-06,-4.21125071189619924e-06,-5.26406348268091836e-06,-5.26406338987024948e-06
1.67252500000000026e+01,1.67252500000000026e+01,4.94489239561174743e-01,-7.39135862117734632e-03,-7.39135797015253414e-03,-1.05133029326874141e-06,-1.05133020066843040e-06,-4.20532080267372161e-06,-5.25665109594246323e-06,-5.25665100334215243e-06
1.67325000000000017e+01,1.67325000000000017e+01,4.94435666729201528e-01,-7.38735559899339478e-03,-7.38735494888990724e-03,-1.04985054436802317e-06,-1.04985045197887388e-06,-4.19940180791549552e-06,-5.24925235228351869e-06,-5.24925225989436982e-06
1.67397500000000008e+01,1.67397500000000008e+01,4.94382122904989285e-01,-7.38335647746879431e-03,-7.38335582826788427e-03,-1.04837351788511212e-06,-1.04837342570413134e-06,-4.19349370281652450e-06,-5.24186722070163704e-06,-5.24186712852065583e-06
1.67469999999999999e+01,1.67469999999999999e+01,4.94328608060278341e-01,-7.37936125108262786e-03,-7.37936060279868571e-03,-1.04689920763082130e-06,-1.04689911565972490e-06,-4.18759646263889961e-06,-5.23449567026972090e-06,-5.23449557829862430e-06
1.67542499999999990e+01,1.67542499999999990e+01,4.94275122166848657e-01,-7.37536991437082179e-03,-7.37536926700462121e-03,-1.04542760743932620e-06,-1.04542751567789523e-06,-4.18171006271158009e-06,-5.22713767015090650e-06,-5.22713757838947511e-06
1.67615000000000016e+01,1.67615000000000016e+01,4.94221665196519944e-01,-7.37138246187640789e-03,-7.37138181541806964e-03,-1.04395871116104015e-06,-1.04395861960754709e-06,-4.17583447843018837e-06,-5.21979318959122831e-06,-5.21979309803773589e-06
1.67687500000000007e+01,1.67687500000000007e+01,4.94168237121151432e-01,-7.36739888812820709e-03,-7.36739824258145996e-03,-1.04249251265955419e-06,-1.04249242131420148e-06,-4.16996968525680507e-06,-5.21246219791635883e-06,-5.21246210657100612e-06
1.67760000000000034e+01,1.67760000000000034e+01,4.94114837912641991e-01,-7.36341918769056747e-03,-7.36341854304723830e-03,-1.04102900581863060e-06,-1.04102891467993720e-06,-4.16411565871974880e-06,-5.20514466453837982e-06,-5.20514457339968621e-06
1.67832500000000024e+01,1.67832500000000024e+01,4.94061467542929900e-01,-7.35944335511362624e-03,-7.35944271137785929e-03,-1.03956818453511768e-06,-1.03956809360334618e-06,-4.15827237441338470e-06,-5.19784055894850281e-06,-5.19784046801673088e-06
1.67905000000000015e+01,1.67905000000000015e+01,4.94008125983992852e-01,-7.35547138498304776e-03,-7.35547074214574961e-03,-1.03811004272593208e-06,-1.03810995199947543e-06,-4.15243980799790256e-06,-5.19054985072383443e-06,-5.19054975999737821e-06
1.67977500000000006e+01,1.67977500000000006e+01,4.93954813207847676e-01,-7.35150327187028552e-03,-7.35150262993328977e-03,-1.03665457432098327e-06,-1.03665448379977986e-06,-4.14661793519911858e-06,-5.18327250952010206e-06,-5.18327241899889801e-06
1.68049999999999997e+01,1.68049999999999997e+01,4.93901529186550725e-01,-7.34753901036810930e-03,-7.34753836933279853e-03,-1.03520177326814419e-06,-1.03520168295206823e-06,-4.14080673180827291e-06,-5.17600850507641668e-06,-5.17600841476034114e-06
1.68122499999999988e+01,1.68122499999999988e+01,4.93848273892197376e-01,-7.34357859507639432e-03,-7.34357795494650339e-03,-1.03375163353119739e-06,-1.03375154342045491e-06,-4.13500617368181966e-06,-5.16875780721301725e-06,-5.16875771710227436e-06
1.68195000000000014e+01,1.68195000000000014e+01,4.93795047296922029e-01,-7.33962202063054292e-03,-7.33962138138651542e-03,-1.03230414909378557e-06,-1.03230405918530524e-06,-4.12921623674122098e-06,-5.16152038583500612e-06,-5.16152029592652622e-06
1.68267500000000005e+01,1.68267500000000005e+01,4.93741849372898278e-01,-7.33566928161621945e-03,-7.33566864327481888e-03,-1.03085931394736681e-06,-1.03085922424318935e-06,-4.12343689697275825e-06,-5.15429621092012464e-06,-5.15429612121594739e-06
1.68340000000000032e+01,1.68340000000000032e+01,4.93688680092338461e-01,-7.33172037269724797e-03,-7.33171973524323305e-03,-1.02941712210915979e-06,-1.02941703260682689e-06,-4.11766813042730842e-06,-5.14708525253646800e-06,-5.14708516303413531e-06
1.68412500000000023e+01,1.68412500000000023e+01,4.93635539427494108e-01,-7.32777528848771453e-03,-7.32777465193340787e-03,-1.02797756760411553e-06,-1.02797747830504153e-06,-4.11190991322016613e-06,-5.13988748082428166e-06,-5.13988739152520724e-06
1.68485000000000014e+01,1.68485000000000014e+01,4.93582427350655328e-01,-7.32383402367275949e-03,-7.32383338799678409e-03,-1.02654064448183309e-06,-1.02654055538270503e-06,-4.10616222153082097e-06,-5.13270286601265385e-06,-5.13270277691352579e-06
1.68557500000000005e+01,1.68557500000000005e+01,4.93529343834150924e-01,-7.31989657288067974e-03,-7.31989593809458106e-03,-1.02510634679856856e-06,-1.02510625790069256e-06,-4.10042503160276941e-06,-5.12553137840133818e-06,-5.12553128950346176e-06
1.68629999999999995e+01,1.68629999999999995e+01,4.93476288850348610e-01,-7.31596293079661564e-03,-7.31596229689777337e-03,-1.02367466863313283e-06,-1.02367457993582894e-06,-4.09469831974331576e-06,-5.11837298837644838e-06,-5.11837289967914513e-06
1.68702499999999986e+01,1.68702499999999986e+01,4.93423262371654403e-01,-7.31203309209860208e-03,-7.31203245908706827e-03,-1.02224560407787809e-06,-1.02224551558084180e-06,-4.08898206232336636e-06,-5.11122766640124423e-06,-5.11122757790420837e-06
1.68775000000000013e+01,1.68775000000000013e+01,4.93370264370513123e-01,-7.30810705147888484e-03,-7.30810641935288226e-03,-1.02081914724163789e-06,-1.02081905894430973e-06,-4.08327623577723809e-06,-5.10409538301887598e-06,-5.10409529472154761e-06
1.68847500000000004e+01,1.68847500000000004e+01,4.93317294819407892e-01,-7.30418480363681510e-03,-7.30418417239532547e-03,-1.01939529224868845e-06,-1.01939520415061591e-06,-4.07758081660246363e-06,-5.09697610885115187e-06,-5.09697602075307954e-06
1.68920000000000030e+01,1.68920000000000030e+01,4.93264353690860302e-01,-7.30026634328595492e-03,-7.30026571292416871e-03,-1.01797403323969250e-06,-1.01797394533989555e-06,-4.07189578135958134e-06,-5.08986981459927342e-06,-5.08986972669947710e-06
1.68992500000000021e+01,1.68992500000000021e+01,4.93211440957430192e-01,-7.29635166514697175e-03,-7.29635103565883306e-03,-1.01655536437066226e-06,-1.01655527666798914e-06,-4.06622110667195657e-06,-5.08277647104261904e-06,-5.08277638333994592e-06
1.69065000000000012e+01,1.69065000000000012e+01,4.93158556591715647e-01,-7.29244076394053309e-03,-7.29244013532835949e-03,-1.01513927981192544e-06,-1.01513919230639353e-06,-4.06055676922557326e-06,-5.07569604903749891e-06,-5.07569596153196678e-06
1.69137500000000003e+01,1.69137500000000003e+01,4.93105700566353056e-01,-7.28853363440862267e-03,-7.28853300667139242e-03,-1.01372577375105028e-06,-1.01372568644221127e-06,-4.05490274576884506e-06,-5.06862851951989512e-06,-5.06862843221105590e-06
1.69209999999999994e+01,1.69209999999999994e+01,4.93052872854016722e-01,-7.28463027130032970e-03,-7.28462964443615541e-03,-1.01231484039081811e-06,-1.01231475327810492e-06,-4.04925901311241970e-06,-5.06157385350323739e-06,-5.06157376639052441e-06
1.69282499999999985e+01,1.69282499999999985e+01,4.93000073427419194e-01,-7.28073066936474333e-03,-7.28073004338043294e-03,-1.01090647394819304e-06,-1.01090638703224730e-06,-4.04362554812898920e-06,-5.05453202207718245e-06,-5.05453193516123692e-06
1.69355000000000011e+01,1.69355000000000011e+01,4.92947302259310827e-01,-7.27683482339358534e-03,-7.27683419827154180e-03,-1.00950066866019751e-06,-1.00950058193827271e-06,-4.03800232775309170e-06,-5.04750299641328921e-06,-5.04750290969136420e-06
1.69427500000000002e+01,1.69427500000000002e+01,4.92894559322479997e-01,-7.27294272812883946e-03,-7.27294210388632328e-03,-1.00809741877104359e-06,-1.00809733224523233e-06,-4.03238932898092934e-06,-5.04048674775197272e-06,-5.04048666122616210e-06
1.69500000000000028e+01,1.69500000000000028e+01,4.92841844589752831e-01,-7.26905437839064916e-03,-7.26905375501110240e-03,-1.00669671854983512e-06,-1.00669663221754039e-06,-4.02678652887016243e-06,-5.03348324741999797e-06,-5.03348316108770303e-06
1.69572500000000019e+01,1.69572500000000019e+01,4.92789158033993258e-01,-7.26516976895652533e-03,-7.26516914644168704e-03,-1.00529856227377058e-06,-1.00529847613493395e-06,-4.02119390453973580e-06,-5.02649246681350617e-06,-5.02649238067467017e-06
1.69645000000000010e+01,1.69645000000000010e+01,4.92736499628102897e-01,-7.26128889463950600e-03,-7.26128827298333068e-03,-1.00390294423893224e-06,-1.00390285829241867e-06,-4.01561143316967468e-06,-5.01951437740860692e-06,-5.01951429146209314e-06
1.69717500000000001e+01,1.69717500000000001e+01,4.92683869345021064e-01,-7.25741175024552376e-03,-7.25741112945072018e-03,-1.00250985875433949e-06,-1.00250977300022586e-06,-4.01003909200090428e-06,-5.01254895075524399e-06,-5.01254886500113035e-06
1.69789999999999992e+01,1.69789999999999992e+01,4.92631267157724428e-01,-7.25353833060182751e-03,-7.25353771066794897e-03,-1.00111930014583616e-06,-1.00111921458376395e-06,-4.00447685833505581e-06,-5.00559615848089175e-06,-5.00559607291881997e-06
1.69862499999999983e+01,1.69862499999999983e+01,4.92578693039227355e-01,-7.24966863053566613e-03,-7.24966801146850227e-03,-9.99731262753100002e-07,-9.99731177383570877e-07,-3.99892470953428435e-06,-4.99865597228738393e-06,-4.99865588691785544e-06
1.69935000000000009e+01,1.69935000000000009e+01,4.92526146962581568e-01,-7.24580264490271020e-03,-7.24580202669522933e-03,-9.98345740933521094e-07,-9.98345655755268949e-07,-3.99338262302107580e-06,-4.99172836395459731e-06,-4.99172827877634496e-06
1.70007500000000000e+01,1.70007500000000000e+01,4.92473628900876204e-01,-7.24194036855152490e-03,-7.24193975120033216e-03,-9.96962729057255776e-07,-9.96962644069517858e-07,-3.98785057627807143e-06,-4.98481330533532721e-06,-4.98481322034758950e-06
1.70079999999999991e+01,1.70079999999999991e+01,4.92421138827237537e-01,-7.23808179635199167e-03,-7.23808117984533084e-03,-9.95582221511100562e-07,-9.95582136711966176e-07,-3.98232854684786386e-06,-4.97791076835896442e-06,-4.97791068355982961e-06
1.70152500000000018e+01,1.70152500000000018e+01,4.92368676714829145e-01,-7.23422692315267568e-03,-7.23422630750105225e-03,-9.94204212692584511e-07,-9.94204128083206893e-07,-3.97681651233282672e-06,-4.97102072502541102e-06,-4.97102064041603362e-06
1.70225000000000009e+01,1.70225000000000009e+01,4.92316242536851856e-01,-7.23037574384477466e-03,-7.23037512904761096e-03,-9.92828697018725425e-07,-9.92828612598732939e-07,-3.97131445039493176e-06,-4.96414314741365740e-06,-4.96414306299366470e-06
1.70297499999999999e+01,1.70297499999999999e+01,4.92263836266543409e-01,-7.22652825331948634e-03,-7.22652763937438065e-03,-9.91455668920115871e-07,-9.91455584688887006e-07,-3.96582233875554887e-06,-4.95727800767566495e-06,-4.95727792344443609e-06
1.70370000000000026e+01,1.70370000000000026e+01,4.92211457877178682e-01,-7.22268444647511387e-03,-7.22268383337997585e-03,-9.90085122841860627e-07,-9.90085038798818343e-07,-3.96034015519527422e-06,-4.95042527803713442e-06,-4.95042519399409256e-06
1.70442500000000017e+01,1.70442500000000017e+01,4.92159107342069468e-01,-7.21884431822417127e-03,-7.21884370597223983e-03,-9.88717053244510545e-07,-9.88716969388438925e-07,-3.95486787755375655e-06,-4.94358493079826731e-06,-4.94358484694219526e-06
1.70515000000000008e+01,1.70515000000000008e+01,4.92106784634564476e-01,-7.21500786346496170e-03,-7.21500725206821163e-03,-9.87351454600122993e-07,-9.87351370932373479e-07,-3.94940548372949392e-06,-4.93675693832961712e-06,-4.93675685466186761e-06
1.70587499999999999e+01,1.70587499999999999e+01,4.92054489728049160e-01,-7.21117507714552630e-03,-7.21117446659411132e-03,-9.85988321400981004e-07,-9.85988237919917552e-07,-3.94395295167967021e-06,-4.92994127308065121e-06,-4.92994118959958776e-06
1.70660000000000025e+01,1.70660000000000025e+01,4.92002222595945726e-01,-7.20734595419969537e-03,-7.20734534448531656e-03,-9.84627648150788581e-07,-9.84627564854990293e-07,-3.93851025941996033e-06,-4.92313790757074933e-06,-4.92313782427495062e-06
1.70732500000000016e+01,1.70732500000000016e+01,4.91949983211713182e-01,-7.20352048956129920e-03,-7.20351988068635308e-03,-9.83269429366583084e-07,-9.83269346256092735e-07,-3.93307738502437094e-06,-4.91634681439095360e-06,-4.91634673128046367e-06
1.70805000000000007e+01,1.70805000000000007e+01,4.91897771548847063e-01,-7.19969867819258980e-03,-7.19969807015085998e-03,-9.81913659582573982e-07,-9.81913576656259089e-07,-3.92765430662503636e-06,-4.90956796620761076e-06,-4.90956788328129545e-06
1.70877499999999998e+01,1.70877499999999998e+01,4.91845587580879484e-01,-7.19588051504160831e-03,-7.19587990784157500e-03,-9.80560333344280119e-07,-9.80560250603013761e-07,-3.92224100241205504e-06,-4.90280133575633537e-06,-4.90280125301506880e-06
1.70950000000000024e+01,1.70950000000000024e+01,4.91793431281378923e-01,-7.19206599509902844e-03,-7.19206538873031365e-03,-9.79209445216241308e-07,-9.79209362658326454e-07,-3.91683745063330582e-06,-4.89604689584954755e-06,-4.89604681329163227e-06
1.71022500000000015e+01,1.71022500000000015e+01,4.91741302623950605e-01,-7.18825511332710221e-03,-7.18825450779795889e-03,-9.77860989772291855e-07,-9.77860907398570034e-07,-3.91144362959428014e-06,-4.88930461936657199e-06,-4.88930453699284996e-06
1.71095000000000006e+01,1.71095000000000006e+01,4.91689201582235724e-01,-7.18444786473071417e-03,-7.18444726003442113e-03,-9.76514961605196832e-07,-9.76514879414472032e-07,-3.90605951765788813e-06,-4.88257447926308496e-06,-4.88257439707236016e-06
1.71167499999999997e+01,1.71167499999999997e+01,4.91637128129912004e-01,-7.18064424429343262e-03,-7.18064364043863486e-03,-9.75171355317908361e-07,-9.75171273311074202e-07,-3.90068509324429596e-06,-4.87585644856220432e-06,-4.87585636655537037e-06
1.71240000000000023e+01,1.71240000000000023e+01,4.91585082240693361e-01,-7.17684424704856383e-03,-7.17684364401853080e-03,-9.73830165533181560e-07,-9.73830083707685932e-07,-3.89532033483074373e-06,-4.86915050036392550e-06,-4.86915041853842945e-06
1.71312500000000014e+01,1.71312500000000014e+01,4.91533063888329791e-01,-7.17304786800099237e-03,-7.17304726579102124e-03,-9.72491386882916539e-07,-9.72491305237844434e-07,-3.88996522095137773e-06,-4.86245660783429470e-06,-4.86245652618922259e-06
1.71385000000000005e+01,1.71385000000000005e+01,4.91481073046607431e-01,-7.16925510215560280e-03,-7.16925450078197395e-03,-9.71155014011985504e-07,-9.71154932549266464e-07,-3.88461973019706501e-06,-4.85577474420905030e-06,-4.85577466274633168e-06
1.71457499999999996e+01,1.71457499999999996e+01,4.91429109689348498e-01,-7.16546594457412311e-03,-7.16546534402619489e-03,-9.69821041585893116e-07,-9.69820960303807239e-07,-3.87928384121522896e-06,-4.84910488280112250e-06,-4.84910480151903620e-06
1.71530000000000022e+01,1.71530000000000022e+01,4.91377173790411070e-01,-7.16168039028985959e-03,-7.16167979056740820e-03,-9.68489464279175521e-07,-9.68489383177416607e-07,-3.87395753270966643e-06,-4.84244699698884174e-06,-4.84244691588708282e-06
1.71602500000000013e+01,1.71602500000000013e+01,4.91325265323689253e-01,-7.15789843435743478e-03,-7.15789783545824239e-03,-9.67160276782105259e-07,-9.67160195860097959e-07,-3.86864078344039268e-06,-4.83580106022249816e-06,-4.83580097930049064e-06
1.71675000000000004e+01,1.71675000000000004e+01,4.91273384263112900e-01,-7.15412007183147125e-03,-7.15411947376019906e-03,-9.65833473797763064e-07,-9.65833393055862074e-07,-3.86333357222344830e-06,-4.82916704602121178e-06,-4.82916696527931058e-06
1.71747499999999995e+01,1.71747499999999995e+01,4.91221530582647614e-01,-7.15034529780211869e-03,-7.15034470054364164e-03,-9.64509050046795229e-07,-9.64508969482684972e-07,-3.85803587793073904e-06,-4.82254492797753448e-06,-4.82254484741342380e-06
1.71820000000000022e+01,1.71820000000000022e+01,4.91169704256294692e-01,-7.14657410733110510e-03,-7.14657351088776940e-03,-9.63187000258740197e-07,-9.63186919872465778e-07,-3.85274767948986396e-06,-4.81593467974860437e-06,-4.81593459936232995e-06
1.71892500000000013e+01,1.71892500000000013e+01,4.91117905258091292e-01,-7.14280649550147473e-03,-7.14280589988061220e-03,-9.61867319178709961e-07,-9.61867238970987335e-07,-3.84746895588394934e-06,-4.80933627506265951e-06,-4.80933619485493710e-06
1.71965000000000003e+01,1.71965000000000003e+01,4.91066133562109930e-01,-7.13904245742469357e-03,-7.13904186261899148e-03,-9.60550001568294481e-07,-9.60549921537867285e-07,-3.84219968615146829e-06,-4.80274968771976298e-06,-4.80274960768933558e-06
1.72037499999999994e+01,1.72037499999999994e+01,4.91014389142458596e-01,-7.13528198819801673e-03,-7.13528139420850985e-03,-9.59235042199783011e-07,-9.59234962346519955e-07,-3.83693984938607982e-06,-4.79617489158586262e-06,-4.79617481173259978e-06
1.72110000000000021e+01,1.72110000000000021e+01,4.90962671973280973e-01,-7.13152508294001564e-03,-7.13152448976353635e-03,-9.57922435860908124e-07,-9.57922356184113584e-07,-3.83168942473645433e-06,-4.78961186059736246e-06,-4.78961178092056792e-06
1.72182500000000012e+01,1.72182500000000012e+01,4.90910982028755938e-01,-7.12777173677636711e-03,-7.12777114440718302e-03,-9.56612177352893934e-07,-9.56612097851530081e-07,-3.82644839140612032e-06,-4.78306056875901447e-06,-4.78306048925765062e-06
1.72255000000000003e+01,1.72255000000000003e+01,4.90859319283097728e-01,-7.12402194483274798e-03,-7.12402135327127976e-03,-9.55304261489463160e-07,-9.55304182163319084e-07,-3.82121672865327633e-06,-4.77652099014273949e-06,-4.77652091081659542e-06
1.72327499999999993e+01,1.72327499999999993e+01,4.90807683710555887e-01,-7.12027570224194051e-03,-7.12027511149636479e-03,-9.53998683097755100e-07,-9.53998603947659622e-07,-3.81599441579063849e-06,-4.76999309888839380e-06,-4.76999301973829790e-06
1.72400000000000020e+01,1.72400000000000020e+01,4.90756075285415094e-01,-7.11653300417935952e-03,-7.11653241423165685e-03,-9.52695437023043603e-07,-9.52695358046316606e-07,-3.81078143218526642e-06,-4.76347686920831003e-06,-4.76347679023158313e-06
1.72472500000000011e+01,1.72472500000000011e+01,4.90704493981995282e-01,-7.11279384577778728e-03,-7.11279325663504661e-03,-9.51394518117276505e-07,-9.51394439314602602e-07,-3.80557775725841083e-06,-4.75697227537568691e-06,-4.75697219657301343e-06
1.72545000000000002e+01,1.72545000000000002e+01,4.90652939774651409e-01,-7.10905822220553318e-03,-7.10905763387306797e-03,-9.50095921249507892e-07,-9.50095842621332623e-07,-3.80038337048533049e-06,-4.75047929173483839e-06,-4.75047921310666301e-06
1.72617499999999993e+01,1.72617499999999993e+01,4.90601412637773293e-01,-7.10532612865222291e-03,-7.10532554112087902e-03,-9.48799641303949085e-07,-9.48799562848784954e-07,-3.79519825139513939e-06,-4.74399789269908869e-06,-4.74399781424392403e-06
1.72690000000000019e+01,1.72690000000000019e+01,4.90549912545785893e-01,-7.10159756029327127e-03,-7.10159697356224813e-03,-9.47505673175182262e-07,-9.47505594892659433e-07,-3.79002237957063773e-06,-4.73752805274581978e-06,-4.73752797446329738e-06
1.72762500000000010e+01,1.72762500000000010e+01,4.90498439473149028e-01,-7.09787251231830396e-03,-7.09787192638953752e-03,-9.46214011771925204e-07,-9.46213933662039761e-07,-3.78485573464815904e-06,-4.73106974642008393e-06,-4.73106966831019870e-06
1.72835000000000001e+01,1.72835000000000001e+01,4.90446993394357267e-01,-7.09415097993826294e-03,-7.09415039480367458e-03,-9.44924652017934024e-07,-9.44924574079347865e-07,-3.77969829631739146e-06,-4.72462294833532538e-06,-4.72462287039673901e-06
1.72907499999999992e+01,1.72907499999999992e+01,4.90395574283939983e-01,-7.09043295834987930e-03,-7.09043237401414065e-03,-9.43637588847231613e-07,-9.43637511080306739e-07,-3.77455004432122653e-06,-4.71818763316845825e-06,-4.71818755540153327e-06
1.72980000000000018e+01,1.72980000000000018e+01,4.90344182116461191e-01,-7.08671844277830587e-03,-7.08671785923894581e-03,-9.42352817209750470e-07,-9.42352739613897770e-07,-3.76941095845559108e-06,-4.71176377566534176e-06,-4.71176369806948864e-06
1.73052500000000009e+01,1.73052500000000009e+01,4.90292816866519654e-01,-7.08300742844869546e-03,-7.08300684570462198e-03,-9.41070332067509408e-07,-9.41070254642324741e-07,-3.76428101856929854e-06,-4.70535135063680763e-06,-4.70535127321162318e-06
1.73125000000000000e+01,1.73125000000000000e+01,4.90241478508748663e-01,-7.07929991060041175e-03,-7.07929932864618996e-03,-9.39790128396465061e-07,-9.39790051140968093e-07,-3.75916020456387280e-06,-4.69895033296033807e-06,-4.69895025570484057e-06
1.73197499999999991e+01,1.73197499999999991e+01,4.90190167017815981e-01,-7.07559588446571297e-03,-7.07559530330714986e-03,-9.38512201183644890e-07,-9.38512124098348923e-07,-3.75404849639339527e-06,-4.69256069757704016e-06,-4.69256062049174461e-06
1.73270000000000017e+01,1.73270000000000017e+01,4.90138882368423845e-01,-7.07189534531238451e-03,-7.07189476493945597e-03,-9.37236545432767669e-07,-9.37236468516086632e-07,-3.74894587406434653e-06,-4.68618241949711430e-06,-4.68618234258043337e-06
1.73342500000000008e+01,1.73342500000000008e+01,4.90087624535308963e-01,-7.06819828838689546e-03,-7.06819770880350983e-03,-9.35963156156666670e-07,-9.35963079408862933e-07,-3.74385231763545131e-06,-4.67981547379211830e-06,-4.67981539704431456e-06
1.73414999999999999e+01,1.73414999999999999e+01,4.90036393493242239e-01,-7.06450470896413663e-03,-7.06450413016812637e-03,-9.34692028383845803e-07,-9.34691951804377159e-07,-3.73876780721750864e-06,-4.67345983560135476e-06,-4.67345975902188611e-06
1.73487500000000026e+01,1.73487500000000026e+01,4.89985189217028938e-01,-7.06081460231899882e-03,-7.06081402431052441e-03,-9.33423157154677183e-07,-9.33423080743310274e-07,-3.73369232297324110e-06,-4.66711548012791807e-06,-4.66711540371655158e-06
1.73560000000000016e+01,1.73560000000000016e+01,4.89934011681508574e-01,-7.05712796374058371e-03,-7.05712738651631359e-03,-9.32156537523245751e-07,-9.32156461279286540e-07,-3.72862584511714531e-06,-4.66078238264039096e-06,-4.66078230639643206e-06
1.73632500000000007e+01,1.73632500000000007e+01,4.89882860861554692e-01,-7.05344478852509837e-03,-7.05344421207945889e-03,-9.30892164556369893e-07,-9.30892088478829681e-07,-3.72356835391531957e-06,-4.65446051847168915e-06,-4.65446044239414936e-06
1.73704999999999998e+01,1.73704999999999998e+01,4.89831736732075029e-01,-7.04976507196164448e-03,-7.04976449630228055e-03,-9.29630033331693610e-07,-9.29629957421329431e-07,-3.71851982968531772e-06,-4.64814986301701155e-06,-4.64814978710664726e-06
1.73777500000000025e+01,1.73777500000000025e+01,4.89780639268011186e-01,-7.04608880938195625e-03,-7.04608823449541944e-03,-9.28370138944209826e-07,-9.28370063198997379e-07,-3.71348025279598994e-06,-4.64185039174019977e-06,-4.64185031599498742e-06
1.73850000000000016e+01,1.73850000000000016e+01,4.89729568444339014e-01,-7.04241599607513535e-03,-7.04241542197783961e-03,-9.27112476494982897e-07,-9.27112400916833934e-07,-3.70844960366733531e-06,-4.63556208016231842e-06,-4.63556200458416893e-06
1.73922500000000007e+01,1.73922500000000007e+01,4.89678524236068058e-01,-7.03874662739423229e-03,-7.03874605407678756e-03,-9.25857041105156937e-07,-9.25856965692584069e-07,-3.70342786277033627e-06,-4.62928490387549311e-06,-4.62928482846291992e-06
1.73994999999999997e+01,1.73994999999999997e+01,4.89627506618241726e-01,-7.03508069867098129e-03,-7.03508012612778701e-03,-9.24603827904684994e-07,-9.24603752656702486e-07,-3.69841501062681037e-06,-4.62301883853149494e-06,-4.62301876328351296e-06
1.74067500000000024e+01,1.74067500000000024e+01,4.89576515565937231e-01,-7.03141820525132744e-03,-7.03141763347461726e-03,-9.23352832036973116e-07,-9.23352756952313278e-07,-3.69341102780925269e-06,-4.61676385984622559e-06,-4.61676378476156596e-06
1.74140000000000015e+01,1.74140000000000015e+01,4.89525551054265595e-01,-7.02775914247411038e-03,-7.02775857146930010e-03,-9.22104048656046921e-07,-9.22103973735174350e-07,-3.68841589494069655e-06,-4.61051994359674337e-06,-4.61051986867587111e-06
1.74212500000000006e+01,1.74212500000000006e+01,4.89474613058371422e-01,-7.02410350570659148e-03,-7.02410293547207302e-03,-9.20857472931178302e-07,-9.20857398173635600e-07,-3.68342959269454240e-06,-4.60428706562572112e-06,-4.60428699086817800e-06
1.74284999999999997e+01,1.74284999999999997e+01,4.89423701553432955e-01,-7.02045129030182125e-03,-7.02045072085137785e-03,-9.19613100041257105e-07,-9.19613025448604083e-07,-3.67845210179441548e-06,-4.59806520183567291e-06,-4.59806512724301914e-06
1.74357500000000023e+01,1.74357500000000023e+01,4.89372816514661912e-01,-7.01680249167679904e-03,-7.01680192298383826e-03,-9.18370925184995653e-07,-9.18370850753503354e-07,-3.67348340301401342e-06,-4.59185432819900907e-06,-4.59185425376751688e-06
1.74430000000000014e+01,1.74430000000000014e+01,4.89321957917303652e-01,-7.01315710517746993e-03,-7.01315653725425106e-03,-9.17130943563211040e-07,-9.17130869294240542e-07,-3.66852347717696174e-06,-4.58565442074017236e-06,-4.58565434647120207e-06
1.74502500000000005e+01,1.74502500000000005e+01,4.89271125736636892e-01,-7.00951512620662243e-03,-7.00951455905555586e-03,-9.15893150395540692e-07,-9.15893076289162826e-07,-3.66357230515665088e-06,-4.57946545555219147e-06,-4.57946538144581339e-06
1.74574999999999996e+01,1.74574999999999996e+01,4.89220319947973603e-01,-7.00587655018125588e-03,-7.00587598378882466e-03,-9.14657540914817853e-07,-9.14657466969023247e-07,-3.65862986787609299e-06,-4.57328740879091105e-06,-4.57328733484511602e-06
1.74647500000000022e+01,1.74647500000000022e+01,4.89169540526659230e-01,-7.00224137248994793e-03,-7.00224080686324100e-03,-9.13424110361470797e-07,-9.13424036576943322e-07,-3.65369614630777371e-06,-4.56712025666924461e-06,-4.56712018288471703e-06
1.74720000000000013e+01,1.74720000000000013e+01,4.89118787448072523e-01,-6.99860958855680337e-03,-6.99860902369609222e-03,-9.12192853991843967e-07,-9.12192780368376631e-07,-3.64877112147350610e-06,-4.56096397546535007e-06,-4.56096390184188241e-06
1.74792500000000004e+01,1.74792500000000004e+01,4.89068060687625150e-01,-6.99498119382013783e-03,-6.99498062971273295e-03,-9.10963767075369950e-07,-9.10963693611068575e-07,-3.64385477444427388e-06,-4.55481854151964393e-06,-4.55481846805534224e-06
1.74864999999999995e+01,1.74864999999999995e+01,4.89017360220762198e-01,-6.99135618368984524e-03,-6.99135562034658431e-03,-9.09736844888986256e-07,-9.09736771585022501e-07,-3.63894708634009043e-06,-4.54868393122907711e-06,-4.54868385792511282e-06
1.74937500000000021e+01,1.74937500000000021e+01,4.88966686022961616e-01,-6.98773455362555751e-03,-6.98773399103910786e-03,-9.08512082727281185e-07,-9.08512009582461050e-07,-3.63404803832984420e-06,-4.54256012105712560e-06,-4.54256004791230525e-06
1.75010000000000012e+01,1.75010000000000012e+01,4.88916038069734660e-01,-6.98411629906559028e-03,-6.98411573723979519e-03,-9.07289475893207911e-07,-9.07289402907792283e-07,-3.62915761163116913e-06,-4.53644708752437662e-06,-4.53644701453896110e-06
1.75082500000000003e+01,1.75082500000000003e+01,4.88865416336625169e-01,-6.98050141548378633e-03,-6.98050085440613931e-03,-9.06069019705442021e-07,-9.06068946877568592e-07,-3.62427578751027437e-06,-4.53034480721571650e-06,-4.53034473438784317e-06
1.75154999999999994e+01,1.75154999999999994e+01,4.88814820799210237e-01,-6.97688989831846129e-03,-6.97688933800362857e-03,-9.04850709489119318e-07,-9.04850636820454414e-07,-3.61940254728181723e-06,-4.52425325677093623e-06,-4.52425318410227207e-06
1.75227500000000020e+01,1.75227500000000020e+01,4.88764251433099484e-01,-6.97328174307187965e-03,-6.97328118350571974e-03,-9.03634540588714213e-07,-9.03634468077186837e-07,-3.61453787230874693e-06,-4.51817241289746072e-06,-4.51817234038593387e-06
1.75300000000000011e+01,1.75300000000000011e+01,4.88713708213935671e-01,-6.96967694520367331e-03,-6.96967638639383377e-03,-9.02420508354177926e-07,-9.02420436000543316e-07,-3.60968174400217242e-06,-4.51210225235635066e-06,-4.51210218000271584e-06
1.75372500000000002e+01,1.75372500000000002e+01,4.88663191117394036e-01,-6.96607550021610678e-03,-6.96607494215732270e-03,-9.01208608151959869e-07,-9.01208535955300474e-07,-3.60483414382120232e-06,-4.50604275197316240e-06,-4.50604267977650311e-06
1.75444999999999993e+01,1.75444999999999993e+01,4.88612700119182508e-01,-6.96247740360433909e-03,-6.96247684629346109e-03,-8.99998835358528474e-07,-8.99998763318202669e-07,-3.59999505327281025e-06,-4.49999388863133851e-06,-4.49999381659101271e-06
1.75517500000000020e+01,1.75517500000000020e+01,4.88562235195041716e-01,-6.95888265087063473e-03,-6.95888209430742862e-03,-8.98791185362178769e-07,-8.98791113477922595e-07,-3.59516445391169038e-06,-4.49395563927386883e-06,-4.49395556738961308e-06
1.75590000000000011e+01,1.75590000000000011e+01,4.88511796320744873e-01,-6.95529123753146905e-03,-6.95529068171229625e-03,-8.97585653563919106e-07,-8.97585581835029845e-07,-3.59034232734011938e-06,-4.48792798090403838e-06,-4.48792790917514880e-06
1.75662500000000001e+01,1.75662500000000001e+01,4.88461383472097554e-01,-6.95170315910331738e-03,-6.95170260402899840e-03,-8.96382235375599229e-07,-8.96382163801950672e-07,-3.58552865520780227e-06,-4.48191089058340128e-06,-4.48191081900975252e-06
1.75734999999999992e+01,1.75734999999999992e+01,4.88410996624937865e-01,-6.94811841111686590e-03,-6.94811785678632436e-03,-8.95180926221713491e-07,-8.95180854802935274e-07,-3.58072341921174110e-06,-4.47590434543345448e-06,-4.47590427401467637e-06
1.75807500000000019e+01,1.75807500000000019e+01,4.88360635755136330e-01,-6.94453698911701167e-03,-6.94453643552090001e-03,-8.93981721539364016e-07,-8.93981650274021794e-07,-3.57592660109608718e-06,-4.46990832263545141e-06,-4.46990825137010908e-06
1.75880000000000010e+01,1.75880000000000010e+01,4.88310300838595779e-01,-6.94095888862023003e-03,-6.94095833577717397e-03,-8.92784616772741534e-07,-8.92784545663002441e-07,-3.57113818265201019e-06,-4.46392279942475140e-06,-4.46392272831501241e-06
1.75952500000000001e+01,1.75952500000000001e+01,4.88259991851251351e-01,-6.93738410521405058e-03,-6.93738355310739158e-03,-8.91589607385894932e-07,-8.91589536429385687e-07,-3.56635814571754232e-06,-4.45794775310343715e-06,-4.45794768214692812e-06
1.76024999999999991e+01,1.76024999999999991e+01,4.88209708769070216e-01,-6.93381263444337037e-03,-6.93381208307158447e-03,-8.90396688848066151e-07,-8.90396618044362814e-07,-3.56158647217745126e-06,-4.45198316102551783e-06,-4.45198309022181439e-06
1.76097500000000018e+01,1.76097500000000018e+01,4.88159451568051961e-01,-6.93024447187440273e-03,-6.93024392123755151e-03,-8.89205856641890205e-07,-8.89205785990773184e-07,-3.55682314396309274e-06,-4.44602900060498273e-06,-4.44602892995386550e-06
1.76170000000000009e+01,1.76170000000000009e+01,4.88109220224228146e-01,-6.92667961308046642e-03,-6.92667906318085013e-03,-8.88017106261533722e-07,-8.88017035763070778e-07,-3.55206814305228269e-06,-4.44008524931381662e-06,-4.44008517881535336e-06
1.76242500000000000e+01,1.76242500000000000e+01,4.88059014713662365e-01,-6.92311805364198563e-03,-6.92311750448476333e-03,-8.86830433212661164e-07,-8.86830362867285979e-07,-3.54732145146914391e-06,-4.43415188468180497e-06,-4.43415181433643021e-06
1.76315000000000026e+01,1.76315000000000026e+01,4.88008835012450293e-01,-6.91955978916780623e-03,-6.91955924074029709e-03,-8.85645833015131997e-07,-8.85645762820993485e-07,-3.54258305128397479e-06,-4.42822888429910636e-06,-4.42822881410496849e-06
1.76387500000000017e+01,1.76387500000000017e+01,4.87958681096719471e-01,-6.91600481523835242e-03,-6.91600426754616134e-03,-8.84463301195689734e-07,-8.84463231153279917e-07,-3.53785292461312009e-06,-4.42231622580880961e-06,-4.42231615576639990e-06
1.76460000000000008e+01,1.76460000000000008e+01,4.87908552942629359e-01,-6.91245312746957552e-03,-6.91245258050874646e-03,-8.83282833296117066e-07,-8.83282763404704847e-07,-3.53313105361881897e-06,-4.41641388691493571e-06,-4.41641381702352403e-06
1.76532499999999999e+01,1.76532499999999999e+01,4.87858450526371168e-01,-6.90890472147032142e-03,-6.90890417524211119e-03,-8.82104424867748248e-07,-8.82104355127269678e-07,-3.52841742050907871e-06,-4.41052184537682706e-06,-4.41052177563634818e-06
1.76605000000000025e+01,1.76605000000000025e+01,4.87808373824167973e-01,-6.90535959287075229e-03,-6.90535904736796699e-03,-8.80928071475069524e-07,-8.80928001884382695e-07,-3.52371200753753078e-06,-4.40464007901259999e-06,-4.40464000942191379e-06
1.76677500000000016e+01,1.76677500000000016e+01,4.87758322812274547e-01,-6.90181773729392489e-03,-6.90181719251566420e-03,-8.79753768692059518e-07,-8.79753699250827311e-07,-3.51901479700330882e-06,-4.39876856569536866e-06,-4.39876849625413635e-06
1.76750000000000007e+01,1.76750000000000007e+01,4.87708297466977247e-01,-6.89827915037710682e-03,-6.89827860632216770e-03,-8.78581512104876869e-07,-8.78581442812724261e-07,-3.51432577125089747e-06,-4.39290728335577434e-06,-4.39290721406362152e-06
1.76822499999999998e+01,1.76822499999999998e+01,4.87658297764594129e-01,-6.89474382775756567e-03,-6.89474328443204568e-03,-8.77411297310019207e-07,-8.77411228167501216e-07,-3.50964491267000444e-06,-4.38705620998002365e-06,-4.38705614083750598e-06
1.76895000000000024e+01,1.76895000000000024e+01,4.87608323681474720e-01,-6.89121176510099076e-03,-6.89121122249745140e-03,-8.76243119917908007e-07,-8.76243050923856681e-07,-3.50497220369542630e-06,-4.38121532361333431e-06,-4.38121525461928288e-06
1.76967500000000015e+01,1.76967500000000015e+01,4.87558375194000193e-01,-6.88768295805886055e-03,-6.88768241617811368e-03,-8.75076975547431898e-07,-8.75076906701730346e-07,-3.50030762680692138e-06,-4.37538460235435318e-06,-4.37538453350865194e-06
1.77040000000000006e+01,1.77040000000000006e+01,4.87508452278582916e-01,-6.88415740230396977e-03,-6.88415686114130822e-03,-8.73912859830434453e-07,-8.73912791132265394e-07,-3.49565116452906200e-06,-4.36956402435949645e-06,-4.36956395566132718e-06
1.77112499999999997e+01,1.77112499999999997e+01,4.87458554911666841e-01,-6.88063509349490232e-03,-6.88063455306185158e-03,-8.72750768407170706e-07,-8.72750699857777584e-07,-3.49100279943110991e-06,-4.36375356783828083e-06,-4.36375349928888782e-06
1.77185000000000024e+01,1.77185000000000024e+01,4.87408683069727122e-01,-6.87711602734708549e-03,-6.87711548762207688e-03,-8.71590696935292055e-07,-8.71590628531720843e-07,-3.48636251412688337e-06,-4.35795321106217500e-06,-4.35795314265860464e-06
1.77257500000000014e+01,1.77257500000000014e+01,4.87358836729270328e-01,-6.87360019951199774e-03,-6.87359966051183033e-03,-8.70432641074495056e-07,-8.70432572818657402e-07,-3.48173029127462961e-06,-4.35216293234912435e-06,-4.35216286409328669e-06
1.77330000000000005e+01,1.77330000000000005e+01,4.87309015866834172e-01,-6.87008760571927724e-03,-6.87008706742844085e-03,-8.69276596504505740e-07,-8.69276528394220533e-07,-3.47710611357688171e-06,-4.34638271008138777e-06,-4.34638264197110256e-06
1.77402499999999996e+01,1.77402499999999996e+01,4.87259220458987452e-01,-6.86657824164882413e-03,-6.86657770407671057e-03,-8.68122558908844841e-07,-8.68122490945084370e-07,-3.47248996378033790e-06,-4.34061252268918317e-06,-4.34061245472542196e-06
1.77475000000000023e+01,1.77475000000000023e+01,4.87209450482330220e-01,-6.86307210303738202e-03,-6.86307156616889919e-03,-8.66970523988289275e-07,-8.66970456168930345e-07,-3.46788182467572138e-06,-4.33485234866401044e-06,-4.33485228084465141e-06
1.77547500000000014e+01,1.77547500000000014e+01,4.87159705913493501e-01,-6.85956918557195650e-03,-6.85956864942471010e-03,-8.65820487447364607e-07,-8.65820419774416380e-07,-3.46328167909766552e-06,-4.32910216654503034e-06,-4.32910209887208180e-06
1.77620000000000005e+01,1.77620000000000005e+01,4.87109986729139410e-01,-6.85606948501060742e-03,-6.85606894957126699e-03,-8.64672445009576503e-07,-8.64672377481141309e-07,-3.45868950992456481e-06,-4.32336195493414163e-06,-4.32336188740570623e-06
1.77692499999999995e+01,1.77692499999999995e+01,4.87060292905960868e-01,-6.85257299706876211e-03,-6.85257246234310512e-03,-8.63526392403022186e-07,-8.63526325019614914e-07,-3.45410530007846008e-06,-4.31763169248148248e-06,-4.31763162509807521e-06
1.77765000000000022e+01,1.77765000000000022e+01,4.87010624420681881e-01,-6.84907971750448041e-03,-6.84907918348215058e-03,-8.62382325371122020e-07,-8.62382258131224470e-07,-3.44952903252489703e-06,-4.31191135789601916e-06,-4.31191129065612129e-06
1.77837500000000013e+01,1.77837500000000013e+01,4.86960981250057101e-01,-6.84558964204740050e-03,-6.84558910873771069e-03,-8.61240239663631860e-07,-8.61240172568204143e-07,-3.44496069027281742e-06,-4.30620092993644896e-06,-4.30620086284102188e-06
1.77910000000000004e+01,1.77910000000000004e+01,4.86911363370872152e-01,-6.84210276646979310e-03,-6.84210223386645146e-03,-8.60100131045563362e-07,-8.60100064093601428e-07,-3.44040025637440571e-06,-4.30050038741996865e-06,-4.30050032046800693e-06
1.77982499999999995e+01,1.77982499999999995e+01,4.86861770759943302e-01,-6.83861908653682349e-03,-6.83861855463238372e-03,-8.58961995290887784e-07,-8.58961928481244961e-07,-3.43584771392497984e-06,-4.29480970921586752e-06,-4.29480964240622512e-06
1.78055000000000021e+01,1.78055000000000021e+01,4.86812203394117404e-01,-6.83513859801365697e-03,-6.83513806680684840e-03,-8.57825828183406727e-07,-8.57825761515713814e-07,-3.43130304606285483e-06,-4.28912887424626177e-06,-4.28912880757856854e-06
1.78127500000000012e+01,1.78127500000000012e+01,4.86762661250272177e-01,-6.83166129666545885e-03,-6.83166076616850519e-03,-8.56691625516725563e-07,-8.56691558992306791e-07,-3.42676623596922674e-06,-4.28345786148595220e-06,-4.28345779496153374e-06
1.78200000000000003e+01,1.78200000000000003e+01,4.86713144305315815e-01,-6.82818717830002697e-03,-6.82818664850330832e-03,-8.55559383099568780e-07,-8.55559316717007487e-07,-3.42223726686803037e-06,-4.27779664996759873e-06,-4.27779658358503796e-06
1.78272499999999994e+01,1.78272499999999994e+01,4.86663652536186875e-01,-6.82471623870384292e-03,-6.82471570960449438e-03,-8.54429096747727240e-07,-8.54429030506456230e-07,-3.41771612202582534e-06,-4.27214521877355248e-06,-4.27214515253228189e-06
1.78345000000000020e+01,1.78345000000000020e+01,4.86614185919854614e-01,-6.82124847367049369e-03,-6.82124794527256932e-03,-8.53300762287597288e-07,-8.53300696187915776e-07,-3.41320278475166395e-06,-4.26650354703926166e-06,-4.26650348093957941e-06
1.78417500000000011e+01,1.78417500000000011e+01,4.86564744433318652e-01,-6.81778387900777716e-03,-6.81778335131529457e-03,-8.52174375557041664e-07,-8.52174309599243676e-07,-3.40869723839697471e-06,-4.26087161395401616e-06,-4.26087154799621870e-06
1.78490000000000002e+01,1.78490000000000002e+01,4.86515328053608975e-01,-6.81432245055191288e-03,-6.81432192354766361e-03,-8.51049932407129621e-07,-8.51049866588857230e-07,-3.40419946635542892e-06,-4.25524939876255854e-06,-4.25524933294428604e-06
1.78562499999999993e+01,1.78562499999999993e+01,4.86465936757785711e-01,-6.81086418410359329e-03,-6.81086365779188987e-03,-8.49927428694117218e-07,-8.49927363015703942e-07,-3.39970945206281535e-06,-4.24963688075693225e-06,-4.24963681507851929e-06
1.78635000000000019e+01,1.78635000000000019e+01,4.86416570522939518e-01,-6.80740907549193253e-03,-6.80740854987739626e-03,-8.48806860287414512e-07,-8.48806794749231141e-07,-3.39522717899692456e-06,-4.24403403928433950e-06,-4.24403397374615539e-06
1.78707500000000010e+01,1.78707500000000010e+01,4.86367229326191086e-01,-6.80395712056025559e-03,-6.80395659564079613e-03,-8.47688223067775343e-07,-8.47688157669355585e-07,-3.39075263067742276e-06,-4.23844085374519821e-06,-4.23844078834677877e-06
1.78780000000000001e+01,1.78780000000000001e+01,4.86317913144691416e-01,-6.80050831515188747e-03,-6.80050779092587852e-03,-8.46571512925494848e-07,-8.46571447666431068e-07,-3.38628579066572427e-06,-4.23285730359121923e-06,-4.23285723833215534e-06
1.78852499999999992e+01,1.78852499999999992e+01,4.86268621955621372e-01,-6.79706265511725860e-03,-6.79706213158358732e-03,-8.45456725761268247e-07,-8.45456660641217714e-07,-3.38182664256487043e-06,-4.22728336832613900e-06,-4.22728330320608847e-06
1.78925000000000018e+01,1.78925000000000018e+01,4.86219355736192127e-01,-6.79362013632101025e-03,-6.79361961347201438e-03,-8.44343857487046027e-07,-8.44343792504852541e-07,-3.37737517001941016e-06,-4.22171902750645651e-06,-4.22171896252426313e-06
1.78997500000000009e+01,1.78997500000000009e+01,4.86170114463644720e-01,-6.79018075461357284e-03,-6.79018023245638470e-03,-8.43232904022472592e-07,-8.43232839178820026e-07,-3.37293135671528011e-06,-4.21616426073775291e-06,-4.21616419589410024e-06
1.79070000000000000e+01,1.79070000000000000e+01,4.86120898115250166e-01,-6.78674450588800937e-03,-6.78674398440903218e-03,-8.42123861301920768e-07,-8.42123796594918757e-07,-3.36849518637967503e-06,-4.21061904768159569e-06,-4.21061898297459400e-06
1.79142499999999991e+01,1.79142499999999991e+01,4.86071706668309400e-01,-6.78331138599475025e-03,-6.78331086520939271e-03,-8.41016725263874243e-07,-8.41016660695233476e-07,-3.36406664278093348e-06,-4.20508336804480762e-06,-4.20508330347616706e-06
1.79215000000000018e+01,1.79215000000000018e+01,4.86022540100153166e-01,-6.77988139084817476e-03,-6.77988087074398241e-03,-8.39911491864128365e-07,-8.39911427432103214e-07,-3.35964570972841285e-06,-4.19955720159254154e-06,-4.19955713716051639e-06
1.79287500000000009e+01,1.79287500000000009e+01,4.85973398388142075e-01,-6.77645451632713502e-03,-6.77645399690639423e-03,-8.38808157063420814e-07,-8.38808092768094604e-07,-3.35523237107237884e-06,-4.19404052813579934e-06,-4.19404046384047344e-06
1.79359999999999999e+01,1.79359999999999999e+01,4.85924281509666434e-01,-6.77303075833890489e-03,-6.77303023959726844e-03,-8.37706716835332617e-07,-8.37706652675967477e-07,-3.35082661070386991e-06,-4.18853332753920263e-06,-4.18853326337983738e-06
1.79432500000000026e+01,1.79432500000000026e+01,4.85875189442146194e-01,-6.76961011278365277e-03,-6.76960959472428566e-03,-8.36607167161858592e-07,-8.36607103138647221e-07,-3.34642841255458846e-06,-4.18303557971644674e-06,-4.18303551569323611e-06
1.79505000000000017e+01,1.79505000000000017e+01,4.85826122163031060e-01,-6.76619257558286336e-03,-6.76619205820215303e-03,-8.35509504036899028e-07,-8.35509440149196200e-07,-3.34203776059678522e-06,-4.17754726463368457e-06,-4.17754720074598142e-06
1.79577500000000008e+01,1.79577500000000008e+01,4.85777079649800270e-01,-6.76277814265091592e-03,-6.76277762595258684e-03,-8.34413723462714747e-07,-8.34413659710782090e-07,-3.33765463884312836e-06,-4.17206836230584289e-06,-4.17206829855391066e-06
1.79649999999999999e+01,1.79649999999999999e+01,4.85728061879962647e-01,-6.75936680993061145e-03,-6.75936629390429516e-03,-8.33319821454287949e-07,-8.33319757836648871e-07,-3.33327903134659549e-06,-4.16659885280088375e-06,-4.16659878918324436e-06
1.79722500000000025e+01,1.79722500000000025e+01,4.85679068831056326e-01,-6.75595857334343464e-03,-6.75595805799296487e-03,-8.32227794033156125e-07,-8.32227730550087078e-07,-3.32891092220034831e-06,-4.16113871623350422e-06,-4.16113865275043549e-06
1.79795000000000016e+01,1.79795000000000016e+01,4.85630100480649196e-01,-6.75255342883218646e-03,-6.75255291416125558e-03,-8.31137637232648102e-07,-8.31137573884407112e-07,-3.32455029553762845e-06,-4.15568793277027623e-06,-4.15568786942203566e-06
1.79867500000000007e+01,1.79867500000000007e+01,4.85581156806338288e-01,-6.74915137235387874e-03,-6.74915085835876751e-03,-8.30049347096972208e-07,-8.30049283882905260e-07,-3.32019713553162104e-06,-4.15024648262859282e-06,-4.15024641941452651e-06
1.79939999999999998e+01,1.79939999999999998e+01,4.85532237785750054e-01,-6.74575239986552333e-03,-6.74575188654204239e-03,-8.28962919679441636e-07,-8.28962856598838281e-07,-3.31585142639535355e-06,-4.14481434607479540e-06,-4.14481428299419183e-06
1.80012500000000024e+01,1.80012500000000024e+01,4.85483343396540201e-01,-6.74235650733123748e-03,-6.74235599467453827e-03,-8.27878351043322214e-07,-8.27878288095392595e-07,-3.31151315238157038e-06,-4.13939150342489281e-06,-4.13939144047696340e-06
1.80085000000000015e+01,1.80085000000000015e+01,4.85434473616393747e-01,-6.73896369070803303e-03,-6.73896317872662524e-03,-8.26795637260062005e-07,-8.26795574445657072e-07,-3.30718229778262829e-06,-4.13397793504269029e-06,-4.13397787222828546e-06
1.80157500000000006e+01,1.80157500000000006e+01,4.85385628423024906e-01,-6.73557394598844894e-03,-6.73557343467556021e-03,-8.25714774414496532e-07,-8.25714711732591480e-07,-3.30285884693036592e-06,-4.12857362134486235e-06,-4.12857355866295719e-06
1.80229999999999997e+01,1.80229999999999997e+01,4.85336807794176928e-01,-6.73218726914370791e-03,-6.73218675850547829e-03,-8.24635758597845617e-07,-8.24635696048999700e-07,-3.29854278419599880e-06,-4.12317854279384442e-06,-4.12317848024499882e-06
1.80302500000000023e+01,1.80302500000000023e+01,4.85288011707622202e-01,-6.72880365618055976e-03,-6.72880314620737541e-03,-8.23558585914657146e-07,-8.23558523497500076e-07,-3.29423409399000031e-06,-4.11779267990465745e-06,-4.11779261748750006e-06
1.80375000000000014e+01,1.80375000000000014e+01,4.85239240141162265e-01,-6.72542310309154345e-03,-6.72542259377910227e-03,-8.22483252476684713e-07,-8.22483190190498843e-07,-3.28993276076199579e-06,-4.11241601323868051e-06,-4.11241595095249474e-06
1.80447500000000005e+01,1.80447500000000005e+01,4.85190493072627405e-01,-6.72204560587630340e-03,-6.72204509722533396e-03,-8.21409754405473827e-07,-8.21409692250157935e-07,-3.28563876900063174e-06,-4.10704852340610546e-06,-4.10704846125078968e-06
1.80519999999999996e+01,1.80519999999999996e+01,4.85141770479877110e-01,-6.71867116054158942e-03,-6.71867065255757172e-03,-8.20338087832336920e-07,-8.20338025808370004e-07,-3.28135210323347959e-06,-4.10169019106581672e-06,-4.10169012904184949e-06
1.80592500000000022e+01,1.80592500000000022e+01,4.85093072340799514e-01,-6.71529976311546761e-03,-6.71529925579411428e-03,-8.19268248900059381e-07,-8.19268187006727497e-07,-3.27707274802691041e-06,-4.09634099692697011e-06,-4.09634093503363823e-06
1.80665000000000013e+01,1.80665000000000013e+01,4.85044398633311891e-01,-6.71193140961889867e-03,-6.71193090296006226e-03,-8.18200233759402471e-07,-8.18200171996497992e-07,-3.27280068798599197e-06,-4.09100092174539465e-06,-4.09100085998248975e-06
1.80737500000000004e+01,1.80737500000000004e+01,4.84995749335360049e-01,-6.70856609608705412e-03,-6.70856559008728166e-03,-8.17134038571678625e-07,-8.17133976938591686e-07,-3.26853590775436759e-06,-4.08566994632604643e-06,-4.08566988469295949e-06
1.80809999999999995e+01,1.80809999999999995e+01,4.84947124424918663e-01,-6.70520381855510550e-03,-6.70520331321440566e-03,-8.16069659506993432e-07,-8.16069598003536732e-07,-3.26427839201414735e-06,-4.08034805152114089e-06,-4.08034799001768387e-06
1.80882500000000022e+01,1.80882500000000022e+01,4.84898523879990995e-01,-6.70184457307243520e-03,-6.70184406838681117e-03,-8.15007092745949230e-07,-8.15007031371448743e-07,-3.26002812548579455e-06,-4.07503521823174357e-06,-4.07503515685724308e-06
1.80955000000000013e+01,1.80955000000000013e+01,4.84849947678609117e-01,-6.69848835568132017e-03,-6.69848785165661452e-03,-8.13946334477027564e-07,-8.13946273232006334e-07,-3.25578509292802533e-06,-4.06973142740505279e-06,-4.06973136616003146e-06
1.81027500000000003e+01,1.81027500000000003e+01,4.84801395798833579e-01,-6.69513516245245910e-03,-6.69513465908264712e-03,-8.12887380900880996e-07,-8.12887319784419780e-07,-3.25154927913767954e-06,-4.06443666003856033e-06,-4.06443659892209911e-06
1.81099999999999994e+01,1.81099999999999994e+01,4.84752868218753574e-01,-6.69178498944944522e-03,-6.69178448673044685e-03,-8.11830228225987825e-07,-8.11830167237405608e-07,-3.24732066894962243e-06,-4.05915089717561036e-06,-4.05915083618702825e-06
1.81172500000000021e+01,1.81172500000000021e+01,4.84704364916486607e-01,-6.68843783274297721e-03,-6.68843733067223979e-03,-8.10774872670354942e-07,-8.10774811809157057e-07,-3.24309924723662865e-06,-4.05387411990698349e-06,-4.05387405904578581e-06
1.81245000000000012e+01,1.81245000000000012e+01,4.84655885870178882e-01,-6.68509368838954288e-03,-6.68509318698693594e-03,-8.09721310458911401e-07,-8.09721249727320356e-07,-3.23888499890928058e-06,-4.04860630936819209e-06,-4.04860624863660062e-06
1.81317500000000003e+01,1.81317500000000003e+01,4.84607431058004912e-01,-6.68175255251668432e-03,-6.68175205176010142e-03,-8.08669537833810249e-07,-8.08669477228962756e-07,-3.23467790891585102e-06,-4.04334744674966170e-06,-4.04334738614481346e-06
1.81389999999999993e+01,1.81389999999999993e+01,4.84559000458167410e-01,-6.67841442119510020e-03,-6.67841392108395500e-03,-8.07619551038906011e-07,-8.07619490560547960e-07,-3.23047796224219184e-06,-4.03809751328109817e-06,-4.03809745280273990e-06
1.81462500000000020e+01,1.81462500000000020e+01,4.84510594048897569e-01,-6.67507929052391091e-03,-6.67507879105734645e-03,-8.06571346330062866e-07,-8.06571285977907960e-07,-3.22628514391163184e-06,-4.03285649024169439e-06,-4.03285642988953980e-06
1.81535000000000011e+01,1.81535000000000011e+01,4.84462211808454890e-01,-6.67174715659513140e-03,-6.67174665778575565e-03,-8.05524919970829492e-07,-8.05524859746217736e-07,-3.22209943898487094e-06,-4.02762435895570033e-06,-4.02762429873108857e-06
1.81607500000000002e+01,1.81607500000000002e+01,4.84413853715126963e-01,-6.66841801554340918e-03,-6.66841751738126137e-03,-8.04480268238419956e-07,-8.04480208139965287e-07,-3.21792083255986030e-06,-4.02240110079828026e-06,-4.02240104069982559e-06
1.81679999999999993e+01,1.81679999999999993e+01,4.84365519747229523e-01,-6.66509186347497007e-03,-6.66509136596253778e-03,-8.03437387415106387e-07,-8.03437327442926331e-07,-3.21374930977170575e-06,-4.01718669718681203e-06,-4.01718663721463218e-06
1.81752500000000019e+01,1.81752500000000019e+01,4.84317209883106448e-01,-6.66176869653156700e-03,-6.66176819965483800e-03,-8.02396273795912462e-07,-8.02396213948137194e-07,-3.20958485579254878e-06,-4.01198112958846124e-06,-4.01198106974068597e-06
1.81825000000000010e+01,1.81825000000000010e+01,4.84268924101129816e-01,-6.65844851081942579e-03,-6.65844801458998718e-03,-8.01356923680025028e-07,-8.01356863957869723e-07,-3.20542745583147931e-06,-4.00678437951150424e-06,-4.00678431978934904e-06
1.81897500000000001e+01,1.81897500000000001e+01,4.84220662379699573e-01,-6.65513130248740481e-03,-6.65513080690635639e-03,-8.00319333380185681e-07,-8.00319273783601316e-07,-3.20127709513440526e-06,-4.00159642851459126e-06,-4.00159636891800700e-06
1.81969999999999992e+01,1.81969999999999992e+01,4.84172424697243697e-01,-6.65181706769146786e-03,-6.65181657274885579e-03,-7.99283499218381381e-07,-7.99283439745990786e-07,-3.19713375898396314e-06,-3.99641725820234442e-06,-3.99641719872995382e-06
1.82042500000000018e+01,1.82042500000000018e+01,4.84124211032217977e-01,-6.64850580258047330e-03,-6.64850530826891981e-03,-7.98249417524111318e-07,-7.98249358174849774e-07,-3.19299743269939994e-06,-3.99124685022351115e-06,-3.99124679087424950e-06
1.82115000000000009e+01,1.82115000000000009e+01,4.84076021363106346e-01,-6.64519750328906866e-03,-6.64519700962450024e-03,-7.97217084633519974e-07,-7.97217025409121039e-07,-3.18886810163648373e-06,-3.98608518627000370e-06,-3.98608512704560488e-06
1.82187500000000000e+01,1.82187500000000000e+01,4.84027855668420270e-01,-6.64189216600874488e-03,-6.64189167298003761e-03,-7.96186496897894873e-07,-7.96186437796845216e-07,-3.18474575118738044e-06,-3.98093224808527542e-06,-3.98093218898422576e-06
1.82260000000000026e+01,1.82260000000000026e+01,4.83979713926699195e-01,-6.63858978690257118e-03,-6.63858929450646205e-03,-7.95157650673408484e-07,-7.95157591695139642e-07,-3.18063036678055899e-06,-3.97578801745396747e-06,-3.97578795847569863e-06
1.82332500000000017e+01,1.82332500000000017e+01,4.83931596116510265e-01,-6.63529036214072221e-03,-6.63528987038117506e-03,-7.94130542325362069e-07,-7.94130483470171984e-07,-3.17652193388068751e-06,-3.97065247620604916e-06,-3.97065241735085929e-06
1.82405000000000008e+01,1.82405000000000008e+01,4.83883502216448214e-01,-6.63199388791468891e-03,-6.63199339678802961e-03,-7.93105168229858465e-07,-7.93105109497130604e-07,-3.17242043798852284e-06,-3.96552560621838151e-06,-3.96552554748565312e-06
1.82477499999999999e+01,1.82477499999999999e+01,4.83835432205135585e-01,-6.62870036040885680e-03,-6.62869986991732659e-03,-7.92081524770376471e-07,-7.92081466160202842e-07,-3.16832586464081095e-06,-3.96040738941118773e-06,-3.96040733080101400e-06
1.82550000000000026e+01,1.82550000000000026e+01,4.83787386061222346e-01,-6.62540977582182222e-03,-6.62540928596579409e-03,-7.91059608340296279e-07,-7.91059549852545169e-07,-3.16423819941018068e-06,-3.95529780775047738e-06,-3.95529774926272616e-06
1.82622500000000016e+01,1.82622500000000016e+01,4.83739363763386221e-01,-6.62212213035928698e-03,-6.62212164113658210e-03,-7.90039415342026287e-07,-7.90039356976262003e-07,-3.16015742790504801e-06,-3.95019684324707398e-06,-3.95019678488130991e-06
1.82695000000000007e+01,1.82695000000000007e+01,4.83691365290332187e-01,-6.61883742023405830e-03,-6.61883693163923745e-03,-7.89020942186976524e-07,-7.89020883942375327e-07,-3.15608353576950131e-06,-3.94510447795647783e-06,-3.94510441971187674e-06
1.82767499999999998e+01,1.82767499999999998e+01,4.83643390620792868e-01,-6.61555564164473253e-03,-6.61555515368969938e-03,-7.88004185292995634e-07,-7.88004127170801604e-07,-3.15201650868320726e-06,-3.94002069397620290e-06,-3.94002063585400908e-06
1.82840000000000025e+01,1.82840000000000025e+01,4.83595439733528254e-01,-6.61227679084674946e-03,-6.61227630351028488e-03,-7.86989141092813995e-07,-7.86989083090325943e-07,-3.14795633236130335e-06,-3.93494547345411755e-06,-3.93494541545162897e-06
1.82912500000000016e+01,1.82912500000000016e+01,4.83547512607325647e-01,-6.60900086403870546e-03,-6.60900037732967387e-03,-7.85975806020476050e-07,-7.85975748138576584e-07,-3.14390299255430634e-06,-3.92987879857478281e-06,-3.92987874069288292e-06
1.82985000000000007e+01,1.82985000000000007e+01,4.83499609220999715e-01,-6.60572785746182944e-03,-6.60572737138289626e-03,-7.84964176523165840e-07,-7.84964118761998957e-07,-3.13985647504799583e-06,-3.92482065157116167e-06,-3.92482059380999447e-06
1.83057499999999997e+01,1.83057499999999997e+01,4.83451729553392440e-01,-6.60245776735735035e-03,-6.60245728191131802e-03,-7.83954249056105434e-07,-7.83954191415830693e-07,-3.13581676566332320e-06,-3.91977101471942852e-06,-3.91977095707915410e-06
1.83130000000000024e+01,1.83130000000000024e+01,4.83403873583372945e-01,-6.59919058998781338e-03,-6.59919010516262904e-03,-7.82946020085062246e-07,-7.82945962564076426e-07,-3.13178385025630486e-06,-3.91472987034136710e-06,-3.91472981282038118e-06
1.83202500000000015e+01,1.83202500000000015e+01,4.83356041289837557e-01,-6.59592632160155290e-03,-6.59592583739083103e-03,-7.81939486082107947e-07,-7.81939428679483334e-07,-3.12775771471793334e-06,-3.90969720080004128e-06,-3.90969714339741635e-06
1.83275000000000006e+01,1.83275000000000006e+01,4.83308232651709746e-01,-6.59266495843979783e-03,-6.59266447485622360e-03,-7.80934643526444847e-07,-7.80934586243514777e-07,-3.12373834497405826e-06,-3.90467298850050322e-06,-3.90467293121757336e-06
1.83347499999999997e+01,1.83347499999999997e+01,4.83260447647940183e-01,-6.58940649678640966e-03,-6.58940601382538866e-03,-7.79931488910276577e-07,-7.79931431746325838e-07,-3.11972572698530377e-06,-3.89965721589558025e-06,-3.89965715873162972e-06
1.83420000000000023e+01,1.83420000000000023e+01,4.83212686257506352e-01,-6.58615093291814446e-03,-6.58615045057117914e-03,-7.78930018732885212e-07,-7.78929961686738650e-07,-3.11571984674695418e-06,-3.89464986547983981e-06,-3.89464980843369293e-06
1.83492500000000014e+01,1.83492500000000014e+01,4.83164948459412935e-01,-6.58289826309754744e-03,-6.58289778137271121e-03,-7.77930229499774600e-07,-7.77930172572218157e-07,-3.11172069028887347e-06,-3.88965091978864839e-06,-3.88965086286109206e-06
1.83565000000000005e+01,1.83565000000000005e+01,4.83117234232691428e-01,-6.57964848362269095e-03,-6.57964800251534081e-03,-7.76932117728530351e-07,-7.76932060918846165e-07,-3.10772824367538466e-06,-3.88466036140391522e-06,-3.88466030459423114e-06
1.83637499999999996e+01,1.83637499999999996e+01,4.83069543556400416e-01,-6.57640159077743647e-03,-6.57640111029066023e-03,-7.75935679942913048e-07,-7.75935623251297102e-07,-3.10374249300518883e-06,-3.87967817294810209e-06,-3.87967811625648594e-06
1.83710000000000022e+01,1.83710000000000022e+01,4.83021876409625128e-01,-6.57315758087406721e-03,-6.57315710099647642e-03,-7.74940912677872053e-07,-7.74940856102813029e-07,-3.09976342441125212e-06,-3.87470433708912427e-06,-3.87470428051406493e-06
1.83782500000000013e+01,1.83782500000000013e+01,4.82974232771477829e-01,-6.56991645019644466e-03,-6.56991597093681094e-03,-7.73947812472816461e-07,-7.73947756015181403e-07,-3.09579102406072561e-06,-3.86973883653354207e-06,-3.86973878007590691e-06
1.83855000000000004e+01,1.83855000000000004e+01,4.82926612621097318e-01,-6.56667819507106287e-03,-6.56667771642187228e-03,-7.72956375879970340e-07,-7.72956319538707232e-07,-3.09182527815482935e-06,-3.86478165403479990e-06,-3.86478159769353690e-06
1.83927499999999995e+01,1.83927499999999995e+01,4.82879015937649370e-01,-6.56344281179599420e-03,-6.56344233376805232e-03,-7.71966599455977471e-07,-7.71966543232191375e-07,-3.08786617292876507e-06,-3.85983277238474244e-06,-3.85983271616095613e-06
1.84000000000000021e+01,1.84000000000000021e+01,4.82831442700326241e-01,-6.56021029671194356e-03,-6.56020981929790990e-03,-7.70978479770243773e-07,-7.70978423662904379e-07,-3.08391369465161794e-06,-3.85489217442186213e-06,-3.85489211831452253e-06
1.84072500000000012e+01,1.84072500000000012e+01,4.82783892888346999e-01,-6.55698064615251042e-03,-6.55698016934016473e-03,-7.69992013399058898e-07,-7.69991957406565101e-07,-3.07996782962626083e-06,-3.84995984302532004e-06,-3.84995978703282625e-06
1.84145000000000003e+01,1.84145000000000003e+01,4.82736366480957135e-01,-6.55375385642997799e-03,-6.55375338022967137e-03,-7.69007196923909891e-07,-7.69007141047312859e-07,-3.07602856418925144e-06,-3.84503576111316111e-06,-3.84503570523656429e-06
1.84217499999999994e+01,1.84217499999999994e+01,4.82688863457428785e-01,-6.55052992389215660e-03,-6.55052944830741921e-03,-7.68024026938137704e-07,-7.68023971177686359e-07,-3.07209588471074586e-06,-3.84011991164888378e-06,-3.84011985588843211e-06
1.84290000000000020e+01,1.84290000000000020e+01,4.82641383797060619e-01,-6.54730884490106746e-03,-6.54730836992051344e-03,-7.67042500044403301e-07,-7.67042444398598183e-07,-3.06816977759439231e-06,-3.83521227763879551e-06,-3.83521222199299060e-06
1.84362500000000011e+01,1.84362500000000011e+01,4.82593927479177676e-01,-6.54409061579741547e-03,-6.54409014142216632e-03,-7.66062612850502676e-07,-7.66062557319312234e-07,-3.06425022927724893e-06,-3.83031284212775140e-06,-3.83031278659656106e-06
1.84435000000000002e+01,1.84435000000000002e+01,4.82546494483131583e-01,-6.54087523293611639e-03,-6.54087475917168072e-03,-7.65084361973513399e-07,-7.65084306557418746e-07,-3.06033722622967456e-06,-3.82542158820318775e-06,-3.82542153278709309e-06
1.84507499999999993e+01,1.84507499999999993e+01,4.82499084788300059e-01,-6.53766269269340228e-03,-6.53766221953443714e-03,-7.64107744040597601e-07,-7.64107688738810680e-07,-3.05643075495524229e-06,-3.82053849899583947e-06,-3.82053844369405276e-06
1.84580000000000020e+01,1.84580000000000020e+01,4.82451698374087412e-01,-6.53445299144550518e-03,-6.53445251888188500e-03,-7.63132755686484595e-07,-7.63132700497660317e-07,-3.05253080199064169e-06,-3.81566355767712618e-06,-3.81566350248830233e-06
1.84652500000000011e+01,1.84652500000000011e+01,4.82404335219924152e-01,-6.53124612554734085e-03,-6.53124565359153135e-03,-7.62159393550964821e-07,-7.62159338476397559e-07,-3.04863735390559066e-06,-3.81079674745655559e-06,-3.81079669238198843e-06
1.84725000000000001e+01,1.84725000000000001e+01,4.82356995305266989e-01,-6.52804209140356306e-03,-6.52804162004692098e-03,-7.61187654287162819e-07,-7.61187599325682608e-07,-3.04475039730273043e-06,-3.80593805158989314e-06,-3.80593799662841293e-06
1.84797499999999992e+01,1.84797499999999992e+01,4.82309678609598835e-01,-6.52484088539750928e-03,-6.52484041463762855e-03,-7.60217534553219574e-07,-7.60217479704385321e-07,-3.04086991881754171e-06,-3.80108745337076117e-06,-3.80108739852192703e-06
1.84870000000000019e+01,1.84870000000000019e+01,4.82262385112428749e-01,-6.52164250391962241e-03,-6.52164203375924564e-03,-7.59249031015589487e-07,-7.59248976279560965e-07,-3.03699590511824386e-06,-3.79624493613383345e-06,-3.79624488139780461e-06
1.84942500000000010e+01,1.84942500000000010e+01,4.82215114793292043e-01,-6.51844694337455621e-03,-6.51844647381337461e-03,-7.58282140349847495e-07,-7.58282085726428615e-07,-3.03312834290571446e-06,-3.79141048325556196e-06,-3.79141042863214318e-06
1.85015000000000001e+01,1.85015000000000001e+01,4.82167867631749902e-01,-6.51525420016696444e-03,-6.51525373120760351e-03,-7.57316859239008447e-07,-7.57316804728344793e-07,-3.02926721891337875e-06,-3.78658407815238709e-06,-3.78658402364172365e-06
1.85087499999999991e+01,1.85087499999999991e+01,4.82120643607389654e-01,-6.51206427071571170e-03,-6.51206380235550344e-03,-7.56353184375161244e-07,-7.56353129976783030e-07,-3.02541251990713127e-06,-3.78176570428229241e-06,-3.78176564988391420e-06
1.85160000000000018e+01,1.85160000000000018e+01,4.82073442699824495e-01,-6.50887715144676804e-03,-6.50887668367661036e-03,-7.55391112458617043e-07,-7.55391058171308883e-07,-3.02156423268523553e-06,-3.77695534514385257e-06,-3.77695529085654452e-06
1.85232500000000009e+01,1.85232500000000009e+01,4.82026264888693712e-01,-6.50569283877189264e-03,-6.50569237159642159e-03,-7.54430640195418129e-07,-7.54430586019560447e-07,-3.01772234407824136e-06,-3.77215298427365960e-06,-3.77215293009780202e-06
1.85305000000000000e+01,1.85305000000000000e+01,4.81979110153662349e-01,-6.50251132912416097e-03,-6.50251086254637414e-03,-7.53471764301438303e-07,-7.53471710237220622e-07,-3.01388684094888206e-06,-3.76735860525032047e-06,-3.76735855118610269e-06
1.85377500000000026e+01,1.85377500000000026e+01,4.81931978474421374e-01,-6.49933261895085934e-03,-6.49933215296383433e-03,-7.52514481501534358e-07,-7.52514427547997201e-07,-3.01005771019198881e-06,-3.76257219169352327e-06,-3.76257213773998601e-06
1.85450000000000017e+01,1.85450000000000017e+01,4.81884869830687568e-01,-6.49615670467795780e-03,-6.49615623929209428e-03,-7.51558788525411399e-07,-7.51558734683601277e-07,-3.00623493873440511e-06,-3.75779372725981640e-06,-3.75779367341800659e-06
1.85522500000000008e+01,1.85522500000000008e+01,4.81837784202203467e-01,-6.49298358278116439e-03,-6.49298311798034503e-03,-7.50604682115825616e-07,-7.50604628383721295e-07,-3.00241851353488560e-06,-3.75302319565071133e-06,-3.75302314191860669e-06
1.85594999999999999e+01,1.85594999999999999e+01,4.81790721568737257e-01,-6.48981324969355455e-03,-6.48981278548367742e-03,-7.49652159017874926e-07,-7.49652105396002731e-07,-2.99860842158401135e-06,-3.74826058060188627e-06,-3.74826052698001408e-06
1.85667500000000025e+01,1.85667500000000025e+01,4.81743681910082877e-01,-6.48664570189083634e-03,-6.48664523826306214e-03,-7.48701215988840650e-07,-7.48701162476024583e-07,-2.99480464990409833e-06,-3.74350586589293898e-06,-3.74350581238012312e-06
1.85740000000000016e+01,1.85740000000000016e+01,4.81696665206059860e-01,-6.48348093582029605e-03,-6.48348047278534279e-03,-7.47751849789956260e-07,-7.47751796387278511e-07,-2.99100718554911362e-06,-3.73875903533907009e-06,-3.73875898193639223e-06
1.85812500000000007e+01,1.85812500000000007e+01,4.81649671436513493e-01,-6.48031894796474717e-03,-6.48031848552322199e-03,-7.46804057193769153e-07,-7.46804003901144276e-07,-2.98721601560457711e-06,-3.73402007279834647e-06,-3.73402001950572149e-06
1.85884999999999998e+01,1.85884999999999998e+01,4.81602700581314325e-01,-6.47715973482121399e-03,-6.47715927295524577e-03,-7.45857834981654184e-07,-7.45857781796868672e-07,-2.98343112718747469e-06,-3.72928896216912877e-06,-3.72928890898434336e-06
1.85957500000000024e+01,1.85957500000000024e+01,4.81555752620358601e-01,-6.47400329285119369e-03,-6.47400283156579492e-03,-7.44913179938063799e-07,-7.44913126861542544e-07,-2.97965250744617018e-06,-3.72456568738423408e-06,-3.72456563430771261e-06
1.86030000000000015e+01,1.86030000000000015e+01,4.81508827533568051e-01,-6.47084961853749974e-03,-6.47084915784507889e-03,-7.43970088857063841e-07,-7.43970035890080887e-07,-2.97588014356032355e-06,-3.71985023241738739e-06,-3.71985017945040423e-06
1.86102500000000006e+01,1.86102500000000006e+01,4.81461925300889770e-01,-6.46769870839847272e-03,-6.46769824828911152e-03,-7.43028558543936356e-07,-7.43028505685197754e-07,-2.97211402274079144e-06,-3.71514258128472801e-06,-3.71514252842598930e-06
1.86174999999999997e+01,1.86174999999999997e+01,4.81415045902296279e-01,-6.46455055893113695e-03,-6.46455009939970841e-03,-7.42088585808621008e-07,-7.42088533057385710e-07,-2.96835413222954284e-06,-3.71044271803816374e-06,-3.71044266528692834e-06
1.86247500000000024e+01,1.86247500000000024e+01,4.81368189317785300e-01,-6.46140516663251674e-03,-6.46140470768446877e-03,-7.41150167468151576e-07,-7.41150114824893074e-07,-2.96460045929957272e-06,-3.70575062676772440e-06,-3.70575057412446579e-06
1.86320000000000014e+01,1.86320000000000014e+01,4.81321355527380090e-01,-6.45826252802805811e-03,-6.45826206965677361e-03,-7.40213300349896805e-07,-7.40213247813704644e-07,-2.96085299125481858e-06,-3.70106629160471528e-06,-3.70106623906852333e-06
1.86392500000000005e+01,1.86392500000000005e+01,4.81274544511128943e-01,-6.45512263962899624e-03,-6.45512218183576236e-03,-7.39277981286645394e-07,-7.39277928857516397e-07,-2.95711171543006559e-06,-3.69638969671671077e-06,-3.69638964428758209e-06
1.86464999999999996e+01,1.86464999999999996e+01,4.81227756249105521e-01,-6.45198549795367171e-03,-6.45198504074632681e-03,-7.38344207119034963e-07,-7.38344154797715473e-07,-2.95337661919086147e-06,-3.69172082630989643e-06,-3.69172077398857684e-06
1.86537500000000023e+01,1.86537500000000023e+01,4.81180990721408575e-01,-6.44885109954884683e-03,-6.44885064291909806e-03,-7.37411974697968116e-07,-7.37411922483358154e-07,-2.94964768993343262e-06,-3.68705966463140084e-06,-3.68705961241679088e-06
1.86610000000000014e+01,1.86610000000000014e+01,4.81134247908162005e-01,-6.44571944094707305e-03,-6.44571898489043962e-03,-7.36481280879712351e-07,-7.36481228771149961e-07,-2.94592491508459984e-06,-3.68240619596431209e-06,-3.68240614385574981e-06
1.86682500000000005e+01,1.86682500000000005e+01,4.81087527789514857e-01,-6.44259051868800725e-03,-6.44259006320242744e-03,-7.35552122528320138e-07,-7.35552070525420979e-07,-2.94220828210168434e-06,-3.67776040463000459e-06,-3.67776035262710543e-06
1.86754999999999995e+01,1.86754999999999995e+01,4.81040830345641102e-01,-6.43946432931130630e-03,-6.43946387440284210e-03,-7.34624496514799468e-07,-7.34624444618106699e-07,-2.93849777847242764e-06,-3.67312227498722722e-06,-3.67312222309053456e-06
1.86827500000000022e+01,1.86827500000000022e+01,4.80994155556739855e-01,-6.43634086937794336e-03,-6.43634041504515930e-03,-7.33698399719524923e-07,-7.33698347928725779e-07,-2.93479339171490269e-06,-3.66849179143442762e-06,-3.66849173964362847e-06
1.86900000000000013e+01,1.86900000000000013e+01,4.80947503403035104e-01,-6.43322013544889160e-03,-6.43321968168853765e-03,-7.32773829029783726e-07,-7.32773777344359504e-07,-2.93109510937743801e-06,-3.66386893840722163e-06,-3.66386888672179762e-06
1.86972500000000004e+01,1.86972500000000004e+01,4.80900873864775869e-01,-6.43010212408512416e-03,-6.43010167089780402e-03,-7.31850781339758262e-07,-7.31850729759629764e-07,-2.92740291903851906e-06,-3.65925370037827732e-06,-3.65925364879814882e-06
1.87044999999999995e+01,1.87044999999999995e+01,4.80854266922235873e-01,-6.42698683186893049e-03,-6.42698637924344219e-03,-7.30929253552931975e-07,-7.30929202076677457e-07,-2.92371680830670983e-06,-3.65464606185964170e-06,-3.65464601038338739e-06
1.87117500000000021e+01,1.87117500000000021e+01,4.80807682555713822e-01,-6.42387425535417833e-03,-6.42387380330158506e-03,-7.30009242576410857e-07,-7.30009191205142050e-07,-2.92003676482056862e-06,-3.65004600739697927e-06,-3.65004595602571088e-06
1.87190000000000012e+01,1.87190000000000012e+01,4.80761120745533288e-01,-6.42076439113026254e-03,-6.42076393965400512e-03,-7.29090745328181885e-07,-7.29090694062142415e-07,-2.91636277624856966e-06,-3.64545352157675144e-06,-3.64545347031071208e-06
1.87262500000000003e+01,1.87262500000000003e+01,4.80714581472042379e-01,-6.41765723580078884e-03,-6.41765678488809017e-03,-7.28173758734658742e-07,-7.28173707572251319e-07,-2.91269483028900485e-06,-3.64086858902366359e-06,-3.64086853786125617e-06
1.87334999999999994e+01,1.87334999999999994e+01,4.80668064715614185e-01,-6.41455278594094125e-03,-6.41455233559684763e-03,-7.27258279725826840e-07,-7.27258228667478473e-07,-2.90903291466991389e-06,-3.63629119439574084e-06,-3.63629114333739226e-06
1.87407500000000020e+01,1.87407500000000020e+01,4.80621570456646219e-01,-6.41145103816143092e-03,-6.41145058837888290e-03,-7.26344305242482587e-07,-7.26344254287247882e-07,-2.90537701714899110e-06,-3.63172132239147358e-06,-3.63172127143623898e-06
1.87480000000000011e+01,1.87480000000000011e+01,4.80575098675560863e-01,-6.40835198905165271e-03,-6.40835153983839410e-03,-7.25431832229766720e-07,-7.25431781378378148e-07,-2.90172712551351301e-06,-3.62715895774327973e-06,-3.62715890689189137e-06
1.87552500000000002e+01,1.87552500000000002e+01,4.80528649352804982e-01,-6.40525563522942321e-03,-6.40525518658515564e-03,-7.24520857642782351e-07,-7.24520806895060765e-07,-2.89808322758024264e-06,-3.62260408522302478e-06,-3.62260403447530351e-06
1.87624999999999993e+01,1.87624999999999993e+01,4.80482222468849973e-01,-6.40216197331966441e-03,-6.40216152523451036e-03,-7.23611378444155201e-07,-7.23611327798839263e-07,-2.89444531119535705e-06,-3.61805668963951246e-06,-3.61805663899419621e-06
1.87697500000000019e+01,1.87697500000000019e+01,4.80435818004191773e-01,-6.39907099994019291e-03,-6.39907055240735399e-03,-7.22703391602410784e-07,-7.22703341058589616e-07,-2.89081336423435804e-06,-3.61351675583676872e-06,-3.61351670529294776e-06
1.87770000000000010e+01,1.87770000000000010e+01,4.80389435939350906e-01,-6.39598271169461441e-03,-6.39598226473013336e-03,-7.21796894091157554e-07,-7.21796843650499917e-07,-2.88718737460200009e-06,-3.60898426869315775e-06,-3.60898421825249990e-06
1.87842500000000001e+01,1.87842500000000001e+01,4.80343076254872214e-01,-6.39289710523627264e-03,-6.39289665883482471e-03,-7.20891882896287320e-07,-7.20891832558048672e-07,-2.88356733023219469e-06,-3.60445921312848190e-06,-3.60445916279024347e-06
1.87914999999999992e+01,1.87914999999999992e+01,4.80296738931324962e-01,-6.38981417719719502e-03,-6.38981373135892507e-03,-7.19988355007931503e-07,-7.19988304771985000e-07,-2.87995321908794000e-06,-3.59994157409587171e-06,-3.59994152385992479e-06
1.87987500000000018e+01,1.87987500000000018e+01,4.80250423949302785e-01,-6.38673392422361985e-03,-6.38673347894544528e-03,-7.19086307424452458e-07,-7.19086257290308410e-07,-2.87634502916123322e-06,-3.59543133658568567e-06,-3.59543128645154152e-06
1.88060000000000009e+01,1.88060000000000009e+01,4.80204131289423630e-01,-6.38365634296889084e-03,-6.38365589824289609e-03,-7.18185737151623022e-07,-7.18185687118248896e-07,-2.87274274847299558e-06,-3.59092848562461871e-06,-3.59092843559124437e-06
1.88132500000000000e+01,1.88132500000000000e+01,4.80157860932329761e-01,-6.38058143007924627e-03,-6.38058098590527610e-03,-7.17286641201008149e-07,-7.17286591268245972e-07,-2.86914636507298431e-06,-3.58643300627399246e-06,-3.58643295634123039e-06
1.88205000000000027e+01,1.88205000000000027e+01,4.80111612858687531e-01,-6.37750918221513530e-03,-6.37750873859206039e-03,-7.16389016592346024e-07,-7.16388966759928770e-07,-2.86555586703971550e-06,-3.58194488363206174e-06,-3.58194483379964427e-06
1.88277500000000018e+01,1.88277500000000018e+01,4.80065387049187720e-01,-6.37443959602279620e-03,-6.37443915296819451e-03,-7.15492860350336012e-07,-7.15492810620097083e-07,-2.86197124248038791e-06,-3.57746410283072382e-06,-3.57746405310048520e-06
1.88350000000000009e+01,1.88350000000000009e+01,4.80019183484545142e-01,-6.37137266821241610e-03,-6.37137222570407624e-03,-7.14598169513393586e-07,-7.14598119882699135e-07,-2.85839247953079654e-06,-3.57299064904419034e-06,-3.57299059941349589e-06
1.88422499999999999e+01,1.88422499999999999e+01,4.79973002145498706e-01,-6.36830839542312788e-03,-6.36830795347554952e-03,-7.13704941118477114e-07,-7.13704891588813894e-07,-2.85481956635525515e-06,-3.56852450747373226e-06,-3.56852445794406894e-06
1.88495000000000026e+01,1.88495000000000026e+01,4.79926843012811410e-01,-6.36524677436511865e-03,-6.36524633296388972e-03,-7.12813172217015883e-07,-7.12813122786629053e-07,-2.85125249114651664e-06,-3.56406566336353252e-06,-3.56406561393314569e-06
1.88567500000000017e+01,1.88567500000000017e+01,4.79880706067270402e-01,-6.36218780169883757e-03,-6.36218736085579929e-03,-7.11922859861347625e-07,-7.11922810531424303e-07,-2.84769124212569763e-06,-3.55961410198704537e-06,-3.55961405265712173e-06
1.88640000000000008e+01,1.88640000000000008e+01,4.79834591289686696e-01,-6.35913147414157720e-03,-6.35913103384338780e-03,-7.11034001116639656e-07,-7.11033951885548244e-07,-2.84413580754219298e-06,-3.55516980865883242e-06,-3.55516975942774101e-06
1.88712499999999999e+01,1.88712499999999999e+01,4.79788498660895346e-01,-6.35607778837510295e-03,-6.35607734862416850e-03,-7.10146593050528287e-07,-7.10146543918400287e-07,-2.84058617567360115e-06,-3.55073276872412933e-06,-3.55073271959200143e-06
1.88785000000000025e+01,1.88785000000000025e+01,4.79742428161755274e-01,-6.35302674110249654e-03,-6.35302630190104096e-03,-7.09260632739464477e-07,-7.09260583706410639e-07,-2.83704233482564255e-06,-3.54630296756510703e-06,-3.54630291853205319e-06
1.88857500000000016e+01,1.88857500000000016e+01,4.79696379773149384e-01,-6.34997832904105053e-03,-6.34997789038229017e-03,-7.08376117267896342e-07,-7.08376068333022304e-07,-2.83350427333208964e-06,-3.54188039059998577e-06,-3.54188034166511194e-06
1.88930000000000007e+01,1.88930000000000007e+01,4.79650353475984281e-01,-6.34693254888674119e-03,-6.34693211078156318e-03,-7.07493043724285874e-07,-7.07492994888669063e-07,-2.82997197955467667e-06,-3.53746502327896255e-06,-3.53746497444334574e-06
1.89002499999999998e+01,1.89002499999999998e+01,4.79604349251190498e-01,-6.34388939737817736e-03,-6.34388895981786646e-03,-7.06611409208225714e-07,-7.06611360470757469e-07,-2.82644544188302988e-06,-3.53305685109125548e-06,-3.53305680235378734e-06
1.89075000000000024e+01,1.89075000000000024e+01,4.79558367079722270e-01,-6.34084887123265162e-03,-6.34084843421555203e-03,-7.05731210823286910e-07,-7.05731162183646841e-07,-2.82292464873458694e-06,-3.52865585955787396e-06,-3.52865581091823389e-06
1.89147500000000015e+01,1.89147500000000015e+01,4.79512406942557645e-01,-6.33781096717456194e-03,-6.33781053070431311e-03,-7.04852445680174541e-07,-7.04852397138631687e-07,-2.81940958855452717e-06,-3.52426203423470182e-06,-3.52426198569315875e-06
1.89220000000000006e+01,1.89220000000000006e+01,4.79466468820698266e-01,-6.33477568194962259e-03,-6.33477524601916073e-03,-7.03975110898286571e-07,-7.03975062453919996e-07,-2.81590024981568041e-06,-3.51987536071396698e-06,-3.51987531226960061e-06
1.89292499999999997e+01,1.89292499999999997e+01,4.79420552695169422e-01,-6.33174301228223158e-03,-6.33174257690042458e-03,-7.03099203600955645e-07,-7.03099155254615452e-07,-2.81239662101846181e-06,-3.51549582461941756e-06,-3.51549577627307705e-06
1.89365000000000023e+01,1.89365000000000023e+01,4.79374658547020105e-01,-6.32871295493941943e-03,-6.32871252009373480e-03,-7.02224720922537802e-07,-7.02224672672697425e-07,-2.80889869069078970e-06,-3.51112341161332771e-06,-3.51112336336348712e-06
1.89437500000000014e+01,1.89437500000000014e+01,4.79328786357322845e-01,-6.32568550665268958e-03,-6.32568507235002023e-03,-7.01351659999713653e-07,-7.01351611847003921e-07,-2.80540644738801568e-06,-3.50675810738772912e-06,-3.50675805923501950e-06
1.89510000000000005e+01,1.89510000000000005e+01,4.79282936107173652e-01,-6.32266066418907258e-03,-6.32266023042548763e-03,-7.00480017979359126e-07,-7.00479969923210091e-07,-2.80191987969283952e-06,-3.50239989767219864e-06,-3.50239984961604950e-06
1.89582499999999996e+01,1.89582499999999996e+01,4.79237107777692073e-01,-6.31963842430138811e-03,-6.31963799108161469e-03,-6.99609792013008933e-07,-6.99609744053810124e-07,-2.79843897621524007e-06,-3.49804876822824922e-06,-3.49804872026905020e-06
1.89655000000000022e+01,1.89655000000000022e+01,4.79191301350021193e-01,-6.31661878377087760e-03,-6.31661835108514313e-03,-6.98740979261562583e-07,-6.98740931398098826e-07,-2.79496372559239573e-06,-3.49370470485395852e-06,-3.49370465699049455e-06
1.89727500000000013e+01,1.89727500000000013e+01,4.79145516805327409e-01,-6.31360173936457159e-03,-6.31360130720806656e-03,-6.97873576890546079e-07,-6.97873529122153617e-07,-2.79149411648861447e-06,-3.48936769337916034e-06,-3.48936764561076819e-06
1.89800000000000004e+01,1.89800000000000004e+01,4.79099754124800492e-01,-6.31058728784239520e-03,-6.31058685622761396e-03,-6.97007582070885576e-07,-6.97007534398813043e-07,-2.78803013759525175e-06,-3.48503771966613743e-06,-3.48503767199406479e-06
1.89872499999999995e+01,1.89872499999999995e+01,4.79054013289653691e-01,-6.30757542599980070e-03,-6.30757499492624885e-03,-6.96142991983600687e-07,-6.96142944407660358e-07,-2.78457177763064186e-06,-3.48071476961424254e-06,-3.48071472203830222e-06
1.89945000000000022e+01,1.89945000000000022e+01,4.79008294281123459e-01,-6.30456615063224035e-03,-6.30456572009165019e-03,-6.95279803815856989e-07,-6.95279756335004261e-07,-2.78111902534001662e-06,-3.47639882915587372e-06,-3.47639878167502088e-06
1.90017500000000013e+01,1.90017500000000013e+01,4.78962597080469510e-01,-6.30155945852806099e-03,-6.30155902851670894e-03,-6.94418014760167167e-07,-6.94417967373860468e-07,-2.77767186949544145e-06,-3.47208988425560862e-06,-3.47208983686930202e-06
1.90090000000000003e+01,1.90090000000000003e+01,4.78916921668974815e-01,-6.29855534647560944e-03,-6.29855491699951066e-03,-6.93557622015160964e-07,-6.93557574723932232e-07,-2.77423029889572935e-06,-3.46778792091089021e-06,-3.46778787361966179e-06
1.90162499999999994e+01,1.90162499999999994e+01,4.78871268027945607e-01,-6.29555381129165426e-03,-6.29555338234333295e-03,-6.92698622788697821e-07,-6.92698575591593295e-07,-2.77079430236637318e-06,-3.46349292515507100e-06,-3.46349287795796658e-06
1.90235000000000021e+01,1.90235000000000021e+01,4.78825636138711153e-01,-6.29255484977164770e-03,-6.29255442135662636e-03,-6.91841014292370897e-07,-6.91840967189867988e-07,-2.76736386875947153e-06,-3.45920488305184253e-06,-3.45920483594933941e-06
1.90307500000000012e+01,1.90307500000000012e+01,4.78780025982623925e-01,-6.28955845873946373e-03,-6.28955803085301263e-03,-6.90984793746965884e-07,-6.90984746738414704e-07,-2.76393898695365882e-06,-3.45492378070062460e-06,-3.45492373369207352e-06
1.90380000000000003e+01,1.90380000000000003e+01,4.78734437541059432e-01,-6.28656463500476548e-03,-6.28656420765126914e-03,-6.90129958377753301e-07,-6.90129911463505582e-07,-2.76051964585402190e-06,-3.45064960423177531e-06,-3.45064955731752738e-06
1.90452499999999993e+01,1.90452499999999993e+01,4.78688870795416332e-01,-6.28357337539142691e-03,-6.28357294857531841e-03,-6.89276505417597424e-07,-6.89276458598009553e-07,-2.75710583439203821e-06,-3.44638233980963574e-06,-3.44638229299004798e-06
1.90525000000000020e+01,1.90525000000000020e+01,4.78643325727116153e-01,-6.28058467675174370e-03,-6.28058425045422038e-03,-6.88424432108492800e-07,-6.88424385381373399e-07,-2.75369754152549360e-06,-3.44212197363398640e-06,-3.44212192690686710e-06
1.90597500000000011e+01,1.90597500000000011e+01,4.78597802317603405e-01,-6.27759853589537897e-03,-6.27759811012216021e-03,-6.87573735693756623e-07,-6.87573689059604911e-07,-2.75029475623842007e-06,-3.43786849193217658e-06,-3.43786844529802508e-06
1.90670000000000002e+01,1.90670000000000002e+01,4.78552300548345688e-01,-6.27461494966752298e-03,-6.27461452441844137e-03,-6.86724413426583439e-07,-6.86724366885253198e-07,-2.74689746754101321e-06,-3.43362188096759644e-06,-3.43362183442626662e-06
1.90742499999999993e+01,1.90742499999999993e+01,4.78506820400833310e-01,-6.27163391490626054e-03,-6.27163349018746916e-03,-6.85876462565354922e-07,-6.85876416117391534e-07,-2.74350566446956656e-06,-3.42938212703492127e-06,-3.42938208058695820e-06
1.90815000000000019e+01,1.90815000000000019e+01,4.78461361856579503e-01,-6.26865542847809820e-03,-6.26865500427874461e-03,-6.85029880377509749e-07,-6.85029834021598831e-07,-2.74011933608639532e-06,-3.42514921646390497e-06,-3.42514917010799405e-06
1.90887500000000010e+01,1.90887500000000010e+01,4.78415924897120426e-01,-6.26567948722112078e-03,-6.26567906354685844e-03,-6.84184664133310711e-07,-6.84184617869943225e-07,-2.73673847147977290e-06,-3.42092313561308361e-06,-3.42092308934971613e-06
1.90960000000000001e+01,1.90960000000000001e+01,4.78370509504014829e-01,-6.26270608800894024e-03,-6.26270566485147197e-03,-6.83340811112818654e-07,-6.83340764940962067e-07,-2.73336305976384869e-06,-3.41670387087666735e-06,-3.41670382470481076e-06
1.91032499999999992e+01,1.91032499999999992e+01,4.78325115658844391e-01,-6.25973522767964141e-03,-6.25973480505731279e-03,-6.82498318598116927e-07,-6.82498272519645828e-07,-2.72999309007858331e-06,-3.41249140867670024e-06,-3.41249136259822903e-06
1.91105000000000018e+01,1.91105000000000018e+01,4.78279743343213382e-01,-6.25676690314236339e-03,-6.25676648103416083e-03,-6.81657183884922189e-07,-6.81657137897418935e-07,-2.72662855158967574e-06,-3.40828573547459814e-06,-3.40828568948709489e-06
1.91177500000000009e+01,1.91177500000000009e+01,4.78234392538748831e-01,-6.25380111124229643e-03,-6.25380068965684759e-03,-6.80817404267845196e-07,-6.80817358372124208e-07,-2.72326943348849683e-06,-3.40408683775634213e-06,-3.40408679186062125e-06
1.91250000000000000e+01,1.91250000000000000e+01,4.78189063227100364e-01,-6.25083784887436877e-03,-6.25083742780523349e-03,-6.79978977052768167e-07,-6.79978931248002953e-07,-2.71991572499201224e-06,-3.39989470204478040e-06,-3.39989465624001519e-06
1.91322500000000026e+01,1.91322500000000026e+01,4.78143755389940139e-01,-6.24787711291219239e-03,-6.24787669236420273e-03,-6.79141899549086711e-07,-6.79141853835677918e-07,-2.71656741534271252e-06,-3.39570931489179913e-06,-3.39570926917839023e-06
1.91395000000000017e+01,1.91395000000000017e+01,4.78098469008963078e-01,-6.24491890025069551e-03,-6.24491848022366066e-03,-6.78306169074336422e-07,-6.78306123452138043e-07,-2.71322449380855217e-06,-3.39153066288288881e-06,-3.39153061726069011e-06
1.91467500000000008e+01,1.91467500000000008e+01,4.78053204065886472e-01,-6.24196320779191183e-03,-6.24196278827851298e-03,-6.77471782952624600e-07,-6.77471737420717286e-07,-2.70988694968286872e-06,-3.38735873263549343e-06,-3.38735868710358590e-06
1.91539999999999999e+01,1.91539999999999999e+01,4.78007960542450094e-01,-6.23901003243076957e-03,-6.23900961342865878e-03,-6.76638738513074039e-07,-6.76638693071079590e-07,-2.70655477228431794e-06,-3.38319351079739219e-06,-3.38319346535539763e-06
1.91612500000000026e+01,1.91612500000000026e+01,4.77962738420416255e-01,-6.23605937106930241e-03,-6.23605895257898363e-03,-6.75807033091350966e-07,-6.75806987739200773e-07,-2.70322795095680309e-06,-3.37903498404815385e-06,-3.37903493869600408e-06
1.91685000000000016e+01,1.91685000000000016e+01,4.77917537681569637e-01,-6.23311122060954403e-03,-6.23311080263935086e-03,-6.74976664028879213e-07,-6.74976618767352968e-07,-2.69990647506941145e-06,-3.37488313909829056e-06,-3.37488309383676442e-06
1.91757500000000007e+01,1.91757500000000007e+01,4.77872358307717404e-01,-6.23016557798194981e-03,-6.23016516052458686e-03,-6.74147628675899797e-07,-6.74147583504084188e-07,-2.69659033401633633e-06,-3.37073796269223602e-06,-3.37073791752042041e-06
1.91829999999999998e+01,1.91829999999999998e+01,4.77827200280688924e-01,-6.22722244010276427e-03,-6.22722202315447153e-03,-6.73319924386837762e-07,-6.73319879304203394e-07,-2.69327951721681315e-06,-3.36659944160365081e-06,-3.36659939652101676e-06
1.91902500000000025e+01,1.91902500000000025e+01,4.77782063582335936e-01,-6.22428180389533736e-03,-6.22428138745373134e-03,-6.72493548522594885e-07,-6.72493503528762392e-07,-2.68997401411504914e-06,-3.36246756263764414e-06,-3.36246751764381133e-06
1.91975000000000016e+01,1.91975000000000016e+01,4.77736948194532551e-01,-6.22134366627591362e-03,-6.22134325035203148e-03,-6.71668498449000660e-07,-6.71668453545040375e-07,-2.68667381418016108e-06,-3.35834231262916153e-06,-3.35834226772520145e-06
1.92047500000000007e+01,1.92047500000000007e+01,4.77691854099174973e-01,-6.21840802419626471e-03,-6.21840760878395946e-03,-6.70844771541398458e-07,-6.70844726726524228e-07,-2.68337890690609734e-06,-3.35422367844749569e-06,-3.35422363363262146e-06
1.92119999999999997e+01,1.92119999999999997e+01,4.77646781278181720e-01,-6.21547487458684600e-03,-6.21547445968901897e-03,-6.70022365178490875e-07,-6.70022320452894023e-07,-2.68008928181157609e-06,-3.35011164699006676e-06,-3.35011160226447022e-06
1.92192500000000024e+01,1.92192500000000024e+01,4.77601729713493406e-01,-6.21254421440653459e-03,-6.21254380001162038e-03,-6.69201276747691183e-07,-6.69201232110003857e-07,-2.67680492844001543e-06,-3.34600620518770651e-06,-3.34600616055001929e-06
1.92265000000000015e+01,1.92265000000000015e+01,4.77556699387072792e-01,-6.20961604058578587e-03,-6.20961562670107377e-03,-6.68381503638980539e-07,-6.68381459089867660e-07,-2.67352583635947064e-06,-3.34190733999845128e-06,-3.34190729544933830e-06
1.92337500000000006e+01,1.92337500000000006e+01,4.77511690280904899e-01,-6.20669035009058234e-03,-6.20668993671157337e-03,-6.67563043251783142e-07,-6.67562998790639823e-07,-2.67025199516255971e-06,-3.33781503841434286e-06,-3.33781499395319932e-06
1.92409999999999997e+01,1.92409999999999997e+01,4.77466702376996510e-01,-6.20376713987980111e-03,-6.20376672700218967e-03,-6.66745892990356254e-07,-6.66745848616599842e-07,-2.66698339446639895e-06,-3.33372928745675531e-06,-3.33372924308299889e-06
1.92482500000000023e+01,1.92482500000000023e+01,4.77421735657376667e-01,-6.20084640690521383e-03,-6.20084599453686169e-03,-6.65930050263778558e-07,-6.65930005978134430e-07,-2.66372002391253772e-06,-3.32965007417631628e-06,-3.32965002989067204e-06
1.92555000000000014e+01,1.92555000000000014e+01,4.77376790104096338e-01,-6.19792814814701387e-03,-6.19792773628439000e-03,-6.65115512489754280e-07,-6.65115468291723323e-07,-2.66046187316689329e-06,-3.32557738565664746e-06,-3.32557734145861651e-06
1.92627500000000005e+01,1.92627500000000005e+01,4.77331865699228530e-01,-6.19501236058539462e-03,-6.19501194921842028e-03,-6.64302277091537726e-07,-6.64302232979919800e-07,-2.65720893191967962e-06,-3.32151120901121746e-06,-3.32151116489959953e-06
1.92699999999999996e+01,1.92699999999999996e+01,4.77286962424867955e-01,-6.19209904117212773e-03,-6.19209863031743631e-03,-6.63490341494875492e-07,-6.63490297471335546e-07,-2.65396118988534176e-06,-3.31745153138021746e-06,-3.31745148735667741e-06
1.92772500000000022e+01,1.92772500000000022e+01,4.77242080263131474e-01,-6.18918818693003914e-03,-6.18918777656475138e-03,-6.62679703138655042e-07,-6.62679659200623283e-07,-2.65071863680249313e-06,-3.31339833994114796e-06,-3.31339829600311631e-06
1.92845000000000013e+01,1.92845000000000013e+01,4.77197219196157596e-01,-6.18627979480379508e-03,-6.18627938494850215e-03,-6.61870359458899173e-07,-6.61870315608462585e-07,-2.64748126243385034e-06,-3.30935162189274962e-06,-3.30935157804231303e-06
1.92917500000000004e+01,1.92917500000000004e+01,4.77152379206106814e-01,-6.18337386181622151e-03,-6.18337345246163222e-03,-6.61062307905494495e-07,-6.61062264141540395e-07,-2.64424905656616158e-06,-3.30531136447165597e-06,-3.30531132070770187e-06
1.92989999999999995e+01,1.92989999999999995e+01,4.77107560275161269e-01,-6.18047038496172263e-03,-6.18046997610188689e-03,-6.60255545930761251e-07,-6.60255502252536520e-07,-2.64102200901014650e-06,-3.30127755494090765e-06,-3.30127751126268302e-06
1.93062500000000021e+01,1.93062500000000021e+01,4.77062762385524919e-01,-6.17756936122759726e-03,-6.17756895287180103e-03,-6.59450070991727067e-07,-6.59450027400106585e-07,-2.63780010960042676e-06,-3.29725018059215383e-06,-3.29725013700053324e-06
1.93135000000000012e+01,1.93135000000000012e+01,4.77017985519423482e-01,-6.17467078763667132e-03,-6.17467037977869650e-03,-6.58645880554664407e-07,-6.58645837048867208e-07,-2.63458334819546926e-06,-3.29322922875013387e-06,-3.29322918524433636e-06
1.93207500000000003e+01,1.93207500000000003e+01,4.76973229659104214e-01,-6.17177466119755991e-03,-6.17177425383466215e-03,-6.57842972089760400e-07,-6.57842928669377369e-07,-2.63137171467750990e-06,-3.28921468676727030e-06,-3.28921464334688716e-06
1.93279999999999994e+01,1.93279999999999994e+01,4.76928494786836132e-01,-6.16888097891887810e-03,-6.16888057205655215e-03,-6.57041343072623719e-07,-6.57041299738124323e-07,-2.62816519895249687e-06,-3.28520654202512059e-06,-3.28520649869062108e-06
1.93352500000000020e+01,1.93352500000000020e+01,4.76883780884909847e-01,-6.16598973783055726e-03,-6.16598933146597292e-03,-6.56240990986539270e-07,-6.56240947737505604e-07,-2.62496379095002242e-06,-3.28120478193656169e-06,-3.28120473868752823e-06
1.93425000000000011e+01,1.93425000000000011e+01,4.76839087935637507e-01,-6.16310093496252875e-03,-6.16310052908927881e-03,-6.55441913320181315e-07,-6.55441870155816110e-07,-2.62176748062326444e-06,-3.27720939394344586e-06,-3.27720935077908055e-06
1.93497500000000002e+01,1.93497500000000002e+01,4.76794415921352910e-01,-6.16021456733761852e-03,-6.16021416195755653e-03,-6.54644107566843091e-07,-6.54644064487228508e-07,-2.61857625794891403e-06,-3.27322036551575702e-06,-3.27322032243614243e-06
1.93569999999999993e+01,1.93569999999999993e+01,4.76749764824411115e-01,-6.15733063199286335e-03,-6.15733022710661729e-03,-6.53847571226691082e-07,-6.53847528231779159e-07,-2.61539011292711664e-06,-3.26923768415380751e-06,-3.26923764115889579e-06
1.93642500000000020e+01,1.93642500000000020e+01,4.76705134627188942e-01,-6.15444912597951088e-03,-6.15444872157698986e-03,-6.53052301806746495e-07,-6.53052258895351597e-07,-2.61220903558140639e-06,-3.26526133738815299e-06,-3.26526129447675788e-06
1.93715000000000011e+01,1.93715000000000011e+01,4.76660525312084526e-01,-6.15157004631328164e-03,-6.15156964241391369e-03,-6.52258296815593101e-07,-6.52258253989662239e-07,-2.60903301595864896e-06,-3.26129131277424216e-06,-3.26129126994831098e-06
1.93787500000000001e+01,1.93787500000000001e+01,4.76615936861517375e-01,-6.14869339008095039e-03,-6.14869298666732064e-03,-6.51465553774669875e-07,-6.51465511032241956e-07,-2.60586204412896825e-06,-3.25732759790363823e-06,-3.25732755516121010e-06
1.93859999999999992e+01,1.93859999999999992e+01,4.76571369257928423e-01,-6.14581915431955395e-03,-6.14581875139183498e-03,-6.50674070205441842e-07,-6.50674027546422422e-07,-2.60269611018568927e-06,-3.25337018039113090e-06,-3.25337013773211179e-06
1.93932500000000019e+01,1.93932500000000019e+01,4.76526822483779811e-01,-6.14294733608033994e-03,-6.14294693364675522e-03,-6.49883843636172205e-07,-6.49883801061318426e-07,-2.59953520424527413e-06,-3.24941904788144612e-06,-3.24941900530659245e-06
1.94005000000000010e+01,1.94005000000000010e+01,4.76482296521555271e-01,-6.14007793244297773e-03,-6.14007753049606014e-03,-6.49094871603406987e-07,-6.49094829111815593e-07,-2.59637931644726280e-06,-3.24547418805067000e-06,-3.24547414555907839e-06
1.94077500000000001e+01,1.94077500000000001e+01,4.76437791353759466e-01,-6.13721094046582039e-03,-6.13721053900837931e-03,-6.48307151646695575e-07,-6.48307109238550797e-07,-2.59322843695420276e-06,-3.24153558860089844e-06,-3.24153554619275356e-06
1.94150000000000027e+01,1.94150000000000027e+01,4.76393306962918484e-01,-6.13434635722853727e-03,-6.13434595625699745e-03,-6.47520681313086564e-07,-6.47520638987898181e-07,-2.59008255595159273e-06,-3.23760323726467908e-06,-3.23760319493949091e-06
1.94222500000000018e+01,1.94222500000000018e+01,4.76348843331579674e-01,-6.13148417980369231e-03,-6.13148377931984744e-03,-6.46735458154110625e-07,-6.46735415911955929e-07,-2.58694166364782414e-06,-3.23367712180193476e-06,-3.23367707955977996e-06
1.94295000000000009e+01,1.94295000000000009e+01,4.76304400442311371e-01,-6.12862440527095487e-03,-6.12862400527948957e-03,-6.45951479727266091e-07,-6.45951437568526776e-07,-2.58380575027410668e-06,-3.22975723000137266e-06,-3.22975718784263324e-06
1.94367500000000000e+01,1.94367500000000000e+01,4.76259978277703167e-01,-6.12576703073841600e-03,-6.12576663122311061e-03,-6.45168743598249834e-07,-6.45168701521104885e-07,-2.58067480608441912e-06,-3.22584354968266874e-06,-3.22584350760552400e-06
1.94440000000000026e+01,1.94440000000000026e+01,4.76215576820365694e-01,-6.12291205327153421e-03,-6.12291165424251257e-03,-6.44387247333455200e-07,-6.44387205338859965e-07,-2.57754882135543986e-06,-3.22193606868889485e-06,-3.22193602669429983e-06
1.94512500000000017e+01,1.94512500000000017e+01,4.76171196052930734e-01,-6.12005946997840056e-03,-6.12005907143410664e-03,-6.43606988508943674e-07,-6.43606946596623396e-07,-2.57442778638649316e-06,-3.21803477489543673e-06,-3.21803473298311656e-06
1.94585000000000008e+01,1.94585000000000008e+01,4.76126835958050998e-01,-6.11720927796710612e-03,-6.11720887989890012e-03,-6.42827964705934536e-07,-6.42827922874870234e-07,-2.57131169149948009e-06,-3.21413965620541452e-06,-3.21413961437435022e-06
1.94657499999999999e+01,1.94657499999999999e+01,4.76082496518400289e-01,-6.11436147431732024e-03,-6.11436107674248695e-03,-6.42050173507807952e-07,-6.42050131759705340e-07,-2.56820052703882178e-06,-3.21025070054662963e-06,-3.21025065879852712e-06
1.94730000000000025e+01,1.94730000000000025e+01,4.76038177716673283e-01,-6.11151605617266114e-03,-6.11151565907504246e-03,-6.41273612509797153e-07,-6.41273570842848661e-07,-2.56509428337139465e-06,-3.20636789588119169e-06,-3.20636785421424341e-06
1.94802500000000016e+01,1.94802500000000016e+01,4.75993879535585751e-01,-6.10867302062700901e-03,-6.10867262401131560e-03,-6.40498279307029911e-07,-6.40498237721620410e-07,-2.56199295088648122e-06,-3.20249123019351102e-06,-3.20249118860810152e-06
1.94875000000000007e+01,1.94875000000000007e+01,4.75949601957874169e-01,-6.10583236481687663e-03,-6.10583196867061154e-03,-6.39724171504213517e-07,-6.39724129998923805e-07,-2.55889651999569522e-06,-3.19862069149990863e-06,-3.19862064999461913e-06
1.94947499999999998e+01,1.94947499999999998e+01,4.75905344966295996e-01,-6.10299408583614422e-03,-6.10299369017679085e-03,-6.38951286706678999e-07,-6.38951245283231834e-07,-2.55580498113292776e-06,-3.19475626783960676e-06,-3.19475622641615970e-06
1.95020000000000024e+01,1.95020000000000024e+01,4.75861108543629452e-01,-6.10015818084264083e-03,-6.10015778565825822e-03,-6.38179622531536011e-07,-6.38179581188572010e-07,-2.55271832475428804e-06,-3.19089794728582416e-06,-3.19089790594286005e-06
1.95092500000000015e+01,1.95092500000000015e+01,4.75816892672673741e-01,-6.09732464695866838e-03,-6.09732425224795548e-03,-6.37409176597236754e-07,-6.37409135334511655e-07,-2.54963654133804704e-06,-3.18704571793528390e-06,-3.18704567667255880e-06
1.95165000000000006e+01,1.95165000000000006e+01,4.75772697336248607e-01,-6.09449348131363422e-03,-6.09449308708334692e-03,-6.36639946528029994e-07,-6.36639905346141802e-07,-2.54655962138456721e-06,-3.18319956791259720e-06,-3.18319952673070912e-06
1.95237499999999997e+01,1.95237499999999997e+01,4.75728522517194663e-01,-6.09166468105826198e-03,-6.09166428730641748e-03,-6.35871929955430346e-07,-6.35871888854063435e-07,-2.54348755541625374e-06,-3.17935948537168387e-06,-3.17935944427031728e-06
1.95310000000000024e+01,1.95310000000000024e+01,4.75684368198373231e-01,-6.08883824335038071e-03,-6.08883785006365721e-03,-6.35105124516715424e-07,-6.35105083494371923e-07,-2.54042033397748811e-06,-3.17552545849420364e-06,-3.17552541747186014e-06
1.95382500000000014e+01,1.95382500000000014e+01,4.75640234362666170e-01,-6.08601416531939776e-03,-6.08601377250606035e-03,-6.34339527851208111e-07,-6.34339486908643678e-07,-2.53735794763457471e-06,-3.17169747548578261e-06,-3.17169743454321860e-06
1.95455000000000005e+01,1.95455000000000005e+01,4.75596120992976157e-01,-6.08319244412314220e-03,-6.08319205178910888e-03,-6.33575137606195409e-07,-6.33575096743919323e-07,-2.53430038697567729e-06,-3.16787552458187260e-06,-3.16787548371959672e-06
1.95527499999999996e+01,1.95527499999999996e+01,4.75552028072226407e-01,-6.08037307692654849e-03,-6.08037268507276990e-03,-6.32811951434686982e-07,-6.32811910652690350e-07,-2.53124764261076140e-06,-3.16405959404544849e-06,-3.16405955326345185e-06
1.95600000000000023e+01,1.95600000000000023e+01,4.75507955583360620e-01,-6.07755606090876199e-03,-6.07755566952148003e-03,-6.32049966996139897e-07,-6.32049926292884188e-07,-2.52819970517153675e-06,-3.16024967216767654e-06,-3.16024963146442094e-06
1.95672500000000014e+01,1.95672500000000014e+01,4.75463903509343200e-01,-6.07474139322050632e-03,-6.07474100230414541e-03,-6.31289181952010641e-07,-6.31289141327850128e-07,-2.52515656531140051e-06,-3.15644574726341116e-06,-3.15644570663925064e-06
1.95745000000000005e+01,1.95745000000000005e+01,4.75419871833158925e-01,-6.07192907104092683e-03,-6.07192868059412607e-03,-6.30529593971656297e-07,-6.30529553426343646e-07,-2.52211821370537459e-06,-3.15264780767703088e-06,-3.15264776713171813e-06
1.95817499999999995e+01,1.95817499999999995e+01,4.75375860537813111e-01,-6.06911909154206342e-03,-6.06911870156923074e-03,-6.29771200728625807e-07,-6.29771160262512854e-07,-2.51908464105005099e-06,-3.14885584177867680e-06,-3.14885580131256374e-06
1.95890000000000022e+01,1.95890000000000022e+01,4.75331869606331503e-01,-6.06631145192437771e-03,-6.06631106241170386e-03,-6.29013999904334296e-07,-6.29013959515882935e-07,-2.51605583806353132e-06,-3.14506983796786551e-06,-3.14506979757941436e-06
1.95962500000000013e+01,1.95962500000000013e+01,4.75287899021760274e-01,-6.06350614934569876e-03,-6.06350576030822552e-03,-6.28257989180678745e-07,-6.28257948871343756e-07,-2.51303179548537545e-06,-3.14128978466605430e-06,-3.14128974435671941e-06
1.96035000000000004e+01,1.96035000000000004e+01,4.75243948767165969e-01,-6.06070318102780448e-03,-6.06070279244989331e-03,-6.27503166251077371e-07,-6.27503126019133559e-07,-2.51001250407653466e-06,-3.13751567032761193e-06,-3.13751563009566832e-06
1.96107499999999995e+01,1.96107499999999995e+01,4.75200018825635451e-01,-6.05790254414273477e-03,-6.05790215603222056e-03,-6.26749528808670460e-07,-6.26749488654825097e-07,-2.50699795461930039e-06,-3.13374748342797074e-06,-3.13374744327412570e-06
1.96180000000000021e+01,1.96180000000000021e+01,4.75156109180275898e-01,-6.05510423589805669e-03,-6.05510384825512071e-03,-6.25997074555144011e-07,-6.25997034479311336e-07,-2.50398813791724534e-06,-3.12998521247238925e-06,-3.12998517239655679e-06
1.96252500000000012e+01,1.96252500000000012e+01,4.75112219814214920e-01,-6.05230825350133728e-03,-6.05230786632291167e-03,-6.25245801197033712e-07,-6.25245761198792537e-07,-2.50098304479517057e-06,-3.12622884599220439e-06,-3.12622880599396311e-06
1.96325000000000003e+01,1.96325000000000003e+01,4.75068350710600218e-01,-6.04951459415303816e-03,-6.04951420744429154e-03,-6.24495706444979760e-07,-6.24495666524760060e-07,-2.49798266609903982e-06,-3.12247837254401968e-06,-3.12247833262379988e-06
1.96397499999999994e+01,1.96397499999999994e+01,4.75024501852599701e-01,-6.04672325507493724e-03,-6.04672286883233857e-03,-6.23746788016649761e-07,-6.23746748173982810e-07,-2.49498699269593209e-06,-3.11873378071258174e-06,-3.11873374086991500e-06
1.96470000000000020e+01,1.96470000000000020e+01,4.74980673223401539e-01,-6.04393423348881242e-03,-6.04393384770450341e-03,-6.22999043634521622e-07,-6.22999003868493999e-07,-2.49199601547397600e-06,-3.11499505910849751e-06,-3.11499501934246989e-06
1.96542500000000011e+01,1.96542500000000011e+01,4.74936864806214110e-01,-6.04114752660223076e-03,-6.04114714128259865e-03,-6.22252471024409180e-07,-6.22252431335576541e-07,-2.48900972534230659e-06,-3.11126219636671598e-06,-3.11126215667788313e-06
1.96615000000000002e+01,1.96615000000000002e+01,4.74893076584265772e-01,-6.03836313165828642e-03,-6.03836274679279018e-03,-6.21507067920574372e-07,-6.21507028307748646e-07,-2.48602811323099416e-06,-3.10753518115156843e-06,-3.10753514153874281e-06
1.96687499999999993e+01,1.96687499999999993e+01,4.74849308540805148e-01,-6.03558104585744104e-03,-6.03558066146558849e-03,-6.20762832057663473e-07,-6.20762792522749955e-07,-2.48305117009099982e-06,-3.10381400214866319e-06,-3.10381396261374977e-06
1.96760000000000019e+01,1.96760000000000019e+01,4.74805560659100734e-01,-6.03280126647831594e-03,-6.03280088253583917e-03,-6.20019761183127354e-07,-6.20019721723527665e-07,-2.48007888689411108e-06,-3.10009864807723833e-06,-3.10009860861763886e-06
1.96832500000000010e+01,1.96832500000000010e+01,4.74761832922441229e-01,-6.03002379072137273e-03,-6.03002340724272199e-03,-6.19277853041126061e-07,-6.19277813658224147e-07,-2.47711125463289616e-06,-3.09638910767402233e-06,-3.09638906829112042e-06
1.96905000000000001e+01,1.96905000000000001e+01,4.74718125314135264e-01,-6.02724861585102190e-03,-6.02724823282973100e-03,-6.18537105387129856e-07,-6.18537066080159787e-07,-2.47414826432063957e-06,-3.09268536970776953e-06,-3.09268533040079946e-06
1.96977499999999992e+01,1.96977499999999992e+01,4.74674437817511397e-01,-6.02447573911035761e-03,-6.02447535654467448e-03,-6.17797515979141207e-07,-6.17797476747822403e-07,-2.47118990699128961e-06,-3.08898742297043071e-06,-3.08898738373911212e-06
1.97050000000000018e+01,1.97050000000000018e+01,4.74630770415918168e-01,-6.02170515774247406e-03,-6.02170477563966113e-03,-6.17059082579874944e-07,-6.17059043424850832e-07,-2.46823617369940333e-06,-3.08529525627927827e-06,-3.08529521712425406e-06
1.97122500000000009e+01,1.97122500000000009e+01,4.74587123092724106e-01,-6.01893686902599256e-03,-6.01893648737110258e-03,-6.16321802960386100e-07,-6.16321763880024343e-07,-2.46528705552009780e-06,-3.08160885848048369e-06,-3.08160881940012203e-06
1.97195000000000000e+01,1.97195000000000000e+01,4.74543495831317386e-01,-6.01617087019690189e-03,-6.01617048899968834e-03,-6.15585674892046077e-07,-6.15585635887245588e-07,-2.46234254354898235e-06,-3.07792821844102833e-06,-3.07792817943622794e-06
1.97267500000000027e+01,1.97267500000000027e+01,4.74499888615106280e-01,-6.01340715853382335e-03,-6.01340677779038917e-03,-6.14850696155266870e-07,-6.14850657225528747e-07,-2.45940262890211499e-06,-3.07425332505738175e-06,-3.07425328612764373e-06
1.97340000000000018e+01,1.97340000000000018e+01,4.74456301427518712e-01,-6.01064573129406199e-03,-6.01064535101244937e-03,-6.14116864532940162e-07,-6.14116825678986289e-07,-2.45646730271594516e-06,-3.07058416724888511e-06,-3.07058412839493155e-06
1.97412500000000009e+01,1.97412500000000009e+01,4.74412734252002477e-01,-6.00788658577044998e-03,-6.00788620593937107e-03,-6.13384177816237068e-07,-6.13384139036814259e-07,-2.45353655614725703e-06,-3.06692073396349400e-06,-3.06692069518407129e-06
1.97484999999999999e+01,1.97484999999999999e+01,4.74369187072025078e-01,-6.00512971922739780e-03,-6.00512933984891344e-03,-6.12652633798059506e-07,-6.12652595093279040e-07,-2.45061038037311616e-06,-3.06326301417117588e-06,-3.06326297546639499e-06
1.97557500000000026e+01,1.97557500000000026e+01,4.74325659871073668e-01,-6.00237512895063219e-03,-6.00237475002307706e-03,-6.11922230278111071e-07,-6.11922191647704015e-07,-2.44768876659081606e-06,-3.05961099686892703e-06,-3.05961095823851987e-06
1.97630000000000017e+01,1.97630000000000017e+01,4.74282152632655274e-01,-5.99962281222587990e-03,-5.99962243374810560e-03,-6.11192965060706816e-07,-6.11192926504457495e-07,-2.44477170601782956e-06,-3.05596467107853637e-06,-3.05596463252228694e-06
1.97702500000000008e+01,1.97702500000000008e+01,4.74238665340296461e-01,-5.99687276633886768e-03,-5.99687238831446770e-03,-6.10464835954760442e-07,-6.10464797472936200e-07,-2.44185918989174565e-06,-3.05232402584650587e-06,-3.05232398736468184e-06
1.97774999999999999e+01,1.97774999999999999e+01,4.74195197977543392e-01,-5.99412498858242770e-03,-5.99412461101685515e-03,-6.09737840774498027e-07,-6.09737802367554992e-07,-2.43895120947021997e-06,-3.04868905024471800e-06,-3.04868901183777507e-06
1.97847500000000025e+01,1.97847500000000025e+01,4.74151750527961935e-01,-5.99137947627070844e-03,-5.99137909915416992e-03,-6.09011977340887930e-07,-6.09011939007731099e-07,-2.43604775603092440e-06,-3.04505973337181212e-06,-3.04505969503865550e-06
1.97920000000000016e+01,1.97920000000000016e+01,4.74108322975137386e-01,-5.98863622670364748e-03,-5.98863585002952416e-03,-6.08287243478014210e-07,-6.08287205217873525e-07,-2.43314882087149410e-06,-3.04143606434950842e-06,-3.04143602608936773e-06
1.97992500000000007e+01,1.97992500000000007e+01,4.74064915302674694e-01,-5.98589523717407701e-03,-5.98589486095022112e-03,-6.07563637013791000e-07,-6.07563598827366852e-07,-2.43025439530946741e-06,-3.03781803232325841e-06,-3.03781799413683415e-06
1.98064999999999998e+01,1.98064999999999998e+01,4.74021527494198347e-01,-5.98315650500325091e-03,-5.98315612922775773e-03,-6.06841155783558794e-07,-6.06841117670560331e-07,-2.42736447068224217e-06,-3.03420562646580075e-06,-3.03420558835280240e-06
1.98137500000000024e+01,1.98137500000000024e+01,4.73978159533352095e-01,-5.98042002751242308e-03,-5.98041965217780639e-03,-6.06119797627181875e-07,-6.06119759586753172e-07,-2.42447903834701269e-06,-3.03059883597419456e-06,-3.03059879793376576e-06
1.98210000000000015e+01,1.98210000000000015e+01,4.73934811403799450e-01,-5.97768580200153110e-03,-5.97768542712021848e-03,-6.05399560386879387e-07,-6.05399522420182996e-07,-2.42159808968073241e-06,-3.02699765006761158e-06,-3.02699761210091530e-06
1.98282500000000006e+01,1.98282500000000006e+01,4.73891483089223020e-01,-5.97495382582025059e-03,-5.97495345137900435e-03,-6.04680441914412510e-07,-6.04680404020011122e-07,-2.41872161608004449e-06,-3.02340205799445721e-06,-3.02340202010005561e-06
1.98354999999999997e+01,1.98354999999999997e+01,4.73848174573325065e-01,-5.97222409628272999e-03,-5.97222372228233597e-03,-6.03962440062432866e-07,-6.03962402240310494e-07,-2.41584960896124113e-06,-3.01981204902367400e-06,-3.01981201120155141e-06
1.98427500000000023e+01,1.98427500000000023e+01,4.73804885839826995e-01,-5.96949661071732862e-03,-5.96949623716252695e-03,-6.03245552689511570e-07,-6.03245514940051708e-07,-2.41298205976020683e-06,-3.01622761244971840e-06,-3.01622757470025854e-06
1.98500000000000014e+01,1.98500000000000014e+01,4.73761616872469704e-01,-5.96677136646661666e-03,-5.96677099335604123e-03,-6.02529777660124084e-07,-6.02529739983092633e-07,-2.41011895993237053e-06,-3.01264873759249472e-06,-3.01264869991546338e-06
1.98572500000000005e+01,1.98572500000000005e+01,4.73718367655013239e-01,-5.96404836086605883e-03,-5.96404798820346794e-03,-6.01815112842481179e-07,-6.01815075238161789e-07,-2.40726030095264716e-06,-3.00907541379512823e-06,-3.00907537619080873e-06
1.98644999999999996e+01,1.98644999999999996e+01,4.73675138171237076e-01,-5.96132759127243617e-03,-5.96132721904952395e-03,-6.01101556111389156e-07,-6.01101518578848185e-07,-2.40440607431539316e-06,-3.00550763042678242e-06,-3.00550759289424135e-06
1.98717500000000022e+01,1.98717500000000022e+01,4.73631928404939784e-01,-5.95860905502121341e-03,-5.95860868324304266e-03,-6.00389105343934208e-07,-6.00389067883587126e-07,-2.40155627153434850e-06,-3.00194537687828282e-06,-3.00194533941793563e-06
1.98790000000000013e+01,1.98790000000000013e+01,4.73588738339939197e-01,-5.95589274947627700e-03,-5.95589237813696788e-03,-5.99677758424489133e-07,-5.99677721035648571e-07,-2.39871088414259386e-06,-2.99838864256708310e-06,-2.99838860517824243e-06
1.98862500000000004e+01,1.98862500000000004e+01,4.73545567960072356e-01,-5.95317867199440798e-03,-5.95317830108834430e-03,-5.98967513241116294e-07,-5.98967475923122944e-07,-2.39586990369249178e-06,-2.99483741693360807e-06,-2.99483737961561493e-06
1.98934999999999995e+01,1.98934999999999995e+01,4.73502417249195340e-01,-5.95046681992528192e-03,-5.95046644945830712e-03,-5.98258367685561380e-07,-5.98258330438909274e-07,-2.39303332175563710e-06,-2.99129168944119858e-06,-2.99129165219454637e-06
1.99007500000000022e+01,1.99007500000000022e+01,4.73459286191183437e-01,-5.94775719063989072e-03,-5.94775682061207938e-03,-5.97550319656099432e-07,-5.97550282480702068e-07,-2.39020112992280869e-06,-2.98775144957890802e-06,-2.98775141240351076e-06
1.99080000000000013e+01,1.99080000000000013e+01,4.73416174769931086e-01,-5.94504978150922625e-03,-5.94504941191896508e-03,-5.96843367055378618e-07,-5.96843329950980191e-07,-2.38737331980392076e-06,-2.98421668685929959e-06,-2.98421664975490106e-06
1.99152500000000003e+01,1.99152500000000003e+01,4.73373082969351600e-01,-5.94234458989717496e-03,-5.94234422075233266e-03,-5.96137507789695063e-07,-5.96137470756991410e-07,-2.38454988302796564e-06,-2.98068739081766070e-06,-2.98068735378495716e-06
1.99224999999999994e+01,1.99224999999999994e+01,4.73330010773377496e-01,-5.93964161319604500e-03,-5.93964124448961590e-03,-5.95432739772547955e-07,-5.95432702810742231e-07,-2.38173081124296850e-06,-2.97716355101551645e-06,-2.97716351405371084e-06
1.99297500000000021e+01,1.99297500000000021e+01,4.73286958165960170e-01,-5.93694084879103912e-03,-5.93694048051230088e-03,-5.94729060921058926e-07,-5.94729024028983812e-07,-2.37891609611593525e-06,-2.97364515703699417e-06,-2.97364512014491885e-06
1.99370000000000012e+01,1.99370000000000012e+01,4.73243925131069998e-01,-5.93424229405314918e-03,-5.93424192620592341e-03,-5.94026469155255033e-07,-5.94026432333201275e-07,-2.37610572933280510e-06,-2.97013219848806024e-06,-2.97013216166600659e-06
1.99442500000000003e+01,1.99442500000000003e+01,4.73200911652696454e-01,-5.93154594636757793e-03,-5.93154557896005685e-03,-5.93324962400904104e-07,-5.93324925649599302e-07,-2.37329970259839678e-06,-2.96662466499930089e-06,-2.96662462824799608e-06
1.99514999999999993e+01,1.99514999999999993e+01,4.73157917714847664e-01,-5.92885180314084437e-03,-5.92885143616830434e-03,-5.92624538590211730e-07,-5.92624501909090384e-07,-2.37049800763636153e-06,-2.96312254622657316e-06,-2.96312250954545181e-06
1.99587500000000020e+01,1.99587500000000020e+01,4.73114943301550850e-01,-5.92615986177236209e-03,-5.92615949522829356e-03,-5.91925195658962854e-07,-5.91925159047282751e-07,-2.36770063618913101e-06,-2.95962583184809407e-06,-2.95962579523641376e-06
1.99660000000000011e+01,1.99660000000000011e+01,4.73071988396851995e-01,-5.92347011965443926e-03,-5.92346975354167068e-03,-5.91226931546516476e-07,-5.91226895004468516e-07,-2.36490758001787406e-06,-2.95613451156439065e-06,-2.95613447502234237e-06
1.99732500000000002e+01,1.99732500000000002e+01,4.73029052984815901e-01,-5.92078257418648946e-03,-5.92078220851408651e-03,-5.90529744197212569e-07,-5.90529707725609799e-07,-2.36211883090243877e-06,-2.95264857509965134e-06,-2.95264853862804868e-06
1.99804999999999993e+01,1.99804999999999993e+01,4.72986137049526245e-01,-5.91809722280345341e-03,-5.91809685755519468e-03,-5.89833631563194507e-07,-5.89833595160327402e-07,-2.35933438064130918e-06,-2.94916801220450348e-06,-2.94916797580163669e-06
1.99877500000000019e+01,1.99877500000000019e+01,4.72943240575085300e-01,-5.91541406289763927e-03,-5.91541369807863874e-03,-5.89138591596600474e-07,-5.89138555262888209e-07,-2.35655422105155326e-06,-2.94569281264815363e-06,-2.94569277631444157e-06
1.99950000000000010e+01,1.99950000000000010e+01,4.72900363545614211e-01,-5.91273309188977692e-03,-5.91273272750205293e-03,-5.88444622256641697e-07,-5.88444585992194598e-07,-2.35377834396877881e-06,-2.94222296622542051e-06,-2.94222292996097331e-06
2.00022500000000001e+01,2.00022500000000001e+01,4.72857505945252887e-01,-5.91005430720059621e-03,-5.91005394324704576e-03,-5.87751721506754403e-07,-5.87751685311769617e-07,-2.35100674124707847e-06,-2.93875846275383308e-06,-2.93875842655884809e-06
2.00095000000000027e+01,2.00095000000000027e+01,4.72814667758159723e-01,-5.90737770627214331e-03,-5.90737734273919478e-03,-5.87059887316708191e-07,-5.87059851189745868e-07,-2.34823940475898390e-06,-2.93529929207569219e-06,-2.93529925594872987e-06
2.00167500000000018e+01,2.00167500000000018e+01,4.72771848968511987e-01,-5.90470328651093723e-03,-5.90470292340804486e-03,-5.86369117656945309e-07,-5.86369081598855236e-07,-2.34547632639542137e-06,-2.93184544405236668e-06,-2.93184540799427660e-06
2.00240000000000009e+01,2.00240000000000009e+01,4.72729049560505377e-01,-5.90203104536612955e-03,-5.90203068268709257e-03,-5.85679410506337255e-07,-5.85679374516413958e-07,-2.34271749806565583e-06,-2.92839690857199288e-06,-2.92839687258206990e-06
2.00312500000000000e+01,2.00312500000000000e+01,4.72686269518354241e-01,-5.89936098025845013e-03,-5.89936061801378184e-03,-5.84990763845115438e-07,-5.84990727924312252e-07,-2.33996291169724816e-06,-2.92495367554236339e-06,-2.92495363962156041e-06
2.00385000000000026e+01,2.00385000000000026e+01,4.72643508826291581e-01,-5.89669308865126141e-03,-5.89669272682949702e-03,-5.84303175661911184e-07,-5.84303139809001395e-07,-2.33721255923600558e-06,-2.92151573489791677e-06,-2.92151569904500687e-06
2.00457500000000017e+01,2.00457500000000017e+01,4.72600767468568772e-01,-5.89402736797239868e-03,-5.89402700657955855e-03,-5.83616643945993004e-07,-5.83616608161483772e-07,-2.33446643264593509e-06,-2.91808307659192788e-06,-2.91808304080741886e-06
2.00530000000000008e+01,2.00530000000000008e+01,4.72558045429455897e-01,-5.89136381568522438e-03,-5.89136345471320821e-03,-5.82931166694297806e-07,-5.82931130977298371e-07,-2.33172452390919349e-06,-2.91465569060349129e-06,-2.91465565488649165e-06
2.00602499999999999e+01,2.00602499999999999e+01,4.72515342693241358e-01,-5.88870242922467924e-03,-5.88870206868360741e-03,-5.82246741905087791e-07,-5.82246706256510407e-07,-2.32898682502604120e-06,-2.91123356693112910e-06,-2.91123353128255150e-06
2.00675000000000026e+01,2.00675000000000026e+01,4.72472659244232041e-01,-5.88604320607544196e-03,-5.88604284594782586e-03,-5.81563367585671467e-07,-5.81563332003698719e-07,-2.32625332801479488e-06,-2.90781669560046634e-06,-2.90781666001849349e-06
2.00747500000000016e+01,2.00747500000000016e+01,4.72429995066753261e-01,-5.88338614366534784e-03,-5.88338578396683902e-03,-5.80881041741855028e-07,-5.80881006227945295e-07,-2.32352402491178118e-06,-2.90440506665363631e-06,-2.90440503113972637e-06
2.00820000000000007e+01,2.00820000000000007e+01,4.72387350145148821e-01,-5.88073123948618104e-03,-5.88073088020551766e-03,-5.80199762389868676e-07,-5.80199726942821924e-07,-2.32079890777128727e-06,-2.90099867016115595e-06,-2.90099863471410909e-06
2.00892499999999998e+01,2.00892499999999998e+01,4.72344724463780730e-01,-5.87807849099419855e-03,-5.87807813213261747e-03,-5.79519527546528020e-07,-5.79519492166378871e-07,-2.31807796866551506e-06,-2.89759749621204308e-06,-2.89759746083189404e-06
2.00965000000000025e+01,2.00965000000000025e+01,4.72302118007029426e-01,-5.87542789565986823e-03,-5.87542753722077645e-03,-5.78840335234136382e-07,-5.78840299921133229e-07,-2.31536119968453334e-06,-2.89420153491866993e-06,-2.89420149960566646e-06
2.01037500000000016e+01,2.01037500000000016e+01,4.72259530759293666e-01,-5.87277945096786880e-03,-5.87277909294651058e-03,-5.78162183480471884e-07,-5.78162148234058861e-07,-2.31264859293623544e-06,-2.89081077641670722e-06,-2.89081074117029452e-06
2.01110000000000007e+01,2.01110000000000007e+01,4.72216962704990417e-01,-5.87013315439577354e-03,-5.87013279679019472e-03,-5.77485070316673566e-07,-5.77485035136571576e-07,-2.30994014054628630e-06,-2.88742521086295998e-06,-2.88742517568285767e-06
2.01182499999999997e+01,2.01182499999999997e+01,4.72174413828555017e-01,-5.86748900341405033e-03,-5.86748864623606696e-03,-5.76808993777235885e-07,-5.76808958664520237e-07,-2.30723583465808095e-06,-2.88404482843531673e-06,-2.88404479332260097e-06
2.01255000000000024e+01,2.01255000000000024e+01,4.72131884114440847e-01,-5.86484699553579958e-03,-5.86484663877221389e-03,-5.76133951904886988e-07,-5.76133916858173100e-07,-2.30453566743269282e-06,-2.88066961933757971e-06,-2.88066958429086603e-06
2.01327500000000015e+01,2.01327500000000015e+01,4.72089373547119717e-01,-5.86220712823859458e-03,-5.86220677189057231e-03,-5.75459942742892887e-07,-5.75459907762209347e-07,-2.30183963104883739e-06,-2.87729957379173017e-06,-2.87729953881104695e-06
2.01400000000000006e+01,2.01400000000000006e+01,4.72046882111081423e-01,-5.85956939902132490e-03,-5.85956904308690928e-03,-5.74786964340634855e-07,-5.74786929425703729e-07,-2.29914771770281492e-06,-2.87393468204344977e-06,-2.87393464712851875e-06
2.01472499999999997e+01,2.01472499999999997e+01,4.72004409790833968e-01,-5.85693380536866925e-03,-5.85693344986082474e-03,-5.74115014750111176e-07,-5.74114979902117676e-07,-2.29645991960847071e-06,-2.87057493435858209e-06,-2.87057489951058828e-06
2.01545000000000023e+01,2.01545000000000023e+01,4.71961956570903507e-01,-5.85430034481504435e-03,-5.85429998971573936e-03,-5.73444092032196410e-07,-5.73444057249287015e-07,-2.29377622899714806e-06,-2.86722032102934437e-06,-2.86722028624643529e-06
2.01617500000000014e+01,2.01617500000000014e+01,4.71919522435834182e-01,-5.85166901484512891e-03,-5.85166866015889194e-03,-5.72774194246877844e-07,-5.72774159529411274e-07,-2.29109663811764467e-06,-2.86387083236452262e-06,-2.86387079764705573e-06
2.01690000000000005e+01,2.01690000000000005e+01,4.71877107370188287e-01,-5.84903981297202336e-03,-5.84903945870132724e-03,-5.72105319460908233e-07,-5.72105284809041188e-07,-2.28842113923616475e-06,-2.86052645869707299e-06,-2.86052642404520583e-06
2.01762499999999996e+01,2.01762499999999996e+01,4.71834711358546099e-01,-5.84641273671593353e-03,-5.84641238285789084e-03,-5.71437465745702822e-07,-5.71437431159067902e-07,-2.28574972463627161e-06,-2.85718719038197443e-06,-2.85718715579533941e-06
2.01835000000000022e+01,2.01835000000000022e+01,4.71792334385505940e-01,-5.84378778358995987e-03,-5.84378743014722299e-03,-5.70770631175940583e-07,-5.70770596654711959e-07,-2.28308238661884826e-06,-2.85385301779478884e-06,-2.85385298327356043e-06
2.01907500000000013e+01,2.01907500000000013e+01,4.71749976435684060e-01,-5.84116495112141365e-03,-5.84116459809174999e-03,-5.70104813831637215e-07,-5.70104779375512073e-07,-2.28041911750204829e-06,-2.85052393133368540e-06,-2.85052389687756037e-06
2.01980000000000004e+01,2.01980000000000004e+01,4.71707637493714693e-01,-5.83854423683760615e-03,-5.83854388421767810e-03,-5.69440011796744901e-07,-5.69439977405313171e-07,-2.27775990962125269e-06,-2.84719992141799769e-06,-2.84719988702656607e-06
2.02052499999999995e+01,2.02052499999999995e+01,4.71665317544249951e-01,-5.83592563825874322e-03,-5.83592528605498487e-03,-5.68776223158450746e-07,-5.68776188832255376e-07,-2.27510475532902235e-06,-2.84388097848747320e-06,-2.84388094416127794e-06
2.02125000000000021e+01,2.02125000000000021e+01,4.71623016571959874e-01,-5.83330915293345242e-03,-5.83330880113741308e-03,-5.68113446010630346e-07,-5.68113411748763634e-07,-2.27245364699505454e-06,-2.84056709300568478e-06,-2.84056705874381828e-06
2.02197500000000012e+01,2.02197500000000012e+01,4.71580734561532378e-01,-5.83069477838904504e-03,-5.83069442700246462e-03,-5.67451678448988145e-07,-5.67451644251536172e-07,-2.26980657700614469e-06,-2.83725825545513262e-06,-2.83725822125768086e-06
2.02270000000000003e+01,2.02270000000000003e+01,4.71538471497673195e-01,-5.82808251217414863e-03,-5.82808216119139275e-03,-5.66790918575201761e-07,-5.66790884441532850e-07,-2.26716353776613140e-06,-2.83395445634133337e-06,-2.83395442220766404e-06
2.02342499999999994e+01,2.02342499999999994e+01,4.71496227365105935e-01,-5.82547235181607448e-03,-5.82547200124919340e-03,-5.66131164492761776e-07,-5.66131130423964472e-07,-2.26452452169585789e-06,-2.83065568618861966e-06,-2.83065565211982247e-06
2.02415000000000020e+01,2.02415000000000020e+01,4.71454002148571860e-01,-5.82286429489187185e-03,-5.82286394472459820e-03,-5.65472414313871356e-07,-5.65472380308281663e-07,-2.26188952123312665e-06,-2.82736193554699811e-06,-2.82736190154140821e-06
2.02487500000000011e+01,2.02487500000000011e+01,4.71411795832830050e-01,-5.82025833892885203e-03,-5.82025798917007280e-03,-5.64814666149766355e-07,-5.64814632208165130e-07,-2.25925852883266010e-06,-2.82407319498242667e-06,-2.82407316104082544e-06
2.02560000000000002e+01,2.02560000000000002e+01,4.71369608402657458e-01,-5.81765448148985342e-03,-5.81765413214180294e-03,-5.64157918118991462e-07,-5.64157884241512219e-07,-2.25663153696604888e-06,-2.82078945508504013e-06,-2.82078942120756099e-06
2.02632499999999993e+01,2.02632499999999993e+01,4.71327439842848472e-01,-5.81505272013771446e-03,-5.81505237119969015e-03,-5.63502168343936047e-07,-5.63502134530427803e-07,-2.25400853812171164e-06,-2.81751070646564768e-06,-2.81751067265213944e-06
2.02705000000000020e+01,2.02705000000000020e+01,4.71285290138215407e-01,-5.81245305244237898e-03,-5.81245270390734481e-03,-5.62847414951514439e-07,-5.62847381201212958e-07,-2.25138952480485183e-06,-2.81423693975636606e-06,-2.81423690600606468e-06
2.02777500000000011e+01,2.02777500000000011e+01,4.71243159273588064e-01,-5.80985547596668539e-03,-5.80985512783208265e-03,-5.62193656071778374e-07,-5.62193622384354266e-07,-2.24877448953741706e-06,-2.81096814560919523e-06,-2.81096811192177122e-06
2.02850000000000001e+01,2.02850000000000001e+01,4.71201047233813897e-01,-5.80725998827347212e-03,-5.80725964054490829e-03,-5.61540889838597908e-07,-5.61540856214512278e-07,-2.24616342485804953e-06,-2.80770431469664734e-06,-2.80770428107256192e-06
2.02922499999999992e+01,2.02922499999999992e+01,4.71158954003758124e-01,-5.80466658693978843e-03,-5.80466623962052220e-03,-5.60889114391025670e-07,-5.60889080830511450e-07,-2.24355632332204622e-06,-2.80444543771307189e-06,-2.80444540415255757e-06
2.02995000000000019e+01,2.02995000000000019e+01,4.71116879568303226e-01,-5.80207526955689445e-03,-5.80207492263729637e-03,-5.60238327873283516e-07,-5.60238294375328609e-07,-2.24095317750131486e-06,-2.80119150537459816e-06,-2.80119147187664357e-06
2.03067500000000010e+01,2.03067500000000010e+01,4.71074823912349505e-01,-5.79948603369473403e-03,-5.79948568717728648e-03,-5.59588528431320510e-07,-5.59588494996083733e-07,-2.23835397998433536e-06,-2.79794250841565597e-06,-2.79794247498041909e-06
2.03140000000000001e+01,2.03140000000000001e+01,4.71032787020814636e-01,-5.79689887694456729e-03,-5.79689853082621109e-03,-5.58939714216921666e-07,-5.58939680844027150e-07,-2.23575872337610860e-06,-2.79469843759303048e-06,-2.79469840422013564e-06
2.03212500000000027e+01,2.03212500000000027e+01,4.70990768878633836e-01,-5.79431379689054893e-03,-5.79431345117344902e-03,-5.58291883384954352e-07,-5.58291850074530104e-07,-2.23316740029811999e-06,-2.79145928368307456e-06,-2.79145925037265010e-06
2.03285000000000018e+01,2.03285000000000018e+01,4.70948769470759754e-01,-5.79173079112393907e-03,-5.79173044581203413e-03,-5.57645034094729577e-07,-5.57645000847074281e-07,-2.23058000338829713e-06,-2.78822503748302681e-06,-2.78822500423537130e-06
2.03357500000000009e+01,2.03357500000000009e+01,4.70906788782162522e-01,-5.78914985725020870e-03,-5.78914951233864584e-03,-5.56999164510674850e-07,-5.56999131325240583e-07,-2.22799652530096276e-06,-2.78499568981163750e-06,-2.78499565662620334e-06
2.03430000000000000e+01,2.03430000000000000e+01,4.70864826797829594e-01,-5.78657099286772336e-03,-5.78657064835360561e-03,-5.56354272800270813e-07,-5.56354239676698645e-07,-2.22541695870679458e-06,-2.78177123150706539e-06,-2.78177119838349344e-06
2.03502500000000026e+01,2.03502500000000026e+01,4.70822883502765910e-01,-5.78399419558195405e-03,-5.78399385146086478e-03,-5.55710357135410197e-07,-5.55710324073196354e-07,-2.22284129629278542e-06,-2.77855165342819572e-06,-2.77855162036598198e-06
2.03575000000000017e+01,2.03575000000000017e+01,4.70780958881993727e-01,-5.78141946298416087e-03,-5.78141911926800551e-03,-5.55067415690341434e-07,-5.55067382690549684e-07,-2.22026953076219874e-06,-2.77533694645254038e-06,-2.77533691345274832e-06
2.03647500000000008e+01,2.03647500000000008e+01,4.70739052920552625e-01,-5.77884679270823653e-03,-5.77884644938622596e-03,-5.54425446647116780e-07,-5.54425413708631687e-07,-2.21770165483452675e-06,-2.77212710148164332e-06,-2.77212706854315865e-06
2.03719999999999999e+01,2.03719999999999999e+01,4.70697165603499446e-01,-5.77627618235965201e-03,-5.77627583943033859e-03,-5.53784448188758448e-07,-5.53784415311362218e-07,-2.21513766124544845e-06,-2.76892210943420679e-06,-2.76892207655681056e-06
2.03792500000000025e+01,2.03792500000000025e+01,4.70655296915908461e-01,-5.77370762954387828e-03,-5.77370728701876151e-03,-5.53144418501981186e-07,-5.53144385686697035e-07,-2.21257754274678814e-06,-2.76572196124876933e-06,-2.76572192843348518e-06
2.03865000000000016e+01,2.03865000000000016e+01,4.70613446842871042e-01,-5.77114113190901890e-03,-5.77114078977351407e-03,-5.52505355781267457e-07,-5.52505323026619007e-07,-2.21002129210647603e-06,-2.76252664788774348e-06,-2.76252661513309503e-06
2.03937500000000007e+01,2.03937500000000007e+01,4.70571615369495821e-01,-5.76857668706054483e-03,-5.76857634532020568e-03,-5.51867258220684995e-07,-5.51867225527125726e-07,-2.20746890210850290e-06,-2.75933616032918779e-06,-2.75933612763562863e-06
2.04009999999999998e+01,2.04009999999999998e+01,4.70529802480908699e-01,-5.76601429262524334e-03,-5.76601395128803398e-03,-5.51230124020007467e-07,-5.51230091388220087e-07,-2.20492036555288035e-06,-2.75615048957288760e-06,-2.75615045694110044e-06
2.04082500000000024e+01,2.04082500000000024e+01,4.70488008162252669e-01,-5.76345394625832341e-03,-5.76345360530977190e-03,-5.50593951385377169e-07,-5.50593918813899805e-07,-2.20237567525559880e-06,-2.75296962664097596e-06,-2.75296959406949839e-06
2.04155000000000015e+01,2.04155000000000015e+01,4.70446232398687991e-01,-5.76089564557236145e-03,-5.76089530502177198e-03,-5.49958738522504831e-07,-5.49958706012148094e-07,-2.19983482404859238e-06,-2.74979356257109721e-06,-2.74979353006074026e-06
2.04227500000000006e+01,2.04227500000000006e+01,4.70404475175391856e-01,-5.75833938822256641e-03,-5.75833904806394639e-03,-5.49324483644808021e-07,-5.49324451194921708e-07,-2.19729780477968725e-06,-2.74662228842449527e-06,-2.74662225597460886e-06
2.04299999999999997e+01,2.04299999999999997e+01,4.70362736477558718e-01,-5.75578517184993643e-03,-5.75578483207976870e-03,-5.48691184967970649e-07,-5.48691152578141830e-07,-2.19476461031256774e-06,-2.74345579528053850e-06,-2.74345576289070968e-06
2.04372500000000024e+01,2.04372500000000024e+01,4.70321016290400018e-01,-5.75323299409546962e-03,-5.75323265471626519e-03,-5.48058840711292608e-07,-5.48058808381683597e-07,-2.19223523352673439e-06,-2.74029407423802700e-06,-2.74029404190841798e-06
2.04445000000000014e+01,2.04445000000000014e+01,4.70279314599144294e-01,-5.75068285261437495e-03,-5.75068251362400966e-03,-5.47427449099035181e-07,-5.47427416829366351e-07,-2.18970966731746540e-06,-2.73713711641650048e-06,-2.73713708414683175e-06
2.04517500000000005e+01,2.04517500000000005e+01,4.70237631389037125e-01,-5.74813474505475597e-03,-5.74813440645711386e-03,-5.46797008358378844e-07,-5.46796976148942950e-07,-2.18718790459577138e-06,-2.73398491295415033e-06,-2.73398488074471454e-06
2.04589999999999996e+01,2.04589999999999996e+01,4.70195966645341024e-01,-5.74558866907182164e-03,-5.74558833087322231e-03,-5.46167516720768884e-07,-5.46167484572089287e-07,-2.18466993828835715e-06,-2.73083745500912614e-06,-2.73083742286044633e-06
2.04662500000000023e+01,2.04662500000000023e+01,4.70154320353335486e-01,-5.74304462234920265e-03,-5.74304428453350536e-03,-5.45538972423929855e-07,-5.45538940334395392e-07,-2.18215576133758157e-06,-2.72769473376151142e-06,-2.72769470167197696e-06
2.04735000000000014e+01,2.04735000000000014e+01,4.70112692498316942e-01,-5.74050260253500255e-03,-5.74050226510265573e-03,-5.44911373705777423e-07,-5.44911341675354848e-07,-2.17964536670141982e-06,-2.72455674040719703e-06,-2.72455670837677488e-06
2.04807500000000005e+01,2.04807500000000005e+01,4.70071083065598749e-01,-5.73796260729153573e-03,-5.73796227024887719e-03,-5.44284718809139621e-07,-5.44284686838354624e-07,-2.17713874735341892e-06,-2.72142346616255843e-06,-2.72142343419177333e-06
2.04879999999999995e+01,2.04879999999999995e+01,4.70029492040511254e-01,-5.73542463430243288e-03,-5.73542429764388028e-03,-5.43659005982417852e-07,-5.43658974070664805e-07,-2.17463589628265922e-06,-2.71829490226507707e-06,-2.71829487035332381e-06
2.04952500000000022e+01,2.04952500000000022e+01,4.69987919408401400e-01,-5.73288868123000839e-03,-5.73288834496287359e-03,-5.43034233475532782e-07,-5.43034201623428854e-07,-2.17213680649371542e-06,-2.71517103996924830e-06,-2.71517100811714438e-06
2.05025000000000013e+01,2.05025000000000013e+01,4.69946365154633394e-01,-5.73035474575789294e-03,-5.73035440988456726e-03,-5.42410399543960022e-07,-5.42410367751655137e-07,-2.16964147100662097e-06,-2.71205187055058110e-06,-2.71205183875827600e-06
2.05097500000000004e+01,2.05097500000000004e+01,4.69904829264587875e-01,-5.72782282558392808e-03,-5.72782249009115042e-03,-5.41787502448041069e-07,-5.41787470714204434e-07,-2.16714988285681731e-06,-2.70893738530485817e-06,-2.70893735357102164e-06
2.05169999999999995e+01,2.05169999999999995e+01,4.69863311723662413e-01,-5.72529291837753362e-03,-5.72529258326829465e-03,-5.41165540448942009e-07,-5.41165508773781358e-07,-2.16466203509512586e-06,-2.70582757554406808e-06,-2.70582754386890721e-06
2.05242500000000021e+01,2.05242500000000021e+01,4.69821812517271342e-01,-5.72276502183655111e-03,-5.72276468710514793e-03,-5.40544511814023174e-07,-5.40544480196925148e-07,-2.16217792078770059e-06,-2.70272243260172377e-06,-2.70272240098462574e-06
2.05315000000000012e+01,2.05315000000000012e+01,4.69780331630845815e-01,-5.72023913363750580e-03,-5.72023879929432592e-03,-5.39924414812128471e-07,-5.39924383253999291e-07,-2.15969753301599716e-06,-2.69962194782812553e-06,-2.69962191626999667e-06
2.05387500000000003e+01,2.05387500000000003e+01,4.69738869049833641e-01,-5.71771525149245008e-03,-5.71771491753190510e-03,-5.39305247718944142e-07,-5.39305216219181250e-07,-2.15722086487672458e-06,-2.69652611259566851e-06,-2.69652608109590572e-06
2.05459999999999994e+01,2.05459999999999994e+01,4.69697424759699222e-01,-5.71519337308501463e-03,-5.71519303951741487e-03,-5.38687008810952216e-07,-5.38686977370453043e-07,-2.15474790948181175e-06,-2.69343491829276397e-06,-2.69343488685226469e-06
2.05532500000000020e+01,2.05532500000000020e+01,4.69655998745923786e-01,-5.71267349615567355e-03,-5.71267316295383590e-03,-5.38069696373463241e-07,-5.38069664989591609e-07,-2.15227865995836686e-06,-2.69034835633183020e-06,-2.69034832494795847e-06
2.05605000000000011e+01,2.05605000000000011e+01,4.69614590994005099e-01,-5.71015561835963581e-03,-5.71015528554759226e-03,-5.37453308687214209e-07,-5.37453277362160015e-07,-2.14981310944864006e-06,-2.68726641813585437e-06,-2.68726638681080018e-06
2.05677500000000002e+01,2.05677500000000002e+01,4.69573201489457581e-01,-5.70763973744448094e-03,-5.70763940500854019e-03,-5.36837844045095554e-07,-5.36837812777496028e-07,-2.14735125110998411e-06,-2.68418909515507945e-06,-2.68418906388747993e-06
2.05749999999999993e+01,2.05749999999999993e+01,4.69531830217812252e-01,-5.70512585110094506e-03,-5.70512551904996720e-03,-5.36223300738088496e-07,-5.36223269528703109e-07,-2.14489307811481244e-06,-2.68111637885290072e-06,-2.68111634764351565e-06
2.05822500000000019e+01,2.05822500000000019e+01,4.69490477164616615e-01,-5.70261395706239682e-03,-5.70261362538858167e-03,-5.35609677064619465e-07,-5.35609645912641313e-07,-2.14243858365056567e-06,-2.67804826071518524e-06,-2.67804822956320699e-06
2.05895000000000010e+01,2.05895000000000010e+01,4.69449142315434886e-01,-5.70010405303378320e-03,-5.70010372174451635e-03,-5.34996971323868960e-07,-5.34996940229918177e-07,-2.13998776091967313e-06,-2.67498473224354220e-06,-2.67498470114959120e-06
2.05967500000000001e+01,2.05967500000000001e+01,4.69407825655847655e-01,-5.69759613674847287e-03,-5.69759580584130575e-03,-5.34385181821104367e-07,-5.34385150784877397e-07,-2.13754060313951001e-06,-2.67192578496061427e-06,-2.67192575392438730e-06
2.06040000000000028e+01,2.06040000000000028e+01,4.69366527171451997e-01,-5.69509020593983450e-03,-5.69508987540589141e-03,-5.33774306864998884e-07,-5.33774275885590248e-07,-2.13509710354236057e-06,-2.66887141040735956e-06,-2.66887137942795071e-06
2.06112500000000018e+01,2.06112500000000018e+01,4.69325246847861532e-01,-5.69258625831992049e-03,-5.69258592816861576e-03,-5.33164344765627866e-07,-5.33164313843847117e-07,-2.13265725537538762e-06,-2.66582160014101527e-06,-2.66582156921923474e-06
2.06185000000000009e+01,2.06185000000000009e+01,4.69283984670706311e-01,-5.69008429163631035e-03,-5.69008396186320917e-03,-5.32555293839787345e-07,-5.32555262975145957e-07,-2.13022105190058340e-06,-2.66277634574037054e-06,-2.66277631487572915e-06
2.06257500000000000e+01,2.06257500000000000e+01,4.69242740625632759e-01,-5.68758430362947820e-03,-5.68758397422678905e-03,-5.31947152406987884e-07,-5.31947121598684562e-07,-2.12778848639473825e-06,-2.65973563880172603e-06,-2.65973560799342292e-06
2.06330000000000027e+01,2.06330000000000027e+01,4.69201514698303679e-01,-5.68508629202568727e-03,-5.68508596299985031e-03,-5.31339918788784992e-07,-5.31339888037349980e-07,-2.12535955214939992e-06,-2.65669947093818502e-06,-2.65669944018675001e-06
2.06402500000000018e+01,2.06402500000000018e+01,4.69160306874398358e-01,-5.68259025457251710e-03,-5.68258992592626452e-03,-5.30733591312094310e-07,-5.30733560617710567e-07,-2.12293424247084269e-06,-2.65366783378293690e-06,-2.65366780308855337e-06
2.06475000000000009e+01,2.06475000000000009e+01,4.69119117139612296e-01,-5.68009618902465263e-03,-5.68009586075326686e-03,-5.30128168307850228e-07,-5.30128137670004982e-07,-2.12051255068001950e-06,-2.65064071898786973e-06,-2.65064068835002438e-06
2.06547499999999999e+01,2.06547499999999999e+01,4.69077945479657477e-01,-5.67760409312256797e-03,-5.67760376523145354e-03,-5.29523648109008049e-07,-5.29523617528133392e-07,-2.11809447011253399e-06,-2.64761811822154204e-06,-2.64761808764066728e-06
2.06620000000000026e+01,2.06620000000000026e+01,4.69036791880261927e-01,-5.67511396464226436e-03,-5.67511363711477399e-03,-5.28920029055176520e-07,-5.28919998529648690e-07,-2.11567999411859476e-06,-2.64460002317377117e-06,-2.64459999264824366e-06
2.06692500000000017e+01,2.06692500000000017e+01,4.68995656327170163e-01,-5.67262580131711047e-03,-5.67262547416053000e-03,-5.28317309485320009e-07,-5.28317279015747280e-07,-2.11326911606298912e-06,-2.64158642554830902e-06,-2.64158639507873651e-06
2.06765000000000008e+01,2.06765000000000008e+01,4.68954538806142851e-01,-5.67013960090889668e-03,-5.67013927412936009e-03,-5.27715487744376264e-07,-5.27715457331258705e-07,-2.11086182932503482e-06,-2.63857731706941119e-06,-2.63857728665629342e-06
2.06837499999999999e+01,2.06837499999999999e+01,4.68913439302956980e-01,-5.66765536118651880e-03,-5.66765503478524214e-03,-5.27114562181258266e-07,-5.27114531824637169e-07,-2.10845812729854910e-06,-2.63557268947980747e-06,-2.63557265912318638e-06
2.06910000000000025e+01,2.06910000000000025e+01,4.68872357803405526e-01,-5.66517307993308350e-03,-5.66517275389547947e-03,-5.26514531149504220e-07,-5.26514500847952335e-07,-2.10605800339180892e-06,-2.63257253454131303e-06,-2.63257250423976136e-06
2.06982500000000016e+01,2.06982500000000016e+01,4.68831294293297896e-01,-5.66269275489617030e-03,-5.66269242923070609e-03,-5.25915393002646823e-07,-5.25915362756880634e-07,-2.10366145102752296e-06,-2.62957684403016968e-06,-2.62957681378440359e-06
2.07055000000000007e+01,2.07055000000000007e+01,4.68790248758459538e-01,-5.66021438385888587e-03,-5.66021405856486845e-03,-5.25317146100810386e-07,-5.25317115910695108e-07,-2.10126846364278043e-06,-2.62658560974359092e-06,-2.62658557955347575e-06
2.07127499999999998e+01,2.07127499999999998e+01,4.68749221184731946e-01,-5.65773796459723144e-03,-5.65773763967522374e-03,-5.24719788806739300e-07,-5.24719758672256512e-07,-2.09887903468902605e-06,-2.62359882349576524e-06,-2.62359879336128235e-06
2.07200000000000024e+01,2.07200000000000024e+01,4.68708211557972820e-01,-5.65526349490141911e-03,-5.65526317034233551e-03,-5.24123319487767291e-07,-5.24123289408004525e-07,-2.09649315763201810e-06,-2.62061647711978518e-06,-2.62061644704002273e-06
2.07272500000000015e+01,2.07272500000000015e+01,4.68667219864055906e-01,-5.65279097254034468e-03,-5.65279064835006936e-03,-5.23527736512516313e-07,-5.23527706487949284e-07,-2.09411082595179714e-06,-2.61763856246431345e-06,-2.61763853243974621e-06
2.07345000000000006e+01,2.07345000000000006e+01,4.68626246088870990e-01,-5.65032039530422026e-03,-5.65032007148557908e-03,-5.22933038254840232e-07,-5.22933008285660793e-07,-2.09173203314264360e-06,-2.61466507139748394e-06,-2.61466504142830418e-06
2.07417499999999997e+01,2.07417499999999997e+01,4.68585290218323958e-01,-5.64785176099036335e-03,-5.64785143753931008e-03,-5.22339223092497630e-07,-5.22339193178261407e-07,-2.08935677271304521e-06,-2.61169599580554262e-06,-2.61169596589130651e-06
2.07490000000000023e+01,2.07490000000000023e+01,4.68544352238336625e-01,-5.64538506738898604e-03,-5.64538474430498552e-03,-5.21746289405827152e-07,-5.21746259546415242e-07,-2.08698503818566097e-06,-2.60873132759148812e-06,-2.60873129773207621e-06
2.07562500000000014e+01,2.07562500000000014e+01,4.68503432134846798e-01,-5.64292031229740587e-03,-5.64291998957960547e-03,-5.21154235579057122e-07,-5.21154205774321401e-07,-2.08461682309728603e-06,-2.60577105867634304e-06,-2.60577102887160753e-06
2.07635000000000005e+01,2.07635000000000005e+01,4.68462529893808322e-01,-5.64045749351294035e-03,-5.64045717116343995e-03,-5.20563059999638085e-07,-5.20563030249703384e-07,-2.08225212099881311e-06,-2.60281518099845141e-06,-2.60281515124851639e-06
2.07707499999999996e+01,2.07707499999999996e+01,4.68421645501190864e-01,-5.63799660884711784e-03,-5.63799628686001766e-03,-5.19972761059546919e-07,-5.19972731363799774e-07,-2.07989092545519910e-06,-2.59986368651474623e-06,-2.59986365681899887e-06
2.07780000000000022e+01,2.07780000000000022e+01,4.68380778942980025e-01,-5.63553765609725588e-03,-5.63553733447612858e-03,-5.19383337152655525e-07,-5.19383307511356928e-07,-2.07753323004542771e-06,-2.59691656719808303e-06,-2.59691653755678464e-06
2.07852500000000013e+01,2.07852500000000013e+01,4.68339930205177446e-01,-5.63308063307488283e-03,-5.63308031182181354e-03,-5.18794786677346254e-07,-5.18794757090619555e-07,-2.07517902836247822e-06,-2.59397381503982458e-06,-2.59397378545309756e-06
2.07925000000000004e+01,2.07925000000000004e+01,4.68299099273800368e-01,-5.63062553760573792e-03,-5.63062521671035647e-03,-5.18207108036499097e-07,-5.18207078503320868e-07,-2.07282831401328390e-06,-2.59103542204978289e-06,-2.59103539251660487e-06
2.07997499999999995e+01,2.07997499999999995e+01,4.68258286134882185e-01,-5.62817236748003324e-03,-5.62817204695828348e-03,-5.17620299632906272e-07,-5.17620270154675388e-07,-2.07048108061870155e-06,-2.58810138025160793e-06,-2.58810135077337694e-06
2.08070000000000022e+01,2.08070000000000022e+01,4.68217490774471834e-01,-5.62572112055192974e-03,-5.62572080038534813e-03,-5.17034359878417955e-07,-5.17034330453368246e-07,-2.06813732181347298e-06,-2.58517168169189073e-06,-2.58517165226684112e-06
2.08142500000000013e+01,2.08142500000000013e+01,4.68176713178634185e-01,-5.62327179461874493e-03,-5.62327147481454011e-03,-5.16449287182822324e-07,-5.16449257811548832e-07,-2.06579703124619575e-06,-2.58224631842901807e-06,-2.58224628905774448e-06
2.08215000000000003e+01,2.08215000000000003e+01,4.68135953333449872e-01,-5.62082438752042890e-03,-5.62082406807206357e-03,-5.15865079962984733e-07,-5.15865050644819782e-07,-2.06346020257927913e-06,-2.57932528254226376e-06,-2.57932525322409870e-06
2.08287499999999994e+01,2.08287499999999994e+01,4.68095211225015184e-01,-5.61837889706851001e-03,-5.61837857798733967e-03,-5.15281736636311151e-07,-5.15281707372229360e-07,-2.06112682948891702e-06,-2.57640856612522828e-06,-2.57640853686114627e-06
2.08360000000000021e+01,2.08360000000000021e+01,4.68054486839442341e-01,-5.61593532111004379e-03,-5.61593500239300145e-03,-5.14699255626610484e-07,-5.14699226416262558e-07,-2.05879690566504981e-06,-2.57349616129166050e-06,-2.57349613208131258e-06
2.08432500000000012e+01,2.08432500000000012e+01,4.68013780162859050e-01,-5.61349365748498030e-03,-5.61349333912488507e-03,-5.14117635360172489e-07,-5.14117606202833155e-07,-2.05647042481133262e-06,-2.57058806017150500e-06,-2.57058803101416567e-06
2.08505000000000003e+01,2.08505000000000003e+01,4.67973091181408785e-01,-5.61105390402616422e-03,-5.61105358602202297e-03,-5.13536874265761955e-07,-5.13536845161273665e-07,-2.05414738064509424e-06,-2.56768425491085630e-06,-2.56768422580636801e-06
2.08577499999999993e+01,2.08577499999999993e+01,4.67932419881250727e-01,-5.60861605856644019e-03,-5.60861574092664291e-03,-5.12956970775263927e-07,-5.12956941724327602e-07,-2.05182776689731041e-06,-2.56478473767257423e-06,-2.56478470862163790e-06
2.08650000000000020e+01,2.08650000000000020e+01,4.67891766248559549e-01,-5.60618011896707458e-03,-5.60617980168415415e-03,-5.12377923326274996e-07,-5.12377894328140693e-07,-2.04951157731256277e-06,-2.56188950063883777e-06,-2.56188947164070336e-06
2.08722500000000011e+01,2.08722500000000011e+01,4.67851130269525683e-01,-5.60374608307512290e-03,-5.60374576614315265e-03,-5.11799730358192965e-07,-5.11799701412253150e-07,-2.04719880564901218e-06,-2.55899853600720504e-06,-2.55899850706126522e-06
2.08795000000000002e+01,2.08795000000000002e+01,4.67810511930355055e-01,-5.60131394872342980e-03,-5.60131363215540454e-03,-5.11222390312214103e-07,-5.11222361419589294e-07,-2.04488944567835718e-06,-2.55611183599057138e-06,-2.55611180709794636e-06
2.08867499999999993e+01,2.08867499999999993e+01,4.67769911217269185e-01,-5.59888371378036709e-03,-5.59888339757584619e-03,-5.10645901635867836e-07,-5.10645872796450778e-07,-2.04258349118580269e-06,-2.55322939282167052e-06,-2.55322936398225357e-06
2.08940000000000019e+01,2.08940000000000019e+01,4.67729328116505139e-01,-5.59645537611430655e-03,-5.59645506026257636e-03,-5.10070262779759379e-07,-5.10070233992506739e-07,-2.04028093597002696e-06,-2.55035119874978633e-06,-2.55035116996253391e-06
2.09012500000000010e+01,2.09012500000000010e+01,4.67688762614315467e-01,-5.59402893357230369e-03,-5.59402861807685448e-03,-5.09495472195622936e-07,-5.09495443460787130e-07,-2.03798177384314895e-06,-2.54747724603877167e-06,-2.54747721730393618e-06
2.09085000000000001e+01,2.09085000000000001e+01,4.67648214696968323e-01,-5.59160438402983573e-03,-5.59160406888308936e-03,-5.08921528340846870e-07,-5.08921499657672450e-07,-2.03568599863069022e-06,-2.54460752697153720e-06,-2.54460749828836268e-06
2.09157500000000027e+01,2.09157500000000027e+01,4.67607684350747121e-01,-5.58918172534106361e-03,-5.58918141054883313e-03,-5.08348429673934553e-07,-5.08348401042885588e-07,-2.03339360417154278e-06,-2.54174203384547743e-06,-2.54174200521442847e-06
2.09230000000000018e+01,2.09230000000000018e+01,4.67567171561950878e-01,-5.58676095538146456e-03,-5.58676064094478387e-03,-5.07776174658379972e-07,-5.07776146079484943e-07,-2.03110458431793977e-06,-2.53888075897631964e-06,-2.53888073039742461e-06
2.09302500000000009e+01,2.09302500000000009e+01,4.67526676316894096e-01,-5.58434207202651578e-03,-5.58434175794476993e-03,-5.07204761760716585e-07,-5.07204733233854261e-07,-2.02881893293541705e-06,-2.53602369469613374e-06,-2.53602366616927109e-06
2.09375000000000000e+01,2.09375000000000000e+01,4.67486198601906544e-01,-5.58192507315169451e-03,-5.58192475942574998e-03,-5.06634189450511288e-07,-5.06634160975695221e-07,-2.02653664390278088e-06,-2.53317083335329206e-06,-2.53317080487847621e-06
2.09447500000000026e+01,2.09447500000000026e+01,4.67445738403333366e-01,-5.57950995663958338e-03,-5.57950964326780346e-03,-5.06064456201002014e-07,-5.06064427778018435e-07,-2.02425771111207374e-06,-2.53032216731307586e-06,-2.53032213889009207e-06
2.09520000000000017e+01,2.09520000000000017e+01,4.67405295707535251e-01,-5.57709672037987048e-03,-5.57709640735413320e-03,-5.05495560489088954e-07,-5.05495532117136886e-07,-2.02198212846854797e-06,-2.52747768895763714e-06,-2.52747766058568496e-06
2.09592500000000008e+01,2.09592500000000008e+01,4.67364870500887930e-01,-5.57468536224092759e-03,-5.57468504957104715e-03,-5.04927500792750357e-07,-5.04927472472655023e-07,-2.01970988989062009e-06,-2.52463739068337034e-06,-2.52463736236327522e-06
2.09664999999999999e+01,2.09664999999999999e+01,4.67324462769782734e-01,-5.57227588012665365e-03,-5.57227556780796451e-03,-5.04360275596188682e-07,-5.04360247327462614e-07,-2.01744098930985088e-06,-2.52180126490603945e-06,-2.52180123663731349e-06
2.09737500000000026e+01,2.09737500000000026e+01,4.67284072500626091e-01,-5.56986827192673672e-03,-5.56986795995739921e-03,-5.03793883385312525e-07,-5.03793855167725224e-07,-2.01517542067090090e-06,-2.51896930405621331e-06,-2.51896927583862612e-06
2.09810000000000016e+01,2.09810000000000016e+01,4.67243699679839808e-01,-5.56746253553086490e-03,-5.56746222391496775e-03,-5.03228322649020296e-07,-5.03228294482877435e-07,-2.01291317793150932e-06,-2.51614150058052982e-06,-2.51614147241438675e-06
2.09882500000000007e+01,2.09882500000000007e+01,4.67203344293860900e-01,-5.56505866885004252e-03,-5.56505835757937009e-03,-5.02663591881117903e-07,-5.02663563765613000e-07,-2.01065425506245200e-06,-2.51331784694357001e-06,-2.51331781882806511e-06
2.09954999999999998e+01,2.09954999999999998e+01,4.67163006329141539e-01,-5.56265666976685225e-03,-5.56265635885239140e-03,-5.02099689575816240e-07,-5.02099661511877856e-07,-2.00839864604751142e-06,-2.51049833562332766e-06,-2.51049830755938928e-06
2.10027500000000025e+01,2.10027500000000025e+01,4.67122685772149215e-01,-5.56025653620650928e-03,-5.56025622563889425e-03,-5.01536614234142382e-07,-5.01536586220861121e-07,-2.00614634488344449e-06,-2.50768295911758708e-06,-2.50768293110430550e-06
2.10100000000000016e+01,2.10100000000000016e+01,4.67082382609366520e-01,-5.55785826606580713e-03,-5.55785795584681688e-03,-5.00974364357515369e-07,-5.00974336394988428e-07,-2.00389734557995371e-06,-2.50487170993746908e-06,-2.50487168197494214e-06
2.10172500000000007e+01,2.10172500000000007e+01,4.67042096827291198e-01,-5.55546185726285557e-03,-5.55546154738716016e-03,-5.00412938452228067e-07,-5.00412910539911969e-07,-2.00165164215964830e-06,-2.50206458061187626e-06,-2.50206455269956016e-06
2.10244999999999997e+01,2.10244999999999997e+01,4.67001828412436204e-01,-5.55306730770155355e-03,-5.55306699817399024e-03,-4.99852335026236388e-07,-4.99852307164503933e-07,-1.99940922865801573e-06,-2.49926156368425223e-06,-2.49926153582251967e-06
2.10317500000000024e+01,2.10317500000000024e+01,4.66961577351329538e-01,-5.55067461530711626e-03,-5.55067430612442465e-03,-4.99292552592352175e-07,-4.99292524780847080e-07,-1.99717009912338832e-06,-2.49646265171574060e-06,-2.49646262390423540e-06
2.10390000000000015e+01,2.10390000000000015e+01,4.66921343630514296e-01,-5.54828377799765349e-03,-5.54828346915863749e-03,-4.98733589665676591e-07,-4.98733561904228708e-07,-1.99493424761691441e-06,-2.49366783728259100e-06,-2.49366780952114290e-06
2.10462500000000006e+01,2.10462500000000006e+01,4.66881127236548621e-01,-5.54589479369127503e-03,-5.54589448519984124e-03,-4.98175444764232534e-07,-4.98175417053130383e-07,-1.99270166821252111e-06,-2.49087711297675364e-06,-2.49087708526565149e-06
2.10534999999999997e+01,2.10534999999999997e+01,4.66840928156005808e-01,-5.54350766031319608e-03,-5.54350735217429193e-03,-4.97618116409596625e-07,-4.97618088749221584e-07,-1.99047235499688634e-06,-2.48809047140648285e-06,-2.48809044374610781e-06
2.10607500000000023e+01,2.10607500000000023e+01,4.66800746375474029e-01,-5.54112237580994815e-03,-5.54112206801127705e-03,-4.97061603128165108e-07,-4.97061575517350811e-07,-1.98824630206940324e-06,-2.48530790519756825e-06,-2.48530787758675395e-06
2.10680000000000014e+01,2.10680000000000014e+01,4.66760581881556558e-01,-5.53873893809964102e-03,-5.53873863064311463e-03,-4.96505903446682565e-07,-4.96505875885538703e-07,-1.98602350354215524e-06,-2.48252940698883780e-06,-2.48252937942769394e-06
2.10752500000000005e+01,2.10752500000000005e+01,4.66720434660871597e-01,-5.53635734511459532e-03,-5.53635703800514373e-03,-4.95951015896062569e-07,-4.95950988384969038e-07,-1.98380395353987573e-06,-2.47975496943593819e-06,-2.47975494192484466e-06
2.10824999999999996e+01,2.10824999999999996e+01,4.66680304700052395e-01,-5.53397759480134255e-03,-5.53397728803572183e-03,-4.95396939011377204e-07,-4.95396911549981319e-07,-1.98158764619992485e-06,-2.47698458521130216e-06,-2.47698455774990617e-06
2.10897500000000022e+01,2.10897500000000022e+01,4.66640191985746910e-01,-5.53159968510641420e-03,-5.53159937867621528e-03,-4.94843671330574756e-07,-4.94843643918062413e-07,-1.97937457567224923e-06,-2.47421824700282377e-06,-2.47421821959031175e-06
2.10970000000000013e+01,2.10970000000000013e+01,4.66600096504618367e-01,-5.52922361395502548e-03,-5.52922330787100451e-03,-4.94291211392568391e-07,-4.94291184029840410e-07,-1.97716473611936164e-06,-2.47145594751193013e-06,-2.47145592014920205e-06
2.11042500000000004e+01,2.11042500000000004e+01,4.66560018243344587e-01,-5.52684937930791875e-03,-5.52684907356746323e-03,-4.93739557742313477e-07,-4.93739530429074560e-07,-1.97495812171629866e-06,-2.46869767945861193e-06,-2.46869765214537301e-06
2.11114999999999995e+01,2.11114999999999995e+01,4.66519957188618384e-01,-5.52447697911162550e-03,-5.52447667371596535e-03,-4.93188708926350392e-07,-4.93188681662648927e-07,-1.97275472665059528e-06,-2.46594343557694557e-06,-2.46594340831324410e-06
2.11187500000000021e+01,2.11187500000000021e+01,4.66479913327147389e-01,-5.52210641132688806e-03,-5.52210610626987109e-03,-4.92638663495338108e-07,-4.92638636280563489e-07,-1.97055454512225396e-06,-2.46319320861759196e-06,-2.46319318140281766e-06
2.11260000000000012e+01,2.11260000000000012e+01,4.66439886645654112e-01,-5.51973767390734338e-03,-5.51973736918553049e-03,-4.92089420002143279e-07,-4.92089392835928318e-07,-1.96835757134371327e-06,-2.46044699134585634e-06,-2.46044696417964159e-06
2.11332500000000003e+01,2.11332500000000003e+01,4.66399877130875773e-01,-5.51737076479952293e-03,-5.51737046042227036e-03,-4.91540977001835696e-07,-4.91540949884953627e-07,-1.96616379953981493e-06,-2.45770477654165063e-06,-2.45770474942476877e-06
2.11404999999999994e+01,2.11404999999999994e+01,4.66359884769564470e-01,-5.51500568197837993e-03,-5.51500537794239083e-03,-4.90993333054847182e-07,-4.90993305986943311e-07,-1.96397322394777367e-06,-2.45496655700262064e-06,-2.45496652993471719e-06
2.11477500000000020e+01,2.11477500000000020e+01,4.66319909548487010e-01,-5.51264242341886757e-03,-5.51264211971116275e-03,-4.90446486724428276e-07,-4.90446459704287111e-07,-1.96178583881714844e-06,-2.45223232554157661e-06,-2.45223229852143566e-06
2.11550000000000011e+01,2.11550000000000011e+01,4.66279951454424968e-01,-5.51028098706041192e-03,-5.51028068369682072e-03,-4.89900436573483292e-07,-4.89900409602452886e-07,-1.95960163840981112e-06,-2.44950207498329441e-06,-2.44950204801226401e-06
2.11622500000000002e+01,2.11622500000000002e+01,4.66240010474174627e-01,-5.50792137089217704e-03,-5.50792106787055535e-03,-4.89355181172149572e-07,-4.89355154249978673e-07,-1.95742061699991427e-06,-2.44677579817206384e-06,-2.44677577124989283e-06
2.11694999999999993e+01,2.11694999999999993e+01,4.66200086594546981e-01,-5.50556357288911613e-03,-5.50556327020651146e-03,-4.88810719092099701e-07,-4.88810692218465484e-07,-1.95524276887386236e-06,-2.44405348796596185e-06,-2.44405346109232795e-06
2.11767500000000020e+01,2.11767500000000020e+01,4.66160179802367625e-01,-5.50320759104039325e-03,-5.50320728868178028e-03,-4.88267048909060061e-07,-4.88267022082569262e-07,-1.95306808833027747e-06,-2.44133513723933732e-06,-2.44133511041284674e-06
2.11840000000000011e+01,2.11840000000000011e+01,4.66120290084476918e-01,-5.50085342329253990e-03,-5.50085312127639864e-03,-4.87724169197761452e-07,-4.87724142419994318e-07,-1.95089656967997727e-06,-2.43862073887773862e-06,-2.43862071209997148e-06
2.11912500000000001e+01,2.11912500000000001e+01,4.66080417427729876e-01,-5.49850106764182556e-03,-5.49850076597333676e-03,-4.87182078540129054e-07,-4.87182051811484325e-07,-1.94872820724593730e-06,-2.43591028578606625e-06,-2.43591025905742152e-06
2.11985000000000028e+01,2.11985000000000028e+01,4.66040561818995946e-01,-5.49615052210583599e-03,-5.49615022075849568e-03,-4.86640775522745458e-07,-4.86640748840815549e-07,-1.94656299536326220e-06,-2.43320377088600765e-06,-2.43320374420407764e-06
2.12057500000000019e+01,2.12057500000000019e+01,4.66000723245159343e-01,-5.49380178463110269e-03,-5.49380148362070813e-03,-4.86100258728664938e-07,-4.86100232094789749e-07,-1.94440092837915900e-06,-2.43050118710782394e-06,-2.43050116047394864e-06
2.12130000000000010e+01,2.12130000000000010e+01,4.65960901693118767e-01,-5.49145485322810600e-03,-5.49145455255172204e-03,-4.85560526749365089e-07,-4.85560500163225819e-07,-1.94224200065290327e-06,-2.42780252740226847e-06,-2.42780250081612899e-06
2.12202500000000001e+01,2.12202500000000001e+01,4.65921097149787522e-01,-5.48910972588600998e-03,-5.48910942554620574e-03,-4.85021578177188220e-07,-4.85021551638952792e-07,-1.94008620655581159e-06,-2.42510778473299960e-06,-2.42510775819476449e-06
2.12275000000000027e+01,2.12275000000000027e+01,4.65881309602093396e-01,-5.48676640061529497e-03,-5.48676610060173497e-03,-4.84483411609105462e-07,-4.84483385117802118e-07,-1.93793354047120890e-06,-2.42241695208031436e-06,-2.42241692558901080e-06
2.12347500000000018e+01,2.12347500000000018e+01,4.65841539036978669e-01,-5.48442487539801959e-03,-5.48442457571879372e-03,-4.83946025642316541e-07,-4.83945999198601202e-07,-1.93578399679440481e-06,-2.41973002243672146e-06,-2.41972999599300590e-06
2.12420000000000009e+01,2.12420000000000009e+01,4.65801785441400162e-01,-5.48208514824466420e-03,-5.48208484890076470e-03,-4.83409418879262940e-07,-4.83409392483164299e-07,-1.93363756993265720e-06,-2.41704698881192014e-06,-2.41704696241582139e-06
2.12492500000000000e+01,2.12492500000000000e+01,4.65762048802329076e-01,-5.47974721716570912e-03,-5.47974691815392417e-03,-4.82873589925110093e-07,-4.82873563576286267e-07,-1.93149425430514507e-06,-2.41436784423025527e-06,-2.41436781788143155e-06
2.12565000000000026e+01,2.12565000000000026e+01,4.65722329106751209e-01,-5.47741108017163469e-03,-5.47741078148744100e-03,-4.82338537387740929e-07,-4.82338511085735260e-07,-1.92935404434294104e-06,-2.41169258173068218e-06,-2.41169255542867609e-06
2.12637500000000017e+01,2.12637500000000017e+01,4.65682626341666628e-01,-5.47507673526581584e-03,-5.47507643691336893e-03,-4.81804259877124723e-07,-4.81804233622245321e-07,-1.92721693448898086e-06,-2.40902119436610558e-06,-2.40902116811122629e-06
2.12710000000000008e+01,2.12710000000000008e+01,4.65642940494089885e-01,-5.47274418046583833e-03,-5.47274388244663960e-03,-4.81270756007187667e-07,-4.81270729799508223e-07,-1.92508291919803247e-06,-2.40635367520522014e-06,-2.40635364899754048e-06
2.12782499999999999e+01,2.12782499999999999e+01,4.65603271551049858e-01,-5.47041341379639334e-03,-5.47041311610505909e-03,-4.80738024395177697e-07,-4.80737998234166910e-07,-1.92295199293666764e-06,-2.40369001733184555e-06,-2.40368999117083444e-06
2.12855000000000025e+01,2.12855000000000025e+01,4.65563619499589854e-01,-5.46808443327506666e-03,-5.46808413590930183e-03,-4.80206063660409297e-07,-4.80206037545808292e-07,-1.92082415018323317e-06,-2.40103021384364247e-06,-2.40103018772904157e-06
2.12927500000000016e+01,2.12927500000000016e+01,4.65523984326767448e-01,-5.46575723691944404e-03,-5.46575693988291065e-03,-4.79674872424883106e-07,-4.79674846356956052e-07,-1.91869938542782421e-06,-2.39837425785270710e-06,-2.39837423178478026e-06
2.13000000000000007e+01,2.13000000000000007e+01,4.65484366019654539e-01,-5.46343182275421668e-03,-5.46343152605228283e-03,-4.79144449313902237e-07,-4.79144423293062380e-07,-1.91657769317224952e-06,-2.39572214248615186e-06,-2.39572211646531200e-06
2.13072499999999998e+01,2.13072499999999998e+01,4.65444764565337454e-01,-5.46110818881828664e-03,-5.46110789244667275e-03,-4.78614792956687968e-07,-4.78614766982502261e-07,-1.91445906793000904e-06,-2.39307386088669701e-06,-2.39307383491251131e-06
2.13145000000000024e+01,2.13145000000000024e+01,4.65405179950916625e-01,-5.45878633314345052e-03,-5.45878603709817889e-03,-4.78085901984501969e-07,-4.78085876056564579e-07,-1.91234350422625832e-06,-2.39042940621076018e-06,-2.39042938028282290e-06
2.13217500000000015e+01,2.13217500000000015e+01,4.65365612163506803e-01,-5.45646625376150496e-03,-5.45646595804175072e-03,-4.77557775031265281e-07,-4.77557749149447035e-07,-1.91023099659778772e-06,-2.38778877162905311e-06,-2.38778874574723465e-06
2.13290000000000006e+01,2.13290000000000006e+01,4.65326061190237061e-01,-5.45414794871135200e-03,-5.45414765331516966e-03,-4.77030410734172725e-07,-4.77030384898246830e-07,-1.90812153959298690e-06,-2.38515195032715973e-06,-2.38515192449123351e-06
2.13362499999999997e+01,2.13362499999999997e+01,4.65286527018250518e-01,-5.45183141602478827e-03,-5.45183112095905514e-03,-4.76503807732443793e-07,-4.76503781942954945e-07,-1.90601512777181978e-06,-2.38251893550426352e-06,-2.38251890971477462e-06
2.13435000000000024e+01,2.13435000000000024e+01,4.65247009634704667e-01,-5.44951665376203209e-03,-5.44951635901685071e-03,-4.75977964670421579e-07,-4.75977938926448257e-07,-1.90391175570579303e-06,-2.37988972037621461e-06,-2.37988969463224145e-06
2.13507500000000014e+01,2.13507500000000014e+01,4.65207509026770993e-01,-5.44720365994777467e-03,-5.44720336553482839e-03,-4.75452880191977374e-07,-4.75452854494483398e-07,-1.90181141797793338e-06,-2.37726429816991054e-06,-2.37726427247241662e-06
2.13580000000000005e+01,2.13580000000000005e+01,4.65168025181635358e-01,-5.44489243265644518e-03,-5.44489213856207653e-03,-4.74928552947951490e-07,-4.74928527295688437e-07,-1.89971410918275396e-06,-2.37464266213070529e-06,-2.37464263647844250e-06
2.13652499999999996e+01,2.13652499999999996e+01,4.65128558086497501e-01,-5.44258296991984025e-03,-5.44258267615049546e-03,-4.74404981588082193e-07,-4.74404955981556484e-07,-1.89761982392622594e-06,-2.37202480551430824e-06,-2.37202477990778226e-06
2.13725000000000023e+01,2.13725000000000023e+01,4.65089107728571483e-01,-5.44027526979817821e-03,-5.44027497635479491e-03,-4.73882164767201224e-07,-4.73882139206438429e-07,-1.89552855682575393e-06,-2.36941072159295520e-06,-2.36941069603219230e-06
2.13797500000000014e+01,2.13797500000000014e+01,4.65049674095085408e-01,-5.43796933035167740e-03,-5.43796903723249049e-03,-4.73360101142746698e-07,-4.73360075627536964e-07,-1.89344030251014807e-06,-2.36680040365289493e-06,-2.36680037813768503e-06
2.13870000000000005e+01,2.13870000000000005e+01,4.65010257173281372e-01,-5.43566514964055614e-03,-5.43566485684389335e-03,-4.72838789374755638e-07,-4.72838763904897636e-07,-1.89135505561959012e-06,-2.36419384499434581e-06,-2.36419381952448776e-06
2.13942499999999995e+01,2.13942499999999995e+01,4.64970856950415568e-01,-5.43336272573213819e-03,-5.43336243325210754e-03,-4.72318228126477174e-07,-4.72318202701403128e-07,-1.88927281080561209e-06,-2.36159103893208932e-06,-2.36159101350701516e-06
2.14015000000000022e+01,2.14015000000000022e+01,4.64931473413758289e-01,-5.43106205667953645e-03,-5.43106176452302653e-03,-4.71798416062512515e-07,-4.71798390682765954e-07,-1.88719356273106382e-06,-2.35899197879357638e-06,-2.35899195341382993e-06
2.14087500000000013e+01,2.14087500000000013e+01,4.64892106550593709e-01,-5.42876314056428555e-03,-5.42876284872533064e-03,-4.71279351852515047e-07,-4.71279326517522532e-07,-1.88511730607009034e-06,-2.35639665792260528e-06,-2.35639663258761266e-06
2.14160000000000004e+01,2.14160000000000004e+01,4.64852756348220153e-01,-5.42646597543949838e-03,-5.42646568393047399e-03,-4.70761034166244093e-07,-4.70761008877024496e-07,-1.88304403550809799e-06,-2.35380506967434229e-06,-2.35380504438512248e-06
2.14232499999999995e+01,2.14232499999999995e+01,4.64813422793949826e-01,-5.42417055940092041e-03,-5.42417026821268716e-03,-4.70243461679727862e-07,-4.70243436435432670e-07,-1.88097374574173089e-06,-2.35121720742145891e-06,-2.35121718217716361e-06
2.14305000000000021e+01,2.14305000000000021e+01,4.64774105875108812e-01,-5.42187689052298083e-03,-5.42187659964896759e-03,-4.69726633069705280e-07,-4.69726607869710228e-07,-1.87890643147884070e-06,-2.34863306454854609e-06,-2.34863303934855103e-06
2.14377500000000012e+01,2.14377500000000012e+01,4.64734805579037236e-01,-5.41958496687300340e-03,-5.41958467631907786e-03,-4.69210547014857199e-07,-4.69210521859616139e-07,-1.87684208743846435e-06,-2.34605263445332165e-06,-2.34605260929808043e-06
2.14450000000000003e+01,2.14450000000000003e+01,4.64695521893089158e-01,-5.41729478653962815e-03,-5.41729449630553878e-03,-4.68695202198261105e-07,-4.68695177087697486e-07,-1.87478070835079016e-06,-2.34347591054905115e-06,-2.34347588543848754e-06
2.14522499999999994e+01,2.14522499999999994e+01,4.64656254804632463e-01,-5.41500634761149513e-03,-5.41500605769362764e-03,-4.68180597305536744e-07,-4.68180572239283536e-07,-1.87272228895713393e-06,-2.34090288626267084e-06,-2.34090286119641763e-06
2.14595000000000020e+01,2.14595000000000020e+01,4.64617004301048797e-01,-5.41271964817724438e-03,-5.41271935857136430e-03,-4.67666731024840305e-07,-4.67666706002477433e-07,-1.87066682400990952e-06,-2.33833355503474993e-06,-2.33833353001238701e-06
2.14667500000000011e+01,2.14667500000000011e+01,4.64577770369733967e-01,-5.41043468630419966e-03,-5.41043439702952166e-03,-4.67153602045019048e-07,-4.67153577068152009e-07,-1.86861430827260804e-06,-2.33576791031762719e-06,-2.33576788534076010e-06
2.14740000000000002e+01,2.14740000000000002e+01,4.64538552998097376e-01,-5.40815146012363357e-03,-5.40815117116160652e-03,-4.66641209062967999e-07,-4.66641184129940421e-07,-1.86656473651976168e-06,-2.33320594558272968e-06,-2.33320592064970205e-06
2.14812499999999993e+01,2.14812499999999993e+01,4.64499352173562197e-01,-5.40586996770997530e-03,-5.40586967906386048e-03,-4.66129550773190959e-07,-4.66129525884230482e-07,-1.86451810353692214e-06,-2.33064765431011320e-06,-2.33064762942115246e-06
2.14885000000000019e+01,2.14885000000000019e+01,4.64460167883565589e-01,-5.40359020716607574e-03,-5.40358991883525559e-03,-4.65618625875158251e-07,-4.65618601030157937e-07,-1.86247440412063175e-06,-2.32809302999578995e-06,-2.32809300515078979e-06
2.14957500000000010e+01,2.14957500000000010e+01,4.64421000115558313e-01,-5.40131217658768037e-03,-5.40131188857749002e-03,-4.65108433070234484e-07,-4.65108408269600114e-07,-1.86043363307840046e-06,-2.32554206614863473e-06,-2.32554204134800047e-06
2.15030000000000001e+01,2.15030000000000001e+01,4.64381848857005064e-01,-5.39903587409185093e-03,-5.39903558639498026e-03,-4.64598971064120067e-07,-4.64598946307168405e-07,-1.85839578522867362e-06,-2.32299475629279353e-06,-2.32299473153584202e-06
2.15102500000000028e+01,2.15102500000000028e+01,4.64342714095383968e-01,-5.39676129778143832e-03,-5.39676101039485764e-03,-4.64090238563784268e-07,-4.64090213850201539e-07,-1.85636085540080594e-06,-2.32045109396459011e-06,-2.32045106925100754e-06
2.15175000000000018e+01,2.15175000000000018e+01,4.64303595818187254e-01,-5.39448844575218800e-03,-5.39448815868696658e-03,-4.63582234278075864e-07,-4.63582209608760507e-07,-1.85432883843504181e-06,-2.31791107271311768e-06,-2.31791104804380232e-06
2.15247500000000009e+01,2.15247500000000009e+01,4.64264494012920581e-01,-5.39221731614247801e-03,-5.39221702938385509e-03,-4.63074956921989495e-07,-4.63074932295619820e-07,-1.85229972918247928e-06,-2.31537468610446856e-06,-2.31537466147809905e-06
2.15320000000000000e+01,2.15320000000000000e+01,4.64225408667103268e-01,-5.38994790704094839e-03,-5.38994762060077213e-03,-4.62568405208721442e-07,-4.62568380626262060e-07,-1.85027352250504824e-06,-2.31284192771376952e-06,-2.31284190313131019e-06
2.15392500000000027e+01,2.15392500000000027e+01,4.64186339768268452e-01,-5.38768021658597718e-03,-5.38767993045566069e-03,-4.62062577858209998e-07,-4.62062553318870893e-07,-1.84825021327548357e-06,-2.31031279113369362e-06,-2.31031276659435462e-06
2.15465000000000018e+01,2.15465000000000018e+01,4.64147287303962819e-01,-5.38541424288041526e-03,-5.38541395706916212e-03,-4.61557473589807785e-07,-4.61557449094325400e-07,-1.84622979637730160e-06,-2.30778726996710922e-06,-2.30778724547162705e-06
2.15537500000000009e+01,2.15537500000000009e+01,4.64108251261746707e-01,-5.38314998406264067e-03,-5.38314969856459619e-03,-4.61053091128372454e-07,-4.61053066676191822e-07,-1.84421226670476750e-06,-2.30526535783314011e-06,-2.30526533338095911e-06
2.15609999999999999e+01,2.15609999999999999e+01,4.64069231629193890e-01,-5.38088743826392601e-03,-5.38088715306796889e-03,-4.60549429200601831e-07,-4.60549404790718372e-07,-1.84219761916287328e-06,-2.30274704836347495e-06,-2.30274702395359181e-06
2.15682500000000026e+01,2.15682500000000026e+01,4.64030228393891908e-01,-5.37862660358712219e-03,-5.37862631870796026e-03,-4.60046486533207457e-07,-4.60046462166827821e-07,-1.84018584866731150e-06,-2.30023233520051906e-06,-2.30023231083413953e-06
2.15755000000000017e+01,2.15755000000000017e+01,4.63991241543441901e-01,-5.37636747818126537e-03,-5.37636719361592880e-03,-4.59544261859295069e-07,-4.59544237536112525e-07,-1.83817695014445010e-06,-2.29772121200374506e-06,-2.29772118768056252e-06
2.15827500000000008e+01,2.15827500000000008e+01,4.63952271065458277e-01,-5.37411006018118087e-03,-5.37410977592589316e-03,-4.59042753913186161e-07,-4.59042729632825580e-07,-1.83617091853130253e-06,-2.29521367244448869e-06,-2.29521364816412790e-06
2.15899999999999999e+01,2.15899999999999999e+01,4.63913316947569265e-01,-5.37185434772169401e-03,-5.37185406377454003e-03,-4.58541961431630462e-07,-4.58541937193876326e-07,-1.83416774877550509e-06,-2.29270971020713550e-06,-2.29270968596938131e-06
2.15972500000000025e+01,2.15972500000000025e+01,4.63874379177416307e-01,-5.36960033894118283e-03,-5.36960005530121021e-03,-4.58041883154103184e-07,-4.58041858958822563e-07,-1.83216743583529025e-06,-2.29020931898939360e-06,-2.29020929479411260e-06
2.16045000000000016e+01,2.16045000000000016e+01,4.63835457742654611e-01,-5.36734803197447263e-03,-5.36734774864790383e-03,-4.57542517822193843e-07,-4.57542493669865574e-07,-1.83016997467946230e-06,-2.28771249250165624e-06,-2.28771246834932787e-06
2.16117500000000007e+01,2.16117500000000007e+01,4.63796552630952708e-01,-5.36509742497770503e-03,-5.36509714195926649e-03,-4.57043864181719546e-07,-4.57043840071842186e-07,-1.82817536028736874e-06,-2.28521922446908813e-06,-2.28521920035921093e-06
2.16189999999999998e+01,2.16189999999999998e+01,4.63757663829992450e-01,-5.36284851609281077e-03,-5.36284823338258575e-03,-4.56545920979689813e-07,-4.56545896912219052e-07,-1.82618358764887621e-06,-2.28272950862856586e-06,-2.28272948456109536e-06
2.16262500000000024e+01,2.16262500000000024e+01,4.63718791327469348e-01,-5.36060130347237873e-03,-5.36060102106779117e-03,-4.56048686966420768e-07,-4.56048662941085925e-07,-1.82419465176434391e-06,-2.28024333873076463e-06,-2.28024331470542978e-06
2.16335000000000015e+01,2.16335000000000015e+01,4.63679935111092123e-01,-5.35835578526189238e-03,-5.35835550316744996e-03,-4.55552160894017415e-07,-4.55552136911150634e-07,-1.82220854764460253e-06,-2.27776070853862000e-06,-2.27776068455575327e-06
2.16407500000000006e+01,2.16407500000000006e+01,4.63641095168583039e-01,-5.35611195962459874e-03,-5.35611167783675481e-03,-4.55056341518482117e-07,-4.55056317577730608e-07,-1.82022527031092264e-06,-2.27528161182940486e-06,-2.27528158788865304e-06
2.16479999999999997e+01,2.16479999999999997e+01,4.63602271487677575e-01,-5.35386982470953399e-03,-5.35386954323352742e-03,-4.54561227596990534e-07,-4.54561203698748062e-07,-1.81824481479499225e-06,-2.27280604239198289e-06,-2.27280601849374026e-06
2.16552500000000023e+01,2.16552500000000023e+01,4.63563464056124697e-01,-5.35162937869060329e-03,-5.35162909751820716e-03,-4.54066817891205805e-07,-4.54066794034722798e-07,-1.81626717613889140e-06,-2.27033399403009716e-06,-2.27033397017361410e-06
2.16625000000000014e+01,2.16625000000000014e+01,4.63524672861686526e-01,-5.34939061972750096e-03,-5.34939033885385457e-03,-4.53573111163953458e-07,-4.53573087348767225e-07,-1.81429234939506890e-06,-2.26786546055902225e-06,-2.26786543674383628e-06
2.16697500000000005e+01,2.16697500000000005e+01,4.63485897892138676e-01,-5.34715354596926318e-03,-5.34715326540613836e-03,-4.53080106179520155e-07,-4.53080082406578314e-07,-1.81232032962631304e-06,-2.26540043580583320e-06,-2.26540041203289130e-06
2.16769999999999996e+01,2.16769999999999996e+01,4.63447139135269970e-01,-5.34491815560045325e-03,-5.34491787534333625e-03,-4.52587801707563330e-07,-4.52587777976432411e-07,-1.81035111190572943e-06,-2.26293891361329292e-06,-2.26293888988216184e-06
2.16842500000000022e+01,2.16842500000000022e+01,4.63408396578882442e-01,-5.34268444679142362e-03,-5.34268416683632546e-03,-4.52096196518886663e-07,-4.52096172829178514e-07,-1.80838469131671427e-06,-2.26048088783560098e-06,-2.26048086414589278e-06
2.16915000000000013e+01,2.16915000000000013e+01,4.63369670210791507e-01,-5.34045241770542134e-03,-5.34045213805858874e-03,-4.51605289386040522e-07,-4.51605265738233400e-07,-1.80642106295293339e-06,-2.25802635233897380e-06,-2.25802632869116663e-06
2.16987500000000004e+01,2.16987500000000004e+01,4.63330960018825677e-01,-5.33822206653766784e-03,-5.33822178718619360e-03,-4.51115079086620576e-07,-4.51115055479572943e-07,-1.80446022191829198e-06,-2.25557530100491251e-06,-2.25557527739786498e-06
2.17059999999999995e+01,2.17059999999999995e+01,4.63292265990826735e-01,-5.33599339144075202e-03,-5.33599311239780182e-03,-4.50625564396953369e-07,-4.50625540831727989e-07,-1.80250216332691195e-06,-2.25312772772386543e-06,-2.25312770415864015e-06
2.17132500000000022e+01,2.17132500000000022e+01,4.63253588114649728e-01,-5.33376639061344804e-03,-5.33376611187465818e-03,-4.50136744099599031e-07,-4.50136720575776991e-07,-1.80054688230310797e-06,-2.25068362640270700e-06,-2.25068360287888512e-06
2.17205000000000013e+01,2.17205000000000013e+01,4.63214926378162806e-01,-5.33154106223676649e-03,-5.33154078380058873e-03,-4.49648616977940422e-07,-4.49648593495341146e-07,-1.79859437398136480e-06,-2.24824299095930527e-06,-2.24824296747670594e-06
2.17277500000000003e+01,2.17277500000000003e+01,4.63176280769247273e-01,-5.32931740449527069e-03,-5.32931712636199387e-03,-4.49161181817978687e-07,-4.49161158376576765e-07,-1.79664463350630706e-06,-2.24580581532428591e-06,-2.24580579188288372e-06
2.17349999999999994e+01,2.17349999999999994e+01,4.63137651275797591e-01,-5.32709541558418209e-03,-5.32709513774784482e-03,-4.48674437408926287e-07,-4.48674414008169875e-07,-1.79469765603267908e-06,-2.24337209344160558e-06,-2.24337207004084911e-06
2.17422500000000021e+01,2.17422500000000021e+01,4.63099037885721321e-01,-5.32487509368451128e-03,-5.32487481614967763e-03,-4.48188382541105504e-07,-4.48188359181329711e-07,-1.79275343672531885e-06,-2.24094181926642424e-06,-2.24094179590664850e-06
2.17495000000000012e+01,2.17495000000000012e+01,4.63060440586939182e-01,-5.32265643699858515e-03,-5.32265615976159397e-03,-4.47703016008936410e-07,-4.47702992689783947e-07,-1.79081197075913558e-06,-2.23851498676807188e-06,-2.23851496344891942e-06
2.17567500000000003e+01,2.17567500000000003e+01,4.63021859367384880e-01,-5.32043944371807243e-03,-5.32043916678025079e-03,-4.47218336608237263e-07,-4.47218313329770651e-07,-1.78887325331908260e-06,-2.23609158992731976e-06,-2.23609156664885325e-06
2.17639999999999993e+01,2.17639999999999993e+01,4.62983294215005281e-01,-5.31822411204174728e-03,-5.31822383540485766e-03,-4.46734343137715125e-07,-4.46734319900033414e-07,-1.78693727960013366e-06,-2.23367162273784878e-06,-2.23367159950016691e-06
2.17712500000000020e+01,2.17712500000000020e+01,4.62944745117760292e-01,-5.31601044017193658e-03,-5.31601016383717335e-03,-4.46251034398660882e-07,-4.46251011201815159e-07,-1.78500404480726064e-06,-2.23125507920592168e-06,-2.23125505600907569e-06
2.17785000000000011e+01,2.17785000000000011e+01,4.62906212063622813e-01,-5.31379842632162536e-03,-5.31379815028150231e-03,-4.45768409195539197e-07,-4.45768386038852259e-07,-1.78307354415540904e-06,-2.22884195335094839e-06,-2.22884193019426108e-06
2.17857500000000002e+01,2.17857500000000002e+01,4.62867695040578675e-01,-5.31158806868603506e-03,-5.31158779294468517e-03,-4.45286466333597869e-07,-4.45286443217367871e-07,-1.78114577286947127e-06,-2.22643223920306909e-06,-2.22643221608683904e-06
2.17930000000000028e+01,2.17930000000000028e+01,4.62829194036626868e-01,-5.30937936547459799e-03,-5.30937909003609872e-03,-4.44805204621546362e-07,-4.44805181546066219e-07,-1.77922072618426488e-06,-2.22402593080581129e-06,-2.22402590773033115e-06
2.18002500000000019e+01,2.18002500000000019e+01,4.62790709039779258e-01,-5.30717231491095731e-03,-5.30717203976765420e-03,-4.44324622871547757e-07,-4.44324599836127561e-07,-1.77729839934451003e-06,-2.22162302221605768e-06,-2.22162299918063754e-06
2.18075000000000010e+01,2.18075000000000010e+01,4.62752240038060703e-01,-5.30496691519743990e-03,-5.30496664035378512e-03,-4.43844719896236457e-07,-4.43844696901200516e-07,-1.77537878760480249e-06,-2.21922350750103916e-06,-2.21922348450600300e-06
2.18147500000000001e+01,2.18147500000000001e+01,4.62713787019508882e-01,-5.30276316455768892e-03,-5.30276289001144728e-03,-4.43365494512284724e-07,-4.43365471557397563e-07,-1.77346188622959025e-06,-2.21682738074187498e-06,-2.21682735778698776e-06
2.18220000000000027e+01,2.18220000000000027e+01,4.62675349972174577e-01,-5.30056106121179482e-03,-5.30056078696011530e-03,-4.42886945538312996e-07,-4.42886922623288105e-07,-1.77154769049315221e-06,-2.21443463603146536e-06,-2.21443461311644036e-06
2.18292500000000018e+01,2.18292500000000018e+01,4.62636928884121279e-01,-5.29836060337984804e-03,-5.29836032942177654e-03,-4.42409071795183646e-07,-4.42409048919893494e-07,-1.76963619567957398e-06,-2.21204526747475746e-06,-2.21204524459946763e-06
2.18365000000000009e+01,2.18365000000000009e+01,4.62598523743425583e-01,-5.29616178927838632e-03,-5.29616151562092765e-03,-4.41931872105699020e-07,-4.41931849270680414e-07,-1.76772739708272166e-06,-2.20965926918842052e-06,-2.20965924635340202e-06
2.18437500000000000e+01,2.18437500000000000e+01,4.62560134538176737e-01,-5.29396461714881639e-03,-5.29396434378456935e-03,-4.41455345296967884e-07,-4.41455322501555215e-07,-1.76582129000622086e-06,-2.20727663530318875e-06,-2.20727661250777624e-06
2.18510000000000026e+01,2.18510000000000026e+01,4.62521761256476927e-01,-5.29176908521122868e-03,-5.29176881214220036e-03,-4.40979490196544756e-07,-4.40979467440857773e-07,-1.76391786976343109e-06,-2.20489735995997601e-06,-2.20489733720428892e-06
2.18582500000000017e+01,2.18582500000000017e+01,4.62483403886441158e-01,-5.28957519169992452e-03,-5.28957491892581913e-03,-4.40504305635390443e-07,-4.40504282919356831e-07,-1.76201713167742711e-06,-2.20252143731281756e-06,-2.20252141459678389e-06
2.18655000000000008e+01,2.18655000000000008e+01,4.62445062416197261e-01,-5.28738293485275790e-03,-5.28738266236991172e-03,-4.40029790446974875e-07,-4.40029767770242163e-07,-1.76011907108096865e-06,-2.20014886152794337e-06,-2.20014883885121076e-06
2.18727499999999999e+01,2.18727499999999999e+01,4.62406736833885779e-01,-5.28519231290403013e-03,-5.28519204071145349e-03,-4.39555943466681855e-07,-4.39555920829120606e-07,-1.75822368331648263e-06,-2.19777962678316449e-06,-2.19777960414560335e-06
2.18800000000000026e+01,2.18800000000000026e+01,4.62368427127660131e-01,-5.28300332408804252e-03,-5.28300305218990050e-03,-4.39082763532099482e-07,-4.39082740934008909e-07,-1.75633096373603564e-06,-2.19541372726813517e-06,-2.19541370467004449e-06
2.18872500000000016e+01,2.18872500000000016e+01,4.62330133285686506e-01,-5.28081596664620179e-03,-5.28081569504719028e-03,-4.38610249483606511e-07,-4.38610226925329345e-07,-1.75444090770131780e-06,-2.19305115718492421e-06,-2.19305113462664704e-06
2.18945000000000007e+01,2.18945000000000007e+01,4.62291855296143750e-01,-5.27863023883767823e-03,-5.27862996752773237e-03,-4.38138400165249561e-07,-4.38138377645902664e-07,-1.75255351058361066e-06,-2.19069191074886027e-06,-2.19069188822951316e-06
2.19017499999999998e+01,2.19017499999999998e+01,4.62253593147223363e-01,-5.27644613890032588e-03,-5.27644586787840396e-03,-4.37667214421492045e-07,-4.37667191940942381e-07,-1.75066876776376973e-06,-2.18833598218526194e-06,-2.18833595970471233e-06
2.19090000000000025e+01,2.19090000000000025e+01,4.62215346827129669e-01,-5.27426366507910416e-03,-5.27426339434855073e-03,-4.37196691099571672e-07,-4.37196668658050004e-07,-1.74878667463220023e-06,-2.18598336573177169e-06,-2.18598334329025039e-06
2.19162500000000016e+01,2.19162500000000016e+01,4.62177116324079706e-01,-5.27208281562607795e-03,-5.27208254518998082e-03,-4.36726829049493623e-07,-4.36726806647209168e-07,-1.74690722658883646e-06,-2.18363405563833008e-06,-2.18363403323604547e-06
2.19235000000000007e+01,2.19235000000000007e+01,4.62138901626303111e-01,-5.26990358880397025e-03,-5.26990331865695612e-03,-4.36257627124317846e-07,-4.36257604760778637e-07,-1.74503041904311476e-06,-2.18128804616743282e-06,-2.18128802380389361e-06
2.19307499999999997e+01,2.19307499999999997e+01,4.62100702722042067e-01,-5.26772598286484595e-03,-5.26772571300619056e-03,-4.35789084178388023e-07,-4.35789061853487916e-07,-1.74315624741395187e-06,-2.17894533159234011e-06,-2.17894530926744000e-06
2.19380000000000024e+01,2.19380000000000024e+01,4.62062519599551580e-01,-5.26554999606432261e-03,-5.26554972649684924e-03,-4.35321199068504919e-07,-4.35321176782431108e-07,-1.74128470712972443e-06,-2.17660590619822951e-06,-2.17660588391215570e-06
2.19452500000000015e+01,2.19452500000000015e+01,4.62024352247099146e-01,-5.26337562666512326e-03,-5.26337535739054146e-03,-4.34853970654214322e-07,-4.34853948407061622e-07,-1.73941579362824691e-06,-2.17426976428246144e-06,-2.17426974203530837e-06
2.19525000000000006e+01,2.19525000000000006e+01,4.61986200652964918e-01,-5.26120287293707634e-03,-5.26120260395131385e-03,-4.34387397797800158e-07,-4.34387375589185816e-07,-1.73754950235674369e-06,-2.17193690015454363e-06,-2.17193687794592929e-06
2.19597499999999997e+01,2.19597499999999997e+01,4.61948064805441538e-01,-5.25903173314290484e-03,-5.25903146444565116e-03,-4.33921479363105530e-07,-4.33921457192957919e-07,-1.73568582877183167e-06,-2.16960730813493720e-06,-2.16960728596478959e-06
2.19670000000000023e+01,2.19670000000000023e+01,4.61909944692834251e-01,-5.25686220555954264e-03,-5.25686193714246588e-03,-4.33456214217287770e-07,-4.33456192084873888e-07,-1.73382476833949597e-06,-2.16728098255678380e-06,-2.16728096042436981e-06
2.19742500000000014e+01,2.19742500000000014e+01,4.61871840303460957e-01,-5.25469428843550190e-03,-5.25469402031310436e-03,-4.32991601227297267e-07,-4.32991579133767174e-07,-1.73196631653506869e-06,-2.16495791776236580e-06,-2.16495789566883571e-06
2.19815000000000005e+01,2.19815000000000005e+01,4.61833751625651934e-01,-5.25252798006903276e-03,-5.25252771223133023e-03,-4.32527639266316087e-07,-4.32527617210801150e-07,-1.73011046884320460e-06,-2.16263810810952053e-06,-2.16263808605400570e-06
2.19887499999999996e+01,2.19887499999999996e+01,4.61795678647749952e-01,-5.25036327871930553e-03,-5.25036301117332710e-03,-4.32064327206431397e-07,-4.32064305189464771e-07,-1.72825722075785908e-06,-2.16032154796429048e-06,-2.16032152594732370e-06
2.19960000000000022e+01,2.19960000000000022e+01,4.61757621358110437e-01,-5.24820018268101762e-03,-5.24819991541769417e-03,-4.31601663924777096e-07,-4.31601641945566911e-07,-1.72640656778226764e-06,-2.15800823170704490e-06,-2.15800820972783461e-06
2.20032500000000013e+01,2.20032500000000013e+01,4.61719579745101083e-01,-5.24603869022399749e-03,-5.24603842324544191e-03,-4.31139648298556007e-07,-4.31139626357230906e-07,-1.72455850542892341e-06,-2.15569815372747926e-06,-2.15569813178615421e-06
2.20105000000000004e+01,2.20105000000000004e+01,4.61681553797102184e-01,-5.24387879963228443e-03,-5.24387853293998511e-03,-4.30678279208251355e-07,-4.30678257304888417e-07,-1.72271302921955367e-06,-2.15339130842780481e-06,-2.15339128652444208e-06
2.20177499999999995e+01,2.20177499999999995e+01,4.61643543502506415e-01,-5.24172050918991772e-03,-5.24172024278714288e-03,-4.30217555536452404e-07,-4.30217533671274664e-07,-1.72087013468509823e-06,-2.15108769022155043e-06,-2.15108766835637279e-06
2.20250000000000021e+01,2.20250000000000021e+01,4.61605548849718883e-01,-5.23956381719514752e-03,-5.23956355107512827e-03,-4.29757476169015215e-07,-4.29757454341421968e-07,-1.71902981736568766e-06,-2.14878729353470272e-06,-2.14878727170710963e-06
2.20322500000000012e+01,2.20322500000000012e+01,4.61567569827157076e-01,-5.23740872193556584e-03,-5.23740845609455517e-03,-4.29298039993016475e-07,-4.29298018202655832e-07,-1.71719207281062354e-06,-2.14649011280364012e-06,-2.14649009101327921e-06
2.20395000000000003e+01,2.20395000000000003e+01,4.61529606423250860e-01,-5.23525522169165924e-03,-5.23525495613842012e-03,-4.28839245897042442e-07,-4.28839224144587953e-07,-1.71535689657835160e-06,-2.14419614247539420e-06,-2.14419612072293971e-06
2.20467499999999994e+01,2.20467499999999994e+01,4.61491658626442536e-01,-5.23310331476878332e-03,-5.23310304950211011e-03,-4.28381092773803474e-07,-4.28381071059111355e-07,-1.71352428423644521e-06,-2.14190537701024879e-06,-2.14190535529555672e-06
2.20540000000000020e+01,2.20540000000000020e+01,4.61453726425186672e-01,-5.23095299947229364e-03,-5.23095273448338869e-03,-4.27923579518089127e-07,-4.27923557840394719e-07,-1.71169423136157866e-06,-2.13961781087966769e-06,-2.13961778920197317e-06
2.20612500000000011e+01,2.20612500000000011e+01,4.61415809807950217e-01,-5.22880427408267678e-03,-5.22880400938240380e-03,-4.27466705024730729e-07,-4.27466683384878153e-07,-1.70986673353951219e-06,-2.13733343856424276e-06,-2.13733341692439029e-06
2.20685000000000002e+01,2.20685000000000002e+01,4.61377908763212441e-01,-5.22665713691949918e-03,-5.22665687250167040e-03,-4.27010468193827039e-07,-4.27010446591265830e-07,-1.70804178636506332e-06,-2.13505225455889046e-06,-2.13505223295632904e-06
2.20757499999999993e+01,2.20757499999999993e+01,4.61340023279464884e-01,-5.22451158628456369e-03,-5.22451132214607570e-03,-4.26554867926089753e-07,-4.26554846360522125e-07,-1.70621938544208829e-06,-2.13277425336817793e-06,-2.13277423180261025e-06
2.20830000000000020e+01,2.20830000000000020e+01,4.61302153345211297e-01,-5.22236762047967318e-03,-5.22236735662286872e-03,-4.26099903124291817e-07,-4.26099881595865049e-07,-1.70439952638346041e-06,-2.13049942950775233e-06,-2.13049940797932535e-06
2.20902500000000011e+01,2.20902500000000011e+01,4.61264298948967921e-01,-5.22022523781728864e-03,-5.22022497424166638e-03,-4.25645572694133741e-07,-4.25645551202762864e-07,-1.70258220481105167e-06,-2.12822777750518535e-06,-2.12822775601381437e-06
2.20975000000000001e+01,2.20975000000000001e+01,4.61226460079262934e-01,-5.21808443660987109e-03,-5.21808417331443529e-03,-4.25191875543366325e-07,-4.25191854088926190e-07,-1.70076741635570455e-06,-2.12595929189907072e-06,-2.12595927044463079e-06
2.21047500000000028e+01,2.21047500000000028e+01,4.61188636724637058e-01,-5.21594521516632881e-03,-5.21594495215549868e-03,-4.24738810581497437e-07,-4.24738789164304094e-07,-1.69895515665721616e-06,-2.12369396723871371e-06,-2.12369394582152036e-06
2.21120000000000019e+01,2.21120000000000019e+01,4.61150828873643004e-01,-5.21380757181333365e-03,-5.21380730908152772e-03,-4.24286376721524190e-07,-4.24286355341079213e-07,-1.69714542136431706e-06,-2.12143179808584136e-06,-2.12143177670539612e-06
2.21192500000000010e+01,2.21192500000000010e+01,4.61113036514845753e-01,-5.21167150486689934e-03,-5.21167124241153894e-03,-4.23834572877611332e-07,-4.23834551533661404e-07,-1.69533820613464583e-06,-2.11917277901225700e-06,-2.11917275766830745e-06
2.21265000000000001e+01,2.21265000000000001e+01,4.61075259636822443e-01,-5.20953701263948687e-03,-5.20953675046688901e-03,-4.23383397965667334e-07,-4.23383376658682665e-07,-1.69353350663473045e-06,-2.11691690460039762e-06,-2.11691688329341301e-06
2.21337500000000027e+01,2.21337500000000027e+01,4.61037498228162423e-01,-5.20740409346842625e-03,-5.20740383157126951e-03,-4.22932850905650067e-07,-4.22932829634992100e-07,-1.69173131853996819e-06,-2.11466416944561831e-06,-2.11466414817496040e-06
2.21410000000000018e+01,2.21410000000000018e+01,4.60999752277467145e-01,-5.20527274566617848e-03,-5.20527248405071048e-03,-4.22482930617518355e-07,-4.22482909383651264e-07,-1.68993163753460485e-06,-2.11241456815212310e-06,-2.11241454691825606e-06
2.21482500000000009e+01,2.21482500000000009e+01,4.60962021773350272e-01,-5.20314296757007355e-03,-5.20314270623356556e-03,-4.22033636025268828e-07,-4.22033614827927651e-07,-1.68813445931171060e-06,-2.11016809533697949e-06,-2.11016807413963820e-06
2.21555000000000000e+01,2.21555000000000000e+01,4.60924306704437403e-01,-5.20101475751388875e-03,-5.20101449645051384e-03,-4.21584966054620981e-07,-4.21584944893290139e-07,-1.68633977957316013e-06,-2.10792474562778106e-06,-2.10792472446645011e-06
2.21627500000000026e+01,2.21627500000000026e+01,4.60886607059366293e-01,-5.19888811382074323e-03,-5.19888785303455371e-03,-4.21136919632438280e-07,-4.21136898507403435e-07,-1.68454759402961374e-06,-2.10568451366205202e-06,-2.10568449253701728e-06
2.21700000000000017e+01,2.21700000000000017e+01,4.60848922826787022e-01,-5.19676303482796698e-03,-5.19676277432100809e-03,-4.20689495688740447e-07,-4.20689474600124261e-07,-1.68275789840049683e-06,-2.10344739408923728e-06,-2.10344737300062114e-06
2.21772500000000008e+01,2.21772500000000008e+01,4.60811253995361325e-01,-5.19463951887999542e-03,-5.19463925864750275e-03,-4.20242693156120015e-07,-4.20242672103493888e-07,-1.68097068841397555e-06,-2.10121338157009557e-06,-2.10121336051746944e-06
2.21844999999999999e+01,2.21844999999999999e+01,4.60773600553763263e-01,-5.19251756430350042e-03,-5.19251730435397758e-03,-4.19796510967725646e-07,-4.19796489951734593e-07,-1.67918595980693816e-06,-2.09898247077466402e-06,-2.09898244975867291e-06
2.21917500000000025e+01,2.21917500000000025e+01,4.60735962490678885e-01,-5.19039716945712826e-03,-5.19039690978267618e-03,-4.19350948061281355e-07,-4.19350927081243781e-07,-1.67740370832497491e-06,-2.09675465638625616e-06,-2.09675463540621864e-06
2.21990000000000016e+01,2.21990000000000016e+01,4.60698339794806122e-01,-5.18827833268176164e-03,-5.18827807327814413e-03,-4.18906003375058132e-07,-4.18905982430589536e-07,-1.67562392972235814e-06,-2.09452993309741649e-06,-2.09452991215294758e-06
2.22062500000000007e+01,2.22062500000000007e+01,4.60660732454855004e-01,-5.18616105231828328e-03,-5.18616079318722206e-03,-4.18461675849307486e-07,-4.18461654940504801e-07,-1.67384661976201899e-06,-2.09230829561132653e-06,-2.09230827470252363e-06
2.22134999999999998e+01,2.22134999999999998e+01,4.60623140459547553e-01,-5.18404532671112861e-03,-5.18404506785904474e-03,-4.18017964426543352e-07,-4.18017943553882292e-07,-1.67207177421552938e-06,-2.09008973864207252e-06,-2.09008971776941167e-06
2.22207500000000024e+01,2.22207500000000024e+01,4.60585563797617670e-01,-5.18193115422604933e-03,-5.18193089564503509e-03,-4.17574868052968970e-07,-4.17574847215769526e-07,-1.67029938886307811e-06,-2.08787425691604723e-06,-2.08787423607884784e-06
2.22280000000000015e+01,2.22280000000000015e+01,4.60548002457811301e-01,-5.17981853320392815e-03,-5.17981827489890322e-03,-4.17132385674747928e-07,-4.17132364873364531e-07,-1.66852945949345791e-06,-2.08566184516820568e-06,-2.08566182436682265e-06
2.22352500000000006e+01,2.22352500000000006e+01,4.60510456428886217e-01,-5.17770746200696408e-03,-5.17770720397663867e-03,-4.16690516241722583e-07,-4.16690495476009120e-07,-1.66676198190403648e-06,-2.08345249814575901e-06,-2.08345247738004581e-06
2.22424999999999997e+01,2.22424999999999997e+01,4.60472925699612234e-01,-5.17559793899025067e-03,-5.17559768123650957e-03,-4.16249258705119241e-07,-4.16249237975185244e-07,-1.66499695190074076e-06,-2.08124621060586000e-06,-2.08124618987592590e-06
2.22497500000000024e+01,2.22497500000000024e+01,4.60435410258770828e-01,-5.17348996252664506e-03,-5.17348970503905391e-03,-4.15808612019544236e-07,-4.15808591324508844e-07,-1.66323436529803559e-06,-2.07904297731758003e-06,-2.07904295662254454e-06
2.22570000000000014e+01,2.22570000000000014e+01,4.60397910095155627e-01,-5.17138353096058268e-03,-5.17138327374708651e-03,-4.15368575139266205e-07,-4.15368554479726522e-07,-1.66147421791890609e-06,-2.07684279305817240e-06,-2.07684277239863266e-06
2.22642500000000005e+01,2.22642500000000005e+01,4.60360425197571921e-01,-5.16927864266847337e-03,-5.16927838572567994e-03,-4.14929147023066401e-07,-4.14929126398708232e-07,-1.65971650559483271e-06,-2.07464565261789912e-06,-2.07464563199354089e-06
2.22714999999999996e+01,2.22714999999999996e+01,4.60322955554836988e-01,-5.16717529600896341e-03,-5.16717503934217490e-03,-4.14490326630236683e-07,-4.14490306041443998e-07,-1.65796122416577599e-06,-2.07245155079601262e-06,-2.07245153020722004e-06
2.22787500000000023e+01,2.22787500000000023e+01,4.60285501155779764e-01,-5.16507348936556809e-03,-5.16507323296616378e-03,-4.14052112923998083e-07,-4.14052092370037828e-07,-1.65620836948015152e-06,-2.07026048240414982e-06,-2.07026046185018935e-06
2.22860000000000014e+01,2.22860000000000014e+01,4.60248061989241231e-01,-5.16297322109338097e-03,-5.16297296496950105e-03,-4.13614504867220908e-07,-4.13614484348704323e-07,-1.65445793739481729e-06,-2.06807244226203804e-06,-2.06807242174352167e-06
2.22932500000000005e+01,2.22932500000000005e+01,4.60210638044073916e-01,-5.16087448958302275e-03,-5.16087423372628418e-03,-4.13177501427547224e-07,-4.13177480943761319e-07,-1.65270992377504507e-06,-2.06588742520259208e-06,-2.06588740471880617e-06
2.23004999999999995e+01,2.23004999999999995e+01,4.60173229309142284e-01,-5.15877729319669243e-03,-5.15877703761285968e-03,-4.12741101572261758e-07,-4.12741081123626979e-07,-1.65096432449450792e-06,-2.06370542606676973e-06,-2.06370540561813484e-06
2.23077500000000022e+01,2.23077500000000022e+01,4.60135835773322510e-01,-5.15668163032501070e-03,-5.15668137500781623e-03,-4.12305304272839771e-07,-4.12305283858813646e-07,-1.64922113543525480e-06,-2.06152643970809451e-06,-2.06152641929406855e-06
2.23150000000000013e+01,2.23150000000000013e+01,4.60098457425502594e-01,-5.15458749933728200e-03,-5.15458724429198462e-03,-4.11870108500962141e-07,-4.11870088121924195e-07,-1.64748035248769699e-06,-2.05935046098865898e-06,-2.05935044060962140e-06
2.23222500000000004e+01,2.23222500000000004e+01,4.60061094254582137e-01,-5.15249489862057430e-03,-5.15249464384842648e-03,-4.11435513231636313e-07,-4.11435492887645414e-07,-1.64574197155058187e-06,-2.05717748478221802e-06,-2.05717746443822728e-06
2.23294999999999995e+01,2.23294999999999995e+01,4.60023746249472565e-01,-5.15040382656195561e-03,-5.15040357206243520e-03,-4.11001517441771051e-07,-4.11001497132744295e-07,-1.64400598853097718e-06,-2.05500750597274813e-06,-2.05500748566372164e-06
2.23367500000000021e+01,2.23367500000000021e+01,4.59986413399096905e-01,-5.14831428156270476e-03,-5.14831402732153151e-03,-4.10568120111305012e-07,-4.10568099836062536e-07,-1.64227239934425015e-06,-2.05284051945555526e-06,-2.05284049918031268e-06
2.23440000000000012e+01,2.23440000000000012e+01,4.59949095692389898e-01,-5.14622626198502076e-03,-5.14622600801546096e-03,-4.10135320218953049e-07,-4.10135299978512510e-07,-1.64054119991405025e-06,-2.05067652013300330e-06,-2.05067649989256276e-06
2.23512500000000003e+01,2.23512500000000003e+01,4.59911793118298107e-01,-5.14413976623728786e-03,-5.14413951253619040e-03,-4.09703116749002009e-07,-4.09703096543071551e-07,-1.63881238617228642e-06,-2.04851550292128858e-06,-2.04851548271535786e-06
2.23584999999999994e+01,2.23584999999999994e+01,4.59874505665779476e-01,-5.14205479271367949e-03,-5.14205453927789758e-03,-4.09271508686488469e-07,-4.09271488514777136e-07,-1.63708595405910854e-06,-2.04635746274559701e-06,-2.04635744257388557e-06
2.23657500000000020e+01,2.23657500000000020e+01,4.59837233323803718e-01,-5.13997133980836907e-03,-5.13997108663697463e-03,-4.08840495018328254e-07,-4.08840474880722173e-07,-1.63536189952288890e-06,-2.04420239454121705e-06,-2.04420237440361097e-06
2.23730000000000011e+01,2.23730000000000011e+01,4.59799976081352257e-01,-5.13788940591553001e-03,-5.13788915301202631e-03,-4.08410074733313632e-07,-4.08410054630051243e-07,-1.63364021852020497e-06,-2.04205029325351855e-06,-2.04205027315025627e-06
2.23802500000000002e+01,2.23802500000000002e+01,4.59762733927417955e-01,-5.13580898943644115e-03,-5.13580873680385529e-03,-4.07980246822672197e-07,-4.07980226753953718e-07,-1.63192090701581508e-06,-2.03990115383848723e-06,-2.03990113376976864e-06
2.23875000000000028e+01,2.23875000000000028e+01,4.59725506851005383e-01,-5.13373008878659220e-03,-5.13372983641546994e-03,-4.07551010280626122e-07,-4.07550990245660477e-07,-1.63020396098264212e-06,-2.03775497126326845e-06,-2.03775495122830244e-06
2.23947500000000019e+01,2.23947500000000019e+01,4.59688294841130551e-01,-5.13165270236015658e-03,-5.13165245025207391e-03,-4.07122364101566299e-07,-4.07122344100439037e-07,-1.62848937640175636e-06,-2.03561174050332250e-06,-2.03561172050219545e-06
2.24020000000000010e+01,2.24020000000000010e+01,4.59651097886821181e-01,-5.12957682856196584e-03,-5.12957657672106441e-03,-4.06694307282588089e-07,-4.06694287315587996e-07,-1.62677714926235220e-06,-2.03347145654494023e-06,-2.03347143657794014e-06
2.24092500000000001e+01,2.24092500000000001e+01,4.59613915977116427e-01,-5.12750246580395697e-03,-5.12750221423202961e-03,-4.06266838823203755e-07,-4.06266818890432900e-07,-1.62506727556173160e-06,-2.03133411438493519e-06,-2.03133409445216455e-06
2.24165000000000028e+01,2.24165000000000028e+01,4.59576749101066995e-01,-5.12542961250872509e-03,-5.12542936119674084e-03,-4.05839957725617858e-07,-4.05839937826321109e-07,-1.62335975130528401e-06,-2.02919970903090197e-06,-2.02919968913160523e-06
2.24237500000000018e+01,2.24237500000000018e+01,4.59539597247735077e-01,-5.12335826708110176e-03,-5.12335801602915517e-03,-4.05413662992472023e-07,-4.05413643126617617e-07,-1.62165457250647068e-06,-2.02706823549894275e-06,-2.02706821563308814e-06
2.24310000000000009e+01,2.24310000000000009e+01,4.59502460406194357e-01,-5.12128842793302397e-03,-5.12128817714540500e-03,-4.04987953628811546e-07,-4.04987933796699756e-07,-1.61995173518679924e-06,-2.02493968881561084e-06,-2.02493966898349905e-06
2.24382500000000000e+01,2.24382500000000000e+01,4.59465338565530068e-01,-5.11922009348353413e-03,-5.11921984296380157e-03,-4.04562828642080308e-07,-4.04562808843952910e-07,-1.61825123537581164e-06,-2.02281406401789200e-06,-2.02281404421976444e-06
2.24455000000000027e+01,2.24455000000000027e+01,4.59428231714838819e-01,-5.11715326216233279e-03,-5.11715301190482277e-03,-4.04138287042395108e-07,-4.04138267277765004e-07,-1.61655306911105981e-06,-2.02069135615345481e-06,-2.02069133638882486e-06
2.24527500000000018e+01,2.24527500000000018e+01,4.59391139843228713e-01,-5.11508793238846238e-03,-5.11508768239111750e-03,-4.03714327840857527e-07,-4.03714308109523177e-07,-1.61485723243809292e-06,-2.01857156027895060e-06,-2.01857154054761625e-06
2.24600000000000009e+01,2.24600000000000009e+01,4.59354062939819230e-01,-5.11302410258096529e-03,-5.11302385284749788e-03,-4.03290950050392702e-07,-4.03290930352608108e-07,-1.61316372141043243e-06,-2.01645467146082498e-06,-2.01645465176304033e-06
2.24672499999999999e+01,2.24672499999999999e+01,4.59317000993741342e-01,-5.11096177116954209e-03,-5.11096152170093486e-03,-4.02868152686585928e-07,-4.02868133022389315e-07,-1.61147253208955726e-06,-2.01434068477614319e-06,-2.01434066511194636e-06
2.24745000000000026e+01,2.24745000000000026e+01,4.59279953994137236e-01,-5.10890093659455147e-03,-5.10890068738055567e-03,-4.02445934767675941e-07,-4.02445915136220803e-07,-1.60978366054488321e-06,-2.01222959531255926e-06,-2.01222957568110407e-06
2.24817500000000017e+01,2.24817500000000017e+01,4.59242921930160752e-01,-5.10684159726437770e-03,-5.10684134831764381e-03,-4.02024295311192929e-07,-4.02024275713436997e-07,-1.60809710285374778e-06,-2.01012139816494055e-06,-2.01012137856718499e-06
2.24890000000000008e+01,2.24890000000000008e+01,4.59205904790976893e-01,-5.10478375163359033e-03,-5.10478350294562774e-03,-4.01603233340110911e-07,-4.01603213775346807e-07,-1.60641285510138701e-06,-2.00801608844149814e-06,-2.00801606887673366e-06
2.24962499999999999e+01,2.24962499999999999e+01,4.59168902565762094e-01,-5.10272739812123177e-03,-5.10272714970008440e-03,-4.01182747876408323e-07,-4.01182728345230028e-07,-1.60473091338092033e-06,-2.00591366125732865e-06,-2.00591364172615030e-06
2.25035000000000025e+01,2.25035000000000025e+01,4.59131915243704058e-01,-5.10067253518897701e-03,-5.10067228701873050e-03,-4.00762837947214357e-07,-4.00762818448332317e-07,-1.60305127379332927e-06,-2.00381411174054378e-06,-2.00381409224166153e-06
2.25107500000000016e+01,2.25107500000000016e+01,4.59094942814001872e-01,-5.09861916124876302e-03,-5.09861891334142427e-03,-4.00343502577541893e-07,-4.00343483111861267e-07,-1.60137393244744507e-06,-2.00171743502498712e-06,-2.00171741555930644e-06
2.25180000000000007e+01,2.25180000000000007e+01,4.59057985265865942e-01,-5.09656727475515936e-03,-5.09656702711015590e-03,-3.99924740797543392e-07,-3.99924721364980538e-07,-1.59969888545992194e-06,-1.99962362625746523e-06,-1.99962360682490227e-06
2.25252499999999998e+01,2.25252499999999998e+01,4.59021042588517891e-01,-5.09451687415563015e-03,-5.09451662676904671e-03,-3.99506551638597135e-07,-3.99506532238806462e-07,-1.59802612895522585e-06,-1.99753268059382293e-06,-1.99753266119403210e-06
2.25325000000000024e+01,2.25325000000000024e+01,4.58984114771190610e-01,-5.09246795789408679e-03,-5.09246771076434651e-03,-3.99088934133582979e-07,-3.99088914766402756e-07,-1.59635565906561102e-06,-1.99544459319919406e-06,-1.99544457383201357e-06
2.25397500000000015e+01,2.25397500000000015e+01,4.58947201803128424e-01,-5.09042052441444071e-03,-5.09042027754443103e-03,-3.98671887317158648e-07,-3.98671867982777076e-07,-1.59468747193110831e-06,-1.99335935924826695e-06,-1.99335933991388528e-06
2.25470000000000006e+01,2.25470000000000006e+01,4.58910303673586595e-01,-5.08837457217481415e-03,-5.08837432555979234e-03,-3.98255410226867075e-07,-3.98255390924874772e-07,-1.59302156369949909e-06,-1.99127697392636616e-06,-1.99127695462437376e-06
2.25542499999999997e+01,2.25542499999999997e+01,4.58873420371831875e-01,-5.08633009961911853e-03,-5.08632985326304236e-03,-3.97839501900906900e-07,-3.97839482631575871e-07,-1.59135793052630327e-06,-1.98919743242721033e-06,-1.98919741315787909e-06
2.25615000000000023e+01,2.25615000000000023e+01,4.58836551887142119e-01,-5.08428710520902882e-03,-5.08428685910890330e-03,-3.97424161380631593e-07,-3.97424142143689622e-07,-1.58969656857475827e-06,-1.98712072995538976e-06,-1.98712071071844779e-06
2.25687500000000014e+01,2.25687500000000014e+01,4.58799698208806339e-01,-5.08224558740266730e-03,-5.08224534155421025e-03,-3.97009387708875977e-07,-3.97009368503951003e-07,-1.58803747401580380e-06,-1.98504686172467999e-06,-1.98504684251975459e-06
2.25760000000000005e+01,2.25760000000000005e+01,4.58762859326124817e-01,-5.08020554464749807e-03,-5.08020529905790254e-03,-3.96595179929398722e-07,-3.96595160757015060e-07,-1.58638064302806003e-06,-1.98297582295745859e-06,-1.98297580378507493e-06
2.25832499999999996e+01,2.25832499999999996e+01,4.58726035228408990e-01,-5.07816697540519613e-03,-5.07816673008102282e-03,-3.96181537088821577e-07,-3.96181517949453248e-07,-1.58472607179781278e-06,-1.98090760888663430e-06,-1.98090758974726587e-06
2.25905000000000022e+01,2.25905000000000022e+01,4.58689225904981401e-01,-5.07612987816230543e-03,-5.07612963308671106e-03,-3.95768458237453267e-07,-3.95768439129748671e-07,-1.58307375651899426e-06,-1.97884221475644747e-06,-1.97884219564874282e-06
2.25977500000000013e+01,2.25977500000000013e+01,4.58652431345175637e-01,-5.07409425135918468e-03,-5.07409400654020449e-03,-3.95355942423743278e-07,-3.95355923348291791e-07,-1.58142369339316695e-06,-1.97677963581691012e-06,-1.97677961674145879e-06
2.26050000000000004e+01,2.26050000000000004e+01,4.58615651538336666e-01,-5.07206009346816700e-03,-5.07205984890883241e-03,-3.94943988700375627e-07,-3.94943969657375877e-07,-1.57977587862950372e-06,-1.97471986732987919e-06,-1.97471984828687981e-06
2.26122499999999995e+01,2.26122499999999995e+01,4.58578886473820335e-01,-5.07002740296869092e-03,-5.07002715866201187e-03,-3.94532596122322377e-07,-3.94532577111192719e-07,-1.57813030844477088e-06,-1.97266290456709309e-06,-1.97266288555596375e-06
2.26195000000000022e+01,2.26195000000000022e+01,4.58542136140993595e-01,-5.06799617833308957e-03,-5.06799593427124332e-03,-3.94121763745732440e-07,-3.94121744765827539e-07,-1.57648697906331016e-06,-1.97060874280904265e-06,-1.97060872382913749e-06
2.26267500000000013e+01,2.26267500000000013e+01,4.58505400529234552e-01,-5.06596641801237979e-03,-5.06596617421011149e-03,-3.93711490626826405e-07,-3.93711471679256194e-07,-1.57484588671702477e-06,-1.96855737734385129e-06,-1.96855735839628076e-06
2.26340000000000003e+01,2.26340000000000003e+01,4.58468679627932418e-01,-5.06393812050021097e-03,-5.06393787695427668e-03,-3.93301775826864022e-07,-3.93301756911338973e-07,-1.57320702764535589e-06,-1.96650880347222002e-06,-1.96650878455669486e-06
2.26412499999999994e+01,2.26412499999999994e+01,4.58431973426487283e-01,-5.06191128427602166e-03,-5.06191104098147483e-03,-3.92892618407718026e-07,-3.92892599523817057e-07,-1.57157039809526844e-06,-1.96446301650298647e-06,-1.96446299761908529e-06
2.26485000000000021e+01,2.26485000000000021e+01,4.58395281914310393e-01,-5.05988590781214498e-03,-5.05988566477151222e-03,-3.92484017432425928e-07,-3.92483998580308389e-07,-1.56993599432123355e-06,-1.96242001175365932e-06,-1.96241999290154178e-06
2.26557500000000012e+01,2.26557500000000012e+01,4.58358605080824044e-01,-5.05786198959157218e-03,-5.05786174680626383e-03,-3.92075971966564805e-07,-3.92075953146303168e-07,-1.56830381258521246e-06,-1.96037978455177742e-06,-1.96037976573151552e-06
2.26630000000000003e+01,2.26630000000000003e+01,4.58321942915461300e-01,-5.05583952810795267e-03,-5.05583928556966548e-03,-3.91668481078244624e-07,-3.91668462289158829e-07,-1.56667384915663574e-06,-1.95834233023488052e-06,-1.95834231144579452e-06
2.26702499999999993e+01,2.26702499999999993e+01,4.58285295407666493e-01,-5.05381852183006686e-03,-5.05381827954771642e-03,-3.91261543835352584e-07,-3.91261525078096859e-07,-1.56504610031238722e-06,-1.95630764414773991e-06,-1.95630762539048413e-06
2.26775000000000020e+01,2.26775000000000020e+01,4.58248662546894725e-01,-5.05179896926222227e-03,-5.05179872722847159e-03,-3.90855159310227467e-07,-3.90855140584197241e-07,-1.56342056233678896e-06,-1.95427572164701627e-06,-1.95427570292098636e-06
2.26847500000000011e+01,2.26847500000000011e+01,4.58212044322612200e-01,-5.04978086888385747e-03,-5.04978062710204154e-03,-3.90449326574978507e-07,-3.90449307880395543e-07,-1.56179723152158260e-06,-1.95224655809656116e-06,-1.95224653940197819e-06
2.26920000000000002e+01,2.26920000000000002e+01,4.58175440724295946e-01,-5.04776421918862184e-03,-5.04776397766058468e-03,-3.90044044704507077e-07,-3.90044026041477572e-07,-1.56017610416591050e-06,-1.95022014887041763e-06,-1.95022013020738791e-06
2.26992500000000028e+01,2.26992500000000028e+01,4.58138851741433928e-01,-5.04574901867371750e-03,-5.04574877739830466e-03,-3.89639312775676595e-07,-3.89639294144074872e-07,-1.55855717657629949e-06,-1.94819648935197619e-06,-1.94819647072037436e-06
2.27065000000000019e+01,2.27065000000000019e+01,4.58102277363525157e-01,-5.04373526583989928e-03,-5.04373502481145382e-03,-3.89235129867308874e-07,-3.89235111266662075e-07,-1.55694044506664830e-06,-1.94617557493395696e-06,-1.94617555633331038e-06
2.27137500000000010e+01,2.27137500000000010e+01,4.58065717580079301e-01,-5.04172295917726387e-03,-5.04172271839831935e-03,-3.88831495059082657e-07,-3.88831476489550450e-07,-1.55532590595820180e-06,-1.94415740101728446e-06,-1.94415738244775236e-06
2.27210000000000001e+01,2.27210000000000001e+01,4.58029172380617078e-01,-5.03971209719011881e-03,-5.03971185665922587e-03,-3.88428407433450565e-07,-3.88428388894885300e-07,-1.55371355557954099e-06,-1.94214196301299166e-06,-1.94214194447442623e-06
2.27282500000000027e+01,2.27282500000000027e+01,4.57992641754670027e-01,-5.03770267838277164e-03,-5.03770243809653195e-03,-3.88025866074536676e-07,-3.88025847566640885e-07,-1.55210339026656333e-06,-1.94012925634109985e-06,-1.94012923783320422e-06
2.27355000000000018e+01,2.27355000000000018e+01,4.57956125691780569e-01,-5.03569470124887175e-03,-5.03569446121462580e-03,-3.87623870067313532e-07,-3.87623851590616876e-07,-1.55049540636246772e-06,-1.93811927642978130e-06,-1.93811925795308443e-06
2.27427500000000009e+01,2.27427500000000009e+01,4.57919624181501950e-01,-5.03368816429983212e-03,-5.03368792451992352e-03,-3.87222418499786846e-07,-3.87222400054433692e-07,-1.54888960021773456e-06,-1.93611201871752135e-06,-1.93611200027216809e-06
2.27500000000000000e+01,2.27500000000000000e+01,4.57883137213398239e-01,-5.03168306605061844e-03,-5.03168282652085956e-03,-3.86821510461895739e-07,-3.86821492047527844e-07,-1.54728596819011138e-06,-1.93410747865200706e-06,-1.93410746023763911e-06
2.27572500000000026e+01,2.27572500000000026e+01,4.57846664777044166e-01,-5.02967940501619637e-03,-5.02967916572789019e-03,-3.86421145045234960e-07,-3.86421126661148440e-07,-1.54568450664459355e-06,-1.93210565168982867e-06,-1.93210563330574215e-06
2.27645000000000017e+01,2.27645000000000017e+01,4.57810206862025504e-01,-5.02767717969376804e-03,-5.02767694065349002e-03,-3.86021321341688471e-07,-3.86021302988353376e-07,-1.54408521195341329e-06,-1.93010653329510187e-06,-1.93010651494176688e-06
2.27717500000000008e+01,2.27717500000000008e+01,4.57773763457938632e-01,-5.02567638860540455e-03,-5.02567614981214248e-03,-3.85622038446700522e-07,-3.85622020124003721e-07,-1.54248808049601510e-06,-1.92811011894271578e-06,-1.92811010062001882e-06
2.27789999999999999e+01,2.27789999999999999e+01,4.57737334554390751e-01,-5.02367703026607160e-03,-5.02367679172034242e-03,-3.85223295456815131e-07,-3.85223277164761018e-07,-1.54089310865904428e-06,-1.92611640411585957e-06,-1.92611638582380530e-06
2.27862500000000026e+01,2.27862500000000026e+01,4.57700920140999779e-01,-5.02167910320139299e-03,-5.02167886489659002e-03,-3.84825091471035094e-07,-3.84825073209082149e-07,-1.53930029283632859e-06,-1.92412538430736379e-06,-1.92412536604541096e-06
2.27935000000000016e+01,2.27935000000000016e+01,4.57664520207394399e-01,-5.01968260591212356e-03,-5.01968236786138992e-03,-3.84427425588095966e-07,-3.84427407357216054e-07,-1.53770962942886422e-06,-1.92213705501696018e-06,-1.92213703678608032e-06
2.28007500000000007e+01,2.28007500000000007e+01,4.57628134743214066e-01,-5.01768753694165071e-03,-5.01768729913724346e-03,-3.84030296911633973e-07,-3.84030278711198702e-07,-1.53612111484479502e-06,-1.92015141175642910e-06,-1.92015139355599372e-06
2.28079999999999998e+01,2.28079999999999998e+01,4.57591763738108781e-01,-5.01569389480494010e-03,-5.01569365724864949e-03,-3.83633704544738314e-07,-3.83633686374849645e-07,-1.53453474549939879e-06,-1.91816845004413700e-06,-1.91816843187424860e-06
2.28152500000000025e+01,2.28152500000000025e+01,4.57555407181739315e-01,-5.01370167803827371e-03,-5.01370144072209659e-03,-3.83237647593756196e-07,-3.83237629453767155e-07,-1.53295051781506883e-06,-1.91618816540882524e-06,-1.91618814726883583e-06
2.28225000000000016e+01,2.28225000000000016e+01,4.57519065063777208e-01,-5.01171088515661722e-03,-5.01171064808606827e-03,-3.82842125165028208e-07,-3.82842107055325782e-07,-1.53136842822130292e-06,-1.91421055338633118e-06,-1.91421053527662870e-06
2.28297500000000007e+01,2.28297500000000007e+01,4.57482737373904547e-01,-5.00972151469625260e-03,-5.00972127787102910e-03,-3.82447136368143627e-07,-3.82447118288669902e-07,-1.52978847315467982e-06,-1.91223560952282345e-06,-1.91223559144334988e-06
2.28369999999999997e+01,2.28369999999999997e+01,4.57446424101814131e-01,-5.00773356518990909e-03,-5.00773332860942905e-03,-3.82052680314035815e-07,-3.82052662264711644e-07,-1.52821064905884658e-06,-1.91026332937288255e-06,-1.91026331132355827e-06
2.28442500000000024e+01,2.28442500000000024e+01,4.57410125237209253e-01,-5.00574703517386865e-03,-5.00574679883569393e-03,-3.81658756115520449e-07,-3.81658738096125341e-07,-1.52663495238450115e-06,-1.90829370850002181e-06,-1.90829369048062660e-06
2.28515000000000015e+01,2.28515000000000015e+01,4.57373840769804085e-01,-5.00376192318086055e-03,-5.00376168708623146e-03,-3.81265362886751046e-07,-3.81265344897345140e-07,-1.52506137958938056e-06,-1.90632674247613171e-06,-1.90632672448672570e-06
2.28587500000000006e+01,2.28587500000000006e+01,4.57337570689323181e-01,-5.00177822774716674e-03,-5.00177799189941655e-03,-3.80872499743756610e-07,-3.80872481784559286e-07,-1.52348992713823736e-06,-1.90436242688199402e-06,-1.90436240892279659e-06
2.28659999999999997e+01,2.28659999999999997e+01,4.57301314985501750e-01,-4.99979594742328004e-03,-4.99979571181559650e-03,-3.80480165805248805e-07,-3.80480147875706952e-07,-1.52192059150282802e-06,-1.90240075730807677e-06,-1.90240073937853502e-06
2.28732500000000023e+01,2.28732500000000023e+01,4.57265073648085552e-01,-4.99781508073837699e-03,-4.99781484537708317e-03,-3.80088360189913566e-07,-3.80088342290474152e-07,-1.52035336916189682e-06,-1.90044172935181038e-06,-1.90044171145237092e-06
2.28805000000000014e+01,2.28805000000000014e+01,4.57228846666831001e-01,-4.99583562625005584e-03,-4.99583539112815472e-03,-3.79697082020193207e-07,-3.79697064150289832e-07,-1.51878825660115954e-06,-1.89848533862135275e-06,-1.89848532075144932e-06
2.28877500000000005e+01,2.28877500000000005e+01,4.57192634031504896e-01,-4.99385758249815126e-03,-4.99385734761504350e-03,-3.79306330418767902e-07,-3.79306312578321263e-07,-1.51722525031328484e-06,-1.89653158073205264e-06,-1.89653156289160605e-06
2.28949999999999996e+01,2.28949999999999996e+01,4.57156435731884803e-01,-4.99188094802249793e-03,-4.99188071338594469e-03,-3.78916104509905374e-07,-3.78916086699470858e-07,-1.51566434679788322e-06,-1.89458045130778865e-06,-1.89458043349735413e-06
2.29022500000000022e+01,2.29022500000000022e+01,4.57120251757758556e-01,-4.98990572139135224e-03,-4.98990548699099982e-03,-3.78526403421613525e-07,-3.78526385640371312e-07,-1.51410554256148525e-06,-1.89263194598309867e-06,-1.89263192820185651e-06
2.29095000000000013e+01,2.29095000000000013e+01,4.57084082098924649e-01,-4.98793190114099616e-03,-4.98793166698230633e-03,-3.78137226281052168e-07,-3.78137208529382893e-07,-1.51254883411753157e-06,-1.89068606039858385e-06,-1.89068604264691457e-06
2.29167500000000004e+01,2.29167500000000004e+01,4.57047926745192012e-01,-4.98595948582902793e-03,-4.98595925191390541e-03,-3.77748572218573953e-07,-3.77748554496588100e-07,-1.51099421798635261e-06,-1.88874279020492651e-06,-1.88874277248294066e-06
2.29239999999999995e+01,2.29239999999999995e+01,4.57011785686380123e-01,-4.98398847401304579e-03,-4.98398824034178289e-03,-3.77360440366103039e-07,-3.77360422673788697e-07,-1.50944169069515479e-06,-1.88680213106125793e-06,-1.88680211336894343e-06
2.29312500000000021e+01,2.29312500000000021e+01,4.56975658912318783e-01,-4.98201886426130613e-03,-4.98201863082386228e-03,-3.76972829857937396e-07,-3.76972812194500896e-07,-1.50789124877800337e-06,-1.88486407863594077e-06,-1.88486406097250438e-06
2.29385000000000012e+01,2.29385000000000012e+01,4.56939546412848341e-01,-4.98005065511719636e-03,-4.98005042192000737e-03,-3.76585739828057623e-07,-3.76585722193952657e-07,-1.50634288877581042e-06,-1.88292862860386809e-06,-1.88292861096976297e-06
2.29457500000000003e+01,2.29457500000000003e+01,4.56903448177819582e-01,-4.97808384514542013e-03,-4.97808361219201356e-03,-3.76199169413618891e-07,-3.76199151809078497e-07,-1.50479660723631378e-06,-1.88099577664993261e-06,-1.88099575904539233e-06
2.29529999999999994e+01,2.29529999999999994e+01,4.56867364197093728e-01,-4.97611843291778655e-03,-4.97611820020360876e-03,-3.75813117753869970e-07,-3.75813100178516426e-07,-1.50325240071406570e-06,-1.87906551846793573e-06,-1.87906550089258208e-06
2.29602500000000020e+01,2.29602500000000020e+01,4.56831294460542214e-01,-4.97415441700255201e-03,-4.97415418452044466e-03,-3.75427583989343682e-07,-3.75427566442603387e-07,-1.50171026577041334e-06,-1.87713784975975697e-06,-1.87713783221301673e-06
2.29675000000000011e+01,2.29675000000000011e+01,4.56795238958047189e-01,-4.97219179595020933e-03,-4.97219156371010284e-03,-3.75042567260783177e-07,-3.75042549743372510e-07,-1.50017019897349004e-06,-1.87521276623427322e-06,-1.87521274871686255e-06
2.29747500000000002e+01,2.29747500000000002e+01,4.56759197679500961e-01,-4.97023056833967303e-03,-4.97023033634208175e-03,-3.74658066712623556e-07,-3.74658049224547757e-07,-1.49863219689819103e-06,-1.87329026361081458e-06,-1.87329024612273879e-06
2.29820000000000029e+01,2.29820000000000029e+01,4.56723170614806218e-01,-4.96827073275341036e-03,-4.96827050098779671e-03,-3.74274081491109130e-07,-3.74274064031540861e-07,-1.49709625612616344e-06,-1.87137033761727257e-06,-1.87137032015770430e-06
2.29892500000000020e+01,2.29892500000000020e+01,4.56687157753876027e-01,-4.96631228774901956e-03,-4.96631205622058165e-03,-3.73890610742149686e-07,-3.73890593311447823e-07,-1.49556237324579108e-06,-1.86945298398794076e-06,-1.86945296655723895e-06
2.29965000000000011e+01,2.29965000000000011e+01,4.56651159086633895e-01,-4.96435523190541517e-03,-4.96435500061567954e-03,-3.73507653614797818e-07,-3.73507636213044206e-07,-1.49403054485217683e-06,-1.86753819846697454e-06,-1.86753818106522093e-06
2.30037500000000001e+01,2.30037500000000001e+01,4.56615174603013430e-01,-4.96239956380151170e-03,-4.96239933275024071e-03,-3.73125209259637877e-07,-3.73125191886781694e-07,-1.49250076754712699e-06,-1.86562597680676476e-06,-1.86562595943390874e-06
2.30110000000000028e+01,2.30110000000000028e+01,4.56579204292958729e-01,-4.96044528201977641e-03,-4.96044505120332279e-03,-3.72743276829050133e-07,-3.72743259484784330e-07,-1.49097303793913774e-06,-1.86371631476818788e-06,-1.86371629742392197e-06
2.30182500000000019e+01,2.30182500000000019e+01,4.56543248146424108e-01,-4.95849238513557111e-03,-4.95849215455588556e-03,-3.72361855476406574e-07,-3.72361838160845129e-07,-1.48944735264338051e-06,-1.86180920811978703e-06,-1.86180919080422559e-06
2.30255000000000010e+01,2.30255000000000010e+01,4.56507306153374259e-01,-4.95654087173136304e-03,-4.95654064139078657e-03,-3.71980944357135358e-07,-3.71980927070421208e-07,-1.48792370828168483e-06,-1.85990465263882008e-06,-1.85990463535210604e-06
2.30327500000000001e+01,2.30327500000000001e+01,4.56471378303783981e-01,-4.95459074040383030e-03,-4.95459051029277855e-03,-3.71600542629249209e-07,-3.71600525370630613e-07,-1.48640210148252266e-06,-1.85800264411177182e-06,-1.85800262685315322e-06
2.30400000000000027e+01,2.30400000000000027e+01,4.56435464587638395e-01,-4.95264198972478198e-03,-4.95264175984850598e-03,-3.71220649450409912e-07,-3.71220632220248552e-07,-1.48488252888099442e-06,-1.85610317833140438e-06,-1.85610316110124292e-06
2.30472500000000018e+01,2.30472500000000018e+01,4.56399564994933005e-01,-4.95069461828379076e-03,-4.95069438864650848e-03,-3.70841263981124542e-07,-3.70841246779704016e-07,-1.48336498711881607e-06,-1.85420625109994066e-06,-1.85420623389852008e-06
2.30545000000000009e+01,2.30545000000000009e+01,4.56363679515673304e-01,-4.94874862468464016e-03,-4.94874839527720527e-03,-3.70462385384472085e-07,-3.70462368211074956e-07,-1.48184947284429961e-06,-1.85231185822877180e-06,-1.85231184105537446e-06
2.30617500000000000e+01,2.30617500000000000e+01,4.56327808139875113e-01,-4.94680400750269200e-03,-4.94680377833290122e-03,-3.70084012822907580e-07,-3.70083995678085267e-07,-1.48033598271234085e-06,-1.85041999553524849e-06,-1.85041997839042623e-06
2.30690000000000026e+01,2.30690000000000026e+01,4.56291950857564466e-01,-4.94486076534528252e-03,-4.94486053640778075e-03,-3.69706145462781042e-07,-3.69706128346100603e-07,-1.47882451338440284e-06,-1.84853065884718393e-06,-1.84853064173050349e-06
2.30762500000000017e+01,2.30762500000000017e+01,4.56256107658777610e-01,-4.94291889679843166e-03,-4.94291866809790960e-03,-3.69328782470346028e-07,-3.69328765382126056e-07,-1.47731506152850422e-06,-1.84664384399885020e-06,-1.84664382691063028e-06
2.30835000000000008e+01,2.30835000000000008e+01,4.56220278533560897e-01,-4.94097840046592296e-03,-4.94097817200122268e-03,-3.68951923014678412e-07,-3.68951905954800056e-07,-1.47580762381920001e-06,-1.84475954683387842e-06,-1.84475952977400001e-06
2.30907499999999999e+01,2.30907499999999999e+01,4.56184463471970836e-01,-4.93903927495153994e-03,-4.93903904671752578e-03,-3.68575566266344579e-07,-3.68575549234392370e-07,-1.47430219693756927e-06,-1.84287776320391395e-06,-1.84287774617196158e-06
2.30980000000000025e+01,2.30980000000000025e+01,4.56148662464074095e-01,-4.93710151885551340e-03,-4.93710129084849389e-03,-3.68199711397132759e-07,-3.68199694392799701e-07,-1.47279877757119880e-06,-1.84099848896833151e-06,-1.84099847196399856e-06
2.31052500000000016e+01,2.31052500000000016e+01,4.56112875499947446e-01,-4.93516513077096874e-03,-4.93516490299766766e-03,-3.67824357579786849e-07,-3.67824340603542727e-07,-1.47129736241417112e-06,-1.83912171999395802e-06,-1.83912170301771395e-06
2.31125000000000007e+01,2.31125000000000007e+01,4.56077102569677928e-01,-4.93323010930524219e-03,-4.93322988177044824e-03,-3.67449503989591896e-07,-3.67449487041761494e-07,-1.46979794816704576e-06,-1.83724745215663771e-06,-1.83724743520880736e-06
2.31197499999999998e+01,2.31197499999999998e+01,4.56041343663362519e-01,-4.93129645307988085e-03,-4.93129622577409468e-03,-3.67075149804368064e-07,-3.67075132884211975e-07,-1.46830053153684790e-06,-1.83537568134121602e-06,-1.83537566442105993e-06
2.31270000000000024e+01,2.31270000000000024e+01,4.56005598771108245e-01,-4.92936416069156280e-03,-4.92936393361772130e-03,-3.66701294201557317e-07,-3.66701277309262735e-07,-1.46680510923705094e-06,-1.83350640343860820e-06,-1.83350638654631378e-06
2.31342500000000015e+01,2.31342500000000015e+01,4.55969867883032454e-01,-4.92743323075472972e-03,-4.92743300391229946e-03,-3.66327936361395874e-07,-3.66327919496891491e-07,-1.46531167798756575e-06,-1.83163961434896157e-06,-1.83163959748445724e-06
2.31415000000000006e+01,2.31415000000000006e+01,4.55934150989262321e-01,-4.92550366188737598e-03,-4.92550343527064279e-03,-3.65955075465850444e-07,-3.65955058628680184e-07,-1.46382023451472095e-06,-1.82977530998057144e-06,-1.82977529314340108e-06
2.31487499999999997e+01,2.31487499999999997e+01,4.55898448079935126e-01,-4.92357545269328511e-03,-4.92357522630741500e-03,-3.65582710697296321e-07,-3.65582693887812869e-07,-1.46233077555125169e-06,-1.82791348624854796e-06,-1.82791346943906456e-06
2.31560000000000024e+01,2.31560000000000024e+01,4.55862759145198304e-01,-4.92164860179045149e-03,-4.92164837563912466e-03,-3.65210841240626079e-07,-3.65210824459071155e-07,-1.46084329783628441e-06,-1.82605413907691054e-06,-1.82605412229535551e-06
2.31632500000000014e+01,2.31632500000000014e+01,4.55827084175209174e-01,-4.91972310781108035e-03,-4.91972288188411745e-03,-3.64839466283243951e-07,-3.64839449528830981e-07,-1.45935779811532414e-06,-1.82419726439856804e-06,-1.82419724764415512e-06
2.31705000000000005e+01,2.31705000000000005e+01,4.55791423160135101e-01,-4.91779896935540251e-03,-4.91779874366257870e-03,-3.64468585011636045e-07,-3.64468568285058854e-07,-1.45787427314023520e-06,-1.82234285815187125e-06,-1.82234284142529416e-06
2.31777499999999996e+01,2.31777499999999996e+01,4.55755776090153497e-01,-4.91587618505562318e-03,-4.91587595959652561e-03,-3.64098196616111495e-07,-3.64098179917307932e-07,-1.45639271966923152e-06,-1.82049091628534301e-06,-1.82049089958653950e-06
2.31850000000000023e+01,2.31850000000000023e+01,4.55720142955451712e-01,-4.91395475354039490e-03,-4.91395452830980899e-03,-3.63728300288162372e-07,-3.63728283616714955e-07,-1.45491313446685982e-06,-1.81864143475502230e-06,-1.81864141808357478e-06
2.31922500000000014e+01,2.31922500000000014e+01,4.55684523746227144e-01,-4.91203467343126476e-03,-4.91203444842810803e-03,-3.63358895220198981e-07,-3.63358878575996750e-07,-1.45343551430398700e-06,-1.81679440952418598e-06,-1.81679439287998370e-06
2.31995000000000005e+01,2.31995000000000005e+01,4.55648918452686957e-01,-4.91011594335688528e-03,-4.91011571857892341e-03,-3.62989980606599022e-07,-3.62989963989445994e-07,-1.45195985595778398e-06,-1.81494983656438305e-06,-1.81494981994722992e-06
2.32067499999999995e+01,2.32067499999999995e+01,4.55613327065048479e-01,-4.90819856193880355e-03,-4.90819833739158332e-03,-3.62621555642652503e-07,-3.62621539052927937e-07,-1.45048615621171175e-06,-1.81310771185436420e-06,-1.81310769526463969e-06
2.32140000000000022e+01,2.32140000000000022e+01,4.55577749573538804e-01,-4.90628252781988294e-03,-4.90628230349722961e-03,-3.62253619526660050e-07,-3.62253602963877008e-07,-1.44901441185550782e-06,-1.81126803138216782e-06,-1.81126801481938488e-06
2.32212500000000013e+01,2.32212500000000013e+01,4.55542185968395075e-01,-4.90436783962167056e-03,-4.90436761552882645e-03,-3.61886171456778505e-07,-3.61886154921293376e-07,-1.44754461968517350e-06,-1.80943079114195212e-06,-1.80943077460646693e-06
2.32285000000000004e+01,2.32285000000000004e+01,4.55506636239864315e-01,-4.90245449598702976e-03,-4.90245427212114733e-03,-3.61519210634167073e-07,-3.61519194125739088e-07,-1.44607677650295635e-06,-1.80759598713712343e-06,-1.80759597062869544e-06
2.32357499999999995e+01,2.32357499999999995e+01,4.55471100378203264e-01,-4.90054249554816579e-03,-4.90054227191077593e-03,-3.61152736260622879e-07,-3.61152719779334254e-07,-1.44461087911733723e-06,-1.80576361537796005e-06,-1.80576359889667143e-06
2.32430000000000021e+01,2.32430000000000021e+01,4.55435578373678818e-01,-4.89863183694794202e-03,-4.89863161353610525e-03,-3.60786747540150841e-07,-3.60786731085754453e-07,-1.44314692434301760e-06,-1.80393367188316849e-06,-1.80393365542877211e-06
2.32502500000000012e+01,2.32502500000000012e+01,4.55400070216567532e-01,-4.89672251882566911e-03,-4.89672229563733238e-03,-3.60421243677912129e-07,-3.60421227250226554e-07,-1.44168490900090579e-06,-1.80210615267881787e-06,-1.80210613625113245e-06
2.32575000000000003e+01,2.32575000000000003e+01,4.55364575897155843e-01,-4.89481453981710501e-03,-4.89481431685645334e-03,-3.60056223880221941e-07,-3.60056207479524901e-07,-1.44022482991809960e-06,-1.80028105379832149e-06,-1.80028103739762445e-06
2.32647499999999994e+01,2.32647499999999994e+01,4.55329095405740181e-01,-4.89290789856511310e-03,-4.89290767583726652e-03,-3.59691687355331478e-07,-3.59691670981968932e-07,-1.43876668392787594e-06,-1.79845837128320747e-06,-1.79845835490984482e-06
2.32720000000000020e+01,2.32720000000000020e+01,4.55293628732626576e-01,-4.89100259373387303e-03,-4.89100237122536228e-03,-3.59327633314466929e-07,-3.59327616967418415e-07,-1.43731046786967366e-06,-1.79663810118414064e-06,-1.79663808483709213e-06
2.32792500000000011e+01,2.32792500000000011e+01,4.55258175868131054e-01,-4.88909862395203731e-03,-4.88909840166812729e-03,-3.58964060967648576e-07,-3.58964044647271117e-07,-1.43585617858908426e-06,-1.79482023955673273e-06,-1.79482022323635537e-06
2.32865000000000002e+01,2.32865000000000002e+01,4.55222736802579298e-01,-4.88719598786957476e-03,-4.88719576581473497e-03,-3.58600969527866872e-07,-3.58600953234458360e-07,-1.43440381293783302e-06,-1.79300478246569978e-06,-1.79300476617229132e-06
2.32937500000000028e+01,2.32937500000000028e+01,4.55187311526306870e-01,-4.88529468415421775e-03,-4.88529446231614466e-03,-3.58238358210814043e-07,-3.58238341943441788e-07,-1.43295336777376736e-06,-1.79119172598458141e-06,-1.79119170971720926e-06
2.33010000000000019e+01,2.33010000000000019e+01,4.55151900029659051e-01,-4.88339471143461878e-03,-4.88339448982510419e-03,-3.57876226230712022e-07,-3.57876209990210988e-07,-1.43150483996084395e-06,-1.78938106619155597e-06,-1.78938104995105489e-06
2.33082500000000010e+01,2.33082500000000010e+01,4.55116502302991055e-01,-4.88149606838206296e-03,-4.88149584699613948e-03,-3.57514572806302407e-07,-3.57514556592278510e-07,-1.43005822636911404e-06,-1.78757279917541645e-06,-1.78757278296139255e-06
2.33155000000000001e+01,2.33155000000000001e+01,4.55081118336667534e-01,-4.87959875364651907e-03,-4.87959853248555193e-03,-3.57153397156153574e-07,-3.57153380968676961e-07,-1.42861352387470806e-06,-1.78576692103086173e-06,-1.78576690484338491e-06
2.33227500000000028e+01,2.33227500000000028e+01,4.55045748121063132e-01,-4.87770276589216678e-03,-4.87770254495142191e-03,-3.56792698501261605e-07,-3.56792682339956086e-07,-1.42717072935982435e-06,-1.78396342786108584e-06,-1.78396341169978043e-06
2.33300000000000018e+01,2.33300000000000018e+01,4.55010391646562096e-01,-4.87580810376542217e-03,-4.87580788305360096e-03,-3.56432476062706648e-07,-3.56432459928178911e-07,-1.42572983971271586e-06,-1.78216231577542250e-06,-1.78216229964089477e-06
2.33372500000000009e+01,2.33372500000000009e+01,4.54975048903558499e-01,-4.87391476594467576e-03,-4.87391454545371087e-03,-3.56072729065288014e-07,-3.56072712956918560e-07,-1.42429085182767424e-06,-1.78036358089296220e-06,-1.78036356478459275e-06
2.33445000000000000e+01,2.33445000000000000e+01,4.54939719882455906e-01,-4.87202275108700178e-03,-4.87202253081513766e-03,-3.55713456733622955e-07,-3.55713440651254290e-07,-1.42285376260501695e-06,-1.77856721933863995e-06,-1.77856720325627124e-06
2.33517500000000027e+01,2.33517500000000027e+01,4.54904404573667709e-01,-4.87013205785657988e-03,-4.87013183780303071e-03,-3.55354658294223007e-07,-3.55354642237768521e-07,-1.42141856895107408e-06,-1.77677322724529698e-06,-1.77677321118884260e-06
2.33590000000000018e+01,2.33590000000000018e+01,4.54869102967617012e-01,-4.86824268491048429e-03,-4.86824246508430359e-03,-3.54996332974453197e-07,-3.54996316944544035e-07,-1.41998526777817614e-06,-1.77498160075262934e-06,-1.77498158472272012e-06
2.33662500000000009e+01,2.33662500000000009e+01,4.54833815054736523e-01,-4.86635463093065823e-03,-4.86635441132762542e-03,-3.54638480004860854e-07,-3.54638464001159632e-07,-1.41855385600463811e-06,-1.77319233600949901e-06,-1.77319232000579784e-06
2.33734999999999999e+01,2.33734999999999999e+01,4.54798540825468500e-01,-4.86446789458483408e-03,-4.86446767520341914e-03,-3.54281098616321057e-07,-3.54281082638686851e-07,-1.41712433055474740e-06,-1.77140542917106846e-06,-1.77140541319343431e-06
2.33807500000000026e+01,2.33807500000000026e+01,4.54763280270264969e-01,-4.86258247454784964e-03,-4.86258225538386234e-03,-3.53924188041588769e-07,-3.53924172089687371e-07,-1.41569668835874948e-06,-1.76962087640033815e-06,-1.76962086044843685e-06
2.33880000000000017e+01,2.33880000000000017e+01,4.54728033379587560e-01,-4.86069836948388456e-03,-4.86069815054288035e-03,-3.53567747514002557e-07,-3.53567731588209255e-07,-1.41427092635283681e-06,-1.76783867386683937e-06,-1.76783865794104617e-06
2.33952500000000008e+01,2.33952500000000008e+01,4.54692800143907450e-01,-4.85881557807488207e-03,-4.85881535935614537e-03,-3.53211776269549662e-07,-3.53211760369783089e-07,-1.41284704147913257e-06,-1.76605881774868217e-06,-1.76605880184891576e-06
2.34024999999999999e+01,2.34024999999999999e+01,4.54657580553705476e-01,-4.85693409899923267e-03,-4.85693388050107300e-03,-3.52856273545311372e-07,-3.52856257671419591e-07,-1.41142503068567836e-06,-1.76428130423098984e-06,-1.76428128835709795e-06
2.34097500000000025e+01,2.34097500000000025e+01,4.54622374599471912e-01,-4.85505393094243232e-03,-4.85505371265681877e-03,-3.52501238580234514e-07,-3.52501222731605384e-07,-1.41000489092642154e-06,-1.76250612950665610e-06,-1.76250611365802697e-06
2.34170000000000016e+01,2.34170000000000016e+01,4.54587182271706858e-01,-4.85317507256510794e-03,-4.85317485450427900e-03,-3.52146670612807404e-07,-3.52146654790300770e-07,-1.40858661916120287e-06,-1.76073328977401033e-06,-1.76073327395150369e-06
2.34242500000000007e+01,2.34242500000000007e+01,4.54552003560919737e-01,-4.85129752257051905e-03,-4.85129730472608212e-03,-3.51792568885957288e-07,-3.51792553088935176e-07,-1.40717021235574070e-06,-1.75896278124169789e-06,-1.75896276544467593e-06
2.34314999999999998e+01,2.34314999999999998e+01,4.54516838457629579e-01,-4.84942127962995073e-03,-4.84942106200658956e-03,-3.51438932641631183e-07,-3.51438916870404612e-07,-1.40575566748161845e-06,-1.75719460012324963e-06,-1.75719458435202301e-06
2.34387500000000024e+01,2.34387500000000024e+01,4.54481686952365072e-01,-4.84754634243955707e-03,-4.84754612503189228e-03,-3.51085761124917856e-07,-3.51085745379068287e-07,-1.40434298151627272e-06,-1.75542874264119063e-06,-1.75542872689534090e-06
2.34460000000000015e+01,2.34460000000000015e+01,4.54446549035664227e-01,-4.84567270968128128e-03,-4.84567249248980814e-03,-3.50733053581210531e-07,-3.50733037860745481e-07,-1.40293215144298192e-06,-1.75366520502419245e-06,-1.75366518930372746e-06
2.34532500000000006e+01,2.34532500000000006e+01,4.54411424698074717e-01,-4.84380038004061930e-03,-4.84380016306988018e-03,-3.50380809257492101e-07,-3.50380793562711684e-07,-1.40152317425084716e-06,-1.75190398350833926e-06,-1.75190396781355884e-06
2.34604999999999997e+01,2.34604999999999997e+01,4.54376313930153652e-01,-4.84192935221017251e-03,-4.84192913546337058e-03,-3.50029027402589078e-07,-3.50029011733696211e-07,-1.40011604693478484e-06,-1.75014507433737387e-06,-1.75014505866848111e-06
2.34677500000000023e+01,2.34677500000000023e+01,4.54341216722467633e-01,-4.84005962489320041e-03,-4.84005940836325973e-03,-3.49677707267423375e-07,-3.49677691623877810e-07,-1.39871076649551145e-06,-1.74838847376293493e-06,-1.74838845811938921e-06
2.34750000000000014e+01,2.34750000000000014e+01,4.54306133065592699e-01,-4.83819119678230436e-03,-4.83819098046424541e-03,-3.49326848103468853e-07,-3.49326832484882755e-07,-1.39730732993953102e-06,-1.74663417804299987e-06,-1.74663416242441388e-06
2.34822500000000005e+01,2.34822500000000005e+01,4.54271062950114324e-01,-4.83632406656298031e-03,-4.83632385046273584e-03,-3.48976449163006701e-07,-3.48976433569780346e-07,-1.39590573427912138e-06,-1.74488218344212819e-06,-1.74488216784890173e-06
2.34894999999999996e+01,2.34894999999999996e+01,4.54236006366627532e-01,-4.83445823293848775e-03,-4.83445801705685053e-03,-3.48626509700918395e-07,-3.48626494133080582e-07,-1.39450597653232233e-06,-1.74313248623324067e-06,-1.74313247066540296e-06
2.34967500000000022e+01,2.34967500000000022e+01,4.54200963305736671e-01,-4.83259369461208621e-03,-4.83259347894641426e-03,-3.48277028973398363e-07,-3.48277013430730345e-07,-1.39310805372292138e-06,-1.74138508269631980e-06,-1.74138506715365167e-06
2.35040000000000013e+01,2.35040000000000013e+01,4.54165933758055640e-01,-4.83073045027992976e-03,-4.83073023483296046e-03,-3.47928006237440103e-07,-3.47927990720110917e-07,-1.39171196288044388e-06,-1.73963996911788398e-06,-1.73963995360055485e-06
2.35112500000000004e+01,2.35112500000000004e+01,4.54130917714207605e-01,-4.82886849865238332e-03,-4.82886828341972003e-03,-3.47579440752368942e-07,-3.47579425260033846e-07,-1.39031770104013559e-06,-1.73789714179250459e-06,-1.73789712630016949e-06
2.35184999999999995e+01,2.35184999999999995e+01,4.54095915164825170e-01,-4.82700783843270642e-03,-4.82700762341162475e-03,-3.47231331778303295e-07,-3.47231316310738459e-07,-1.38892526524295405e-06,-1.73615659702125734e-06,-1.73615658155369246e-06
2.35257500000000022e+01,2.35257500000000022e+01,4.54060926100550322e-01,-4.82514846831705313e-03,-4.82514825351530036e-03,-3.46883678576153340e-07,-3.46883663133888162e-07,-1.38753465253555243e-06,-1.73441833111170583e-06,-1.73441831566944054e-06
2.35330000000000013e+01,2.35330000000000013e+01,4.54025950512034537e-01,-4.82329038702644652e-03,-4.82329017243907001e-03,-3.46536480409917698e-07,-3.46536464992568046e-07,-1.38614585997027219e-06,-1.73268234038018994e-06,-1.73268232496284034e-06
2.35402500000000003e+01,2.35402500000000003e+01,4.53990988389938455e-01,-4.82143359326414611e-03,-4.82143337889294303e-03,-3.46189736543613305e-07,-3.46189721151280560e-07,-1.38475888460512245e-06,-1.73094862114873570e-06,-1.73094860575640301e-06
2.35474999999999994e+01,2.35474999999999994e+01,4.53956039724932203e-01,-4.81957808574406954e-03,-4.81957787158862096e-03,-3.45843446243317399e-07,-3.45843430875943538e-07,-1.38337372350377415e-06,-1.72921716974709155e-06,-1.72921715437971774e-06
2.35547500000000021e+01,2.35547500000000021e+01,4.53921104507695072e-01,-4.81772386318723989e-03,-4.81772364923948454e-03,-3.45497608776906741e-07,-3.45497593433885871e-07,-1.38199037373554327e-06,-1.72748798251245007e-06,-1.72748796716942909e-06
2.35620000000000012e+01,2.35620000000000012e+01,4.53886182728916010e-01,-4.81587092428981123e-03,-4.81587071056060589e-03,-3.45152223411762575e-07,-3.45152208093845698e-07,-1.38060883237538300e-06,-1.72576105578714553e-06,-1.72576104046922870e-06
2.35692500000000003e+01,2.35692500000000003e+01,4.53851274379292902e-01,-4.81401926777991207e-03,-4.81401905426872851e-03,-3.44807289418844863e-07,-3.44807274125966174e-07,-1.37922909650386448e-06,-1.72403638592270929e-06,-1.72403637062983076e-06
2.35765000000000029e+01,2.35765000000000029e+01,4.53816379449533125e-01,-4.81216889238922363e-03,-4.81216867908227514e-03,-3.44462806070647541e-07,-3.44462790801792294e-07,-1.37785116320716917e-06,-1.72231396927781682e-06,-1.72231395400896141e-06
2.35837500000000020e+01,2.35837500000000020e+01,4.53781497930353273e-01,-4.81031979681745270e-03,-4.81031958372134683e-03,-3.44118772638654881e-07,-3.44118757394269145e-07,-1.37647502957707658e-06,-1.72059380221573151e-06,-1.72059378697134583e-06
2.35910000000000011e+01,2.35910000000000011e+01,4.53746629812479318e-01,-4.80847197978206964e-03,-4.80847176690771174e-03,-3.43775188396900832e-07,-3.43775173177737091e-07,-1.37510069271094815e-06,-1.71887588110784893e-06,-1.71887586588868514e-06
2.35982500000000002e+01,2.35982500000000002e+01,4.53711775086646396e-01,-4.80662544002896652e-03,-4.80662522736480854e-03,-3.43432052622724519e-07,-3.43432037427929492e-07,-1.37372814971171797e-06,-1.71716020233444259e-06,-1.71716018713964751e-06
2.36055000000000028e+01,2.36055000000000028e+01,4.53676933743598854e-01,-4.80478017627206100e-03,-4.80477996381774124e-03,-3.43089364592448572e-07,-3.43089349421969425e-07,-1.37235739768787770e-06,-1.71544676228032633e-06,-1.71544674710984702e-06
2.36127500000000019e+01,2.36127500000000019e+01,4.53642105774090421e-01,-4.80293618723237614e-03,-4.80293597499328092e-03,-3.42747123584173280e-07,-3.42747108438367357e-07,-1.37098843375346921e-06,-1.71373555733764249e-06,-1.71373554219183662e-06
2.36200000000000010e+01,2.36200000000000010e+01,4.53607291168883986e-01,-4.80109347164869860e-03,-4.80109325961985533e-03,-3.42405328878531350e-07,-3.42405313757016584e-07,-1.36962125502806634e-06,-1.71202658390659763e-06,-1.71202656878508297e-06
2.36272500000000001e+01,2.36272500000000001e+01,4.53572489918751542e-01,-4.79925202824915687e-03,-4.79925181642755234e-03,-3.42063979756656664e-07,-3.42063964659191387e-07,-1.36825585863676534e-06,-1.71031983839342195e-06,-1.71031982329595667e-06
2.36345000000000027e+01,2.36345000000000027e+01,4.53537702014474353e-01,-4.79741185576187945e-03,-4.79741164414811301e-03,-3.41723075500942752e-07,-3.41723060427542952e-07,-1.36689224171017181e-06,-1.70861531721111451e-06,-1.70861530213771471e-06
2.36417500000000018e+01,2.36417500000000018e+01,4.53502927446843063e-01,-4.79557295290788943e-03,-4.79557274151493681e-03,-3.41382615394535255e-07,-3.41382600346097939e-07,-1.36553040138439176e-06,-1.70691301677892696e-06,-1.70691300173048964e-06
2.36490000000000009e+01,2.36490000000000009e+01,4.53468166206657197e-01,-4.79373531844728973e-03,-4.79373510726306771e-03,-3.41042598724615712e-07,-3.41042583700253455e-07,-1.36417033480101403e-06,-1.70521293352562969e-06,-1.70521291850126759e-06
2.36562500000000000e+01,2.36562500000000000e+01,4.53433418284725553e-01,-4.79189895110110342e-03,-4.79189874012920028e-03,-3.40703024776833965e-07,-3.40703009776775253e-07,-1.36281203910710101e-06,-1.70351506388393498e-06,-1.70351504888387616e-06
2.36635000000000026e+01,2.36635000000000026e+01,4.53398683671866143e-01,-4.79006384961877529e-03,-4.79006363885167100e-03,-3.40363892840110618e-07,-3.40363877863794135e-07,-1.36145551145517654e-06,-1.70181940429528716e-06,-1.70181938931897067e-06
2.36707500000000017e+01,2.36707500000000017e+01,4.53363962358906081e-01,-4.78823001272843385e-03,-4.78822980217046435e-03,-3.40025202203096392e-07,-3.40025187250803828e-07,-1.36010074900321510e-06,-1.70012595120631144e-06,-1.70012593625401893e-06
2.36780000000000008e+01,2.36780000000000008e+01,4.53329254336681586e-01,-4.78639743917597116e-03,-4.78639722882719804e-03,-3.39686952156947318e-07,-3.39686937228656332e-07,-1.35874774891462554e-06,-1.69843470107157291e-06,-1.69843468614328192e-06
2.36852499999999999e+01,2.36852499999999999e+01,4.53294559596038038e-01,-4.78456612770017387e-03,-4.78456591756513082e-03,-3.39349141993554968e-07,-3.39349127089560593e-07,-1.35739650835824237e-06,-1.69674565035179734e-06,-1.69674563544780286e-06
2.36925000000000026e+01,2.36925000000000026e+01,4.53259878127829918e-01,-4.78273607705759218e-03,-4.78273586712915384e-03,-3.39011771007308129e-07,-3.39011756127078375e-07,-1.35604702450831350e-06,-1.69505879551562157e-06,-1.69505878063539187e-06
2.36997500000000016e+01,2.36997500000000016e+01,4.53225209922920702e-01,-4.78090728598701276e-03,-4.78090707626579060e-03,-3.38674838492569963e-07,-3.38674823636121876e-07,-1.35469929454448771e-06,-1.69337413303705773e-06,-1.69337411818060954e-06
2.37070000000000007e+01,2.37070000000000007e+01,4.53190554972183135e-01,-4.77907975323077494e-03,-4.77907954372319525e-03,-3.38338343745188216e-07,-3.38338328912950395e-07,-1.35335331565180137e-06,-1.69169165939698969e-06,-1.69169164456475182e-06
2.37142499999999998e+01,2.37142499999999998e+01,4.53155913266498844e-01,-4.77725347755608709e-03,-4.77725326825114479e-03,-3.38002286064000450e-07,-3.38002271255167473e-07,-1.35200908502066989e-06,-1.69001137108467045e-06,-1.69001135627583736e-06
2.37215000000000025e+01,2.37215000000000025e+01,4.53121284796758561e-01,-4.77542845770173585e-03,-4.77542824860104249e-03,-3.37666664747057596e-07,-3.37666649961717555e-07,-1.35066659984687001e-06,-1.68833326459392760e-06,-1.68833324980858762e-06
2.37287500000000016e+01,2.37287500000000016e+01,4.53086669553862231e-01,-4.77360469241361329e-03,-4.77360448352591449e-03,-3.37331479094139171e-07,-3.37331464332884141e-07,-1.34932585733153656e-06,-1.68665733642567568e-06,-1.68665732166442065e-06
2.37360000000000007e+01,2.37360000000000007e+01,4.53052067528718572e-01,-4.77178218046248048e-03,-4.77178197178040279e-03,-3.36996728408002909e-07,-3.36996713670285495e-07,-1.34798685468114177e-06,-1.68498358308914473e-06,-1.68498356835142726e-06
2.37432499999999997e+01,2.37432499999999997e+01,4.53017478712245514e-01,-4.76996092059422949e-03,-4.76996071212076617e-03,-3.36662411990866668e-07,-3.36662397276872106e-07,-1.34664958910748864e-06,-1.68331200109835520e-06,-1.68331198638436080e-06
2.37505000000000024e+01,2.37505000000000024e+01,4.52982903095369926e-01,-4.76814091157251596e-03,-4.76814070330487672e-03,-3.36328529147418943e-07,-3.36328514456924251e-07,-1.34531405782769701e-06,-1.68164258697511600e-06,-1.68164257228462126e-06
2.37577500000000015e+01,2.37577500000000015e+01,4.52948340669027727e-01,-4.76632215215033739e-03,-4.76632194409221978e-03,-3.35995079182808908e-07,-3.35995064516048767e-07,-1.34398025806419486e-06,-1.67997533724700371e-06,-1.67997532258024368e-06
2.37650000000000006e+01,2.37650000000000006e+01,4.52913791424163714e-01,-4.76450464110200755e-03,-4.76450443324388535e-03,-3.35662061404898413e-07,-3.35662046761175504e-07,-1.34264818704470180e-06,-1.67831024844960022e-06,-1.67831023380587736e-06
2.37722499999999997e+01,2.37722499999999997e+01,4.52879255351731791e-01,-4.76268837716986582e-03,-4.76268816952257149e-03,-3.35329475120503646e-07,-3.35329460500555257e-07,-1.34131784200222124e-06,-1.67664731712272489e-06,-1.67664730250277655e-06
2.37795000000000023e+01,2.37795000000000023e+01,4.52844732442694742e-01,-4.76087335913533138e-03,-4.76087315169257830e-03,-3.34997319640398927e-07,-3.34997305043756491e-07,-1.33998922017502596e-06,-1.67498653981542489e-06,-1.67498652521878246e-06
2.37867500000000014e+01,2.37867500000000014e+01,4.52810222688024344e-01,-4.75905958575850718e-03,-4.75905937851980963e-03,-3.34665594275058991e-07,-3.34665579701662581e-07,-1.33866231880665053e-06,-1.67332791308170953e-06,-1.67332789850831306e-06
2.37940000000000005e+01,2.37940000000000005e+01,4.52775726078701257e-01,-4.75724705580660157e-03,-4.75724684877176264e-03,-3.34334298336658410e-07,-3.34334283786468585e-07,-1.33733713514587413e-06,-1.67167143348253248e-06,-1.67167141893234261e-06
2.38012499999999996e+01,2.38012499999999996e+01,4.52741242605715188e-01,-4.75543576804327017e-03,-4.75543556121753308e-03,-3.34003431138319109e-07,-3.34003416611678652e-07,-1.33601366644671440e-06,-1.67001709758503356e-06,-1.67001708305839310e-06
2.38085000000000022e+01,2.38085000000000022e+01,4.52706772260064616e-01,-4.75362572125703764e-03,-4.75362551462780742e-03,-3.33672991996103910e-07,-3.33672977492102633e-07,-1.33469190996841053e-06,-1.66836490196451433e-06,-1.66836488746051316e-06
2.38157500000000013e+01,2.38157500000000013e+01,4.52672315032757011e-01,-4.75181691419379604e-03,-4.75181670777486548e-03,-3.33342980224273787e-07,-3.33342965743854436e-07,-1.33337186297541753e-06,-1.66671484319969121e-06,-1.66671482871927207e-06
2.38230000000000004e+01,2.38230000000000004e+01,4.52637870914808838e-01,-4.75000934564562272e-03,-4.75000913943257348e-03,-3.33013395141520805e-07,-3.33013380684347638e-07,-1.33205352273739055e-06,-1.66506691787891136e-06,-1.66506690342173819e-06
2.38302499999999995e+01,2.38302499999999995e+01,4.52603439897245163e-01,-4.74820301438327874e-03,-4.74820280837638230e-03,-3.32684236066227017e-07,-3.32684221632293417e-07,-1.33073688652917409e-06,-1.66342112259540105e-06,-1.66342110816146751e-06
2.38375000000000021e+01,2.38375000000000021e+01,4.52569021971100216e-01,-4.74639791919173604e-03,-4.74639771338332666e-03,-3.32355502318953997e-07,-3.32355487907697639e-07,-1.32942195163079034e-06,-1.66177745394974434e-06,-1.66177743953848798e-06
2.38447500000000012e+01,2.38447500000000012e+01,4.52534617127416883e-01,-4.74459405883820295e-03,-4.74459385323201983e-03,-3.32027193220200321e-07,-3.32027178831857898e-07,-1.32810871532743159e-06,-1.66013590854763202e-06,-1.66013589415928960e-06
2.38520000000000003e+01,2.38520000000000003e+01,4.52500225357247099e-01,-4.74279143210409870e-03,-4.74279122670265719e-03,-3.31699308092638528e-07,-3.31699293727360812e-07,-1.32679717490944325e-06,-1.65849648300208172e-06,-1.65849646863680401e-06
2.38592499999999994e+01,2.38592499999999994e+01,4.52465846651651404e-01,-4.74099003777794792e-03,-4.74098983257700314e-03,-3.31371846260613941e-07,-3.31371831918078848e-07,-1.32548732767231560e-06,-1.65685917393292949e-06,-1.65685915959039440e-06
2.38665000000000020e+01,2.38665000000000020e+01,4.52431481001699332e-01,-4.73918987463406438e-03,-4.73918966963839811e-03,-3.31044807048651189e-07,-3.31044792729167781e-07,-1.32417917091667112e-06,-1.65522397796532226e-06,-1.65522396364583896e-06
2.38737500000000011e+01,2.38737500000000011e+01,4.52397128398469239e-01,-4.73739094146807815e-03,-4.73739073667175502e-03,-3.30718189783935591e-07,-3.30718175487064151e-07,-1.32287270194825660e-06,-1.65359089173219225e-06,-1.65359087743532070e-06
2.38810000000000002e+01,2.38810000000000002e+01,4.52362788833048091e-01,-4.73559323705430302e-03,-4.73559303246354896e-03,-3.30391993793331494e-07,-3.30391979519481562e-07,-1.32156791807792625e-06,-1.65195991187125764e-06,-1.65195989759740781e-06
2.38882500000000029e+01,2.38882500000000029e+01,4.52328462296531897e-01,-4.73379676019192175e-03,-4.73379655580182575e-03,-3.30066218406604755e-07,-3.30066204155408613e-07,-1.32026481662163445e-06,-1.65033103502823916e-06,-1.65033102077704301e-06
2.38955000000000020e+01,2.38955000000000020e+01,4.52294148780025329e-01,-4.73200150966235356e-03,-4.73200130547619079e-03,-3.29740862953445263e-07,-3.29740848725106306e-07,-1.31896339490042522e-06,-1.64870425785387049e-06,-1.64870424362553153e-06
2.39027500000000011e+01,2.39027500000000011e+01,4.52259848274641774e-01,-4.73020748426478121e-03,-4.73020728027781067e-03,-3.29415926765941281e-07,-3.29415912560104178e-07,-1.31766365024041671e-06,-1.64707957700635804e-06,-1.64707956280052094e-06
2.39100000000000001e+01,2.39100000000000001e+01,4.52225560771503499e-01,-4.72841468278062393e-03,-4.72841447899940894e-03,-3.29091409176101716e-07,-3.29091394993198612e-07,-1.31636557997279424e-06,-1.64545698914889601e-06,-1.64545697496599295e-06
2.39172500000000028e+01,2.39172500000000028e+01,4.52191286261741376e-01,-4.72662310401972263e-03,-4.72662290043526431e-03,-3.28767309519069391e-07,-3.28767295358449235e-07,-1.31506918143379694e-06,-1.64383649095286639e-06,-1.64383647679224623e-06
2.39245000000000019e+01,2.39245000000000019e+01,4.52157024736495217e-01,-4.72483274676349652e-03,-4.72483254338121154e-03,-3.28443627129162277e-07,-3.28443612991177065e-07,-1.31377445196470847e-06,-1.64221807909387070e-06,-1.64221806495588559e-06
2.39317500000000010e+01,2.39317500000000010e+01,4.52122776186913322e-01,-4.72304360981823379e-03,-4.72304340663463103e-03,-3.28120361343578363e-07,-3.28120347227960803e-07,-1.31248138891184321e-06,-1.64060175025542152e-06,-1.64060173613980402e-06
2.39390000000000001e+01,2.39390000000000001e+01,4.52088540604152822e-01,-4.72125569197956452e-03,-4.72125548899445316e-03,-3.27797511499922056e-07,-3.27797497406634402e-07,-1.31118998962653761e-06,-1.63898750112645966e-06,-1.63898748703317206e-06
2.39462500000000027e+01,2.39462500000000027e+01,4.52054317979379616e-01,-4.71946899204311876e-03,-4.71946878926115306e-03,-3.27475076936943850e-07,-3.27475062866284629e-07,-1.30990025146513830e-06,-1.63737532840208215e-06,-1.63737531433142304e-06
2.39535000000000018e+01,2.39535000000000018e+01,4.52020108303768153e-01,-4.71768350882229015e-03,-4.71768330623675153e-03,-3.27153056995769480e-07,-3.27153042947247941e-07,-1.30861217178899177e-06,-1.63576522878476135e-06,-1.63576521473623965e-06
2.39607500000000009e+01,2.39607500000000009e+01,4.51985911568501708e-01,-4.71589924111270875e-03,-4.71589903872480717e-03,-3.26831451017432247e-07,-3.26831436991108054e-07,-1.30732574796443200e-06,-1.63415719898186420e-06,-1.63415718495554006e-06
2.39680000000000000e+01,2.39680000000000000e+01,4.51951727764772049e-01,-4.71411618771711005e-03,-4.71411598553041645e-03,-3.26510258344596521e-07,-3.26510244340692707e-07,-1.30604097736277062e-06,-1.63255123570736703e-06,-1.63255122170346322e-06
2.39752500000000026e+01,2.39752500000000026e+01,4.51917556883779770e-01,-4.71233434745244040e-03,-4.71233414546021103e-03,-3.26189478322045947e-07,-3.26189464340071181e-07,-1.30475785736028472e-06,-1.63094733568233056e-06,-1.63094732170035601e-06
2.39825000000000017e+01,2.39825000000000017e+01,4.51883398916734014e-01,-4.71055371911077714e-03,-4.71055351732235957e-03,-3.25869110293975324e-07,-3.25869096334552334e-07,-1.30347638533820934e-06,-1.62934549563218471e-06,-1.62934548167276178e-06
2.39897500000000008e+01,2.39897500000000008e+01,4.51849253854852639e-01,-4.70877430151617205e-03,-4.70877409992655812e-03,-3.25549153607922797e-07,-3.25549139670680529e-07,-1.30219655868272233e-06,-1.62774571229064507e-06,-1.62774569835340296e-06
2.39969999999999999e+01,2.39969999999999999e+01,4.51815121689361998e-01,-4.70699609347491332e-03,-4.70699589208403105e-03,-3.25229607611324548e-07,-3.25229593696233885e-07,-1.30091837478493554e-06,-1.62614798239625998e-06,-1.62614796848116948e-06
2.40042500000000025e+01,2.40042500000000025e+01,4.51781002411497212e-01,-4.70521909380394732e-03,-4.70521889260752928e-03,-3.24910471653479014e-07,-3.24910457760220943e-07,-1.29964183104088398e-06,-1.62455230269436295e-06,-1.62455228880110493e-06
2.40115000000000016e+01,2.40115000000000016e+01,4.51746896012501842e-01,-4.70344330131311494e-03,-4.70344310031132768e-03,-3.24591745084316731e-07,-3.24591731212878970e-07,-1.29836692485151609e-06,-1.62295866993583277e-06,-1.62295865606439517e-06
2.40187500000000007e+01,2.40187500000000007e+01,4.51712802483628217e-01,-4.70166871481225712e-03,-4.70166851401122247e-03,-3.24273427254889229e-07,-3.24273413405670201e-07,-1.29709365362268081e-06,-1.62136708087757003e-06,-1.62136706702835095e-06
2.40259999999999998e+01,2.40259999999999998e+01,4.51678721816137052e-01,-4.69989533312897834e-03,-4.69989513252452602e-03,-3.23955517518591516e-07,-3.23955503691279513e-07,-1.29582201476511805e-06,-1.61977753228370962e-06,-1.61977751845639756e-06
2.40332500000000024e+01,2.40332500000000024e+01,4.51644654001297829e-01,-4.69812315508377765e-03,-4.69812295467006945e-03,-3.23638015229442965e-07,-3.23638001423611877e-07,-1.29455200569444751e-06,-1.61819002092389042e-06,-1.61819000711805933e-06
2.40405000000000015e+01,2.40405000000000015e+01,4.51610599030388415e-01,-4.69635217947939054e-03,-4.69635197926819743e-03,-3.23320919741353157e-07,-3.23320905957789983e-07,-1.29328362383115993e-06,-1.61660454357251314e-06,-1.61660452978894991e-06
2.40477500000000006e+01,2.40477500000000006e+01,4.51576556894695391e-01,-4.69458240515407965e-03,-4.69458220514076558e-03,-3.23004230411789526e-07,-3.23004216650150900e-07,-1.29201686660060339e-06,-1.61502109701239291e-06,-1.61502108325075429e-06
2.40549999999999997e+01,2.40549999999999997e+01,4.51542527585513664e-01,-4.69281383092834403e-03,-4.69281363111113785e-03,-3.22687946598103358e-07,-3.22687932858243589e-07,-1.29075173143297436e-06,-1.61343967803107766e-06,-1.61343966429121795e-06
2.40622500000000024e+01,2.40622500000000024e+01,4.51508511094146858e-01,-4.69104645563334088e-03,-4.69104625600418480e-03,-3.22372067659485163e-07,-3.22372053940826735e-07,-1.28948821576330694e-06,-1.61186028342279205e-06,-1.61186026970413378e-06
2.40695000000000014e+01,2.40695000000000014e+01,4.51474507411907033e-01,-4.68928027807535841e-03,-4.68928007864628446e-03,-3.22056592954519614e-07,-3.22056579257865937e-07,-1.28822631703146375e-06,-1.61028290998598342e-06,-1.61028289628932979e-06
2.40767500000000005e+01,2.40767500000000005e+01,4.51440516530114744e-01,-4.68751529709976467e-03,-4.68751509786531368e-03,-3.21741521845578254e-07,-3.21741508170530535e-07,-1.28696603268212214e-06,-1.60870755452770029e-06,-1.60870754085265278e-06
2.40839999999999996e+01,2.40839999999999996e+01,4.51406538440099092e-01,-4.68575151152705871e-03,-4.68575131249064809e-03,-3.21426853694422445e-07,-3.21426840041191542e-07,-1.28570736016476617e-06,-1.60713421385918867e-06,-1.60713420020595776e-06
2.40912500000000023e+01,2.40912500000000023e+01,4.51372573133197563e-01,-4.68398892019905588e-03,-4.68398872135316301e-03,-3.21112587865372384e-07,-3.21112574233418896e-07,-1.28445029693367537e-06,-1.60556288479904765e-06,-1.60556287116709421e-06
2.40985000000000014e+01,2.40985000000000014e+01,4.51338620600756191e-01,-4.68222752193625524e-03,-4.68222732328522732e-03,-3.20798723722380284e-07,-3.20798710111978860e-07,-1.28319484044791523e-06,-1.60399356417029551e-06,-1.60399355055989420e-06
2.41057500000000005e+01,2.41057500000000005e+01,4.51304680834129501e-01,-4.68046731557336670e-03,-4.68046711712070268e-03,-3.20485260631464483e-07,-3.20485247042831277e-07,-1.28194098817132489e-06,-1.60242624880278948e-06,-1.60242623521415628e-06
2.41129999999999995e+01,2.41129999999999995e+01,4.51270753824680348e-01,-4.67870829995575832e-03,-4.67870810169493997e-03,-3.20172197960461793e-07,-3.20172184393126965e-07,-1.28068873757250786e-06,-1.60086093553296971e-06,-1.60086092196563472e-06
2.41202500000000022e+01,2.41202500000000022e+01,4.51236839563780134e-01,-4.67695047391458729e-03,-4.67695027584477847e-03,-3.19859535077322052e-07,-3.19859521531205347e-07,-1.27943808612482139e-06,-1.59929762120214339e-06,-1.59929760765602679e-06
2.41275000000000013e+01,2.41275000000000013e+01,4.51202938042808588e-01,-4.67519383628811624e-03,-4.67519363840854414e-03,-3.19547271351566345e-07,-3.19547257826591900e-07,-1.27818903130636760e-06,-1.59773630265793384e-06,-1.59773628913295939e-06
2.41347500000000004e+01,2.41347500000000004e+01,4.51169049253153986e-01,-4.67343838590750238e-03,-4.67343818822604350e-03,-3.19235406153312278e-07,-3.19235392649995090e-07,-1.27694157059998036e-06,-1.59617697675329264e-06,-1.59617696324997555e-06
2.41419999999999995e+01,2.41419999999999995e+01,4.51135173186212934e-01,-4.67168412162521918e-03,-4.67168392413856541e-03,-3.18923938855213583e-07,-3.18923925373304304e-07,-1.27569570149321722e-06,-1.59461964034843085e-06,-1.59461962686652147e-06
2.41492500000000021e+01,2.41492500000000021e+01,4.51101309833390363e-01,-4.66993104228663469e-03,-4.66993084498887497e-03,-3.18612868830514633e-07,-3.18612855369586679e-07,-1.27445142147834672e-06,-1.59306429030886135e-06,-1.59306427684793340e-06
2.41565000000000012e+01,2.41565000000000012e+01,4.51067459186099806e-01,-4.66817914672645884e-03,-4.66817894962121786e-03,-3.18302195452808044e-07,-3.18302182013085824e-07,-1.27320872805234351e-06,-1.59151092350515166e-06,-1.59151091006542938e-06
2.41637500000000003e+01,2.41637500000000003e+01,4.51033621235762849e-01,-4.66642843379361238e-03,-4.66642823688130821e-03,-3.17991918097728570e-07,-3.17991904679217538e-07,-1.27196761871687036e-06,-1.58995953681459899e-06,-1.58995952339608790e-06
2.41710000000000029e+01,2.41710000000000029e+01,4.50999795973809736e-01,-4.66467890233701610e-03,-4.66467870561633469e-03,-3.17682036141980771e-07,-3.17682022744568430e-07,-1.27072809097827372e-06,-1.58841012712025444e-06,-1.58841011372284210e-06
2.41782500000000020e+01,2.41782500000000020e+01,4.50965983391678982e-01,-4.66293055120203803e-03,-4.66293035467495523e-03,-3.17372548963095275e-07,-3.17372535586893221e-07,-1.26949014234757288e-06,-1.58686269131066826e-06,-1.58686267793446605e-06
2.41855000000000011e+01,2.41855000000000011e+01,4.50932183480817317e-01,-4.66118337924470438e-03,-4.66118318290729278e-03,-3.17063455940393707e-07,-3.17063442585111725e-07,-1.26825377034044711e-06,-1.58531722628084087e-06,-1.58531721292555889e-06
2.41927500000000002e+01,2.41927500000000002e+01,4.50898396232679910e-01,-4.65943738531393592e-03,-4.65943718916493523e-03,-3.16754756453777065e-07,-3.16754743119306894e-07,-1.26701897247722758e-06,-1.58377372893100459e-06,-1.58377371559653442e-06
2.42000000000000028e+01,2.42000000000000028e+01,4.50864621638730256e-01,-4.65769256825865341e-03,-4.65769237230093201e-03,-3.16446449884207729e-07,-3.16446436570721635e-07,-1.26578574628288654e-06,-1.58223219616709437e-06,-1.58223218285360817e-06
2.42072500000000019e+01,2.42072500000000019e+01,4.50830859690440178e-01,-4.65594892693488305e-03,-4.65594873116979575e-03,-3.16138535614190105e-07,-3.16138522321757386e-07,-1.26455408928702933e-06,-1.58069262490121944e-06,-1.58069261160878666e-06
2.42145000000000010e+01,2.42145000000000010e+01,4.50797110379289712e-01,-4.65420646020220374e-03,-4.65420626462749280e-03,-3.15831013027525671e-07,-3.15830999755970249e-07,-1.26332399902388078e-06,-1.57915501205140635e-06,-1.57915499877985103e-06
2.42217500000000001e+01,2.42217500000000001e+01,4.50763373696767278e-01,-4.65246516690953626e-03,-4.65246497153144669e-03,-3.15523881508346617e-07,-3.15523868258069404e-07,-1.26209547303227783e-06,-1.57761935454062434e-06,-1.57761934129034734e-06
2.42290000000000028e+01,2.42290000000000028e+01,4.50729649634369456e-01,-4.65072504593777580e-03,-4.65072485074053202e-03,-3.15217140444005553e-07,-3.15217127213914247e-07,-1.26086850885565699e-06,-1.57608564929966244e-06,-1.57608563606957129e-06
2.42362500000000018e+01,2.42362500000000018e+01,4.50695938183601208e-01,-4.64898609612163227e-03,-4.64898590111507710e-03,-3.14910789219772713e-07,-3.14910776010512223e-07,-1.25964310404204931e-06,-1.57455389326182197e-06,-1.57455388005256148e-06
2.42435000000000009e+01,2.42435000000000009e+01,4.50662239335975712e-01,-4.64724831633134272e-03,-4.64724812151685700e-03,-3.14604827224374645e-07,-3.14604814036015964e-07,-1.25841925614406428e-06,-1.57302408336843882e-06,-1.57302407018008035e-06
2.42507500000000000e+01,2.42507500000000000e+01,4.50628553083014416e-01,-4.64551170543003877e-03,-4.64551151080909268e-03,-3.14299253847101020e-07,-3.14299240679720962e-07,-1.25719696271888385e-06,-1.57149621656598482e-06,-1.57149620339860481e-06
2.42580000000000027e+01,2.42580000000000027e+01,4.50594879416246930e-01,-4.64377626229506291e-03,-4.64377606785644839e-03,-3.13994068479244896e-07,-3.13994055332062922e-07,-1.25597622132825148e-06,-1.56997028980749632e-06,-1.56997027666031445e-06
2.42652500000000018e+01,2.42652500000000018e+01,4.50561218327211133e-01,-4.64204198577533589e-03,-4.64204179152503168e-03,-3.13689270511217309e-07,-3.13689257384615642e-07,-1.25475702953846257e-06,-1.56844630004967988e-06,-1.56844628692307816e-06
2.42725000000000009e+01,2.42725000000000009e+01,4.50527569807453232e-01,-4.64030887474109477e-03,-4.64030868068238990e-03,-3.13384859335910041e-07,-3.13384846230088527e-07,-1.25353938492035411e-06,-1.56692424425626415e-06,-1.56692423115044269e-06
2.42797499999999999e+01,2.42797499999999999e+01,4.50493933848527428e-01,-4.63857692806612931e-03,-4.63857673419750417e-03,-3.13080834347489923e-07,-3.13080821262323518e-07,-1.25232328504929407e-06,-1.56540411939678400e-06,-1.56540410631161764e-06
2.42870000000000026e+01,2.42870000000000026e+01,4.50460310441996192e-01,-4.63684614463133471e-03,-4.63684595094079281e-03,-3.12777194941636109e-07,-3.12777181876293347e-07,-1.25110872750517339e-06,-1.56388592244680939e-06,-1.56388590938146679e-06
2.42942500000000017e+01,2.42942500000000017e+01,4.50426699579430323e-01,-4.63511652327852630e-03,-4.63511632978410790e-03,-3.12473940512423424e-07,-3.12473927468099096e-07,-1.24989570987239638e-06,-1.56236965038481986e-06,-1.56236963734049553e-06
2.43015000000000008e+01,2.43015000000000008e+01,4.50393101252408667e-01,-4.63338806290636285e-03,-4.63338786960073093e-03,-3.12171070458790088e-07,-3.12171057434967080e-07,-1.24868422973986853e-06,-1.56085530019865867e-06,-1.56085528717483551e-06
2.43087499999999999e+01,2.43087499999999999e+01,4.50359515452518178e-01,-4.63166076238863411e-03,-4.63166056926536934e-03,-3.11868584179023005e-07,-3.11868571175246991e-07,-1.24747428470098797e-06,-1.55934286888001102e-06,-1.55934285587623501e-06
2.43160000000000025e+01,2.43160000000000025e+01,4.50325942171354021e-01,-4.62993462058847172e-03,-4.62993442765415736e-03,-3.11566481071716715e-07,-3.11566468088409093e-07,-1.24626587235363637e-06,-1.55783235342535314e-06,-1.55783234044204546e-06
2.43232500000000016e+01,2.43232500000000016e+01,4.50292381400519637e-01,-4.62820963638677085e-03,-4.62820944364465692e-03,-3.11264760537685349e-07,-3.11264747575042631e-07,-1.24505899030017053e-06,-1.55632375083785598e-06,-1.55632373787521316e-06
2.43305000000000007e+01,2.43305000000000007e+01,4.50258833131626401e-01,-4.62648580867508485e-03,-4.62648561611584633e-03,-3.10963421979479143e-07,-3.10963409036852238e-07,-1.24385363614740895e-06,-1.55481705812688804e-06,-1.55481704518426124e-06
2.43377499999999998e+01,2.43377499999999998e+01,4.50225297356293852e-01,-4.62476313632009806e-03,-4.62476294394812467e-03,-3.10662464798993945e-07,-3.10662451876656179e-07,-1.24264980750662471e-06,-1.55331227230561866e-06,-1.55331225938328084e-06
2.43450000000000024e+01,2.43450000000000024e+01,4.50191774066149741e-01,-4.62304161821691650e-03,-4.62304142602330739e-03,-3.10361888401051890e-07,-3.10361875498383817e-07,-1.24144750199353527e-06,-1.55180939039458721e-06,-1.55180937749191919e-06
2.43522500000000015e+01,2.43522500000000015e+01,4.50158263252829760e-01,-4.62132125323222454e-03,-4.62132106122462721e-03,-3.10061692189580064e-07,-3.10061679307073651e-07,-1.24024671722829482e-06,-1.55030840941787493e-06,-1.55030839653536841e-06
2.43595000000000006e+01,2.43595000000000006e+01,4.50124764907977926e-01,-4.61960204025047005e-03,-4.61960184843672808e-03,-3.09761875570710750e-07,-3.09761862708870247e-07,-1.23904745083548099e-06,-1.54880932640619174e-06,-1.54880931354435134e-06
2.43667499999999997e+01,2.43667499999999997e+01,4.50091279023246138e-01,-4.61788397817386453e-03,-4.61788378654566338e-03,-3.09462437952776136e-07,-3.09462425111022066e-07,-1.23784970044408805e-06,-1.54731213839686413e-06,-1.54731212555511007e-06
2.43740000000000023e+01,2.43740000000000023e+01,4.50057805590294346e-01,-4.61616706589040859e-03,-4.61616687443889250e-03,-3.09163378744161347e-07,-3.09163365921878976e-07,-1.23665346368751591e-06,-1.54581684243167720e-06,-1.54581682960939493e-06
2.43812500000000014e+01,2.43812500000000014e+01,4.50024344600790771e-01,-4.61445130226323386e-03,-4.61445111100528861e-03,-3.08864697352592148e-07,-3.08864684550890825e-07,-1.23545873820356309e-06,-1.54432343555615524e-06,-1.54432342275445397e-06
2.43885000000000005e+01,2.43885000000000005e+01,4.49990896046411515e-01,-4.61273668621231536e-03,-4.61273649513512050e-03,-3.08566393190603703e-07,-3.08566380408603572e-07,-1.23426552163441408e-06,-1.54283191482501773e-06,-1.54283190204301760e-06
2.43957499999999996e+01,2.43957499999999996e+01,4.49957459918840730e-01,-4.61102321660789016e-03,-4.61102302572006118e-03,-3.08268465668401835e-07,-3.08268452906657757e-07,-1.23307381162663103e-06,-1.54134227729503292e-06,-1.54134226453328873e-06
2.44030000000000022e+01,2.44030000000000022e+01,4.49924036209770672e-01,-4.60931089236638059e-03,-4.60931070165318448e-03,-3.07970914200280468e-07,-3.07970901457786272e-07,-1.23188360583114509e-06,-1.53985452003142561e-06,-1.53985450728893131e-06
2.44102500000000013e+01,2.44102500000000013e+01,4.49890624910901482e-01,-4.60759971235447097e-03,-4.60759952182895980e-03,-3.07673738198205136e-07,-3.07673725475811720e-07,-1.23069490190324688e-06,-1.53836864010145202e-06,-1.53836862737905865e-06
2.44175000000000004e+01,2.44175000000000004e+01,4.49857226013941569e-01,-4.60588967548503092e-03,-4.60588948514325299e-03,-3.07376937078222060e-07,-3.07376924375644133e-07,-1.22950769750257674e-06,-1.53688463458079885e-06,-1.53688462187822077e-06
2.44247499999999995e+01,2.44247499999999995e+01,4.49823839510607004e-01,-4.60418078064606107e-03,-4.60418059049332116e-03,-3.07080510255708571e-07,-3.07080497573278593e-07,-1.22832199029311416e-06,-1.53540250054882262e-06,-1.53540248786639270e-06
2.44320000000000022e+01,2.44320000000000022e+01,4.49790465392622130e-01,-4.60247302675398373e-03,-4.60247283677781265e-03,-3.06784457148927470e-07,-3.06784444485792637e-07,-1.22713777794317076e-06,-1.53392223509209823e-06,-1.53392222242896350e-06
2.44392500000000013e+01,2.44392500000000013e+01,4.49757103651719115e-01,-4.60076641268614139e-03,-4.60076622289676534e-03,-3.06488777174524148e-07,-3.06488764531345042e-07,-1.22595505812538017e-06,-1.53244383529990431e-06,-1.53244382265672526e-06
2.44465000000000003e+01,2.44465000000000003e+01,4.49723754279638177e-01,-4.59906093735540367e-03,-4.59906074775160226e-03,-3.06193469752497931e-07,-3.06193457129171900e-07,-1.22477382851668760e-06,-1.53096729826918558e-06,-1.53096728564585950e-06
2.44537499999999994e+01,2.44537499999999994e+01,4.49690417268127474e-01,-4.59735659966753474e-03,-4.59735641024513076e-03,-3.05898534303357685e-07,-3.05898521699585410e-07,-1.22359408679834164e-06,-1.52949262110169938e-06,-1.52949260849792705e-06
2.44610000000000021e+01,2.44610000000000021e+01,4.49657092608942988e-01,-4.59565339852474608e-03,-4.59565320928153991e-03,-3.05603970248356822e-07,-3.05603957663971066e-07,-1.22241583065588426e-06,-1.52801980090424098e-06,-1.52801978831985533e-06
2.44682500000000012e+01,2.44682500000000012e+01,4.49623780293848863e-01,-4.59395133282569645e-03,-4.59395114376639959e-03,-3.05309777009492762e-07,-3.05309764444785911e-07,-1.22123905777914364e-06,-1.52654883478863640e-06,-1.52654882222392966e-06
2.44755000000000003e+01,2.44755000000000003e+01,4.49590480314617014e-01,-4.59225040148325547e-03,-4.59225021260665795e-03,-3.05015954010685058e-07,-3.05015941465555626e-07,-1.22006376586222250e-06,-1.52507971987290751e-06,-1.52507970732777824e-06
2.44827500000000029e+01,2.44827500000000029e+01,4.49557192663027350e-01,-4.59055060341029275e-03,-4.59055041471063616e-03,-3.04722500676827455e-07,-3.04722488150872255e-07,-1.21888995260348881e-06,-1.52361245328031632e-06,-1.52361244075436112e-06
2.44900000000000020e+01,2.44900000000000020e+01,4.49523917330867606e-01,-4.58885193750191434e-03,-4.58885174898803188e-03,-3.04429416432608134e-07,-3.04429403926392614e-07,-1.21771761570557046e-06,-1.52214703213817854e-06,-1.52214701963196302e-06
2.44972500000000011e+01,2.44972500000000011e+01,4.49490654309933568e-01,-4.58715440268164798e-03,-4.58715421434991236e-03,-3.04136700705572637e-07,-3.04136688218835222e-07,-1.21654675287534068e-06,-1.52068345358091331e-06,-1.52068344109417595e-06
2.45045000000000002e+01,2.45045000000000002e+01,4.49457403592028737e-01,-4.58545799785881059e-03,-4.58545780970871439e-03,-3.03844352923292128e-07,-3.03844340455978184e-07,-1.21537736182391274e-06,-1.51922171474720481e-06,-1.51922170227989097e-06
2.45117500000000028e+01,2.45117500000000028e+01,4.49424165168964607e-01,-4.58376272194982448e-03,-4.58376253397824087e-03,-3.03552372514775608e-07,-3.03552360066657443e-07,-1.21420944026662935e-06,-1.51776181278140490e-06,-1.51776180033328674e-06
2.45190000000000019e+01,2.45190000000000019e+01,4.49390939032560444e-01,-4.58206857386400657e-03,-4.58206838607366166e-03,-3.03260758909526483e-07,-3.03260746480763867e-07,-1.21304298592305526e-06,-1.51630374483258174e-06,-1.51630373240381912e-06
2.45262500000000010e+01,2.45262500000000010e+01,4.49357725174643563e-01,-4.58037555252133188e-03,-4.58037536491150837e-03,-3.02969511538716494e-07,-3.02969499129241347e-07,-1.21187799651696539e-06,-1.51484750805568188e-06,-1.51484749564620684e-06
2.45335000000000001e+01,2.45335000000000001e+01,4.49324523587048885e-01,-4.57868365683822276e-03,-4.57868346940967352e-03,-3.02678629834243078e-07,-3.02678617444084518e-07,-1.21071446977633807e-06,-1.51339309961058120e-06,-1.51339308722042254e-06
2.45407500000000027e+01,2.45407500000000027e+01,4.49291334261619379e-01,-4.57699288573465424e-03,-4.57699269848740702e-03,-3.02388113229196985e-07,-3.02388100858336165e-07,-1.20955240343334487e-06,-1.51194051666254186e-06,-1.51194050429168114e-06
2.45480000000000018e+01,2.45480000000000018e+01,4.49258157190205731e-01,-4.57530323813770678e-03,-4.57530305106531796e-03,-3.02097961158094835e-07,-3.02097948806085740e-07,-1.20839179522434296e-06,-1.51048975638243779e-06,-1.51048974403042865e-06
2.45552500000000009e+01,2.45552500000000009e+01,4.49224992364666398e-01,-4.57361471295669730e-03,-4.57361452606536677e-03,-3.01808173055234559e-07,-3.01808160722466134e-07,-1.20723264288986475e-06,-1.50904081594509926e-06,-1.50904080361233088e-06
2.45625000000000000e+01,2.45625000000000000e+01,4.49191839776867885e-01,-4.57192730911870626e-03,-4.57192712241086870e-03,-3.01518748357040032e-07,-3.01518736043652303e-07,-1.20607494417460942e-06,-1.50759369253164951e-06,-1.50759368021826167e-06
2.45697500000000026e+01,2.45697500000000026e+01,4.49158699418684138e-01,-4.57024102556147227e-03,-4.57024083902648690e-03,-3.01229686501587478e-07,-3.01229674206858403e-07,-1.20491869682743340e-06,-1.50614838332902077e-06,-1.50614837103429180e-06
2.45770000000000017e+01,2.45770000000000017e+01,4.49125571281997260e-01,-4.56855586119075952e-03,-4.56855567483823496e-03,-3.00940986925793482e-07,-3.00940974650336154e-07,-1.20376389860134461e-06,-1.50470488552713804e-06,-1.50470487325168077e-06
2.45842500000000008e+01,2.45842500000000008e+01,4.49092455358696852e-01,-4.56687181495141203e-03,-4.56687162877347091e-03,-3.00652649070096909e-07,-3.00652636813372085e-07,-1.20261054725348834e-06,-1.50326319632358520e-06,-1.50326318406686048e-06
2.45914999999999999e+01,2.45914999999999999e+01,4.49059351640680504e-01,-4.56518888575629944e-03,-4.56518869976089807e-03,-3.00364672373774442e-07,-3.00364660136285683e-07,-1.20145864054514294e-06,-1.50182331291891728e-06,-1.50182330068142868e-06
2.45987500000000026e+01,2.45987500000000026e+01,4.49026260119853360e-01,-4.56350707255381849e-03,-4.56350688673055893e-03,-3.00077056279383904e-07,-3.00077044060426902e-07,-1.20030817624170761e-06,-1.50038523252109156e-06,-1.50038522030213456e-06
2.46060000000000016e+01,2.46060000000000016e+01,4.48993180788128499e-01,-4.56182637425683879e-03,-4.56182618861383869e-03,-2.99789800228085884e-07,-2.99789788028174366e-07,-1.19915915211269746e-06,-1.49894895234078324e-06,-1.49894894014087178e-06
2.46132500000000007e+01,2.46132500000000007e+01,4.48960113637426661e-01,-4.56014678980665167e-03,-4.56014660434345999e-03,-2.99502903663848782e-07,-2.99502891482932930e-07,-1.19801156593173151e-06,-1.49751446959558034e-06,-1.49751445741466444e-06
2.46204999999999998e+01,2.46204999999999998e+01,4.48927058659676304e-01,-4.55846831813744302e-03,-4.55846813285347863e-03,-2.99216366031109722e-07,-2.99216353869131038e-07,-1.19686541547652415e-06,-1.49608178150763388e-06,-1.49608176934565530e-06
2.46277500000000025e+01,2.46277500000000025e+01,4.48894015846813654e-01,-4.55679095818695146e-03,-4.55679077307928702e-03,-2.98930186775473146e-07,-2.98930174632219449e-07,-1.19572069852887759e-06,-1.49465088530435068e-06,-1.49465087316109703e-06
2.46350000000000016e+01,2.46350000000000016e+01,4.48860985190782602e-01,-4.55511470888936287e-03,-4.55511452395760720e-03,-2.98644365343242881e-07,-2.98644353218668590e-07,-1.19457741287467415e-06,-1.49322177821791698e-06,-1.49322176609334274e-06
2.46422500000000007e+01,2.46422500000000007e+01,4.48827966683534751e-01,-4.55343956917886317e-03,-4.55343938442649004e-03,-2.98358901181653167e-07,-2.98358889075966017e-07,-1.19343555630386428e-06,-1.49179445748551755e-06,-1.49179444537983024e-06
2.46494999999999997e+01,2.46494999999999997e+01,4.48794960317029479e-01,-4.55176553800029637e-03,-4.55176535342531781e-03,-2.98073793739565499e-07,-2.98073781652615142e-07,-1.19229512661046057e-06,-1.49036892035002607e-06,-1.49036890826307576e-06
2.46567500000000024e+01,2.46567500000000024e+01,4.48761966083233710e-01,-4.55009261429850653e-03,-4.55009242989479201e-03,-2.97789042466766599e-07,-2.97789030398131899e-07,-1.19115612159252760e-06,-1.48894516405929419e-06,-1.48894515199065949e-06
2.46640000000000015e+01,2.46640000000000015e+01,4.48728983974122142e-01,-4.54842079700767954e-03,-4.54842061277694297e-03,-2.97504646813270296e-07,-2.97504634763043898e-07,-1.19001853905217581e-06,-1.48752318586544605e-06,-1.48752317381521970e-06
2.46712500000000006e+01,2.46712500000000006e+01,4.48696013981677133e-01,-4.54675008506555400e-03,-4.54674990101512026e-03,-2.97220606230245987e-07,-2.97220594198887248e-07,-1.18888237679554899e-06,-1.48610298302579509e-06,-1.48610297099443619e-06
2.46784999999999997e+01,2.46784999999999997e+01,4.48663056097888702e-01,-4.54508047742407939e-03,-4.54508029355399183e-03,-2.96936920170713252e-07,-2.96936908158204808e-07,-1.18774763263281902e-06,-1.48468455280353233e-06,-1.48468454079102393e-06
2.46857500000000023e+01,2.46857500000000023e+01,4.48630110314754416e-01,-4.54341197304231059e-03,-4.54341178933954145e-03,-2.96653588089072494e-07,-2.96653576094543754e-07,-1.18661430437817523e-06,-1.48326789246724778e-06,-1.48326788047271893e-06
2.46930000000000014e+01,2.46930000000000014e+01,4.48597176624279614e-01,-4.54174457084022265e-03,-4.54174438731907385e-03,-2.96370609438089237e-07,-2.96370597462454361e-07,-1.18548238984981766e-06,-1.48185299928790695e-06,-1.48185298731227202e-06
2.47002500000000005e+01,2.47002500000000005e+01,4.48564255018477243e-01,-4.54007826979108131e-03,-4.54007808644120263e-03,-2.96087983674922776e-07,-2.96087971717486668e-07,-1.18435188686994667e-06,-1.48043987054486945e-06,-1.48043985858743323e-06
2.47074999999999996e+01,2.47074999999999996e+01,4.48531345489367683e-01,-4.53841306882907247e-03,-4.53841288565585022e-03,-2.95805710255094456e-07,-2.95805698316188887e-07,-1.18322279326475555e-06,-1.47902850351985006e-06,-1.47902849158094438e-06
2.47147500000000022e+01,2.47147500000000022e+01,4.48498448028979202e-01,-4.53674896691680374e-03,-4.53674878391425312e-03,-2.95523788636889862e-07,-2.95523776716105292e-07,-1.18209510686442117e-06,-1.47761889550131103e-06,-1.47761888358052636e-06
2.47220000000000013e+01,2.47220000000000013e+01,4.48465562629347447e-01,-4.53508596299556643e-03,-4.53508578016895321e-03,-2.95242218278114468e-07,-2.95242206375774518e-07,-1.18096882550309807e-06,-1.47621104378121243e-06,-1.47621103187887253e-06
2.47292500000000004e+01,2.47292500000000004e+01,4.48432689282515784e-01,-4.53342405602441545e-03,-4.53342387337379599e-03,-2.94960998638637705e-07,-2.94960986754726439e-07,-1.17984394701890597e-06,-1.47480494565754373e-06,-1.47480493377363230e-06
2.47364999999999995e+01,2.47364999999999995e+01,4.48399827980535071e-01,-4.53176324495885297e-03,-4.53176306248393151e-03,-2.94680129179002342e-07,-2.94680117313481007e-07,-1.17872046925392424e-06,-1.47340059843292658e-06,-1.47340058656740530e-06
2.47437500000000021e+01,2.47437500000000021e+01,4.48366978715463826e-01,-4.53010352875793387e-03,-4.53010334645580996e-03,-2.94399609360884899e-07,-2.94399597513545498e-07,-1.17759839005418199e-06,-1.47199799941506700e-06,-1.47199798756772749e-06
2.47510000000000012e+01,2.47510000000000012e+01,4.48334141479368065e-01,-4.52844490637716035e-03,-4.52844472424718258e-03,-2.94119438646632114e-07,-2.94119426817413077e-07,-1.17647770726965231e-06,-1.47059714591628432e-06,-1.47059713408706538e-06
2.47582500000000003e+01,2.47582500000000003e+01,4.48301316264321348e-01,-4.52678737677203458e-03,-4.52678719481709475e-03,-2.93839616499490167e-07,-2.93839604688560000e-07,-1.17535841875424000e-06,-1.46919803525373022e-06,-1.46919802344280000e-06
2.47655000000000030e+01,2.47655000000000030e+01,4.48268503062404844e-01,-4.52513093891226958e-03,-4.52513075712588850e-03,-2.93560142384524875e-07,-2.93560130591443811e-07,-1.17424052236577545e-06,-1.46780066475030033e-06,-1.46780065295721921e-06
2.47727500000000020e+01,2.47727500000000020e+01,4.48235701865707159e-01,-4.52347559174270941e-03,-4.52347541013520000e-03,-2.93281015766083933e-07,-2.93281003991501803e-07,-1.17312401596600742e-06,-1.46640503173209141e-06,-1.46640501995750928e-06
2.47800000000000011e+01,2.47800000000000011e+01,4.48202912666324560e-01,-4.52182133424017252e-03,-4.52182115280795518e-03,-2.93002236111482825e-07,-2.93002224355148008e-07,-1.17200889742059203e-06,-1.46501113353207475e-06,-1.46501112177574004e-06
2.47872500000000002e+01,2.47872500000000002e+01,4.48170135456360641e-01,-4.52016816537792465e-03,-4.52016798410836886e-03,-2.92723802888696239e-07,-2.92723791149771549e-07,-1.17089516459908599e-06,-1.46361896748778228e-06,-1.46361895574885748e-06
2.47945000000000029e+01,2.47945000000000029e+01,4.48137370227926601e-01,-4.51851608409725713e-03,-4.51851590300194131e-03,-2.92445715564518153e-07,-2.92445703843734526e-07,-1.16978281537493832e-06,-1.46222853093945642e-06,-1.46222851921867295e-06
2.48017500000000020e+01,2.48017500000000020e+01,4.48104616973141245e-01,-4.51686508937498843e-03,-4.51686490845546428e-03,-2.92167973608932046e-07,-2.92167961906370692e-07,-1.16867184762548277e-06,-1.46083982123441487e-06,-1.46083980953185341e-06
2.48090000000000011e+01,2.48090000000000011e+01,4.48071875684130649e-01,-4.51521518018793699e-03,-4.51521499943700541e-03,-2.91890576492805648e-07,-2.91890564807981906e-07,-1.16756225923192720e-06,-1.45945283572473290e-06,-1.45945282403990916e-06
2.48162500000000001e+01,2.48162500000000001e+01,4.48039146353028550e-01,-4.51356635548805230e-03,-4.51356617491591779e-03,-2.91613523686282793e-07,-2.91613512019837177e-07,-1.16645404807934850e-06,-1.45806757176563124e-06,-1.45806756009918557e-06
2.48235000000000028e+01,2.48235000000000028e+01,4.48006428971976012e-01,-4.51191861426991636e-03,-4.51191843386283126e-03,-2.91336814663144897e-07,-2.91336803014170289e-07,-1.16534721205668094e-06,-1.45668402671982579e-06,-1.45668401507085123e-06
2.48307500000000019e+01,2.48307500000000019e+01,4.47973723533121648e-01,-4.51027195548903137e-03,-4.51027177524965673e-03,-2.91060448895528546e-07,-2.91060437264178205e-07,-1.16424174905671282e-06,-1.45530219795224131e-06,-1.45530218632089097e-06
2.48380000000000010e+01,2.48380000000000010e+01,4.47941030028621456e-01,-4.50862637811511036e-03,-4.50862619804957582e-03,-2.90784425857367409e-07,-2.90784414244018107e-07,-1.16313765697607200e-06,-1.45392208283343936e-06,-1.45392207122009016e-06
2.48452500000000001e+01,2.48452500000000001e+01,4.47908348450638982e-01,-4.50698188113207721e-03,-4.50698170123704691e-03,-2.90508745024388380e-07,-2.90508733428806018e-07,-1.16203493371522428e-06,-1.45254367873961256e-06,-1.45254366714403030e-06
2.48525000000000027e+01,2.48525000000000027e+01,4.47875678791345044e-01,-4.50533846351319767e-03,-4.50533828378779817e-03,-2.90233405872505123e-07,-2.90233394294614790e-07,-1.16093357717845895e-06,-1.45116698305096402e-06,-1.45116697147307374e-06
2.48597500000000018e+01,2.48597500000000018e+01,4.47843021042918066e-01,-4.50369612423173749e-03,-4.50369594467882849e-03,-2.89958407878504909e-07,-2.89958396318471936e-07,-1.15983358527388774e-06,-1.44979199315239260e-06,-1.44979198159235968e-06
2.48670000000000009e+01,2.48670000000000009e+01,4.47810375197543686e-01,-4.50205486226806784e-03,-4.50205468288840307e-03,-2.89683750520503422e-07,-2.89683738978357562e-07,-1.15873495591343004e-06,-1.44841870643393356e-06,-1.44841869489178765e-06
2.48742500000000000e+01,2.48742500000000000e+01,4.47777741247415151e-01,-4.50041467660611261e-03,-4.50041449739605349e-03,-2.89409433277713996e-07,-2.89409421753202250e-07,-1.15763768701280900e-06,-1.44704712029052310e-06,-1.44704710876601136e-06
2.48815000000000026e+01,2.48815000000000026e+01,4.47745119184732865e-01,-4.49877556622624297e-03,-4.49877538718257333e-03,-2.89135455629988097e-07,-2.89135444122885261e-07,-1.15654177649154104e-06,-1.44567723212152909e-06,-1.44567722061442620e-06
2.48887500000000017e+01,2.48887500000000017e+01,4.47712509001704839e-01,-4.49713753010527739e-03,-4.49713735123002164e-03,-2.88861817057815115e-07,-2.88861805568232890e-07,-1.15544722227293156e-06,-1.44430903933074662e-06,-1.44430902784116440e-06
2.48960000000000008e+01,2.48960000000000008e+01,4.47679910690546357e-01,-4.49550056722358704e-03,-4.49550038852171343e-03,-2.88588517042776632e-07,-2.88588505571015504e-07,-1.15435402228406202e-06,-1.44294253932683870e-06,-1.44294252785507763e-06
2.49032499999999999e+01,2.49032499999999999e+01,4.47647324243480083e-01,-4.49386467657930666e-03,-4.49386449804222397e-03,-2.88315555068456408e-07,-2.88315543613946377e-07,-1.15326217445578572e-06,-1.44157772952424213e-06,-1.44157771806973215e-06
2.49105000000000025e+01,2.49105000000000025e+01,4.47614749652735955e-01,-4.49222985714925471e-03,-4.49222967877738188e-03,-2.88042930617929505e-07,-2.88042919180679252e-07,-1.15217167672271701e-06,-1.44021460734064652e-06,-1.44021459590339632e-06
2.49177500000000016e+01,2.49177500000000016e+01,4.47582186910551461e-01,-4.49059610791024966e-03,-4.49059592971427432e-03,-2.87770643175130565e-07,-2.87770631755806865e-07,-1.15108252702322746e-06,-1.43885317019835802e-06,-1.43885315877903443e-06
2.49250000000000007e+01,2.49250000000000007e+01,4.47549636009171248e-01,-4.48896342787108438e-03,-4.48896324984123570e-03,-2.87498692226900135e-07,-2.87498680824858289e-07,-1.14999472329943316e-06,-1.43749341552633329e-06,-1.43749340412429150e-06
2.49322499999999998e+01,2.49322499999999998e+01,4.47517096940847348e-01,-4.48733181600502462e-03,-4.48733163814785379e-03,-2.87227077258656277e-07,-2.87227065874297514e-07,-1.14890826349719006e-06,-1.43613534075584644e-06,-1.43613532937148752e-06
2.49395000000000024e+01,2.49395000000000024e+01,4.47484569697839119e-01,-4.48570127131375784e-03,-4.48570109362496274e-03,-2.86955797758490552e-07,-2.86955786391520952e-07,-1.14782314556608381e-06,-1.43477894332457431e-06,-1.43477893195760476e-06
2.49467500000000015e+01,2.49467500000000015e+01,4.47452054272413247e-01,-4.48407179279186607e-03,-4.48407161526464572e-03,-2.86684853214889875e-07,-2.86684841864856381e-07,-1.14673936745942553e-06,-1.43342422067431540e-06,-1.43342420932428185e-06
2.49540000000000006e+01,2.49540000000000006e+01,4.47419550656843634e-01,-4.48244337941972049e-03,-4.48244320206022707e-03,-2.86414243116281869e-07,-2.86414231783559770e-07,-1.14565692713423908e-06,-1.43207117025052105e-06,-1.43207115891779874e-06
2.49612499999999997e+01,2.49612499999999997e+01,4.47387058843411678e-01,-4.48081603019190311e-03,-4.48081585300627670e-03,-2.86143966952851113e-07,-2.86143955637814373e-07,-1.14457582255125749e-06,-1.43071978950410850e-06,-1.43071977818907181e-06
2.49685000000000024e+01,2.49685000000000024e+01,4.47354578824405769e-01,-4.47918974412786497e-03,-4.47918956709860133e-03,-2.85874024217215131e-07,-2.85874012918727880e-07,-1.14349605167491195e-06,-1.42937007589212708e-06,-1.42937006459363972e-06
2.49757500000000014e+01,2.49757500000000014e+01,4.47322110592121847e-01,-4.47756452019021367e-03,-4.47756434333425237e-03,-2.85604414399206192e-07,-2.85604403118331721e-07,-1.14241761247332667e-06,-1.42802202687253286e-06,-1.42802201559165850e-06
2.49830000000000005e+01,2.49830000000000005e+01,4.47289654138863013e-01,-4.47594035739840024e-03,-4.47594018071151376e-03,-2.85335136993127308e-07,-2.85335125729577519e-07,-1.14134050291831050e-06,-1.42667563991143781e-06,-1.42667562864788802e-06
2.49902499999999996e+01,2.49902499999999996e+01,4.47257209456939586e-01,-4.47431725475055941e-03,-4.47431707822990542e-03,-2.85066191492760938e-07,-2.85066180246336568e-07,-1.14026472098534627e-06,-1.42533091247810716e-06,-1.42533090123168289e-06
2.49975000000000023e+01,2.49975000000000023e+01,4.47224776538669100e-01,-4.47269521124837866e-03,-4.47269503489017978e-03,-2.84797577392954209e-07,-2.84797566163396753e-07,-1.13919026465358680e-06,-1.42398784204654106e-06,-1.42398783081698355e-06
2.50047500000000014e+01,2.50047500000000014e+01,4.47192355376376471e-01,-4.47107422588999270e-03,-4.47107404969432267e-03,-2.84529294189165275e-07,-2.84529282976461762e-07,-1.13811713190584705e-06,-1.42264642609501232e-06,-1.42264641488230886e-06
2.50120000000000005e+01,2.50120000000000005e+01,4.47159945962393723e-01,-4.46945429766998359e-03,-4.46945412164554724e-03,-2.84261341377461889e-07,-2.84261330182148333e-07,-1.13704532072859312e-06,-1.42130666210605496e-06,-1.42130665091074151e-06
2.50192499999999995e+01,2.50192499999999995e+01,4.47127548289060261e-01,-4.46783542560424962e-03,-4.46783524974829656e-03,-2.83993718456101280e-07,-2.83993707277984505e-07,-1.13597482911193802e-06,-1.41996854756803925e-06,-1.41996853638992247e-06
2.50265000000000022e+01,2.50265000000000022e+01,4.47095162348722430e-01,-4.46621760870513640e-03,-4.46621743300823493e-03,-2.83726424923944927e-07,-2.83726413762407763e-07,-1.13490565504963105e-06,-1.41863207997357593e-06,-1.41863206881203876e-06
2.50337500000000013e+01,2.50337500000000013e+01,4.47062788133734068e-01,-4.46460084596012052e-03,-4.46460067043225658e-03,-2.83459460279104316e-07,-2.83459449134763456e-07,-1.13383779653905404e-06,-1.41729725681815841e-06,-1.41729724567381749e-06
2.50410000000000004e+01,2.50410000000000004e+01,4.47030425636456008e-01,-4.46298513639220573e-03,-4.46298496102847352e-03,-2.83192824022776303e-07,-2.83192812895302410e-07,-1.13277125158120964e-06,-1.41596407560398605e-06,-1.41596406447651210e-06
2.50482499999999995e+01,2.50482499999999995e+01,4.46998074849256410e-01,-4.46137047900307948e-03,-4.46137030380621812e-03,-2.82926515655629882e-07,-2.82926504545179022e-07,-1.13170601818071609e-06,-1.41463253383634608e-06,-1.41463252272589516e-06
2.50555000000000021e+01,2.50555000000000021e+01,4.46965735764510430e-01,-4.45975687281574551e-03,-4.45975669777604142e-03,-2.82660534680510978e-07,-2.82660523586449676e-07,-1.13064209434579849e-06,-1.41330262902630947e-06,-1.41330261793224822e-06
2.50627500000000012e+01,2.50627500000000012e+01,4.46933408374600660e-01,-4.45814431681768042e-03,-4.45814414194971222e-03,-2.82394880598836356e-07,-2.82394869522070937e-07,-1.12957947808828375e-06,-1.41197435868712005e-06,-1.41197434761035458e-06
2.50700000000000003e+01,2.50700000000000003e+01,4.46901092671916578e-01,-4.45653281004254609e-03,-4.45653263534021276e-03,-2.82129552915771168e-07,-2.82129541855897175e-07,-1.12851816742358891e-06,-1.41064772033936013e-06,-1.41064770927948598e-06
2.50772500000000029e+01,2.50772500000000029e+01,4.46868788648854987e-01,-4.45492235150979354e-03,-4.45492217696173785e-03,-2.81864551136397771e-07,-2.81864540092679078e-07,-1.12745816037071631e-06,-1.40932271150711408e-06,-1.40932270046339539e-06
2.50845000000000020e+01,2.50845000000000020e+01,4.46836496297819741e-01,-4.45331294020689938e-03,-4.45331276582969227e-03,-2.81599874764594089e-07,-2.81599863738061642e-07,-1.12639945495224678e-06,-1.40799932971684092e-06,-1.40799931869030832e-06
2.50917500000000011e+01,2.50917500000000011e+01,4.46804215611221966e-01,-4.45170457517463092e-03,-4.45170440096069337e-03,-2.81335523308425676e-07,-2.81335512298582478e-07,-1.12534204919432991e-06,-1.40667757250275553e-06,-1.40667756149291244e-06
2.50990000000000002e+01,2.50990000000000002e+01,4.46771946581479729e-01,-4.45009725541822831e-03,-4.45009708137256155e-03,-2.81071496274524902e-07,-2.81071485281669426e-07,-1.12428594112667792e-06,-1.40535743740120287e-06,-1.40535742640834745e-06
2.51062500000000028e+01,2.51062500000000028e+01,4.46739689201018364e-01,-4.44849097997135345e-03,-4.44849080608432455e-03,-2.80807793172132844e-07,-2.80807782195639238e-07,-1.12323112878255695e-06,-1.40403892195468985e-06,-1.40403891097819614e-06
2.51135000000000019e+01,2.51135000000000019e+01,4.46707443462270148e-01,-4.44688574783924651e-03,-4.44688557411621315e-03,-2.80544413509506428e-07,-2.80544402549695613e-07,-1.12217761019878245e-06,-1.40272202370828883e-06,-1.40272201274847807e-06
2.51207500000000010e+01,2.51207500000000010e+01,4.46675209357674685e-01,-4.44528155804846392e-03,-4.44528138448966118e-03,-2.80281356797057912e-07,-2.80281345853927294e-07,-1.12112538341570917e-06,-1.40140674021276719e-06,-1.40140672926963641e-06
2.51280000000000001e+01,2.51280000000000001e+01,4.46642986879678461e-01,-4.44367840962911487e-03,-4.44367823622730113e-03,-2.80018622546230021e-07,-2.80018611619305895e-07,-1.12007444647722337e-06,-1.40009306902345339e-06,-1.40009305809652932e-06
2.51352500000000028e+01,2.51352500000000028e+01,4.46610776020735067e-01,-4.44207630159354494e-03,-4.44207612835296074e-03,-2.79756210268151812e-07,-2.79756199357684267e-07,-1.11902479743073707e-06,-1.39878100769888888e-06,-1.39878099678842139e-06
2.51425000000000018e+01,2.51425000000000018e+01,4.46578576773305369e-01,-4.44047523296120517e-03,-4.44047505989167077e-03,-2.79494119475205425e-07,-2.79494108581795428e-07,-1.11797643432718171e-06,-1.39747055380238708e-06,-1.39747054290897714e-06
2.51497500000000009e+01,2.51497500000000009e+01,4.46546389129857113e-01,-4.43887520277996828e-03,-4.43887502986965200e-03,-2.79232349682363910e-07,-2.79232338805249398e-07,-1.11692935522099759e-06,-1.39616170490336155e-06,-1.39616169402624704e-06
2.51570000000000000e+01,2.51570000000000000e+01,4.46514213082865097e-01,-4.43727621006217987e-03,-4.43727603731431698e-03,-2.78970900403164705e-07,-2.78970889542532079e-07,-1.11588355817012831e-06,-1.39485445857329302e-06,-1.39485444771266050e-06
2.51642500000000027e+01,2.51642500000000027e+01,4.46482048624811168e-01,-4.43567825384505454e-03,-4.43567808125427086e-03,-2.78709771153508948e-07,-2.78709760309003299e-07,-1.11483904123601298e-06,-1.39354881238952198e-06,-1.39354880154501634e-06
2.51715000000000018e+01,2.51715000000000018e+01,4.46449895748184333e-01,-4.43408133314449060e-03,-4.43408116071930883e-03,-2.78448961448755566e-07,-2.78448950620895385e-07,-1.11379580248358133e-06,-1.39224476393233684e-06,-1.39224475310447666e-06
2.51787500000000009e+01,2.51787500000000009e+01,4.46417754445480597e-01,-4.43248544700480807e-03,-4.43248527474041174e-03,-2.78188470806845085e-07,-2.78188459995310670e-07,-1.11275383998124268e-06,-1.39094231078808777e-06,-1.39094229997655330e-06
2.51859999999999999e+01,2.51859999999999999e+01,4.46385624709202788e-01,-4.43089059445611610e-03,-4.43089042234974615e-03,-2.77928298745618719e-07,-2.77928287950220017e-07,-1.11171315180088007e-06,-1.38964145054649889e-06,-1.38964143975109998e-06
2.51932500000000026e+01,2.51932500000000026e+01,4.46353506531861011e-01,-4.42929677452497117e-03,-4.42929660258066082e-03,-2.77668444783487839e-07,-2.77668434004460907e-07,-1.11067373601784384e-06,-1.38834218080133173e-06,-1.38834217002230469e-06
2.52005000000000017e+01,2.52005000000000017e+01,4.46321399905972194e-01,-4.42770398625214057e-03,-4.42770381446769105e-03,-2.77408908440546180e-07,-2.77408897677736224e-07,-1.10963559071094468e-06,-1.38704449915149076e-06,-1.38704448838868101e-06
2.52077500000000008e+01,2.52077500000000008e+01,4.46289304824060373e-01,-4.42611222866773346e-03,-4.42611205704654658e-03,-2.77149689237008078e-07,-2.77149678490611184e-07,-1.10859871396244474e-06,-1.38574840319945281e-06,-1.38574839245305582e-06
2.52149999999999999e+01,2.52149999999999999e+01,4.46257221278656524e-01,-4.42452150081251716e-03,-4.42452132935412020e-03,-2.76890786694543332e-07,-2.76890775964512862e-07,-1.10756310385805145e-06,-1.38445389055259483e-06,-1.38445387982256442e-06
2.52222500000000025e+01,2.52222500000000025e+01,4.46225149262298559e-01,-4.42293180172725897e-03,-4.42293163042847565e-03,-2.76632200335607155e-07,-2.76632189621727433e-07,-1.10652875848690973e-06,-1.38316095882251684e-06,-1.38316094810863722e-06
2.52295000000000016e+01,2.52295000000000016e+01,4.46193088767531443e-01,-4.42134313044562077e-03,-4.42134295930885889e-03,-2.76373929682994473e-07,-2.76373918985399171e-07,-1.10549567594159669e-06,-1.38186960562459111e-06,-1.38186959492699591e-06
2.52367500000000007e+01,2.52367500000000007e+01,4.46161039786907077e-01,-4.41975548601547530e-03,-4.41975531503568247e-03,-2.76115974261171354e-07,-2.76115963579527959e-07,-1.10446385431811184e-06,-1.38057982857928314e-06,-1.38057981789763969e-06
2.52439999999999998e+01,2.52439999999999998e+01,4.46129002312984191e-01,-4.41816886747403714e-03,-4.41816869665053250e-03,-2.75858333594718480e-07,-2.75858322928967858e-07,-1.10343329171587143e-06,-1.37929162531058991e-06,-1.37929161464483934e-06
2.52512500000000024e+01,2.52512500000000024e+01,4.46096976338328677e-01,-4.41658327385852090e-03,-4.41658310319616512e-03,-2.75601007208996386e-07,-2.75600996559425364e-07,-1.10240398623770146e-06,-1.37800499344669784e-06,-1.37800498279712688e-06
2.52585000000000015e+01,2.52585000000000015e+01,4.46064961855513253e-01,-4.41499870421679930e-03,-4.41499853371650399e-03,-2.75343994630809059e-07,-2.75343983997457712e-07,-1.10137593598983064e-06,-1.37671993062063964e-06,-1.37671991998728830e-06
2.52657500000000006e+01,2.52657500000000006e+01,4.46032958857117523e-01,-4.41341515760385050e-03,-4.41341498725663674e-03,-2.75087295388178727e-07,-2.75087284770470544e-07,-1.10034913908188218e-06,-1.37543643447006096e-06,-1.37543642385235282e-06
2.52729999999999997e+01,2.52729999999999997e+01,4.46000967335728027e-01,-4.41183263304978368e-03,-4.41183246286281847e-03,-2.74830909008351687e-07,-2.74830898406716907e-07,-1.09932359362686742e-06,-1.37415450263521905e-06,-1.37415449203358443e-06
2.52802500000000023e+01,2.52802500000000023e+01,4.45968987283938301e-01,-4.41025112960957699e-03,-4.41025095958246308e-03,-2.74574835020897592e-07,-2.74574824435294763e-07,-1.09829929774117927e-06,-1.37287413276207680e-06,-1.37287412217647398e-06
2.52875000000000014e+01,2.52875000000000014e+01,4.45937018694348708e-01,-4.40867064633110317e-03,-4.40867047646414933e-03,-2.74319072955714586e-07,-2.74319062386146356e-07,-1.09727624954458542e-06,-1.37159532250029990e-06,-1.37159531193073183e-06
2.52947500000000005e+01,2.52947500000000005e+01,4.45905061559566496e-01,-4.40709118227289309e-03,-4.40709101255761047e-03,-2.74063622344133092e-07,-2.74063611790054818e-07,-1.09625444716021927e-06,-1.37031806950435226e-06,-1.37031805895027409e-06
2.53019999999999996e+01,2.53019999999999996e+01,4.45873115872205794e-01,-4.40551273646505592e-03,-4.40551256691374023e-03,-2.73808482716483929e-07,-2.73808472178643911e-07,-1.09523388871457543e-06,-1.36904237143105931e-06,-1.36904236089321940e-06
2.53092500000000022e+01,2.53092500000000022e+01,4.45841181624887728e-01,-4.40393530798033339e-03,-4.40393513858458596e-03,-2.73553653606515640e-07,-2.73553643084375272e-07,-1.09421457233750088e-06,-1.36776822594401662e-06,-1.36776821542187604e-06
2.53165000000000013e+01,2.53165000000000013e+01,4.45809258810240083e-01,-4.40235889585949280e-03,-4.40235872662334861e-03,-2.73299134546753918e-07,-2.73299124040547405e-07,-1.09319649616218962e-06,-1.36649563070894349e-06,-1.36649562020273708e-06
2.53237500000000004e+01,2.53237500000000004e+01,4.45777347420897752e-01,-4.40078349916106504e-03,-4.40078333008438443e-03,-2.73044925071591476e-07,-2.73044914581293671e-07,-1.09217965832517468e-06,-1.36522458339676611e-06,-1.36522457290646825e-06
2.53309999999999995e+01,2.53309999999999995e+01,4.45745447449502230e-01,-4.39920911694358097e-03,-4.39920894802319547e-03,-2.72791024716182350e-07,-2.72791014241580277e-07,-1.09116405696632090e-06,-1.36395508168250314e-06,-1.36395507120790123e-06
2.53382500000000022e+01,2.53382500000000022e+01,4.45713558888702011e-01,-4.39763574826557146e-03,-4.39763557949643304e-03,-2.72537433016440045e-07,-2.72537422557204633e-07,-1.09014969022881832e-06,-1.36268712324525847e-06,-1.36268711278602300e-06
2.53455000000000013e+01,2.53455000000000013e+01,4.45681681731152413e-01,-4.39606339216780384e-03,-4.39606322356189856e-03,-2.72284149507936611e-07,-2.72284139064794294e-07,-1.08913655625917718e-06,-1.36142070576711373e-06,-1.36142069532397147e-06
2.53527500000000003e+01,2.53527500000000003e+01,4.45649815969515584e-01,-4.39449204773012525e-03,-4.39449187927853577e-03,-2.72031173729422371e-07,-2.72031163301804528e-07,-1.08812465320721790e-06,-1.36015582693664032e-06,-1.36015581650902248e-06
2.53600000000000030e+01,2.53600000000000030e+01,4.45617961596460332e-01,-4.39292171400396114e-03,-4.39292154570642985e-03,-2.71778505218641642e-07,-2.71778494806516296e-07,-1.08711397922606540e-06,-1.35889248444470699e-06,-1.35889247403258180e-06
2.53672500000000021e+01,2.53672500000000021e+01,4.45586118604662518e-01,-4.39135239004784239e-03,-4.39135222190681351e-03,-2.71526143514533639e-07,-2.71526133118035892e-07,-1.08610453247214378e-06,-1.35763067598667747e-06,-1.35763066559017962e-06
2.53745000000000012e+01,2.53745000000000012e+01,4.45554286986804660e-01,-4.38978407492385259e-03,-4.38978390694205484e-03,-2.71274088157009600e-07,-2.71274077776291918e-07,-1.08509631110516767e-06,-1.35637039926217716e-06,-1.35637038888145954e-06
2.53817500000000003e+01,2.53817500000000003e+01,4.45522466735576106e-01,-4.38821676770118074e-03,-4.38821659987565990e-03,-2.71022338687170260e-07,-2.71022328322033908e-07,-1.08408931328813563e-06,-1.35511165197530589e-06,-1.35511164161016965e-06
2.53890000000000029e+01,2.53890000000000029e+01,4.45490657843672977e-01,-4.38665046744191045e-03,-4.38665029977227273e-03,-2.70770894646426424e-07,-2.70770884296830956e-07,-1.08308353718732382e-06,-1.35385443183375025e-06,-1.35385442148415473e-06
2.53962500000000020e+01,2.53962500000000020e+01,4.45458860303798165e-01,-4.38508517321523072e-03,-4.38508500569767361e-03,-2.70519755577375218e-07,-2.70519745243070019e-07,-1.08207898097228007e-06,-1.35259873654965540e-06,-1.35259872621535009e-06
2.54035000000000011e+01,2.54035000000000011e+01,4.45427074108661392e-01,-4.38352088407611973e-03,-4.38352071671877300e-03,-2.70268921022483273e-07,-2.70268910703953797e-07,-1.08107564281581476e-06,-1.35134456383829798e-06,-1.35134455351976846e-06
2.54107500000000002e+01,2.54107500000000002e+01,4.45395299250979038e-01,-4.38195759910442462e-03,-4.38195743190361413e-03,-2.70018390526495737e-07,-2.70018380223499204e-07,-1.08007352089399681e-06,-1.35009191142049255e-06,-1.35009190111749591e-06
2.54180000000000028e+01,2.54180000000000028e+01,4.45363535723474313e-01,-4.38039531737288712e-03,-4.38039515032136954e-03,-2.69768163634461631e-07,-2.69768153346535985e-07,-1.07907261338614415e-06,-1.34884077702060589e-06,-1.34884076673268008e-06
2.54252500000000019e+01,2.54252500000000019e+01,4.45331783518877145e-01,-4.37883403793648540e-03,-4.37883387104234106e-03,-2.69518239891077825e-07,-2.69518229618704922e-07,-1.07807291847481990e-06,-1.34759115836589783e-06,-1.34759114809352482e-06
2.54325000000000010e+01,2.54325000000000010e+01,4.45300042629924231e-01,-4.37727375988217204e-03,-4.37727359313795552e-03,-2.69268618843749998e-07,-2.69268608586455763e-07,-1.07707443434582326e-06,-1.34634305318957331e-06,-1.34634304293227897e-06
2.54397500000000001e+01,2.54397500000000001e+01,4.45268313049358877e-01,-4.37571448226847792e-03,-4.37571431568076381e-03,-2.69019300038872841e-07,-2.69019289797045957e-07,-1.07607715918818383e-06,-1.34509645922705672e-06,-1.34509644898522984e-06
2.54470000000000027e+01,2.54470000000000027e+01,4.45236594769931326e-01,-4.37415620417880291e-03,-4.37415603774444182e-03,-2.68770283025107868e-07,-2.68770272798538853e-07,-1.07508109119415562e-06,-1.34385137421926355e-06,-1.34385136399269448e-06
2.54542500000000018e+01,2.54542500000000018e+01,4.45204887784398318e-01,-4.37259892468233602e-03,-4.37259875840378606e-03,-2.68521567350978205e-07,-2.68521557139802267e-07,-1.07408622855920928e-06,-1.34260779591018738e-06,-1.34260778569901165e-06
2.54615000000000009e+01,2.54615000000000009e+01,4.45173192085523417e-01,-4.37104264285892441e-03,-4.37104247673471107e-03,-2.68273152566395531e-07,-2.68273142370506368e-07,-1.07309256948202547e-06,-1.34136572204842100e-06,-1.34136571185253189e-06
2.54687500000000000e+01,2.54687500000000000e+01,4.45141507666076852e-01,-4.36948735777775710e-03,-4.36948719181425114e-03,-2.68025038221349719e-07,-2.68025028041122300e-07,-1.07210011216448920e-06,-1.34012515038583881e-06,-1.34012514020561155e-06
2.54760000000000026e+01,2.54760000000000026e+01,4.45109834518835568e-01,-4.36793306853644481e-03,-4.36793290272055601e-03,-2.67777223868304874e-07,-2.67777213702920543e-07,-1.07110885481168196e-06,-1.33888607867998673e-06,-1.33888606851460245e-06
2.54832500000000017e+01,2.54832500000000017e+01,4.45078172636583058e-01,-4.36637977419707113e-03,-4.36637960853288910e-03,-2.67529709058275196e-07,-2.67529698907969269e-07,-1.07011879563187708e-06,-1.33764850469015217e-06,-1.33764849453984634e-06
2.54905000000000008e+01,2.54905000000000008e+01,4.45046522012109702e-01,-4.36482747384303593e-03,-4.36482730833163014e-03,-2.67282493344310197e-07,-2.67282483209132702e-07,-1.06912993283653081e-06,-1.33641242618084111e-06,-1.33641241604566351e-06
2.54977499999999999e+01,2.54977499999999999e+01,4.45014882638212372e-01,-4.36327616655773909e-03,-4.36327600119826645e-03,-2.67035576280185456e-07,-2.67035566160069213e-07,-1.06814226464027664e-06,-1.33517784092046204e-06,-1.33517783080034596e-06
2.55050000000000026e+01,2.55050000000000026e+01,4.44983254507694603e-01,-4.36172585142458047e-03,-4.36172568621539473e-03,-2.66788957420401084e-07,-2.66788947315229890e-07,-1.06715578926091956e-06,-1.33394474668132064e-06,-1.33394473657614940e-06
2.55122500000000016e+01,2.55122500000000016e+01,4.44951637613366757e-01,-4.36017652751985452e-03,-4.36017636246672450e-03,-2.66542636319746186e-07,-2.66542626229857319e-07,-1.06617050491942906e-06,-1.33271314123917530e-06,-1.33271313114928644e-06
2.55195000000000007e+01,2.55195000000000007e+01,4.44920031948045580e-01,-4.35862819394117196e-03,-4.35862802903706509e-03,-2.66296612535034860e-07,-2.66296602459982993e-07,-1.06518640983993219e-06,-1.33148302237496699e-06,-1.33148301229991518e-06
2.55267499999999998e+01,2.55267499999999998e+01,4.44888437504554646e-01,-4.35708084976127452e-03,-4.35708068501233694e-03,-2.66050885622281659e-07,-2.66050875562426834e-07,-1.06420350224970712e-06,-1.33025438787198868e-06,-1.33025437781213391e-06
2.55340000000000025e+01,2.55340000000000025e+01,4.44856854275724023e-01,-4.35553449407777293e-03,-4.35553432947955680e-03,-2.65805455139738995e-07,-2.65805445094794173e-07,-1.06322178037917648e-06,-1.32902723551891537e-06,-1.32902722547397071e-06
2.55412500000000016e+01,2.55412500000000016e+01,4.44825282254390497e-01,-4.35398912597051435e-03,-4.35398896152684820e-03,-2.65560320645292463e-07,-2.65560310615475808e-07,-1.06224124246190323e-06,-1.32780156310719570e-06,-1.32780155307737904e-06
2.55485000000000007e+01,2.55485000000000007e+01,4.44793721433397460e-01,-4.35244474453710950e-03,-4.35244458024343361e-03,-2.65315481698627125e-07,-2.65315471683645141e-07,-1.06126188673458035e-06,-1.32657736843320758e-06,-1.32657735841822544e-06
2.55557499999999997e+01,2.55557499999999997e+01,4.44762171805594742e-01,-4.35090134886095825e-03,-4.35090118471963012e-03,-2.65070937859275526e-07,-2.65070927859256643e-07,-1.06028371143702657e-06,-1.32535464929630205e-06,-1.32535463929628316e-06
2.55630000000000024e+01,2.55630000000000024e+01,4.44730633363838945e-01,-4.34935893804322404e-03,-4.34935877404685374e-03,-2.64826688688566132e-07,-2.64826678703044959e-07,-1.05930671481218005e-06,-1.32413340350074629e-06,-1.32413339351522501e-06
2.55702500000000015e+01,2.55702500000000015e+01,4.44699106100993169e-01,-4.34781751116020132e-03,-4.34781734731761686e-03,-2.64582733747023944e-07,-2.64582723776522942e-07,-1.05833089510609177e-06,-1.32291362885311566e-06,-1.32291361888261482e-06
2.55775000000000006e+01,2.55775000000000006e+01,4.44667590009927172e-01,-4.34627706731305352e-03,-4.34627690362552211e-03,-2.64339072597398962e-07,-2.64339062641979753e-07,-1.05735625056791901e-06,-1.32169532316531803e-06,-1.32169531320989882e-06
2.55847499999999997e+01,2.55847499999999997e+01,4.44636085083517152e-01,-4.34473760559939137e-03,-4.34473744206526503e-03,-2.64095704802932729e-07,-2.64095694862479638e-07,-1.05638277944991855e-06,-1.32047848425285139e-06,-1.32047847431239819e-06
2.55920000000000023e+01,2.55920000000000023e+01,4.44604591314645914e-01,-4.34319912512393103e-03,-4.34319896173262967e-03,-2.63852629928005040e-07,-2.63852620001859924e-07,-1.05541048000743991e-06,-1.31926310993544489e-06,-1.31926310000929978e-06
2.55992500000000014e+01,2.55992500000000014e+01,4.44573108696202923e-01,-4.34166162496296693e-03,-4.34166146172449297e-03,-2.63609847535974911e-07,-2.63609837624730587e-07,-1.05443935049892235e-06,-1.31804919803489720e-06,-1.31804918812365288e-06
2.56065000000000005e+01,2.56065000000000005e+01,4.44541637221083974e-01,-4.34012510422832065e-03,-4.34012494113881174e-03,-2.63367357193064064e-07,-2.63367347296470763e-07,-1.05346938918588326e-06,-1.31683674637894722e-06,-1.31683673648235403e-06
2.56137499999999996e+01,2.56137499999999996e+01,4.44510176882191632e-01,-4.33858956201049750e-03,-4.33858939907463392e-03,-2.63125158464902357e-07,-2.63125148583228959e-07,-1.05250059433291605e-06,-1.31562575279781841e-06,-1.31562574291614506e-06
2.56210000000000022e+01,2.56210000000000022e+01,4.44478727672434792e-01,-4.33705499741776634e-03,-4.33705483463208644e-03,-2.62883250918898788e-07,-2.62883241051920247e-07,-1.05153296420768099e-06,-1.31441621512657988e-06,-1.31441620525960129e-06
2.56282500000000013e+01,2.56282500000000013e+01,4.44447289584729066e-01,-4.33552140955129062e-03,-4.33552124691238220e-03,-2.62641634122731182e-07,-2.62641624270225628e-07,-1.05056649708090251e-06,-1.31320813120363364e-06,-1.31320812135112809e-06
2.56355000000000004e+01,2.56355000000000004e+01,4.44415862611996337e-01,-4.33398879750868105e-03,-4.33398863501781046e-03,-2.62400307644560331e-07,-2.62400297806589704e-07,-1.04960119122635882e-06,-1.31200149887091909e-06,-1.31200148903294841e-06
2.56427499999999995e+01,2.56427499999999995e+01,4.44384446747165207e-01,-4.33245716039110107e-03,-4.33245699805174210e-03,-2.62159271053459865e-07,-2.62159261230219511e-07,-1.04863704492087783e-06,-1.31079631597433764e-06,-1.31079630615109729e-06
2.56500000000000021e+01,2.56500000000000021e+01,4.44353041983170660e-01,-4.33092649731037227e-03,-4.33092633511862179e-03,-2.61918523919843841e-07,-2.61918514111082615e-07,-1.04767405644433046e-06,-1.30959258036417430e-06,-1.30959257055541313e-06
2.56572500000000012e+01,2.56572500000000012e+01,4.44321648312954232e-01,-4.32939680736410537e-03,-4.32939664532397493e-03,-2.61678065813960883e-07,-2.61678056019906479e-07,-1.04671222407962570e-06,-1.30839028989358659e-06,-1.30839028009953224e-06
2.56645000000000003e+01,2.56645000000000003e+01,4.44290265729463896e-01,-4.32786808966056924e-03,-4.32786792777439550e-03,-2.61437896307397079e-07,-2.61437886528175598e-07,-1.04575154611270218e-06,-1.30718944242009931e-06,-1.30718943264087778e-06
2.56717500000000030e+01,2.56717500000000030e+01,4.44258894225654066e-01,-4.32634034332579631e-03,-4.32634018157755131e-03,-2.61198014973502092e-07,-2.61198005208130658e-07,-1.04479202083252263e-06,-1.30599003580602473e-06,-1.30599002604065324e-06
2.56790000000000020e+01,2.56790000000000020e+01,4.44227533794485707e-01,-4.32481356743608103e-03,-4.32481340584218305e-03,-2.60958421383312232e-07,-2.60958411632767422e-07,-1.04383364653106948e-06,-1.30479206791438171e-06,-1.30479205816383690e-06
2.56862500000000011e+01,2.56862500000000011e+01,4.44196184428926222e-01,-4.32328776112811397e-03,-4.32328759967809829e-03,-2.60719115112198448e-07,-2.60719105375834028e-07,-1.04287642150333611e-06,-1.30359553661553461e-06,-1.30359552687917019e-06
2.56935000000000002e+01,2.56935000000000002e+01,4.44164846121949397e-01,-4.32176292348884772e-03,-4.32176276219617232e-03,-2.60480095733217912e-07,-2.60480086011830517e-07,-1.04192034404732228e-06,-1.30240043978054025e-06,-1.30240043005915285e-06
2.57007500000000029e+01,2.57007500000000029e+01,4.44133518866535570e-01,-4.32023905365852556e-03,-4.32023889250834642e-03,-2.60241362823326530e-07,-2.60241353116006712e-07,-1.04096541246402685e-06,-1.30120677528735343e-06,-1.30120676558003356e-06
2.57080000000000020e+01,2.57080000000000020e+01,4.44102202655671352e-01,-4.31871615073120552e-03,-4.31871598972762699e-03,-2.60002915957380520e-07,-2.60002906264361000e-07,-1.04001162505744400e-06,-1.30001454101482452e-06,-1.30001453132180489e-06
2.57152500000000011e+01,2.57152500000000011e+01,4.44070897482349958e-01,-4.31719421382226187e-03,-4.31719405296808294e-03,-2.59764754712203862e-07,-2.59764745033638536e-07,-1.03905898013455393e-06,-1.29882373484675774e-06,-1.29882372516819252e-06
2.57225000000000001e+01,2.57225000000000001e+01,4.44039603339570932e-01,-4.31567324205062164e-03,-4.31567308134484309e-03,-2.59526878665515851e-07,-2.59526869001329808e-07,-1.03810747600531902e-06,-1.29763435467083482e-06,-1.29763434500664883e-06
2.57297500000000028e+01,2.57297500000000028e+01,4.44008320220340202e-01,-4.31415323453876454e-03,-4.31415307397409794e-03,-2.59289287395928606e-07,-2.59289277745669162e-07,-1.03715711098267665e-06,-1.29644639837860525e-06,-1.29644638872834576e-06
2.57370000000000019e+01,2.57370000000000019e+01,4.43977048117670137e-01,-4.31263419039140672e-03,-4.31263402997309440e-03,-2.59051980481665566e-07,-2.59051970845633470e-07,-1.03620788338253367e-06,-1.29525986386419923e-06,-1.29525985422816714e-06
2.57442500000000010e+01,2.57442500000000010e+01,4.43945787024579541e-01,-4.31111610872747519e-03,-4.31111594846013673e-03,-2.58814957502482081e-07,-2.58814947880940124e-07,-1.03525979152376050e-06,-1.29407474902624258e-06,-1.29407473940470067e-06
2.57515000000000001e+01,2.57515000000000001e+01,4.43914536934093606e-01,-4.30959898867655511e-03,-4.30959882855458561e-03,-2.58578218039448996e-07,-2.58578208432046189e-07,-1.03431283372818455e-06,-1.29289105176763354e-06,-1.29289104216023073e-06
2.57587500000000027e+01,2.57587500000000027e+01,4.43883297839243740e-01,-4.30808282935402076e-03,-4.30808266937684949e-03,-2.58341761673458166e-07,-2.58341752080145806e-07,-1.03336700832058344e-06,-1.29170876999404165e-06,-1.29170876040072924e-06
2.57660000000000018e+01,2.57660000000000018e+01,4.43852069733068011e-01,-4.30656762987879915e-03,-4.30656747004839677e-03,-2.58105587986288558e-07,-2.58105578407170458e-07,-1.03242231362868204e-06,-1.29052790161497055e-06,-1.29052789203585250e-06
2.57732500000000009e+01,2.57732500000000009e+01,4.43820852608610539e-01,-4.30505338937692272e-03,-4.30505322969174011e-03,-2.57869696560816625e-07,-2.57869686995785477e-07,-1.03147874798314191e-06,-1.28934844454395848e-06,-1.28934843497892744e-06
2.57805000000000000e+01,2.57805000000000000e+01,4.43789646458922049e-01,-4.30354010696376577e-03,-4.30353994743044171e-03,-2.57634086979950850e-07,-2.57634077429389831e-07,-1.03053630971755932e-06,-1.28817039669751023e-06,-1.28817038714694926e-06
2.57877500000000026e+01,2.57877500000000026e+01,4.43758451277059540e-01,-4.30202778177957157e-03,-4.30202762238911414e-03,-2.57398758828758009e-07,-2.57398749292114377e-07,-1.02959499716845751e-06,-1.28699375599721552e-06,-1.28699374646057194e-06
2.57950000000000017e+01,2.57950000000000017e+01,4.43727267056086228e-01,-4.30051641293971443e-03,-4.30051625369341165e-03,-2.57163711691483575e-07,-2.57163702168820168e-07,-1.02865480867528067e-06,-1.28581852036676430e-06,-1.28581851084410079e-06
2.58022500000000008e+01,2.58022500000000008e+01,4.43696093789071933e-01,-4.29900599956667406e-03,-4.29900584047003542e-03,-2.56928945153465161e-07,-2.56928935645097076e-07,-1.02771574258038831e-06,-1.28464468773385341e-06,-1.28464467822548528e-06
2.58094999999999999e+01,2.58094999999999999e+01,4.43664931469092472e-01,-4.29749654080069377e-03,-4.29749638184672746e-03,-2.56694458801767271e-07,-2.56694449307262257e-07,-1.02677779722904903e-06,-1.28347225603081635e-06,-1.28347224653631118e-06
2.58167500000000025e+01,2.58167500000000025e+01,4.43633780089230267e-01,-4.29598803576425325e-03,-4.29598787695227146e-03,-2.56460252223055720e-07,-2.56460242742358719e-07,-1.02584097096943488e-06,-1.28230122319249065e-06,-1.28230121371179360e-06
2.58240000000000016e+01,2.58240000000000016e+01,4.43602639642573904e-01,-4.29448048358338497e-03,-4.29448032491649111e-03,-2.56226325004871944e-07,-2.56226315538154057e-07,-1.02490526215261623e-06,-1.28113158715748822e-06,-1.28113157769077018e-06
2.58312500000000007e+01,2.58312500000000007e+01,4.43571510122218349e-01,-4.29297388338767405e-03,-4.29297372487024743e-03,-2.55992676735630298e-07,-2.55992667283138489e-07,-1.02397066913255417e-06,-1.27996334586818457e-06,-1.27996333641569265e-06
2.58384999999999998e+01,2.58384999999999998e+01,4.43540391521264787e-01,-4.29146823432091651e-03,-4.29146807594543798e-03,-2.55759307005252169e-07,-2.55759297566523851e-07,-1.02303719026609562e-06,-1.27879649727134768e-06,-1.27879648783261942e-06
2.58457500000000024e+01,2.58457500000000024e+01,4.43509283832820678e-01,-4.28996353550914478e-03,-4.28996337727499330e-03,-2.55526215403257451e-07,-2.55526205978241696e-07,-1.02210482391296679e-06,-1.27763103931622418e-06,-1.27763102989120853e-06
2.58530000000000015e+01,2.58530000000000015e+01,4.43478187049999917e-01,-4.28845978608194400e-03,-4.28845962799288220e-03,-2.55293401520035567e-07,-2.55293392108942440e-07,-1.02117356843576976e-06,-1.27646696995580544e-06,-1.27646696054471226e-06
2.58602500000000006e+01,2.58602500000000006e+01,4.43447101165922508e-01,-4.28695698517955748e-03,-4.28695682723409955e-03,-2.55060864947266240e-07,-2.55060855549993250e-07,-1.02024342219997300e-06,-1.27530428714723919e-06,-1.27530427774996620e-06
2.58674999999999997e+01,2.58674999999999997e+01,4.43416026173714839e-01,-4.28545513192801764e-03,-4.28545497413467501e-03,-2.54828605276437707e-07,-2.54828595893476927e-07,-1.01931438357390771e-06,-1.27414298885034536e-06,-1.27414297946738469e-06
2.58747500000000024e+01,2.58747500000000024e+01,4.43384962066509514e-01,-4.28395422548533134e-03,-4.28395406783166517e-03,-2.54596622101592859e-07,-2.54596612732190482e-07,-1.01838645092876172e-06,-1.27298307303035452e-06,-1.27298306366095209e-06
2.58820000000000014e+01,2.58820000000000014e+01,4.43353908837445299e-01,-4.28245426497753101e-03,-4.28245410746315273e-03,-2.54364915015524259e-07,-2.54364905659643492e-07,-1.01745962263857418e-06,-1.27182453765409854e-06,-1.27182452829821773e-06
2.58892500000000005e+01,2.58892500000000005e+01,4.43322866479667343e-01,-4.28095524953775453e-03,-4.28095509216824908e-03,-2.54133483612098296e-07,-2.54133474270057042e-07,-1.01653389708022817e-06,-1.27066738069232641e-06,-1.27066737135028526e-06
2.58964999999999996e+01,2.58964999999999996e+01,4.43291834986327016e-01,-4.27945717831335060e-03,-4.27945702108708734e-03,-2.53902327486674203e-07,-2.53902318158361606e-07,-1.01560927263344642e-06,-1.26951160012012073e-06,-1.26951159079180808e-06
2.59037500000000023e+01,2.59037500000000023e+01,4.43260814350581789e-01,-4.27796005044456251e-03,-4.27795989336082413e-03,-2.53671446234836469e-07,-2.53671436920196148e-07,-1.01468574768078459e-06,-1.26835719391562106e-06,-1.26835718460098079e-06
2.59110000000000014e+01,2.59110000000000014e+01,4.43229804565595575e-01,-4.27646386507163356e-03,-4.27646370813163871e-03,-2.53440839452816506e-07,-2.53440830151906854e-07,-1.01376332060762742e-06,-1.26720416006044403e-06,-1.26720415075953438e-06
2.59182500000000005e+01,2.59182500000000005e+01,4.43198805624538283e-01,-4.27496862134191247e-03,-4.27496846454272859e-03,-2.53210506737911610e-07,-2.53210497450545009e-07,-1.01284198980218004e-06,-1.26605249654009159e-06,-1.26605248725272515e-06
2.59254999999999995e+01,2.59254999999999995e+01,4.43167817520586149e-01,-4.27347431839208980e-03,-4.27347416173830957e-03,-2.52980447687431412e-07,-2.52980438413866049e-07,-1.01192175365546419e-06,-1.26490220134289566e-06,-1.26490219206933035e-06
2.59327500000000022e+01,2.59327500000000022e+01,4.43136840246921571e-01,-4.27198095538372513e-03,-4.27198079886361402e-03,-2.52750661900800427e-07,-2.52750652640328022e-07,-1.01100261056131209e-06,-1.26375327246211257e-06,-1.26375326320164006e-06
2.59400000000000013e+01,2.59400000000000013e+01,4.43105873796733163e-01,-4.27048853143574547e-03,-4.27048837506489171e-03,-2.52521148975561167e-07,-2.52521139729090323e-07,-1.01008455891636129e-06,-1.26260570789192235e-06,-1.26260569864545151e-06
2.59472500000000004e+01,2.59472500000000004e+01,4.43074918163215759e-01,-4.26899704571681582e-03,-4.26899688948940374e-03,-2.52291908512839199e-07,-2.52291899280012044e-07,-1.00916759712004839e-06,-1.26145950563288764e-06,-1.26145949640006038e-06
2.59545000000000030e+01,2.59545000000000030e+01,4.43043973339570241e-01,-4.26750649737783760e-03,-4.26750634128542430e-03,-2.52062940113346474e-07,-2.52062930893650447e-07,-1.00825172357460179e-06,-1.26031466368794826e-06,-1.26031465446825213e-06
2.59617500000000021e+01,2.59617500000000021e+01,4.43013039319003821e-01,-4.26601688554839598e-03,-4.26601672960223981e-03,-2.51834243377173592e-07,-2.51834234171260168e-07,-1.00733693668504067e-06,-1.25917118006221437e-06,-1.25917117085630073e-06
2.59690000000000012e+01,2.59690000000000012e+01,4.42982116094729816e-01,-4.26452820939005051e-03,-4.26452805359014368e-03,-2.51605817906936263e-07,-2.51605808714790936e-07,-1.00642323485916395e-06,-1.25802905276610022e-06,-1.25802904357395489e-06
2.59762500000000003e+01,2.59762500000000003e+01,4.42951203659967652e-01,-4.26304046806080805e-03,-4.26304031240043891e-03,-2.51377663305673767e-07,-2.51377654126886943e-07,-1.00551061650754777e-06,-1.25688827981322165e-06,-1.25688827063443466e-06
2.59835000000000029e+01,2.59835000000000029e+01,4.42920302007942912e-01,-4.26155366071157005e-03,-4.26155350518543381e-03,-2.51149779176639312e-07,-2.51149770010884779e-07,-1.00459908004353933e-06,-1.25574885922017859e-06,-1.25574885005442405e-06
2.59907500000000020e+01,2.59907500000000020e+01,4.42889411131887401e-01,-4.26006778647902706e-03,-4.26006763109844280e-03,-2.50922165122881444e-07,-2.50922155970812845e-07,-1.00368862388325117e-06,-1.25461078900613261e-06,-1.25461077985406401e-06
2.59980000000000011e+01,2.59980000000000011e+01,4.42858531025038971e-01,-4.25858284453184410e-03,-4.25858268929378211e-03,-2.50694820749963863e-07,-2.50694811611388975e-07,-1.00277924644555590e-06,-1.25347406719551976e-06,-1.25347405805694482e-06
2.60052500000000002e+01,2.60052500000000002e+01,4.42827661680641693e-01,-4.25709883402447531e-03,-4.25709867892677153e-03,-2.50467745663241956e-07,-2.50467736538019855e-07,-1.00187094615207942e-06,-1.25233869181532143e-06,-1.25233868269009933e-06
2.60125000000000028e+01,2.60125000000000028e+01,4.42796803091945579e-01,-4.25561575411848025e-03,-4.25561559915372915e-03,-2.50240939469117248e-07,-2.50240930356799058e-07,-1.00096372142719602e-06,-1.25120466089631327e-06,-1.25120465178399508e-06
2.60197500000000019e+01,2.60197500000000019e+01,4.42765955252207022e-01,-4.25413360395054951e-03,-4.25413344913197662e-03,-2.50014401773156352e-07,-2.50014392674506309e-07,-1.00005757069802524e-06,-1.25007197247118164e-06,-1.25007196337253160e-06
2.60270000000000010e+01,2.60270000000000010e+01,4.42735118154688301e-01,-4.25265238269645351e-03,-4.25265222801982871e-03,-2.49788132183849522e-07,-2.49788123098605365e-07,-9.99152492394421458e-07,-1.24894062457827109e-06,-1.24894061549302682e-06
2.60342500000000001e+01,2.60342500000000001e+01,4.42704291792657911e-01,-4.25117208951419912e-03,-4.25117193497659765e-03,-2.49562130309266675e-07,-2.49562121237243166e-07,-9.98248484948972663e-07,-1.24781061525823939e-06,-1.24781060618621583e-06
2.60415000000000028e+01,2.60415000000000028e+01,4.42673476159390344e-01,-4.24969272356534589e-03,-4.24969256916258968e-03,-2.49336395758309191e-07,-2.49336386699247933e-07,-9.97345546796991733e-07,-1.24668194255530103e-06,-1.24668193349623961e-06
2.60487500000000018e+01,2.60487500000000018e+01,4.42642671248166253e-01,-4.24821428399724255e-03,-4.24821412973910677e-03,-2.49110928139667597e-07,-2.49110919094128744e-07,-9.96443676376514762e-07,-1.24555460451618236e-06,-1.24555459547064340e-06
2.60560000000000009e+01,2.60560000000000009e+01,4.42611877052272396e-01,-4.24673676998565952e-03,-4.24673661586844053e-03,-2.48885727064320094e-07,-2.48885718032072934e-07,-9.95542872128291949e-07,-1.24442859919261210e-06,-1.24442859016036499e-06
2.60632500000000000e+01,2.60632500000000000e+01,4.42581093565001471e-01,-4.24526018069215638e-03,-4.24526002671387400e-03,-2.48660792143030585e-07,-2.48660783123945788e-07,-9.94643132495782940e-07,-1.24330392463881347e-06,-1.24330391561972862e-06
2.60705000000000027e+01,2.60705000000000027e+01,4.42550320779652340e-01,-4.24378451528184542e-03,-4.24378436143967638e-03,-2.48436122987389253e-07,-2.48436113981288200e-07,-9.93744455925152801e-07,-1.24218057891254205e-06,-1.24218056990644095e-06
2.60777500000000018e+01,2.60777500000000018e+01,4.42519558689529913e-01,-4.24230977291273348e-03,-4.24230961921110827e-03,-2.48211719209187504e-07,-2.48211710216316471e-07,-9.92846840865266098e-07,-1.24105856007445365e-06,-1.24105855108158257e-06
2.60850000000000009e+01,2.60850000000000009e+01,4.42488807287945096e-01,-4.24083595276059100e-03,-4.24083579919441300e-03,-2.47987580421872325e-07,-2.47987571441919921e-07,-9.91950285767679685e-07,-1.23993786618955212e-06,-1.23993785720959955e-06
2.60922499999999999e+01,2.60922499999999999e+01,4.42458066568214903e-01,-4.23936305397987212e-03,-4.23936290055682181e-03,-2.47763706238257808e-07,-2.47763697271659990e-07,-9.91054789086639961e-07,-1.23881849532489787e-06,-1.23881848635829985e-06
2.60995000000000026e+01,2.60995000000000026e+01,4.42427336523662340e-01,-4.23789107575345270e-03,-4.23789092246654436e-03,-2.47540096273433547e-07,-2.47540087319768758e-07,-9.90160349279074819e-07,-1.23770044555250842e-06,-1.23770043659884352e-06
2.61067500000000017e+01,2.61067500000000017e+01,4.42396617147616522e-01,-4.23642001723933959e-03,-4.23641986409277731e-03,-2.47316750141647186e-07,-2.47316741201147935e-07,-9.89266964804591741e-07,-1.23658371494623887e-06,-1.23658370600573962e-06
2.61140000000000008e+01,2.61140000000000008e+01,4.42365908433412391e-01,-4.23494987762040864e-03,-4.23494972460569403e-03,-2.47093667459209792e-07,-2.47093658531366961e-07,-9.88374634125467632e-07,-1.23546830158467737e-06,-1.23546829265683470e-06
2.61212499999999999e+01,2.61212499999999999e+01,4.42335210374391052e-01,-4.23348065604756130e-03,-4.23348050317644709e-03,-2.46870847841175703e-07,-2.46870838926661941e-07,-9.87483355706647552e-07,-1.23435420354782320e-06,-1.23435419463330944e-06
2.61285000000000025e+01,2.61285000000000025e+01,4.42304522963899660e-01,-4.23201235171077883e-03,-4.23201219897716661e-03,-2.46648290905487848e-07,-2.46648282003934326e-07,-9.86593128015737515e-07,-1.23324141892122542e-06,-1.23324141001967189e-06
2.61357500000000016e+01,2.61357500000000016e+01,4.42273846195291254e-01,-4.23054496377517353e-03,-4.23054481118096109e-03,-2.46425996269245620e-07,-2.46425987380749904e-07,-9.85703949522999617e-07,-1.23212994579224529e-06,-1.23212993690374963e-06
2.61430000000000007e+01,2.61430000000000007e+01,4.42243180061924923e-01,-4.22907849142006853e-03,-4.22907833896191045e-03,-2.46203963550982435e-07,-2.46203954675336633e-07,-9.84815818701346745e-07,-1.23101978225232913e-06,-1.23101977337668338e-06
2.61502499999999998e+01,2.61502499999999998e+01,4.42212524557165643e-01,-4.22761293381768155e-03,-4.22761278149506869e-03,-2.45982192369422402e-07,-2.45982183506584003e-07,-9.83928734026335800e-07,-1.22991092639575825e-06,-1.22991091753291986e-06
2.61575000000000024e+01,2.61575000000000024e+01,4.42181879674384548e-01,-4.22614829014023030e-03,-4.22614813795646124e-03,-2.45760682343893296e-07,-2.45760673494041288e-07,-9.83042693976165153e-07,-1.22880337632005856e-06,-1.22880336747020644e-06
2.61647500000000015e+01,2.61647500000000015e+01,4.42151245406958604e-01,-4.22468455957059064e-03,-4.22468440752308497e-03,-2.45539433094945480e-07,-2.45539424257916863e-07,-9.82157697031667662e-07,-1.22769713012661309e-06,-1.22769712128958463e-06
2.61720000000000006e+01,2.61720000000000006e+01,4.42120621748270826e-01,-4.22322174128453298e-03,-4.22322158937290647e-03,-2.45318444243316616e-07,-2.45318435419076237e-07,-9.81273741676304738e-07,-1.22659218591962130e-06,-1.22659217709538092e-06
2.61792499999999997e+01,2.61792499999999997e+01,4.42090008691710001e-01,-4.22175983445782776e-03,-4.22175968268485510e-03,-2.45097715410344490e-07,-2.45097706599040581e-07,-9.80390826396162324e-07,-1.22548854180650687e-06,-1.22548853299520301e-06
2.61865000000000023e+01,2.61865000000000023e+01,4.42059406230671137e-01,-4.22029883827335084e-03,-4.22029868663883166e-03,-2.44877246218378192e-07,-2.44877237419986188e-07,-9.79508949679944965e-07,-1.22438619589832321e-06,-1.22438618709993110e-06
2.61937500000000014e+01,2.61937500000000014e+01,4.42028814358555011e-01,-4.21883875191753077e-03,-4.21883860041570059e-03,-2.44657036290570169e-07,-2.44657027504742841e-07,-9.78628110018971575e-07,-1.22328514630954174e-06,-1.22328513752371452e-06
2.62010000000000005e+01,2.62010000000000005e+01,4.41998233068768343e-01,-4.21737957456258528e-03,-4.21737942319728564e-03,-2.44437085249844647e-07,-2.44437076476792111e-07,-9.77748305907168021e-07,-1.22218539115701277e-06,-1.22218538238396008e-06
2.62082499999999996e+01,2.62082499999999996e+01,4.41967662354723845e-01,-4.21592130539494292e-03,-4.21592115416637766e-03,-2.44217392720545056e-07,-2.44217383960266306e-07,-9.76869535841065222e-07,-1.22108692856161022e-06,-1.22108691980133142e-06
2.62155000000000022e+01,2.62155000000000022e+01,4.41937102209840116e-01,-4.21446394359747956e-03,-4.21446379250672420e-03,-2.43997958327402870e-07,-2.43997949579947351e-07,-9.75991798319788982e-07,-1.21998975664719190e-06,-1.21998974789973633e-06
2.62227500000000013e+01,2.62227500000000013e+01,4.41906552627541693e-01,-4.21300748835662375e-03,-4.21300733740303471e-03,-2.43778781695947788e-07,-2.43778772961265474e-07,-9.75115091845061683e-07,-1.21889387354100947e-06,-1.21889386480632716e-06
2.62300000000000004e+01,2.62300000000000004e+01,4.41876013601258943e-01,-4.21155193886590951e-03,-4.21155178804097363e-03,-2.43559862452711761e-07,-2.43559853730297501e-07,-9.74239414921190006e-07,-1.21779927737390177e-06,-1.21779926865148745e-06
2.62372499999999995e+01,2.62372499999999995e+01,4.41845485124428172e-01,-4.21009729429400181e-03,-4.21009714360716294e-03,-2.43341200223378542e-07,-2.43341191513766021e-07,-9.73364766055064083e-07,-1.21670596627844257e-06,-1.21670595756883010e-06
2.62445000000000022e+01,2.62445000000000022e+01,4.41814967190491681e-01,-4.20864355384154010e-03,-4.20864340328918132e-03,-2.43122794636070385e-07,-2.43122785939037732e-07,-9.72491143756150930e-07,-1.21561393839222137e-06,-1.21561392969518861e-06
2.62517500000000013e+01,2.62517500000000013e+01,4.41784459792897488e-01,-4.20719071669140021e-03,-4.20719056627555724e-03,-2.42904645318470253e-07,-2.42904636634122554e-07,-9.71618546536490427e-07,-1.21452319185496068e-06,-1.21452318317061309e-06
2.62590000000000003e+01,2.62590000000000003e+01,4.41753962925099664e-01,-4.20573878203711615e-03,-4.20573863175577583e-03,-2.42686751899463682e-07,-2.42686743227672082e-07,-9.70746972910688328e-07,-1.21343372481015190e-06,-1.21343371613836030e-06
2.62662500000000030e+01,2.62662500000000030e+01,4.41723476580557939e-01,-4.20428774907222191e-03,-4.20428759892026768e-03,-2.42469114008521140e-07,-2.42469105348977954e-07,-9.69876421395911816e-07,-1.21234553540443296e-06,-1.21234552674488966e-06
2.62735000000000021e+01,2.62735000000000021e+01,4.41693000752738152e-01,-4.20283761696893521e-03,-4.20283746696041745e-03,-2.42251731274468501e-07,-2.42251722627971422e-07,-9.69006890511885900e-07,-1.21125862178635435e-06,-1.21125861313985727e-06
2.62807500000000012e+01,2.62807500000000012e+01,4.41662535435111858e-01,-4.20138838494565903e-03,-4.20138823506855611e-03,-2.42034603329378157e-07,-2.42034594695221554e-07,-9.68138378780886217e-07,-1.21017298211026432e-06,-1.21017297347610788e-06
2.62880000000000003e+01,2.62880000000000003e+01,4.41632080621156442e-01,-4.19994005217816380e-03,-4.19993990243796092e-03,-2.41817729803446271e-07,-2.41817721181933699e-07,-9.67270884727734798e-07,-1.20908861453118112e-06,-1.20908860590966855e-06
2.62952500000000029e+01,2.62952500000000029e+01,4.41601636304355227e-01,-4.19849261787064165e-03,-4.19849246826285369e-03,-2.41601110329087913e-07,-2.41601101719948640e-07,-9.66404406879794348e-07,-1.20800551720888226e-06,-1.20800550859974294e-06
2.63025000000000020e+01,2.63025000000000020e+01,4.41571202478197311e-01,-4.19704608120952116e-03,-4.19704593173840165e-03,-2.41384744538275050e-07,-2.41384735941741374e-07,-9.65538943766965496e-07,-1.20692368830524060e-06,-1.20692367970870682e-06
2.63097500000000011e+01,2.63097500000000011e+01,4.41540779136177675e-01,-4.19560044139899446e-03,-4.19560029206071574e-03,-2.41168632064580329e-07,-2.41168623480419634e-07,-9.64674493921678534e-07,-1.20584312598625892e-06,-1.20584311740209817e-06
2.63170000000000002e+01,2.63170000000000002e+01,4.41510366271797017e-01,-4.19415569762904283e-03,-4.19415554842684363e-03,-2.40952772541336421e-07,-2.40952763969722455e-07,-9.63811055878890030e-07,-1.20476382842022656e-06,-1.20476381984861248e-06
2.63242500000000028e+01,2.63242500000000028e+01,4.41479963878561976e-01,-4.19271184910741113e-03,-4.19271170003477755e-03,-2.40737165603473133e-07,-2.40737157044019383e-07,-9.62948628176077321e-07,-1.20368579377955051e-06,-1.20368578522009665e-06
2.63315000000000019e+01,2.63315000000000019e+01,4.41449571949984965e-01,-4.19126889502408062e-03,-4.19126874608344475e-03,-2.40521810885474889e-07,-2.40521802338308782e-07,-9.62087209353235339e-07,-1.20260902023871023e-06,-1.20260901169154407e-06
2.63387500000000010e+01,2.63387500000000010e+01,4.41419190479584111e-01,-4.18982683458324345e-03,-4.18982668577271185e-03,-2.40306708023216202e-07,-2.40306699488216929e-07,-9.61226797952867927e-07,-1.20153350597608408e-06,-1.20153349744108491e-06
2.63460000000000001e+01,2.63460000000000001e+01,4.41388819460883541e-01,-4.18838566697843362e-03,-4.18838551830338131e-03,-2.40091856652532991e-07,-2.40091848129996590e-07,-9.60367392519986358e-07,-1.20045924917251930e-06,-1.20045924064998295e-06
2.63532500000000027e+01,2.63532500000000027e+01,4.41358458887412930e-01,-4.18694539142094868e-03,-4.18694524287718632e-03,-2.39877256410851267e-07,-2.39877247900525322e-07,-9.59508991602101287e-07,-1.19938624801295261e-06,-1.19938623950262666e-06
2.63605000000000018e+01,2.63605000000000018e+01,4.41328108752708004e-01,-4.18550600710432263e-03,-4.18550585869680025e-03,-2.39662906935149861e-07,-2.39662898437305582e-07,-9.58651593749222115e-07,-1.19831450068437203e-06,-1.19831449218652775e-06
2.63677500000000009e+01,2.63677500000000009e+01,4.41297769050309929e-01,-4.18406751324340576e-03,-4.18406736496581937e-03,-2.39448807864197385e-07,-2.39448799378461601e-07,-9.57795197513846404e-07,-1.19724400537804374e-06,-1.19724399689230801e-06
2.63750000000000000e+01,2.63750000000000000e+01,4.41267439773765979e-01,-4.18262990902817933e-03,-4.18262976088877667e-03,-2.39234958835907319e-07,-2.39234950362739757e-07,-9.56939801450959240e-07,-1.19617476028686656e-06,-1.19617475181369889e-06
2.63822500000000026e+01,2.63822500000000026e+01,4.41237120916628978e-01,-4.18119319368415177e-03,-4.18119304567113239e-03,-2.39021359490792845e-07,-2.39021351029506455e-07,-9.56085404118025820e-07,-1.19510676360881877e-06,-1.19510675514753222e-06
2.63895000000000017e+01,2.63895000000000017e+01,4.41206812472457577e-01,-4.17975736639775164e-03,-4.17975721851927395e-03,-2.38808009467698225e-07,-2.38808001018747281e-07,-9.55232004074989337e-07,-1.19404001354268756e-06,-1.19404000509373657e-06
2.63967500000000008e+01,2.63967500000000008e+01,4.41176514434816203e-01,-4.17832242638382922e-03,-4.17832227864051598e-03,-2.38594908407657724e-07,-2.38594899971065521e-07,-9.54379599884262297e-07,-1.19297450829192007e-06,-1.19297449985532771e-06
2.64039999999999999e+01,2.64039999999999999e+01,4.41146226797274998e-01,-4.17688837285368209e-03,-4.17688822524309774e-03,-2.38382055952065864e-07,-2.38382047527681153e-07,-9.53528190110724505e-07,-1.19191024606279042e-06,-1.19191023763840571e-06
2.64112500000000026e+01,2.64112500000000026e+01,4.41115949553409770e-01,-4.17545520502571321e-03,-4.17545505753617961e-03,-2.38169451743284581e-07,-2.38169443330429047e-07,-9.52677773321716295e-07,-1.19084722506500088e-06,-1.19084721665214534e-06
2.64185000000000016e+01,2.64185000000000016e+01,4.41085682696802150e-01,-4.17402292208279846e-03,-4.17402277472984917e-03,-2.37957095422211161e-07,-2.37957087021759022e-07,-9.51828348087036086e-07,-1.18978544350924727e-06,-1.18978543510879505e-06
2.64257500000000007e+01,2.64257500000000007e+01,4.41055426221039604e-01,-4.17259152325399896e-03,-4.17259137603511344e-03,-2.37744986632937897e-07,-2.37744978244733165e-07,-9.50979912978932767e-07,-1.18872489961187072e-06,-1.18872489122366596e-06
2.64329999999999998e+01,2.64329999999999998e+01,4.41025180119714977e-01,-4.17116100775416498e-03,-4.17116086066389533e-03,-2.37533125019305195e-07,-2.37533116643025470e-07,-9.50132466572101985e-07,-1.18766559159140718e-06,-1.18766558321512737e-06
2.64402500000000025e+01,2.64402500000000025e+01,4.40994944386427168e-01,-4.16973137478748868e-03,-4.16973122782904066e-03,-2.37321510225104361e-07,-2.37321501860920266e-07,-9.49286007443680960e-07,-1.18660751766878529e-06,-1.18660750930460133e-06
2.64475000000000016e+01,2.64475000000000016e+01,4.40964719014780571e-01,-4.16830262357592574e-03,-4.16830247674431029e-03,-2.37110141895695697e-07,-2.37110133543311460e-07,-9.48440534173245521e-07,-1.18555067606894122e-06,-1.18555066771655706e-06
2.64547500000000007e+01,2.64547500000000007e+01,4.40934503998385352e-01,-4.16687475332366830e-03,-4.16687460662438103e-03,-2.36899019675984224e-07,-2.36899011335700594e-07,-9.47596045342802163e-07,-1.18449506501878639e-06,-1.18449505667850273e-06
2.64619999999999997e+01,2.64619999999999997e+01,4.40904299330857397e-01,-4.16544776324911936e-03,-4.16544761668484389e-03,-2.36688143212238873e-07,-2.36688134884196297e-07,-9.46752539536785401e-07,-1.18344068274902419e-06,-1.18344067442098165e-06
2.64692500000000024e+01,2.64692500000000024e+01,4.40874105005818251e-01,-4.16402165258134005e-03,-4.16402150614220493e-03,-2.36477512151887101e-07,-2.36477503835512855e-07,-9.45910015342051418e-07,-1.18238752749393844e-06,-1.18238751917756419e-06
2.64765000000000015e+01,2.64765000000000015e+01,4.40843921016895013e-01,-4.16259642051741707e-03,-4.16259627421387834e-03,-2.36267126141092939e-07,-2.36267117836968986e-07,-9.45068471347875840e-07,-1.18133559748896870e-06,-1.18133558918484488e-06
2.64837500000000006e+01,2.64837500000000006e+01,4.40813747357720720e-01,-4.16117206628996428e-03,-4.16117192011819254e-03,-2.36056984828589575e-07,-2.36056976536486502e-07,-9.44227906145945689e-07,-1.18028489097453532e-06,-1.18028488268243216e-06
2.64909999999999997e+01,2.64909999999999997e+01,4.40783584021933794e-01,-4.15974858912093737e-03,-4.15974844307438144e-03,-2.35847087863054819e-07,-2.35847079582589264e-07,-9.43388318330357162e-07,-1.17923540619341190e-06,-1.17923539791294635e-06
2.64982500000000023e+01,2.64982500000000023e+01,4.40753431003178431e-01,-4.15832598821808119e-03,-4.15832584230258970e-03,-2.35637434892910231e-07,-2.35637426624402107e-07,-9.42549706497608323e-07,-1.17818714139051845e-06,-1.17818713312201046e-06
2.65055000000000014e+01,2.65055000000000014e+01,4.40723288295104598e-01,-4.15690426281045688e-03,-4.15690411702386835e-03,-2.35428025568334484e-07,-2.35428017311649565e-07,-9.41712069246598258e-07,-1.17714009481493282e-06,-1.17714008655824772e-06
2.65127500000000005e+01,2.65127500000000005e+01,4.40693155891367705e-01,-4.15548341211291472e-03,-4.15548326646017225e-03,-2.35218859539248148e-07,-2.35218851294654545e-07,-9.40875405178617966e-07,-1.17609426471786614e-06,-1.17609425647327243e-06
2.65199999999999996e+01,2.65199999999999996e+01,4.40663033785628933e-01,-4.15406343535806855e-03,-4.15406328983436001e-03,-2.35009936457123582e-07,-2.35009928224337035e-07,-9.40039712897348352e-07,-1.17504964935447204e-06,-1.17504964112168533e-06
2.65272500000000022e+01,2.65272500000000022e+01,4.40632921971554958e-01,-4.15264433176787406e-03,-4.15264418637019406e-03,-2.34801255973374460e-07,-2.34801247752213388e-07,-9.39204991008853551e-07,-1.17400624698222799e-06,-1.17400623876106702e-06
2.65345000000000013e+01,2.65345000000000013e+01,4.40602820442818288e-01,-4.15122610055718155e-03,-4.15122595529233886e-03,-2.34592817739557264e-07,-2.34592809530394969e-07,-9.38371238121580087e-07,-1.17296405586113730e-06,-1.17296404765197498e-06
2.65417500000000004e+01,2.65417500000000004e+01,4.40572729193096868e-01,-4.14980874096571029e-03,-4.14980859582635749e-03,-2.34384621409176992e-07,-2.34384613211586623e-07,-9.37538452846346492e-07,-1.17192307425552338e-06,-1.17192306605793301e-06
2.65490000000000030e+01,2.65490000000000030e+01,4.40542648216074251e-01,-4.14839225221186325e-03,-4.14839210719870986e-03,-2.34176666635075472e-07,-2.34176658449085616e-07,-9.36706633796342568e-07,-1.17088330043141809e-06,-1.17088329224542826e-06
2.65562500000000021e+01,2.65562500000000021e+01,4.40512577505439817e-01,-4.14697663351759616e-03,-4.14697648863675966e-03,-2.33968953070836767e-07,-2.33968944896781155e-07,-9.35875779587124832e-07,-1.16984473265796149e-06,-1.16984472448390593e-06
2.65635000000000012e+01,2.65635000000000012e+01,4.40482517054888223e-01,-4.14556188412618098e-03,-4.14556173936875966e-03,-2.33761480371787396e-07,-2.33761472209152250e-07,-9.35045888836609000e-07,-1.16880736920839645e-06,-1.16880736104576122e-06
2.65707500000000003e+01,2.65707500000000003e+01,4.40452466858120006e-01,-4.14414800324180987e-03,-4.14414785862386292e-03,-2.33554248191587922e-07,-2.33554240041267073e-07,-9.34216960165068081e-07,-1.16777120835665595e-06,-1.16777120020633510e-06
2.65780000000000030e+01,2.65780000000000030e+01,4.40422426908841147e-01,-4.14273499012907109e-03,-4.14273484563211242e-03,-2.33347256187841633e-07,-2.33347248048781585e-07,-9.33388992195126128e-07,-1.16673624838296771e-06,-1.16673624024390774e-06
2.65852500000000020e+01,2.65852500000000020e+01,4.40392397200763119e-01,-4.14132284399570949e-03,-4.14132269962444455e-03,-2.33140504015483958e-07,-2.33140495887938555e-07,-9.32561983551754325e-07,-1.16570248756723820e-06,-1.16570247943969280e-06
2.65925000000000011e+01,2.65925000000000011e+01,4.40362377727603227e-01,-4.13991156407078620e-03,-4.13991141983268991e-03,-2.32933991331188116e-07,-2.32933983215566581e-07,-9.31735932862266323e-07,-1.16466992419345449e-06,-1.16466991607783298e-06
2.65997500000000002e+01,2.65997500000000002e+01,4.40332368483084102e-01,-4.13850114960112592e-03,-4.13850100548956382e-03,-2.32727717793160775e-07,-2.32727709689078238e-07,-9.30910838756312845e-07,-1.16363855654947351e-06,-1.16363854844539114e-06
2.66070000000000029e+01,2.66070000000000029e+01,4.40302369460933984e-01,-4.13709159981578978e-03,-4.13709145582867241e-03,-2.32521683059141757e-07,-2.32521674966469388e-07,-9.30086699865877659e-07,-1.16260838292501950e-06,-1.16260837483234707e-06
2.66142500000000020e+01,2.66142500000000020e+01,4.40272380654886775e-01,-4.13568291394383891e-03,-4.13568277008451082e-03,-2.32315886787403982e-07,-2.32315878706318442e-07,-9.29263514825273875e-07,-1.16157940161267794e-06,-1.16157939353159229e-06
2.66215000000000011e+01,2.66215000000000011e+01,4.40242402058681814e-01,-4.13427509122854531e-03,-4.13427494749245717e-03,-2.32110328637549951e-07,-2.32110320567784397e-07,-9.28441282271137588e-07,-1.16055161090868759e-06,-1.16055160283892191e-06
2.66287500000000001e+01,2.66287500000000001e+01,4.40212433666063996e-01,-4.13286813089541738e-03,-4.13286798728877604e-03,-2.31905008268714493e-07,-2.31905000210606098e-07,-9.27620000842424285e-07,-1.15952500911113883e-06,-1.15952500105303044e-06
2.66360000000000028e+01,2.66360000000000028e+01,4.40182475470783818e-01,-4.13146203218772712e-03,-4.13146188871061498e-03,-2.31699925341559137e-07,-2.31699917295101018e-07,-9.26799669180404073e-07,-1.15849959452196332e-06,-1.15849958647550501e-06
2.66432500000000019e+01,2.66432500000000019e+01,4.40152527466597276e-01,-4.13005679434519379e-03,-4.13005665099600537e-03,-2.31495079517073742e-07,-2.31495071482164441e-07,-9.25980285928657660e-07,-1.15747536544573143e-06,-1.15747535741082221e-06
2.66505000000000010e+01,2.66505000000000010e+01,4.40122589647265861e-01,-4.12865241660398397e-03,-4.12865227338385637e-03,-2.31290470456575970e-07,-2.31290462433267792e-07,-9.25161849733070955e-07,-1.15645232018964698e-06,-1.15645231216633872e-06
2.66577500000000001e+01,2.66577500000000001e+01,4.40092662006556501e-01,-4.12724889821447505e-03,-4.12724875511395837e-03,-2.31086097822705225e-07,-2.31086089810457655e-07,-9.24344359241830620e-07,-1.15543045706453590e-06,-1.15543044905228820e-06
2.66650000000000027e+01,2.66650000000000027e+01,4.40062744538241735e-01,-4.12584623840217546e-03,-4.12584609542698041e-03,-2.30881961277233123e-07,-2.30881953276354853e-07,-9.23527813105419411e-07,-1.15440977438265264e-06,-1.15440976638177424e-06
2.66722500000000018e+01,2.66722500000000018e+01,4.40032837236099705e-01,-4.12444443640680447e-03,-4.12444429356446929e-03,-2.30678060483251939e-07,-2.30678052494153462e-07,-9.22712209976613637e-07,-1.15339027045986552e-06,-1.15339026247076702e-06
2.66795000000000009e+01,2.66795000000000009e+01,4.40002940093913830e-01,-4.12304349148584492e-03,-4.12304334876884698e-03,-2.30474395105369793e-07,-2.30474387127618911e-07,-9.21897548510475750e-07,-1.15237194361584562e-06,-1.15237193563809461e-06
2.66867500000000000e+01,2.66867500000000000e+01,4.39973053105473133e-01,-4.12164340287546338e-03,-4.12164326028340976e-03,-2.30270964807524114e-07,-2.30270956841087792e-07,-9.21083827364351168e-07,-1.15135479217187528e-06,-1.15135478420543893e-06
2.66940000000000026e+01,2.66940000000000026e+01,4.39943176264572133e-01,-4.12024416981893182e-03,-4.12024402735232734e-03,-2.30067769254570592e-07,-2.30067761299465877e-07,-9.20271045197863508e-07,-1.15033881445243418e-06,-1.15033880649732944e-06
2.67012500000000017e+01,2.67012500000000017e+01,4.39913309565010791e-01,-4.11884579155952224e-03,-4.11884564922064284e-03,-2.29864808111885210e-07,-2.29864800168227959e-07,-9.19459200672911732e-07,-1.14932400878479699e-06,-1.14932400084113969e-06
2.67085000000000008e+01,2.67085000000000008e+01,4.39883453000594504e-01,-4.11744826735116476e-03,-4.11744812513426938e-03,-2.29662081045957001e-07,-2.29662073113415762e-07,-9.18648292453663047e-07,-1.14831037349961997e-06,-1.14831036556707870e-06
2.67157499999999999e+01,2.67157499999999999e+01,4.39853606565134225e-01,-4.11605159642647322e-03,-4.11605145433998915e-03,-2.29459587722603809e-07,-2.29459579801637486e-07,-9.17838319206549628e-07,-1.14729790692915346e-06,-1.14729789900818711e-06
2.67230000000000025e+01,2.67230000000000025e+01,4.39823770252446289e-01,-4.11465577805358862e-03,-4.11465563608545346e-03,-2.29257327810141031e-07,-2.29257319900066148e-07,-9.17029279600264700e-07,-1.14628660741040584e-06,-1.14628659950033085e-06
2.67302500000000016e+01,2.67302500000000016e+01,4.39793944056352470e-01,-4.11326081146157208e-03,-4.11326066961918094e-03,-2.29055300975221628e-07,-2.29055293076439336e-07,-9.16221172305757451e-07,-1.14527647328097900e-06,-1.14527646538219687e-06
2.67375000000000007e+01,2.67375000000000007e+01,4.39764127970680097e-01,-4.11186669590435372e-03,-4.11186655419055677e-03,-2.28853506886399307e-07,-2.28853498999057201e-07,-9.15413995996228803e-07,-1.14426750288262808e-06,-1.14426749499528598e-06
2.67447499999999998e+01,2.67447499999999998e+01,4.39734321989261878e-01,-4.11047343063941639e-03,-4.11047328904983085e-03,-2.28651945212938750e-07,-2.28651937336781714e-07,-9.14607749347126856e-07,-1.14325969456006563e-06,-1.14325968668390860e-06
2.67520000000000024e+01,2.67520000000000024e+01,4.39704526105935800e-01,-4.10908101491358480e-03,-4.10908087344811351e-03,-2.28450615624023802e-07,-2.28450607759035531e-07,-9.13802431036142122e-07,-1.14225304666016582e-06,-1.14225303879517776e-06
2.67592500000000015e+01,2.67592500000000015e+01,4.39674740314545620e-01,-4.10768944797368363e-03,-4.10768930663738333e-03,-2.28249517789350709e-07,-2.28249509935801221e-07,-9.12998039743204883e-07,-1.14124755753255567e-06,-1.14124754967900616e-06
2.67665000000000006e+01,2.67665000000000006e+01,4.39644964608940148e-01,-4.10629872908785387e-03,-4.10629858787047407e-03,-2.28048651380310710e-07,-2.28048643537619469e-07,-9.12194574150477772e-07,-1.14024322553078843e-06,-1.14024321768809724e-06
2.67737499999999997e+01,2.67737499999999997e+01,4.39615198982973854e-01,-4.10490885749226209e-03,-4.10490871640108168e-03,-2.27848016067028147e-07,-2.27848008235588601e-07,-9.11392032942354299e-07,-1.13924004900938253e-06,-1.13924004117794290e-06
2.67810000000000024e+01,2.67810000000000024e+01,4.39585443430506484e-01,-4.10351983244794383e-03,-4.10351969148376166e-03,-2.27647611521517623e-07,-2.27647603701363070e-07,-9.10590414805452281e-07,-1.13823802632697001e-06,-1.13823801850681540e-06
2.67882500000000014e+01,2.67882500000000014e+01,4.39555697945403334e-01,-4.10213165321593465e-03,-4.10213151237392645e-03,-2.27447437416301112e-07,-2.27447429607152932e-07,-9.09789718428611620e-07,-1.13723715584491271e-06,-1.13723714803576466e-06
2.67955000000000005e+01,2.67955000000000005e+01,4.39525962521534863e-01,-4.10074431905371739e-03,-4.10074417832784286e-03,-2.27247493424209226e-07,-2.27247485625721988e-07,-9.08989942502888057e-07,-1.13623743592709723e-06,-1.13623742812861015e-06
2.68027499999999996e+01,2.68027499999999996e+01,4.39496237152777081e-01,-4.09935782920101133e-03,-4.09935768860263464e-03,-2.27047779217594587e-07,-2.27047771430387313e-07,-9.08191085721549251e-07,-1.13523886493914386e-06,-1.13523885715193651e-06
2.68100000000000023e+01,2.68100000000000023e+01,4.39466521833011436e-01,-4.09797218292951015e-03,-4.09797204245627902e-03,-2.26848294471086402e-07,-2.26848286695017770e-07,-9.07393146780071292e-07,-1.13424144125115772e-06,-1.13424143347508906e-06
2.68172500000000014e+01,2.68172500000000014e+01,4.39436816556124654e-01,-4.09658737949669671e-03,-4.09658723914760672e-03,-2.26649038859029911e-07,-2.26649031094033482e-07,-9.06596124376134033e-07,-1.13324516323516392e-06,-1.13324515547016746e-06
2.68245000000000005e+01,2.68245000000000005e+01,4.39407121316008731e-01,-4.09520341816360656e-03,-4.09520327793629676e-03,-2.26450012056469605e-07,-2.26450004302403978e-07,-9.05800017209615806e-07,-1.13225002926608549e-06,-1.13225002151201978e-06
2.68317499999999995e+01,2.68317499999999995e+01,4.39377436106561270e-01,-4.09382029818416981e-03,-4.09382015808287987e-03,-2.26251213738558822e-07,-2.26251205995647665e-07,-9.05004823982590555e-07,-1.13125603772114940e-06,-1.13125602997823827e-06
2.68390000000000022e+01,2.68390000000000022e+01,4.39347760921685038e-01,-4.09243801883363290e-03,-4.09243787884873682e-03,-2.26052643582129846e-07,-2.26052635849830504e-07,-9.04210543399322016e-07,-1.13026318698145186e-06,-1.13026317924915257e-06
2.68462500000000013e+01,2.68462500000000013e+01,4.39318095755288240e-01,-4.09105657935526779e-03,-4.09105643949609580e-03,-2.25854301262748203e-07,-2.25854293541565453e-07,-9.03417174166261707e-07,-1.12927147542900980e-06,-1.12927146770782719e-06
2.68535000000000004e+01,2.68535000000000004e+01,4.39288440601284413e-01,-4.08967597902076818e-03,-4.08967583928802978e-03,-2.25656186458048318e-07,-2.25656178748010405e-07,-9.02624714992041725e-07,-1.12828090145008994e-06,-1.12828089374005216e-06
2.68607500000000030e+01,2.68607500000000030e+01,4.39258795453592421e-01,-4.08829621710182778e-03,-4.08829607748845743e-03,-2.25458298846161670e-07,-2.25458291146868052e-07,-9.01833164587472206e-07,-1.12729146343363390e-06,-1.12729145573434031e-06
2.68680000000000021e+01,2.68680000000000021e+01,4.39229160306136457e-01,-4.08691729285237670e-03,-4.08691715336214484e-03,-2.25260638104736555e-07,-2.25260630416384564e-07,-9.01042521665538258e-07,-1.12630315977027487e-06,-1.12630315208192282e-06
2.68752500000000012e+01,2.68752500000000012e+01,4.39199535152846043e-01,-4.08553920554410865e-03,-4.08553906617469594e-03,-2.25063203912896936e-07,-2.25063196235348135e-07,-9.00252784941392648e-07,-1.12531598885428950e-06,-1.12531598117674073e-06
2.68825000000000003e+01,2.68825000000000003e+01,4.39169919987656088e-01,-4.08416195443450647e-03,-4.08416181519256124e-03,-2.24865995949478517e-07,-2.24865988283088423e-07,-8.99463953132353796e-07,-1.12432994908183237e-06,-1.12432994141544219e-06
2.68897500000000029e+01,2.68897500000000029e+01,4.39140314804506715e-01,-4.08278553880592199e-03,-4.08278539968302649e-03,-2.24669013895180609e-07,-2.24669006239475094e-07,-8.98676024957900376e-07,-1.12334503885308098e-06,-1.12334503119737550e-06
2.68970000000000020e+01,2.68970000000000020e+01,4.39110719597343435e-01,-4.08140995791583805e-03,-4.08140981891422314e-03,-2.24472257429825948e-07,-2.24472249784917298e-07,-8.97888999139669298e-07,-1.12236125656949530e-06,-1.12236124892458652e-06
2.69042500000000011e+01,2.69042500000000011e+01,4.39081134360116920e-01,-4.08003521103594835e-03,-4.08003507215511357e-03,-2.24275726234511767e-07,-2.24275718600361943e-07,-8.97102874401447668e-07,-1.12137860063595938e-06,-1.12137859300180961e-06
2.69115000000000002e+01,2.69115000000000002e+01,4.39051559086783394e-01,-4.07866129743084116e-03,-4.07866115867550495e-03,-2.24079419990435482e-07,-2.24079412367293249e-07,-8.96317649469172890e-07,-1.12039706945960829e-06,-1.12039706183646614e-06
2.69187500000000028e+01,2.69187500000000028e+01,4.39021993771304131e-01,-4.07728821638286831e-03,-4.07728807774603279e-03,-2.23883338380260674e-07,-2.23883330767730996e-07,-8.95533323070924196e-07,-1.11941666145118482e-06,-1.11941665383865514e-06
2.69260000000000019e+01,2.69260000000000019e+01,4.38992438407645846e-01,-4.07591596715306537e-03,-4.07591582863817310e-03,-2.23687481085969167e-07,-2.23687473484230662e-07,-8.94749893936922543e-07,-1.11843737502289182e-06,-1.11843736742115313e-06
2.69332500000000010e+01,2.69332500000000010e+01,4.38962892989780418e-01,-4.07454454901667873e-03,-4.07454441062423192e-03,-2.23491847790811190e-07,-2.23491840199880905e-07,-8.93967360799523620e-07,-1.11745920859033489e-06,-1.11745920099940455e-06
2.69405000000000001e+01,2.69405000000000001e+01,4.38933357511685107e-01,-4.07317396124895481e-03,-4.07317382297734884e-03,-2.23296438178524228e-07,-2.23296430598303643e-07,-8.93185722393214676e-07,-1.11648216057173888e-06,-1.11648215299151842e-06
2.69477500000000028e+01,2.69477500000000028e+01,4.38903831967342284e-01,-4.07180420312869273e-03,-4.07180406497149351e-03,-2.23101251933526278e-07,-2.23101244363652439e-07,-8.92404977454609649e-07,-1.11550622938813590e-06,-1.11550622181826217e-06
2.69550000000000018e+01,2.69550000000000018e+01,4.38874316350739757e-01,-4.07043527391337534e-03,-4.07043513588146652e-03,-2.22906288739552894e-07,-2.22906281180611788e-07,-8.91625124722447151e-07,-1.11453141346200015e-06,-1.11453140590305886e-06
2.69622500000000009e+01,2.69622500000000009e+01,4.38844810655870554e-01,-4.06906717289601261e-03,-4.06906703498289765e-03,-2.22711548282770558e-07,-2.22711540734395924e-07,-8.90846162937583695e-07,-1.11355771122035417e-06,-1.11355770367197962e-06
2.69695000000000000e+01,2.69695000000000000e+01,4.38815314876732809e-01,-4.06769989934829823e-03,-4.06769976155224242e-03,-2.22517030248661010e-07,-2.22517022710747709e-07,-8.90068090842990729e-07,-1.11258512109165179e-06,-1.11258511355373852e-06
2.69767500000000027e+01,2.69767500000000027e+01,4.38785829007330042e-01,-4.06633345253837319e-03,-4.06633331486678379e-03,-2.22322734322994798e-07,-2.22322726795937680e-07,-8.89290907183750509e-07,-1.11161364150674541e-06,-1.11161363397968814e-06
2.69840000000000018e+01,2.69840000000000018e+01,4.38756353041671043e-01,-4.06496783175569476e-03,-4.06496769420463047e-03,-2.22128660193190111e-07,-2.22128652676763177e-07,-8.88514610707052812e-07,-1.11064327090024298e-06,-1.11064326338381596e-06
2.69912500000000009e+01,2.69912500000000009e+01,4.38726886973769603e-01,-4.06360303627906205e-03,-4.06360289884471430e-03,-2.21934807546562193e-07,-2.21934800040547147e-07,-8.87739200162188694e-07,-1.10967400770875099e-06,-1.10967400020273592e-06
2.69984999999999999e+01,2.69984999999999999e+01,4.38697430797645005e-01,-4.06223906537661605e-03,-4.06223892806679109e-03,-2.21741176070324331e-07,-2.21741168575137172e-07,-8.86964674300548476e-07,-1.10870585037087286e-06,-1.10870584287568562e-06
2.70057500000000026e+01,2.70057500000000026e+01,4.38667984507321640e-01,-4.06087591834136674e-03,-4.06087578115143632e-03,-2.21547765453526468e-07,-2.21547757968904139e-07,-8.86191031875616343e-07,-1.10773879732914284e-06,-1.10773878984452043e-06
2.70130000000000017e+01,2.70130000000000017e+01,4.38638548096829062e-01,-4.05951359445211324e-03,-4.05951345738004860e-03,-2.21354575384920312e-07,-2.21354567910741951e-07,-8.85418271642967912e-07,-1.10677284702788814e-06,-1.10677283955370986e-06
2.70202500000000008e+01,2.70202500000000008e+01,4.38609121560202098e-01,-4.05815209298410196e-03,-4.05815195603484533e-03,-2.21161605553541142e-07,-2.21161598090065943e-07,-8.84646392360263877e-07,-1.10580799791380494e-06,-1.10580799045032977e-06
2.70274999999999999e+01,2.70274999999999999e+01,4.38579704891480793e-01,-4.05679141323034287e-03,-4.05679127639886009e-03,-2.20968855649868428e-07,-2.20968848196811787e-07,-8.83875392787247255e-07,-1.10484424843711558e-06,-1.10484424098405912e-06
2.70347500000000025e+01,2.70347500000000025e+01,4.38550298084710244e-01,-4.05543155446963510e-03,-4.05543141775594525e-03,-2.20776325364081951e-07,-2.20776317921434789e-07,-8.83105271685739262e-07,-1.10388159704982119e-06,-1.10388158960717413e-06
2.70420000000000016e+01,2.70420000000000016e+01,4.38520901133940988e-01,-4.05407251598077778e-03,-4.05407237939077111e-03,-2.20584014386836304e-07,-2.20584006954909059e-07,-8.82336027819636447e-07,-1.10292004220647267e-06,-1.10292003477454545e-06
2.70492500000000007e+01,2.70492500000000007e+01,4.38491514033228502e-01,-4.05271429706743902e-03,-4.05271416058881982e-03,-2.20391922410612311e-07,-2.20391914988725874e-07,-8.81567659954903497e-07,-1.10195958236551581e-06,-1.10195957494362932e-06
2.70564999999999998e+01,2.70564999999999998e+01,4.38462136776633538e-01,-4.05135689699065438e-03,-4.05135676063638622e-03,-2.20200049126043815e-07,-2.20200041714893097e-07,-8.80800166859572389e-07,-1.10100021598561618e-06,-1.10100020857446541e-06
2.70637500000000024e+01,2.70637500000000024e+01,4.38432769358222119e-01,-4.05000031505764468e-03,-4.05000017882058139e-03,-2.20008394226747802e-07,-2.20008386825934168e-07,-8.80033547303736779e-07,-1.10004194153048450e-06,-1.10004193412967092e-06
2.70710000000000015e+01,2.70710000000000015e+01,4.38403411772065210e-01,-4.04864455054720906e-03,-4.04864441442932647e-03,-2.19816957405266452e-07,-2.19816950014887153e-07,-8.79267800059548611e-07,-1.09908475746481512e-06,-1.09908475007443571e-06
2.70782500000000006e+01,2.70782500000000006e+01,4.38374064012239162e-01,-4.04728960274880478e-03,-4.04728946675135190e-03,-2.19625738355190680e-07,-2.19625730975303419e-07,-8.78502923901213569e-07,-1.09812866225640420e-06,-1.09812865487651699e-06
2.70854999999999997e+01,2.70854999999999997e+01,4.38344726072825319e-01,-4.04593547095899453e-03,-4.04593533507619733e-03,-2.19434736770965525e-07,-2.19434729401246921e-07,-8.77738917604987577e-07,-1.09717365437595302e-06,-1.09717364700623445e-06
2.70927500000000023e+01,2.70927500000000023e+01,4.38315397947910246e-01,-4.04458215446013014e-03,-4.04458201869420993e-03,-2.19243952346732420e-07,-2.19243944987293116e-07,-8.76975779949172253e-07,-1.09621973229590459e-06,-1.09621972493646540e-06
2.71000000000000014e+01,2.71000000000000014e+01,4.38286079631585668e-01,-4.04322965254166888e-03,-4.04322951689654615e-03,-2.19053384777485652e-07,-2.19053377428528064e-07,-8.76213509714112467e-07,-1.09526689449159812e-06,-1.09526688714264053e-06
2.71072500000000005e+01,2.71072500000000005e+01,4.38256771117948363e-01,-4.04187796450372616e-03,-4.04187782897516643e-03,-2.18863033759262738e-07,-2.18863026420547419e-07,-8.75452105682189781e-07,-1.09431513944145262e-06,-1.09431513210273715e-06
2.71144999999999996e+01,2.71144999999999996e+01,4.38227472401100382e-01,-4.04052708962865381e-03,-4.04052695422283618e-03,-2.18672898987603825e-07,-2.18672891659455295e-07,-8.74691566637821178e-07,-1.09336446562542492e-06,-1.09336445829727639e-06
2.71217500000000022e+01,2.71217500000000022e+01,4.38198183475148717e-01,-4.03917702723077809e-03,-4.03917689193312307e-03,-2.18482980160243776e-07,-2.18482972841863151e-07,-8.73931891367452602e-07,-1.09241487152769640e-06,-1.09241486420931586e-06
2.71290000000000013e+01,2.71290000000000013e+01,4.38168904334205578e-01,-4.03782777657823999e-03,-4.03782764140039798e-03,-2.18293276972881771e-07,-2.18293269664889528e-07,-8.73173078659558005e-07,-1.09146635563243978e-06,-1.09146634832444745e-06
2.71362500000000004e+01,2.71362500000000004e+01,4.38139634972388337e-01,-4.03647933697470762e-03,-4.03647920191983322e-03,-2.18103789123601623e-07,-2.18103781826158143e-07,-8.72415127304632466e-07,-1.09051891642823401e-06,-1.09051890913079064e-06
2.71435000000000031e+01,2.71435000000000031e+01,4.38110375383819417e-01,-4.03513170772740182e-03,-4.03513157278740167e-03,-2.17914516311139495e-07,-2.17914509023797492e-07,-8.71658036095190073e-07,-1.08957255240632962e-06,-1.08957254511898754e-06
2.71507500000000022e+01,2.71507500000000022e+01,4.38081125562626295e-01,-4.03378488812577984e-03,-4.03378475329987420e-03,-2.17725458233732276e-07,-2.17725450956439895e-07,-8.70901803825759475e-07,-1.08862726205949183e-06,-1.08862725478219937e-06
2.71580000000000013e+01,2.71580000000000013e+01,4.38051885502941607e-01,-4.03243887746285168e-03,-4.03243874275481962e-03,-2.17536614590268568e-07,-2.17536607323219992e-07,-8.70146429292880074e-07,-1.08768304388314872e-06,-1.08768303661610007e-06
2.71652500000000003e+01,2.71652500000000003e+01,4.38022655198903099e-01,-4.03109367504228544e-03,-4.03109354045060389e-03,-2.17347985080671226e-07,-2.17347977823774446e-07,-8.69391911295097890e-07,-1.08673989637576922e-06,-1.08673988911887226e-06
2.71725000000000030e+01,2.71725000000000030e+01,4.37993434644653512e-01,-4.02974928016419653e-03,-4.02974914568638744e-03,-2.17159569405128677e-07,-2.17159562158240332e-07,-8.68638248632961330e-07,-1.08579781803808998e-06,-1.08579781079120177e-06
2.71797500000000021e+01,2.71797500000000021e+01,4.37964223834340749e-01,-4.02840569211448951e-03,-4.02840555776212694e-03,-2.16971367263521054e-07,-2.16971360027254873e-07,-8.67885440109019493e-07,-1.08485680737254044e-06,-1.08485680013627445e-06
2.71870000000000012e+01,2.71870000000000012e+01,4.37935022762117820e-01,-4.02706291021814877e-03,-4.02706277597857272e-03,-2.16783378358289601e-07,-2.16783371131953822e-07,-8.67133484527815394e-07,-1.08391686288610497e-06,-1.08391685565976916e-06
2.71942500000000003e+01,2.71942500000000003e+01,4.37905831422142622e-01,-4.02572093376107887e-03,-4.02572079963726352e-03,-2.16595602390225725e-07,-2.16595595173970803e-07,-8.66382380695883317e-07,-1.08297798308610907e-06,-1.08297797586985401e-06
2.72015000000000029e+01,2.72015000000000029e+01,4.37876649808578267e-01,-4.02437976205050063e-03,-4.02437962804053258e-03,-2.16408039061722944e-07,-2.16408031855436223e-07,-8.65632127421745211e-07,-1.08204016648346818e-06,-1.08204015927718143e-06
2.72087500000000020e+01,2.72087500000000020e+01,4.37847477915592920e-01,-4.02303939438652947e-03,-4.02303926049150419e-03,-2.16220688075246034e-07,-2.16220680878976828e-07,-8.64882723515907417e-07,-1.08110341159115350e-06,-1.08110340439488419e-06
2.72160000000000011e+01,2.72160000000000011e+01,4.37818315737359687e-01,-4.02169983007283349e-03,-4.02169969629408847e-03,-2.16033549133903249e-07,-2.16033541947713762e-07,-8.64134167790855152e-07,-1.08016771692475843e-06,-1.08016770973856902e-06
2.72232500000000002e+01,2.72232500000000002e+01,4.37789163268056891e-01,-4.02036106841308083e-03,-4.02036093475298568e-03,-2.15846621941254843e-07,-2.15846614765262573e-07,-8.63386459061050399e-07,-1.07923308100230522e-06,-1.07923307382631303e-06
2.72305000000000028e+01,2.72305000000000028e+01,4.37760020501867686e-01,-4.01902310872159774e-03,-4.01902297517368022e-03,-2.15659906201883702e-07,-2.15659899035731467e-07,-8.62639596142925869e-07,-1.07829950234480954e-06,-1.07829949517865734e-06
2.72377500000000019e+01,2.72377500000000019e+01,4.37730887432980442e-01,-4.01768595029139419e-03,-4.01768581686244661e-03,-2.15473401619678569e-07,-2.15473394463721250e-07,-8.61893577854884786e-07,-1.07736697947456336e-06,-1.07736697231860604e-06
2.72450000000000010e+01,2.72450000000000010e+01,4.37701764055588471e-01,-4.01634959244034917e-03,-4.01634945912633917e-03,-2.15287107900311881e-07,-2.15287100754323477e-07,-8.61148403017293801e-07,-1.07643551091760566e-06,-1.07643550377161728e-06
2.72522500000000001e+01,2.72522500000000001e+01,4.37672650363890081e-01,-4.01501403446857807e-03,-4.01501390127319800e-03,-2.15101024748951266e-07,-2.15101017613119978e-07,-8.60404070452480020e-07,-1.07550509520143129e-06,-1.07550508806560010e-06
2.72595000000000027e+01,2.72595000000000027e+01,4.37643546352088630e-01,-4.01367927569395988e-03,-4.01367914261164561e-03,-2.14915151872163840e-07,-2.14915144746181984e-07,-8.59660578984727830e-07,-1.07457573085689167e-06,-1.07457572373090979e-06
2.72667500000000018e+01,2.72667500000000018e+01,4.37614452014392530e-01,-4.01234531541660999e-03,-4.01234518245108512e-03,-2.14729488976011594e-07,-2.14729481860068931e-07,-8.58917927440275724e-07,-1.07364741641628729e-06,-1.07364740930034465e-06
2.72740000000000009e+01,2.72740000000000009e+01,4.37585367345015075e-01,-4.01101215295796010e-03,-4.01101202010170025e-03,-2.14544035768143250e-07,-2.14544028661827646e-07,-8.58176114647310477e-07,-1.07272015041545373e-06,-1.07272014330913804e-06
2.72812500000000000e+01,2.72812500000000000e+01,4.37556292338174668e-01,-4.00967978761457289e-03,-4.00967965487445278e-03,-2.14358791955321481e-07,-2.14358784858991257e-07,-8.57435139435965134e-07,-1.07179393139128661e-06,-1.07179392429495639e-06
2.72885000000000026e+01,2.72885000000000026e+01,4.37527226988094653e-01,-4.00834821870788005e-03,-4.00834808608108335e-03,-2.14173757246083520e-07,-2.14173750159578588e-07,-8.56695000638314350e-07,-1.07086875788439795e-06,-1.07086875079789289e-06
2.72957500000000017e+01,2.72957500000000017e+01,4.37498171289003424e-01,-4.00701744554510242e-03,-4.00701731303411152e-03,-2.13988931348649547e-07,-2.13988924272093069e-07,-8.55955697088372169e-07,-1.06994462843702180e-06,-1.06994462136046513e-06
2.73030000000000008e+01,2.73030000000000008e+01,4.37469125235134260e-01,-4.00568746744056625e-03,-4.00568733504682879e-03,-2.13804313972061810e-07,-2.13804306905521444e-07,-8.55217227622085776e-07,-1.06902154159414761e-06,-1.06902153452760733e-06
2.73102499999999999e+01,2.73102499999999999e+01,4.37440088820725548e-01,-4.00435828371215052e-03,-4.00435815143330379e-03,-2.13619904825993442e-07,-2.13619897769333503e-07,-8.54479591077333907e-07,-1.06809949590332735e-06,-1.06809948884666749e-06
2.73175000000000026e+01,2.73175000000000026e+01,4.37411062040020393e-01,-4.00302989367773421e-03,-4.00302976150837715e-03,-2.13435703620557395e-07,-2.13435696573480443e-07,-8.53742786293921559e-07,-1.06717848991447893e-06,-1.06717848286740198e-06
2.73247500000000016e+01,2.73247500000000016e+01,4.37382044887267230e-01,-4.00170229664098542e-03,-4.00170216458766489e-03,-2.13251710065548958e-07,-2.13251703028394679e-07,-8.53006812113578823e-07,-1.06625852217912773e-06,-1.06625851514197355e-06
2.73320000000000007e+01,2.73320000000000007e+01,4.37353037356719099e-01,-4.00037549192688857e-03,-4.00037535998755238e-03,-2.13067923872338822e-07,-2.13067916844988367e-07,-8.52271667379953470e-07,-1.06533959125229229e-06,-1.06533958422494189e-06
2.73392499999999998e+01,2.73392499999999998e+01,4.37324039442634260e-01,-3.99904947884976991e-03,-3.99904934702519522e-03,-2.12884344752167209e-07,-2.12884337734652580e-07,-8.51537350938610427e-07,-1.06442169569077756e-06,-1.06442168867326311e-06
2.73465000000000025e+01,2.73465000000000025e+01,4.37295051139275748e-01,-3.99772425673461385e-03,-3.99772412501851922e-03,-2.12700972417279027e-07,-2.12700965409256540e-07,-8.50803861637026161e-07,-1.06350483405430521e-06,-1.06350482704628262e-06
2.73537500000000016e+01,2.73537500000000016e+01,4.37266072440911646e-01,-3.99639982488508849e-03,-3.99639969328621867e-03,-2.12517806579221175e-07,-2.12517799581146800e-07,-8.50071198324587200e-07,-1.06258900490380843e-06,-1.06258899790573403e-06
2.73610000000000007e+01,2.73610000000000007e+01,4.37237103341814926e-01,-3.99507618262973097e-03,-3.99507605114775548e-03,-2.12334846951299235e-07,-2.12334839963145865e-07,-8.49339359852583460e-07,-1.06167420680388272e-06,-1.06167419981572940e-06
2.73682499999999997e+01,2.73682499999999997e+01,4.37208143836263496e-01,-3.99375332928997295e-03,-3.99375319792335572e-03,-2.12152093246875269e-07,-2.12152086268551717e-07,-8.48608345074206762e-07,-1.06076043832108195e-06,-1.06076043134275845e-06
2.73755000000000024e+01,2.73755000000000024e+01,4.37179193918540154e-01,-3.99243126419435157e-03,-3.99243113293401130e-03,-2.11969545180121849e-07,-2.11969538211136597e-07,-8.47878152844546283e-07,-1.05984769802466816e-06,-1.05984769105568299e-06
2.73827500000000015e+01,2.73827500000000015e+01,4.37150253582932691e-01,-3.99110998664653494e-03,-3.99110985550148092e-03,-2.11787202464324411e-07,-2.11787195505146582e-07,-8.47148782020586224e-07,-1.05893598448491071e-06,-1.05893597752573270e-06
2.73900000000000006e+01,2.73900000000000006e+01,4.37121322823733782e-01,-3.98978949598571830e-03,-3.98978936494828219e-03,-2.11605064815086532e-07,-2.11605057865300023e-07,-8.46420231461200198e-07,-1.05802529627628662e-06,-1.05802528932650030e-06
2.73972499999999997e+01,2.73972499999999997e+01,4.37092401635240935e-01,-3.98846979151912251e-03,-3.98846966059769603e-03,-2.11423131946746432e-07,-2.11423125006787120e-07,-8.45692500027148584e-07,-1.05711563197389504e-06,-1.05711562503393578e-06
2.74045000000000023e+01,2.74045000000000023e+01,4.37063490011756706e-01,-3.98715087258239009e-03,-3.98715074177376574e-03,-2.11241403575580234e-07,-2.11241396645268759e-07,-8.44965586581075035e-07,-1.05620699015665524e-06,-1.05620698322634390e-06
2.74117500000000014e+01,2.74117500000000014e+01,4.37034587947588482e-01,-3.98583273849695274e-03,-3.98583260780129359e-03,-2.11059879417540123e-07,-2.11059872496875877e-07,-8.44239489987503403e-07,-1.05529936940504355e-06,-1.05529936248437928e-06
2.74190000000000005e+01,2.74190000000000005e+01,4.37005695437048480e-01,-3.98451538858779486e-03,-3.98451525800583989e-03,-2.10878559189195324e-07,-2.10878552278208218e-07,-8.43514209112832659e-07,-1.05439276830202806e-06,-1.05439276139104093e-06
2.74262499999999996e+01,2.74262499999999996e+01,4.36976812474453968e-01,-3.98319882218345356e-03,-3.98319869171372305e-03,-2.10697442607731197e-07,-2.10697435706333668e-07,-8.42789742825334566e-07,-1.05348718543306566e-06,-1.05348717853166821e-06
2.74335000000000022e+01,2.74335000000000022e+01,4.36947939054126822e-01,-3.98188303861601867e-03,-3.98188290825201695e-03,-2.10516529390947703e-07,-2.10516522498787148e-07,-8.42066089995148698e-07,-1.05258261938609630e-06,-1.05258261249393574e-06
2.74407500000000013e+01,2.74407500000000013e+01,4.36919075170394078e-01,-3.98056803719271102e-03,-3.98056790694855354e-03,-2.10335819255756745e-07,-2.10335812373570267e-07,-8.41343249494281175e-07,-1.05167906875003784e-06,-1.05167906186785152e-06
2.74480000000000004e+01,2.74480000000000004e+01,4.36890220817587493e-01,-3.97925381726693672e-03,-3.97925368713191764e-03,-2.10155311921937138e-07,-2.10155305049149708e-07,-8.40621220196598939e-07,-1.05077653211853608e-06,-1.05077652524574865e-06
2.74552500000000030e+01,2.74552500000000030e+01,4.36861375990043654e-01,-3.97794037815657475e-03,-3.97794024813144693e-03,-2.09975007107814190e-07,-2.09975000244456646e-07,-8.39900000977826372e-07,-1.04987500808564061e-06,-1.04987500122228299e-06
2.74625000000000021e+01,2.74625000000000021e+01,4.36832540682104198e-01,-3.97662771919016222e-03,-3.97662758927723372e-03,-2.09794904532700982e-07,-2.09794897678886032e-07,-8.39179590715544234e-07,-1.04897449524824519e-06,-1.04897448839443024e-06
2.74697500000000012e+01,2.74697500000000012e+01,4.36803714888115424e-01,-3.97531583970334168e-03,-3.97531570990012142e-03,-2.09615003916708447e-07,-2.09614997072295669e-07,-8.38459988289182568e-07,-1.04807499220589094e-06,-1.04807498536147826e-06
2.74770000000000003e+01,2.74770000000000003e+01,4.36774898602428518e-01,-3.97400473902109752e-03,-3.97400460933170028e-03,-2.09435304979807493e-07,-2.09435298145004753e-07,-8.37741192580019011e-07,-1.04717649755982661e-06,-1.04717649072502374e-06
2.74842500000000030e+01,2.74842500000000030e+01,4.36746091819399607e-01,-3.97269441648262500e-03,-3.97269428690431425e-03,-2.09255807443139811e-07,-2.09255800617793797e-07,-8.37023202471175082e-07,-1.04627900991431492e-06,-1.04627900308896896e-06
2.74915000000000020e+01,2.74915000000000020e+01,4.36717294533389533e-01,-3.97138487142001395e-03,-3.97138474195105323e-03,-2.09076511027893152e-07,-2.09076504211903385e-07,-8.36306016847613538e-07,-1.04538252787550661e-06,-1.04538252105951698e-06
2.74987500000000011e+01,2.74987500000000011e+01,4.36688506738764026e-01,-3.97007610316180148e-03,-3.97007597380575478e-03,-2.08897415455488094e-07,-2.08897408649033218e-07,-8.35589634596132976e-07,-1.04448705005162110e-06,-1.04448704324516609e-06
2.75060000000000002e+01,2.75060000000000002e+01,4.36659728429893701e-01,-3.96876811104718286e-03,-3.96876798180300413e-03,-2.08718520448325470e-07,-2.08718513651341375e-07,-8.34874054605365500e-07,-1.04359257505369100e-06,-1.04359256825670687e-06
2.75132500000000029e+01,2.75132500000000029e+01,4.36630959601153834e-01,-3.96746089441890604e-03,-3.96746076527812810e-03,-2.08539825729410657e-07,-2.08539818941443228e-07,-8.34159275765772911e-07,-1.04269910149518352e-06,-1.04269909470721606e-06
2.75205000000000020e+01,2.75205000000000020e+01,4.36602200246924643e-01,-3.96615445259129729e-03,-3.96615432356720119e-03,-2.08361331020672532e-07,-2.08361324242410936e-07,-8.33445296969643744e-07,-1.04180662799031633e-06,-1.04180662121205460e-06
2.75277500000000011e+01,2.75277500000000011e+01,4.36573450361591231e-01,-3.96484878492131543e-03,-3.96484865600704034e-03,-2.08183036046697671e-07,-2.08183029277772390e-07,-8.32732117111089558e-07,-1.04091515315778728e-06,-1.04091514638886197e-06
2.75350000000000001e+01,2.75350000000000001e+01,4.36544709939543307e-01,-3.96354389073749758e-03,-3.96354376193520323e-03,-2.08004940530994561e-07,-2.08004933771510044e-07,-8.32019735086040283e-07,-1.04002467561703474e-06,-1.04002466885755025e-06
2.75422500000000028e+01,2.75422500000000028e+01,4.36515978975175523e-01,-3.96223976938614442e-03,-3.96223964068998999e-03,-2.07827044198419691e-07,-2.07827037448060551e-07,-8.31308149792242204e-07,-1.03913519399066179e-06,-1.03913518724030281e-06
2.75495000000000019e+01,2.75495000000000019e+01,4.36487257462887246e-01,-3.96093642019579306e-03,-3.96093629161043976e-03,-2.07649346773311719e-07,-2.07649340032313670e-07,-8.30597360129254678e-07,-1.03824670690256642e-06,-1.03824670016156843e-06
2.75567500000000010e+01,2.75567500000000010e+01,4.36458545397082676e-01,-3.95963384251274420e-03,-3.95963371403633066e-03,-2.07471847981354659e-07,-2.07471841249611265e-07,-8.29887364998444952e-07,-1.03735921297979972e-06,-1.03735920624805619e-06
2.75640000000000001e+01,2.75640000000000001e+01,4.36429842772170840e-01,-3.95833203566908765e-03,-3.95833190730818154e-03,-2.07294547547900326e-07,-2.07294540825746721e-07,-8.29178163302986780e-07,-1.03647271085088700e-06,-1.03647270412873358e-06
2.75712500000000027e+01,2.75712500000000027e+01,4.36401149582565429e-01,-3.95703099902533495e-03,-3.95703087076724330e-03,-2.07117445200201015e-07,-2.07117438486963677e-07,-8.28469753947854601e-07,-1.03558719914805556e-06,-1.03558719243481822e-06
2.75785000000000018e+01,2.75785000000000018e+01,4.36372465822685018e-01,-3.95573073190291780e-03,-3.95573060375550671e-03,-2.06940540663873850e-07,-2.06940533959955833e-07,-8.27762135839823225e-07,-1.03470267650369702e-06,-1.03470266979977895e-06
2.75857500000000009e+01,2.75857500000000009e+01,4.36343791486952848e-01,-3.95443123365168958e-03,-3.95443110561569718e-03,-2.06763833666434393e-07,-2.06763826971865422e-07,-8.27055307887461584e-07,-1.03381914155389606e-06,-1.03381913485932711e-06
2.75930000000000000e+01,2.75930000000000000e+01,4.36315126569797096e-01,-3.95313250361795099e-03,-3.95313237569127219e-03,-2.06587323935621479e-07,-2.06587317250282653e-07,-8.26349269001130716e-07,-1.03293659293675222e-06,-1.03293658625141340e-06
2.76002500000000026e+01,2.76002500000000026e+01,4.36286471065650383e-01,-3.95183454114444999e-03,-3.95183441332642212e-03,-2.06411011199396844e-07,-2.06411004523244779e-07,-8.25644018092979221e-07,-1.03205502929237614e-06,-1.03205502261622403e-06
2.76075000000000017e+01,2.76075000000000017e+01,4.36257824968950492e-01,-3.95053734557393454e-03,-3.95053721786607290e-03,-2.06234895186130497e-07,-2.06234888519235548e-07,-8.24939554076942300e-07,-1.03117444926307269e-06,-1.03117444259617780e-06
2.76147500000000008e+01,2.76147500000000008e+01,4.36229188274139590e-01,-3.94924091625625806e-03,-3.94924078865587728e-03,-2.06058975624970602e-07,-2.06058968967183878e-07,-8.24235875868735618e-07,-1.03029485149370625e-06,-1.03029484483591950e-06
2.76219999999999999e+01,2.76219999999999999e+01,4.36200560975664786e-01,-3.94794525253061579e-03,-3.94794512504222008e-03,-2.05883252244915506e-07,-2.05883245596463244e-07,-8.23532982385852764e-07,-1.02941623463076835e-06,-1.02941622798231590e-06
2.76292500000000025e+01,2.76292500000000025e+01,4.36171943067977852e-01,-3.94665035375396656e-03,-3.94665022637221211e-03,-2.05707724776295885e-07,-2.05707718136890676e-07,-8.22830872547563023e-07,-1.02853859732385893e-06,-1.02853859068445365e-06
2.76365000000000016e+01,2.76365000000000016e+01,4.36143334545535333e-01,-3.94535621926550562e-03,-3.94535609199369794e-03,-2.05532392948921227e-07,-2.05532386318726707e-07,-8.22129545274906827e-07,-1.02766193822382816e-06,-1.02766193159363351e-06
2.76437500000000007e+01,2.76437500000000007e+01,4.36114735402798492e-01,-3.94406284841863908e-03,-3.94406272125524295e-03,-2.05357256493745569e-07,-2.05357249872673039e-07,-8.21428999490692261e-07,-1.02678625598443786e-06,-1.02678624936336533e-06
2.76509999999999998e+01,2.76509999999999998e+01,4.36086145634233258e-01,-3.94277024055966763e-03,-3.94277011350614107e-03,-2.05182315141756385e-07,-2.05182308529873077e-07,-8.20729234119492306e-07,-1.02591154926124874e-06,-1.02591154264936546e-06
2.76582500000000024e+01,2.76582500000000024e+01,4.36057565234310329e-01,-3.94147839504910280e-03,-3.94147826809641139e-03,-2.05007568625083104e-07,-2.05007562021910391e-07,-8.20030248087641458e-07,-1.02503781671272454e-06,-1.02503781010955193e-06
2.76655000000000015e+01,2.76655000000000015e+01,4.36028994197505071e-01,-3.94018731121903443e-03,-3.94018718437679633e-03,-2.04833016674778471e-07,-2.04833010080808136e-07,-8.19332040323232544e-07,-1.02416505699801102e-06,-1.02416505040404057e-06
2.76727500000000006e+01,2.76727500000000006e+01,4.36000432518297676e-01,-3.93889698842642133e-03,-3.93889686169876171e-03,-2.04658659023590463e-07,-2.04658652439028097e-07,-8.18634609756112281e-07,-1.02329326877970266e-06,-1.02329326219514043e-06
2.76799999999999997e+01,2.76799999999999997e+01,4.35971880191172889e-01,-3.93760742603888048e-03,-3.93760729941449502e-03,-2.04484495405220233e-07,-2.04484488829469841e-07,-8.17937955317879577e-07,-1.02242245072309981e-06,-1.02242244414734947e-06
2.76872500000000024e+01,2.76872500000000024e+01,4.35943337210620119e-01,-3.93631862339560712e-03,-3.93631849687690275e-03,-2.04310525552291746e-07,-2.04310518985469928e-07,-8.17242075941879714e-07,-1.02155260149417151e-06,-1.02155259492734975e-06
2.76945000000000014e+01,2.76945000000000014e+01,4.35914803571133658e-01,-3.93503057985000737e-03,-3.93503045343961480e-03,-2.04136749198566506e-07,-2.04136742640801297e-07,-8.16546970563205081e-07,-1.02068371976177161e-06,-1.02068371320400632e-06
2.77017500000000005e+01,2.77017500000000005e+01,4.35886279267212295e-01,-3.93374329475904005e-03,-3.93374316845697750e-03,-2.03963166078388166e-07,-2.03963159529671942e-07,-8.15852638118687663e-07,-1.01981580419707588e-06,-1.01981579764835966e-06
2.77089999999999996e+01,2.77089999999999996e+01,4.35857764293359651e-01,-3.93245676747611128e-03,-3.93245664128405621e-03,-2.03789775926313515e-07,-2.03789769386724601e-07,-8.15159077546898299e-07,-1.01894885347321187e-06,-1.01894884693362285e-06
2.77162500000000023e+01,2.77162500000000023e+01,4.35829258644083839e-01,-3.93117099736883802e-03,-3.93117087127663190e-03,-2.03616578478031879e-07,-2.03616571947035478e-07,-8.14466287788141914e-07,-1.01808286626617369e-06,-1.01808285973517739e-06
2.77235000000000014e+01,2.77235000000000014e+01,4.35800762313897860e-01,-3.92988598376931009e-03,-3.92988585779120454e-03,-2.03443573467788257e-07,-2.03443566946114089e-07,-8.13774267784456252e-07,-1.01721784125224451e-06,-1.01721783473057045e-06
2.77307500000000005e+01,2.77307500000000005e+01,4.35772275297319212e-01,-3.92860172605580260e-03,-3.92860160018498623e-03,-2.03270760632614733e-07,-2.03270754119901486e-07,-8.13083016479605944e-07,-1.01635377711222070e-06,-1.01635377059950740e-06
2.77380000000000031e+01,2.77380000000000031e+01,4.35743797588869997e-01,-3.92731822358527438e-03,-3.92731809781590203e-03,-2.03098139708833233e-07,-2.03098133204770125e-07,-8.12392532819080500e-07,-1.01549067252791381e-06,-1.01549066602385062e-06
2.77452500000000022e+01,2.77452500000000022e+01,4.35715329183077260e-01,-3.92603547570047340e-03,-3.92603535004259520e-03,-2.02925710432424858e-07,-2.02925703937523232e-07,-8.11702815750092822e-07,-1.01462852618251773e-06,-1.01462851968761605e-06
2.77525000000000013e+01,2.77525000000000013e+01,4.35686870074472377e-01,-3.92475348177967476e-03,-3.92475335622441586e-03,-2.02753472541600471e-07,-2.02753466055393161e-07,-8.11013864221572538e-07,-1.01376733676317290e-06,-1.01376733027696559e-06
2.77597500000000004e+01,2.77597500000000004e+01,4.35658420257591494e-01,-3.92347224116917914e-03,-3.92347211572142626e-03,-2.02581425773310071e-07,-2.02581419296041209e-07,-8.10325677184164728e-07,-1.01290710295747483e-06,-1.01290709648020583e-06
2.77670000000000030e+01,2.77670000000000030e+01,4.35629979726975425e-01,-3.92219175323660352e-03,-3.92219162789440162e-03,-2.02409569865996502e-07,-2.02409563397556714e-07,-8.09638253590226750e-07,-1.01204782345622333e-06,-1.01204781698778338e-06
2.77742500000000021e+01,2.77742500000000021e+01,4.35601548477169587e-01,-3.92091201733890671e-03,-3.92091189210482319e-03,-2.02237904557942862e-07,-2.02237898098456266e-07,-8.08951592393825063e-07,-1.01118949695176790e-06,-1.01118949049228130e-06
2.77815000000000012e+01,2.77815000000000012e+01,4.35573126502724006e-01,-3.91963303284370568e-03,-3.91963290771488171e-03,-2.02066429588371901e-07,-2.02066423137682641e-07,-8.08265692550730672e-07,-1.01033212213910265e-06,-1.01033211568841334e-06
2.77887500000000003e+01,2.77887500000000003e+01,4.35544713798193373e-01,-3.91835479910795925e-03,-3.91835467408747570e-03,-2.01895144696345775e-07,-2.01895138254604307e-07,-8.07580553018417332e-07,-1.00947569771476311e-06,-1.00947569127302164e-06
2.77960000000000029e+01,2.77960000000000029e+01,4.35516310358136927e-01,-3.91707731550283711e-03,-3.91707719058620712e-03,-2.01724049622047476e-07,-2.01724043189014275e-07,-8.06896172756057099e-07,-1.00862022237810455e-06,-1.00862021594507143e-06
2.78032500000000020e+01,2.78032500000000020e+01,4.35487916177118628e-01,-3.91580058138529807e-03,-3.91580045657538740e-03,-2.01553144105315495e-07,-2.01553137681129844e-07,-8.06212550724519375e-07,-1.00776569482983498e-06,-1.00776568840564911e-06
2.78105000000000011e+01,2.78105000000000011e+01,4.35459531249706877e-01,-3.91452459612295911e-03,-3.91452447142002884e-03,-2.01382427886924186e-07,-2.01382421471591167e-07,-8.05529685886364561e-07,-1.00691211377328883e-06,-1.00691210735795573e-06
2.78177500000000002e+01,2.78177500000000002e+01,4.35431155570474848e-01,-3.91324935908343718e-03,-3.91324923448584886e-03,-2.01211900708033805e-07,-2.01211894301460854e-07,-8.04847577205843415e-07,-1.00605947791387725e-06,-1.00605947150730416e-06
2.78250000000000028e+01,2.78250000000000028e+01,4.35402789134000157e-01,-3.91197486963790197e-03,-3.91197474513926401e-03,-2.01041562310372573e-07,-2.01041555912222914e-07,-8.04166223648891762e-07,-1.00520778595926428e-06,-1.00520777956111473e-06
2.78322500000000019e+01,2.78322500000000019e+01,4.35374431934865136e-01,-3.91070112713265416e-03,-3.91070100274739860e-03,-2.00871412434775512e-07,-2.00871406045782570e-07,-8.03485624183130176e-07,-1.00435703661790574e-06,-1.00435703022891283e-06
2.78395000000000010e+01,2.78395000000000010e+01,4.35346083967656727e-01,-3.90942813095662700e-03,-3.90942800667807167e-03,-2.00701450824652493e-07,-2.00701444444464513e-07,-8.02805777777857944e-07,-1.00350722860251038e-06,-1.00350722222232238e-06
2.78467500000000001e+01,2.78467500000000001e+01,4.35317745226966257e-01,-3.90815588047743745e-03,-3.90815575629980400e-03,-2.00531677222700557e-07,-2.00531670851012764e-07,-8.02126683404051056e-07,-1.00265836062675153e-06,-1.00265835425506371e-06
2.78540000000000028e+01,2.78540000000000028e+01,4.35289415707389771e-01,-3.90688437505204433e-03,-3.90688425098181368e-03,-2.00362091371452922e-07,-2.00362085008589703e-07,-8.01448340034358813e-07,-1.00181043140581171e-06,-1.00181042504294849e-06
2.78612500000000018e+01,2.78612500000000018e+01,4.35261095403527976e-01,-3.90561361405872276e-03,-3.90561349009401881e-03,-2.00192693014918602e-07,-2.00192686660775482e-07,-8.00770746643101926e-07,-1.00096343965802058e-06,-1.00096343330387735e-06
2.78685000000000009e+01,2.78685000000000009e+01,4.35232784309985909e-01,-3.90434359686864241e-03,-3.90434347300703220e-03,-2.00023481897122785e-07,-2.00023475551566884e-07,-8.00093902206267431e-07,-1.00011738410339024e-06,-1.00011737775783424e-06
2.78757500000000000e+01,2.78757500000000000e+01,4.35204482421373384e-01,-3.90307432284586753e-03,-3.90307419909216233e-03,-1.99854457762107016e-07,-1.99854451425376643e-07,-7.99417805701506572e-07,-9.99272263463613508e-07,-9.99272257126883162e-07
2.78830000000000027e+01,2.78830000000000027e+01,4.35176189732304597e-01,-3.90180579137933137e-03,-3.90180566772141239e-03,-1.99685620355566171e-07,-1.99685614027032774e-07,-7.98742456108131094e-07,-9.98428076463697212e-07,-9.98428070135163815e-07
2.78902500000000018e+01,2.78902500000000018e+01,4.35147906237398407e-01,-3.90053800181533461e-03,-3.90053787826748037e-03,-1.99516969421391631e-07,-1.99516963101777914e-07,-7.98067852407111764e-07,-9.97584821828503342e-07,-9.97584815508889625e-07
2.78975000000000009e+01,2.78975000000000009e+01,4.35119631931278283e-01,-3.89927095354636322e-03,-3.89927083010375725e-03,-1.99348504706216944e-07,-1.99348498395268268e-07,-7.97393993581072967e-07,-9.96742498287289990e-07,-9.96742491976341209e-07
2.79047499999999999e+01,2.79047499999999999e+01,4.35091366808572022e-01,-3.89800464594003415e-03,-3.89800452260432402e-03,-1.99180225955780420e-07,-1.99180219653572781e-07,-7.96720878614291016e-07,-9.95901104570071436e-07,-9.95901098267863823e-07
2.79120000000000026e+01,2.79120000000000026e+01,4.35063110863912084e-01,-3.89673907838172795e-03,-3.89673895514395293e-03,-1.99012132917105003e-07,-1.99012126623172558e-07,-7.96048506492690125e-07,-9.95060639409795023e-07,-9.95060633115862710e-07
2.79192500000000017e+01,2.79192500000000017e+01,4.35034864091935480e-01,-3.89547425022840343e-03,-3.89547412709810841e-03,-1.98844225336138063e-07,-1.98844219050960312e-07,-7.95376876203841142e-07,-9.94221101539979204e-07,-9.94221095254801400e-07
2.79265000000000008e+01,2.79265000000000008e+01,4.35006626487283776e-01,-3.89421016087254657e-03,-3.89421003784294270e-03,-1.98676502961016735e-07,-1.98676496684239036e-07,-7.94705986736956143e-07,-9.93382489697972931e-07,-9.93382483421195153e-07
2.79337499999999999e+01,2.79337499999999999e+01,4.34978398044602865e-01,-3.89294680967822160e-03,-3.89294668675529499e-03,-1.98508965538801787e-07,-1.98508959270721528e-07,-7.94035837082886219e-07,-9.92544802621688005e-07,-9.92544796353607773e-07
2.79410000000000025e+01,2.79410000000000025e+01,4.34950178758543415e-01,-3.89168419603436178e-03,-3.89168407321269271e-03,-1.98341612818196940e-07,-1.98341606558529731e-07,-7.93366426234118923e-07,-9.91708039052315942e-07,-9.91708032792648653e-07
2.79482500000000016e+01,2.79482500000000016e+01,4.34921968623760369e-01,-3.89042231931213678e-03,-3.89042219659334982e-03,-1.98174444547373133e-07,-1.98174438296193828e-07,-7.92697753184775313e-07,-9.90872197732148552e-07,-9.90872191480969168e-07
2.79555000000000007e+01,2.79555000000000007e+01,4.34893767634913386e-01,-3.88916117888626900e-03,-3.88916105627616551e-03,-1.98007460475055393e-07,-1.98007454232651403e-07,-7.92029816930605506e-07,-9.90037277405660872e-07,-9.90037271163256962e-07
2.79627499999999998e+01,2.79627499999999998e+01,4.34865575786666514e-01,-3.88790077415279711e-03,-3.88790065164072328e-03,-1.97840660351425832e-07,-1.97840654117246770e-07,-7.91362616468987082e-07,-9.89203276820412835e-07,-9.89203270586233826e-07
2.79700000000000024e+01,2.79700000000000024e+01,4.34837393073688183e-01,-3.88664110447933808e-03,-3.88664098206728753e-03,-1.97674043925590566e-07,-1.97674037699730135e-07,-7.90696150798920751e-07,-9.88370194724511343e-07,-9.88370188498650833e-07
2.79772500000000015e+01,2.79772500000000015e+01,4.34809219490651599e-01,-3.88538216924061430e-03,-3.88538204693681093e-03,-1.97507610947388761e-07,-1.97507604730257217e-07,-7.90030418921028867e-07,-9.87538029868417628e-07,-9.87538023651286005e-07
2.79845000000000006e+01,2.79845000000000006e+01,4.34781055032234187e-01,-3.88412396783266445e-03,-3.88412384563092223e-03,-1.97341361168112911e-07,-1.97341354959387772e-07,-7.89365419837551088e-07,-9.86706781005664052e-07,-9.86706774796938806e-07
2.79917499999999997e+01,2.79917499999999997e+01,4.34752899693118033e-01,-3.88286649962665820e-03,-3.88286637753193367e-03,-1.97175294338160300e-07,-1.97175288138085352e-07,-7.88701152552341514e-07,-9.85876446890501894e-07,-9.85876440690426972e-07
2.79990000000000023e+01,2.79990000000000023e+01,4.34724753467989555e-01,-3.88160976402218694e-03,-3.88160964202283578e-03,-1.97009410209740332e-07,-1.97009404017716485e-07,-7.88037616070865942e-07,-9.85047026280606353e-07,-9.85047020088582480e-07
2.80062500000000014e+01,2.80062500000000014e+01,4.34696616351539777e-01,-3.88035376037976221e-03,-3.88035363848729994e-03,-1.96843708533446062e-07,-1.96843702350049961e-07,-7.87374809400199632e-07,-9.84218517933645641e-07,-9.84218511750249646e-07
2.80135000000000005e+01,2.80135000000000005e+01,4.34668488338464054e-01,-3.87909848809897539e-03,-3.87909836630967236e-03,-1.96678189062221194e-07,-1.96678182887255638e-07,-7.86712731549022552e-07,-9.83390920611243825e-07,-9.83390914436278137e-07
2.80207499999999996e+01,2.80207499999999996e+01,4.34640369423462347e-01,-3.87784394656165432e-03,-3.87784382487497969e-03,-1.96512851548474211e-07,-1.96512845381904393e-07,-7.86051381527617466e-07,-9.82564233076091598e-07,-9.82564226909521912e-07
2.80280000000000022e+01,2.80280000000000022e+01,4.34612259601238893e-01,-3.87659013515673223e-03,-3.87659001356892080e-03,-1.96347695745339241e-07,-1.96347689586966584e-07,-7.85390758347866549e-07,-9.81738454093205817e-07,-9.81738447934833080e-07
2.80352500000000013e+01,2.80352500000000013e+01,4.34584158866502590e-01,-3.87533705325893152e-03,-3.87533693177787410e-03,-1.96182721405595954e-07,-1.96182715255812317e-07,-7.84730861023249161e-07,-9.80913582428845089e-07,-9.80913576279061478e-07
2.80425000000000004e+01,2.80425000000000004e+01,4.34556067213966613e-01,-3.87408470027139629e-03,-3.87408457888888851e-03,-1.96017928283827352e-07,-1.96017922142209510e-07,-7.84071688568838040e-07,-9.80089616852665472e-07,-9.80089610711047470e-07
2.80497500000000031e+01,2.80497500000000031e+01,4.34527984638348630e-01,-3.87283307557240164e-03,-3.87283295428968687e-03,-1.95853316133720729e-07,-1.95853310000323950e-07,-7.83413240001295907e-07,-9.79266556135016530e-07,-9.79266550001619830e-07
2.80570000000000022e+01,2.80570000000000022e+01,4.34499911134370864e-01,-3.87158217854732811e-03,-3.87158205736866769e-03,-1.95688884709686610e-07,-1.95688878584718603e-07,-7.82755514338874412e-07,-9.78444399048561075e-07,-9.78444392923592989e-07
2.80642500000000013e+01,2.80642500000000013e+01,4.34471846696759700e-01,-3.87033200859221438e-03,-3.87033188751489607e-03,-1.95524633767036288e-07,-1.95524627650352157e-07,-7.82098510601408524e-07,-9.77623144368444785e-07,-9.77623138251760681e-07
2.80715000000000003e+01,2.80715000000000003e+01,4.34443791320246298e-01,-3.86908256509244097e-03,-3.86908244411811189e-03,-1.95360563060903841e-07,-1.95360556952579025e-07,-7.81442227810315995e-07,-9.76802790871219835e-07,-9.76802784762895099e-07
2.80787500000000030e+01,2.80787500000000030e+01,4.34415744999565867e-01,-3.86783384744759928e-03,-3.86783372656872033e-03,-1.95196672347501856e-07,-1.95196666247148045e-07,-7.80786664988592284e-07,-9.75983337336094061e-07,-9.75983331235740328e-07
2.80860000000000021e+01,2.80860000000000021e+01,4.34387707729458339e-01,-3.86658585502530627e-03,-3.86658573425780003e-03,-1.95032961381789448e-07,-1.95032955290202374e-07,-7.80131821160809496e-07,-9.75164782542598864e-07,-9.75164776451011923e-07
2.80932500000000012e+01,2.80932500000000012e+01,4.34359679504667973e-01,-3.86533858724291690e-03,-3.86533846657709538e-03,-1.94869429921595157e-07,-1.94869423838278169e-07,-7.79477695353112675e-07,-9.74347125274707912e-07,-9.74347119191390765e-07
2.81005000000000003e+01,2.81005000000000003e+01,4.34331660319943302e-01,-3.86409204348936441e-03,-3.86409192291901644e-03,-1.94706077723671557e-07,-1.94706071648303972e-07,-7.78824286593215890e-07,-9.73530364316887420e-07,-9.73530358241519889e-07
2.81077500000000029e+01,2.81077500000000029e+01,4.34303650170037359e-01,-3.86284622315002935e-03,-3.86284610267663983e-03,-1.94542904544950895e-07,-1.94542898477600081e-07,-7.78171593910400323e-07,-9.72714498455351245e-07,-9.72714492388000457e-07
2.81150000000000020e+01,2.81150000000000020e+01,4.34275649049707668e-01,-3.86160112561029223e-03,-3.86160100524371008e-03,-1.94379910142723823e-07,-1.94379904083878119e-07,-7.77519616335512371e-07,-9.71899526478236220e-07,-9.71899520419390490e-07
2.81222500000000011e+01,2.81222500000000011e+01,4.34247656953716032e-01,-3.86035675028040259e-03,-3.86035663001463259e-03,-1.94217094275889796e-07,-1.94217088225239586e-07,-7.76868352900958345e-07,-9.71085447176848141e-07,-9.71085441126197879e-07
2.81295000000000002e+01,2.81295000000000002e+01,4.34219673876828638e-01,-3.85911309654929369e-03,-3.85911297638447765e-03,-1.94054456702631020e-07,-1.94054450660175801e-07,-7.76217802640703205e-07,-9.70272259343334331e-07,-9.70272253300879112e-07
2.81367500000000028e+01,2.81367500000000028e+01,4.34191699813816057e-01,-3.85787016381655690e-03,-3.85787004374897602e-03,-1.93891997182021387e-07,-1.93891991147566606e-07,-7.75567964590266426e-07,-9.69459961772287919e-07,-9.69459955737832926e-07
2.81440000000000019e+01,2.81440000000000019e+01,4.34163734759453301e-01,-3.85662795146757276e-03,-3.85662783150452371e-03,-1.93729715472775595e-07,-1.93729709446680368e-07,-7.74918837786721472e-07,-9.68648553259496987e-07,-9.68648547233401786e-07
2.81512500000000010e+01,2.81512500000000010e+01,4.34135778708519771e-01,-3.85538645891259080e-03,-3.85538633904817509e-03,-1.93567611335212199e-07,-1.93567605317172546e-07,-7.74270421268690183e-07,-9.67838032603902487e-07,-9.67838026585862781e-07
2.81585000000000001e+01,2.81585000000000001e+01,4.34107831655799081e-01,-3.85414568554409698e-03,-3.85414556577764328e-03,-1.93405684529110509e-07,-1.93405678519085244e-07,-7.73622714076340975e-07,-9.67028398605451431e-07,-9.67028392595426139e-07
2.81657500000000027e+01,2.81657500000000027e+01,4.34079893596079347e-01,-3.85290563075812997e-03,-3.85290551109130144e-03,-1.93243934814781352e-07,-1.93243928812846443e-07,-7.72975715251385771e-07,-9.66219650066167123e-07,-9.66219644064232267e-07
2.81730000000000018e+01,2.81730000000000018e+01,4.34051964524153122e-01,-3.85166629395072846e-03,-3.85166617438818283e-03,-1.93082361952888263e-07,-1.93082355959269682e-07,-7.72329423837078622e-07,-9.65411785789966832e-07,-9.65411779796348357e-07
2.81802500000000009e+01,2.81802500000000009e+01,4.34024044434817069e-01,-3.85042767453214196e-03,-3.85042755506797381e-03,-1.92920965705158545e-07,-1.92920959719552630e-07,-7.71683838878210415e-07,-9.64604804583369065e-07,-9.64604798597763098e-07
2.81875000000000000e+01,2.81875000000000000e+01,4.33996133322872402e-01,-3.84918977189130374e-03,-3.84918965253101906e-03,-1.92759745832601744e-07,-1.92759739855276794e-07,-7.71038959421107072e-07,-9.63798705253708869e-07,-9.63798699276383919e-07
2.81947500000000026e+01,2.81947500000000026e+01,4.33968231183124609e-01,-3.84795258544201602e-03,-3.84795246617831857e-03,-1.92598702097823697e-07,-1.92598696128406752e-07,-7.70394784513627010e-07,-9.62993486611450654e-07,-9.62993480642033815e-07
2.82020000000000017e+01,2.82020000000000017e+01,4.33940338010383508e-01,-3.84671611457676477e-03,-3.84671599541152633e-03,-1.92437834262712191e-07,-1.92437828301289597e-07,-7.69751313205158387e-07,-9.62189147467870498e-07,-9.62189141506447957e-07
2.82092500000000008e+01,2.82092500000000008e+01,4.33912453799463249e-01,-3.84548035870224680e-03,-3.84548023963295071e-03,-1.92277142090215422e-07,-1.92277136136653876e-07,-7.69108544546615502e-07,-9.61385686636830898e-07,-9.61385680683269458e-07
2.82164999999999999e+01,2.82164999999999999e+01,4.33884578545182364e-01,-3.84424531721094809e-03,-3.84424519824555109e-03,-1.92116625342919160e-07,-1.92116619397609038e-07,-7.68466477590436046e-07,-9.60583102933355205e-07,-9.60583096988045137e-07
2.82237500000000026e+01,2.82237500000000026e+01,4.33856712242363662e-01,-3.84301098952022357e-03,-3.84301087065293950e-03,-1.91956283785000194e-07,-1.91956277847644770e-07,-7.67825111390579082e-07,-9.59781395175579197e-07,-9.59781389238223826e-07
2.82310000000000016e+01,2.82310000000000016e+01,4.33828854885834336e-01,-3.84177737502255923e-03,-3.84177725625938068e-03,-1.91796117179739366e-07,-1.91796111250630443e-07,-7.67184445002521877e-07,-9.58980562182261217e-07,-9.58980556253152347e-07
2.82382500000000007e+01,2.82382500000000007e+01,4.33801006470425798e-01,-3.84054447313886271e-03,-3.84054435446978641e-03,-1.91636125292183260e-07,-1.91636119370813995e-07,-7.66544477483256088e-07,-9.58180602775439322e-07,-9.58180596854070004e-07
2.82454999999999998e+01,2.82454999999999998e+01,4.33773166990973846e-01,-3.83931228325451457e-03,-3.83931216468971900e-03,-1.91476307885950685e-07,-1.91476301972821569e-07,-7.65905207891286274e-07,-9.57381515777236907e-07,-9.57381509864107949e-07
2.82527500000000025e+01,2.82527500000000025e+01,4.33745336442318552e-01,-3.83808080479752789e-03,-3.83808068632538867e-03,-1.91316664727132671e-07,-1.91316658821656550e-07,-7.65266635286626201e-07,-9.56583300013758846e-07,-9.56583294108282830e-07
2.82600000000000016e+01,2.82600000000000016e+01,4.33717514819304317e-01,-3.83685003715683592e-03,-3.83684991878365444e-03,-1.91157195580215572e-07,-1.91157189682699337e-07,-7.64628758730797349e-07,-9.55785954311013026e-07,-9.55785948413496580e-07
2.82672500000000007e+01,2.82672500000000007e+01,4.33689702116779763e-01,-3.83561997974624092e-03,-3.83561986147201934e-03,-1.90997900211269587e-07,-1.90997894321705932e-07,-7.63991577286823836e-07,-9.54989477498093502e-07,-9.54989471608529847e-07
2.82744999999999997e+01,2.82744999999999997e+01,4.33661898329598006e-01,-3.83439063197243968e-03,-3.83439051379863474e-03,-1.90838778386353850e-07,-1.90838772504807919e-07,-7.63355090019231781e-07,-9.54193868405585526e-07,-9.54193862524039674e-07
2.82817500000000024e+01,2.82817500000000024e+01,4.33634103452616160e-01,-3.83316199324923446e-03,-3.83316187517229430e-03,-1.90679829872223600e-07,-1.90679823998511268e-07,-7.62719295994044965e-07,-9.53399125866268592e-07,-9.53399119992556206e-07
2.82890000000000015e+01,2.82890000000000015e+01,4.33606317480695891e-01,-3.83193406297976935e-03,-3.83193394500243789e-03,-1.90521054435445609e-07,-1.90521048569696021e-07,-7.62084194278784191e-07,-9.52605248714229800e-07,-9.52605242848480265e-07
2.82962500000000006e+01,2.82962500000000006e+01,4.33578540408702973e-01,-3.83070684057784661e-03,-3.83070672269914718e-03,-1.90362451843458087e-07,-1.90362445985615340e-07,-7.61449783942461359e-07,-9.51812235785919473e-07,-9.51812229928076673e-07
2.83034999999999997e+01,2.83034999999999997e+01,4.33550772231507509e-01,-3.82948032545371575e-03,-3.82948020767314573e-03,-1.90204021863863013e-07,-1.90204016013894813e-07,-7.60816064055579253e-07,-9.51020085919442292e-07,-9.51020080069474040e-07
2.83107500000000023e+01,2.83107500000000023e+01,4.33523012943983876e-01,-3.82825451702117903e-03,-3.82825439933579849e-03,-1.90045764264778817e-07,-1.90045758422531906e-07,-7.60183033690127623e-07,-9.50228797954906388e-07,-9.50228792112659476e-07
2.83180000000000014e+01,2.83180000000000014e+01,4.33495262541010729e-01,-3.82702941468693325e-03,-3.82702929709911269e-03,-1.89887678814310486e-07,-1.89887672979895346e-07,-7.59550691919581492e-07,-9.49438370733892030e-07,-9.49438364899476785e-07
2.83252500000000005e+01,2.83252500000000005e+01,4.33467521017470936e-01,-3.82580501786122795e-03,-3.82580490037573310e-03,-1.89729765281078447e-07,-1.89729759454724177e-07,-7.58919037818896600e-07,-9.48648803099975100e-07,-9.48648797273620750e-07
2.83325000000000031e+01,2.83325000000000031e+01,4.33439788368251699e-01,-3.82458132596852352e-03,-3.82458120857894325e-03,-1.89572023434745724e-07,-1.89572017616127061e-07,-7.58288070464508140e-07,-9.47860093899253837e-07,-9.47860088080635227e-07
2.83397500000000022e+01,2.83397500000000022e+01,4.33412064588244383e-01,-3.82335833841551676e-03,-3.82335822112266641e-03,-1.89414453044431835e-07,-1.89414447233582026e-07,-7.57657788934328208e-07,-9.47072241978760016e-07,-9.47072236167910181e-07
2.83470000000000013e+01,2.83470000000000013e+01,4.33384349672344682e-01,-3.82213605461600991e-03,-3.82213593742146158e-03,-1.89257053879945596e-07,-1.89257048076935289e-07,-7.57028192307741154e-07,-9.46285246187686724e-07,-9.46285240384676390e-07
2.83542500000000004e+01,2.83542500000000004e+01,4.33356643615452453e-01,-3.82091447398735795e-03,-3.82091435689052312e-03,-1.89099825711607963e-07,-1.89099819916400761e-07,-7.56399279665603045e-07,-9.45499105377211007e-07,-9.45499099582003859e-07
2.83615000000000030e+01,2.83615000000000030e+01,4.33328946412471827e-01,-3.81969359595046853e-03,-3.81969347894568160e-03,-1.88942768310250916e-07,-1.88942762522559358e-07,-7.55771050090237538e-07,-9.44713818400488480e-07,-9.44713812612796949e-07
2.83687500000000021e+01,2.83687500000000021e+01,4.33301258058311212e-01,-3.81847341990848577e-03,-3.81847330300340336e-03,-1.88785881446162825e-07,-1.88785875666358547e-07,-7.55143502665434188e-07,-9.43929384111597065e-07,-9.43929378331792787e-07
2.83760000000000012e+01,2.83760000000000012e+01,4.33273578547883176e-01,-3.81725394528587003e-03,-3.81725382848078620e-03,-1.88629164891020957e-07,-1.88629159119111158e-07,-7.54516636476444633e-07,-9.43145801367465590e-07,-9.43145795595555765e-07
2.83832500000000003e+01,2.83832500000000003e+01,4.33245907876104563e-01,-3.81603517150352900e-03,-3.81603505479556236e-03,-1.88472618416660152e-07,-1.88472612652495226e-07,-7.53890450609980904e-07,-9.42363069026641030e-07,-9.42363063262476157e-07
2.83905000000000030e+01,2.83905000000000030e+01,4.33218246037896382e-01,-3.81481709797881763e-03,-3.81481698136609381e-03,-1.88316241795072642e-07,-1.88316236038552903e-07,-7.53264944154211610e-07,-9.41581185949284278e-07,-9.41581180192764513e-07
2.83977500000000020e+01,2.83977500000000020e+01,4.33190593028183912e-01,-3.81359972412909087e-03,-3.81359960761137656e-03,-1.88160034798583327e-07,-1.88160029049690220e-07,-7.52640116198760985e-07,-9.40800150997344312e-07,-9.40800145248451231e-07
2.84050000000000011e+01,2.84050000000000011e+01,4.33162948841896545e-01,-3.81238304937525641e-03,-3.81238293295103458e-03,-1.88003997200024299e-07,-1.88003991458675952e-07,-7.52015965834703702e-07,-9.40019963034728027e-07,-9.40019957293379680e-07
2.84122500000000002e+01,2.84122500000000002e+01,4.33135313473967998e-01,-3.81116707313111647e-03,-3.81116695680532155e-03,-1.87848128772208535e-07,-1.87848123038641218e-07,-7.51392492154564872e-07,-9.39240620926773381e-07,-9.39240615193206090e-07
2.84195000000000029e+01,2.84195000000000029e+01,4.33107686919336154e-01,-3.80995179482113144e-03,-3.80995167859512042e-03,-1.87692429288805391e-07,-1.87692423563078794e-07,-7.50769694252315068e-07,-9.38462123541120459e-07,-9.38462117815393835e-07
2.84267500000000020e+01,2.84267500000000020e+01,4.33080069172943116e-01,-3.80873721387331443e-03,-3.80873709774194298e-03,-1.87536898523988975e-07,-1.87536892805842502e-07,-7.50147571223370007e-07,-9.37684469747359008e-07,-9.37684464029212482e-07
2.84340000000000011e+01,2.84340000000000011e+01,4.33052460229735037e-01,-3.80752332970146767e-03,-3.80752321366792422e-03,-1.87381536251562553e-07,-1.87381530541146155e-07,-7.49526122164584620e-07,-9.36907658416147199e-07,-9.36907652705730801e-07
2.84412500000000001e+01,2.84412500000000001e+01,4.33024860084662455e-01,-3.80631014173005155e-03,-3.80631002579582883e-03,-1.87226342246183570e-07,-1.87226336543563554e-07,-7.48905346174254218e-07,-9.36131688420437814e-07,-9.36131682717817825e-07
2.84485000000000028e+01,2.84485000000000028e+01,4.32997268732679907e-01,-3.80509764939418460e-03,-3.80509753354904339e-03,-1.87071316283361296e-07,-1.87071310588027035e-07,-7.48285242352108140e-07,-9.35356558635469462e-07,-9.35356552940135122e-07
2.84557500000000019e+01,2.84557500000000019e+01,4.32969686168746259e-01,-3.80388585209701091e-03,-3.80388573635158291e-03,-1.86916458137360472e-07,-1.86916452449827676e-07,-7.47665809799310702e-07,-9.34582267936671122e-07,-9.34582262249138378e-07
2.84630000000000010e+01,2.84630000000000010e+01,4.32942112387824485e-01,-3.80267474928075444e-03,-3.80267463362808254e-03,-1.86761767584694049e-07,-1.86761761904613898e-07,-7.47047047618455592e-07,-9.33808815203149588e-07,-9.33808809523069463e-07
2.84702500000000001e+01,2.84702500000000001e+01,4.32914547384881720e-01,-3.80146434035921743e-03,-3.80146422480380150e-03,-1.86607244400804671e-07,-1.86607238728391148e-07,-7.46428954913564697e-07,-9.33036199314369421e-07,-9.33036193641955792e-07
2.84775000000000027e+01,2.84775000000000027e+01,4.32886991154889267e-01,-3.80025462476041298e-03,-3.80025450930461962e-03,-1.86452888362158942e-07,-1.86452882697521101e-07,-7.45811530790084511e-07,-9.32264419152243426e-07,-9.32264413487605665e-07
2.84847500000000018e+01,2.84847500000000018e+01,4.32859443692822699e-01,-3.79904560191945961e-03,-3.79904548655704078e-03,-1.86298699245897145e-07,-1.86298693588721427e-07,-7.45194774354885600e-07,-9.31493473600782719e-07,-9.31493467943607000e-07
2.84920000000000009e+01,2.84920000000000009e+01,4.32831904993661476e-01,-3.79783727126081772e-03,-3.79783715598818513e-03,-1.86144676828960672e-07,-1.86144671179064328e-07,-7.44578684716257206e-07,-9.30723361545217931e-07,-9.30723355895321508e-07
2.84992500000000000e+01,2.84992500000000000e+01,4.32804375052389445e-01,-3.79662963219828953e-03,-3.79662951702579386e-03,-1.85990820888093210e-07,-1.85990815245976626e-07,-7.43963260983906503e-07,-9.29954081871999739e-07,-9.29954076229883102e-07
2.85065000000000026e+01,2.85065000000000026e+01,4.32776853863994559e-01,-3.79542268417409900e-03,-3.79542256909822786e-03,-1.85837131201754722e-07,-1.85837125567238723e-07,-7.43348502268954892e-07,-9.29185633470709561e-07,-9.29185627836193668e-07
2.85137500000000017e+01,2.85137500000000017e+01,4.32749341423468936e-01,-3.79421642661625924e-03,-3.79421631163446519e-03,-1.85683607548031363e-07,-1.85683601920984316e-07,-7.42734407683937262e-07,-9.28418015231968652e-07,-9.28418009604921578e-07
2.85210000000000008e+01,2.85210000000000008e+01,4.32721837725808633e-01,-3.79301085895278334e-03,-3.79301074406409840e-03,-1.85530249705331374e-07,-1.85530244085699067e-07,-7.42120976342796269e-07,-9.27651226048127696e-07,-9.27651220428495337e-07
2.85282499999999999e+01,2.85282499999999999e+01,4.32694342766014151e-01,-3.79180598060813168e-03,-3.79180586581734022e-03,-1.85377057452211225e-07,-1.85377051840220717e-07,-7.41508207360882869e-07,-9.26885264813094120e-07,-9.26885259201103586e-07
2.85355000000000025e+01,2.85355000000000025e+01,4.32666856539089817e-01,-3.79060179102452821e-03,-3.79060167632501444e-03,-1.85224030568416859e-07,-1.85224024963737861e-07,-7.40896099854951442e-07,-9.26120130423368328e-07,-9.26120124818689276e-07
2.85427500000000016e+01,2.85427500000000016e+01,4.32639379040044292e-01,-3.78939828962288061e-03,-3.78939817501856239e-03,-1.85071168832972628e-07,-1.85071163235789791e-07,-7.40284652943159060e-07,-9.25355821776131635e-07,-9.25355816178948825e-07
2.85500000000000007e+01,2.85500000000000007e+01,4.32611910263890287e-01,-3.78819547584186012e-03,-3.78819536133003735e-03,-1.84918472026090766e-07,-1.84918466436265363e-07,-7.39673865745061453e-07,-9.24592337771152192e-07,-9.24592332181326816e-07
2.85572499999999998e+01,2.85572499999999998e+01,4.32584450205644622e-01,-3.78699334910592711e-03,-3.78699323469210624e-03,-1.84765939927608801e-07,-1.84765934345402752e-07,-7.39063737381611006e-07,-9.23829677309219781e-07,-9.23829671727013784e-07
2.85645000000000024e+01,2.85645000000000024e+01,4.32556998860328223e-01,-3.78579190885730554e-03,-3.78579179453804706e-03,-1.84613572318549898e-07,-1.84613566743788474e-07,-7.38454266975153895e-07,-9.23067839293703820e-07,-9.23067833718942395e-07
2.85717500000000015e+01,2.85717500000000015e+01,4.32529556222966183e-01,-3.78459115452045580e-03,-3.78459104030175056e-03,-1.84461368979388845e-07,-1.84461363412357205e-07,-7.37845453649428713e-07,-9.22306822628817584e-07,-9.22306817061785865e-07
2.85790000000000006e+01,2.85790000000000006e+01,4.32502122288587643e-01,-3.78339108554825998e-03,-3.78339097141771599e-03,-1.84309329692303230e-07,-1.84309324132390558e-07,-7.37237296529562339e-07,-9.21546626221865596e-07,-9.21546620661952871e-07
2.85862499999999997e+01,2.85862499999999997e+01,4.32474697052225743e-01,-3.78219170135807303e-03,-3.78219158732105232e-03,-1.84157454238055994e-07,-1.84157448685516850e-07,-7.36629794742067400e-07,-9.20787248980123368e-07,-9.20787243427584276e-07
2.85935000000000024e+01,2.85935000000000024e+01,4.32447280508917897e-01,-3.78099300139211891e-03,-3.78099288744747830e-03,-1.84005742398938334e-07,-1.84005736853710355e-07,-7.36022947414841419e-07,-9.20028689813779780e-07,-9.20028684268551747e-07
2.86007500000000014e+01,2.86007500000000014e+01,4.32419872653705573e-01,-3.77979498508196343e-03,-3.77979487123332025e-03,-1.83854193957038345e-07,-1.83854188419290779e-07,-7.35416753677163008e-07,-9.19270947634201301e-07,-9.19270942096453840e-07
2.86080000000000005e+01,2.86080000000000005e+01,4.32392473481634232e-01,-3.77859765186983054e-03,-3.77859753811551164e-03,-1.83702808695277683e-07,-1.83702803164922279e-07,-7.34811212659689220e-07,-9.18514021354966850e-07,-9.18514015824611446e-07
2.86152499999999996e+01,2.86152499999999996e+01,4.32365082987753446e-01,-3.77740100119439148e-03,-3.77740088753159096e-03,-1.83551586396719642e-07,-1.83551580873613304e-07,-7.34206323494453217e-07,-9.17757909891172912e-07,-9.17757904368066521e-07
2.86225000000000023e+01,2.86225000000000023e+01,4.32337701167116895e-01,-3.77620503248721207e-03,-3.77620491891970337e-03,-1.83400526844396150e-07,-1.83400521328715512e-07,-7.33602085314862261e-07,-9.17002612159258411e-07,-9.17002606643577747e-07
2.86297500000000014e+01,2.86297500000000014e+01,4.32310328014782363e-01,-3.77500974519051624e-03,-3.77500963171859992e-03,-1.83249629822170843e-07,-1.83249624313923687e-07,-7.32998497255694749e-07,-9.16248127077865619e-07,-9.16248121569618409e-07
2.86370000000000005e+01,2.86370000000000005e+01,4.32282963525811637e-01,-3.77381513875008068e-03,-3.77381502536763315e-03,-1.83098895114391939e-07,-1.83098889613274338e-07,-7.32395558453097459e-07,-9.15494453567489371e-07,-9.15494448066371744e-07
2.86442500000000031e+01,2.86442500000000031e+01,4.32255607695270494e-01,-3.77262121260102390e-03,-3.77262109930675844e-03,-1.82948322505202698e-07,-1.82948317011145752e-07,-7.31793268044583010e-07,-9.14741590549785681e-07,-9.14741585055728709e-07
2.86515000000000022e+01,2.86515000000000022e+01,4.32228260518228991e-01,-3.77142796617135900e-03,-3.77142785297653656e-03,-1.82797911778714170e-07,-1.82797906292257227e-07,-7.31191625169028909e-07,-9.13989536947743052e-07,-9.13989531461286189e-07
2.86587500000000013e+01,2.86587500000000013e+01,4.32200921989761011e-01,-3.77023539892107351e-03,-3.77023528581812723e-03,-1.82647662720898651e-07,-1.82647657241668143e-07,-7.30590628966672362e-07,-9.13238291687571039e-07,-9.13238286208340532e-07
2.86660000000000004e+01,2.86660000000000004e+01,4.32173592104944659e-01,-3.76904351027818052e-03,-3.76904339727329122e-03,-1.82497575116489018e-07,-1.82497569644777622e-07,-7.29990278579110487e-07,-9.12487853695599478e-07,-9.12487848223888082e-07
2.86732500000000030e+01,2.86732500000000030e+01,4.32146270858861925e-01,-3.76785229970622026e-03,-3.76785218678438866e-03,-1.82347648752248829e-07,-1.82347643287323755e-07,-7.29390573149294913e-07,-9.11738221901543689e-07,-9.11738216436618615e-07
2.86805000000000021e+01,2.86805000000000021e+01,4.32118958246598961e-01,-3.76666176662254770e-03,-3.76666165379438075e-03,-1.82197883413015092e-07,-1.82197877955383236e-07,-7.28791511821532840e-07,-9.10989395234547879e-07,-9.10989389776916077e-07
2.86877500000000012e+01,2.86877500000000012e+01,4.32091654263245917e-01,-3.76547191048004493e-03,-3.76547179774682503e-03,-1.82048278885653672e-07,-1.82048273435370357e-07,-7.28193093741481532e-07,-9.10241372627135178e-07,-9.10241367176851915e-07
2.86950000000000003e+01,2.86950000000000003e+01,4.32064358903897050e-01,-3.76428273072093589e-03,-3.76428261808587792e-03,-1.81898834956822909e-07,-1.81898829514036789e-07,-7.27595318056147154e-07,-9.09494153012970090e-07,-9.09494147570183916e-07
2.87022500000000029e+01,2.87022500000000029e+01,4.32037072163650449e-01,-3.76309422680165540e-03,-3.76309411425629001e-03,-1.81749551414175324e-07,-1.81749545978470451e-07,-7.26998183913881805e-07,-9.08747735328057155e-07,-9.08747729892352282e-07
2.87095000000000020e+01,2.87095000000000020e+01,4.32009794037608419e-01,-3.76190639815732197e-03,-3.76190628570341164e-03,-1.81600428044640571e-07,-1.81600422616095536e-07,-7.26401690464382249e-07,-9.08002118509022846e-07,-9.08002113080477837e-07
2.87167500000000011e+01,2.87167500000000011e+01,4.31982524520877154e-01,-3.76071924423371229e-03,-3.76071913187318516e-03,-1.81451464635970115e-07,-1.81451459214671447e-07,-7.25805836858685680e-07,-9.07257301494655795e-07,-9.07257296073357153e-07
2.87240000000000002e+01,2.87240000000000002e+01,4.31955263608567008e-01,-3.75953276447660301e-03,-3.75953265221214833e-03,-1.81302660976221463e-07,-1.81302655562292219e-07,-7.25210622249168982e-07,-9.06513283225390418e-07,-9.06513277811461175e-07
2.87312500000000028e+01,2.87312500000000028e+01,4.31928011295792169e-01,-3.75834695834598165e-03,-3.75834684616743221e-03,-1.81154016854442673e-07,-1.81154011447386043e-07,-7.24616045789544172e-07,-9.05770062643986871e-07,-9.05770057236930241e-07
2.87385000000000019e+01,2.87385000000000019e+01,4.31900767577670985e-01,-3.75716182526986131e-03,-3.75716171318676113e-03,-1.81005532058445216e-07,-1.81005526658714733e-07,-7.24022106634859039e-07,-9.05027638693304203e-07,-9.05027633293573773e-07
2.87457500000000010e+01,2.87457500000000010e+01,4.31873532449325748e-01,-3.75597736470822952e-03,-3.75597725271845182e-03,-1.80857206377886249e-07,-1.80857200985372830e-07,-7.23428803941491533e-07,-9.04286010319377834e-07,-9.04286004926864336e-07
2.87530000000000001e+01,2.87530000000000001e+01,4.31846305905882688e-01,-3.75479357611041564e-03,-3.75479346421140996e-03,-1.80709039602212913e-07,-1.80709034216787228e-07,-7.22836136867148701e-07,-9.03545176469361588e-07,-9.03545171083935956e-07
2.87602500000000028e+01,2.87602500000000028e+01,4.31819087942472091e-01,-3.75361045892574907e-03,-3.75361034711513318e-03,-1.80561031521175354e-07,-1.80561026142716303e-07,-7.22244104570865212e-07,-9.02805136092040566e-07,-9.02805130713581462e-07
2.87675000000000018e+01,2.87675000000000018e+01,4.31791878554228237e-01,-3.75242801260000647e-03,-3.75242790087970983e-03,-1.80413181924655798e-07,-1.80413176553249858e-07,-7.21652706212999434e-07,-9.02065888137655285e-07,-9.02065882766249319e-07
2.87747500000000009e+01,2.87747500000000009e+01,4.31764677736289404e-01,-3.75124623658251721e-03,-3.75124612495581541e-03,-1.80265490603009780e-07,-1.80265485238807882e-07,-7.21061940955231529e-07,-9.01327431558241335e-07,-9.01327426194039385e-07
2.87820000000000000e+01,2.87820000000000000e+01,4.31737485483797812e-01,-3.75006513032616340e-03,-3.75006501879471396e-03,-1.80117957347065081e-07,-1.80117951990140308e-07,-7.20471807960561126e-07,-9.00589765307626207e-07,-9.00589759950701434e-07
2.87892500000000027e+01,2.87892500000000027e+01,4.31710301791899620e-01,-3.74888469329448526e-03,-3.74888458184825584e-03,-1.79970581948462105e-07,-1.79970576598326142e-07,-7.19882306393304673e-07,-8.99852888341766831e-07,-8.99852882991630815e-07
2.87965000000000018e+01,2.87965000000000018e+01,4.31683126655745042e-01,-3.74770492492260132e-03,-3.74770481356887994e-03,-1.79823364197777010e-07,-1.79823358854773462e-07,-7.19293435419093847e-07,-8.99116799616870857e-07,-8.99116794273867282e-07
2.88037500000000009e+01,2.88037500000000009e+01,4.31655960070488232e-01,-3.74652582467049911e-03,-3.74652571340961015e-03,-1.79676303887080123e-07,-1.79676298551217989e-07,-7.18705194204871956e-07,-8.98381498091952053e-07,-8.98381492756089919e-07
2.88109999999999999e+01,2.88109999999999999e+01,4.31628802031287340e-01,-3.74534739199106070e-03,-3.74534728082405455e-03,-1.79529400808399974e-07,-1.79529395479723114e-07,-7.18117581918892351e-07,-8.97646982727292299e-07,-8.97646977398615439e-07
2.88182500000000026e+01,2.88182500000000026e+01,4.31601652533304292e-01,-3.74416962634782635e-03,-3.74416951526640451e-03,-1.79382654754574591e-07,-1.79382649432678865e-07,-7.17530597730715460e-07,-8.96913252485289998e-07,-8.96913247163394272e-07
2.88255000000000017e+01,2.88255000000000017e+01,4.31574511571705288e-01,-3.74299252717946729e-03,-3.74299241619143862e-03,-1.79236065517548726e-07,-1.79236060202801906e-07,-7.16944240811207730e-07,-8.96180306328756483e-07,-8.96180301014009609e-07
2.88327500000000008e+01,2.88327500000000008e+01,4.31547379141660192e-01,-3.74181609395307646e-03,-3.74181598305451443e-03,-1.79089632890926604e-07,-1.79089627583134295e-07,-7.16358510332537074e-07,-8.95448143223463678e-07,-8.95448137915671368e-07
2.88399999999999999e+01,2.88399999999999999e+01,4.31520255238342976e-01,-3.74064032611798325e-03,-3.74064021531157233e-03,-1.78943356667758885e-07,-1.78943351367043138e-07,-7.15773405468172553e-07,-8.94716762135931438e-07,-8.94716756835215665e-07
2.88472500000000025e+01,2.88472500000000025e+01,4.31493139856931440e-01,-3.73946522313417518e-03,-3.73946511241913344e-03,-1.78797236641903079e-07,-1.78797231348220063e-07,-7.15188925392880250e-07,-8.93986162034783329e-07,-8.93986156741100260e-07
2.88545000000000016e+01,2.88545000000000016e+01,4.31466032992607496e-01,-3.73829078446163976e-03,-3.73829067383430217e-03,-1.78651272607512633e-07,-1.78651267320680842e-07,-7.14605069282723264e-07,-8.93256341890235870e-07,-8.93256336603404132e-07
2.88617500000000007e+01,2.88617500000000007e+01,4.31438934640556770e-01,-3.73711700954970638e-03,-3.73711689901475800e-03,-1.78505464358527194e-07,-1.78505459078764158e-07,-7.14021836315056525e-07,-8.92527300673583746e-07,-8.92527295393820710e-07
2.88689999999999998e+01,2.88689999999999998e+01,4.31411844795969002e-01,-3.73594389786191527e-03,-3.73594378741876239e-03,-1.78359811689860683e-07,-1.78359806417131620e-07,-7.13439225668526586e-07,-8.91799037358387243e-07,-8.91799032085658180e-07
2.88762500000000024e+01,2.88762500000000024e+01,4.31384763454037701e-01,-3.73477144886535939e-03,-3.73477133850515274e-03,-1.78214314396890666e-07,-1.78214309130766924e-07,-7.12857236523067592e-07,-8.91071550919958205e-07,-8.91071545653834516e-07
2.88835000000000015e+01,2.88835000000000015e+01,4.31357690609960487e-01,-3.73359966199870996e-03,-3.73359955173334672e-03,-1.78068972273932317e-07,-1.78068967014975374e-07,-7.12275868059901498e-07,-8.90344840333833788e-07,-8.90344835074876846e-07
2.88907500000000006e+01,2.88907500000000006e+01,4.31330626258938699e-01,-3.73242853674327080e-03,-3.73242842656333488e-03,-1.77923785117628643e-07,-1.77923779865383087e-07,-7.11695119461532453e-07,-8.89618904579161096e-07,-8.89618899326915514e-07
2.88979999999999997e+01,2.88979999999999997e+01,4.31303570396177727e-01,-3.73125807254481856e-03,-3.73125796245568674e-03,-1.77778752723220785e-07,-1.77778747477936728e-07,-7.11114989911746806e-07,-8.88893742634967591e-07,-8.88893737389683560e-07
2.89052500000000023e+01,2.89052500000000023e+01,4.31276523016886792e-01,-3.73008826887044620e-03,-3.73008815887154385e-03,-1.77633874887258681e-07,-1.77633869648902401e-07,-7.10535478595609603e-07,-8.88169353482868311e-07,-8.88169348244511951e-07
2.89125000000000014e+01,2.89125000000000014e+01,4.31249484116279114e-01,-3.72891912518014124e-03,-3.72891901527262499e-03,-1.77489151406245684e-07,-1.77489146174865990e-07,-7.09956584699463961e-07,-8.87445736105709672e-07,-8.87445730874329899e-07
2.89197500000000005e+01,2.89197500000000005e+01,4.31222453689571683e-01,-3.72775064093744390e-03,-3.72775053112122052e-03,-1.77344582077145375e-07,-1.77344576852731469e-07,-7.09378307410925980e-07,-8.86722889488071329e-07,-8.86722884263657449e-07
2.89270000000000032e+01,2.89270000000000032e+01,4.31195431731985490e-01,-3.72658281560589444e-03,-3.72658270588019369e-03,-1.77200166697212187e-07,-1.77200161479721160e-07,-7.08800645918884427e-07,-8.86000812616096667e-07,-8.86000807398605587e-07
2.89342500000000022e+01,2.89342500000000022e+01,4.31168418238745355e-01,-3.72541564865258579e-03,-3.72541553901298067e-03,-1.77055905064159589e-07,-1.77055899853374708e-07,-7.08223599413498831e-07,-8.85279504477658394e-07,-8.85279499266873485e-07
2.89415000000000013e+01,2.89415000000000013e+01,4.31141413205080037e-01,-3.72424913953395276e-03,-3.72424902998358788e-03,-1.76911796975484214e-07,-1.76911791771548811e-07,-7.07647167086195245e-07,-8.84558964061679432e-07,-8.84558958857744056e-07
2.89487500000000004e+01,2.89487500000000004e+01,4.31114416626222130e-01,-3.72308328771708830e-03,-3.72308317825659251e-03,-1.76767842229478557e-07,-1.76767837032416298e-07,-7.07071348129665085e-07,-8.83839190359143642e-07,-8.83839185162081409e-07
2.89560000000000031e+01,2.89560000000000031e+01,4.31087428497408109e-01,-3.72191809267263807e-03,-3.72191798329714113e-03,-1.76624040624892250e-07,-1.76624035434465779e-07,-7.06496141737863117e-07,-8.83120182362755420e-07,-8.83120177172328949e-07
2.89632500000000022e+01,2.89632500000000022e+01,4.31060448813878394e-01,-3.72075355385348416e-03,-3.72075344457095062e-03,-1.76480391959920143e-07,-1.76480386776501228e-07,-7.05921547106004914e-07,-8.82401939065925057e-07,-8.82401933882506195e-07
2.89705000000000013e+01,2.89705000000000013e+01,4.31033477570877233e-01,-3.71958967073737767e-03,-3.71958956154430555e-03,-1.76336896034224809e-07,-1.76336890857641053e-07,-7.05347563430564212e-07,-8.81684459464789021e-07,-8.81684454288205291e-07
2.89777500000000003e+01,2.89777500000000003e+01,4.31006514763652704e-01,-3.71842644278430612e-03,-3.71842633368405688e-03,-1.76193552646913140e-07,-1.76193547477317671e-07,-7.04774189909270578e-07,-8.80967742556183745e-07,-8.80967737386588249e-07
2.89850000000000030e+01,2.89850000000000030e+01,4.30979560387456828e-01,-3.71726386947557330e-03,-3.71726376045762282e-03,-1.76050361598388918e-07,-1.76050356435276930e-07,-7.04201425741107719e-07,-8.80251787339496610e-07,-8.80251782176384622e-07
2.89922500000000021e+01,2.89922500000000021e+01,4.30952614437545345e-01,-3.71610195026050860e-03,-3.71610184133298839e-03,-1.75907322687827247e-07,-1.75907317531577840e-07,-7.03629270126311360e-07,-8.79536592814138607e-07,-8.79536587657889174e-07
2.89995000000000012e+01,2.89995000000000012e+01,4.30925676909178046e-01,-3.71494068462041582e-03,-3.71494057577870327e-03,-1.75764435716203204e-07,-1.75764430566591439e-07,-7.03057722266365861e-07,-8.78822157982569091e-07,-8.78822152832957326e-07
2.90067500000000003e+01,2.90067500000000003e+01,4.30898747797618387e-01,-3.71378007201883520e-03,-3.71377996326388137e-03,-1.75621700483935763e-07,-1.75621695341000656e-07,-7.02486781364002730e-07,-8.78108481847938493e-07,-8.78108476705003359e-07
2.90140000000000029e+01,2.90140000000000029e+01,4.30871827098133764e-01,-3.71262011191930696e-03,-3.71262000325820038e-03,-1.75479116791728952e-07,-1.75479111655799468e-07,-7.01916446623197979e-07,-8.77395563414926878e-07,-8.77395558278997448e-07
2.90212500000000020e+01,2.90212500000000020e+01,4.30844914805995516e-01,-3.71146080380668764e-03,-3.71146069523190306e-03,-1.75336684441578520e-07,-1.75336679312292846e-07,-7.01346717249171489e-07,-8.76683401690750010e-07,-8.76683396561464388e-07
2.90285000000000011e+01,2.90285000000000011e+01,4.30818010916478589e-01,-3.71030214714451745e-03,-3.71030203865579163e-03,-1.75194403234755770e-07,-1.75194398112095455e-07,-7.00777592448381714e-07,-8.75971995683137484e-07,-8.75971990560477142e-07
2.90357500000000002e+01,2.90357500000000002e+01,4.30791115424861926e-01,-3.70914414139633664e-03,-3.70914403300123038e-03,-1.75052272972815678e-07,-1.75052267857131552e-07,-7.00209071428526316e-07,-8.75261344401341967e-07,-8.75261339285657895e-07
2.90430000000000028e+01,2.90430000000000028e+01,4.30764228326428300e-01,-3.70798678605055443e-03,-3.70798667774014604e-03,-1.74910293458769535e-07,-1.74910288349634457e-07,-6.99641153398537932e-07,-8.74551446857307467e-07,-8.74551441748172336e-07
2.90502500000000019e+01,2.90502500000000019e+01,4.30737349616464205e-01,-3.70683008056715835e-03,-3.70682997234502440e-03,-1.74768464494569153e-07,-1.74768459392145858e-07,-6.99073837568583434e-07,-8.73842302063152587e-07,-8.73842296960729239e-07
2.90575000000000010e+01,2.90575000000000010e+01,4.30710479290260073e-01,-3.70567402442389948e-03,-3.70567391628891024e-03,-1.74626785883286017e-07,-1.74626780787515187e-07,-6.98507123150060746e-07,-8.73133909033346763e-07,-8.73133903937575906e-07
2.90647500000000001e+01,2.90647500000000001e+01,4.30683617343110059e-01,-3.70451861709142349e-03,-3.70451850904540778e-03,-1.74485257427937400e-07,-1.74485252338899184e-07,-6.97941009355596629e-07,-8.72426266783534055e-07,-8.72426261694495840e-07
2.90720000000000027e+01,2.90720000000000027e+01,4.30656763770312201e-01,-3.70336385804748147e-03,-3.70336375008867768e-03,-1.74343878932155917e-07,-1.74343873849761272e-07,-6.97375495399045194e-07,-8.71719374331201137e-07,-8.71719369248806519e-07
2.90792500000000018e+01,2.90792500000000018e+01,4.30629918567168368e-01,-3.70220974676627179e-03,-3.70220963889344090e-03,-1.74202650199686604e-07,-1.74202645123871260e-07,-6.96810580495485042e-07,-8.71013230695171619e-07,-8.71013225619356329e-07
2.90865000000000009e+01,2.90865000000000009e+01,4.30603081728984094e-01,-3.70105628272199283e-03,-3.70105617493497047e-03,-1.74061571034553987e-07,-1.74061565965304288e-07,-6.96246263861217044e-07,-8.70307834895771005e-07,-8.70307829826521279e-07
2.90937500000000000e+01,2.90937500000000000e+01,4.30576253251068908e-01,-3.69990346538529025e-03,-3.69990335768909931e-03,-1.73920641240894510e-07,-1.73920636178440635e-07,-6.95682544713762540e-07,-8.69603185954657077e-07,-8.69603180892203202e-07
2.91010000000000026e+01,2.91010000000000026e+01,4.30549433128735948e-01,-3.69875129424812599e-03,-3.69875118663221111e-03,-1.73779860624125222e-07,-1.73779855567965146e-07,-6.95119422271860586e-07,-8.68899282895985835e-07,-8.68899277839825732e-07
2.91082500000000017e+01,2.91082500000000017e+01,4.30522621357302349e-01,-3.69759976876338214e-03,-3.69759966124124902e-03,-1.73639228988104422e-07,-1.73639223938866670e-07,-6.94556895755466575e-07,-8.68196124743570970e-07,-8.68196119694333245e-07
2.91155000000000008e+01,2.91155000000000008e+01,4.30495817932088853e-01,-3.69644888843367880e-03,-3.69644878099370479e-03,-1.73498746139304536e-07,-1.73498741096437346e-07,-6.93994964385749170e-07,-8.67493710525053707e-07,-8.67493705482186516e-07
2.91227499999999999e+01,2.91227499999999999e+01,4.30469022848420091e-01,-3.69529865271189806e-03,-3.69529854536762570e-03,-1.73358411882139199e-07,-1.73358406846272206e-07,-6.93433627385088929e-07,-8.66792039267228128e-07,-8.66792034231361135e-07
2.91300000000000026e+01,2.91300000000000026e+01,4.30442236101624465e-01,-3.69414906110065999e-03,-3.69414895384161026e-03,-1.73218226023633181e-07,-1.73218220994268648e-07,-6.92872883977074593e-07,-8.66091110000707800e-07,-8.66091104971343267e-07
2.91372500000000016e+01,2.91372500000000016e+01,4.30415457687034098e-01,-3.69300011307061027e-03,-3.69300000589480861e-03,-1.73078188369586339e-07,-1.73078183346625878e-07,-6.92312733386503514e-07,-8.65390921756089880e-07,-8.65390916733129339e-07
2.91445000000000007e+01,2.91445000000000007e+01,4.30388687599984943e-01,-3.69185180809594726e-03,-3.69185170100692168e-03,-1.72938298726241052e-07,-1.72938293709844170e-07,-6.91753174839376785e-07,-8.64691473565617836e-07,-8.64691468549220955e-07
2.91517499999999998e+01,2.91517499999999998e+01,4.30361925835816672e-01,-3.69070414565797478e-03,-3.69070403865819942e-03,-1.72798556900448025e-07,-1.72798551890724651e-07,-6.91194207562898708e-07,-8.63992764463346733e-07,-8.63992759453623412e-07
2.91590000000000025e+01,2.91590000000000025e+01,4.30335172389872844e-01,-3.68955712524510204e-03,-3.68955701832944212e-03,-1.72658962699664625e-07,-1.72658957696368484e-07,-6.90635830785473938e-07,-8.63294793485138563e-07,-8.63294788481842422e-07
2.91662500000000016e+01,2.91662500000000016e+01,4.30308427257500625e-01,-3.68841074633508015e-03,-3.68841063950199784e-03,-1.72519515931123149e-07,-1.72519510934176526e-07,-6.90078043736706103e-07,-8.62597559667829304e-07,-8.62597554670882628e-07
2.91735000000000007e+01,2.91735000000000007e+01,4.30281690434051012e-01,-3.68726500840566018e-03,-3.68726490165776320e-03,-1.72380216402329508e-07,-1.72380211411848631e-07,-6.89520845647394419e-07,-8.61901062049723901e-07,-8.61901057059243051e-07
2.91807499999999997e+01,2.91807499999999997e+01,4.30254961914878775e-01,-3.68611991093104052e-03,-3.68611980427918044e-03,-1.72241063920897030e-07,-1.72241058937383132e-07,-6.88964235749532526e-07,-8.61205299670429503e-07,-8.61205294686915605e-07
2.91880000000000024e+01,2.91880000000000024e+01,4.30228241695342462e-01,-3.68497545342094668e-03,-3.68497534684923949e-03,-1.72102058296371495e-07,-1.72102053319076406e-07,-6.88408213276305626e-07,-8.60510271572677121e-07,-8.60510266595382032e-07
2.91952500000000015e+01,2.91952500000000015e+01,4.30201529770804170e-01,-3.68383163533891889e-03,-3.68383152885147546e-03,-1.71963199336412287e-07,-1.71963194365522383e-07,-6.87852777462089425e-07,-8.59815976798501712e-07,-8.59815971827611781e-07
2.92025000000000006e+01,2.92025000000000006e+01,4.30174826136630051e-01,-3.68268845616981366e-03,-3.68268834976996856e-03,-1.71824486849946641e-07,-1.71824481885611766e-07,-6.87297927542447064e-07,-8.59122414392393679e-07,-8.59122409428058830e-07
2.92097499999999997e+01,2.92097499999999997e+01,4.30148130788189698e-01,-3.68154591539848752e-03,-3.68154580908934244e-03,-1.71685920646172763e-07,-1.71685915688531618e-07,-6.86743662754126472e-07,-8.58429583400299262e-07,-8.58429578442658091e-07
2.92170000000000023e+01,2.92170000000000023e+01,4.30121443720856700e-01,-3.68040401252045513e-03,-3.68040390629476542e-03,-1.71547500535056057e-07,-1.71547495583764986e-07,-6.86189982335059943e-07,-8.57737482870115946e-07,-8.57737477918824875e-07
2.92242500000000014e+01,2.92242500000000014e+01,4.30094764930008144e-01,-3.67926274702057299e-03,-3.67926264087194794e-03,-1.71409226326334579e-07,-1.71409221381090133e-07,-6.85636885524360531e-07,-8.57046111850695084e-07,-8.57046106905450663e-07
2.92315000000000005e+01,2.92315000000000005e+01,4.30068094411024948e-01,-3.67812211836238134e-03,-3.67812201230714253e-03,-1.71271097829023392e-07,-1.71271092890580170e-07,-6.85084371562320680e-07,-8.56355469391344046e-07,-8.56355464452900877e-07
2.92387500000000031e+01,2.92387500000000031e+01,4.30041432159291859e-01,-3.67698212605915842e-03,-3.67698202008714297e-03,-1.71133114854723415e-07,-1.71133109922602341e-07,-6.84532439690409259e-07,-8.55665554545132727e-07,-8.55665549613011600e-07
2.92460000000000022e+01,2.92460000000000022e+01,4.30014778170197121e-01,-3.67584276958865530e-03,-3.67584266369928424e-03,-1.70995277213649346e-07,-1.70995272287817783e-07,-6.83981089151271343e-07,-8.54976366364920743e-07,-8.54976361439089153e-07
2.92532500000000013e+01,2.92532500000000013e+01,4.29988132439132864e-01,-3.67470404843572851e-03,-3.67470394263144130e-03,-1.70857584716615026e-07,-1.70857579797180759e-07,-6.83430319188723141e-07,-8.54287903905338115e-07,-8.54287898985903953e-07
2.92605000000000004e+01,2.92605000000000004e+01,4.29961494961494828e-01,-3.67356596208523456e-03,-3.67356585637202727e-03,-1.70720037174702198e-07,-1.70720032261938182e-07,-6.82880129047752623e-07,-8.53600166222454821e-07,-8.53600161309690832e-07
2.92677500000000030e+01,2.92677500000000030e+01,4.29934865732682581e-01,-3.67242851003979354e-03,-3.67242840440999523e-03,-1.70582634400085142e-07,-1.70582629493629034e-07,-6.82330517974516348e-07,-8.52913152374601463e-07,-8.52913147468145435e-07
2.92750000000000021e+01,2.92750000000000021e+01,4.29908244748099244e-01,-3.67129169178426196e-03,-3.67129158623483512e-03,-1.70445376204379047e-07,-1.70445371304084204e-07,-6.81781485216336815e-07,-8.52226861420715862e-07,-8.52226856520421045e-07
2.92822500000000012e+01,2.92822500000000012e+01,4.29881632003151715e-01,-3.67015550679994362e-03,-3.67015540133657512e-03,-1.70308262399300559e-07,-1.70308257505425352e-07,-6.81233030021701407e-07,-8.51541292421001939e-07,-8.51541287527126785e-07
2.92895000000000003e+01,2.92895000000000003e+01,4.29855027493250663e-01,-3.66901995457880048e-03,-3.66901984920577897e-03,-1.70171292797327303e-07,-1.70171287910064908e-07,-6.80685151640259634e-07,-8.50856444437586910e-07,-8.50856439550324542e-07
2.92967500000000030e+01,2.92967500000000030e+01,4.29828431213810314e-01,-3.66788503462345261e-03,-3.66788492933354604e-03,-1.70034467211696032e-07,-1.70034462330705228e-07,-6.80137849322820807e-07,-8.50172316534516838e-07,-8.50172311653526008e-07
2.93040000000000020e+01,2.93040000000000020e+01,4.29801843160248609e-01,-3.66675074642230925e-03,-3.66675064121151171e-03,-1.69897785455248807e-07,-1.69897780580338377e-07,-6.79591122321353401e-07,-8.49488907776602235e-07,-8.49488902901691831e-07
2.93112500000000011e+01,2.93112500000000011e+01,4.29775263327987211e-01,-3.66561708945667419e-03,-3.66561698433184521e-03,-1.69761247340763131e-07,-1.69761242472245311e-07,-6.79044969888981245e-07,-8.48806217229744376e-07,-8.48806212361226530e-07
2.93185000000000002e+01,2.93185000000000002e+01,4.29748691712451503e-01,-3.66448406321850939e-03,-3.66448395818724966e-03,-1.69624852681774600e-07,-1.69624847819995509e-07,-6.78499391279982038e-07,-8.48124243961756611e-07,-8.48124239099977547e-07
2.93257500000000029e+01,2.93257500000000029e+01,4.29722128309070472e-01,-3.66335166722464578e-03,-3.66335156227096028e-03,-1.69488601293232826e-07,-1.69488596437446387e-07,-6.77954385749785549e-07,-8.47442987043018374e-07,-8.47442982187231962e-07
2.93330000000000020e+01,2.93330000000000020e+01,4.29695573113276774e-01,-3.66221990094928174e-03,-3.66221979607674573e-03,-1.69352492988376784e-07,-1.69352488138742981e-07,-6.77409952554971924e-07,-8.46762445543348682e-07,-8.46762440693714905e-07
2.93402500000000011e+01,2.93402500000000011e+01,4.29669026120506725e-01,-3.66108876388437920e-03,-3.66108865909890594e-03,-1.69216527581530421e-07,-1.69216522738317101e-07,-6.76866090953268405e-07,-8.46082618534798799e-07,-8.46082613691585533e-07
2.93475000000000001e+01,2.93475000000000001e+01,4.29642487326200417e-01,-3.65995825553255827e-03,-3.65995815083227207e-03,-1.69080704887772362e-07,-1.69080700050887093e-07,-6.76322800203548373e-07,-8.45403505091320735e-07,-8.45403500254435440e-07
2.93547500000000028e+01,2.93547500000000028e+01,4.29615956725801496e-01,-3.65882837538933359e-03,-3.65882827077220439e-03,-1.68945024722113762e-07,-1.68945019891457150e-07,-6.75780079565828599e-07,-8.44725104287942334e-07,-8.44725099457285802e-07
2.93620000000000019e+01,2.93620000000000019e+01,4.29589434314757268e-01,-3.65769912295021982e-03,-3.65769901841459400e-03,-1.68809486899826846e-07,-1.68809482075317019e-07,-6.75237928301267972e-07,-8.44047415201094764e-07,-8.44047410376585044e-07
2.93692500000000010e+01,2.93692500000000010e+01,4.29562920088518763e-01,-3.65657049770362619e-03,-3.65657039325586065e-03,-1.68674091236116474e-07,-1.68674086418041186e-07,-6.74696345672164745e-07,-8.43370436908281219e-07,-8.43370432090205984e-07
2.93765000000000001e+01,2.93765000000000001e+01,4.29536414042540560e-01,-3.65544249915927821e-03,-3.65544239479295143e-03,-1.68538837547431242e-07,-1.68538832735488658e-07,-6.74155330941954632e-07,-8.42694168489385901e-07,-8.42694163677443290e-07
2.93837500000000027e+01,2.93837500000000027e+01,4.29509916172280959e-01,-3.65431512680203241e-03,-3.65431502252334126e-03,-1.68403725649331922e-07,-1.68403720843802172e-07,-6.73614883375208689e-07,-8.42018609024540664e-07,-8.42018604219010834e-07
2.93910000000000018e+01,2.93910000000000018e+01,4.29483426473201924e-01,-3.65318838014516700e-03,-3.65318827594503324e-03,-1.68268755358948920e-07,-1.68268750559408089e-07,-6.73075002237632358e-07,-8.41343757596581304e-07,-8.41343752797040421e-07
2.93982500000000009e+01,2.93982500000000009e+01,4.29456944940768859e-01,-3.65206225867353851e-03,-3.65206215455655394e-03,-1.68133926492361232e-07,-1.68133921699015389e-07,-6.72535686796061555e-07,-8.40669613288422814e-07,-8.40669608495076918e-07
2.94055000000000000e+01,2.94055000000000000e+01,4.29430471570451167e-01,-3.65093676188266159e-03,-3.65093665785695860e-03,-1.67999238866397719e-07,-1.67999234079615588e-07,-6.71996936318462350e-07,-8.39996175184860070e-07,-8.39996170398077938e-07
2.94127500000000026e+01,2.94127500000000026e+01,4.29404006357721524e-01,-3.64981188929291989e-03,-3.64981178534582373e-03,-1.67864692299289162e-07,-1.67864687518481868e-07,-6.71458750073927471e-07,-8.39323442373216659e-07,-8.39323437592409286e-07
2.94200000000000017e+01,2.94200000000000017e+01,4.29377549298056382e-01,-3.64868764038916993e-03,-3.64868753652325233e-03,-1.67730286607888533e-07,-1.67730281833168997e-07,-6.70921127332676095e-07,-8.38651413940564601e-07,-8.38651409165845065e-07
2.94272500000000008e+01,2.94272500000000008e+01,4.29351100386935858e-01,-3.64756401467047908e-03,-3.64756391088987128e-03,-1.67596021609959871e-07,-1.67596016841512508e-07,-6.70384067366050034e-07,-8.37980088976009852e-07,-8.37980084207562489e-07
2.94344999999999999e+01,2.94344999999999999e+01,4.29324659619843674e-01,-3.64644101163946743e-03,-3.64644090794682832e-03,-1.67461897123686892e-07,-1.67461892361628223e-07,-6.69847569446512891e-07,-8.37309466570199756e-07,-8.37309461808141140e-07
2.94417500000000025e+01,2.94417500000000025e+01,4.29298226992267051e-01,-3.64531863081296592e-03,-3.64531852719579335e-03,-1.67327912968161411e-07,-1.67327908211911800e-07,-6.69311632847647304e-07,-8.36639545815808715e-07,-8.36639541059559051e-07
2.94490000000000016e+01,2.94490000000000016e+01,4.29271802499696875e-01,-3.64419687167583106e-03,-3.64419676813895928e-03,-1.67194068961262318e-07,-1.67194064211038473e-07,-6.68776256844153996e-07,-8.35970325805416262e-07,-8.35970321055192495e-07
2.94562500000000007e+01,2.94562500000000007e+01,4.29245386137627749e-01,-3.64307573372713023e-03,-3.64307563027903855e-03,-1.67060364921776708e-07,-1.67060360177962070e-07,-6.68241440711848384e-07,-8.35301805633625066e-07,-8.35301800889810480e-07
2.94634999999999998e+01,2.94634999999999998e+01,4.29218977901557830e-01,-3.64195521648369436e-03,-3.64195511311926493e-03,-1.66926800669560631e-07,-1.66926795931914933e-07,-6.67707183727659734e-07,-8.34633984397220391e-07,-8.34633979659574641e-07
2.94707500000000024e+01,2.94707500000000024e+01,4.29192577786988716e-01,-3.64083531944814354e-03,-3.64083521616338822e-03,-1.66793376024072058e-07,-1.66793371292407075e-07,-6.67173485169628301e-07,-8.33966861193700386e-07,-8.33966856462035323e-07
2.94780000000000015e+01,2.94780000000000015e+01,4.29166185789425836e-01,-3.63971604211599242e-03,-3.63971593891568128e-03,-1.66660090804697334e-07,-1.66660086079226147e-07,-6.66640344316904695e-07,-8.33300435121602082e-07,-8.33300430396130842e-07
2.94852500000000006e+01,2.94852500000000006e+01,4.29139801904378004e-01,-3.63859738400407196e-03,-3.63859728088093215e-03,-1.66526944832052245e-07,-1.66526940112436543e-07,-6.66107760449746173e-07,-8.32634705281798418e-07,-8.32634700562182717e-07
2.94924999999999997e+01,2.94924999999999997e+01,4.29113426127357811e-01,-3.63747934460079136e-03,-3.63747924156444715e-03,-1.66393937925704160e-07,-1.66393933212378949e-07,-6.65575732849515797e-07,-8.31969670775219931e-07,-8.31969666061894720e-07
2.94997500000000024e+01,2.94997500000000024e+01,4.29087058453881287e-01,-3.63636192342653430e-03,-3.63636182047204866e-03,-1.66261069906936038e-07,-1.66261065199669998e-07,-6.65044260798680097e-07,-8.31305330705616189e-07,-8.31305325998350122e-07
2.95070000000000014e+01,2.95070000000000014e+01,4.29060698879468128e-01,-3.63524511998392086e-03,-3.63524501711007643e-03,-1.66128340596469676e-07,-1.66128335895201820e-07,-6.64513343580807279e-07,-8.30641684177276954e-07,-8.30641679476009045e-07
2.95142500000000005e+01,2.95142500000000005e+01,4.29034347399641525e-01,-3.63412893377912383e-03,-3.63412883098538416e-03,-1.65995749815440857e-07,-1.65995745120141328e-07,-6.63982980480565311e-07,-8.29978730296006169e-07,-8.29978725600706666e-07
2.95215000000000032e+01,2.95215000000000032e+01,4.29008004009928334e-01,-3.63301336431476329e-03,-3.63301326160534073e-03,-1.65863297385073989e-07,-1.65863292695929795e-07,-6.63453170783719180e-07,-8.29316468168793195e-07,-8.29316463479648975e-07
2.95287500000000023e+01,2.95287500000000023e+01,4.28981668705858965e-01,-3.63189841110056477e-03,-3.63189830847783024e-03,-1.65730983127168823e-07,-1.65730978444282694e-07,-6.62923913777130775e-07,-8.28654896904299651e-07,-8.28654892221413416e-07
2.95360000000000014e+01,2.95360000000000014e+01,4.28955341482967378e-01,-3.63078407365335920e-03,-3.63078397111124855e-03,-1.65598806864098872e-07,-1.65598802187188639e-07,-6.62395208748754557e-07,-8.27994015612853481e-07,-8.27994010935943169e-07
2.95432500000000005e+01,2.95432500000000005e+01,4.28929022336790977e-01,-3.62967035147576667e-03,-3.62967024901450410e-03,-1.65466768417838720e-07,-1.65466763746909308e-07,-6.61867054987637019e-07,-8.27333823405475713e-07,-8.27333818734546300e-07
2.95505000000000031e+01,2.95505000000000031e+01,4.28902711262870939e-01,-3.62855724408106539e-03,-3.62855714169701797e-03,-1.65334867611098205e-07,-1.65334862945978777e-07,-6.61339451783915002e-07,-8.26674319395013154e-07,-8.26674314729893752e-07
2.95577500000000022e+01,2.95577500000000022e+01,4.28876408256751829e-01,-3.62744475097187546e-03,-3.62744464866872297e-03,-1.65203104266350311e-07,-1.65203099607203313e-07,-6.60812398428813251e-07,-8.26015502695163563e-07,-8.26015498036016590e-07
2.95650000000000013e+01,2.95650000000000013e+01,4.28850113313981873e-01,-3.62633287165792240e-03,-3.62633276944006322e-03,-1.65071478206640169e-07,-1.65071473553660497e-07,-6.60285894214642093e-07,-8.25357372421282235e-07,-8.25357367768302616e-07
2.95722500000000004e+01,2.95722500000000004e+01,4.28823826430112798e-01,-3.62522160565603713e-03,-3.62522150352199111e-03,-1.64939989255584125e-07,-1.64939984608698987e-07,-6.59759938434795948e-07,-8.24699927690380099e-07,-8.24699923043494882e-07
2.95795000000000030e+01,2.95795000000000030e+01,4.28797547600699824e-01,-3.62411095248305060e-03,-3.62411085042596863e-03,-1.64808637237045383e-07,-1.64808632595937857e-07,-6.59234530383751535e-07,-8.24043167620796865e-07,-8.24043162979689366e-07
2.95867500000000021e+01,2.95867500000000021e+01,4.28771276821301783e-01,-3.62300091164158289e-03,-3.62300080966396904e-03,-1.64677421974487667e-07,-1.64677417339266491e-07,-6.58709669357066068e-07,-8.23387091331553788e-07,-8.23387086696332532e-07
2.95940000000000012e+01,2.95940000000000012e+01,4.28745014087481058e-01,-3.62189148264135952e-03,-3.62189138074847129e-03,-1.64546343291944910e-07,-1.64546338662843706e-07,-6.58185354651374928e-07,-8.22731697943319812e-07,-8.22731693314218581e-07
2.96012500000000003e+01,2.96012500000000003e+01,4.28718759394803473e-01,-3.62078266500276413e-03,-3.62078256319246219e-03,-1.64415401014181084e-07,-1.64415396391097307e-07,-6.57661585564389229e-07,-8.22076986578570287e-07,-8.22076981955486590e-07
2.96085000000000029e+01,2.96085000000000029e+01,4.28692512738838516e-01,-3.61967445823907497e-03,-3.61967435650943550e-03,-1.64284594965882841e-07,-1.64284590348723822e-07,-6.57138361394895287e-07,-8.21422956360778155e-07,-8.21422951743619135e-07
2.96157500000000020e+01,2.96157500000000020e+01,4.28666274115159007e-01,-3.61856686186357024e-03,-3.61856676021339151e-03,-1.64153924971982051e-07,-1.64153920360688020e-07,-6.56615681442752078e-07,-8.20769606414734129e-07,-8.20769601803440071e-07
2.96230000000000011e+01,2.96230000000000011e+01,4.28640043519341485e-01,-3.61745987538952818e-03,-3.61745977381883578e-03,-1.64023390857655267e-07,-1.64023386252222175e-07,-6.56093545008888700e-07,-8.20116935866543941e-07,-8.20116931261110928e-07
2.96302500000000002e+01,2.96302500000000002e+01,4.28613820946965873e-01,-3.61635349833022701e-03,-3.61635339684077822e-03,-1.63892992448323496e-07,-1.63892987848825854e-07,-6.55571951395303417e-07,-8.19464943843626966e-07,-8.19464939244129219e-07
2.96375000000000028e+01,2.96375000000000028e+01,4.28587606393615705e-01,-3.61524773020605039e-03,-3.61524762879473355e-03,-1.63762729569973663e-07,-1.63762724976265201e-07,-6.55050899905060803e-07,-8.18813629475034493e-07,-8.18813624881326004e-07
2.96447500000000019e+01,2.96447500000000019e+01,4.28561399854877956e-01,-3.61414257052672383e-03,-3.61414246919672041e-03,-1.63632602048353146e-07,-1.63632597460572856e-07,-6.54530389842291422e-07,-8.18162991890644516e-07,-8.18162987302864304e-07
2.96520000000000010e+01,2.96520000000000010e+01,4.28535201326343096e-01,-3.61303801881263098e-03,-3.61303791756325968e-03,-1.63502609709935307e-07,-1.63502605128047057e-07,-6.54010420512188124e-07,-8.17513030222123431e-07,-8.17513025640235181e-07
2.96592500000000001e+01,2.96592500000000001e+01,4.28509010803605206e-01,-3.61193407458060278e-03,-3.61193397341137441e-03,-1.63372752381274878e-07,-1.63372747805251352e-07,-6.53490991221005407e-07,-8.16863743602280285e-07,-8.16863739026256785e-07
2.96665000000000028e+01,2.96665000000000028e+01,4.28482828282261696e-01,-3.61083073734747018e-03,-3.61083063625858855e-03,-1.63243029889168787e-07,-1.63243025319014035e-07,-6.52972101276056138e-07,-8.16215131165224952e-07,-8.16215126595070226e-07
2.96737500000000018e+01,2.96737500000000018e+01,4.28456653757913697e-01,-3.60972800662651139e-03,-3.60972790562293002e-03,-1.63113442060495465e-07,-1.63113437496428100e-07,-6.52453749985712401e-07,-8.15567192046207839e-07,-8.15567187482140527e-07
2.96810000000000009e+01,2.96810000000000009e+01,4.28430487226165613e-01,-3.60862588194876821e-03,-3.60862578102292371e-03,-1.62983988723177072e-07,-1.62983984164850102e-07,-6.51935936659400301e-07,-8.14919925382577346e-07,-8.14919920824250377e-07
2.96882500000000000e+01,2.96882500000000000e+01,4.28404328682625457e-01,-3.60752436282396616e-03,-3.60752426197759584e-03,-1.62854669704413300e-07,-1.62854665151900100e-07,-6.51418660607600505e-07,-8.14273330312013805e-07,-8.14273325759500658e-07
2.96955000000000027e+01,2.96955000000000027e+01,4.28378178122904629e-01,-3.60642344877604160e-03,-3.60642334800647052e-03,-1.62725484832286426e-07,-1.62725480285461158e-07,-6.50901921141844527e-07,-8.13627405974131006e-07,-8.13627401427305685e-07
2.97027500000000018e+01,2.97027500000000018e+01,4.28352035542618248e-01,-3.60532313931472004e-03,-3.60532303862957319e-03,-1.62596433934477417e-07,-1.62596429393678921e-07,-6.50385717574715789e-07,-8.12982151509193259e-07,-8.12982146968394684e-07
2.97100000000000009e+01,2.97100000000000009e+01,4.28325900937384596e-01,-3.60422343397459599e-03,-3.60422333336742323e-03,-1.62467516840028740e-07,-1.62467512304960951e-07,-6.49870049219843802e-07,-8.12337566059872569e-07,-8.12337561524804700e-07
2.97172499999999999e+01,2.97172499999999999e+01,4.28299774302825620e-01,-3.60312433226539497e-03,-3.60312423174103964e-03,-1.62338733377100305e-07,-1.62338728847976384e-07,-6.49354915391905432e-07,-8.11693648769005790e-07,-8.11693644239881869e-07
2.97245000000000026e+01,2.97245000000000026e+01,4.28273655634566708e-01,-3.60202583372171148e-03,-3.60202573327193624e-03,-1.62210083375211672e-07,-1.62210078851655431e-07,-6.48840315406621723e-07,-8.11050398781833447e-07,-8.11050394258277180e-07
2.97317500000000017e+01,2.97317500000000017e+01,4.28247544928236690e-01,-3.60092793784971832e-03,-3.60092783748212474e-03,-1.62081566662840414e-07,-1.62081562145189105e-07,-6.48326248580756524e-07,-8.10407815243596912e-07,-8.10407810725945629e-07
2.97390000000000008e+01,2.97390000000000008e+01,4.28221442179467893e-01,-3.59983064418045728e-03,-3.59983054389411122e-03,-1.61953183069822114e-07,-1.61953178558028487e-07,-6.47812714232114053e-07,-8.09765897301936140e-07,-8.09765892790142514e-07
2.97462499999999999e+01,2.97462499999999999e+01,4.28195347383896086e-01,-3.59873395223786474e-03,-3.59873385203089528e-03,-1.61824932425909633e-07,-1.61824927919884380e-07,-6.47299711679537625e-07,-8.09124644105447284e-07,-8.09124639599422057e-07
2.97535000000000025e+01,2.97535000000000025e+01,4.28169260537160423e-01,-3.59763786154587706e-03,-3.59763776141597096e-03,-1.61696814561092791e-07,-1.61696810060726857e-07,-6.46787240242907533e-07,-8.08484054804000324e-07,-8.08484050303634337e-07
2.97607500000000016e+01,2.97607500000000016e+01,4.28143181634903669e-01,-3.59654237162487789e-03,-3.59654227157332751e-03,-1.61568829305438411e-07,-1.61568824810784893e-07,-6.46275299243139571e-07,-8.07844128548578035e-07,-8.07844124053924437e-07
2.97680000000000007e+01,2.97680000000000007e+01,4.28117110672771917e-01,-3.59544748199880360e-03,-3.59544738202744471e-03,-1.61440976489409432e-07,-1.61440972000545701e-07,-6.45763888002182912e-07,-8.07204864491592343e-07,-8.07204860002728640e-07
2.97752499999999998e+01,2.97752499999999998e+01,4.28091047646414702e-01,-3.59435319219869598e-03,-3.59435309230329457e-03,-1.61313255944023522e-07,-1.61313251460754471e-07,-6.45253005843017885e-07,-8.06566261787041354e-07,-8.06566257303772409e-07
2.97825000000000024e+01,2.97825000000000024e+01,4.28064992551485057e-01,-3.59325950173783326e-03,-3.59325940192634129e-03,-1.61185667499736265e-07,-1.61185663022413650e-07,-6.44742652089654599e-07,-8.05928319589390838e-07,-8.05928315112068276e-07
2.97897500000000015e+01,2.97897500000000015e+01,4.28038945383639513e-01,-3.59216641015436267e-03,-3.59216631042254047e-03,-1.61058210988354577e-07,-1.61058206516783078e-07,-6.44232826067132311e-07,-8.05291037055486941e-07,-8.05291032583915415e-07
2.97970000000000006e+01,2.97970000000000006e+01,4.28012906138537819e-01,-3.59107391697577327e-03,-3.59107381731833602e-03,-1.60930886241440955e-07,-1.60930881775378690e-07,-6.43723527101514654e-07,-8.04654413342955609e-07,-8.04654408876893292e-07
2.98042499999999997e+01,2.98042499999999997e+01,4.27986874811843387e-01,-3.58998202171889602e-03,-3.58998192214066278e-03,-1.60803693090314716e-07,-1.60803688629972703e-07,-6.43214754519890917e-07,-8.04018447610205659e-07,-8.04018443149863566e-07
2.98115000000000023e+01,2.98115000000000023e+01,4.27960851399222908e-01,-3.58889072391832542e-03,-3.58889062441694389e-03,-1.60676631367325064e-07,-1.60676626912592950e-07,-6.42706507650371800e-07,-8.03383139017696890e-07,-8.03383134562964803e-07
2.98187500000000014e+01,2.98187500000000014e+01,4.27934835896346621e-01,-3.58780002309089241e-03,-3.58779992367509216e-03,-1.60549700904259038e-07,-1.60549696455522514e-07,-6.42198785822090057e-07,-8.02748486726349042e-07,-8.02748482277612571e-07
2.98260000000000005e+01,2.98260000000000005e+01,4.27908828298888100e-01,-3.58670991877829692e-03,-3.58670981944350653e-03,-1.60422901534249797e-07,-1.60422897091299117e-07,-6.41691588365196363e-07,-8.02114489899446134e-07,-8.02114485456495534e-07
2.98332500000000032e+01,2.98332500000000032e+01,4.27882828602524301e-01,-3.58562041051158076e-03,-3.58562031125107252e-03,-1.60296233090185391e-07,-1.60296228652714670e-07,-6.41184914610858787e-07,-8.01481147701044151e-07,-8.01481143263573431e-07
2.98405000000000022e+01,2.98405000000000022e+01,4.27856836802935681e-01,-3.58453149781468028e-03,-3.58453139862716487e-03,-1.60169695404868318e-07,-1.60169690972815167e-07,-6.40678763891260670e-07,-8.00848459296129015e-07,-8.00848454864075811e-07
2.98477500000000013e+01,2.98477500000000013e+01,4.27830852895806024e-01,-3.58344318020797914e-03,-3.58344308110164099e-03,-1.60043288311174611e-07,-1.60043283884899813e-07,-6.40173135539599253e-07,-8.00216423850773811e-07,-8.00216419424499066e-07
2.98550000000000004e+01,2.98550000000000004e+01,4.27804876876822671e-01,-3.58235545722962456e-03,-3.58235535820484573e-03,-1.59917011643005291e-07,-1.59917007222520810e-07,-6.39668028890083241e-07,-7.99585040533088532e-07,-7.99585036112603999e-07
2.98622500000000031e+01,2.98622500000000031e+01,4.27778908741676178e-01,-3.58126832841776377e-03,-3.58126822946760667e-03,-1.59790865234491534e-07,-1.59790860819482724e-07,-6.39163443277930895e-07,-7.98954308512422482e-07,-7.98954304097413593e-07
2.98695000000000022e+01,2.98695000000000022e+01,4.27752948486060602e-01,-3.58018179329278041e-03,-3.58018169442123708e-03,-1.59664848919202323e-07,-1.59664844509842429e-07,-6.38659378039369717e-07,-7.98324226958571988e-07,-7.98324222549212173e-07
2.98767500000000013e+01,2.98767500000000013e+01,4.27726996105673440e-01,-3.57909585138926900e-03,-3.57909575259753336e-03,-1.59538962531570989e-07,-1.59538958127908238e-07,-6.38155832511633059e-07,-7.97694795043204048e-07,-7.97694790639541271e-07
2.98840000000000003e+01,2.98840000000000003e+01,4.27701051596215465e-01,-3.57801050224182404e-03,-3.57801040352877329e-03,-1.59413205906260272e-07,-1.59413201508239661e-07,-6.37652806032958750e-07,-7.97066011939219049e-07,-7.97066007541198358e-07
2.98912500000000030e+01,2.98912500000000030e+01,4.27675114953390945e-01,-3.57692574538504005e-03,-3.57692564674771821e-03,-1.59287578878161958e-07,-1.59287574485646903e-07,-6.37150297942587505e-07,-7.96437876820749490e-07,-7.96437872428234407e-07
2.98985000000000021e+01,2.98985000000000021e+01,4.27649186172907425e-01,-3.57584158034995880e-03,-3.57584148178760955e-03,-1.59162081282238481e-07,-1.59162076895190467e-07,-6.36648307580761867e-07,-7.95810388863000321e-07,-7.95810384475952307e-07
2.99057500000000012e+01,2.99057500000000012e+01,4.27623265250475892e-01,-3.57475800666762211e-03,-3.57475790818217141e-03,-1.59036712953680838e-07,-1.59036708572180811e-07,-6.36146834288723031e-07,-7.95183547242403842e-07,-7.95183542860903788e-07
2.99130000000000003e+01,2.99130000000000003e+01,4.27597352181810775e-01,-3.57367502386551905e-03,-3.57367492546560670e-03,-1.58911473727750361e-07,-1.58911469352177605e-07,-6.35645877408710315e-07,-7.94557351136460676e-07,-7.94557346760887946e-07
2.99202500000000029e+01,2.99202500000000029e+01,4.27571446962629775e-01,-3.57259263150311313e-03,-3.57259253317259839e-03,-1.58786363441357657e-07,-1.58786359070989549e-07,-6.35145436283958194e-07,-7.93931799725315878e-07,-7.93931795354947743e-07
2.99275000000000020e+01,2.99275000000000020e+01,4.27545549588654039e-01,-3.57151082908657713e-03,-3.57151073083830954e-03,-1.58661381929271190e-07,-1.58661377564674076e-07,-6.34645510258696197e-07,-7.93306892187967414e-07,-7.93306887823370220e-07
2.99347500000000011e+01,2.99347500000000011e+01,4.27519660055608042e-01,-3.57042961617182186e-03,-3.57042951799837983e-03,-1.58536529028697209e-07,-1.58536524669536431e-07,-6.34146098678145726e-07,-7.92682627706842882e-07,-7.92682623347682157e-07
2.99420000000000002e+01,2.99420000000000002e+01,4.27493778359219589e-01,-3.56934899228278368e-03,-3.56934889418892860e-03,-1.58411804575647515e-07,-1.58411800222129644e-07,-6.33647200888518577e-07,-7.92059005464166065e-07,-7.92059001110648168e-07
2.99492500000000028e+01,2.99492500000000028e+01,4.27467904495219930e-01,-3.56826895696826796e-03,-3.56826885894655048e-03,-1.58287208407464279e-07,-1.58287204059253917e-07,-6.33148816237015669e-07,-7.91436024644479922e-07,-7.91436020296269639e-07
2.99565000000000019e+01,2.99565000000000019e+01,4.27442038459343587e-01,-3.56718950974865834e-03,-3.56718941180831847e-03,-1.58162740360454177e-07,-1.58162736017956391e-07,-6.32650944071825562e-07,-7.90813684432279766e-07,-7.90813680089781979e-07
2.99637500000000010e+01,2.99637500000000010e+01,4.27416180247328581e-01,-3.56611065017631290e-03,-3.56611055231178132e-03,-1.58038400272567470e-07,-1.58038395935530426e-07,-6.32153583742121703e-07,-7.90191984014689147e-07,-7.90191979677652076e-07
2.99710000000000001e+01,2.99710000000000001e+01,4.27390329854916040e-01,-3.56503237778227344e-03,-3.56503227999496221e-03,-1.57914187981033808e-07,-1.57914183649515262e-07,-6.31656734598061050e-07,-7.89570922579094832e-07,-7.89570918247576286e-07
2.99782500000000027e+01,2.99782500000000027e+01,4.27364487277850702e-01,-3.56395469210823990e-03,-3.56395459439635964e-03,-1.57790103323779815e-07,-1.57790098997695727e-07,-6.31160395990782907e-07,-7.88950499314562722e-07,-7.88950494988478634e-07
2.99855000000000018e+01,2.99855000000000018e+01,4.27338652511880523e-01,-3.56287759268880677e-03,-3.56287749505494744e-03,-1.57666146138641563e-07,-1.57666141818101808e-07,-6.30664567272407232e-07,-7.88330713411048848e-07,-7.88330709090509014e-07
2.99927500000000009e+01,2.99927500000000009e+01,4.27312825552756737e-01,-3.56180107906567400e-03,-3.56180098151017083e-03,-1.57542316263993359e-07,-1.57542311949007891e-07,-6.30169247796031564e-07,-7.87711564060024897e-07,-7.87711559745039481e-07
3.00000000000000000e+01,3.00000000000000000e+01,4.27287006396234070e-01,-3.56072485823233364e-03,-3.56072505330195079e-03,-1.57418600604962280e-07,-1.57418609228932782e-07,-6.29674436915731023e-07,-7.87093037520693276e-07,-7.87093046144663831e-07
