x,r,b,b_prime_fd,b_prime_exact,rho_fd,rho_exact,p_radial,nec_fd,nec_exact
1.00000000000000000e+00,1.00000000000000000e+00,1.00000000000000000e+00,-4.99967764258727243e-01,-5.00000000000000000e-01,-1.98930852670949690e-02,-1.98943678864869182e-02,-3.97887357729738364e-02,-5.96818210400688054e-02,-5.96831036594607511e-02
1.00724999999999998e+00,1.00724999999999998e+00,9.96394592601146711e-01,-4.94627380252524063e-01,-4.94611363912209834e-01,-1.93983031203924794e-02,-1.93976749913468589e-02,-3.87953499826937248e-02,-5.81936531030862042e-02,-5.81930249740405803e-02
1.01449999999999996e+00,1.01449999999999996e+00,9.92827902986338495e-01,-4.89334447771412329e-01,-4.89318828480206303e-01,-1.89174165793537241e-02,-1.89168127456367935e-02,-3.78336254912735939e-02,-5.67510420706273180e-02,-5.67504382369103874e-02
1.02174999999999994e+00,1.02174999999999994e+00,9.89299243108461290e-01,-4.84135246116522922e-01,-4.84120011308275700e-01,-1.84517494541330575e-02,-1.84511688129444344e-02,-3.69023376258888688e-02,-5.53540870800219298e-02,-5.53535064388332998e-02
1.02899999999999991e+00,1.02899999999999991e+00,9.85807941917648867e-01,-4.79027467810908547e-01,-4.79012605402161784e-01,-1.80007171470739913e-02,-1.80001586529709330e-02,-3.60003173059418660e-02,-5.40010344530158573e-02,-5.40004759589128025e-02
1.03624999999999989e+00,1.03624999999999989e+00,9.82353344825203090e-01,-4.74008877904495307e-01,-4.73994376272715678e-01,-1.75637614142213593e-02,-1.75632240757609033e-02,-3.51264481515218135e-02,-5.26902095657431763e-02,-5.26896722272827134e-02
1.04350000000000009e+00,1.04350000000000009e+00,9.78934813188033548e-01,-4.69077311207200864e-01,-4.69063159170116650e-01,-1.71403490039719990e-02,-1.71398318805704927e-02,-3.42796637611409924e-02,-5.14200127651129879e-02,-5.14194956417114851e-02
1.05075000000000007e+00,1.05075000000000007e+00,9.75551723812698723e-01,-4.64230669645800731e-01,-4.64216856441921788e-01,-1.67299703748741112e-02,-1.67294725738739020e-02,-3.34589451477478039e-02,-5.01889155226219186e-02,-5.01884177216217059e-02
1.05800000000000005e+00,1.05800000000000005e+00,9.72203468478169408e-01,-4.59466919738659385e-01,-4.59453435008586653e-01,-1.63321384874836918e-02,-1.63316591614004573e-02,-3.26633183228009077e-02,-4.89954568102845961e-02,-4.89949774842013686e-02
1.06525000000000003e+00,1.06525000000000003e+00,9.68889453476488027e-01,-4.54784090181675538e-01,-4.54770923950475470e-01,-1.59463876655071765e-02,-1.59459260094568823e-02,-3.18918520189137647e-02,-4.78382396844209412e-02,-4.78377780283706505e-02
1.07250000000000001e+00,1.07250000000000001e+00,9.65609099170535168e-01,-4.50180269540197742e-01,-4.50167412200715711e-01,-1.55722725218324781e-02,-1.55718277711228929e-02,-3.11436555422457823e-02,-4.67159280640782604e-02,-4.67154833133686734e-02
1.07974999999999999e+00,1.07974999999999999e+00,9.62361839568155353e-01,-4.45653604041638118e-01,-4.45641046338576208e-01,-1.52093669453457619e-02,-1.52089383732168099e-02,-3.04178767464336232e-02,-4.56272436917793817e-02,-4.56268151196504296e-02
1.08699999999999997e+00,1.08699999999999997e+00,9.59147121911931300e-01,-4.41202295463654082e-01,-4.41190028478349261e-01,-1.48572631447108604e-02,-1.48568500602130234e-02,-2.97137001204260467e-02,-4.45709632651369037e-02,-4.45705501806390736e-02
1.09424999999999994e+00,1.09424999999999994e+00,9.55964406283932311e-01,-4.36824599112867418e-01,-4.36812614248998088e-01,-1.45155707455458544e-02,-1.45151724915562105e-02,-2.90303449831124244e-02,-4.35459157286582771e-02,-4.35455174746686366e-02
1.10149999999999992e+00,1.10149999999999992e+00,9.52813165224794867e-01,-4.32518821890170102e-01,-4.32507110860097577e-01,-1.41839159377030004e-02,-1.41835318890612180e-02,-2.83670637781224359e-02,-4.25509797158254363e-02,-4.25505956671836522e-02
1.10874999999999990e+00,1.10874999999999990e+00,9.49692883366524798e-01,-4.28283320438183068e-01,-4.28271875249842116e-01,-1.38619406695580562e-02,-1.38615702313127104e-02,-2.77231404626254244e-02,-4.15850811321834823e-02,-4.15847106939381331e-02
1.11600000000000010e+00,1.11600000000000010e+00,9.46603057078441279e-01,-4.24116499366505195e-01,-4.24105312311129579e-01,-1.35493018864195087e-02,-1.35489444921876624e-02,-2.70978889843753283e-02,-4.06471908707948387e-02,-4.06468334765629907e-02
1.12325000000000008e+00,1.12325000000000008e+00,9.43543194125710416e-01,-4.20016809551682968e-01,-4.20005873191947654e-01,-1.32456708103968115e-02,-1.32453259208171002e-02,-2.64906518416342003e-02,-3.97363226520310100e-02,-3.97359777624513022e-02
1.13050000000000006e+00,1.13050000000000006e+00,9.40512813339941744e-01,-4.15982746507708612e-01,-4.15972053666493424e-01,-1.29507322592021367e-02,-1.29503993604825843e-02,-2.59007987209651687e-02,-3.88515309801673037e-02,-3.88511980814477548e-02
1.13775000000000004e+00,1.13775000000000004e+00,9.37511444301348695e-01,-4.12012848823877675e-01,-4.12002392573653564e-01,-1.26641840015542829e-02,-1.26638626041095607e-02,-2.53277252082191248e-02,-3.79919092097734112e-02,-3.79915878123286838e-02
1.14500000000000002e+00,1.14500000000000002e+00,9.34538627031995528e-01,-4.08105696667078632e-01,-4.08095470319648712e-01,-1.23857361470084849e-02,-1.23854257841734434e-02,-2.47708515683468904e-02,-3.71565877153553770e-02,-3.71562773525203338e-02
1.15225000000000000e+00,1.15225000000000000e+00,9.31593911699675981e-01,-4.04259910345032836e-01,-4.04249907441820766e-01,-1.21151105681566295e-02,-1.21148107949777522e-02,-2.42296215899555044e-02,-3.63447321581121321e-02,-3.63444323849332548e-02
1.15949999999999998e+00,1.15949999999999998e+00,9.28676858331992650e-01,-4.00474148927848717e-01,-4.00464363230699727e-01,-1.18520403532970282e-02,-1.18517507453964801e-02,-2.37035014907929636e-02,-3.55555418440899884e-02,-3.55552522361894455e-02
1.16674999999999995e+00,1.16674999999999995e+00,9.25787036540222208e-01,-3.96747108925353587e-01,-3.96737534407637538e-01,-1.15962692877942045e-02,-1.15959894402962952e-02,-2.31919788805925869e-02,-3.47882481683867914e-02,-3.47879683208888804e-02
1.17399999999999993e+00,1.17399999999999993e+00,9.22924025252574998e-01,-3.93077523017232977e-01,-3.93068153855440805e-01,-1.13475513624468009e-02,-1.13472808889690923e-02,-2.26945617779381846e-02,-3.40421131403849872e-02,-3.40418426669072752e-02
1.18124999999999991e+00,1.18124999999999991e+00,9.20087412456472298e-01,-3.89464158833867202e-01,-3.89454989399565021e-01,-1.11056503073104617e-02,-1.11053888390121192e-02,-2.22107776780242384e-02,-3.33164279853346984e-02,-3.33161665170363594e-02
1.18849999999999989e+00,1.18849999999999989e+00,9.17276794949483998e-01,-3.85905817785392458e-01,-3.85896842637561688e-01,-1.08703391495071147e-02,-1.08700863341922339e-02,-2.17401726683844679e-02,-3.26105118178915826e-02,-3.26102590025767053e-02
1.19575000000000009e+00,1.19575000000000009e+00,9.14491778098584063e-01,-3.82401333936890353e-01,-3.82392547814586647e-01,-1.06413997936521797e-02,-1.06411552949232987e-02,-2.12823105898466008e-02,-3.19237103834987823e-02,-3.19234658847699013e-02
1.20300000000000007e+00,1.20300000000000007e+00,9.11731975607399048e-01,-3.78949572927545830e-01,-3.78940970742892347e-01,-1.04186226236123447e-02,-1.04183861200719107e-02,-2.08367722401438214e-02,-3.12553948637561696e-02,-3.12551583602157304e-02
1.21025000000000005e+00,1.21025000000000005e+00,9.08997009291134694e-01,-3.75549430931833683e-01,-3.75541007763327661e-01,-1.02018061243899158e-02,-1.02015773088866193e-02,-2.04031546177732420e-02,-3.06049607421631578e-02,-3.06047319266598630e-02
1.21750000000000003e+00,1.21750000000000003e+00,9.06286508858887507e-01,-3.72199833660822321e-01,-3.72191584746976389e-01,-9.99075652300276777e-03,-9.99053510192096997e-03,-1.99810702038419434e-02,-2.99718267268447094e-02,-2.99716053057629134e-02
1.22475000000000001e+00,1.22475000000000001e+00,9.03600111703052766e-01,-3.68899735401967632e-01,-3.68891656135151180e-01,-9.78528744730352944e-03,-9.78507313988995556e-03,-1.95701462797799111e-02,-2.93554337270834423e-02,-2.93552194196698667e-02
1.23199999999999998e+00,1.23199999999999998e+00,9.00937462695558966e-01,-3.65648118095421637e-01,-3.65640204016054793e-01,-9.58521960173502538e-03,-9.58501213946481856e-03,-1.91700242789296406e-02,-2.87552438806646660e-02,-2.87550364183944591e-02
1.23924999999999996e+00,1.23924999999999996e+00,8.98298213990669114e-01,-3.62443990445555642e-01,-3.62436237236501591e-01,-9.39038045909558819e-03,-9.39017958507169619e-03,-1.87803591701433924e-02,-2.81707396292389806e-02,-2.81705387552150868e-02
1.24649999999999994e+00,1.24649999999999994e+00,8.95682024834098423e-01,-3.59286387065935742e-01,-3.59278790547171489e-01,-9.20060396742997458e-03,-9.20040943581620571e-03,-1.84008188716324114e-02,-2.76014228390623860e-02,-2.76012283074486171e-02
1.25375000000000014e+00,1.25375000000000014e+00,8.93088561378212908e-01,-3.56174367656464597e-01,-3.56166923779945299e-01,-9.01573027122523456e-03,-9.01554184670914222e-03,-1.80310836934182810e-02,-2.70468139646435138e-02,-2.70466255401274232e-02
1.26100000000000012e+00,1.26100000000000012e+00,8.90517496503079653e-01,-3.53107016211161806e-01,-3.53099721055939564e-01,-8.83560544613215017e-03,-8.83542290341775283e-03,-1.76708458068355057e-02,-2.65064512529676541e-02,-2.65062687102532585e-02
1.26825000000000010e+00,1.26825000000000010e+00,8.87968509643151105e-01,-3.50083440255403389e-01,-3.50076290022925674e-01,-8.66008124648628454e-03,-8.65990436981327501e-03,-1.73198087396265500e-02,-2.59798899861128363e-02,-2.59797131094398268e-02
1.27550000000000008e+00,1.27550000000000008e+00,8.85441286619376267e-01,-3.47102770111277437e-01,-3.47095761120884416e-01,-8.48901486494018157e-03,-8.48884344762877371e-03,-1.69776868952575474e-02,-2.54667017601977290e-02,-2.54665303428863211e-02
1.28275000000000006e+00,1.28275000000000006e+00,8.82935519476537589e-01,-3.44164158189833813e-01,-3.44157286874503032e-01,-8.32226870356025938e-03,-8.32210254758158213e-03,-1.66442050951631677e-02,-2.49664737987234271e-02,-2.49663076427447499e-02
1.29000000000000004e+00,1.29000000000000004e+00,8.80450906325623728e-01,-3.41266778309268659e-01,-3.41260041211482068e-01,-8.15971015578482485e-03,-8.15954907135257521e-03,-1.63190981427051504e-02,-2.44788082984899735e-02,-2.44786472140577256e-02
1.29725000000000001e+00,1.29725000000000001e+00,8.77987151191053194e-01,-3.38409825037842893e-01,-3.38403218805570727e-01,-8.00121139866763822e-03,-8.00105520384985364e-03,-1.60021104076997038e-02,-2.40033218063673420e-02,-2.40031656115495574e-02
1.30449999999999999e+00,1.30449999999999999e+00,8.75543963862575048e-01,-3.35592513060312569e-01,-3.35586034443302039e-01,-7.84664919486328591e-03,-7.84649771521767070e-03,-1.56929954304353414e-02,-2.35396446252986273e-02,-2.35394931456530121e-02
1.31174999999999997e+00,1.31174999999999997e+00,8.73121059751678641e-01,-3.32814076567316874e-01,-3.32807722413447193e-01,-7.69590470385637156e-03,-7.69575777208245451e-03,-1.53915155441649073e-02,-2.30874202480212780e-02,-2.30872733162473601e-02
1.31899999999999995e+00,1.31899999999999995e+00,8.70718159752348897e-01,-3.30073768666466094e-01,-3.30067535918252053e-01,-7.54886330194763037e-03,-7.54872075755686107e-03,-1.50974415151137221e-02,-2.26463048170613516e-02,-2.26461622726705850e-02
1.32624999999999993e+00,1.32624999999999993e+00,8.68334990106014892e-01,-3.27370860814326647e-01,-3.27364746505566406e-01,-7.40541441054740329e-03,-7.40527609955023321e-03,-1.48105521991004664e-02,-2.22159666096478706e-02,-2.22158282986507014e-02
1.33349999999999991e+00,1.33349999999999991e+00,8.65971282270541209e-01,-3.24704642268415000e-01,-3.24698643521012853e-01,-7.26545133234946135e-03,-7.26531710695926987e-03,-1.45306342139185415e-02,-2.17960855462680028e-02,-2.17959513208778113e-02
1.34074999999999989e+00,1.34074999999999989e+00,8.63626772793122943e-01,-3.22074419558482816e-01,-3.22068533579385807e-01,-7.12887109498523165e-03,-7.12874081333694700e-03,-1.42574816266738923e-02,-2.13863527216591257e-02,-2.13862224400108401e-02
1.34800000000000009e+00,1.34800000000000009e+00,8.61301203186943143e-01,-3.19479515976311745e-01,-3.19473740054504129e-01,-6.99557430177856574e-03,-6.99544782766005173e-03,-1.39908956553201035e-02,-2.09864699570986683e-02,-2.09863434829801535e-02
1.35525000000000007e+00,1.35525000000000007e+00,8.58994319811466345e-01,-3.16919271083065723e-01,-3.16913602586779697e-01,-6.86546498923805426e-03,-6.86534219183712515e-03,-1.37306843836742503e-02,-2.05961493729123063e-02,-2.05960265755113746e-02
1.36250000000000004e+00,1.36250000000000004e+00,8.56705873756238634e-01,-3.14393040233824195e-01,-3.14387476607793981e-01,-6.73845049095561036e-03,-6.73833124461820088e-03,-1.34766624892364018e-02,-2.02151129801920112e-02,-2.02149937338546026e-02
1.36975000000000002e+00,1.36975000000000002e+00,8.54435620728075995e-01,-3.11900194118344132e-01,-3.11894732881210446e-01,-6.61444130758546359e-03,-6.61432549158672781e-03,-1.32286509831734556e-02,-1.98430922907589201e-02,-1.98429764747601843e-02
1.37700000000000000e+00,1.37700000000000000e+00,8.52183320941522715e-01,-3.09440118317596102e-01,-3.09434757059376453e-01,-6.49335098260539912e-03,-6.49323848093135043e-03,-1.29864769618627009e-02,-1.94798279444680991e-02,-1.94797154427940530e-02
1.38424999999999998e+00,1.38424999999999998e+00,8.49948739012470811e-01,-3.07012212875314106e-01,-3.07006949255001216e-01,-6.37509598357139957e-03,-6.37498668471191306e-03,-1.27499733694238261e-02,-1.91250693529952248e-02,-1.91249600541357409e-02
1.39149999999999996e+00,1.39149999999999996e+00,8.47731643854830685e-01,-3.04615891884083112e-01,-3.04610723627319668e-01,-6.25959558859790974e-03,-6.25948938534949366e-03,-1.25189787706989891e-02,-1.87785743592968971e-02,-1.87784681560484827e-02
1.39874999999999994e+00,1.39874999999999994e+00,8.45531808580151645e-01,-3.02250583085339031e-01,-3.02245507982181139e-01,-6.14677177780676137e-03,-6.14666856708490951e-03,-1.22933371341698173e-02,-1.84401089119765778e-02,-1.84400057012547268e-02
1.40600000000000014e+00,1.40600000000000014e+00,8.43349010400093135e-01,-2.99915727482755301e-01,-2.99910743385523870e-01,-6.03654912950319419e-03,-6.03644881216386549e-03,-1.20728976243277292e-02,-1.81094467538309226e-02,-1.81093464364915947e-02
1.41325000000000012e+00,1.41325000000000012e+00,8.41183030531651665e-01,-2.97610778968483203e-01,-2.97605883789722858e-01,-5.92885472084971488e-03,-5.92875720151992726e-03,-1.18575144030398528e-02,-1.77863691238895685e-02,-1.77862716045597800e-02
1.42050000000000010e+00,1.42050000000000010e+00,8.39033654105050153e-01,-2.95335203961847981e-01,-2.95330395672316115e-01,-5.82361803282294577e-03,-5.82352321973852744e-03,-1.16470464394770531e-02,-1.74706644722999981e-02,-1.74705696592155797e-02
1.42775000000000007e+00,1.42775000000000007e+00,8.36900670074204878e-01,-2.93088481059868400e-01,-2.93083757686641522e-01,-5.72077085924500763e-03,-5.72067866409692143e-03,-1.14413573281938429e-02,-1.71621281874388514e-02,-1.71620359922907625e-02
1.43500000000000005e+00,1.43500000000000005e+00,8.34783871129682109e-01,-2.90870100699287093e-01,-2.90865460323931013e-01,-5.62024721969781212e-03,-5.62015755748560518e-03,-1.12403151149712104e-02,-1.68605623346690242e-02,-1.68604726724568138e-02
1.44225000000000003e+00,1.44225000000000003e+00,8.32683053614065249e-01,-2.88679564829635638e-01,-2.88675005586432720e-01,-5.52198327613510377e-03,-5.52189606502706022e-03,-1.10437921300541222e-02,-1.65657754061892259e-02,-1.65656881950811824e-02
1.44950000000000001e+00,1.44950000000000001e+00,8.30598017439652336e-01,-2.86516386596957773e-01,-2.86511906671146011e-01,-5.42591725301837767e-03,-5.42583241421720763e-03,-1.08516648284344153e-02,-1.62775820814527947e-02,-1.62774972426516229e-02
1.45674999999999999e+00,1.45674999999999999e+00,8.28528566008409406e-01,-2.84380090037551270e-01,-2.84375687663775301e-01,-5.33198936080646682e-03,-5.33190681842407761e-03,-1.06638136368481587e-02,-1.59958029976546255e-02,-1.59957204552722346e-02
1.46399999999999997e+00,1.46399999999999997e+00,8.26474506134107889e-01,-2.82270209781827930e-01,-2.82265883242523219e-01,-5.24014172265102260e-03,-5.24006140358673766e-03,-1.04801228071734736e-02,-1.57202645298244945e-02,-1.57201842107602130e-02
1.47124999999999995e+00,1.47124999999999995e+00,8.24435647966572871e-01,-2.80186290767517221e-01,-2.80182038391358690e-01,-5.15031830414100326e-03,-5.15024013796554388e-03,-1.03004802759310860e-02,-1.54507985800720893e-02,-1.54507204138966299e-02
1.47849999999999993e+00,1.47849999999999993e+00,8.22411804917978939e-01,-2.78127887961929332e-01,-2.78123708122414270e-01,-5.06246484595627294e-03,-5.06238876480252092e-03,-1.01247775296050418e-02,-1.51872423755613148e-02,-1.51871662944075628e-02
1.48574999999999990e+00,1.48574999999999990e+00,8.20402793591124890e-01,-2.76094566093178173e-01,-2.76090457207176510e-01,-4.97652879930049735e-03,-4.97645473775770904e-03,-9.95290947551541634e-03,-1.49294382748159128e-02,-1.49293642132731254e-02
1.49300000000000010e+00,1.49300000000000010e+00,8.18408433709627792e-01,-2.74085899389746146e-01,-2.74081859916151305e-01,-4.89245926398051284e-03,-4.89238715899424897e-03,-9.78477431798849620e-03,-1.46772335819690090e-02,-1.46771614769827460e-02
1.50024999999999986e+00,1.50024999999999986e+00,8.16428548049973668e-01,-2.72101471328241473e-01,-2.72097499766696782e-01,-4.81020692901427786e-03,-4.81013671979134329e-03,-9.62027343958268659e-03,-1.44304803685969645e-02,-1.44304101593740290e-02
1.50750000000000006e+00,1.50750000000000006e+00,8.14462962375368194e-01,-2.70140874389184660e-01,-2.70136969278729100e-01,-4.72972401565478675e-03,-4.72965564357023197e-03,-9.45931128714046221e-03,-1.41890353027952498e-02,-1.41889669307106933e-02
1.51475000000000004e+00,1.51475000000000004e+00,8.12511505371330434e-01,-2.68203709820085123e-01,-2.68199869738019625e-01,-4.65096422271287380e-03,-4.65089763122422152e-03,-9.30179526244844304e-03,-1.39527594851613160e-02,-1.39526928936726646e-02
1.52200000000000002e+00,1.52200000000000002e+00,8.10574008582976901e-01,-2.66289587406134842e-01,-2.66285810966812364e-01,-4.57388267408577898e-03,-4.57381780864903748e-03,-9.14763561729807322e-03,-1.37215182913838531e-02,-1.37214534259471107e-02
1.52925000000000000e+00,1.52925000000000000e+00,8.08650306353941528e-01,-2.64398125247829796e-01,-2.64394411101501248e-01,-4.49843586838536910e-03,-4.49837267637502765e-03,-8.99674535275005530e-03,-1.34951812211354244e-02,-1.34951180291250829e-02
1.53649999999999998e+00,1.53649999999999998e+00,8.06740235766883362e-01,-2.62528949545362877e-01,-2.62525296377117912e-01,-4.42458163057405859e-03,-4.42452006120756369e-03,-8.84904012241512737e-03,-1.32736217529891860e-02,-1.32735601836226902e-02
1.54375000000000018e+00,1.54375000000000018e+00,8.04843636585533706e-01,-2.60681694389703011e-01,-2.60678100918391442e-01,-4.35227906552195561e-03,-4.35221906978654899e-03,-8.70443813957309798e-03,-1.30567172050950545e-02,-1.30566572093596470e-02
1.55100000000000016e+00,1.55100000000000016e+00,8.02960351198232725e-01,-2.58856001559912841e-01,-2.58852466537147829e-01,-4.28148851339680767e-03,-4.28143004398032993e-03,-8.56286008796065985e-03,-1.28443486013574675e-02,-1.28442901319409906e-02
1.55825000000000014e+00,1.55825000000000014e+00,8.01090224562914899e-01,-2.57051520326697869e-01,-2.57048042535830190e-01,-4.21217150680971986e-03,-4.21211451803338126e-03,-8.42422903606676252e-03,-1.26364005428764824e-02,-1.26363435541001438e-02
1.56550000000000011e+00,1.56550000000000011e+00,7.99233104153495577e-01,-2.55267907261746529e-01,-2.55264485516926043e-01,-4.14429072963613289e-03,-4.14423517739107884e-03,-8.28847035478215768e-03,-1.24327610844182906e-02,-1.24327055321732365e-02
1.57275000000000009e+00,1.57275000000000009e+00,7.97388839907619662e-01,-2.53504826052797227e-01,-2.53501459198098744e-01,-4.07780997744138906e-03,-4.07775581912852431e-03,-8.15551163825705035e-03,-1.22333216156984385e-02,-1.22332674573855747e-02
1.58000000000000007e+00,1.58000000000000007e+00,7.95557284175730017e-01,-2.51761947324332880e-01,-2.51758634232825962e-01,-4.01269411944289202e-03,-4.01264131391390610e-03,-8.02528262782781221e-03,-1.20379767472707042e-02,-1.20379239417417183e-02
1.58725000000000005e+00,1.58725000000000005e+00,7.93738291671416851e-01,-2.50038948463469524e-01,-2.50035688036357506e-01,-3.94890906193864303e-03,-3.94885756944018430e-03,-7.89771513888036687e-03,-1.18466242008190108e-02,-1.18465727083205512e-02
1.59450000000000003e+00,1.59450000000000003e+00,7.91931719423009772e-01,-2.48335513450975043e-01,-2.48332304616810828e-01,-3.88642171314105287e-03,-3.88637149526203755e-03,-7.77274299052407597e-03,-1.16591647036651293e-02,-1.16591144857861144e-02
1.60175000000000001e+00,1.60175000000000001e+00,7.90137426726377656e-01,-2.46651332697389591e-01,-2.46648174411230742e-01,-3.82519994935822012e-03,-3.82515096897801006e-03,-7.65030193795602099e-03,-1.14755018873142420e-02,-1.14754529069340319e-02
1.60899999999999999e+00,1.60899999999999999e+00,7.88355275098897579e-01,-2.44986102883792967e-01,-2.44982994126444253e-01,-3.76521258246084777e-03,-3.76516480370055282e-03,-7.53032960740110651e-03,-1.12955421898619547e-02,-1.12954944111016593e-02
1.61624999999999996e+00,1.61624999999999996e+00,7.86585128234562725e-01,-2.43339526807261564e-01,-2.43336466584551520e-01,-3.70642932858347447e-03,-3.70638271675943851e-03,-7.41276543351887616e-03,-1.11191947621023506e-02,-1.11191481502783147e-02
1.62349999999999994e+00,1.62349999999999994e+00,7.84826851960192307e-01,-2.41711313230872804e-01,-2.41708300572895690e-01,-3.64882077800814239e-03,-3.64877529958647926e-03,-7.29755059917295938e-03,-1.09463713771811022e-02,-1.09463258987594382e-02
1.63074999999999992e+00,1.63074999999999992e+00,7.83080314192715066e-01,-2.40101176737930189e-01,-2.40098210698364289e-01,-3.59235836617814415e-03,-3.59231398873196195e-03,-7.18462797746392302e-03,-1.07769863436420667e-02,-1.07769419661958854e-02
1.63799999999999990e+00,1.63799999999999990e+00,7.81345384897492390e-01,-2.38508837590430289e-01,-2.38505917245876803e-01,-3.53701434579707262e-03,-3.53697103796544402e-03,-7.07394207593088891e-03,-1.06109564217279611e-02,-1.06109131138963329e-02
1.64524999999999988e+00,1.64524999999999988e+00,7.79621936047653841e-01,-2.36934021591615362e-01,-2.36931146040922025e-01,-3.48276175996773069e-03,-3.48271949141580953e-03,-6.96543898283161905e-03,-1.04482007427993493e-02,-1.04481584742474286e-02
1.65250000000000008e+00,1.65250000000000008e+00,7.77909841584413897e-01,-2.35376459952369999e-01,-2.35373628316010247e-01,-3.42957441632617569e-03,-3.42953315770746017e-03,-6.85906631541492035e-03,-1.02886407317410965e-02,-1.02885994731223805e-02
1.65975000000000006e+00,1.65975000000000006e+00,7.76208977378344489e-01,-2.33835889161433386e-01,-2.33833100580914138e-01,-3.37742686213131794e-03,-3.37738658505158185e-03,-6.75477317010316283e-03,-1.01322000322344799e-02,-1.01321597551547442e-02
1.66700000000000004e+00,1.66700000000000004e+00,7.74519221191573126e-01,-2.32312050859341923e-01,-2.32309304496572611e-01,-3.32629436027132236e-03,-3.32625503725317902e-03,-6.65251007450635805e-03,-9.97880443477767998e-03,-9.97876511175953620e-03
1.67425000000000002e+00,1.67425000000000002e+00,7.72840452640883968e-01,-2.30804691715803756e-01,-2.30801986752541127e-01,-3.27615286614676071e-03,-3.27611447059648030e-03,-6.55222894119296146e-03,-9.82838180733972173e-03,-9.82834341178944262e-03
1.68149999999999999e+00,1.68149999999999999e+00,7.71172553161693974e-01,-2.29313563310562074e-01,-2.29310898947872127e-01,-3.22697900539721484e-03,-3.22694151157286750e-03,-6.45388302314573500e-03,-9.68086202854294940e-03,-9.68082453471860206e-03
1.68875000000000020e+00,1.68875000000000020e+00,7.69515405972880817e-01,-2.27838422017590858e-01,-2.27835797475316265e-01,-3.17875005243647328e-03,-3.17871343541718809e-03,-6.35742687083437619e-03,-9.53617692327084904e-03,-9.53614030625156428e-03
1.69600000000000017e+00,1.69600000000000017e+00,7.67868896042438909e-01,-2.26379028892502276e-01,-2.26376443408737860e-01,-3.13144390976346273e-03,-3.13140814541979732e-03,-6.26281629083959464e-03,-9.39426020060305650e-03,-9.39422443625939282e-03
1.70325000000000015e+00,1.70325000000000015e+00,7.66232910053939453e-01,-2.24935149563101788e-01,-2.24932602393641379e-01,-3.08503908801821417e-03,-3.08500415298309637e-03,-6.17000830596619275e-03,-9.25504739398440648e-03,-9.25501245894928826e-03
1.71050000000000013e+00,1.71050000000000013e+00,7.64607336373773872e-01,-2.23506554122799628e-01,-2.23504044540711433e-01,-3.03951468675043050e-03,-3.03948055839278752e-03,-6.07896111678557505e-03,-9.11847580353600598e-03,-9.11844167517836257e-03
1.71775000000000011e+00,1.71775000000000011e+00,7.62992065019158949e-01,-2.22093017027091832e-01,-2.22090544322270100e-01,-2.99485037587641709e-03,-2.99481703227532595e-03,-5.98963406455065017e-03,-8.98448444042706726e-03,-8.98445109682597526e-03
1.72500000000000009e+00,1.72500000000000009e+00,7.61386987626881062e-01,-2.20694316992940287e-01,-2.20691880471559715e-01,-2.95102637779593542e-03,-2.95099379771429984e-03,-5.90198759542859795e-03,-8.85301397322453380e-03,-8.85298139314289780e-03
1.73225000000000007e+00,1.73225000000000007e+00,7.59791997422761267e-01,-2.19310236900639666e-01,-2.19307835884762936e-01,-2.90802345013859527e-03,-2.90799161299969871e-03,-5.81598322599939828e-03,-8.72400667613799398e-03,-8.72397483899909655e-03
1.73950000000000005e+00,1.73950000000000005e+00,7.58206989191821834e-01,-2.17940563698498124e-01,-2.17938197525674560e-01,-2.86582286912044799e-03,-2.86579175498513031e-03,-5.73158350997026063e-03,-8.59740637909070862e-03,-8.59737526495539181e-03
1.74675000000000002e+00,1.74675000000000002e+00,7.56631859249133121e-01,-2.16585088310118579e-01,-2.16582756332942078e-01,-2.82440641348511400e-03,-2.82437600302913681e-03,-5.64875200605827361e-03,-8.47315841954338761e-03,-8.47312800908741129e-03
1.75400000000000000e+00,1.75400000000000000e+00,7.55066505411325140e-01,-2.15243605544102934e-01,-2.15241307129796222e-01,-2.78375634900534163e-03,-2.78372662349780442e-03,-5.56745324699560971e-03,-8.35120959600095178e-03,-8.35117987049341370e-03
1.76124999999999998e+00,1.76124999999999998e+00,7.53510826968743608e-01,-2.13915914006157948e-01,-2.13913648536194073e-01,-2.74385541352389689e-03,-2.74382635480681413e-03,-5.48765270961362826e-03,-8.23150812313752471e-03,-8.23147906442044282e-03
1.76849999999999996e+00,1.76849999999999996e+00,7.51964724658235828e-01,-2.12601816013560097e-01,-2.12599582883301053e-01,-2.70468680251332054e-03,-2.70465839298205096e-03,-5.40931678596410191e-03,-8.11400358847742288e-03,-8.11397517894615200e-03
1.77574999999999994e+00,1.77574999999999994e+00,7.50428100636546969e-01,-2.11301117511951020e-01,-2.11298916130239905e-01,-2.66623415513504627e-03,-2.66620637771874209e-03,-5.33241275543748332e-03,-7.99864691057252872e-03,-7.99861913315622584e-03
1.78299999999999992e+00,1.78299999999999992e+00,7.48900858454312535e-01,-2.10013627994179330e-01,-2.10011457783037730e-01,-2.62848154077599669e-03,-2.62845437891997928e-03,-5.25690875783995943e-03,-7.88539029861595568e-03,-7.88536313675993958e-03
1.79024999999999990e+00,1.79024999999999990e+00,7.47382903030631374e-01,-2.08739160421444581e-01,-2.08737020815704916e-01,-2.59141344604840772e-03,-2.59138688369627479e-03,-5.18277376739255044e-03,-7.77418721344095773e-03,-7.77416065108882566e-03
1.79749999999999988e+00,1.79749999999999988e+00,7.45874140628201565e-01,-2.07477531146430749e-01,-2.07475421593380144e-01,-2.55501476223213243e-03,-2.55498878380855951e-03,-5.10997756761711903e-03,-7.66499232984925102e-03,-7.66496635142567898e-03
1.80475000000000008e+00,1.80475000000000008e+00,7.44374478829008090e-01,-2.06228559838407932e-01,-2.06226479797481099e-01,-2.51927077314313902e-03,-2.51924536353780601e-03,-5.03849072707561203e-03,-7.55776150021875148e-03,-7.55773609061341847e-03
1.81200000000000006e+00,1.81200000000000006e+00,7.42883826510544742e-01,-2.04992069410288025e-01,-2.04990018352799314e-01,-2.48416714341264961e-03,-2.48414228796513216e-03,-4.96828457593026431e-03,-7.45245171934291392e-03,-7.45242686389539603e-03
1.81925000000000003e+00,1.81925000000000003e+00,7.41402093822558839e-01,-2.03767885947719662e-01,-2.03765863356481752e-01,-2.44968990716316502e-03,-2.44966559164691610e-03,-4.89933118329383133e-03,-7.34902109045699678e-03,-7.34899677494074699e-03
1.82650000000000001e+00,1.82650000000000001e+00,7.39929192164302751e-01,-2.02555838639796093e-01,-2.02553844008842798e-01,-2.41582545706204611e-03,-2.41580166767010971e-03,-4.83160333534022029e-03,-7.24742879240226640e-03,-7.24740500301033000e-03
1.83374999999999999e+00,1.83374999999999999e+00,7.38465034162281819e-01,-2.01355759711617566e-01,-2.01353792545952787e-01,-2.38256053374207846e-03,-2.38253725707354442e-03,-4.76507451414708797e-03,-7.14763504788916600e-03,-7.14761177122063239e-03
1.84100000000000019e+00,1.84100000000000019e+00,7.37009533648484205e-01,-2.00167484358672709e-01,-2.00165544173950050e-01,-2.34988221557554545e-03,-2.34985943862158929e-03,-4.69971887724317857e-03,-7.04960109281872402e-03,-7.04957831586476742e-03
1.84825000000000017e+00,1.84825000000000017e+00,7.35562605639081046e-01,-1.98990850682726261e-01,-1.98988937005026650e-01,-2.31777790878563185e-03,-2.31775561891712058e-03,-4.63551123783424116e-03,-6.95328914661987301e-03,-6.95326685675136218e-03
1.85550000000000015e+00,1.85550000000000015e+00,7.34124166313584681e-01,-1.97825699629511575e-01,-1.97823811995037624e-01,-2.28623533788673700e-03,-2.28621352284123260e-03,-4.57242704568246519e-03,-6.85866238356920219e-03,-6.85864056852369779e-03
1.86275000000000013e+00,1.86275000000000013e+00,7.32694132994453073e-01,-1.96671874927872636e-01,-1.96670012882687706e-01,-2.25524253643803871e-03,-2.25522118430770795e-03,-4.51044236861541589e-03,-6.76568490505345503e-03,-6.76566355292312384e-03
1.87000000000000011e+00,1.87000000000000011e+00,7.31272424127130560e-01,-1.95529223030412425e-01,-1.95527386130248809e-01,-2.22478783810001668e-03,-2.22476693732068329e-03,-4.44953387464136658e-03,-6.67432171274138369e-03,-6.67430081196204988e-03
1.87725000000000009e+00,1.87725000000000009e+00,7.29858959260512141e-01,-1.94397593055803952e-01,-1.94395780865764312e-01,-2.19485986798514335e-03,-2.19483940732444942e-03,-4.38967881464890058e-03,-6.58453868263404393e-03,-6.58451822197335043e-03
1.88450000000000006e+00,1.88450000000000006e+00,7.28453659027821443e-01,-1.93276836732358959e-01,-1.93275048826697105e-01,-2.16544753428794508e-03,-2.16542750283475879e-03,-4.33085500566951758e-03,-6.49630253995746310e-03,-6.49628250850427594e-03
1.89175000000000004e+00,1.89175000000000004e+00,7.27056445127892914e-01,-1.92166808343074536e-01,-1.92165044304980270e-01,-2.13654002018726953e-03,-2.13652040734144035e-03,-4.27304081468288157e-03,-6.40958083487015110e-03,-6.40956122202432192e-03
1.89900000000000002e+00,1.89900000000000002e+00,7.25667240306846817e-01,-1.91067364672043993e-01,-1.91065624093429920e-01,-2.10812677601009872e-03,-2.10810757147253478e-03,-4.21621514294506956e-03,-6.32434191895516785e-03,-6.32432271441760434e-03
1.90625000000000000e+00,1.90625000000000000e+00,7.24285968340148245e-01,-1.89978364952217760e-01,-1.89976647433481499e-01,-2.08019751164777080e-03,-2.08017870541053274e-03,-4.16035741082106548e-03,-6.24055492246883628e-03,-6.24053611623159865e-03
1.91349999999999998e+00,1.91349999999999998e+00,7.22912554015039732e-01,-1.88899670814386411e-01,-1.88897975964212123e-01,-2.05274218921458907e-03,-2.05272377155169862e-03,-4.10544754310339637e-03,-6.15818973231798544e-03,-6.15817131465509499e-03
1.92074999999999996e+00,1.92074999999999996e+00,7.21546923113339678e-01,-1.87831146237442681e-01,-1.87829473672612185e-01,-2.02575101594117775e-03,-2.02573297739979405e-03,-4.05146595479958811e-03,-6.07721697074076542e-03,-6.07719893219938259e-03
1.92799999999999994e+00,1.92799999999999994e+00,7.20189002394596822e-01,-1.86772657499901129e-01,-1.86771006845071808e-01,-1.99921443729438953e-03,-1.99919676868587923e-03,-3.99839353737175759e-03,-5.99760797466614669e-03,-5.99759030605763639e-03
1.93524999999999991e+00,1.93524999999999991e+00,7.18838719579591112e-01,-1.85724073132519152e-01,-1.85722444020046812e-01,-1.97312313031441705e-03,-1.97310582270616335e-03,-3.94621164541232756e-03,-5.91933477572674505e-03,-5.91931746811849048e-03
1.94249999999999989e+00,1.94249999999999989e+00,7.17496003334175292e-01,-1.84685263872104599e-01,-1.84683655941872665e-01,-1.94746799716273263e-03,-1.94745104187023818e-03,-3.89490208374047679e-03,-5.84237008090320899e-03,-5.84235312561071519e-03
1.94975000000000009e+00,1.94975000000000009e+00,7.16160783253445454e-01,-1.83656102616502892e-01,-1.83654515515693145e-01,-1.92224015887366008e-03,-1.92222354745226324e-03,-3.84444709490452691e-03,-5.76668725377818721e-03,-5.76667064235678994e-03
1.95700000000000007e+00,1.95700000000000007e+00,7.14832989846236000e-01,-1.82636464380486530e-01,-1.82634897763473664e-01,-1.89743094929991371e-03,-1.89741467353802791e-03,-3.79482934707605626e-03,-5.69226029637596997e-03,-5.69224402061408417e-03
1.96425000000000005e+00,1.96425000000000005e+00,7.13512554519928344e-01,-1.81626226252944889e-01,-1.81624679781068693e-01,-1.87303190924974629e-03,-1.87301596116102231e-03,-3.74603192232204505e-03,-5.61906383157179112e-03,-5.61904788348306736e-03
1.97150000000000003e+00,1.97150000000000003e+00,7.12199409565568264e-01,-1.80625267354905361e-01,-1.80623740696314539e-01,-1.84903478080452330e-03,-1.84901915262096852e-03,-3.69803830524193747e-03,-5.54707308604646121e-03,-5.54705745786290578e-03
1.97875000000000001e+00,1.97875000000000001e+00,7.10893488143282237e-01,-1.79633468798591878e-01,-1.79631961628119313e-01,-1.82543150181286706e-03,-1.82541618597847595e-03,-3.65083237195695191e-03,-5.47626387376981896e-03,-5.47624855793542829e-03
1.98600000000000021e+00,1.98600000000000021e+00,7.09594724267988530e-01,-1.78650713647577675e-01,-1.78649225646522775e-01,-1.80221420055612803e-03,-1.80219918971974880e-03,-3.60439837943949759e-03,-5.40661257999562606e-03,-5.40659756915924661e-03
1.99325000000000019e+00,1.99325000000000019e+00,7.08303052795392407e-01,-1.77676886877655704e-01,-1.77675417733699326e-01,-1.77937519057575692e-03,-1.77936047758548961e-03,-3.55872095517097966e-03,-5.33809614574673637e-03,-5.33808143275646928e-03
2.00049999999999972e+00,2.00049999999999972e+00,7.07018409408262549e-01,-1.76711875338895652e-01,-1.76710424745879197e-01,-1.75690696566198671e-03,-1.75689254355837834e-03,-3.51378508711675669e-03,-5.27069205277874361e-03,-5.27067763067513503e-03
2.00775000000000015e+00,2.00775000000000015e+00,7.05740730602978483e-01,-1.75755567718312022e-01,-1.75754135376161968e-01,-1.73480219499282779e-03,-1.73478805700369811e-03,-3.46957611400739666e-03,-5.20437830900022467e-03,-5.20436417101109456e-03
2.01500000000000012e+00,2.01500000000000012e+00,7.04469953676346905e-01,-1.74807854503669091e-01,-1.74806440118200207e-01,-1.71305371842371849e-03,-1.71303985795793080e-03,-3.42607971591586203e-03,-5.13913343433958052e-03,-5.13911957387379326e-03
2.02225000000000010e+00,2.02225000000000010e+00,7.03206016712675352e-01,-1.73868627947911136e-01,-1.73867231230727004e-01,-1.69165454191789479e-03,-1.69164095256025063e-03,-3.38328190512049995e-03,-5.07493644703839453e-03,-5.07492285768075015e-03
2.02950000000000008e+00,2.02950000000000008e+00,7.01948858571102230e-01,-1.72937782034566112e-01,-1.72936402702907666e-01,-1.67059783311637256e-03,-1.67058450862213738e-03,-3.34116901724427475e-03,-5.01176685036064731e-03,-5.01175352586641192e-03
2.03675000000000006e+00,2.03675000000000006e+00,7.00698418873174078e-01,-1.72015212443874077e-01,-1.72013850220491982e-01,-1.64987691704063071e-03,-1.64986385133044115e-03,-3.29972770266088230e-03,-4.94960461970151300e-03,-4.94959155399132301e-03
2.04400000000000004e+00,2.04400000000000004e+00,6.99454637990665984e-01,-1.71100816519718535e-01,-1.71099471132746067e-01,-1.62948527192450002e-03,-1.62947245907941085e-03,-3.25894491815882214e-03,-4.88843019008332238e-03,-4.88841737723823277e-03
2.05125000000000002e+00,2.05125000000000002e+00,6.98217457033638245e-01,-1.70194493237303845e-01,-1.70193164420143372e-01,-1.60941652517059973e-03,-1.60940395942739422e-03,-3.21880791885478888e-03,-4.82822444402538839e-03,-4.82821187828218288e-03
2.05850000000000000e+00,2.05850000000000000e+00,6.96986817838725070e-01,-1.69296143171607127e-01,-1.69294830662794521e-01,-1.58966444942762681e-03,-1.58965212517404430e-03,-3.17930425034808860e-03,-4.76896869977571497e-03,-4.76895637552213290e-03
2.06574999999999998e+00,2.06574999999999998e+00,6.95762662957649880e-01,-1.68405668466498071e-01,-1.68404372009596959e-01,-1.57022295878366555e-03,-1.57021087055403690e-03,-3.14042174110807423e-03,-4.71064469989173999e-03,-4.71063261166211091e-03
2.07299999999999995e+00,2.07299999999999995e+00,6.94544935645960870e-01,-1.67522972804590609e-01,-1.67521692148085127e-01,-1.55108610507246193e-03,-1.55107424754344510e-03,-3.10214849508688977e-03,-4.65323460015935192e-03,-4.65322274263033509e-03
2.08025000000000038e+00,2.08025000000000038e+00,6.93333579851983295e-01,-1.66647961377790921e-01,-1.66646696274962897e-01,-1.53224807428876302e-03,-1.53223644227504989e-03,-3.06447288455009978e-03,-4.59672095883886279e-03,-4.59670932682514945e-03
2.08750000000000036e+00,2.08750000000000036e+00,6.92128540205982690e-01,-1.65780540858506242e-01,-1.65779291067301215e-01,-1.51370318310899252e-03,-1.51369177155902734e-03,-3.02738354311805468e-03,-4.54108672622704698e-03,-4.54107531467708159e-03
2.09475000000000033e+00,2.09475000000000033e+00,6.90929762009534931e-01,-1.64920619371407895e-01,-1.64919384654382328e-01,-1.49544587551298284e-03,-1.49543467950553183e-03,-2.99086935901106410e-03,-4.48631523452404715e-03,-4.48630403851659615e-03
2.10200000000000031e+00,2.10200000000000031e+00,6.89737191225097357e-01,-1.64068106465968810e-01,-1.64066886590175376e-01,-1.47747071950563372e-03,-1.47745973424588369e-03,-2.95491946849176824e-03,-4.43239018799740196e-03,-4.43237920273765150e-03
2.10925000000000029e+00,2.10925000000000029e+00,6.88550774465778392e-01,-1.63222913089562383e-01,-1.63221707826426060e-01,-1.45977240393345637e-03,-1.45976162474913368e-03,-2.91952324949826649e-03,-4.37929565343172286e-03,-4.37928487424739995e-03
2.11650000000000027e+00,2.11650000000000027e+00,6.87370458985298693e-01,-1.62384951561115543e-01,-1.62383760686345052e-01,-1.44234573539301215e-03,-1.44233515773091914e-03,-2.88467031546183828e-03,-4.32701605085485021e-03,-4.32700547319275763e-03
2.12375000000000025e+00,2.12375000000000025e+00,6.86196192668142246e-01,-1.61554135545365796e-01,-1.61552958838879851e-01,-1.42518563522886802e-03,-1.42517525465163928e-03,-2.85035050930327856e-03,-4.27553614453214659e-03,-4.27552576395491806e-03
2.13100000000000023e+00,2.13100000000000023e+00,6.85027924019890877e-01,-1.60730380027757747e-01,-1.60729217273554853e-01,-1.40828713661861425e-03,-1.40827694880106091e-03,-2.81655389760212182e-03,-4.22484103422073563e-03,-4.22483084640318252e-03
2.13825000000000021e+00,2.13825000000000021e+00,6.83865602157739727e-01,-1.59913601289765950e-01,-1.59912452275865702e-01,-1.39164538174042242e-03,-1.39163538246659616e-03,-2.78327076493319232e-03,-4.17491614667361496e-03,-4.17490614739978848e-03
2.14550000000000018e+00,2.14550000000000018e+00,6.82709176801189255e-01,-1.59103716884871460e-01,-1.59102581403213511e-01,-1.37525561902260415e-03,-1.37524580418256796e-03,-2.75049160836513549e-03,-4.12574722738773964e-03,-4.12573741254770344e-03
2.15275000000000016e+00,2.15275000000000016e+00,6.81558598262909099e-01,-1.58300645615007340e-01,-1.58299523461365471e-01,-1.35911320047107540e-03,-1.35910356605788824e-03,-2.71820713211577691e-03,-4.07732033258685275e-03,-4.07731069817366537e-03
2.16000000000000014e+00,2.16000000000000014e+00,6.80413817439771695e-01,-1.57504307507508656e-01,-1.57503198481428630e-01,-1.34321357907267675e-03,-1.34320412117965894e-03,-2.68640824235931788e-03,-4.02962182143199420e-03,-4.02961236353897682e-03
2.16725000000000012e+00,2.16725000000000012e+00,6.79274785804050207e-01,-1.56714623792638008e-01,-1.56713527697323829e-01,-1.32755230627265792e-03,-1.32754302109028624e-03,-2.65508604218057291e-03,-3.98263834845323083e-03,-3.98262906327085872e-03
2.17450000000000010e+00,2.17450000000000010e+00,6.78141455394778436e-01,-1.55931516881501864e-01,-1.55930433523747608e-01,-1.31212502952253451e-03,-1.31211591333580259e-03,-2.62423182667160517e-03,-3.93635685619414012e-03,-3.93634774000740754e-03
2.18175000000000008e+00,2.18175000000000008e+00,6.77013778809268496e-01,-1.55154910344478481e-01,-1.55153839534609483e-01,-1.29692748989721916e-03,-1.29691853908314269e-03,-2.59383707816628582e-03,-3.89076456806350477e-03,-3.89075561724942873e-03
2.18900000000000006e+00,2.18900000000000006e+00,6.75891709194783474e-01,-1.54384728890164524e-01,-1.54383670441933185e-01,-1.28195551977941871e-03,-1.28194673080422460e-03,-2.56389346160844920e-03,-3.84584898138786791e-03,-3.84584019241267401e-03
2.19625000000000004e+00,2.19625000000000004e+00,6.74775200240361084e-01,-1.53620898344676959e-01,-1.53619852075210256e-01,-1.26720504060792824e-03,-1.26719641002474371e-03,-2.53439282004948741e-03,-3.80159786065741544e-03,-3.80158923007423112e-03
2.20350000000000001e+00,2.20350000000000001e+00,6.73664206168785751e-01,-1.52863345631473635e-01,-1.52862311361194853e-01,-1.25267206068928110e-03,-1.25266358513566756e-03,-2.50532717027133513e-03,-3.75799923096061623e-03,-3.75799075540700269e-03
2.21074999999999999e+00,2.21074999999999999e+00,6.72558681728704699e-01,-1.52111998751578881e-01,-1.52110976304128620e-01,-1.23835267306993970e-03,-1.23834434926548302e-03,-2.47668869853096647e-03,-3.71504137160090595e-03,-3.71503304779644949e-03
2.21799999999999997e+00,2.21799999999999997e+00,6.71458582186887809e-01,-1.51366786764192796e-01,-1.51365775966385896e-01,-1.22424305346707134e-03,-1.22423487821132315e-03,-2.44846975642264630e-03,-3.67271280988971764e-03,-3.67270463463396923e-03
2.22524999999999995e+00,2.22524999999999995e+00,6.70363863320623921e-01,-1.50627639767805022e-01,-1.50626640449527893e-01,-1.21033945825716003e-03,-1.21033142842714991e-03,-2.42066285685429983e-03,-3.63100231511145986e-03,-3.63099428528144974e-03
2.23249999999999993e+00,2.23249999999999993e+00,6.69274481410254696e-01,-1.49894488881585630e-01,-1.49893500875756924e-01,-1.19663822251893219e-03,-1.19663033506724865e-03,-2.39326067013449729e-03,-3.58989889265342969e-03,-3.58989100520174572e-03
2.23974999999999991e+00,2.23974999999999991e+00,6.68190393231840929e-01,-1.49167266227252071e-01,-1.49166289369760230e-01,-1.18313575813060005e-03,-1.18312801008333443e-03,-2.36625602016666886e-03,-3.54939177829726891e-03,-3.54938403025000307e-03
2.24699999999999989e+00,2.24699999999999989e+00,6.67111556049959531e-01,-1.48445904911298499e-01,-1.48444939040934476e-01,-1.16982855191893214e-03,-1.16982094037363575e-03,-2.33964188074727193e-03,-3.50947043266620386e-03,-3.50946282112090790e-03
2.25424999999999986e+00,2.25424999999999986e+00,6.66037927610627079e-01,-1.47730339007594580e-01,-1.47729383965981398e-01,-1.15671316385870825e-03,-1.15670568598237340e-03,-2.31341137196474722e-03,-3.47012453582345570e-03,-3.47011705794712062e-03
2.26149999999999984e+00,2.26149999999999984e+00,6.64969466134349374e-01,-1.47020503540339575e-01,-1.47019559171865877e-01,-1.14378622532098294e-03,-1.14377887834810630e-03,-2.28755775669621259e-03,-3.43134398201719575e-03,-3.43133663504431889e-03
2.26874999999999982e+00,2.26874999999999982e+00,6.63906130309292242e-01,-1.46316334467314846e-01,-1.46315400619127789e-01,-1.13104443736831441e-03,-1.13103721859946567e-03,-2.26207443719893091e-03,-3.39311887456724554e-03,-3.39311165579839636e-03
2.27599999999999980e+00,2.27599999999999980e+00,6.62847879284573338e-01,-1.45617768663640845e-01,-1.45616845185538968e-01,-1.11848456909719590e-03,-1.11847747589685132e-03,-2.23695495179370265e-03,-3.35543952089089855e-03,-3.35543242769055419e-03
2.28324999999999978e+00,2.28324999999999978e+00,6.61794672663669425e-01,-1.44924743905711750e-01,-1.44923830650097341e-01,-1.10610345602382243e-03,-1.10609648581870708e-03,-2.21219297163741373e-03,-3.31829642766123638e-03,-3.31828945745612103e-03
2.29049999999999976e+00,2.29049999999999976e+00,6.60746470497940552e-01,-1.44237198855499571e-01,-1.44236295677350052e-01,-1.09389799851342681e-03,-1.09389114879103965e-03,-2.18778229758207973e-03,-3.28168029609550655e-03,-3.28167344637311960e-03
2.29774999999999974e+00,2.29774999999999974e+00,6.59703233280264700e-01,-1.43555073045263271e-01,-1.43554179802037801e-01,-1.08186516025220712e-03,-1.08185842855889410e-03,-2.16371685711778863e-03,-3.24558201736999553e-03,-3.24557528567668251e-03
2.30500000000000016e+00,2.30500000000000016e+00,6.58664921938784231e-01,-1.42878306862407101e-01,-1.42877423414052962e-01,-1.07000196675870901e-03,-1.06999535069853013e-03,-2.13999070139706026e-03,-3.20999266815576948e-03,-3.20998605209559060e-03
2.31225000000000014e+00,2.31225000000000014e+00,6.57631497830759693e-01,-1.42206841534850525e-01,-1.42205967743704115e-01,-1.05830550393626365e-03,-1.05829900116910037e-03,-2.11659800233820073e-03,-3.17490350627446438e-03,-3.17489700350730110e-03
2.31950000000000012e+00,2.31950000000000012e+00,6.56602922736528871e-01,-1.41540619116518940e-01,-1.41539754847279348e-01,-1.04677291666240490e-03,-1.04676652490265170e-03,-2.09353304980530296e-03,-3.14030596646770787e-03,-3.14029957470795488e-03
2.32675000000000010e+00,2.32675000000000010e+00,6.55579158853570210e-01,-1.40879582473232290e-01,-1.40878727592902153e-01,-1.03540140741628498e-03,-1.03539512443133106e-03,-2.07079024886266169e-03,-3.10619165627894645e-03,-3.10618537329399296e-03
2.33400000000000007e+00,2.33400000000000007e+00,6.54560168790667030e-01,-1.40223675268828174e-01,-1.40222829646672459e-01,-1.02418823494181415e-03,-1.02418205855069164e-03,-2.04836411710138371e-03,-3.07255235204319764e-03,-3.07254617565207513e-03
2.34125000000000005e+00,2.34125000000000005e+00,6.53545915562172119e-01,-1.39572841951576265e-01,-1.39572005459086407e-01,-1.01313071294594783e-03,-1.01312464101805159e-03,-2.02624928203610317e-03,-3.03937999498205078e-03,-3.03937392305415454e-03
2.34850000000000003e+00,2.34850000000000003e+00,6.52536362582369134e-01,-1.38927027740898268e-01,-1.38926200251728582e-01,-1.00222620883123545e-03,-1.00222023928487106e-03,-2.00444047856974212e-03,-3.00666668740097757e-03,-3.00666071785461297e-03
2.35575000000000001e+00,2.35575000000000001e+00,6.51531473659929139e-01,-1.38286178614286825e-01,-1.38285360004229890e-01,-9.91472142460915863e-04,-9.91466273262163423e-04,-1.98293254652432685e-03,-2.97440468898524293e-03,-2.97439881978649005e-03
2.36299999999999999e+00,2.36299999999999999e+00,6.50531212992461971e-01,-1.37650241294551279e-01,-1.37649431441485809e-01,-9.80865984956575537e-04,-9.80860214117982958e-04,-1.96172042823596635e-03,-2.94258641319254189e-03,-2.94258064235394931e-03
2.37024999999999997e+00,2.37024999999999997e+00,6.49535545161158190e-01,-1.37019163237269481e-01,-1.37018362021128187e-01,-9.70405257526605215e-04,-9.70399583106052962e-04,-1.94079916621210592e-03,-2.91120442373871136e-03,-2.91119874931815899e-03
2.37750000000000039e+00,2.37750000000000039e+00,6.48544435125521512e-01,-1.36392892618538042e-01,-1.36392099921245291e-01,-9.60087530325260904e-04,-9.60081950424640897e-04,-1.92016390084928179e-03,-2.88025143117454259e-03,-2.88024585127392291e-03
2.38475000000000037e+00,2.38475000000000037e+00,6.47557848218189291e-01,-1.35771378322893099e-01,-1.35770594028344516e-01,-9.49910421340595108e-04,-9.49904934104814553e-04,-1.89980986820962911e-03,-2.84972028955022411e-03,-2.84971480231444377e-03
2.39200000000000035e+00,2.39200000000000035e+00,6.46575750139839589e-01,-1.35154569931515312e-01,-1.35153793925551741e-01,-9.39871595311254828e-04,-9.39866198927223465e-04,-1.87973239785444650e-03,-2.81960399316570111e-03,-2.81959859678167007e-03
2.39925000000000033e+00,2.39925000000000033e+00,6.45598106954182294e-01,-1.34542417710726170e-01,-1.34541649881042447e-01,-9.29968762671414179e-04,-9.29963455366602403e-04,-1.85992691073320459e-03,-2.78989567340461866e-03,-2.78989036609980688e-03
2.40650000000000031e+00,2.40650000000000031e+00,6.44624885083034060e-01,-1.33934872600519839e-01,-1.33934112836699343e-01,-9.20199678521304372e-04,-9.20194458563202322e-04,-1.84038891712640508e-03,-2.76058859564770956e-03,-2.76058337568960751e-03
2.41375000000000028e+00,2.41375000000000028e+00,6.43656051301474741e-01,-1.33331886203549743e-01,-1.33331134396991124e-01,-9.10562141625532876e-04,-9.10557007320382029e-04,-1.82111401464076406e-03,-2.73167615626629693e-03,-2.73167102196114620e-03
2.42100000000000026e+00,2.42100000000000026e+00,6.42691572733082528e-01,-1.32733410774221738e-01,-1.32732666818067419e-01,-9.01053993436049753e-04,-9.01048943127616690e-04,-1.80209788625523338e-03,-2.70315187969128335e-03,-2.70314682938285018e-03
2.42825000000000024e+00,2.42825000000000024e+00,6.41731416845248592e-01,-1.32139399207886754e-01,-1.32138662997065476e-01,-8.91673117139064127e-04,-8.91668149208213684e-04,-1.78333629841642737e-03,-2.67500941555549139e-03,-2.67500444762464127e-03
2.43550000000000022e+00,2.43550000000000022e+00,6.40775551444568214e-01,-1.31549805030466871e-01,-1.31549076461623504e-01,-8.82417436727511392e-04,-8.82412549591030299e-04,-1.76482509918206060e-03,-2.64724253590957210e-03,-2.64723764877309101e-03
2.44275000000000020e+00,2.44275000000000020e+00,6.39823944672306744e-01,-1.30964582388166662e-01,-1.30963861359596090e-01,-8.73284916096049059e-04,-8.73280108205524226e-04,-1.74656021641104867e-03,-2.61984513250709773e-03,-2.61984032461657279e-03
2.45000000000000018e+00,2.45000000000000018e+00,6.38876564999939833e-01,-1.30383686037291113e-01,-1.30382972448967294e-01,-8.64273558158126310e-04,-8.64268827999481221e-04,-1.72853765599896266e-03,-2.59281121415708918e-03,-2.59280648399844377e-03
2.45725000000000016e+00,2.45725000000000016e+00,6.37933381224766061e-01,-1.29807071334454349e-01,-1.29806365087957287e-01,-8.55381403986423092e-04,-8.55376750078789259e-04,-1.71075350015757830e-03,-2.56613490414400128e-03,-2.56613025023636745e-03
2.46450000000000014e+00,2.46450000000000014e+00,6.36994362465590269e-01,-1.29234694226823876e-01,-1.29233995225317561e-01,-8.46606531973691625e-04,-8.46601952868640539e-04,-1.69320390573728108e-03,-2.53981043771097249e-03,-2.53980585860592162e-03
2.47175000000000011e+00,2.47175000000000011e+00,6.36059478158477076e-01,-1.28666511242613524e-01,-1.28665819390811592e-01,-8.37947057014860192e-04,-8.37942551295572935e-04,-1.67588510259114609e-03,-2.51383215960600606e-03,-2.51382765388671880e-03
2.47900000000000009e+00,2.47900000000000009e+00,6.35128698052572327e-01,-1.28102479481725595e-01,-1.28101794685875819e-01,-8.29401129709191097e-04,-8.29396695989768028e-04,-1.65879339197953606e-03,-2.48819452168872694e-03,-2.48819008796930408e-03
2.48625000000000007e+00,2.48625000000000007e+00,6.34201992205992160e-01,-1.27542556606599078e-01,-1.27541878774457940e-01,-8.20966935582328962e-04,-8.20962572507049964e-04,-1.64192514501409993e-03,-2.46289208059642878e-03,-2.46288771752114968e-03
2.49350000000000005e+00,2.49350000000000005e+00,6.33279330981776689e-01,-1.26986700833242594e-01,-1.26986029874027795e-01,-8.12642694327580378e-04,-8.12638400570040971e-04,-1.62527680114008194e-03,-2.43791949546766232e-03,-2.43791520171012313e-03
2.50075000000000003e+00,2.50075000000000003e+00,6.32360685043910076e-01,-1.26434870922388143e-01,-1.26434206746757982e-01,-8.04426659065514090e-04,-8.04422433327952138e-04,-1.60884486665590428e-03,-2.41327152572141847e-03,-2.41326729998385652e-03
2.50800000000000001e+00,2.50800000000000001e+00,6.31446025353401996e-01,-1.25887026170843797e-01,-1.25886368690869610e-01,-7.96317115621899261e-04,-7.96312956634491649e-04,-1.59262591326898330e-03,-2.38894302889088245e-03,-2.38893886990347495e-03
2.51524999999999999e+00,2.51524999999999999e+00,6.30535323164432837e-01,-1.25343126402995608e-01,-1.25342475532140507e-01,-7.88312381823189925e-04,-7.88308288343405510e-04,-1.57661657668681102e-03,-2.36492895851000105e-03,-2.36492486503021675e-03
2.52249999999999996e+00,2.52249999999999996e+00,6.29628550020558619e-01,-1.24803131962480052e-01,-1.24802487615571583e-01,-7.80410806809234917e-04,-7.80406777621162539e-04,-1.56081355524232486e-03,-2.34122436205156000e-03,-2.34122033286348740e-03
2.52974999999999994e+00,2.52974999999999994e+00,6.28725677750976875e-01,-1.24267003703998569e-01,-1.24266365797208594e-01,-7.72610770362589004e-04,-7.72606804276325236e-04,-1.54521360855265069e-03,-2.31782437891523991e-03,-2.31782041282897582e-03
2.53699999999999992e+00,2.53699999999999992e+00,6.27826678466850585e-01,-1.23734702985323963e-01,-1.23734071436115603e-01,-7.64910682254303989e-04,-7.64906778105151042e-04,-1.52981355621030230e-03,-2.29472423846460629e-03,-2.29472033431545345e-03
2.54424999999999990e+00,2.54424999999999990e+00,6.26931524557689746e-01,-1.23206191659349429e-01,-1.23205566386496962e-01,-7.57308981604857558e-04,-7.57305138252987401e-04,-1.51461027650597480e-03,-2.27191925811083247e-03,-2.27191541475896220e-03
2.55149999999999988e+00,2.55149999999999988e+00,6.26040188687790100e-01,-1.22681432066421792e-01,-1.22680812989964749e-01,-7.49804136261313504e-04,-7.49800352591035589e-04,-1.49960070518207161e-03,-2.24940484144338501e-03,-2.24940105777310731e-03
2.55874999999999986e+00,2.55874999999999986e+00,6.25152643792726614e-01,-1.22160387026745809e-01,-1.22159774067948534e-01,-7.42394642188994101e-04,-7.42390917108073402e-04,-1.48478183421614680e-03,-2.22717647640514101e-03,-2.22717275132422021e-03
2.56599999999999984e+00,2.56599999999999984e+00,6.24268863075902236e-01,-1.21643019832895050e-01,-1.21642412914244408e-01,-7.35079022877511219e-04,-7.35075355316731406e-04,-1.47015071063346281e-03,-2.20522973351097414e-03,-2.20522606595019433e-03
2.57324999999999982e+00,2.57324999999999982e+00,6.23388820005149613e-01,-1.21129294242507513e-01,-1.21128693287700318e-01,-7.27855828761265794e-04,-7.27852217673939932e-04,-1.45570443534787965e-03,-2.18356026410914533e-03,-2.18355665302181947e-03
2.58049999999999979e+00,2.58049999999999979e+00,6.22512488309385881e-01,-1.20619174471137569e-01,-1.20618579405035051e-01,-7.20723636653874196e-04,-7.20720081015167988e-04,-1.44144016203033598e-03,-2.16216379868421028e-03,-2.16216024304550407e-03
2.58774999999999977e+00,2.58774999999999977e+00,6.21639841975318186e-01,-1.20112625185178956e-01,-1.20112035933787706e-01,-7.13681049195657937e-04,-7.13677548002086435e-04,-1.42735509600417287e-03,-2.14103614519983070e-03,-2.14103264400625909e-03
2.59499999999999975e+00,2.59499999999999975e+00,6.20770855244200837e-01,-1.19609611494915669e-01,-1.19609027985395161e-01,-7.06726694314210912e-04,-7.06723246583302201e-04,-1.41344649316660462e-03,-2.12017318748081553e-03,-2.12016973974990704e-03
2.60225000000000017e+00,2.60225000000000017e+00,6.19905502608641967e-01,-1.19110098947764698e-01,-1.19109521108395025e-01,-6.99859224698089612e-04,-6.99855829467820804e-04,-1.39971165893564161e-03,-2.09957088363373111e-03,-2.09956748840346230e-03
2.60950000000000015e+00,2.60950000000000015e+00,6.19043758809458167e-01,-1.18614053521632457e-01,-1.18613481281750935e-01,-6.93077317282833312e-04,-6.93073973610897737e-04,-1.38614794722179547e-03,-2.07922526450462879e-03,-2.07922192083269310e-03
2.61675000000000013e+00,2.61675000000000013e+00,6.18185598832578287e-01,-1.18121441618249889e-01,-1.18120874908298132e-01,-6.86379672748223865e-04,-6.86376379711956257e-04,-1.37275275942391251e-03,-2.05913243217213660e-03,-2.05912913913586888e-03
2.62400000000000011e+00,2.62400000000000011e+00,6.17330997905993550e-01,-1.17632230056862852e-01,-1.17631668808306694e-01,-6.79765015028690783e-04,-6.79761771724257712e-04,-1.35952354344851542e-03,-2.03928855847720610e-03,-2.03928531517277335e-03
2.63125000000000009e+00,2.63125000000000009e+00,6.16479931496753841e-01,-1.17146386067801700e-01,-1.17145830213159871e-01,-6.73232090833779796e-04,-6.73228896376013887e-04,-1.34645779275202756e-03,-2.01968988358580724e-03,-2.01968668912804166e-03
2.63850000000000007e+00,2.63850000000000007e+00,6.15632375308010404e-01,-1.16663877286335094e-01,-1.16663326759145425e-01,-6.66779669180769005e-04,-6.66776522702647876e-04,-1.33355304540529553e-03,-2.00033271458606443e-03,-2.00032956810794341e-03
2.64575000000000005e+00,2.64575000000000005e+00,6.14788305276101954e-01,-1.16184671746566437e-01,-1.16184126481357258e-01,-6.60406540937743917e-04,-6.60403441589910308e-04,-1.32080688317982062e-03,-1.98121342411756475e-03,-1.98121032476973082e-03
2.65300000000000002e+00,2.65300000000000002e+00,6.13947697567685191e-01,-1.15708737875415579e-01,-1.15708197807705457e-01,-6.54111518377122015e-04,-6.54108465327573815e-04,-1.30821693065514741e-03,-1.96232844903226943e-03,-1.96232539598272145e-03
2.66025000000000000e+00,2.66025000000000000e+00,6.13110528576908398e-01,-1.15236044486771050e-01,-1.15235509553032314e-01,-6.47893434739845115e-04,-6.47890427173428715e-04,-1.29578085434685743e-03,-1.94367428908670255e-03,-1.94367128152028615e-03
2.66749999999999998e+00,2.66749999999999998e+00,6.12276774922626998e-01,-1.14766560775684923e-01,-1.14766030913332151e-01,-6.41751143809265795e-04,-6.41748180927319604e-04,-1.28349636185463921e-03,-1.92524750566390500e-03,-1.92524454278195870e-03
2.67475000000000041e+00,2.67475000000000041e+00,6.11446413445660975e-01,-1.14300256312681370e-01,-1.14299731460073065e-01,-6.35683519494882284e-04,-6.35680600514960253e-04,-1.27136120102992029e-03,-1.90704472052480268e-03,-1.90704180154488054e-03
2.68200000000000038e+00,2.68200000000000038e+00,6.10619421206093027e-01,-1.13837101038228639e-01,-1.13836581134618364e-01,-6.29689455425960082e-04,-6.29686579581281692e-04,-1.25937315916256317e-03,-1.88906261458852325e-03,-1.88905973874384497e-03
2.68925000000000036e+00,2.68925000000000036e+00,6.09795775480606705e-01,-1.13377065257175502e-01,-1.13376550242745497e-01,-6.23767864553698495e-04,-6.23765031093064296e-04,-1.24753006218612859e-03,-1.87129792673982709e-03,-1.87129509327919278e-03
2.69650000000000034e+00,2.69650000000000034e+00,6.08975453759863949e-01,-1.12920119633479032e-01,-1.12919609449260869e-01,-6.17917678763533281e-04,-6.17914886950622871e-04,-1.23582977390124596e-03,-1.85374745266477913e-03,-1.85374466085186894e-03
2.70375000000000032e+00,2.70375000000000032e+00,6.08158433745921267e-01,-1.12466235184804475e-01,-1.12465729772708495e-01,-6.12137848495034119e-04,-6.12135097608312146e-04,-1.22427019521662429e-03,-1.83640804371165830e-03,-1.83640529282493633e-03
2.71100000000000030e+00,2.71100000000000030e+00,6.07344693349684328e-01,-1.12015383277373815e-01,-1.12014882580170463e-01,-6.06427342371267174e-04,-6.06424631703629557e-04,-1.21284926340725933e-03,-1.81927660577852661e-03,-1.81927389511088878e-03
2.71825000000000028e+00,2.71825000000000028e+00,6.06534210688399300e-01,-1.11567535620878289e-01,-1.11567039582157496e-01,-6.00785146836389241e-04,-6.00782475694698701e-04,-1.20156495138939740e-03,-1.80235009822578675e-03,-1.80234742708409610e-03
2.72550000000000026e+00,2.72550000000000026e+00,6.05726964083181607e-01,-1.11122664263405113e-01,-1.11122172827587878e-01,-5.95210265801011072e-04,-5.95207633505922249e-04,-1.19041526701184450e-03,-1.78562553281285557e-03,-1.78562290051776686e-03
2.73275000000000023e+00,2.73275000000000023e+00,6.04922932056579987e-01,-1.10680741586527631e-01,-1.10680254698852787e-01,-5.89701720295943968e-04,-5.89699126181599193e-04,-1.17939825236319839e-03,-1.76909997265914235e-03,-1.76909737854479758e-03
2.74000000000000021e+00,2.74000000000000021e+00,6.04122093330176968e-01,-1.10241740300480728e-01,-1.10241257906966594e-01,-5.84258548133708279e-04,-5.84255991547306171e-04,-1.16851198309461234e-03,-1.75277053122832073e-03,-1.75276797464191851e-03
2.74725000000000019e+00,2.74725000000000019e+00,6.03324426822222981e-01,-1.09805633439343353e-01,-1.09805155486800060e-01,-5.78879803577208923e-04,-5.78877283878850000e-04,-1.15775456775770000e-03,-1.73663437133490892e-03,-1.73663185163655011e-03
2.75450000000000017e+00,2.75450000000000017e+00,6.02529911645306449e-01,-1.09372394356405778e-01,-1.09371920792395425e-01,-5.73564557016342379e-04,-5.73562073578602746e-04,-1.14712414715720549e-03,-1.72068870417354776e-03,-1.72068622073580824e-03
2.76175000000000015e+00,2.76175000000000015e+00,6.01738527104055176e-01,-1.08941996719508438e-01,-1.08941527492360843e-01,-5.68311894651228047e-04,-5.68309446859033090e-04,-1.13661889371806640e-03,-1.70493078836929444e-03,-1.70492834057709959e-03
2.76900000000000013e+00,2.76900000000000013e+00,6.00950252692873610e-01,-1.08514414506544199e-01,-1.08513949565343729e-01,-5.63120918182911392e-04,-5.63118505433260605e-04,-1.12623701086652099e-03,-1.68935792904943228e-03,-1.68935551629978160e-03
2.77625000000000011e+00,2.77625000000000011e+00,6.00165068093710286e-01,-1.08089622001045882e-01,-1.08089161295580410e-01,-5.57990744510952199e-04,-5.57988366212453955e-04,-1.11597673242490791e-03,-1.67396747693586011e-03,-1.67396509863736186e-03
2.78350000000000009e+00,2.78350000000000009e+00,5.99382953173858479e-01,-1.07667593787731164e-01,-1.07667137268521368e-01,-5.52920505437078406e-04,-5.52918161009908322e-04,-1.10583632201981664e-03,-1.65875682745689505e-03,-1.65875448302972486e-03
2.79075000000000006e+00,2.79075000000000006e+00,5.98603887983788163e-01,-1.07248304748281953e-01,-1.07247852366530172e-01,-5.47909347376188431e-04,-5.47907036251635304e-04,-1.09581407250327061e-03,-1.64372341987945904e-03,-1.64372110875490602e-03
2.79800000000000004e+00,2.79800000000000004e+00,5.97827852755008382e-01,-1.06831730057024288e-01,-1.06831281764654826e-01,-5.42956431072818646e-04,-5.42954152693306573e-04,-1.08590830538661315e-03,-1.62886473645943190e-03,-1.62886245807991972e-03
2.80525000000000002e+00,2.80525000000000002e+00,5.97054827897961271e-01,-1.06417845176856929e-01,-1.06417400926470243e-01,-5.38060931324723431e-04,-5.38058685143395473e-04,-1.07611737028679095e-03,-1.61417830161151438e-03,-1.61417605543018642e-03
2.81250000000000000e+00,2.81250000000000000e+00,5.96284793999943941e-01,-1.06006625855144421e-01,-1.06006185599990033e-01,-5.33222036711959832e-04,-5.33219822192365330e-04,-1.06643964438473066e-03,-1.59966168109669038e-03,-1.59965946657709599e-03
2.81974999999999998e+00,2.81974999999999998e+00,5.95517731823061669e-01,-1.05598048119638577e-01,-1.05597611813646894e-01,-5.28438949331673383e-04,-5.28436765947757335e-04,-1.05687353189551467e-03,-1.58531248122718805e-03,-1.58531029784327211e-03
2.82699999999999996e+00,2.82699999999999996e+00,5.94753622302209184e-01,-1.05192088274598916e-01,-1.05191655872339793e-01,-5.23710884539309025e-04,-5.23708731775034456e-04,-1.04741746355006891e-03,-1.57112834808937783e-03,-1.57112619532510326e-03
2.83424999999999994e+00,2.83424999999999994e+00,5.93992446543080033e-01,-1.04788722896870468e-01,-1.04788294353546807e-01,-5.19037070694889041e-04,-5.19034948044042391e-04,-1.03806989608808500e-03,-1.55710696678297393e-03,-1.55710484413212739e-03
2.84149999999999991e+00,2.84149999999999991e+00,5.93234185820204596e-01,-1.04387928832046839e-01,-1.04387504103502490e-01,-5.14416748914881569e-04,-5.14414655880951260e-04,-1.02882931176190274e-03,-1.54324606067678420e-03,-1.54324396764285400e-03
2.84874999999999989e+00,2.84874999999999989e+00,5.92478821575015302e-01,-1.03989683190754079e-01,-1.03989262233438406e-01,-5.09849172829701658e-04,-5.09847108925546872e-04,-1.01969421785109374e-03,-1.52954339068079540e-03,-1.52954132677664062e-03
2.85599999999999987e+00,2.85599999999999987e+00,5.91726335413938598e-01,-1.03593963344927431e-01,-1.03593546115885615e-01,-5.05333608346090254e-04,-5.05331573093741548e-04,-1.01066314618748310e-03,-1.51599675453357335e-03,-1.51599471928122453e-03
2.86324999999999985e+00,2.86324999999999985e+00,5.90976709106513898e-01,-1.03200746924144937e-01,-1.03200333381037970e-01,-5.00869333414572242e-04,-5.00867326345180806e-04,-1.00173465269036161e-03,-1.50260398610493374e-03,-1.50260197903554242e-03
2.87049999999999983e+00,2.87049999999999983e+00,5.90229924583538512e-01,-1.02810011812110247e-01,-1.02809601913175147e-01,-4.96455637802325090e-04,-4.96453658455822959e-04,-9.92907316911646135e-04,-1.48936295471397123e-03,-1.48936097536746899e-03
2.87774999999999981e+00,2.87774999999999981e+00,5.89485963935238333e-01,-1.02421736143092801e-01,-1.02421329847144194e-01,-4.92091822870407828e-04,-4.92089870795374743e-04,-9.84179741590749486e-04,-1.47627156446115742e-03,-1.47626961238612412e-03
2.88499999999999979e+00,2.88499999999999979e+00,5.88744809409463721e-01,-1.02035898298474592e-01,-1.02035495564898396e-01,-4.87777201355969173e-04,-4.87775276109463172e-04,-9.75550552218926344e-04,-1.46332775357489557e-03,-1.46332582832838952e-03
2.89224999999999977e+00,2.89224999999999977e+00,5.88006443409910484e-01,-1.01652476903353772e-01,-1.01652077692092752e-01,-4.83511097159084054e-04,-4.83509198306437320e-04,-9.67018396612874748e-04,-1.45052949377195875e-03,-1.45052759491931201e-03
2.89950000000000019e+00,2.89950000000000019e+00,5.87270848494365172e-01,-1.01271450823183784e-01,-1.01271055094734455e-01,-4.79292845134013097e-04,-4.79290972248685207e-04,-9.58581944497370413e-04,-1.43787478963138351e-03,-1.43787291674605557e-03
2.90675000000000017e+00,2.90675000000000017e+00,5.86538007372974235e-01,-1.00892799160504865e-01,-1.00892406875887880e-01,-4.75121790885053147e-04,-4.75119943548362031e-04,-9.50239887096724061e-04,-1.42536167798177726e-03,-1.42535983064508609e-03
2.91400000000000015e+00,2.91400000000000015e+00,5.85807902906537836e-01,-1.00516501251654233e-01,-1.00516112372432700e-01,-4.70997290566340754e-04,-4.70995468367423986e-04,-9.41990936734847972e-04,-1.41298822730118873e-03,-1.41298640510227201e-03
2.92125000000000012e+00,2.92125000000000012e+00,5.85080518104825309e-01,-1.00142536663611281e-01,-1.00142151151874248e-01,-4.66918710686254289e-04,-4.66916913221867972e-04,-9.33833826443735836e-04,-1.40075253712999013e-03,-1.40075073966560381e-03
2.92850000000000010e+00,2.92850000000000010e+00,5.84355836124915484e-01,-9.97708851908569727e-02,-9.97705030092052997e-02,-4.62885427915745329e-04,-4.62883654790078095e-04,-9.25767309580156298e-04,-1.38865273749590157e-03,-1.38865096437023445e-03
2.93575000000000008e+00,2.93575000000000008e+00,5.83633840269557891e-01,-9.94015268522758788e-02,-9.94011479638180762e-02,-4.58896828900645962e-04,-4.58895079725182582e-04,-9.17790159450365163e-04,-1.37668698835101107e-03,-1.37668523917554774e-03
2.94300000000000006e+00,2.94300000000000006e+00,5.82914513985557492e-01,-9.90344418881221600e-02,-9.90340662564657692e-02,-4.54952310077960437e-04,-4.54950584471327428e-04,-9.09901168942654857e-04,-1.36485347902061535e-03,-1.36485175341398229e-03
2.95025000000000004e+00,2.95025000000000004e+00,5.82197840862180072e-01,-9.86696107570423919e-02,-9.86692383462723643e-02,-4.51051277496021281e-04,-4.51049575083776143e-04,-9.02099150167552178e-04,-1.35315042766357340e-03,-1.35314872525132837e-03
2.95750000000000002e+00,2.95750000000000002e+00,5.81483804629580381e-01,-9.83070141330912861e-02,-9.83066449077904247e-02,-4.47193146638131297e-04,-4.47191467052747058e-04,-8.94382934105494225e-04,-1.34157608074362547e-03,-1.34157440115824128e-03
2.96475000000000000e+00,2.96475000000000000e+00,5.80772389157250268e-01,-9.79466329028824134e-02,-9.79462668281052828e-02,-4.43377342250261559e-04,-4.43375685130900339e-04,-8.86751370261800679e-04,-1.33012871251206224e-03,-1.33012705539270102e-03
2.97200000000000042e+00,2.97200000000000042e+00,5.80063578452488571e-01,-9.75884481627247169e-02,-9.75880852039852781e-02,-4.39603298172038057e-04,-4.39601663164391533e-04,-8.79203326328783065e-04,-1.31880662450082112e-03,-1.31880498949317471e-03
2.97925000000000040e+00,2.97925000000000040e+00,5.79357356658890765e-01,-9.72324412157945517e-02,-9.72320813390770700e-02,-4.35870457171172703e-04,-4.35868843927409517e-04,-8.71737687854819035e-04,-1.30760814502599168e-03,-1.30760653178222850e-03
2.98650000000000038e+00,2.98650000000000038e+00,5.78653708054859606e-01,-9.68785935694000955e-02,-9.68782367411450684e-02,-4.32178270781514962e-04,-4.32176678960117231e-04,-8.64353357920234463e-04,-1.29653162870174937e-03,-1.29653003688035180e-03
2.99375000000000036e+00,2.99375000000000036e+00,5.77952617052134521e-01,-9.65268869322670753e-02,-9.65265331193543991e-02,-4.28526199144328072e-04,-4.28524628409919267e-04,-8.57049256819838643e-04,-1.28557545596416677e-03,-1.28557388522975791e-03
3.00099999999999989e+00,3.00099999999999989e+00,5.77254068194341774e-01,-9.61773032118529159e-02,-9.61769523815964311e-02,-4.24913710852752925e-04,-4.24912160875978934e-04,-8.49824321751957977e-04,-1.27473803260471090e-03,-1.27473648262793702e-03
3.00825000000000031e+00,3.00825000000000031e+00,5.76558046155562609e-01,-9.58298245117177316e-02,-9.58294766318561475e-02,-4.21340282799512569e-04,-4.21338753256909264e-04,-8.42677506513818527e-04,-1.26401778931333115e-03,-1.26401625977072768e-03
3.01550000000000029e+00,3.01550000000000029e+00,5.75864535738921823e-01,-9.54844331289024240e-02,-9.54840881676209258e-02,-4.17805400027574042e-04,-4.17803890601571451e-04,-8.35607781203142794e-04,-1.25341318123071673e-03,-1.25341167180471414e-03
3.02275000000000027e+00,3.02275000000000027e+00,5.75173521875193550e-01,-9.51411115514275707e-02,-9.51407694773291762e-02,-4.14308555584193077e-04,-4.14307065962900062e-04,-8.28614131925800123e-04,-1.24292268750999320e-03,-1.24292119788870013e-03
3.03000000000000025e+00,3.03000000000000025e+00,5.74484989621426134e-01,-9.47998424557852104e-02,-9.47995032378590868e-02,-4.10849250377717280e-04,-4.10847780254697487e-04,-8.21695560509394973e-04,-1.23254481088711215e-03,-1.23254334076409251e-03
3.03725000000000023e+00,3.03725000000000023e+00,5.73798924159584667e-01,-9.44606087043950993e-02,-9.44602723120560733e-02,-4.07426993036962405e-04,-4.07425542111322083e-04,-8.14851084222644058e-04,-1.22227807725960652e-03,-1.22227662633396603e-03
3.04450000000000021e+00,3.04450000000000021e+00,5.73115310795212385e-01,-9.41233933432314984e-02,-9.41230597462986290e-02,-4.04041299773998488e-04,-4.04039867750209604e-04,-8.08079735500419425e-04,-1.21212103527441797e-03,-1.21211960325062892e-03
3.05175000000000018e+00,3.05175000000000018e+00,5.72434134956107843e-01,-9.37881795994357503e-02,-9.37878487681015477e-02,-4.00691694249474589e-04,-4.00690280837162106e-04,-8.01380561674323996e-04,-1.20207225592379864e-03,-1.20207084251148610e-03
3.05900000000000016e+00,3.05900000000000016e+00,5.71755382191020622e-01,-9.34549508788791172e-02,-9.34546227837562277e-02,-3.97377707440279020e-04,-3.97376312354341568e-04,-7.94752624708683136e-04,-1.19213033214896221e-03,-1.19212893706302460e-03
3.06625000000000014e+00,3.06625000000000014e+00,5.71079038168364028e-01,-9.31236907639672040e-02,-9.31233653760071695e-02,-3.94098877510725223e-04,-3.94097500470911232e-04,-7.88195000941822681e-04,-1.18229387845254796e-03,-1.18229250141273397e-03
3.07350000000000012e+00,3.07350000000000012e+00,5.70405088674943106e-01,-9.27943830112170076e-02,-9.27940603017639587e-02,-3.90854749685198464e-04,-3.90853390416260010e-04,-7.81706780832520020e-04,-1.17256153051771843e-03,-1.17256017124877992e-03
3.08075000000000010e+00,3.08075000000000010e+00,5.69733519614701422e-01,-9.24670115490613398e-02,-9.24666914898484849e-02,-3.87644876124155135e-04,-3.87643534355757466e-04,-7.75287068711514931e-04,-1.16293194483567007e-03,-1.16293060306727229e-03
3.08800000000000008e+00,3.08800000000000008e+00,5.69064317007481724e-01,-9.21415604756674611e-02,-9.21412430387761883e-02,-3.84468815802502814e-04,-3.84467491268980130e-04,-7.68934982537960478e-04,-1.15340379834046329e-03,-1.15340247380694072e-03
3.09525000000000006e+00,3.09525000000000006e+00,5.68397466987804245e-01,-9.18180140566988712e-02,-9.18176992145713911e-02,-3.81326134390017426e-04,-3.81324826830355536e-04,-7.62649653660711180e-04,-1.14397578805072861e-03,-1.14397448049106672e-03
3.10250000000000004e+00,3.10250000000000004e+00,5.67732955803659567e-01,-9.14963567231978914e-02,-9.14960444486155600e-02,-3.78216404134491997e-04,-3.78215113292169316e-04,-7.56430226584338741e-04,-1.13464663071883068e-03,-1.13464533987650811e-03
3.10975000000000001e+00,3.10975000000000001e+00,5.67070769815317899e-01,-9.11765730694185095e-02,-9.11762633355282376e-02,-3.75139203746855461e-04,-3.75137929369884974e-04,-7.50275858739770057e-04,-1.12541506248662552e-03,-1.12541378810965503e-03
3.11699999999999999e+00,3.11699999999999999e+00,5.66410895494153022e-01,-9.08586478507871220e-02,-9.08583406310800451e-02,-3.72094118288949550e-04,-3.72092860129723875e-04,-7.44185720259447751e-04,-1.11627983854839736e-03,-1.11627858038917168e-03
3.12424999999999997e+00,3.12424999999999997e+00,5.65753319421481438e-01,-9.05425659818490658e-02,-9.05422612501370627e-02,-3.69080739063325225e-04,-3.69079496878456045e-04,-7.38158993756912090e-04,-1.10723973282023731e-03,-1.10723849063536824e-03
3.13149999999999995e+00,3.13149999999999995e+00,5.65098028287416176e-01,-9.02283125342009384e-02,-9.02280102646361437e-02,-3.66098663505018862e-04,-3.66097437055353783e-04,-7.32194874110707675e-04,-1.09829353761572643e-03,-1.09829231116606151e-03
3.13874999999999993e+00,3.13874999999999993e+00,5.64445008889735589e-01,-8.99158727345152897e-02,-8.99155729015907040e-02,-3.63147495075698289e-04,-3.63146284126260831e-04,-7.26292568252521662e-04,-1.08944006332821995e-03,-1.08943885237878244e-03
3.14599999999999991e+00,3.14599999999999991e+00,5.63794248132765685e-01,-8.96052319626150506e-02,-8.96049345411261411e-02,-3.60226843159955703e-04,-3.60225647479729325e-04,-7.20451294959458650e-04,-1.08067813811941441e-03,-1.08067694243918792e-03
3.15325000000000033e+00,3.15325000000000033e+00,5.63145733026277684e-01,-8.92963757494698029e-02,-8.92960807145449370e-02,-3.57336322963190624e-04,-3.57335142325182530e-04,-7.14670284650365060e-04,-1.07200660761355574e-03,-1.07200542697554759e-03
3.16050000000000031e+00,3.16050000000000031e+00,5.62499450684398328e-01,-8.89892897753412626e-02,-8.89889971024202253e-02,-3.54475555411959626e-04,-3.54474389593056026e-04,-7.08948779186112160e-04,-1.06342433459807179e-03,-1.06342316877916813e-03
3.16775000000000029e+00,3.16775000000000029e+00,5.61855388324535188e-01,-8.86839598679003416e-02,-8.86836695327180430e-02,-3.51644167056032009e-04,-3.51643015836876956e-04,-7.03286031673754021e-04,-1.05493019872978603e-03,-1.05492904751063087e-03
3.17500000000000027e+00,3.17500000000000027e+00,5.61213533266313735e-01,-8.83803720003584203e-02,-8.83800839789470327e-02,-3.48841789972288013e-04,-3.48840653137237112e-04,-6.97681306274474224e-04,-1.04652309624676224e-03,-1.04652195941171144e-03
3.18225000000000025e+00,3.18225000000000025e+00,5.60573872930529959e-01,-8.80785122896128314e-02,-8.80782265583360674e-02,-3.46068061670421151e-04,-3.46066939007622489e-04,-6.92133878015245086e-04,-1.03820193968566618e-03,-1.03820081702286752e-03
3.18950000000000022e+00,3.18950000000000022e+00,5.59936394838114415e-01,-8.77783669945415568e-02,-8.77780835300383117e-02,-3.43322625000937306e-04,-3.43321516302055310e-04,-6.86643032604110511e-04,-1.02996565760504776e-03,-1.02996454890616571e-03
3.19675000000000020e+00,3.19675000000000020e+00,5.59301086609109155e-01,-8.74799225141558168e-02,-8.74796412933618733e-02,-3.40605128064261895e-04,-3.40604033124511374e-04,-6.81208066249022639e-04,-1.02181319431328453e-03,-1.02181209937353412e-03
3.20400000000000018e+00,3.20400000000000018e+00,5.58667935961659090e-01,-8.71831653859018729e-02,-8.71828863860266978e-02,-3.37915224122071914e-04,-3.37914142740076517e-04,-6.75828285480153143e-04,-1.01374350960222511e-03,-1.01374242822022966e-03
3.21125000000000016e+00,3.21125000000000016e+00,5.58036930711013568e-01,-8.68880822839059874e-02,-8.68878054824466367e-02,-3.35252571510004111e-04,-3.35251503487801208e-04,-6.70503006975602415e-04,-1.00575557848560653e-03,-1.00575451046340351e-03
3.21850000000000014e+00,3.21850000000000014e+00,5.57408058768542491e-01,-8.65946600172904368e-02,-8.65943853920370515e-02,-3.32616833552207606e-04,-3.32615778695220202e-04,-6.65231557390440404e-04,-9.97848390942648010e-04,-9.97847336085660661e-04
3.22575000000000012e+00,3.22575000000000012e+00,5.56781308140762876e-01,-8.63028855285534746e-02,-8.63026130575467454e-02,-3.30007678477674759e-04,-3.30006636594499809e-04,-6.60013273188999727e-04,-9.90020951666674594e-04,-9.90019909783499590e-04
3.23300000000000010e+00,3.23300000000000010e+00,5.56156666928378507e-01,-8.60127458918427124e-02,-8.60124755534145552e-02,-3.27424779337661829e-04,-3.27423750240180174e-04,-6.54847500480360348e-04,-9.82272279818022231e-04,-9.82271250720540522e-04
3.24025000000000007e+00,3.24025000000000007e+00,5.55534123325331142e-01,-8.57242283114132420e-02,-8.57239600841495503e-02,-3.24867813925288338e-04,-3.24866797428476322e-04,-6.49733594856952645e-04,-9.74601408782240983e-04,-9.74600392285428913e-04
3.24750000000000005e+00,3.24750000000000005e+00,5.54913665617862928e-01,-8.54373201199933874e-02,-8.54370539827348646e-02,-3.22336464696218407e-04,-3.22335460618106953e-04,-6.44670921236213798e-04,-9.67007385932432259e-04,-9.67006381854320805e-04
3.25475000000000003e+00,3.25475000000000003e+00,5.54295282183591254e-01,-8.51520087772001943e-02,-8.51517447090546498e-02,-3.19830418690940864e-04,-3.19829426852618292e-04,-6.39658853705236475e-04,-9.59489272396177339e-04,-9.59488280557854820e-04
3.26200000000000001e+00,3.26200000000000001e+00,5.53678961490593591e-01,-8.48682818680046580e-02,-8.48680198483435927e-02,-3.17349367458614670e-04,-3.17348387684170423e-04,-6.34696775368340954e-04,-9.52046142826955570e-04,-9.52045163052511376e-04
3.26924999999999999e+00,3.26924999999999999e+00,5.53064692096505217e-01,-8.45861271012182669e-02,-8.45858671096589715e-02,-3.14893006982342231e-04,-3.14892039098757753e-04,-6.29784078197515506e-04,-9.44677085179857737e-04,-9.44676117296273259e-04
3.27649999999999997e+00,3.27649999999999997e+00,5.52452462647625930e-01,-8.43055323079795471e-02,-8.43052743243744712e-02,-3.12461037605761538e-04,-3.12460081442829884e-04,-6.24920162885659767e-04,-9.37381200491421360e-04,-9.37380244328489651e-04
3.28374999999999995e+00,3.28374999999999995e+00,5.51842261878039531e-01,-8.40264854402335004e-02,-8.40262294446957742e-02,-3.10053163960907481e-04,-3.10052219351288115e-04,-6.20104438702576231e-04,-9.30157602663483712e-04,-9.30156658053864346e-04
3.29099999999999993e+00,3.29099999999999993e+00,5.51234078608742517e-01,-8.37489745693318355e-02,-8.37487205421972858e-02,-3.07669094897786188e-04,-3.07668161676824742e-04,-6.15336323353649485e-04,-9.23005418251435618e-04,-9.23004485030474173e-04
3.29824999999999990e+00,3.29824999999999990e+00,5.50627901746784221e-01,-8.34729878845195117e-02,-8.34727358063797886e-02,-3.05308543414767623e-04,-3.05307621420579866e-04,-6.10615242841159624e-04,-9.15923786255927247e-04,-9.15922864261739435e-04
3.30550000000000033e+00,3.30550000000000033e+00,5.50023720284416928e-01,-8.31985136915776025e-02,-8.31982635432486628e-02,-3.02971226590769229e-04,-3.02970315664086946e-04,-6.05940631328173891e-04,-9.08911857918943120e-04,-9.08910946992260837e-04
3.31275000000000031e+00,3.31275000000000031e+00,5.49421523298256220e-01,-8.29255404113879990e-02,-8.29252921739123405e-02,-3.00656865518339022e-04,-3.00655965502481825e-04,-6.01311931004963542e-04,-9.01968796523302564e-04,-9.01967896507445367e-04
3.32000000000000028e+00,3.32000000000000028e+00,5.48821299948451746e-01,-8.26540565785549575e-02,-8.26538102332005503e-02,-2.98365185238110800e-04,-2.98364295978946232e-04,-5.96728591957892572e-04,-8.95093777196003318e-04,-8.95092887936838749e-04
3.32725000000000026e+00,3.32725000000000026e+00,5.48223039477867213e-01,-8.23840508400337512e-02,-8.23838063683022259e-02,-2.96095914674426928e-04,-2.96095036020364388e-04,-5.92190072040728885e-04,-8.88285986715155814e-04,-8.88285108061093219e-04
3.33450000000000024e+00,3.33450000000000024e+00,5.47626731211271256e-01,-8.21155119538019562e-02,-8.21152693374225806e-02,-2.93848786572230129e-04,-2.93847918374163901e-04,-5.87695836748327802e-04,-8.81544623320557877e-04,-8.81543755122491703e-04
3.34175000000000022e+00,3.34175000000000022e+00,5.47032364554537076e-01,-8.18484287875591576e-02,-8.18481880084591940e-02,-2.91623537435149684e-04,-2.91622679546318963e-04,-5.83245359092637926e-04,-8.74868896527787555e-04,-8.74868038638956834e-04
3.34900000000000020e+00,3.34900000000000020e+00,5.46439928993851631e-01,-8.15827903173698132e-02,-8.15825513576965700e-02,-2.89419907464456188e-04,-2.89419059740490781e-04,-5.78838119480981563e-04,-8.68258026945437750e-04,-8.68257179221472398e-04
3.35625000000000018e+00,3.35625000000000018e+00,5.45849414094935148e-01,-8.13185856264126983e-02,-8.13183484685191943e-02,-2.87237640499446261e-04,-2.87236802798283212e-04,-5.74473605596566533e-04,-8.61711246096012740e-04,-8.61710408394849746e-04
3.36350000000000016e+00,3.36350000000000016e+00,5.45260809502268740e-01,-8.10558039036735067e-02,-8.10555685301425216e-02,-2.85076483958653147e-04,-2.85075656140589538e-04,-5.70151312281178967e-04,-8.55227796239832168e-04,-8.55226968421768504e-04
3.37075000000000014e+00,3.37075000000000014e+00,5.44674104938331904e-01,-8.07944344427440342e-02,-8.07942008363616293e-02,-2.82936188782440380e-04,-2.82935370710007939e-04,-5.65870741420015878e-04,-8.48806930202456204e-04,-8.48806112130023817e-04
3.37800000000000011e+00,3.37800000000000011e+00,5.44089290202848908e-01,-8.05344666405929388e-02,-8.05342347843174822e-02,-2.80816509376480207e-04,-2.80815700914306590e-04,-5.61631401828613180e-04,-8.42447911205093441e-04,-8.42447102742919715e-04
3.38525000000000009e+00,3.38525000000000009e+00,5.43506355172043376e-01,-8.02758899962654482e-02,-8.02756598732801696e-02,-2.78717203555950031e-04,-2.78716404570913154e-04,-5.57432809141826307e-04,-8.36150012697776338e-04,-8.36149213712739461e-04
3.39250000000000007e+00,3.39250000000000007e+00,5.42925289797903110e-01,-8.00186941097535964e-02,-8.00184657034492403e-02,-2.76638032491274323e-04,-2.76637242852411183e-04,-5.53274485704822365e-04,-8.29912518196096634e-04,-8.29911728557233548e-04
3.39975000000000005e+00,3.39975000000000005e+00,5.42346084107451887e-01,-7.97628686808380394e-02,-7.97626419747704818e-02,-2.74578760654689883e-04,-2.74577980233021350e-04,-5.49155960466042700e-04,-8.23734721120732583e-04,-8.23733940699064105e-04
3.40700000000000003e+00,3.40700000000000003e+00,5.41768728202030925e-01,-7.95084035078374995e-02,-7.95081784857691459e-02,-2.72539155767402368e-04,-2.72538384436048274e-04,-5.45076768872096548e-04,-8.17615924639498916e-04,-8.17615153308144877e-04
3.41425000000000001e+00,3.41425000000000001e+00,5.41193212256588230e-01,-7.92552884865216356e-02,-7.92550651323992439e-02,-2.70518988748198253e-04,-2.70518226382273198e-04,-5.41036452764546397e-04,-8.11555441512744596e-04,-8.11554679146819649e-04
3.42149999999999999e+00,3.42149999999999999e+00,5.40619526518976379e-01,-7.90035136089386469e-02,-7.90032919069087181e-02,-2.68518033662635376e-04,-2.68517280139273992e-04,-5.37034560278547984e-04,-8.05552593941183306e-04,-8.05551840417821977e-04
3.42874999999999996e+00,3.42874999999999996e+00,5.40047661309258631e-01,-7.87530689623281432e-02,-7.87528488967201845e-02,-2.66536067673380514e-04,-2.66535322871653440e-04,-5.33070645743306880e-04,-7.99606713416687394e-04,-7.99605968614960265e-04
3.43599999999999994e+00,3.43599999999999994e+00,5.39477607019022587e-01,-7.85039447280340141e-02,-7.85037262833269134e-02,-2.64572870991383428e-04,-2.64572134792157878e-04,-5.29144269584315755e-04,-7.93717140575699183e-04,-7.93716404376473578e-04
3.44324999999999992e+00,3.44324999999999992e+00,5.38909354110702177e-01,-7.82561311803178228e-02,-7.82559143412041164e-02,-2.62628226827536456e-04,-2.62627499113668125e-04,-5.25254998227336358e-04,-7.87883225054872814e-04,-7.87882497341004483e-04
3.45050000000000034e+00,3.45050000000000034e+00,5.38342893116907972e-01,-7.80096186853711515e-02,-7.80094034367349587e-02,-2.60701921345813997e-04,-2.60701202002046285e-04,-5.21402404004092461e-04,-7.82104325349906458e-04,-7.82103606006138746e-04
3.45775000000000032e+00,3.45775000000000032e+00,5.37778214639764163e-01,-7.77643977003066311e-02,-7.77641840271511980e-02,-2.58793743617122686e-04,-2.58793032529820038e-04,-5.17586065059639968e-04,-7.76379808676762708e-04,-7.76379097589459952e-04
3.46500000000000030e+00,3.46500000000000030e+00,5.37215309350253523e-01,-7.75204587719571236e-02,-7.75202466594882428e-02,-2.56903485573284926e-04,-2.56902782630688217e-04,-5.13805565261376434e-04,-7.70709050834661414e-04,-7.70708347892064705e-04
3.47225000000000028e+00,3.47225000000000028e+00,5.36654167987570818e-01,-7.72777925359520168e-02,-7.72775819695544347e-02,-2.55030941962709767e-04,-2.55030247054833191e-04,-5.10060494109666382e-04,-7.65091436072376204e-04,-7.65090741164499519e-04
3.47950000000000026e+00,3.47950000000000026e+00,5.36094781358482209e-01,-7.70363897157082533e-02,-7.70361806809142374e-02,-2.53175910306516975e-04,-2.53175223325020871e-04,-5.06350446650041743e-04,-7.59526356956558664e-04,-7.59525669975062668e-04
3.48675000000000024e+00,3.48675000000000024e+00,5.35537140336693085e-01,-7.67962411213645169e-02,-7.67960336038851499e-02,-2.51338190855203967e-04,-2.51337511693475808e-04,-5.02675023386951617e-04,-7.54013214242155584e-04,-7.54012535080427425e-04
3.49400000000000022e+00,3.49400000000000022e+00,5.34981235862222460e-01,-7.65573376488433155e-02,-7.65571316345481367e-02,-2.49517586546449258e-04,-2.49516915099514097e-04,-4.99033830199028302e-04,-7.48551416745477614e-04,-7.48550745298542453e-04
3.50125000000000020e+00,3.50125000000000020e+00,5.34427058940784794e-01,-7.63196702788562220e-02,-7.63194657537714788e-02,-2.47713902963427816e-04,-2.47713239127921069e-04,-4.95426478255842138e-04,-7.43140381219269900e-04,-7.43139717383763153e-04
3.50850000000000017e+00,3.50850000000000017e+00,5.33874600643179043e-01,-7.60832300759304303e-02,-7.60830270262475433e-02,-2.45926948293883404e-04,-2.45926291968056872e-04,-4.91852583936113743e-04,-7.37779532229997093e-04,-7.37778875904170615e-04
3.51575000000000015e+00,3.51575000000000015e+00,5.33323852104683804e-01,-7.58480081874850498e-02,-7.58478065995425998e-02,-2.44156533290035326e-04,-2.44155884373677991e-04,-4.88311768747356090e-04,-7.32468302037391416e-04,-7.32467653121034136e-04
3.52300000000000013e+00,3.52300000000000013e+00,5.32774804524460577e-01,-7.56139958428576620e-02,-7.56137957031593200e-02,-2.42402471228984369e-04,-2.42401829623459773e-04,-4.84803659246919546e-04,-7.27206130475903942e-04,-7.27205488870379373e-04
3.53025000000000011e+00,3.53025000000000011e+00,5.32227449164962452e-01,-7.53811843524090364e-02,-7.53809856476116980e-02,-2.40664577874017814e-04,-2.40663943482205268e-04,-4.81327886964410699e-04,-7.21992464838428459e-04,-7.21991830446615940e-04
3.53750000000000009e+00,3.53750000000000009e+00,5.31681777351350582e-01,-7.51495651066207415e-02,-7.51493678235124474e-02,-2.38942671436525049e-04,-2.38942044162729670e-04,-4.77884088325459286e-04,-7.16826759761984280e-04,-7.16826132488188983e-04
3.54475000000000007e+00,3.54475000000000007e+00,5.31137780470916421e-01,-7.49191295751430175e-02,-7.49189337006723188e-02,-2.37236572538376697e-04,-2.37235952288403950e-04,-4.74471904576807899e-04,-7.11708477115184624e-04,-7.11707856865211822e-04
3.55200000000000005e+00,3.55200000000000005e+00,5.30595449972511068e-01,-7.46898693059421248e-02,-7.46896748272115746e-02,-2.35546104175233081e-04,-2.35545490856348577e-04,-4.71090981712697155e-04,-7.06637085887930208e-04,-7.06636472569045705e-04
3.55925000000000002e+00,3.55925000000000002e+00,5.30054777365980279e-01,-7.44617759244334820e-02,-7.44615828286830511e-02,-2.33871091680402769e-04,-2.33870485201261068e-04,-4.67740970402522082e-04,-7.01612062082924851e-04,-7.01611455603783204e-04
3.56650000000000000e+00,3.56650000000000000e+00,5.29515754221606794e-01,-7.42348411326005930e-02,-7.42346494072068930e-02,-2.32211362689244025e-04,-2.32210762959868272e-04,-4.64421525919736543e-04,-6.96632888608980541e-04,-6.96632288879604788e-04
3.57374999999999998e+00,3.57374999999999998e+00,5.28978372169557565e-01,-7.40090567081352901e-02,-7.40088663406166525e-02,-2.30566747104209201e-04,-2.30566154035989179e-04,-4.61132308071978412e-04,-6.91699055176187667e-04,-6.91698462107967591e-04
3.58099999999999996e+00,3.58099999999999996e+00,5.28442622899338743e-01,-7.37844145035921883e-02,-7.37842254816166859e-02,-2.28937077060498899e-04,-2.28936490566198400e-04,-4.57872981132396854e-04,-6.86810058192895753e-04,-6.86809471698595253e-04
3.58824999999999994e+00,3.58824999999999994e+00,5.27908498159255446e-01,-7.35609064455999828e-02,-7.35607187569505272e-02,-2.27322186892445872e-04,-2.27321606886076848e-04,-4.54643213772153696e-04,-6.81965400664599568e-04,-6.81964820658230572e-04
3.59549999999999992e+00,3.59549999999999992e+00,5.27375989755877628e-01,-7.33385245339661651e-02,-7.33383381665801137e-02,-2.25721913100111299e-04,-2.25721339497039980e-04,-4.51442678994080015e-04,-6.77164592094191341e-04,-6.77164018491119941e-04
3.60275000000000034e+00,3.60275000000000034e+00,5.26845089553512946e-01,-7.31172608409167424e-02,-7.31170757828759899e-02,-2.24136094316833013e-04,-2.24135527033731877e-04,-4.48271054067463700e-04,-6.72407148384296686e-04,-6.72406581101195550e-04
3.61000000000000032e+00,3.61000000000000032e+00,5.26315789473684181e-01,-7.28971075103359567e-02,-7.28969237498177519e-02,-2.22564571277294044e-04,-2.22564010231974846e-04,-4.45128020463949530e-04,-6.67692591741243574e-04,-6.67692030695924430e-04
3.61725000000000030e+00,3.61725000000000030e+00,5.25788081494613091e-01,-7.26780567568710012e-02,-7.26778742822051377e-02,-2.21007186785689434e-04,-2.21006631897262832e-04,-4.42013263794525664e-04,-6.63020450580215125e-04,-6.63019895691788468e-04
3.62450000000000028e+00,3.62450000000000028e+00,5.25261957650709599e-01,-7.24601008652356882e-02,-7.24599196648792326e-02,-2.19463785685007894e-04,-2.19463236873790123e-04,-4.38926473747580247e-04,-6.58390259432588168e-04,-6.58389710621370343e-04
3.63175000000000026e+00,3.63175000000000026e+00,5.24737410032067197e-01,-7.22432321894075358e-02,-7.22430522519539042e-02,-2.17934214826478984e-04,-2.17933672014003867e-04,-4.35867344028007734e-04,-6.53801558854486746e-04,-6.53801016042011547e-04
3.63900000000000023e+00,3.63900000000000023e+00,5.24214430783963126e-01,-7.20274431519243308e-02,-7.20272644660570338e-02,-2.16418323039806263e-04,-2.16417786148670628e-04,-4.32835572297341257e-04,-6.49253895337147547e-04,-6.49253358446011831e-04
3.64625000000000021e+00,3.64625000000000021e+00,5.23693012106364320e-01,-7.18127262430243718e-02,-7.18125487975816712e-02,-2.14915961103404231e-04,-2.14915430057448215e-04,-4.29830860114896484e-04,-6.44746821218300688e-04,-6.44746290172344672e-04
3.65350000000000019e+00,3.65350000000000019e+00,5.23173146253439358e-01,-7.15990740200069808e-02,-7.15988978039468066e-02,-2.13426981715765740e-04,-2.13426456439952226e-04,-4.26852912879904507e-04,-6.40279894595670220e-04,-6.40279369319856706e-04
3.66075000000000017e+00,3.66075000000000017e+00,5.22654825533074185e-01,-7.13864791064864335e-02,-7.13863041088676070e-02,-2.11951239466963773e-04,-2.11950719887308377e-04,-4.23901439774616699e-04,-6.35852679241580418e-04,-6.35852159661925076e-04
3.66800000000000015e+00,3.66800000000000015e+00,5.22138042306395267e-01,-7.11749341916103617e-02,-7.11747604016351176e-02,-2.10488590810498257e-04,-2.10488076854182030e-04,-4.20976153708364114e-04,-6.31464744518862343e-04,-6.31464230562546144e-04
3.67525000000000013e+00,3.67525000000000013e+00,5.21622788987295860e-01,-7.09644320294344766e-02,-7.09642594364051221e-02,-2.09038894036048495e-04,-2.09038385631275244e-04,-4.18076771262550434e-04,-6.27115665298598902e-04,-6.27115156893825651e-04
3.68250000000000011e+00,3.68250000000000011e+00,5.21109058041968498e-01,-7.07549654381622872e-02,-7.07547940314960655e-02,-2.07602009242255435e-04,-2.07601506318282758e-04,-4.15203012636565407e-04,-6.22805021878820842e-04,-6.22804518954848192e-04
3.68975000000000009e+00,3.68975000000000009e+00,5.20596841988442471e-01,-7.05465272994700854e-02,-7.05463570686960389e-02,-2.06177798310182108e-04,-2.06177300797298895e-04,-4.12354601594597844e-04,-6.18532399904779952e-04,-6.18531902391896739e-04
3.69700000000000006e+00,3.69700000000000006e+00,5.20086133396126193e-01,-7.03391105578035081e-02,-7.03389414925786050e-02,-2.04766124877106347e-04,-2.04765632706666880e-04,-4.09531265413333706e-04,-6.14297390290440026e-04,-6.14296898120000531e-04
3.70425000000000004e+00,3.70425000000000004e+00,5.19576924885354341e-01,-7.01327082197380491e-02,-7.01325403098271294e-02,-2.03366854310908953e-04,-2.03366367415261265e-04,-4.06732734830522584e-04,-6.10099589141431509e-04,-6.10099102245783903e-04
3.71150000000000002e+00,3.71150000000000002e+00,5.19069209126939990e-01,-6.99273133532969382e-02,-6.99271465885679677e-02,-2.01979853684737483e-04,-2.01979371997197340e-04,-4.03958743994394681e-04,-6.05938597679132190e-04,-6.05938115991592075e-04
3.71875000000000000e+00,3.71875000000000000e+00,5.18562978841731526e-01,-6.97229190872832305e-02,-6.97227534577117974e-02,-2.00604991752105819e-04,-2.00604515206957614e-04,-4.01209030413915283e-04,-6.01814022166021075e-04,-6.01813545620872897e-04
3.72599999999999998e+00,3.72599999999999998e+00,5.18058226800174326e-01,-6.95195186106403185e-02,-6.95193541063035825e-02,-1.99242138922462483e-04,-1.99241667454929798e-04,-3.98483334909859597e-04,-5.97725473832322026e-04,-5.97725002364789368e-04
3.73324999999999996e+00,3.73324999999999996e+00,5.17554945821877221e-01,-6.93171051717911268e-02,-6.93169417828805035e-02,-1.97891167237076299e-04,-1.97890700783346626e-04,-3.95781401566693198e-04,-5.93672568803769443e-04,-5.93672102350039851e-04
3.74049999999999994e+00,3.74049999999999994e+00,5.17053128775183390e-01,-6.91156720780199407e-02,-6.91155097948380481e-02,-1.96551950345417455e-04,-1.96551488842621489e-04,-3.93102977685243031e-04,-5.89654928030660459e-04,-5.89654466527864520e-04
3.74775000000000036e+00,3.74775000000000036e+00,5.16552768576745924e-01,-6.89152126948613386e-02,-6.89150515078041370e-02,-1.95224363481923352e-04,-1.95223906868072591e-04,-3.90447813736145128e-04,-5.85672177218068534e-04,-5.85671720604217746e-04
3.75500000000000034e+00,3.75500000000000034e+00,5.16053858191107828e-01,-6.87157204454607040e-02,-6.87155603450210067e-02,-1.93908283443041513e-04,-1.93907831657027504e-04,-3.87815663314055063e-04,-5.81723946757096576e-04,-5.81723494971082594e-04
3.76225000000000032e+00,3.76225000000000032e+00,5.15556390630286798e-01,-6.85171888099418425e-02,-6.85170297867349065e-02,-1.92603588564647037e-04,-1.92603141546302388e-04,-3.85206283092604830e-04,-5.77809871657251894e-04,-5.77809424638907245e-04
3.76950000000000029e+00,3.76950000000000029e+00,5.15060358953363662e-01,-6.83196113248882853e-02,-6.83194533695932610e-02,-1.91310158700125235e-04,-1.91309716390048053e-04,-3.82619432780096161e-04,-5.73929591480221396e-04,-5.73929149170144268e-04
3.77675000000000027e+00,3.77675000000000027e+00,5.14565756266075924e-01,-6.81229815826256413e-02,-6.81228246860496323e-02,-1.90027875198233738e-04,-1.90027437537957093e-04,-3.80054875075914241e-04,-5.70082750274148006e-04,-5.70082312613871389e-04
3.78400000000000025e+00,3.78400000000000025e+00,5.14072575720415537e-01,-6.79272932307384281e-02,-6.79271373837758291e-02,-1.88756620881957413e-04,-1.88756187813824788e-04,-3.77512375627649631e-04,-5.66268996509607016e-04,-5.66268563441474446e-04
3.79125000000000023e+00,3.79125000000000023e+00,5.13580810514230213e-01,-6.77325399714447940e-02,-6.77323851650814546e-02,-1.87496280027290901e-04,-1.87495851494457740e-04,-3.74991702988915535e-04,-5.62487983016206382e-04,-5.62487554483373248e-04
3.79850000000000021e+00,3.79850000000000021e+00,5.13090453890829634e-01,-6.75387155610209788e-02,-6.75385617863406146e-02,-1.86246738342482198e-04,-1.86246314288923898e-04,-3.72492628577847742e-04,-5.58739366920329994e-04,-5.58738942866771667e-04
3.80575000000000019e+00,3.80575000000000019e+00,5.12601499138595429e-01,-6.73458138092399849e-02,-6.73456610574256626e-02,-1.85007882947631620e-04,-1.85007463318137436e-04,-3.70014926636274926e-04,-5.55022809583906492e-04,-5.55022389954412361e-04
3.81300000000000017e+00,3.81300000000000017e+00,5.12113939590595701e-01,-6.71538285788315648e-02,-6.71536768411481327e-02,-1.83779602354658574e-04,-1.83779187094773718e-04,-3.67558374189547437e-04,-5.51337976544206011e-04,-5.51337561284321155e-04
3.82025000000000015e+00,3.82025000000000015e+00,5.11627768624202339e-01,-6.69627537848995757e-02,-6.69626030527062793e-02,-1.82561786447455284e-04,-1.82561375503506167e-04,-3.65122751007012389e-04,-5.47684537454467646e-04,-5.47684126510518529e-04
3.82750000000000012e+00,3.82750000000000012e+00,5.11142979660714647e-01,-6.67725833943819680e-02,-6.67724336591397349e-02,-1.81354326462457326e-04,-1.81353919781561905e-04,-3.62707839563123757e-04,-5.44062166025581083e-04,-5.44061759344685635e-04
3.83475000000000010e+00,3.83475000000000010e+00,5.10659566164983758e-01,-6.65833114255676151e-02,-6.65831626787904973e-02,-1.80157114969661087e-04,-1.80156712499587841e-04,-3.60313424999175735e-04,-5.40470539968836822e-04,-5.40470137498763603e-04
3.84200000000000008e+00,3.84200000000000008e+00,5.10177521645043930e-01,-6.63949319474497202e-02,-6.63947841807709382e-02,-1.78970045853485996e-04,-1.78969647542824280e-04,-3.57939295085648560e-04,-5.36909340939134582e-04,-5.36908942628472894e-04
3.84925000000000006e+00,3.84925000000000006e+00,5.09696839651745837e-01,-6.62074390792923850e-02,-6.62072922844379880e-02,-1.77793014294498700e-04,-1.77792620092578056e-04,-3.55585240185156111e-04,-5.33378254479654839e-04,-5.33377860277734167e-04
3.85650000000000004e+00,3.85650000000000004e+00,5.09217513778394193e-01,-6.60208269901119138e-02,-6.60206811588738701e-02,-1.76625916751182532e-04,-1.76625526607991585e-04,-3.53251053215983225e-04,-5.29876969967165703e-04,-5.29876579823974837e-04
3.86375000000000002e+00,3.86375000000000002e+00,5.08739537660389152e-01,-6.58350898981154842e-02,-6.58349450223732341e-02,-1.75468650941865888e-04,-1.75468264808102171e-04,-3.50936529616204342e-04,-5.26405180558070203e-04,-5.26404794424306568e-04
3.87100000000000000e+00,3.87100000000000000e+00,5.08262904974871477e-01,-6.56502220702179784e-02,-6.56500781419363799e-02,-1.74321115827129829e-04,-1.74320733654185741e-04,-3.48641467308371535e-04,-5.22962583135501338e-04,-5.22962200962557222e-04
3.87824999999999998e+00,3.87824999999999998e+00,5.07787609440371046e-01,-6.54662178215446033e-02,-6.54660748327687836e-02,-1.73183211592440006e-04,-1.73182833332380962e-04,-3.46365666664761923e-04,-5.19548878257201875e-04,-5.19548499997142857e-04
3.88549999999999995e+00,3.88549999999999995e+00,5.07313644816459131e-01,-6.52830715149121943e-02,-6.52829294577865343e-02,-1.72054839630981431e-04,-1.72054465236587796e-04,-3.44108930473175593e-04,-5.16163770104157023e-04,-5.16163395709763389e-04
3.89274999999999993e+00,3.89274999999999993e+00,5.06841004903404779e-01,-6.51007775604028893e-02,-6.51006364271279614e-02,-1.70935902526991445e-04,-1.70935531951636863e-04,-3.41871063903273779e-04,-5.12806966430265224e-04,-5.12806595854910642e-04
3.90000000000000036e+00,3.90000000000000036e+00,5.06369683541833315e-01,-6.49193304148028005e-02,-6.49191901976709368e-02,-1.69826304038985676e-04,-1.69825937236723311e-04,-3.39651874473446567e-04,-5.09478178512432216e-04,-5.09477811710169932e-04
3.90725000000000033e+00,3.90725000000000033e+00,5.05899674612390049e-01,-6.47387245811898993e-02,-6.47385852725561456e-02,-1.68725949083623454e-04,-1.68725586009102024e-04,-3.37451172018204102e-04,-5.06177121101827584e-04,-5.06176758027306181e-04
3.91450000000000031e+00,3.91450000000000031e+00,5.05430972035406101e-01,-6.45589546083868981e-02,-6.45588162007160599e-02,-1.67634743719459527e-04,-1.67634384328038606e-04,-3.35268768656077213e-04,-5.02903512375536712e-04,-5.02903152984115792e-04
3.92175000000000029e+00,3.92175000000000029e+00,5.04963569770568443e-01,-6.43800150905988744e-02,-6.43798775764095610e-02,-1.66552595131415354e-04,-1.66552239379011988e-04,-3.33104478758023976e-04,-4.99657073889439303e-04,-4.99656718137035964e-04
3.92900000000000027e+00,3.92900000000000027e+00,5.04497461816592385e-01,-6.42019006668874681e-02,-6.42017640387620714e-02,-1.65479411615056119e-04,-1.65479059458164120e-04,-3.30958118916328239e-04,-4.96437530531384412e-04,-4.96437178374492332e-04
3.93625000000000025e+00,3.93625000000000025e+00,5.04032642210898607e-01,-6.40246060206877132e-02,-6.40244702713113484e-02,-1.64415102561209827e-04,-1.64414753956993018e-04,-3.28829507913986035e-04,-4.93244610475195890e-04,-4.93244261870978999e-04
3.94350000000000023e+00,3.94350000000000023e+00,5.03569105029292419e-01,-6.38481258794385553e-02,-6.38479910015585655e-02,-1.63359578441103331e-04,-1.63359233347284006e-04,-3.26718466694568012e-04,-4.90078045135671370e-04,-4.90077700041851964e-04
3.95075000000000021e+00,3.95075000000000021e+00,5.03106844385646679e-01,-6.36724550140996826e-02,-6.36723210005247925e-02,-1.62312750791425328e-04,-1.62312409166275501e-04,-3.24624818332551002e-04,-4.86937569123976357e-04,-4.86937227498826530e-04
3.95800000000000018e+00,3.95800000000000018e+00,5.02645854431588046e-01,-6.34975882386683566e-02,-6.34974550823127898e-02,-1.61274532199608399e-04,-1.61274194002055565e-04,-3.22548388004111075e-04,-4.83822920203719501e-04,-4.83822582006166639e-04
3.96525000000000016e+00,3.96525000000000016e+00,5.02186129356186006e-01,-6.33235204098596682e-02,-6.33233881036739110e-02,-1.60244836289740480e-04,-1.60244501479184465e-04,-3.20489002958368983e-04,-4.80733839248109491e-04,-4.80733504437553475e-04
3.97250000000000014e+00,3.97250000000000014e+00,5.01727663385645006e-01,-6.31502464265736307e-02,-6.31501149635802367e-02,-1.59223577708142043e-04,-1.59223246244540089e-04,-3.18446492489080177e-04,-4.77670070197222193e-04,-4.77669738733620293e-04
3.97975000000000012e+00,3.97975000000000012e+00,5.01270450783000698e-01,-6.29777612294830647e-02,-6.29776306028017735e-02,-1.58210672109458601e-04,-1.58210343953381935e-04,-3.16420687906763924e-04,-4.74631360016222552e-04,-4.74631031860145859e-04
3.98700000000000010e+00,3.98700000000000010e+00,5.00814485847817514e-01,-6.28060598006925375e-02,-6.28059300034885248e-02,-1.57206036143132933e-04,-1.57205711255629856e-04,-3.14411422511259712e-04,-4.71617458654392644e-04,-4.71617133766889568e-04
3.99425000000000008e+00,3.99425000000000008e+00,5.00359762915890682e-01,-6.26351371632480891e-02,-6.26350081887576682e-02,-1.56209587439699594e-04,-1.56209265782354358e-04,-3.12418531564708716e-04,-4.68628119004408338e-04,-4.68627797347063047e-04
4.00150000000000006e+00,4.00150000000000006e+00,4.99906276358950463e-01,-6.24649883807464334e-02,-6.24648602222854510e-02,-1.55221244597526840e-04,-1.55220926132474118e-04,-3.10441852264948235e-04,-4.65663096862475076e-04,-4.65662778397422353e-04
4.00875000000000004e+00,4.00875000000000004e+00,4.99454020584369829e-01,-6.22956085569654761e-02,-6.22954812079039369e-02,-1.54240927169802184e-04,-1.54240611859657843e-04,-3.08481223719315632e-04,-4.62722150889117816e-04,-4.62721835578973448e-04
4.01600000000000001e+00,4.01600000000000001e+00,4.99002990034874472e-01,-6.21269928354308831e-02,-6.21268662892024981e-02,-1.53268555651547069e-04,-1.53268243459426335e-04,-3.06536486918852671e-04,-4.59805042570399767e-04,-4.59804730378278979e-04
4.02324999999999999e+00,4.02324999999999999e+00,4.98553179188256146e-01,-6.19591363990110722e-02,-6.19590106491339290e-02,-1.52304051466889667e-04,-1.52303742356452144e-04,-3.04607484712904287e-04,-4.56911536179793981e-04,-4.56911227069356431e-04
4.03049999999999997e+00,4.03049999999999997e+00,4.98104582557088782e-01,-6.17920344695903623e-02,-6.17919095096252091e-02,-1.51347336956711312e-04,-1.51347030892052425e-04,-3.02694061784104741e-04,-4.54041398740816053e-04,-4.54041092676157193e-04
4.03774999999999995e+00,4.03774999999999995e+00,4.97657194688447102e-01,-6.16256823076142268e-02,-6.16255581311927550e-02,-1.50398335366157417e-04,-1.50398032311872544e-04,-3.00796064623745087e-04,-4.51194399989902504e-04,-4.51194096935617658e-04
4.04499999999999993e+00,4.04499999999999993e+00,4.97211010163628342e-01,-6.14600752117482330e-02,-6.14599518125622177e-02,-1.49456970832604724e-04,-1.49456670753757103e-04,-2.98913341507514260e-04,-4.48370312340118956e-04,-4.48370012261271335e-04
4.05225000000000080e+00,4.05225000000000080e+00,4.96766023597876694e-01,-6.12952085184872431e-02,-6.12950858902926304e-02,-1.48523168373679190e-04,-1.48522871235804365e-04,-2.97045742471608730e-04,-4.45568910845287893e-04,-4.45568613707413095e-04
4.05949999999999989e+00,4.05949999999999989e+00,4.96322229640110302e-01,-6.11310776017788271e-02,-6.11309557384050115e-02,-1.47596853875479737e-04,-1.47596559644602688e-04,-2.95193119289205430e-04,-4.42789973164685194e-04,-4.42789678933808118e-04
4.06675000000000075e+00,4.06675000000000075e+00,4.95879622972650813e-01,-6.09676778727106239e-02,-6.09675567680150882e-02,-1.46677954081122841e-04,-1.46677662723643113e-04,-2.93355325447286171e-04,-4.40033279528409039e-04,-4.40032988170929284e-04
4.07399999999999984e+00,4.07399999999999984e+00,4.95438198310956146e-01,-6.08050047790342774e-02,-6.08048844269705666e-02,-1.45766396579058546e-04,-1.45766108061909139e-04,-2.91532216123818332e-04,-4.37298612702876851e-04,-4.37298324185727443e-04
4.08125000000000071e+00,4.08125000000000071e+00,4.94997950403354869e-01,-6.06430538049238521e-02,-6.06429341994921614e-02,-1.44862109792112654e-04,-1.44861824082635797e-04,-2.89723648165271541e-04,-4.34585757957384167e-04,-4.34585472247907365e-04
4.08849999999999980e+00,4.08849999999999980e+00,4.94558874030784690e-01,-6.04818204705779294e-02,-6.04817016058193380e-02,-1.43965022966311790e-04,-1.43964740032240571e-04,-2.87929480064481142e-04,-4.31894503030792959e-04,-4.31894220096721714e-04
4.09575000000000067e+00,4.09575000000000067e+00,4.94120964006531549e-01,-6.03213003318217034e-02,-6.03211822018594260e-02,-1.43075066159865612e-04,-1.43074785969417539e-04,-2.86149571938835025e-04,-4.29224638098700637e-04,-4.29224357908252591e-04
4.10299999999999976e+00,4.10299999999999976e+00,4.93684215175973273e-01,-6.01614889798440799e-02,-6.01613715788414938e-02,-1.42192170232625763e-04,-1.42191892754397922e-04,-2.84383785508795898e-04,-4.26575955741421661e-04,-4.26575678263193820e-04
4.11025000000000063e+00,4.11025000000000063e+00,4.93248622416323834e-01,-6.00023820407855624e-02,-6.00022653629735114e-02,-1.41316266835339198e-04,-1.41315992038368483e-04,-2.82631984076736967e-04,-4.23948250912076165e-04,-4.23947976115105450e-04
4.11749999999999972e+00,4.11749999999999972e+00,4.92814180636381938e-01,-5.98439751754398230e-02,-5.98438592151040658e-02,-1.40447288399322197e-04,-1.40447016253050642e-04,-2.80894032506101283e-04,-4.21341320905423481e-04,-4.21341048759151925e-04
4.12475000000000058e+00,4.12475000000000058e+00,4.92380884776279948e-01,-5.96862640789126431e-02,-5.96861488303872811e-02,-1.39585168126177029e-04,-1.39584898600432099e-04,-2.79169797200864197e-04,-4.18754965327041199e-04,-4.18754695801296269e-04
4.13199999999999967e+00,4.13199999999999967e+00,4.91948729807237695e-01,-5.95292444802737464e-02,-5.95291299379522923e-02,-1.38729839977638585e-04,-1.38729573042654513e-04,-2.77459146085309025e-04,-4.16188986062947610e-04,-4.16188719127963511e-04
4.13925000000000054e+00,4.13925000000000054e+00,4.91517710731315949e-01,-5.93729121422583717e-02,-5.93727983005756937e-02,-1.37881238665676269e-04,-1.37880974292047730e-04,-2.75761948584095460e-04,-4.13643187249771729e-04,-4.13642922876143217e-04
4.14649999999999963e+00,4.14649999999999963e+00,4.91087822581175004e-01,-5.92172628608835794e-02,-5.92171497143584996e-02,-1.37039299642539066e-04,-1.37039037801315667e-04,-2.74078075602631334e-04,-4.11117375245170400e-04,-4.11117113403947001e-04
4.15375000000000050e+00,4.15375000000000050e+00,4.90659060419833093e-01,-5.90622924652421943e-02,-5.90621800084060247e-02,-1.36203959091347489e-04,-1.36203699753863710e-04,-2.72407399507727419e-04,-4.08611358599074936e-04,-4.08611099261591156e-04
4.16099999999999959e+00,4.16099999999999959e+00,4.90231419340429075e-01,-5.89079968170338475e-02,-5.89078850445120331e-02,-1.35375153916212509e-04,-1.35374897054272480e-04,-2.70749794108545013e-04,-4.06124948024757550e-04,-4.06124691162817520e-04
4.16825000000000045e+00,4.16825000000000045e+00,4.89804894465986018e-01,-5.87543718104157620e-02,-5.87542607168459116e-02,-1.34552821733224917e-04,-1.34552567318909185e-04,-2.69105134637818370e-04,-4.03657956371043314e-04,-4.03657701956727528e-04
4.17549999999999955e+00,4.17549999999999955e+00,4.89379480949178103e-01,-5.86014133715409002e-02,-5.86013029516438966e-02,-1.33736900860854848e-04,-1.33736648866679810e-04,-2.67473297733359565e-04,-4.01210198594214413e-04,-4.01209946600039375e-04
4.18275000000000041e+00,4.18275000000000041e+00,4.88955173972098589e-01,-5.84491174583874340e-02,-5.84490077069031791e-02,-1.32927330311147896e-04,-1.32927080709914659e-04,-2.65854161419829319e-04,-3.98781491730977188e-04,-3.98781242129743951e-04
4.18999999999999950e+00,4.18999999999999950e+00,4.88531968746031553e-01,-5.82974800603253129e-02,-5.82973709720801467e-02,-1.32124049780446405e-04,-1.32123802545390599e-04,-2.64247605090781252e-04,-3.96371654871227629e-04,-3.96371407636171851e-04
4.19725000000000037e+00,4.19725000000000037e+00,4.88109860511223792e-01,-5.81464971979599454e-02,-5.81463887677912614e-02,-1.31326999640865116e-04,-1.31326754745481712e-04,-2.62653509490963478e-04,-3.93980509131828594e-04,-3.93980264236445162e-04
4.20450000000000035e+00,4.20450000000000035e+00,4.87688844536661115e-01,-5.79961649226916620e-02,-5.79960571455180249e-02,-1.30536120931243858e-04,-1.30535878349442288e-04,-2.61071756698884631e-04,-3.91607877630128489e-04,-3.91607635048326947e-04
4.21175000000000033e+00,4.21175000000000033e+00,4.87268916119844742e-01,-5.78464793165451852e-02,-5.78463721873146222e-02,-1.29751355348831359e-04,-1.29751115054814714e-04,-2.59502230109629373e-04,-3.89253585458460732e-04,-3.89253345164444113e-04
4.21900000000000031e+00,4.21900000000000031e+00,4.86850070586571149e-01,-5.76974364918143579e-02,-5.76973300055192151e-02,-1.28972645240668768e-04,-1.28972407208964042e-04,-2.57944814417928085e-04,-3.86917459658596852e-04,-3.86917221626892154e-04
4.22625000000000028e+00,4.22625000000000028e+00,4.86432303290713464e-01,-5.75490325907708211e-02,-5.75489267424683162e-02,-1.28199933595235120e-04,-1.28199697800735336e-04,-2.56399395601470672e-04,-3.84599329196705819e-04,-3.84599093402206008e-04
4.23350000000000026e+00,4.23350000000000026e+00,4.86015609614004973e-01,-5.74012637854366403e-02,-5.74011585702143556e-02,-1.27433164034348453e-04,-1.27432930452232022e-04,-2.54865860904464098e-04,-3.82299024938812524e-04,-3.82298791356696093e-04
4.24075000000000024e+00,4.24075000000000024e+00,4.85599984965824683e-01,-5.72541262772432447e-02,-5.72540216902463761e-02,-1.26672280804925681e-04,-1.26672049410713649e-04,-2.53344098821427297e-04,-3.80016379626352979e-04,-3.80016148232140919e-04
4.24800000000000022e+00,4.24800000000000022e+00,4.85185424782984986e-01,-5.71076162967969481e-02,-5.71075123332138584e-02,-1.25917228771090471e-04,-1.25916999540610821e-04,-2.51833999081221642e-04,-3.77751227852312114e-04,-3.77750998621832464e-04
4.25525000000000020e+00,4.25525000000000020e+00,4.84771924529521059e-01,-5.69617301036018375e-02,-5.69616267586535510e-02,-1.25167953406294318e-04,-1.25167726315655598e-04,-2.50335452631311197e-04,-3.75503406037605515e-04,-3.75503178946966795e-04
4.26250000000000018e+00,4.26250000000000018e+00,4.84359479696482742e-01,-5.68164639857542397e-02,-5.68163612547193803e-02,-1.24424400785482560e-04,-1.24424175811125518e-04,-2.48848351622251091e-04,-3.73272752407733679e-04,-3.73272527433376610e-04
4.26975000000000016e+00,4.26975000000000016e+00,4.83948085801727657e-01,-5.66718142597153474e-02,-5.66717121379152894e-02,-1.23686517577537600e-04,-1.23686294696199079e-04,-2.47372589392398212e-04,-3.71059106969935811e-04,-3.71058884088597317e-04
4.27700000000000014e+00,4.27700000000000014e+00,4.83537738389716920e-01,-5.65277772700341075e-02,-5.65276757528310608e-02,-1.22954251037715777e-04,-1.22954030226421371e-04,-2.45908060452842742e-04,-3.68862311490558519e-04,-3.68862090679264085e-04
4.28425000000000011e+00,4.28425000000000011e+00,4.83128433031312199e-01,-5.63843493890772152e-02,-5.63842484718809836e-02,-1.22227549000202023e-04,-1.22227330236277594e-04,-2.44454660472555243e-04,-3.66682209472757293e-04,-3.66681990708832837e-04
4.29150000000000009e+00,4.29150000000000009e+00,4.82720165323575257e-01,-5.62415270167946346e-02,-5.62414266950454697e-02,-1.21506359870842027e-04,-1.21506143131873445e-04,-2.43012286263746889e-04,-3.64518646134588903e-04,-3.64518429395620334e-04
4.29875000000000007e+00,4.29875000000000007e+00,4.82312930889568670e-01,-5.60993065804282764e-02,-5.60992068496154322e-02,-1.20790632619849274e-04,-1.20790417883719558e-04,-2.41580835767439089e-04,-3.62371468387288377e-04,-3.62371253651158675e-04
4.30600000000000005e+00,4.30600000000000005e+00,4.81906725378159040e-01,-5.59576845342775187e-02,-5.59575853899395084e-02,-1.20080316774732966e-04,-1.20080104019619634e-04,-2.40160208039239269e-04,-3.60240524813972235e-04,-3.60240312058858903e-04
4.31325000000000003e+00,4.31325000000000003e+00,4.81501544463821651e-01,-5.58166573594647275e-02,-5.58165587971740165e-02,-1.19375362413320479e-04,-1.19375151617659645e-04,-2.38750303235319344e-04,-3.58125665648639823e-04,-3.58125454852979003e-04
4.32050000000000001e+00,4.32050000000000001e+00,4.81097383846446791e-01,-5.56762215636652513e-02,-5.56761235790356190e-02,-1.18675720156797488e-04,-1.18675511299296763e-04,-2.37351022598593527e-04,-3.56026742755391002e-04,-3.56026533897890263e-04
4.32774999999999999e+00,4.32774999999999999e+00,4.80694239251148459e-01,-5.55363736808800468e-02,-5.55362762695567544e-02,-1.17981341162931938e-04,-1.17981134222546659e-04,-2.35962268445093318e-04,-3.53943609608025256e-04,-3.53943402667639964e-04
4.33499999999999996e+00,4.33499999999999996e+00,4.80292106428074128e-01,-5.53971102711514618e-02,-5.53970134288436153e-02,-1.17292177119268241e-04,-1.17291972075267407e-04,-2.34583944150534813e-04,-3.51876121269803055e-04,-3.51875916225802233e-04
4.34224999999999994e+00,4.34224999999999994e+00,4.79890981152216789e-01,-5.52584279204069162e-02,-5.52583316428368679e-02,-1.16608180236682450e-04,-1.16607977068538453e-04,-2.33215954137076906e-04,-3.49824134373759343e-04,-3.49823931205615359e-04
4.34950000000000081e+00,4.34950000000000081e+00,4.79490859223228261e-01,-5.51203232401320520e-02,-5.51202275230748551e-02,-1.15929303242663613e-04,-1.15929101930133192e-04,-2.31858203860266357e-04,-3.47787507102929969e-04,-3.47787305790399522e-04
4.35674999999999990e+00,4.35674999999999990e+00,4.79091736465234952e-01,-5.49827928671859922e-02,-5.49826977064595129e-02,-1.15255499374983632e-04,-1.15255299898084062e-04,-2.30510599796168096e-04,-3.45766099171151715e-04,-3.45765899694252144e-04
4.36400000000000077e+00,4.36400000000000077e+00,4.78693608726654063e-01,-5.48458334635739675e-02,-5.48457388550245145e-02,-1.14586722375360854e-04,-1.14586524714337115e-04,-2.29173049428674203e-04,-3.43759771804035084e-04,-3.43759574143011305e-04
4.37124999999999986e+00,4.37124999999999986e+00,4.78296471880013119e-01,-5.47094417161915203e-02,-5.47093476557063904e-02,-1.13922926483149407e-04,-1.13922730618497964e-04,-2.27845461236995901e-04,-3.41768387720145321e-04,-3.41768191855493838e-04
4.37850000000000072e+00,4.37850000000000072e+00,4.77900321821769281e-01,-5.45736143366113424e-02,-5.45735208201175298e-02,-1.13264066429199508e-04,-1.13263872341662965e-04,-2.26527744683325904e-04,-3.39791811112525439e-04,-3.39791617024988869e-04
4.38574999999999982e+00,4.38574999999999982e+00,4.77505154472132209e-01,-5.44383480608701120e-02,-5.44382550843222068e-02,-1.12610097429800170e-04,-1.12609905100339571e-04,-2.25219810200679170e-04,-3.37829907630479340e-04,-3.37829715301018714e-04
4.39300000000000068e+00,4.39300000000000068e+00,4.77110965774886708e-01,-5.43036396492198037e-02,-5.43035472086144597e-02,-1.11960975180626780e-04,-1.11960784590449269e-04,-2.23921569180898512e-04,-3.35882544361525278e-04,-3.35882353771347795e-04
4.40024999999999977e+00,4.40024999999999977e+00,4.76717751697218584e-01,-5.41694858859216311e-02,-5.41693939772988561e-02,-1.11316655850857878e-04,-1.11316466981416646e-04,-2.22632933962833320e-04,-3.33949589813691211e-04,-3.33949400944249966e-04
4.40750000000000064e+00,4.40750000000000064e+00,4.76325508229540895e-01,-5.40358835790399894e-02,-5.40357921984731537e-02,-1.10677096077367603e-04,-1.10676908910338847e-04,-2.21353817820677668e-04,-3.32030913898045271e-04,-3.32030726731016488e-04
4.41474999999999973e+00,4.41474999999999973e+00,4.75934231385322537e-01,-5.39028295602150820e-02,-5.39027387038136449e-02,-1.10042252958951977e-04,-1.10042067476238153e-04,-2.20084134952476307e-04,-3.30126387911428270e-04,-3.30126202428714446e-04
4.42200000000000060e+00,4.42200000000000060e+00,4.75543917200917710e-01,-5.37703206844639681e-02,-5.37702303483624661e-02,-1.09412084050687609e-04,-1.09411900234392592e-04,-2.18823800468785184e-04,-3.28235884519472820e-04,-3.28235700703177790e-04
4.42924999999999969e+00,4.42924999999999969e+00,4.75154561735397774e-01,-5.36383538299531892e-02,-5.36382640103175296e-02,-1.08786547358307562e-04,-1.08786365190747405e-04,-2.17572730381494783e-04,-3.26359277739802318e-04,-3.26359095572242202e-04
4.43650000000000055e+00,4.43650000000000055e+00,4.74766161070383441e-01,-5.35069258977713957e-02,-5.35068365908242319e-02,-1.08165601332649479e-04,-1.08165420796401486e-04,-2.16330841592802999e-04,-3.24496442925452464e-04,-3.24496262389204512e-04
4.44374999999999964e+00,4.44374999999999964e+00,4.74378711309880075e-01,-5.33760338117872379e-02,-5.33759450137699168e-02,-1.07549204864349683e-04,-1.07549025942172926e-04,-2.15098051884345825e-04,-3.22647256748695508e-04,-3.22647077826518738e-04
4.45100000000000051e+00,4.45100000000000051e+00,4.73992208580112484e-01,-5.32456745183935709e-02,-5.32455862255799203e-02,-1.06937317278375579e-04,-1.06937139953236740e-04,-2.13874279906473480e-04,-3.20811597184849045e-04,-3.20811419859710206e-04
4.45824999999999960e+00,4.45824999999999960e+00,4.73606649029363336e-01,-5.31158449863156079e-02,-5.31157571950163637e-02,-1.06329898328759244e-04,-1.06329722583839339e-04,-2.12659445167678651e-04,-3.18989343496437882e-04,-3.18989167751517963e-04
4.46550000000000047e+00,4.46550000000000047e+00,4.73222028827810892e-01,-5.29865422064190739e-02,-5.29864549129784868e-02,-1.05726908193397884e-04,-1.05726734012083262e-04,-2.11453468024166470e-04,-3.17180376217564340e-04,-3.17180202036249732e-04
4.47274999999999956e+00,4.47274999999999956e+00,4.72838344167370250e-01,-5.28577631915041479e-02,-5.28576763923056595e-02,-1.05128307468894448e-04,-1.05128134834785929e-04,-2.10256269669571911e-04,-3.15384577138466346e-04,-3.15384404504357840e-04
4.48000000000000043e+00,4.48000000000000043e+00,4.72455591261534025e-01,-5.27295049761420387e-02,-5.27294186675819204e-02,-1.04534057165548485e-04,-1.04533886062406874e-04,-2.09067772124813748e-04,-3.13601829290362233e-04,-3.13601658187220595e-04
4.48724999999999952e+00,4.48724999999999952e+00,4.72073766345216195e-01,-5.26017646164262942e-02,-5.26016787949430339e-02,-1.03944118702243774e-04,-1.03943949114046339e-04,-2.07887898228092705e-04,-3.11832016930336478e-04,-3.11831847342139044e-04
4.49450000000000038e+00,4.49450000000000038e+00,4.71692865674595896e-01,-5.24745391898164826e-02,-5.24744538518851777e-02,-1.03358453901583510e-04,-1.03358285812510698e-04,-2.06716571625021369e-04,-3.10075025526604852e-04,-3.10074857437532081e-04
4.50175000000000036e+00,4.50175000000000036e+00,4.71312885526963876e-01,-5.23478257949463455e-02,-5.23477409370760108e-02,-1.02777024985018796e-04,-1.02776858379446793e-04,-2.05553716758893586e-04,-3.08330741743912382e-04,-3.08330575138340379e-04
4.50900000000000034e+00,4.50900000000000034e+00,4.70933822200569230e-01,-5.22216215514390569e-02,-5.22215371701673509e-02,-1.02199794568052929e-04,-1.02199629430541354e-04,-2.04399258861082735e-04,-3.06599053429135637e-04,-3.06598888291624116e-04
4.51625000000000032e+00,4.51625000000000032e+00,4.70555672014467963e-01,-5.20959235997366932e-02,-5.20958396916100658e-02,-1.01626725655535287e-04,-1.01626561970786548e-04,-2.03253123941573097e-04,-3.04879849597108356e-04,-3.04879685912359658e-04
4.52350000000000030e+00,4.52350000000000030e+00,4.70178431308373057e-01,-5.19707291008444372e-02,-5.19706456624707686e-02,-1.01057781636849299e-04,-1.01057619389809629e-04,-2.02115238779619285e-04,-3.03173020416468598e-04,-3.03172858169428901e-04
4.53075000000000028e+00,4.53075000000000028e+00,4.69802096442505701e-01,-5.18460352362453136e-02,-5.18459522642504764e-02,-1.00492926281493605e-04,-1.00492765457266202e-04,-2.00985530914532377e-04,-3.01478457196025982e-04,-3.01478296371798565e-04
4.53800000000000026e+00,4.53800000000000026e+00,4.69426663797447463e-01,-5.17218392076799205e-02,-5.17217566987050945e-02,-9.99321237344571604e-05,-9.99319643182954790e-05,-1.99863928636590985e-04,-2.99796052371048159e-04,-2.99795892954886464e-04
4.54525000000000023e+00,4.54525000000000023e+00,4.69052129773994353e-01,-5.15981382369332664e-02,-5.15980561876678220e-02,-9.93753385116680405e-05,-9.93751804890376320e-05,-1.98750360978075237e-04,-2.98125699489743250e-04,-2.98125541467112896e-04
4.55250000000000021e+00,4.55250000000000021e+00,4.68678490793011937e-01,-5.14749295657139783e-02,-5.14748479728733555e-02,-9.88225354956772707e-05,-9.88223788522110875e-05,-1.97644757704422175e-04,-2.96467293200099419e-04,-2.96467136556633263e-04
4.55975000000000019e+00,4.55975000000000019e+00,4.68305743295291510e-01,-5.13522104554624548e-02,-5.13521293157839231e-02,-9.82736799312614528e-05,-9.82735246527500361e-05,-1.96547049305500072e-04,-2.94820729236761525e-04,-2.94820573958250122e-04
4.56700000000000017e+00,4.56700000000000017e+00,4.67933883741407708e-01,-5.12299781871661253e-02,-5.12298974974170901e-02,-9.77287374210944536e-05,-9.77285834935002042e-05,-1.95457166987000408e-04,-2.93185904408094862e-04,-2.93185750480500613e-04
4.57425000000000015e+00,4.57425000000000015e+00,4.67562908611577621e-01,-5.11082300611960250e-02,-5.11081498181753940e-02,-9.71876739215148556e-05,-9.71875213309728877e-05,-1.94375042661945775e-04,-2.91562716583460631e-04,-2.91562563992918649e-04
4.58150000000000013e+00,4.58150000000000013e+00,4.67192814405520407e-01,-5.09869633971433700e-02,-5.09868835976776610e-02,-9.66504557383466965e-05,-9.66503044711557440e-05,-1.93300608942311461e-04,-2.89951064680658171e-04,-2.89950913413467232e-04
4.58875000000000011e+00,4.58875000000000011e+00,4.66823597642319066e-01,-5.08661755336490273e-02,-5.08660961745921042e-02,-9.61170495227595925e-05,-9.61168995653797727e-05,-1.92233799130759518e-04,-2.88350848653519138e-04,-2.88350698696139291e-04
4.59600000000000009e+00,4.59600000000000009e+00,4.66455254860282498e-01,-5.07458638282400898e-02,-5.07457849064711156e-02,-9.55874222671943333e-05,-9.55872736062417396e-05,-1.91174547212483452e-04,-2.86761969479677812e-04,-2.86761820818725178e-04
4.60325000000000006e+00,4.60325000000000006e+00,4.66087782616809554e-01,-5.06260256571593459e-02,-5.06259471695877442e-02,-9.50615413013264517e-05,-9.50613939235808649e-05,-1.90122787847161730e-04,-2.85184329148488154e-04,-2.85184181770742622e-04
4.61050000000000004e+00,4.61050000000000004e+00,4.65721177488253646e-01,-5.05066584152231712e-02,-5.05065803587738463e-02,-9.45393742881337954e-05,-9.45392281805093832e-05,-1.89078456361018739e-04,-2.83617830649152548e-04,-2.83617684541528122e-04
4.61775000000000002e+00,4.61775000000000002e+00,4.65355436069788797e-01,-5.03877595156225766e-02,-5.03876818872599011e-02,-9.40208892199070965e-05,-9.40207443694958628e-05,-1.88041488738991698e-04,-2.82062377958898795e-04,-2.82062233108487561e-04
4.62500000000000000e+00,4.62500000000000000e+00,4.64990554975277137e-01,-5.02693263898024156e-02,-5.02692491865164501e-02,-9.35060544144562805e-05,-9.35059108085005810e-05,-1.87011821617001189e-04,-2.80517876031457483e-04,-2.80517732425501743e-04
4.63224999999999998e+00,4.63224999999999998e+00,4.64626530837136675e-01,-5.01513564873050655e-02,-5.01512797060971113e-02,-9.29948385112980725e-05,-9.29946961371623710e-05,-1.85989392274324742e-04,-2.78984230785622842e-04,-2.78984088411487140e-04
4.63949999999999996e+00,4.63949999999999996e+00,4.64263360306211292e-01,-5.00338472755679220e-02,-5.00337709134832734e-02,-9.24872104678055616e-05,-9.24870693130357634e-05,-1.84974138626071554e-04,-2.77461349093877129e-04,-2.77461207939107344e-04
4.64675000000000082e+00,4.64675000000000082e+00,4.63901040051640956e-01,-4.99167962398203713e-02,-4.99167202939302598e-02,-9.19831395555898796e-05,-9.19829996078781894e-05,-1.83965999215756379e-04,-2.75949138771346245e-04,-2.75948998823634568e-04
4.65399999999999991e+00,4.65399999999999991e+00,4.63539566760733823e-01,-4.98002008829310228e-02,-4.98001253503151942e-02,-9.14825953568348114e-05,-9.14824566039862858e-05,-1.82964913207972599e-04,-2.74447508564807383e-04,-2.74447369811958871e-04
4.66125000000000078e+00,4.66125000000000078e+00,4.63178937138838454e-01,-4.96840587252194155e-02,-4.96839836029861481e-02,-9.09855477606117411e-05,-9.09854101905798504e-05,-1.81970820381159755e-04,-2.72956368141771496e-04,-2.72956230571739632e-04
4.66849999999999987e+00,4.66849999999999987e+00,4.62819147909218187e-01,-4.95683673043174622e-02,-4.95682925896131707e-02,-9.04919669593320746e-05,-9.04918305602348303e-05,-1.80983661120469715e-04,-2.71475628079801789e-04,-2.71475491680704532e-04
4.67575000000000074e+00,4.67575000000000074e+00,4.62460195812925801e-01,-4.94531241750557626e-02,-4.94530498650404479e-02,-9.00018234452879841e-05,-9.00016882053614810e-05,-1.80003376410722962e-04,-2.70005199856010946e-04,-2.70005064616084429e-04
4.68299999999999983e+00,4.68299999999999983e+00,4.62102077608679884e-01,-4.93383269092824150e-02,-4.93382530011402809e-02,-8.95150880071138842e-05,-8.95149539147305012e-05,-1.79029907829461002e-04,-2.68544995836574887e-04,-2.68544861744191531e-04
4.69025000000000070e+00,4.69025000000000070e+00,4.61744790072741162e-01,-4.92239730957315658e-02,-4.92238995866682016e-02,-8.90317317263812234e-05,-8.90315987700431320e-05,-1.78063197540086264e-04,-2.67094929266467487e-04,-2.67094796310129382e-04
4.69749999999999979e+00,4.69749999999999979e+00,4.61388329998791813e-01,-4.91100603398599844e-02,-4.91099872271199417e-02,-8.85517259741782064e-05,-8.85515941425478502e-05,-1.77103188285095673e-04,-2.65654914259273907e-04,-2.65654782427643551e-04
4.70475000000000065e+00,4.70475000000000065e+00,4.61032694197813175e-01,-4.89965862637689042e-02,-4.89965135445893096e-02,-8.80750424078842649e-05,-8.80749116896992771e-05,-1.76149823379398581e-04,-2.64224865787282873e-04,-2.64224735069097845e-04
4.71199999999999974e+00,4.71199999999999974e+00,4.60677879497967235e-01,-4.88835485059482266e-02,-4.88834761776281018e-02,-8.76016529676660791e-05,-8.76015233518629490e-05,-1.75203046703725952e-04,-2.62804699671392058e-04,-2.62804570055588888e-04
4.71925000000000061e+00,4.71925000000000061e+00,4.60323882744476942e-01,-4.87709447212623104e-02,-4.87708727811068388e-02,-8.71315298734486016e-05,-8.71314013490609494e-05,-1.74262802698121845e-04,-2.61394332571570460e-04,-2.61394204047182767e-04
4.72649999999999970e+00,4.72649999999999970e+00,4.59970700799508914e-01,-4.86587725807545723e-02,-4.86587010260773264e-02,-8.66646456215998108e-05,-8.66645181777614778e-05,-1.73329036355522956e-04,-2.59993681977122753e-04,-2.59993554533284447e-04
4.73375000000000057e+00,4.73375000000000057e+00,4.59618330542056031e-01,-4.85470297714805099e-02,-4.85469585996362238e-02,-8.62009729817065918e-05,-8.62008466077089403e-05,-1.72401693215417853e-04,-2.58602666197124459e-04,-2.58602539823126767e-04
4.74099999999999966e+00,4.74099999999999966e+00,4.59266768867822417e-01,-4.84357139964295413e-02,-4.84356432047903865e-02,-8.57404849935481186e-05,-8.57403596787963926e-05,-1.71480719357592812e-04,-2.57221204351140904e-04,-2.57221079036389219e-04
4.74825000000000053e+00,4.74825000000000053e+00,4.58916012689107755e-01,-4.83248229743686863e-02,-4.83247525603230366e-02,-8.52831549639669682e-05,-8.52830306979770005e-05,-1.70566061395954001e-04,-2.55849216359920969e-04,-2.55849092093931002e-04
4.75549999999999962e+00,4.75549999999999962e+00,4.58566058934694043e-01,-4.82143544397040102e-02,-4.82142844006617707e-02,-8.48289564638104917e-05,-8.48288332362170927e-05,-1.69657666472434158e-04,-2.54486622936244637e-04,-2.54486499708651251e-04
4.76275000000000048e+00,4.76275000000000048e+00,4.58216904549732074e-01,-4.81043061423456209e-02,-4.81042364757474153e-02,-8.43778633249149974e-05,-8.43777411254868629e-05,-1.68755482250973753e-04,-2.53133345575888764e-04,-2.53133223376460616e-04
4.76999999999999957e+00,4.76999999999999957e+00,4.57868546495630080e-01,-4.79946758475975344e-02,-4.79946065509046227e-02,-8.39298496371709780e-05,-8.39297284557917158e-05,-1.67859456911583459e-04,-2.51789306548754464e-04,-2.51789185367375188e-04
4.77725000000000044e+00,4.77725000000000044e+00,4.57520981749941935e-01,-4.78854613360191195e-02,-4.78853924067132661e-02,-8.34848897455730648e-05,-8.34847695722398933e-05,-1.66969539144479759e-04,-2.50454428890052811e-04,-2.50454308716719666e-04
4.78449999999999953e+00,4.78449999999999953e+00,4.57174207306257796e-01,-4.77766604033078579e-02,-4.77765918388815825e-02,-8.30429582473439368e-05,-8.30428390721495927e-05,-1.66085678144299185e-04,-2.49128636391643095e-04,-2.49128517216448751e-04
4.79175000000000040e+00,4.79175000000000040e+00,4.56828220174093969e-01,-4.76682708601465777e-02,-4.76682026581200929e-02,-8.26040299890303941e-05,-8.26039118021916469e-05,-1.65207823604383321e-04,-2.47811853593413742e-04,-2.47811735406574954e-04
4.79900000000000038e+00,4.79900000000000038e+00,4.56483017378785605e-01,-4.75602905321039771e-02,-4.75602226900172509e-02,-8.21680800637276780e-05,-8.21679628555703815e-05,-1.64335925711140763e-04,-2.46504005774868468e-04,-2.46503888566711117e-04
4.80625000000000036e+00,4.80625000000000036e+00,4.56138595961378457e-01,-4.74527172594996216e-02,-4.74526497749158324e-02,-8.17350838082750604e-05,-8.17349675692390180e-05,-1.63469935138478036e-04,-2.45205018946753096e-04,-2.45204902707717067e-04
4.81350000000000033e+00,4.81350000000000033e+00,4.55794952978522849e-01,-4.73455488972902572e-02,-4.73454817677908812e-02,-8.13050168005223397e-05,-8.13049015211518041e-05,-1.62609803042303635e-04,-2.43914819842825975e-04,-2.43914704563455453e-04
4.82075000000000031e+00,4.82075000000000031e+00,4.55452085502367765e-01,-4.72387833149419123e-02,-4.72387165381286875e-02,-8.08778548566046579e-05,-8.08777405275506621e-05,-1.61755481055101351e-04,-2.42633335911706023e-04,-2.42633221582652013e-04
4.82800000000000029e+00,4.82800000000000029e+00,4.55109990620456206e-01,-4.71324183963091059e-02,-4.71323519698069807e-02,-8.04535740282621086e-05,-8.04534606402865319e-05,-1.60906921280573037e-04,-2.41360495308835159e-04,-2.41360381920859555e-04
4.83525000000000027e+00,4.83525000000000027e+00,4.54768665435621278e-01,-4.70264520395282659e-02,-4.70263859609762955e-02,-8.00321506002158600e-05,-8.00320381441747716e-05,-1.60064076288349516e-04,-2.40096226888565363e-04,-2.40096114432524301e-04
4.84250000000000025e+00,4.84250000000000025e+00,4.54428107065883047e-01,-4.69208821568862788e-02,-4.69208164239424894e-02,-7.96135610875331093e-05,-7.96134495543842225e-05,-1.59226899108768445e-04,-2.38840460196301568e-04,-2.38840348663152668e-04
4.84975000000000023e+00,4.84975000000000023e+00,4.54088312644346404e-01,-4.68157066747103556e-02,-4.68156412850504050e-02,-7.91977822330598957e-05,-7.91976716138592744e-05,-1.58395343227718549e-04,-2.37593125460778458e-04,-2.37593014841577810e-04
4.85700000000000021e+00,4.85700000000000021e+00,4.53749279319099752e-01,-4.67109235332401340e-02,-4.67108584845686362e-02,-7.87847910048544275e-05,-7.87846812907746873e-05,-1.57569362581549347e-04,-2.36354153586403775e-04,-2.36354043872324048e-04
4.86425000000000018e+00,4.86425000000000018e+00,4.53411004253114425e-01,-4.66065306865424134e-02,-4.66064659765754660e-02,-7.83745645937227180e-05,-7.83744557760224925e-05,-1.56748911552045012e-04,-2.35123476145767730e-04,-2.35123367328067491e-04
4.87150000000000016e+00,4.87150000000000016e+00,4.53073484624144873e-01,-4.65025261023725989e-02,-4.65024617288458259e-02,-7.79670804106941020e-05,-7.79669724807307413e-05,-1.55933944961461483e-04,-2.33901025372155585e-04,-2.33900917442192224e-04
4.87875000000000014e+00,4.87875000000000014e+00,4.52736717624630025e-01,-4.63989077620752255e-02,-4.63988437227394329e-02,-7.75623160845920402e-05,-7.75622090338133982e-05,-1.55124418067626796e-04,-2.32686734152218850e-04,-2.32686627101440181e-04
4.88600000000000012e+00,4.88600000000000012e+00,4.52400700461594807e-01,-4.62956736604631658e-02,-4.62956099530899279e-02,-7.71602494595983367e-05,-7.71601432795512008e-05,-1.54320286559102402e-04,-2.31480536018700725e-04,-2.31480429838653602e-04
4.89325000000000010e+00,4.89325000000000010e+00,4.52065430356553333e-01,-4.61928218057039430e-02,-4.61927584280951639e-02,-7.67608585928578117e-05,-7.67607532752029190e-05,-1.53521506550405838e-04,-2.30282365143263663e-04,-2.30282259825608757e-04
4.90050000000000008e+00,4.90050000000000008e+00,4.51730904545412093e-01,-4.60903502192557823e-02,-4.60902871692084534e-02,-7.63641217521940363e-05,-7.63640172886465100e-05,-1.52728034577293020e-04,-2.29092156329487056e-04,-2.29092051865939516e-04
4.90775000000000006e+00,4.90775000000000006e+00,4.51397120278374142e-01,-4.59882569356828697e-02,-4.59881942110309319e-02,-7.59700174136517713e-05,-7.59699137960498594e-05,-1.51939827592099746e-04,-2.27909845005751504e-04,-2.27909741388149592e-04
4.91500000000000004e+00,4.91500000000000004e+00,4.51064074819844674e-01,-4.58865400026198245e-02,-4.58864776012049488e-02,-7.55785242593151325e-05,-7.55784214795708495e-05,-1.51156842959141726e-04,-2.26735367218456859e-04,-2.26735264438712562e-04
4.92225000000000001e+00,4.92225000000000001e+00,4.50731765448336152e-01,-4.57851974806331441e-02,-4.57851354003084091e-02,-7.51896211749813266e-05,-7.51895192250858201e-05,-1.50379038450171667e-04,-2.25568659625152994e-04,-2.25568557675257474e-04
4.92949999999999999e+00,4.92949999999999999e+00,4.50400189456375499e-01,-4.56842274430933060e-02,-4.56841656817502315e-02,-7.48032872478796387e-05,-7.48031861199467473e-05,-1.49606372239893495e-04,-2.24409659487773133e-04,-2.24409558359840256e-04
4.93674999999999997e+00,4.93674999999999997e+00,4.50069344150411277e-01,-4.55836279761356877e-02,-4.55835665316667096e-02,-7.44195017645623473e-05,-7.44194014507661237e-05,-1.48838802901532274e-04,-2.23258304666094622e-04,-2.23258204352298398e-04
4.94400000000000084e+00,4.94400000000000084e+00,4.49739226850721485e-01,-4.54833971785006952e-02,-4.54833360488189134e-02,-7.40382442086231162e-05,-7.40381447012294447e-05,-1.48076289402458916e-04,-2.22114533611082033e-04,-2.22114434103688361e-04
4.95124999999999993e+00,4.95124999999999993e+00,4.49409834891323023e-01,-4.53835331614556026e-02,-4.53834723444910895e-02,-7.36594942585753863e-05,-7.36593955499351258e-05,-1.47318791099870252e-04,-2.20978285358445624e-04,-2.20978186649805377e-04
4.95850000000000080e+00,4.95850000000000080e+00,4.49081165619880374e-01,-4.52840340486986292e-02,-4.52839735423898673e-02,-7.32832317857261338e-05,-7.32831338682604535e-05,-1.46566267736520907e-04,-2.19849499522247041e-04,-2.19849401604781374e-04
4.96574999999999989e+00,4.96574999999999989e+00,4.48753216397616894e-01,-4.51848979762310421e-02,-4.51848377785447203e-02,-7.29094368520235116e-05,-7.29093397182552385e-05,-1.45818679436510504e-04,-2.18728116288534016e-04,-2.18728019154765729e-04
4.97300000000000075e+00,4.97300000000000075e+00,4.48425984599225003e-01,-4.50861230922967593e-02,-4.50860632012090243e-02,-7.25380897080376858e-05,-7.25379933505601062e-05,-1.45075986701120239e-04,-2.17614076409157925e-04,-2.17613980051680346e-04
4.98024999999999984e+00,4.98024999999999984e+00,4.48099467612778635e-01,-4.49877075572402418e-02,-4.49876479707623789e-02,-7.21691707908343489e-05,-7.21690752023518121e-05,-1.44338150404703624e-04,-2.16507321195537973e-04,-2.16507225607055450e-04
4.98750000000000071e+00,4.98750000000000071e+00,4.47773662839644981e-01,-4.48896495434851772e-02,-4.48895902596135252e-02,-7.18026607220658873e-05,-7.18025658953125990e-05,-1.43605131790625198e-04,-2.15407792512691085e-04,-2.15407697685937810e-04
4.99474999999999980e+00,4.99474999999999980e+00,4.47448567694398114e-01,-4.47919472353497383e-02,-4.47918882521045197e-02,-7.14385403058242000e-05,-7.14384462336259402e-05,-1.42876892467251935e-04,-2.14315432773076135e-04,-2.14315338700877861e-04
5.00199999999999978e+00,5.00199999999999978e+00,4.47124179604732552e-01,-4.46945988289719764e-02,-4.46945401444154913e-02,-7.10767905266934447e-05,-7.10766972019956486e-05,-1.42153394403991297e-04,-2.13230184930684742e-04,-2.13230091605986946e-04
5.00925000000000065e+00,5.00925000000000065e+00,4.46800496011377946e-01,-4.45976025322956104e-02,-4.45975441444705217e-02,-7.07173925479214356e-05,-7.07172999636901790e-05,-1.41434599927380304e-04,-2.12151992475301753e-04,-2.12151899891070483e-04
5.01650000000000063e+00,5.01650000000000063e+00,4.46477514368014250e-01,-4.45009565648568639e-02,-4.45008984718443315e-02,-7.03603277092968842e-05,-7.03602358586106341e-05,-1.40720471717221241e-04,-2.11080799426518139e-04,-2.11080707575831875e-04
5.02375000000000060e+00,5.02375000000000060e+00,4.46155232141187519e-01,-4.44046591577809124e-02,-4.44046013576698123e-02,-7.00055775253822447e-05,-7.00054864013822974e-05,-1.40010972802764595e-04,-2.10016550328146840e-04,-2.10016459204146892e-04
5.03100000000000058e+00,5.03100000000000058e+00,4.45833646810226414e-01,-4.43087085536504333e-02,-4.43086510445464474e-02,-6.96531236835654837e-05,-6.96530332794696939e-05,-1.39306066558939388e-04,-2.08959190242504871e-04,-2.08959099838409068e-04
5.03825000000000056e+00,5.03825000000000056e+00,4.45512755867159549e-01,-4.42131030064345509e-02,-4.42130457864496132e-02,-6.93029480422290527e-05,-6.93028583513145266e-05,-1.38605716702629026e-04,-2.07908664744858092e-04,-2.07908575053943566e-04
5.04550000000000054e+00,5.04550000000000054e+00,4.45192556816633112e-01,-4.41178407813751505e-02,-4.41177838486406793e-02,-6.89550326288731205e-05,-6.89549436444964229e-05,-1.37909887288992819e-04,-2.06864919917865939e-04,-2.06864830933489242e-04
5.05275000000000052e+00,5.05275000000000052e+00,4.44873047175829650e-01,-4.40229201549051652e-02,-4.40228635075780098e-02,-6.86093596383103362e-05,-6.86092713539160283e-05,-1.37218542707832057e-04,-2.05827902346142393e-04,-2.05827814061748085e-04
5.06000000000000050e+00,5.06000000000000050e+00,4.44554224474387027e-01,-4.39283394145810746e-02,-4.39282830508287564e-02,-6.82659114309034038e-05,-6.82658238400002452e-05,-1.36531647680000490e-04,-2.04797559110903894e-04,-2.04797471520000722e-04
5.06725000000000048e+00,5.06725000000000048e+00,4.44236086254318208e-01,-4.38340968589905344e-02,-4.38340407769814144e-02,-6.79246705307838739e-05,-6.79245836269289934e-05,-1.35849167253858014e-04,-2.03773837784641874e-04,-2.03773750880786994e-04
5.07450000000000045e+00,5.07450000000000045e+00,4.43918630069931652e-01,-4.37401907976315840e-02,-4.37401349955593294e-02,-6.75856196240476385e-05,-6.75855334008839792e-05,-1.35171066801767931e-04,-2.02756686425815556e-04,-2.02756600202651910e-04
5.08175000000000043e+00,5.08175000000000043e+00,4.43601853487752551e-01,-4.36466195508664612e-02,-4.36465640269348629e-02,-6.72487415570859640e-05,-6.72486560083180516e-05,-1.34497312016636103e-04,-2.01746053573722054e-04,-2.01745968024954168e-04
5.08900000000000041e+00,5.08900000000000041e+00,4.43285754086444106e-01,-4.35533814498150207e-02,-4.35533262022444537e-02,-6.69140193348427445e-05,-6.69139344542460526e-05,-1.33827868908492105e-04,-2.00741888243334836e-04,-2.00741803362738144e-04
5.09625000000000039e+00,5.09625000000000039e+00,4.42970329456730261e-01,-4.34604748362730220e-02,-4.34604198633044142e-02,-6.65814361191294354e-05,-6.65813519005558599e-05,-1.33162703801111720e-04,-1.99744139920241155e-04,-1.99744055701667580e-04
5.10350000000000037e+00,5.10350000000000037e+00,4.42655577201318151e-01,-4.33678980626481803e-02,-4.33678433625274903e-02,-6.62509752269866201e-05,-6.62508916643399904e-05,-1.32501783328680008e-04,-1.98752758555666641e-04,-1.98752674993019985e-04
5.11075000000000035e+00,5.11075000000000035e+00,4.42341494934821833e-01,-4.32756494918535850e-02,-4.32755950628402677e-02,-6.59226201289987804e-05,-6.59225372162473546e-05,-1.31845074432494709e-04,-1.97767694561493503e-04,-1.97767611648742077e-04
5.11800000000000033e+00,5.11800000000000033e+00,4.42028080283686231e-01,-4.31837274972366458e-02,-4.31836733376012305e-02,-6.55963544476823593e-05,-6.55962721788545550e-05,-1.31192544357709083e-04,-1.96788898805391429e-04,-1.96788816536563638e-04
5.12525000000000031e+00,5.12525000000000031e+00,4.41715330886111923e-01,-4.30921304624867219e-02,-4.30920765705196732e-02,-6.52721619558597555e-05,-6.52720803250570115e-05,-1.30544160650114050e-04,-1.95816322605973806e-04,-1.95816240975171048e-04
5.13250000000000028e+00,5.13250000000000028e+00,4.41403244391980198e-01,-4.30008567815711729e-02,-4.30008031555752721e-02,-6.49500265750946299e-05,-6.49499455764792629e-05,-1.29899891152958553e-04,-1.94849917728053196e-04,-1.94849836729437829e-04
5.13975000000000026e+00,5.13975000000000026e+00,4.41091818462779117e-01,-4.29099048586500942e-02,-4.29098514969384823e-02,-6.46299323741126029e-05,-6.46298520019042704e-05,-1.29259704003808541e-04,-1.93889636377921157e-04,-1.93889556005712811e-04
5.14700000000000024e+00,5.14700000000000024e+00,4.40781050771529792e-01,-4.28192731079874989e-02,-4.28192200088915662e-02,-6.43118635672343788e-05,-6.43117838157214493e-05,-1.28623567631442899e-04,-1.92935431198677277e-04,-1.92935351447164348e-04
5.15425000000000022e+00,5.15425000000000022e+00,4.40470939002713335e-01,-4.27289599538909215e-02,-4.27289071157504335e-02,-6.39958045128693142e-05,-6.39957253763934181e-05,-1.27991450752786809e-04,-1.91987255265656123e-04,-1.91987176129180214e-04
5.16150000000000020e+00,5.16150000000000020e+00,4.40161480852198361e-01,-4.26389638306190477e-02,-4.26389112517871136e-02,-6.36817397119777084e-05,-6.36816611849407303e-05,-1.27363322369881434e-04,-1.91045062081859142e-04,-1.91044983554822164e-04
5.16875000000000018e+00,5.16875000000000018e+00,4.39852674027169321e-01,-4.25492831823106599e-02,-4.25492308611530173e-02,-6.33696538065825320e-05,-6.33695758834449714e-05,-1.26739151766889970e-04,-1.90108805573472488e-04,-1.90108727650334928e-04
5.17600000000000016e+00,5.17600000000000016e+00,4.39544516246054839e-01,-4.24599164629135828e-02,-4.24598643978028253e-02,-6.30595315782974872e-05,-6.30594542535693780e-05,-1.26118908507138756e-04,-1.89178440085436243e-04,-1.89178362760708134e-04
5.18325000000000014e+00,5.18325000000000014e+00,4.39237005238457101e-01,-4.23708621360852078e-02,-4.23708103254190963e-02,-6.27513579468295078e-05,-6.27512812150971168e-05,-1.25502562430194234e-04,-1.88253920377023741e-04,-1.88253843645291364e-04
5.19050000000000011e+00,5.19050000000000011e+00,4.38930138745081633e-01,-4.22821186751498601e-02,-4.22820671173375975e-02,-6.24451179685820898e-05,-6.24450418244868968e-05,-1.24890083648973821e-04,-1.87335201617555911e-04,-1.87335125473460731e-04
5.19775000000000009e+00,5.19775000000000009e+00,4.38623914517667413e-01,-4.21936845630241919e-02,-4.21936332564732258e-02,-6.21407968352268822e-05,-6.21407212734456985e-05,-1.24281442546891397e-04,-1.86422239382118293e-04,-1.86422163820337095e-04
5.20500000000000007e+00,5.20500000000000007e+00,4.38318330318917759e-01,-4.21055582921141536e-02,-4.21055072352466628e-02,-6.18383798722493925e-05,-6.18383048875182810e-05,-1.23676609775036589e-04,-1.85514989647285981e-04,-1.85514914662554856e-04
5.21225000000000005e+00,5.21225000000000005e+00,4.38013383922431776e-01,-4.20177383642474922e-02,-4.20176875555117041e-02,-6.15378525375631321e-05,-6.15377781246934265e-05,-1.23075556249386880e-04,-1.84613408786950012e-04,-1.84613334374080320e-04
5.21950000000000003e+00,5.21950000000000003e+00,4.37709073112636182e-01,-4.19302232906346717e-02,-4.19301727284832060e-02,-6.12392004201806154e-05,-6.12391265740265973e-05,-1.22478253148053195e-04,-1.83717453568233823e-04,-1.83717379722079805e-04
5.22675000000000001e+00,5.22675000000000001e+00,4.37405395684717591e-01,-4.18430115917693968e-02,-4.18429612746656701e-02,-6.09424092388108690e-05,-6.09423359542787466e-05,-1.21884671908557493e-04,-1.82827081147368355e-04,-1.82827007862836240e-04
5.23399999999999999e+00,5.23399999999999999e+00,4.37102349444555505e-01,-4.17561017973646642e-02,-4.17560517237825293e-02,-6.06474648405242443e-05,-6.06473921125711695e-05,-1.21294784225142353e-04,-1.81942249065666597e-04,-1.81942176337713515e-04
5.24124999999999996e+00,5.24124999999999996e+00,4.36799932208655761e-01,-4.16694924462852612e-02,-4.16694426147060093e-02,-6.03543531994268982e-05,-6.03542810230561763e-05,-1.20708562046112366e-04,-1.81062915245539251e-04,-1.81062843069168549e-04
5.24849999999999994e+00,5.24849999999999994e+00,4.36498141804084416e-01,-4.15831820864589474e-02,-4.15831324953876771e-02,-6.00630604153189716e-05,-6.00629887856032969e-05,-1.20125977571206594e-04,-1.80189037986525579e-04,-1.80188966356809884e-04
5.25574999999999992e+00,5.25574999999999992e+00,4.36196976068402131e-01,-4.14971692748444809e-02,-4.14971199227895313e-02,-5.97735727124496473e-05,-5.97735016245008467e-05,-1.19547003249001680e-04,-1.79320575961451341e-04,-1.79320504873502527e-04
5.26299999999999990e+00,5.26299999999999990e+00,4.35896432849599169e-01,-4.14114525773321418e-02,-4.14114034628158059e-02,-5.94858764381886362e-05,-5.94858058871727130e-05,-1.18971611774345426e-04,-1.78457488212534069e-04,-1.78457417661518139e-04
5.27024999999999988e+00,5.27024999999999988e+00,4.35596510006030835e-01,-4.13260305686904417e-02,-4.13259816902453239e-02,-5.91999580617786944e-05,-5.91998880429101700e-05,-1.18399776085820340e-04,-1.77599734147599041e-04,-1.77599664128730517e-04
5.27749999999999986e+00,5.27749999999999986e+00,4.35297205406353138e-01,-4.12409018325057275e-02,-4.12408531886644392e-02,-5.89158041730915896e-05,-5.89157346816183110e-05,-1.17831469363236622e-04,-1.76747273536328212e-04,-1.76747204044854926e-04
5.28474999999999984e+00,5.28474999999999984e+00,4.34998516929459511e-01,-4.11560649610720475e-02,-4.11560165504006384e-02,-5.86334014813266987e-05,-5.86333325125772454e-05,-1.17266665025154504e-04,-1.75900066506481196e-04,-1.75899997537731756e-04
5.29199999999999982e+00,5.29199999999999982e+00,4.34700442464417580e-01,-4.10715185553982565e-02,-4.10714703764566910e-02,-5.83527368138908991e-05,-5.83526683632176350e-05,-1.16705336726435256e-04,-1.75058073540326162e-04,-1.75058005089652891e-04
5.29924999999999979e+00,5.29924999999999979e+00,4.34402979910406217e-01,-4.09872612250801183e-02,-4.09872132764453681e-02,-5.80737971150987244e-05,-5.80737291779103584e-05,-1.16147458355820703e-04,-1.74221255470919441e-04,-1.74221187533731068e-04
5.30650000000000066e+00,5.30650000000000066e+00,4.34106127176653867e-01,-4.09032915882683312e-02,-4.09032438685248134e-02,-5.77965694450227927e-05,-5.77965020167703716e-05,-1.15593004033540743e-04,-1.73389573478563549e-04,-1.73389506050311115e-04
5.31375000000000064e+00,5.31375000000000064e+00,4.33809882182376316e-01,-4.08196082715868158e-02,-4.08195607793343934e-02,-5.75210409782865603e-05,-5.75209740544743652e-05,-1.15041948108948730e-04,-1.72562989087235284e-04,-1.72562922163423089e-04
5.32100000000000062e+00,5.32100000000000062e+00,4.33514242856715859e-01,-4.07362099100829766e-02,-4.07361626439311994e-02,-5.72471990029149320e-05,-5.72471325790919268e-05,-1.14494265158183854e-04,-1.71741464161098792e-04,-1.71741397737275780e-04
5.32825000000000060e+00,5.32825000000000060e+00,4.33219207138680118e-01,-4.06530951471637536e-02,-4.06530481057270285e-02,-5.69750309191777296e-05,-5.69749649909303914e-05,-1.13949929981860783e-04,-1.70924960901038512e-04,-1.70924894972791167e-04
5.33550000000000058e+00,5.33550000000000058e+00,4.32924772977081984e-01,-4.05702626345210149e-02,-4.05702158164260099e-02,-5.67045242384306449e-05,-5.67044588013930069e-05,-1.13408917602786014e-04,-1.70113441841216666e-04,-1.70113376404179014e-04
5.34275000000000055e+00,5.34275000000000055e+00,4.32630938330479553e-01,-4.04877110320782663e-02,-4.04876644359627100e-02,-5.64356665819985465e-05,-5.64356016318501037e-05,-1.12871203263700207e-04,-1.69306869845698761e-04,-1.69306804895550311e-04
5.35000000000000053e+00,5.35000000000000053e+00,4.32337701167116895e-01,-4.04054390079195969e-02,-4.04053926324408272e-02,-5.61684456800462011e-05,-5.61683812125234096e-05,-1.12336762425046833e-04,-1.68505208105093027e-04,-1.68505143637570236e-04
5.35725000000000051e+00,5.35725000000000051e+00,4.32045059464864711e-01,-4.03234452382612574e-02,-4.03233990820723934e-02,-5.59028493705203498e-05,-5.59027853813830577e-05,-1.11805570762766115e-04,-1.67708420133286479e-04,-1.67708356144149166e-04
5.36450000000000049e+00,5.36450000000000049e+00,4.31753011211162108e-01,-4.02417284073521841e-02,-4.02416824691175373e-02,-5.56388655980046690e-05,-5.56388020830572577e-05,-1.11277604166114515e-04,-1.66916469764119178e-04,-1.66916406249171780e-04
5.37175000000000047e+00,5.37175000000000047e+00,4.31461554402958136e-01,-4.01602872074242612e-02,-4.01602414858247408e-02,-5.53764824126560729e-05,-5.53764193677545592e-05,-1.10752838735509091e-04,-1.66129321148165157e-04,-1.66129258103263637e-04
5.37900000000000045e+00,5.37900000000000045e+00,4.31170687046654455e-01,-4.00791203386425821e-02,-4.00790748323716708e-02,-5.51156879691522717e-05,-5.51156253901982697e-05,-1.10231250780396539e-04,-1.65346938749548825e-04,-1.65346876170594816e-04
5.38625000000000043e+00,5.38625000000000043e+00,4.30880407158047818e-01,-3.99982265090521594e-02,-3.99981812168064763e-02,-5.48564705256458690e-05,-5.48564084085732614e-05,-1.09712816817146509e-04,-1.64569287342792371e-04,-1.64569225225719764e-04
5.39350000000000041e+00,5.39350000000000041e+00,4.30590712762273176e-01,-3.99176044345068703e-02,-3.99175593549896332e-02,-5.45988184427051164e-05,-5.45987567834845268e-05,-1.09197513566969026e-04,-1.63796332009674136e-04,-1.63796270350453546e-04
5.40075000000000038e+00,5.40075000000000038e+00,4.30301601893747443e-01,-3.98372528386090607e-02,-3.98372079705362619e-02,-5.43427201822808926e-05,-5.43426589769278306e-05,-1.08685317953855675e-04,-1.63028038136136567e-04,-1.63027976930783499e-04
5.40800000000000036e+00,5.40800000000000036e+00,4.30013072596113377e-01,-3.97571704526562542e-02,-3.97571257947589990e-02,-5.40881643066943839e-05,-5.40881035512719827e-05,-1.08176207102543965e-04,-1.62264371409238343e-04,-1.62264310653815948e-04
5.41525000000000034e+00,5.41525000000000034e+00,4.29725122922183955e-01,-3.96773560155985194e-02,-3.96773115666113202e-02,-5.38351394776498434e-05,-5.38350791682526035e-05,-1.07670158336505207e-04,-1.61505297814155057e-04,-1.61505237504757824e-04
5.42250000000000032e+00,5.42250000000000032e+00,4.29437750933887197e-01,-3.95978082739638637e-02,-3.95977640326313635e-02,-5.35836344552148515e-05,-5.35835745879774497e-05,-1.07167149175954899e-04,-1.60750783631169751e-04,-1.60750723763932336e-04
5.42975000000000030e+00,5.42975000000000030e+00,4.29150954702211485e-01,-3.95185259818049417e-02,-3.95184819468862719e-02,-5.33336380968400277e-05,-5.33335786679428809e-05,-1.06667157335885762e-04,-1.60000795432725803e-04,-1.60000736003828643e-04
5.43700000000000028e+00,5.43700000000000028e+00,4.28864732307150998e-01,-3.94395079006635285e-02,-3.94394640709169533e-02,-5.30851393564133489e-05,-5.30850803620615258e-05,-1.06170160724123052e-04,-1.59255300080536394e-04,-1.59255241086184564e-04
5.44425000000000026e+00,5.44425000000000026e+00,4.28579081837651865e-01,-3.93607527994888073e-02,-3.93607091736834155e-02,-5.28381272832621955e-05,-5.28380687197009278e-05,-1.05676137439401856e-04,-1.58514264722664044e-04,-1.58514206159102790e-04
5.45150000000000023e+00,5.45150000000000023e+00,4.28294001391558432e-01,-3.92822594545876314e-02,-3.92822160315104488e-02,-5.25925910212091263e-05,-5.25925328847329904e-05,-1.05185065769465967e-04,-1.57777656790675100e-04,-1.57777598654198971e-04
5.45875000000000021e+00,5.45875000000000021e+00,4.28009489075560356e-01,-3.92040266495889966e-02,-3.92039834280339186e-02,-5.23485198076565342e-05,-5.23484620945942388e-05,-1.04696924189188491e-04,-1.57045443996845012e-04,-1.57045386283782737e-04
5.46600000000000019e+00,5.46600000000000019e+00,4.27725543005139375e-01,-3.91260531753871987e-02,-3.91260101541473990e-02,-5.21059029726525860e-05,-5.21058456793565631e-05,-1.04211691358713126e-04,-1.56317594331365699e-04,-1.56317537038069696e-04
5.47325000000000017e+00,5.47325000000000017e+00,4.27442161304517232e-01,-3.90483378300636730e-02,-3.90482950079493185e-02,-5.18647299379386417e-05,-5.18646730608084049e-05,-1.03729346121616823e-04,-1.55594076059555465e-04,-1.55594019182425235e-04
5.48050000000000015e+00,5.48050000000000015e+00,4.27159342106603446e-01,-3.89708794188656782e-02,-3.89708367946905790e-02,-5.16249902160823338e-05,-5.16249337515463721e-05,-1.03249867503092731e-04,-1.54874857719175058e-04,-1.54874801254639103e-04
5.48775000000000013e+00,5.48775000000000013e+00,4.26877083552943681e-01,-3.88936767541352424e-02,-3.88936343267225829e-02,-5.13866734095537385e-05,-5.13866173540768618e-05,-1.02773234708153710e-04,-1.54159908117707455e-04,-1.54159852062230572e-04
5.49500000000000011e+00,5.49500000000000011e+00,4.26595383793668514e-01,-3.88167286552558721e-02,-3.88166864234457260e-02,-5.11497692098349888e-05,-5.11497135599279227e-05,-1.02299427119855832e-04,-1.53449196329690814e-04,-1.53449140679783741e-04
5.50225000000000009e+00,5.50225000000000009e+00,4.26314240987442472e-01,-3.87400339486241307e-02,-3.87399919112583480e-02,-5.09142673965718316e-05,-5.09142121487709363e-05,-1.01828424297541873e-04,-1.52742691694113697e-04,-1.52742636446312816e-04
5.50950000000000006e+00,5.50950000000000006e+00,4.26033653301413462e-01,-3.86635914675821368e-02,-3.86635496235060785e-02,-5.06801578366827455e-05,-5.06801029875521167e-05,-1.01360205975104247e-04,-1.52040363811786999e-04,-1.52040308962656364e-04
5.51675000000000004e+00,5.51675000000000004e+00,4.25753618911162535e-01,-3.85874000523571681e-02,-3.85873584004316414e-02,-5.04474304834868971e-05,-5.04473760296337003e-05,-1.00894752059267414e-04,-1.51342182542754298e-04,-1.51342128088901114e-04
5.52400000000000002e+00,5.52400000000000002e+00,4.25474136000654257e-01,-3.85114585500296869e-02,-3.85114170891251162e-02,-5.02160753758782431e-05,-5.02160213139447989e-05,-1.00432042627889584e-04,-1.50648118003767834e-04,-1.50648063941834383e-04
5.53125000000000000e+00,5.53125000000000000e+00,4.25195202762187086e-01,-3.84357658144871550e-02,-3.84357245434745406e-02,-4.99860826374898200e-05,-4.99860289641414885e-05,-9.99720579282829770e-05,-1.49958140565772783e-04,-1.49958086892424465e-04
5.53849999999999998e+00,5.53849999999999998e+00,4.24916817396344237e-01,-3.83603207063529794e-02,-3.83602796241170191e-02,-4.97574424758343858e-05,-4.97573891877764392e-05,-9.95147783755528649e-05,-1.49272220851387244e-04,-1.49272167563329304e-04
5.54574999999999996e+00,5.54574999999999996e+00,4.24638978111945009e-01,-3.82851220929545377e-02,-3.82850811983902126e-02,-4.95301451815047865e-05,-4.95300922754776592e-05,-9.90601845509553048e-05,-1.48590329732460098e-04,-1.48590276826432964e-04
5.55299999999999994e+00,5.55299999999999994e+00,4.24361683125996370e-01,-3.82101688482840984e-02,-3.82101281402842038e-02,-4.93041811273734360e-05,-4.93041286001362985e-05,-9.86082572002726105e-05,-1.47912438327646033e-04,-1.47912385800408916e-04
5.56024999999999991e+00,5.56024999999999991e+00,4.24084930663644888e-01,-3.81354598529206612e-02,-3.81354193303938549e-02,-4.90795407677496666e-05,-4.90794886161035601e-05,-9.81589772322071337e-05,-1.47238517999956787e-04,-1.47238465848310694e-04
5.56749999999999989e+00,5.56749999999999989e+00,4.23808718958129049e-01,-3.80609939940050879e-02,-3.80609536558714906e-02,-4.88562146376145812e-05,-4.88561628583963797e-05,-9.77123257167927594e-05,-1.46568540354407347e-04,-1.46568488575189146e-04
5.57474999999999987e+00,5.57474999999999987e+00,4.23533046250731793e-01,-3.79867701652010226e-02,-3.79867300103799987e-02,-4.86341933518454146e-05,-4.86341419419118737e-05,-9.72682838838237473e-05,-1.45902477235669169e-04,-1.45902425825735621e-04
5.58199999999999985e+00,5.58199999999999985e+00,4.23257910790733605e-01,-3.79127872666309429e-02,-3.79127472940463672e-02,-4.84134676044161986e-05,-4.84134165606505489e-05,-9.68268331213010977e-05,-1.45240300725717290e-04,-1.45240249681951640e-04
5.58924999999999983e+00,5.58924999999999983e+00,4.22983310835365667e-01,-3.78390442048193165e-02,-3.78390044134155473e-02,-4.81940281676158632e-05,-4.81939774869479353e-05,-9.63879549738958706e-05,-1.44581983141511741e-04,-1.44581932460843799e-04
5.59649999999999981e+00,5.59649999999999981e+00,4.22709244649763727e-01,-3.77655398926748376e-02,-3.77655002814047819e-02,-4.79758658913241240e-05,-4.79758155707147706e-05,-9.59516311414295548e-05,-1.43927497032753679e-04,-1.43927446712144319e-04
5.60375000000000068e+00,5.60375000000000068e+00,4.22435710506921802e-01,-3.76922732494548995e-02,-3.76922338172582458e-02,-4.77589717022721793e-05,-4.77589217386854378e-05,-9.55178434773708756e-05,-1.43276815179643041e-04,-1.43276765216056307e-04
5.61100000000000065e+00,5.61100000000000065e+00,4.22162706687646605e-01,-3.76192432006590138e-02,-3.76192039465020958e-02,-4.75433366032212366e-05,-4.75432869936747175e-05,-9.50865739873494621e-05,-1.42629910590570685e-04,-1.42629860981024180e-04
5.61825000000000063e+00,5.61825000000000063e+00,4.21890231480512246e-01,-3.75464486780501261e-02,-3.75464096008999437e-02,-4.73289516723109750e-05,-4.73289024138426651e-05,-9.46578048276853302e-05,-1.41986756499996305e-04,-1.41986707241527989e-04
5.62550000000000061e+00,5.62550000000000061e+00,4.21618283181814879e-01,-3.74738886195800092e-02,-3.74738497184085723e-02,-4.71158080622938885e-05,-4.71157591519674092e-05,-9.42315183039348048e-05,-1.41347326366228693e-04,-1.41347277455902221e-04
5.63275000000000059e+00,5.63275000000000059e+00,4.21346860095528353e-01,-3.74015619693395251e-02,-3.74015232431341993e-02,-4.69038969998087146e-05,-4.69038484347261291e-05,-9.38076968694522717e-05,-1.40711593869260993e-04,-1.40711545304178401e-04
5.64000000000000057e+00,5.64000000000000057e+00,4.21075960533259464e-01,-3.73294676775408618e-02,-3.73294291252889571e-02,-4.66932097847014868e-05,-4.66931615619836757e-05,-9.33863231239673514e-05,-1.40079532908668838e-04,-1.40079484685951027e-04
5.64725000000000055e+00,5.64725000000000055e+00,4.20805582814203993e-01,-3.72576047004464783e-02,-3.72575663211478086e-02,-4.64837377892867926e-05,-4.64836899060889789e-05,-9.29673798121779578e-05,-1.39451117601464744e-04,-1.39451069718266930e-04
5.65450000000000053e+00,5.65450000000000053e+00,4.20535725265102966e-01,-3.71859720003513416e-02,-3.71859337930058320e-02,-4.62754724576832055e-05,-4.62754249111792468e-05,-9.25508498223584936e-05,-1.38826322280041699e-04,-1.38826274733537747e-04
5.66175000000000050e+00,5.66175000000000050e+00,4.20266386220198906e-01,-3.71145685455154251e-02,-3.71145305091357680e-02,-4.60684053050935101e-05,-4.60683580924914774e-05,-9.21367161849829549e-05,-1.38205121490076458e-04,-1.38205074277474439e-04
5.66900000000000048e+00,5.66900000000000048e+00,4.19997564021192982e-01,-3.70433933101459445e-02,-3.70433554437460677e-02,-4.58625279171541198e-05,-4.58624810356817082e-05,-9.17249620713634164e-05,-1.37587489988517529e-04,-1.37587443107045138e-04
5.67625000000000046e+00,5.67625000000000046e+00,4.19729257017201818e-01,-3.69724452743298571e-02,-3.69724075769391550e-02,-4.56578319492294713e-05,-4.56577853961514488e-05,-9.13155707923028975e-05,-1.36973402741532376e-04,-1.36973356188454360e-04
5.68350000000000044e+00,5.68350000000000044e+00,4.19461463564715198e-01,-3.69017234240196501e-02,-3.69016858946701123e-02,-4.54543091257795213e-05,-4.54542628983815335e-05,-9.09085257967630670e-05,-1.36362834922542595e-04,-1.36362788695144600e-04
5.69075000000000042e+00,5.69075000000000042e+00,4.19194182027553541e-01,-3.68312267509800506e-02,-3.68311893887056652e-02,-4.52519512396853661e-05,-4.52519053352730554e-05,-9.05038106705460972e-05,-1.35755761910231457e-04,-1.35755716005819159e-04
5.69800000000000040e+00,5.69800000000000040e+00,4.18927410776825992e-01,-3.67609542527347344e-02,-3.67609170565835336e-02,-4.50507501515819150e-05,-4.50507045674955302e-05,-9.01014091349910604e-05,-1.35152159286572982e-04,-1.35152113702486591e-04
5.70525000000000038e+00,5.70525000000000038e+00,4.18661148190888843e-01,-3.66909049325556680e-02,-3.66908679015721315e-02,-4.48506977892494768e-05,-4.48506525228420535e-05,-8.97013050456840934e-05,-1.34552002834933563e-04,-1.34551957568526160e-04
5.71250000000000036e+00,5.71250000000000036e+00,4.18395392655303955e-01,-3.66210777993813963e-02,-3.66210409326305428e-02,-4.46517861469246545e-05,-4.46517411955913224e-05,-8.93034823911826583e-05,-1.33955268538107306e-04,-1.33955223586773987e-04
5.71975000000000033e+00,5.71975000000000033e+00,4.18130142562797846e-01,-3.65514718678205952e-02,-3.65514351643688798e-02,-4.44540072847223231e-05,-4.44539626458767044e-05,-8.89079252917534087e-05,-1.33361932576475732e-04,-1.33361887937630106e-04
5.72700000000000031e+00,5.72700000000000031e+00,4.17865396313220561e-01,-3.64820861580952283e-02,-3.64820496170089534e-02,-4.42573533279897095e-05,-4.42573089990618316e-05,-8.85146179981236497e-05,-1.32771971326113352e-04,-1.32771926997185481e-04
5.73425000000000029e+00,5.73425000000000029e+00,4.17601152313505475e-01,-3.64129196959837031e-02,-3.64128833163452487e-02,-4.40618164666673162e-05,-4.40617724451231480e-05,-8.81235448902462825e-05,-1.32185361356913599e-04,-1.32185317335369430e-04
5.74150000000000027e+00,5.74150000000000027e+00,4.17337408977628777e-01,-3.63439715128173191e-02,-3.63439352937062407e-02,-4.38673889547205555e-05,-4.38673452380388865e-05,-8.77346904760777595e-05,-1.31602079430798315e-04,-1.31602035714116646e-04
5.74875000000000025e+00,5.74875000000000025e+00,4.17074164726569607e-01,-3.62752406454092124e-02,-3.62752045859160363e-02,-4.36740631094957539e-05,-4.36740196951847080e-05,-8.73480393903694024e-05,-1.31022102499865156e-04,-1.31022059085554110e-04
5.75600000000000023e+00,5.75600000000000023e+00,4.16811417988270372e-01,-3.62067261360294879e-02,-3.62066902352562864e-02,-4.34818313111382128e-05,-4.34817881967357024e-05,-8.69635763934714184e-05,-1.30445407704609631e-04,-1.30445364590207121e-04
5.76325000000000021e+00,5.76325000000000021e+00,4.16549167197597159e-01,-3.61384270323839019e-02,-3.61383912894284592e-02,-4.32906860020203807e-05,-4.32906431850748756e-05,-8.65812863701497513e-05,-1.29871972372170132e-04,-1.29871929555224613e-04
5.77050000000000018e+00,5.77050000000000018e+00,4.16287410796300772e-01,-3.60703423875463614e-02,-3.60703068015163983e-02,-4.31006196861203608e-05,-4.31005771642078425e-05,-8.62011543284156849e-05,-1.29301774014536046e-04,-1.29301731492623541e-04
5.77775000000000016e+00,5.77775000000000016e+00,4.16026147232977761e-01,-3.60024712599340546e-02,-3.60024358299491781e-02,-4.29116249284577670e-05,-4.29115826991838020e-05,-8.58231653983676041e-05,-1.28734790326825364e-04,-1.28734748097551413e-04
5.78500000000000014e+00,5.78500000000000014e+00,4.15765374963031731e-01,-3.59348127132825823e-02,-3.59347774384642799e-02,-4.27236943545351091e-05,-4.27236524155227197e-05,-8.54473048310454259e-05,-1.28170999185580535e-04,-1.28170957246568132e-04
5.79225000000000012e+00,5.79225000000000012e+00,4.15505092448635149e-01,-3.58673658165997722e-02,-3.58673306960710578e-02,-4.25368206497593775e-05,-4.25367789986484860e-05,-8.50735579972969585e-05,-1.27610378647056343e-04,-1.27610336995945451e-04
5.79950000000000010e+00,5.79950000000000010e+00,4.15245298158691045e-01,-3.58001296441159411e-02,-3.58000946770144907e-02,-4.23509965588653156e-05,-4.23509551933281536e-05,-8.47019103866562936e-05,-1.27052906945521616e-04,-1.27052865579984454e-04
5.80675000000000008e+00,5.80675000000000008e+00,4.14985990568795482e-01,-3.57331032752732369e-02,-3.57330684607392660e-02,-4.21662148853906390e-05,-4.21661738031171713e-05,-8.43323476062343290e-05,-1.26498562491624954e-04,-1.26498521409351494e-04
5.81400000000000006e+00,5.81400000000000006e+00,4.14727168161199589e-01,-3.56662857946830059e-02,-3.56662511318541070e-02,-4.19824684911186195e-05,-4.19824276898103375e-05,-8.39648553796206750e-05,-1.25947323870739288e-04,-1.25947283069431019e-04
5.82125000000000004e+00,5.82125000000000004e+00,4.14468829424772589e-01,-3.55996762920618437e-02,-3.55996417800964193e-02,-4.17997502955013577e-05,-4.17997097728987029e-05,-8.35994195457974193e-05,-1.25399169841298791e-04,-1.25399129318696129e-04
5.82850000000000001e+00,5.82850000000000001e+00,4.14210972854964721e-01,-3.55332738622458066e-02,-3.55332395002972215e-02,-4.16180532751803898e-05,-4.16180130290321653e-05,-8.32360260580643441e-05,-1.24854079333244734e-04,-1.24854039087096496e-04
5.83574999999999999e+00,5.83574999999999999e+00,4.13953596953770042e-01,-3.54670776051122516e-02,-3.54670433923463188e-02,-4.14373704634039076e-05,-4.14373304914876346e-05,-8.28746609829752692e-05,-1.24312031446379177e-04,-1.24311991474462911e-04
5.84299999999999997e+00,5.84299999999999997e+00,4.13696700229690573e-01,-3.54010866255727308e-02,-3.54010525611578447e-02,-4.12576949495327836e-05,-4.12576552496429780e-05,-8.25153104992859424e-05,-1.23773005448818733e-04,-1.23772965748928927e-04
5.85024999999999995e+00,5.85024999999999995e+00,4.13440281197699211e-01,-3.53353000335303591e-02,-3.53352661166359758e-02,-4.10790198785100362e-05,-4.10789804484563113e-05,-8.21579608969126227e-05,-1.23236980775422666e-04,-1.23236941345368934e-04
5.85749999999999993e+00,5.85749999999999993e+00,4.13184338379204374e-01,-3.52697169438300762e-02,-3.52696831736410074e-02,-4.09013384503273956e-05,-4.09012992879509356e-05,-8.18025985759018577e-05,-1.22703937026229253e-04,-1.22703897863852787e-04
5.86474999999999991e+00,5.86474999999999991e+00,4.12928870302013695e-01,-3.52043364762586464e-02,-3.52043028519556447e-02,-4.07246439195546925e-05,-4.07246050227054975e-05,-8.14492100454109949e-05,-1.22173853964965687e-04,-1.22173815068116486e-04
5.87199999999999989e+00,5.87199999999999989e+00,4.12673875500298659e-01,-3.51391577554736045e-02,-3.51391242762515918e-02,-4.05489295947917397e-05,-4.05488909613496454e-05,-8.10977819226993044e-05,-1.21646711517491051e-04,-1.21646672884048957e-04
5.87924999999999986e+00,5.87924999999999986e+00,4.12419352514559301e-01,-3.50741799110103614e-02,-3.50741465760564114e-02,-4.03741888382158536e-05,-4.03741504660649108e-05,-8.07483009321298216e-05,-1.21122489770345682e-04,-1.21122451398194739e-04
5.88649999999999984e+00,5.88649999999999984e+00,4.12165299891589010e-01,-3.50094020771969383e-02,-3.50093688857206348e-02,-4.02004150650274003e-05,-4.02003769520907316e-05,-8.04007539041814631e-05,-1.20601168969208870e-04,-1.20601130856272195e-04
5.89374999999999982e+00,5.89374999999999982e+00,4.11911716184439947e-01,-3.49448233931752839e-02,-3.49447903443851488e-02,-4.00276017430233039e-05,-4.00275638872357752e-05,-8.00551277744715640e-05,-1.20082729517494868e-04,-1.20082691661707339e-04
5.90100000000000069e+00,5.90100000000000069e+00,4.11658599952387960e-01,-3.48804430028444301e-02,-3.48804100959488120e-02,-3.98557423920850869e-05,-3.98557047913942154e-05,-7.97114095827884309e-05,-1.19567151974873525e-04,-1.19567114374182653e-04
5.90825000000000067e+00,5.90825000000000067e+00,4.11405949760898670e-01,-3.48162600548178602e-02,-3.48162272890363972e-02,-3.96848305836882342e-05,-3.96847932360671989e-05,-7.93695864721344113e-05,-1.19054417055822645e-04,-1.19054379708201610e-04
5.91550000000000065e+00,5.91550000000000065e+00,4.11153764181593107e-01,-3.47522737024092976e-02,-3.47522410769667001e-02,-3.95148599404487665e-05,-3.95148228438891032e-05,-7.90296456877782199e-05,-1.18544505628226986e-04,-1.18544468531667316e-04
5.92275000000000063e+00,5.92275000000000063e+00,4.10902041792213735e-01,-3.46884831036007313e-02,-3.46884506177209673e-02,-3.93458241356540114e-05,-3.93457872881588838e-05,-7.86915745763177676e-05,-1.18037398711971786e-04,-1.18037361864476651e-04
5.93000000000000060e+00,5.93000000000000060e+00,4.10650781176590873e-01,-3.46248874209926782e-02,-3.46248550739115396e-02,-3.91777168927778219e-05,-3.91776802923761574e-05,-7.83553605847523148e-05,-1.17533077477530130e-04,-1.17533040877128465e-04
5.93725000000000058e+00,5.93725000000000058e+00,4.10399980924609331e-01,-3.45614858217970777e-02,-3.45614536127507935e-02,-3.90105319850488210e-05,-3.90104956297822455e-05,-7.80209912595645046e-05,-1.17031523244613326e-04,-1.17031486889346750e-04
5.94450000000000056e+00,5.94450000000000056e+00,4.10149639632174823e-01,-3.44982774777911061e-02,-3.44982454060202559e-02,-3.88442632349786241e-05,-3.88442271229057787e-05,-7.76884542458115574e-05,-1.16532717480790182e-04,-1.16532681368717336e-04
5.95175000000000054e+00,5.95175000000000054e+00,4.09899755901181384e-01,-3.44352615652780969e-02,-3.44352296300400179e-02,-3.86789045139028148e-05,-3.86788686431131592e-05,-7.73577372862263183e-05,-1.16036641800129126e-04,-1.16036605929339471e-04
5.95900000000000052e+00,5.95900000000000052e+00,4.09650328339478287e-01,-3.43724372650910936e-02,-3.43724054656383837e-02,-3.85144497415740986e-05,-3.85144141101635636e-05,-7.70288282203271271e-05,-1.15543277961901232e-04,-1.15543242330490691e-04
5.96625000000000050e+00,5.96625000000000050e+00,4.09401355560837565e-01,-3.43098037625360064e-02,-3.43097720981217283e-02,-3.83508928856918330e-05,-3.83508574917686078e-05,-7.67017149835372291e-05,-1.15052607869229055e-04,-1.15052572475305830e-04
5.97350000000000048e+00,5.97350000000000048e+00,4.09152836184921542e-01,-3.42473602473596372e-02,-3.42473287172446253e-02,-3.81882279614638816e-05,-3.81881928031564707e-05,-7.63763856063129278e-05,-1.14564613567776809e-04,-1.14564578409469405e-04
5.98075000000000045e+00,5.98075000000000045e+00,4.08904768837250854e-01,-3.41851059137212587e-02,-3.41850745171801904e-02,-3.80264490311767482e-05,-3.80264141066405509e-05,-7.60528282132811153e-05,-1.14079277244457863e-04,-1.14079242319921673e-04
5.98800000000000043e+00,5.98800000000000043e+00,4.08657152149172587e-01,-3.41230399601784029e-02,-3.41230086964906948e-02,-3.78655502037855988e-05,-3.78655155111926232e-05,-7.57310310223852464e-05,-1.13596581226170845e-04,-1.13596546533577876e-04
5.99525000000000041e+00,5.99525000000000041e+00,4.08409984757828248e-01,-3.40611615896619924e-02,-3.40611304580983459e-02,-3.77055256344964042e-05,-3.77054911720201897e-05,-7.54109823440403794e-05,-1.13116507978536777e-04,-1.13116473516060569e-04
6.00250000000000039e+00,6.00250000000000039e+00,4.08163265306122458e-01,-3.39994700094194968e-02,-3.39994390092563450e-02,-3.75463695243167067e-05,-3.75463352901483298e-05,-7.50926705802966595e-05,-1.12639040104613359e-04,-1.12639005870444989e-04
6.00975000000000037e+00,6.00975000000000037e+00,4.07916992442691695e-01,-3.39379644309900641e-02,-3.39379335615201672e-02,-3.73880761196461987e-05,-3.73880421120057992e-05,-7.47760842240115985e-05,-1.12164160343657804e-04,-1.12164126336017405e-04
6.01700000000000035e+00,6.01700000000000035e+00,4.07671164821873100e-01,-3.38766440701974147e-02,-3.38766133307190492e-02,-3.72306397118906453e-05,-3.72306059290152970e-05,-7.44612118580305940e-05,-1.11691851569921239e-04,-1.11691817787045898e-04
6.02425000000000033e+00,6.02425000000000033e+00,4.07425781103673834e-01,-3.38155081471214203e-02,-3.38154775369277349e-02,-3.70740546370561009e-05,-3.70740210771880002e-05,-7.41480421543760140e-05,-1.11222096791432115e-04,-1.11222063231564014e-04
6.03150000000000031e+00,6.03150000000000031e+00,4.07180839953739881e-01,-3.37545558860483652e-02,-3.37545254044383514e-02,-3.69183152753236850e-05,-3.69182819367221523e-05,-7.38365638734443181e-05,-1.10754879148768003e-04,-1.10754845810166470e-04
6.03875000000000028e+00,6.03875000000000028e+00,4.06936340043326128e-01,-3.36937865154460781e-02,-3.36937561617326534e-02,-3.67634160506556719e-05,-3.67633829316058177e-05,-7.35267658632116354e-05,-1.10290181913867301e-04,-1.10290148794817453e-04
6.04600000000000026e+00,6.04600000000000026e+00,4.06692280049265886e-01,-3.36331992679639313e-02,-3.36331690414543374e-02,-3.66093514304324517e-05,-3.66093185292236354e-05,-7.32186370584472844e-05,-1.09827988488879729e-04,-1.09827955587670927e-04
6.05325000000000024e+00,6.05325000000000024e+00,4.06448658653940642e-01,-3.35727933803759981e-02,-3.35727632803816678e-02,-3.64561159250310538e-05,-3.64560832399675764e-05,-7.29121664799351664e-05,-1.09368282404966220e-04,-1.09368249719902743e-04
6.06050000000000022e+00,6.06050000000000022e+00,4.06205474545250467e-01,-3.35125680935526304e-02,-3.35125381194002550e-02,-3.63037040874386829e-05,-3.63036716168516727e-05,-7.26073432337033319e-05,-1.08911047321142015e-04,-1.08911014850555005e-04
6.06775000000000020e+00,6.06775000000000020e+00,4.05962726416584152e-01,-3.34525226524640118e-02,-3.34524928034760916e-02,-3.61521105129044396e-05,-3.61520782551306085e-05,-7.23041565102612035e-05,-1.08456267023165643e-04,-1.08456234765391812e-04
6.07500000000000018e+00,6.07500000000000018e+00,4.05720412966789734e-01,-3.33926563061268666e-02,-3.33926265816287815e-02,-3.60013298385330221e-05,-3.60012977919222347e-05,-7.20025955838444695e-05,-1.08003925422377498e-04,-1.08003893375766704e-04
6.08225000000000016e+00,6.08225000000000016e+00,4.05478532900145294e-01,-3.33329683075795913e-02,-3.33329387069049507e-02,-3.58513567429129062e-05,-3.58513249058338719e-05,-7.17026498116677438e-05,-1.07554006554580657e-04,-1.07553974717501622e-04
6.08950000000000014e+00,6.08950000000000014e+00,4.05237084926329816e-01,-3.32734579138644904e-02,-3.32734284363518998e-02,-3.57021859457557121e-05,-3.57021543165923598e-05,-7.14043086331847196e-05,-1.07106494578940425e-04,-1.07106462949777079e-04
6.09675000000000011e+00,6.09675000000000011e+00,4.04996067760394263e-01,-3.32141243859958024e-02,-3.32140950309914515e-02,-3.55538122075238017e-05,-3.55537807846779090e-05,-7.11075615693558180e-05,-1.06661373776879620e-04,-1.06661342354033727e-04
6.10400000000000009e+00,6.10400000000000009e+00,4.04755480122732880e-01,-3.31549669889454890e-02,-3.31549377557939784e-02,-3.54062303290802912e-05,-3.54061991109615707e-05,-7.08123982219231415e-05,-1.06218628551003433e-04,-1.06218597332884712e-04
6.11125000000000007e+00,6.11125000000000007e+00,4.04515320739054551e-01,-3.30959849916041549e-02,-3.30959558796526526e-02,-3.52594351513159298e-05,-3.52594041363463997e-05,-7.05188082726927994e-05,-1.05778243424008736e-04,-1.05778212409039199e-04
6.11850000000000005e+00,6.11850000000000005e+00,4.04275588340354597e-01,-3.30371776667561790e-02,-3.30371486753578969e-02,-3.51134215547946668e-05,-3.51133907414122562e-05,-7.02267814828244988e-05,-1.05340203037619166e-04,-1.05340172224236762e-04
6.12575000000000003e+00,6.12575000000000003e+00,4.04036281662886576e-01,-3.29785442910548454e-02,-3.29785154195720159e-02,-3.49681844594024860e-05,-3.49681538460640566e-05,-6.99363076921281267e-05,-1.04904492151530613e-04,-1.04904461538192183e-04
6.13300000000000001e+00,6.13300000000000001e+00,4.03797399448134309e-01,-3.29200841450045800e-02,-3.29200553928040360e-02,-3.48237188240071961e-05,-3.48236884091837449e-05,-6.96473768183674899e-05,-1.04471095642374686e-04,-1.04471065227551235e-04
6.14024999999999999e+00,6.14024999999999999e+00,4.03558940442784009e-01,-3.28617965129431866e-02,-3.28617678793847179e-02,-3.46800196461213048e-05,-3.46799894282855299e-05,-6.93599788565710463e-05,-1.04039998502692351e-04,-1.04039968284856576e-04
6.14749999999999996e+00,6.14749999999999996e+00,4.03320903398696640e-01,-3.28036806829850036e-02,-3.28036521674417783e-02,-3.45370819615268919e-05,-3.45370519391747339e-05,-6.90741038783494542e-05,-1.03611185839876346e-04,-1.03611155817524188e-04
6.15474999999999994e+00,6.15474999999999994e+00,4.03083287072880714e-01,-3.27457359470280096e-02,-3.27457075488753191e-02,-3.43949008439714296e-05,-3.43948710156100369e-05,-6.87897420312200603e-05,-1.03184642875191483e-04,-1.03184613046830104e-04
6.16199999999999992e+00,6.16199999999999992e+00,4.02846090227464759e-01,-3.26879616007147433e-02,-3.26879333193333954e-02,-3.42534714048177747e-05,-3.42534417689689867e-05,-6.85068835379379733e-05,-1.02760354942755741e-04,-1.02760325306906953e-04
6.16924999999999990e+00,6.16924999999999990e+00,4.02609311629670397e-01,-3.26303569434109875e-02,-3.26303287781878198e-02,-3.41127887927162245e-05,-3.41127593479169917e-05,-6.82255186958339969e-05,-1.02338307488550215e-04,-1.02338278043750995e-04
6.17649999999999988e+00,6.17649999999999988e+00,4.02372950051785305e-01,-3.25729212781880051e-02,-3.25728932285101053e-02,-3.39728481932832343e-05,-3.39728189380794721e-05,-6.79456378761589578e-05,-1.01918486069442192e-04,-1.01918456814238423e-04
6.18374999999999986e+00,6.18374999999999986e+00,4.02137004271136633e-01,-3.25156539117976706e-02,-3.25156259770476366e-02,-3.38336448287757970e-05,-3.38336157617173986e-05,-6.76672315234347837e-05,-1.01500876352210581e-04,-1.01500847285152182e-04
6.19099999999999984e+00,6.19099999999999984e+00,4.01901473070064241e-01,-3.24585541546156264e-02,-3.24585263341999886e-02,-3.36951739577355947e-05,-3.36951450774059281e-05,-6.73902901548118426e-05,-1.01085464112547437e-04,-1.01085435232217778e-04
6.19825000000000070e+00,6.19825000000000070e+00,4.01666355235894612e-01,-3.24016213206874681e-02,-3.24015936139954511e-02,-3.35574308747434678e-05,-3.35574021797163598e-05,-6.71148043594327061e-05,-1.00672235234176174e-04,-1.00672206539149066e-04
6.20550000000000068e+00,6.20550000000000068e+00,4.01431649560914205e-01,-3.23448547276292686e-02,-3.23448271340676941e-02,-3.34204109100252460e-05,-3.34203823989011678e-05,-6.68407647978023491e-05,-1.00261175707827595e-04,-1.00261147196703510e-04
6.21275000000000066e+00,6.21275000000000066e+00,4.01197354842343978e-01,-3.22882536966559996e-02,-3.22882262156326885e-02,-3.32841094291934511e-05,-3.32840811005821979e-05,-6.65681622011643959e-05,-9.98522716303578469e-05,-9.98522433017465938e-05
6.22000000000000064e+00,6.22000000000000064e+00,4.00963469882312684e-01,-3.22318175525424522e-02,-3.22317901834656487e-02,-3.31485218329217988e-05,-3.31484936854417923e-05,-6.62969873708835845e-05,-9.94455092038053765e-05,-9.94454810563253700e-05
6.22725000000000062e+00,6.22725000000000062e+00,4.00729993487832115e-01,-3.21755456235912618e-02,-3.21755183658783625e-02,-3.30136435566300284e-05,-3.30136155889172676e-05,-6.60272311778345352e-05,-9.90408747344645636e-05,-9.90408467667517960e-05
6.23450000000000060e+00,6.23450000000000060e+00,4.00496924470770621e-01,-3.21194372416329088e-02,-3.21194100946964947e-02,-3.28794700702045374e-05,-3.28794422808981250e-05,-6.57588845617962500e-05,-9.86383546320007806e-05,-9.86383268426943750e-05
6.24175000000000058e+00,6.24175000000000058e+00,4.00264261647828468e-01,-3.20634917419688747e-02,-3.20634647052371879e-02,-3.27459968776633428e-05,-3.27459692654263966e-05,-6.54919385308527931e-05,-9.82379354085161359e-05,-9.82379077962791897e-05
6.24900000000000055e+00,6.24900000000000055e+00,4.00032003840512074e-01,-3.20077084633929587e-02,-3.20076815362867681e-02,-3.26132195169039974e-05,-3.26131920803998790e-05,-6.52263841607997579e-05,-9.78396036777037553e-05,-9.78395762411996369e-05
6.25625000000000053e+00,6.25625000000000053e+00,3.99800149875109256e-01,-3.19520867481308812e-02,-3.19520599300786579e-02,-3.24811335593705634e-05,-3.24811062972783283e-05,-6.49622125945566566e-05,-9.74433461539272268e-05,-9.74433188918349849e-05
6.26350000000000051e+00,6.26350000000000051e+00,3.99568698582664195e-01,-3.18966259418296261e-02,-3.18965992322714290e-02,-3.23497346097743221e-05,-3.23497075207925346e-05,-6.46994150415850557e-05,-9.70491496513593778e-05,-9.70491225623775904e-05
6.27075000000000049e+00,6.27075000000000049e+00,3.99337648798952727e-01,-3.18413253935574403e-02,-3.18412987919270210e-02,-3.22190183058277240e-05,-3.22189913886561954e-05,-6.44379827773123909e-05,-9.66570010831401081e-05,-9.66569741659685863e-05
6.27800000000000047e+00,6.27800000000000047e+00,3.99106999364457593e-01,-3.17861844557576489e-02,-3.17861579614891337e-02,-3.20889803179341514e-05,-3.20889535712806754e-05,-6.41779071425613507e-05,-9.62668874604955021e-05,-9.62668607138420261e-05
6.28525000000000045e+00,6.28525000000000045e+00,3.98876749124344232e-01,-3.17312024842166807e-02,-3.17311760967617998e-02,-3.19596163488948990e-05,-3.19595897714925785e-05,-6.39191795429851705e-05,-9.58787958918800763e-05,-9.58787693144777422e-05
6.29250000000000043e+00,6.29250000000000043e+00,3.98646896928436467e-01,-3.16763788380889366e-02,-3.16763525568880752e-02,-3.18309221336760570e-05,-3.18308957242539902e-05,-6.36617914485079940e-05,-9.54927135821840510e-05,-9.54926871727619842e-05
6.29975000000000041e+00,6.29975000000000041e+00,3.98417441631191971e-01,-3.16217128798257363e-02,-3.16216867043288968e-02,-3.17028934390811769e-05,-3.17028671963855247e-05,-6.34057343927710494e-05,-9.51086278318522330e-05,-9.51086015891565808e-05
6.30700000000000038e+00,6.30700000000000038e+00,3.98188382091679005e-01,-3.15672039751753175e-02,-3.15671779048421614e-02,-3.15755260634981711e-05,-3.15754999862920689e-05,-6.31509999725841378e-05,-9.47265260360823157e-05,-9.47264999588762067e-05
6.31425000000000036e+00,6.31425000000000036e+00,3.97959717173551941e-01,-3.15128514931757309e-02,-3.15128255274618463e-02,-3.14488158366414290e-05,-3.14487899236911428e-05,-6.28975798473822856e-05,-9.43463956840237213e-05,-9.43463697710734283e-05
6.32150000000000034e+00,6.32150000000000034e+00,3.97731445745027945e-01,-3.14586548061122073e-02,-3.14586289444774153e-02,-3.13227586192608304e-05,-3.13227328693440238e-05,-6.26454657386880476e-05,-9.39682243579488779e-05,-9.39681986080320714e-05
6.32875000000000032e+00,6.32875000000000032e+00,3.97503566678863274e-01,-3.14046132895029473e-02,-3.14045875314132514e-02,-3.11973503028817537e-05,-3.11973247147893313e-05,-6.23946494295786626e-05,-9.35919997324604095e-05,-9.35919741443680007e-05
6.33600000000000030e+00,6.33600000000000030e+00,3.97276078852330128e-01,-3.13507263220884624e-02,-3.13507006670083743e-02,-3.10725868095509258e-05,-3.10725613820793216e-05,-6.21451227641586432e-05,-9.32177095737095622e-05,-9.32176841462379648e-05
6.34325000000000028e+00,6.34325000000000028e+00,3.97048981147193003e-01,-3.12969932857960487e-02,-3.12969677331961516e-02,-3.09484640915600248e-05,-3.09484388235186763e-05,-6.18968776470373526e-05,-9.28453417385973774e-05,-9.28453164705560289e-05
6.35050000000000026e+00,6.35050000000000026e+00,3.96822272449686098e-01,-3.12434135657255752e-02,-3.12433881150843314e-02,-3.08249781311928440e-05,-3.08249530214058459e-05,-6.16499060428116918e-05,-9.24748841740045426e-05,-9.24748590642175444e-05
6.35775000000000023e+00,6.35775000000000023e+00,3.96595951650489997e-01,-3.11899865501459317e-02,-3.11899612009350763e-02,-3.07021249404852768e-05,-3.07020999877768999e-05,-6.14041999755537998e-05,-9.21063249160390766e-05,-9.21062999633307064e-05
6.36500000000000021e+00,6.36500000000000021e+00,3.96370017644708972e-01,-3.11367116304417380e-02,-3.11366863821452428e-02,-3.05799005609384977e-05,-3.05798757641518169e-05,-6.11597515283036474e-05,-9.17396520892421383e-05,-9.17396272924554711e-05
6.37225000000000019e+00,6.37225000000000019e+00,3.96144469331848603e-01,-3.10835882011204490e-02,-3.10835630532267718e-02,-3.04583010632941461e-05,-3.04582764212833259e-05,-6.09165528425666518e-05,-9.13748539058607980e-05,-9.13748292638499811e-05
6.37950000000000017e+00,6.37950000000000017e+00,3.95919305615792749e-01,-3.10306156597945915e-02,-3.10305906117871871e-02,-3.03373225472870779e-05,-3.03372980589079867e-05,-6.06745961178159734e-05,-9.10119186651030547e-05,-9.10118941767239567e-05
6.38675000000000015e+00,6.38675000000000015e+00,3.95694525404781561e-01,-3.09777934071462369e-02,-3.09777684585103193e-02,-3.02169611413830758e-05,-3.02169368054998764e-05,-6.04338736109997528e-05,-9.06508347523828252e-05,-9.06508104164996224e-05
6.39400000000000013e+00,6.39400000000000013e+00,3.95470127611389111e-01,-3.09251208469021321e-02,-3.09250959971370913e-02,-3.00972130025292939e-05,-3.00971888180265014e-05,-6.01943776360529961e-05,-9.02915906385822934e-05,-9.02915664540794908e-05
6.40125000000000011e+00,6.40125000000000011e+00,3.95246111152501467e-01,-3.08725973858408054e-02,-3.08725726344465101e-02,-2.99780743159381418e-05,-2.99780502817071257e-05,-5.99561005634142581e-05,-8.99341748793523965e-05,-8.99341508451213838e-05
6.40850000000000009e+00,6.40850000000000009e+00,3.95022474949294433e-01,-3.08202224337676967e-02,-3.08201977802367508e-02,-2.98595412948419468e-05,-2.98595174097734056e-05,-5.97190348195468043e-05,-8.95785761143887545e-05,-8.95785522293202031e-05
6.41575000000000006e+00,6.41575000000000006e+00,3.94799217927211843e-01,-3.07679954034689729e-02,-3.07679708473063834e-02,-2.97416101802292758e-05,-2.97415864432322514e-05,-5.94831728864644960e-05,-8.92247830666937752e-05,-8.92247593296967474e-05
6.42300000000000004e+00,6.42300000000000004e+00,3.94576339015944133e-01,-3.07159157107221858e-02,-3.07158912514357875e-02,-2.96242772406385916e-05,-2.96242536506311112e-05,-5.92485073012622156e-05,-8.88727845419008038e-05,-8.88727609518933336e-05
6.43025000000000002e+00,6.43025000000000002e+00,3.94353837149406417e-01,-3.06639827742714033e-02,-3.06639584113686421e-02,-2.95075387719194671e-05,-2.95075153278253618e-05,-5.90150306556507168e-05,-8.85225694275701771e-05,-8.85225459834760719e-05
6.43750000000000000e+00,6.43750000000000000e+00,3.94131711265717222e-01,-3.06121960157916817e-02,-3.06121717487935693e-02,-2.93913910969857026e-05,-2.93913677977479770e-05,-5.87827355954959540e-05,-8.81741266924816600e-05,-8.81741033932439310e-05
6.44474999999999998e+00,6.44474999999999998e+00,3.93909960307177398e-01,-3.05605548599139354e-02,-3.05605306883259542e-02,-2.92758305656286127e-05,-2.92758074101814215e-05,-5.85516148203628361e-05,-8.78274453859914455e-05,-8.78274222305442542e-05
6.45199999999999996e+00,6.45199999999999996e+00,3.93688583220248467e-01,-3.05090587341503294e-02,-3.05090346574898065e-02,-2.91608535542367259e-05,-2.91608305415316251e-05,-5.83216610830632637e-05,-8.74825146372999930e-05,-8.74824916245948888e-05
6.45924999999999994e+00,6.45924999999999994e+00,3.93467578955532249e-01,-3.04577070689049378e-02,-3.04576830866998688e-02,-2.90464564655995913e-05,-2.90464335946042817e-05,-5.80928671892085634e-05,-8.71393236548081616e-05,-8.71393007838128485e-05
6.46649999999999991e+00,6.46649999999999991e+00,3.93246946467749325e-01,-3.04064992974772963e-02,-3.04064754092437418e-02,-2.89326357287063617e-05,-2.89326129983830585e-05,-5.78652259967661170e-05,-8.67978617254724753e-05,-8.67978389951491822e-05
6.47374999999999989e+00,6.47374999999999989e+00,3.93026684715718833e-01,-3.03554348559913478e-02,-3.03554110612642460e-02,-2.88193877984753758e-05,-2.88193652078101060e-05,-5.76387304156202187e-05,-8.64581182140955945e-05,-8.64580956234303213e-05
6.48099999999999987e+00,6.48099999999999987e+00,3.92806792662337478e-01,-3.03045131834309700e-02,-3.03044894817418205e-02,-2.87067091555872660e-05,-2.87066867035685570e-05,-5.74133734071371208e-05,-8.61200825627243935e-05,-8.61200601107056744e-05
6.48824999999999985e+00,6.48824999999999985e+00,3.92587269274559059e-01,-3.02537337216044477e-02,-3.02537101124770967e-02,-2.85945963062522004e-05,-2.85945739918670754e-05,-5.71891479837341373e-05,-8.57837442899863343e-05,-8.57837219756012127e-05
6.49550000000000072e+00,6.49550000000000072e+00,3.92368113523374196e-01,-3.02030959150982881e-02,-3.02030723980736028e-02,-2.84830457819692071e-05,-2.84830236042264817e-05,-5.69660472084529635e-05,-8.54490929904221672e-05,-8.54490708126794520e-05
6.50275000000000070e+00,6.50275000000000070e+00,3.92149324383790077e-01,-3.01525992113056418e-02,-3.01525757859205761e-02,-2.83720541393580514e-05,-2.83720320972684555e-05,-5.67440641945369110e-05,-8.51161183338949590e-05,-8.51160962918053699e-05
6.51000000000000068e+00,6.51000000000000068e+00,3.91930900834810247e-01,-3.01022430603801183e-02,-3.01022197261759002e-02,-2.82616179599222192e-05,-2.82615960525060948e-05,-5.65231921050121896e-05,-8.47848100649344088e-05,-8.47847881575182878e-05
6.51725000000000065e+00,6.51725000000000065e+00,3.91712841859414573e-01,-3.00520269152286801e-02,-3.00520036717491675e-02,-2.81517338498508603e-05,-2.81517120761365353e-05,-5.63034241522730841e-05,-8.44551580021239478e-05,-8.44551362284096194e-05
6.52450000000000063e+00,6.52450000000000063e+00,3.91495146444539421e-01,-3.00019502314903264e-02,-3.00019270782848797e-02,-2.80423984398091580e-05,-2.80423767988355786e-05,-5.60847535976711573e-05,-8.41271520374803187e-05,-8.41271303965067326e-05
6.53175000000000061e+00,6.53175000000000061e+00,3.91277813581057954e-01,-2.99520124675289878e-02,-2.99519894041457430e-02,-2.79336083847437487e-05,-2.79335868755541336e-05,-5.58671737511082605e-05,-8.38007821358520058e-05,-8.38007606266623941e-05
6.53900000000000059e+00,6.53900000000000059e+00,3.91060842263760255e-01,-2.99022130844086576e-02,-2.99021901103961006e-02,-2.78253603636733996e-05,-2.78253389853166697e-05,-5.56506779706333462e-05,-8.34760383343067424e-05,-8.34760169559500159e-05
6.54625000000000057e+00,6.54625000000000057e+00,3.90844231491334071e-01,-2.98525515458685220e-02,-2.98525286607854920e-02,-2.77176510794815059e-05,-2.77176298310215441e-05,-5.54352596620430815e-05,-8.31529107415245874e-05,-8.31528894930646189e-05
6.55350000000000055e+00,6.55350000000000055e+00,3.90627980266345209e-01,-2.98030273183229610e-02,-2.98030045217322938e-02,-2.76104772587334946e-05,-2.76104561392431319e-05,-5.52209122784862638e-05,-8.28313895372197618e-05,-8.28313684177293957e-05
6.56075000000000053e+00,6.56075000000000053e+00,3.90412087595218393e-01,-2.97536398708437844e-02,-2.97536171623075385e-02,-2.75038356514794112e-05,-2.75038146600359610e-05,-5.50076293200719220e-05,-8.25114649715513298e-05,-8.25114439801078831e-05
6.56800000000000050e+00,6.56800000000000050e+00,3.90196552488217940e-01,-2.97043886751424679e-02,-2.97043660542187817e-02,-2.73977230310581908e-05,-2.73977021667405117e-05,-5.47954043334810233e-05,-8.21931273645392074e-05,-8.21931065002215282e-05
6.57525000000000048e+00,6.57525000000000048e+00,3.89981373959428779e-01,-2.96552732055488377e-02,-2.96552506717941318e-02,-2.72921361939004421e-05,-2.72921154557909600e-05,-5.45842309115819336e-05,-8.18763671054823790e-05,-8.18763463673728936e-05
6.58250000000000046e+00,6.58250000000000046e+00,3.89766551026737518e-01,-2.96062929389790952e-02,-2.96062704919663883e-02,-2.71870719593231428e-05,-2.71870513465246772e-05,-5.43741026930493545e-05,-8.15611746523724939e-05,-8.15611540395740249e-05
6.58975000000000044e+00,6.58975000000000044e+00,3.89552082711813630e-01,-2.95574473549429229e-02,-2.95574249942572621e-02,-2.70825271693620804e-05,-2.70825066809934595e-05,-5.41650133619869123e-05,-8.12475405313489859e-05,-8.12475200429803752e-05
6.59700000000000042e+00,6.59700000000000042e+00,3.89337968040090798e-01,-2.95087359355576950e-02,-2.95087136607617671e-02,-2.69784986886121147e-05,-2.69784783237766288e-05,-5.39569566475532576e-05,-8.09354553361653757e-05,-8.09354349713298931e-05
6.60425000000000040e+00,6.60425000000000040e+00,3.89124206040748044e-01,-2.94601581654632128e-02,-2.94601359761326419e-02,-2.68749834039780150e-05,-2.68749631617957594e-05,-5.37499263235915255e-05,-8.06249097275695405e-05,-8.06248894853872882e-05
6.61150000000000038e+00,6.61150000000000038e+00,3.88910795746691629e-01,-2.94117135318430201e-02,-2.94116914275649698e-02,-2.67719782245247414e-05,-2.67719581041312140e-05,-5.35439162082624280e-05,-8.03158944327871728e-05,-8.03158743123936353e-05
6.61875000000000036e+00,6.61875000000000036e+00,3.88697736194536292e-01,-2.93634015244386148e-02,-2.93633795047808337e-02,-2.66694800813224657e-05,-2.66694600818403199e-05,-5.33389201636806398e-05,-8.00084002450031123e-05,-8.00083802455209530e-05
6.62600000000000033e+00,6.62600000000000033e+00,3.88485026424587265e-01,-2.93152216354606310e-02,-2.93151997000141301e-02,-2.65674859271994301e-05,-2.65674660477772827e-05,-5.31349320955545586e-05,-7.97024180227539887e-05,-7.97023981433318379e-05
6.63325000000000031e+00,6.63325000000000031e+00,3.88272665480822121e-01,-2.92671733596421291e-02,-2.92671515079954841e-02,-2.64659927366257925e-05,-2.64659729764147808e-05,-5.29319459528295548e-05,-7.93979386894553472e-05,-7.93979189292443423e-05
6.64050000000000029e+00,6.64050000000000029e+00,3.88060652410872453e-01,-2.92192561941959639e-02,-2.92192344259372370e-02,-2.63649975055116424e-05,-2.63649778636671289e-05,-5.27299557273342511e-05,-7.90949532328458866e-05,-7.90949335910013800e-05
6.64775000000000027e+00,6.64775000000000027e+00,3.87848986266006279e-01,-2.91714696387970207e-02,-2.91714479535185797e-02,-2.62644972510292872e-05,-2.62644777267151861e-05,-5.25289554534303789e-05,-7.87934527044596695e-05,-7.87934331801455650e-05
6.65500000000000025e+00,6.65500000000000025e+00,3.87637666101109890e-01,-2.91238131955822155e-02,-2.91237915928707659e-02,-2.61644890114530508e-05,-2.61644696038328154e-05,-5.23289392076656241e-05,-7.84934282191186749e-05,-7.84934088114984429e-05
6.66225000000000023e+00,6.66225000000000023e+00,3.87426690974670362e-01,-2.90762863691043094e-02,-2.90762648485624504e-02,-2.60649698459589947e-05,-2.60649505542149400e-05,-5.21299011084298868e-05,-7.81948709543888815e-05,-7.81948516626448302e-05
6.66950000000000021e+00,6.66950000000000021e+00,3.87216059948757851e-01,-2.90288886663603307e-02,-2.90288672275851138e-02,-2.59659368344932784e-05,-2.59659176578072688e-05,-5.19318353156145309e-05,-7.78977721501078127e-05,-7.78977529734218031e-05
6.67675000000000018e+00,6.67675000000000018e+00,3.87005772089008104e-01,-2.89816195967489421e-02,-2.89815982393386087e-02,-2.58673870775779995e-05,-2.58673680151374696e-05,-5.17347360302749325e-05,-7.76021231078529252e-05,-7.76021040454124021e-05
6.68400000000000016e+00,6.68400000000000016e+00,3.86795826464605030e-01,-2.89344786720562297e-02,-2.89344573956167722e-02,-2.57693176961442469e-05,-2.57692987471479984e-05,-5.15385974942959968e-05,-7.73079151904402471e-05,-7.73078962414439986e-05
6.69125000000000014e+00,6.69125000000000014e+00,3.86586222148263325e-01,-2.88874654064521508e-02,-2.88874442105931870e-02,-2.56717258313759585e-05,-2.56717069950304232e-05,-5.13434139900608395e-05,-7.70151398214367981e-05,-7.70151209850912695e-05
6.69850000000000012e+00,6.69850000000000012e+00,3.86376958216211486e-01,-2.88405793164763224e-02,-2.88405582008070087e-02,-2.55746086445457022e-05,-2.55745899200612521e-05,-5.11491798401224974e-05,-7.67237884846681996e-05,-7.67237697601837529e-05
6.70575000000000010e+00,6.70575000000000010e+00,3.86168033748174377e-01,-2.87938199210273638e-02,-2.87937988851488941e-02,-2.54779633168550300e-05,-2.54779447034393235e-05,-5.09558894068786402e-05,-7.64338527237336702e-05,-7.64338341103179704e-05
6.71300000000000008e+00,6.71300000000000008e+00,3.85959447827356583e-01,-2.87471867413202631e-02,-2.87471657848470570e-02,-2.53817870492479043e-05,-2.53817685461246255e-05,-5.07635370922492510e-05,-7.61453241414971553e-05,-7.61453056383738731e-05
6.72025000000000006e+00,6.72025000000000006e+00,3.85751199540425249e-01,-2.87006793009005889e-02,-2.87006584234533874e-02,-2.52860770622759854e-05,-2.52860586686786339e-05,-5.05721173373572679e-05,-7.58581943996332499e-05,-7.58581760060359086e-05
6.72750000000000004e+00,6.72750000000000004e+00,3.85543287977493487e-01,-2.86542971256373846e-02,-2.86542763268296911e-02,-2.51908305959462065e-05,-2.51908123111061033e-05,-5.03816246222122066e-05,-7.55724552181584165e-05,-7.55724369333183167e-05
6.73475000000000001e+00,6.73475000000000001e+00,3.85335712232103500e-01,-2.86080397436840883e-02,-2.86080190231340070e-02,-2.50960449095415718e-05,-2.50960267326982778e-05,-5.01920534653965624e-05,-7.52880983749381342e-05,-7.52880801980948435e-05
6.74199999999999999e+00,6.74199999999999999e+00,3.85128471401210093e-01,-2.85619066854749803e-02,-2.85618860428070373e-02,-2.50017172814747283e-05,-2.50016992118775690e-05,-5.00033984237551447e-05,-7.50051157052298797e-05,-7.50050976356327103e-05
6.74924999999999997e+00,6.74924999999999997e+00,3.84921564585164133e-01,-2.85158974837216306e-02,-2.85158769185586657e-02,-2.49078450091426995e-05,-2.49078270460436229e-05,-4.98156540920872458e-05,-7.47234991012299453e-05,-7.47234811381308653e-05
6.75649999999999995e+00,6.75649999999999995e+00,3.84714990887696118e-01,-2.84700116733844766e-02,-2.84699911853545547e-02,-2.48144254087612232e-05,-2.48144075514208000e-05,-4.96288151028416135e-05,-7.44432405116028401e-05,-7.44432226542624101e-05
6.76374999999999993e+00,6.76374999999999993e+00,3.84508749415900075e-01,-2.84242487916692710e-02,-2.84242283804028890e-02,-2.47214558152221377e-05,-2.47214380629070744e-05,-4.94428761258141488e-05,-7.41643319410362797e-05,-7.41643141887212266e-05
6.77099999999999991e+00,6.77099999999999991e+00,3.84302839280216912e-01,-2.83786083780199760e-02,-2.83785880431411119e-02,-2.46289335819488882e-05,-2.46289159339242111e-05,-4.92578318678484289e-05,-7.38867654497973137e-05,-7.38867478017726434e-05
6.77824999999999989e+00,6.77824999999999989e+00,3.84097259594418761e-01,-2.83330899740796838e-02,-2.83330697152228660e-02,-2.45368560807255519e-05,-2.45368385362694229e-05,-4.90736770725388457e-05,-7.36105331532643976e-05,-7.36105156088082753e-05
6.78549999999999986e+00,6.78549999999999986e+00,3.83892009475592766e-01,-2.82876931236977214e-02,-2.82876729405049585e-02,-2.44452207015673467e-05,-2.44452032599682953e-05,-4.88904065199365905e-05,-7.33356272215039305e-05,-7.33356097799048892e-05
6.79275000000000073e+00,6.79275000000000073e+00,3.83687088044125102e-01,-2.82424173729332040e-02,-2.82423972650344170e-02,-2.43540248525890767e-05,-2.43540075131290596e-05,-4.87080150262581124e-05,-7.30620398788471857e-05,-7.30620225393871720e-05
6.80000000000000071e+00,6.80000000000000071e+00,3.83482494423685205e-01,-2.81972622700017439e-02,-2.81972422370356732e-02,-2.42632659598257683e-05,-2.42632487217982244e-05,-4.85264974435964557e-05,-7.27897634034222206e-05,-7.27897461653946869e-05
6.80725000000000069e+00,6.80725000000000069e+00,3.83278227741210065e-01,-2.81522273652825561e-02,-2.81522074068977952e-02,-2.41729414671067939e-05,-2.41729243298174307e-05,-4.83458486596348615e-05,-7.25187901267416622e-05,-7.25187729894522990e-05
6.81450000000000067e+00,6.81450000000000067e+00,3.83074287126888569e-01,-2.81073122113291163e-02,-2.81072923271618279e-02,-2.40830488359340621e-05,-2.40830317986816820e-05,-4.81660635973633571e-05,-7.22491124332974192e-05,-7.22490953960450459e-05
6.82175000000000065e+00,6.82175000000000065e+00,3.82870671714145794e-01,-2.80625163628123175e-02,-2.80624965525082086e-02,-2.39935855453034391e-05,-2.39935686073987910e-05,-4.79871372147975888e-05,-7.19807227601010347e-05,-7.19807058221963832e-05
6.82900000000000063e+00,6.82900000000000063e+00,3.82667380639627797e-01,-2.80178393765382339e-02,-2.80178196397443090e-02,-2.39045490915915211e-05,-2.39045322523501720e-05,-4.78090645047003440e-05,-7.17136135962918685e-05,-7.17135967570505092e-05
6.83625000000000060e+00,6.83625000000000060e+00,3.82464413043186013e-01,-2.79732808114196985e-02,-2.79732611477919897e-02,-2.38159369884038764e-05,-2.38159202471527670e-05,-4.76318404943055408e-05,-7.14477774827094206e-05,-7.14477607414583079e-05
6.84350000000000058e+00,6.84350000000000058e+00,3.82261768067862218e-01,-2.79288402284834092e-02,-2.79288206376753258e-02,-2.37277467664549053e-05,-2.37277301225223488e-05,-4.74554602450447043e-05,-7.11832070114996028e-05,-7.11831903675670598e-05
6.85075000000000056e+00,6.85075000000000056e+00,3.82059444859872976e-01,-2.78845171908557177e-02,-2.78844976725083349e-02,-2.36399759734304687e-05,-2.36399594261379340e-05,-4.72799188522758681e-05,-7.09198948257063334e-05,-7.09198782784137987e-05
6.85800000000000054e+00,6.85800000000000054e+00,3.81857442568594829e-01,-2.78403112637057859e-02,-2.78402918174828519e-02,-2.35526221738157032e-05,-2.35526057225074852e-05,-4.71052114450149636e-05,-7.06578336188306601e-05,-7.06578171675224489e-05
6.86525000000000052e+00,6.86525000000000052e+00,3.81655760346549244e-01,-2.77962220142953242e-02,-2.77962026398564654e-02,-2.34656829488143866e-05,-2.34656665928348107e-05,-4.69313331856696282e-05,-7.03970161344840182e-05,-7.03969997785044456e-05
6.87250000000000050e+00,6.87250000000000050e+00,3.81454397349387520e-01,-2.77522490119395115e-02,-2.77522297089405241e-02,-2.33791558961939551e-05,-2.33791396348876244e-05,-4.67582792697752487e-05,-7.01374351659692004e-05,-7.01374189046628663e-05
6.87975000000000048e+00,6.87975000000000048e+00,3.81253352735876128e-01,-2.77083918279856789e-02,-2.77083725960882363e-02,-2.32930386301468367e-05,-2.32930224628668010e-05,-4.65860449257336019e-05,-6.98790835558804353e-05,-6.98790673886004097e-05
6.88700000000000045e+00,6.88700000000000045e+00,3.81052625667881728e-01,-2.76646500358133096e-02,-2.76646308746828599e-02,-2.32073287811708675e-05,-2.32073127072767970e-05,-4.64146254145535872e-05,-6.96219541957244581e-05,-6.96219381218303842e-05
6.89425000000000043e+00,6.89425000000000043e+00,3.80852215310356845e-01,-2.76210232108233811e-02,-2.76210041201259623e-02,-2.31220239959417861e-05,-2.31220080147972608e-05,-4.62440160295945216e-05,-6.93660400255363110e-05,-6.93660240443917892e-05
6.90150000000000041e+00,6.90150000000000041e+00,3.80652120831324825e-01,-2.75775109304241539e-02,-2.75774919098257486e-02,-2.30371219371837895e-05,-2.30371060481557405e-05,-4.60742120963114811e-05,-6.91113340334952638e-05,-6.91113181444672148e-05
6.90875000000000039e+00,6.90875000000000039e+00,3.80452341401865679e-01,-2.75341127740134084e-02,-2.75340938231855015e-02,-2.29526202835382304e-05,-2.29526044860015338e-05,-4.59052089720030676e-05,-6.88578292555412912e-05,-6.88578134580046048e-05
6.91600000000000037e+00,6.91600000000000037e+00,3.80252876196101597e-01,-2.74908283229855499e-02,-2.74908094415920734e-02,-2.28685167294541322e-05,-2.28685010227807096e-05,-4.57370020455614192e-05,-6.86055187750155514e-05,-6.86055030683421221e-05
6.92325000000000035e+00,6.92325000000000035e+00,3.80053724391182401e-01,-2.74476571606854236e-02,-2.74476383484044614e-02,-2.27848089850352864e-05,-2.27847933686121503e-05,-4.55695867372243006e-05,-6.83543957222595836e-05,-6.83543801058364442e-05
6.93050000000000033e+00,6.93050000000000033e+00,3.79854885167271672e-01,-2.74045988724331835e-02,-2.74045801289424761e-02,-2.27014947759476753e-05,-2.27014792491648028e-05,-4.54029584983296056e-05,-6.81044532742772809e-05,-6.81044377474944050e-05
6.93775000000000031e+00,6.93775000000000031e+00,3.79656357707532144e-01,-2.73616530454994233e-02,-2.73616343704754517e-02,-2.26185718432863626e-05,-2.26185564055359227e-05,-4.52371128110718454e-05,-6.78556846543582114e-05,-6.78556692166077681e-05
6.94500000000000028e+00,6.94500000000000028e+00,3.79458141198111942e-01,-2.73188192690874132e-02,-2.73188006622110818e-02,-2.25360379434494340e-05,-2.25360225941304569e-05,-4.50720451882609139e-05,-6.76080831317103445e-05,-6.76080677823913742e-05
6.95225000000000026e+00,6.95225000000000026e+00,3.79260234828130371e-01,-2.72760971343366521e-02,-2.72760785952842859e-02,-2.24538908480305399e-05,-2.24538755865414696e-05,-4.49077511730829461e-05,-6.73616420211134860e-05,-6.73616267596244191e-05
6.95950000000000024e+00,6.95950000000000024e+00,3.79062637789664036e-01,-2.72334862342908934e-02,-2.72334677627461760e-02,-2.23721283436831292e-05,-2.23721131694316356e-05,-4.47442263388632644e-05,-6.71163546825463936e-05,-6.71163395082949034e-05
6.96675000000000022e+00,6.96675000000000022e+00,3.78865349277733132e-01,-2.71909861639088035e-02,-2.71909677595531009e-02,-2.22907482320207806e-05,-2.22907331444157600e-05,-4.45814662888315133e-05,-6.68722145208523007e-05,-6.68721994332472801e-05
6.97400000000000020e+00,6.97400000000000020e+00,3.78668368490287399e-01,-2.71485965200355395e-02,-2.71485781825557340e-02,-2.22097483294863939e-05,-2.22097333279443727e-05,-4.44194666558887522e-05,-6.66292149853751393e-05,-6.66291999838331249e-05
6.98125000000000018e+00,6.98125000000000018e+00,3.78471694628192634e-01,-2.71063169013991967e-02,-2.71062986304882805e-02,-2.21291264672427529e-05,-2.21291115511883214e-05,-4.42582231023766495e-05,-6.63873495696193990e-05,-6.63873346535649776e-05
6.98850000000000016e+00,6.98850000000000016e+00,3.78275326895217090e-01,-2.70641469086143616e-02,-2.70641287039577218e-02,-2.20488804910698146e-05,-2.20488656599243882e-05,-4.40977313198487764e-05,-6.61466118109185910e-05,-6.61465969797731646e-05
6.99575000000000014e+00,6.99575000000000014e+00,3.78079264498017709e-01,-2.70220861441465843e-02,-2.70220680054331329e-02,-2.19690082612309624e-05,-2.19689935144218724e-05,-4.39379870288437516e-05,-6.59069952900747107e-05,-6.59069805432656308e-05
7.00300000000000011e+00,7.00300000000000011e+00,3.77883506646126965e-01,-2.69801342123088261e-02,-2.69801161392351115e-02,-2.18895076523665142e-05,-2.18894929893302870e-05,-4.37789859786605741e-05,-6.56684936310270950e-05,-6.56684789679908611e-05
7.01025000000000009e+00,7.01025000000000009e+00,3.77688052551939268e-01,-2.69382907192614596e-02,-2.69382727115252130e-02,-2.18103765533908002e-05,-2.18103619735678827e-05,-4.36207239471357654e-05,-6.54311005005265656e-05,-6.54310859207036480e-05
7.01750000000000007e+00,7.01750000000000007e+00,3.77492901430697692e-01,-2.68965552729980573e-02,-2.68965373302955252e-02,-2.17316128673787260e-05,-2.17315983702112892e-05,-4.34631967404225717e-05,-6.51948096078012909e-05,-6.51947951106338541e-05
7.02475000000000005e+00,7.02475000000000005e+00,3.77298052500480763e-01,-2.68549274833311813e-02,-2.68549096053582528e-02,-2.16532145114531570e-05,-2.16532000963860149e-05,-4.33064001927720366e-05,-6.49596147042251970e-05,-6.49596002891580481e-05
7.03200000000000003e+00,7.03200000000000003e+00,3.77103504982189364e-01,-2.68134069618817250e-02,-2.68133891483354203e-02,-2.15751794166762343e-05,-2.15751650831579989e-05,-4.31503301663160047e-05,-6.47255095829922457e-05,-6.47254952494740002e-05
7.03925000000000001e+00,7.03925000000000001e+00,3.76909258099533517e-01,-2.67719933220647022e-02,-2.67719755726486160e-02,-2.14975055279385793e-05,-2.14974912754260417e-05,-4.29949825508520834e-05,-6.44924880787906593e-05,-6.44924738262781319e-05
7.04649999999999999e+00,7.04649999999999999e+00,3.76715311079019455e-01,-2.67306861790892469e-02,-2.67306684935087954e-02,-2.14201908038609464e-05,-2.14201766318151870e-05,-4.28403532636303672e-05,-6.42605440674913204e-05,-6.42605298954455542e-05
7.05374999999999996e+00,7.05374999999999996e+00,3.76521663149936681e-01,-2.66894851499479557e-02,-2.66894675279061959e-02,-2.13432332166880663e-05,-2.13432191245710802e-05,-4.26864382491421671e-05,-6.40296714658302368e-05,-6.40296573737132507e-05
7.06099999999999994e+00,7.06099999999999994e+00,3.76328313544345205e-01,-2.66483898533920183e-02,-2.66483722946002852e-02,-2.12666307521720057e-05,-2.12666167394552036e-05,-4.25332334789104073e-05,-6.37998642310824129e-05,-6.37998502183656177e-05
7.06824999999999992e+00,7.06824999999999992e+00,3.76135261497062501e-01,-2.66073999099454284e-02,-2.66073824141097523e-02,-2.11903814094876879e-05,-2.11903674756410001e-05,-4.23807349512820070e-05,-6.35711163607696983e-05,-6.35711024269230139e-05
7.07549999999999990e+00,7.07549999999999990e+00,3.75942506245651009e-01,-2.65665149418765623e-02,-2.65664975087026370e-02,-2.11144832011151452e-05,-2.11144693456109955e-05,-4.22289386912219909e-05,-6.33434218923371395e-05,-6.33434080368329932e-05
7.08274999999999988e+00,7.08274999999999988e+00,3.75750047030405321e-01,-2.65257345731875205e-02,-2.65257172023864556e-02,-2.10389341527368446e-05,-2.10389203750546939e-05,-4.20778407501093811e-05,-6.31167749028462325e-05,-6.31167611251640717e-05
7.09000000000000075e+00,7.09000000000000075e+00,3.75557883094339795e-01,-2.64850584296034697e-02,-2.64850411208984310e-02,-2.09637323031358951e-05,-2.09637186027674424e-05,-4.19274372055348916e-05,-6.28911695086707901e-05,-6.28911558083023272e-05
7.09725000000000072e+00,7.09725000000000072e+00,3.75366013683176070e-01,-2.64444861385939589e-02,-2.64444688916957993e-02,-2.08888757041203600e-05,-2.08888620805502128e-05,-4.17777241611004188e-05,-6.26665998652207822e-05,-6.26665862416506283e-05
7.10450000000000070e+00,7.10450000000000070e+00,3.75174438045330183e-01,-2.64040173293231817e-02,-2.64040001439461020e-02,-2.08143624203919871e-05,-2.08143488731100555e-05,-4.16286977462201110e-05,-6.24430601666121015e-05,-6.24430466193301665e-05
7.11175000000000068e+00,7.11175000000000068e+00,3.74983155431900861e-01,-2.63636516326535286e-02,-2.63636345085176520e-02,-2.07401905294581685e-05,-2.07401770579616672e-05,-4.14803541159233411e-05,-6.22205446453815130e-05,-6.22205311738850117e-05
7.11900000000000066e+00,7.11900000000000066e+00,3.74792165096656693e-01,-2.63233886811491402e-02,-2.63233716179699859e-02,-2.06663581215445059e-05,-2.06663447253296264e-05,-4.13326894506592528e-05,-6.19990475722037587e-05,-6.19990341759888759e-05
7.12625000000000064e+00,7.12625000000000064e+00,3.74601466296024199e-01,-2.62832281090403796e-02,-2.62832111065444060e-02,-2.05928632994774595e-05,-2.05928499780515744e-05,-4.11856999561031488e-05,-6.17785632555806083e-05,-6.17785499341547232e-05
7.13350000000000062e+00,7.13350000000000062e+00,3.74411058289075616e-01,-2.62431695522487018e-02,-2.62431526101545923e-02,-2.05197041786152305e-05,-2.05196909314821579e-05,-4.10393818629643226e-05,-6.15590860415795530e-05,-6.15590727944464804e-05
7.14075000000000060e+00,7.14075000000000060e+00,3.74220940337516628e-01,-2.62032126483404681e-02,-2.62031957663772415e-02,-2.04468788867236801e-05,-2.04468657133978703e-05,-4.08937314267957474e-05,-6.13406103135194275e-05,-6.13405971401936211e-05
7.14800000000000058e+00,7.14800000000000058e+00,3.74031111705674657e-01,-2.61633570365518153e-02,-2.61633402144428248e-02,-2.03743855639086761e-05,-2.03743724639026583e-05,-4.07487449278053166e-05,-6.11231304917139961e-05,-6.11231173917079715e-05
7.15525000000000055e+00,7.15525000000000055e+00,3.73841571660486593e-01,-2.61236023577566812e-02,-2.61235855952263417e-02,-2.03022223625047281e-05,-2.03022093353343687e-05,-4.06044186706687373e-05,-6.09066410331734654e-05,-6.09066280060031060e-05
7.16250000000000053e+00,7.16250000000000053e+00,3.73652319471487193e-01,-2.60839482544561463e-02,-2.60839315512381952e-02,-2.02303874469810987e-05,-2.02303744921719779e-05,-4.04607489843439490e-05,-6.06911364313250510e-05,-6.06911234765159234e-05
7.16975000000000051e+00,7.16975000000000051e+00,3.73463354410796977e-01,-2.60443943707926451e-02,-2.60443777266150811e-02,-2.01588789938679629e-05,-2.01588661109436484e-05,-4.03177322218872968e-05,-6.04766112157552630e-05,-6.04765983328309486e-05
7.17700000000000049e+00,7.17700000000000049e+00,3.73274675753110685e-01,-2.60049403525179912e-02,-2.60049237671109573e-02,-2.00876951916473881e-05,-2.00876823801355507e-05,-4.01753647602711014e-05,-6.02630599519184861e-05,-6.02630471404066521e-05
7.18425000000000047e+00,7.18425000000000047e+00,3.73086282775685507e-01,-2.59655858469898249e-02,-2.59655693200880749e-02,-2.00168342406671774e-05,-2.00168215001014610e-05,-4.00336430002029220e-05,-6.00504772408700960e-05,-6.00504645003043864e-05
7.19150000000000045e+00,7.19150000000000045e+00,3.72898174758329370e-01,-2.59263305031645075e-02,-2.59263140345080551e-02,-1.99462943530526796e-05,-1.99462816829731555e-05,-3.98925633659463110e-05,-5.98388577189989940e-05,-5.98388450489194631e-05
7.19875000000000043e+00,7.19875000000000043e+00,3.72710350983389616e-01,-2.58871739716006743e-02,-2.58871575609230485e-02,-1.98760737526274462e-05,-1.98760611525715565e-05,-3.97521223051431198e-05,-5.96281960577705694e-05,-5.96281834577146763e-05
7.20600000000000041e+00,7.20600000000000041e+00,3.72522810735741172e-01,-2.58481159044272601e-02,-2.58480995514669132e-02,-1.98061706748073117e-05,-1.98061581443186343e-05,-3.96123162886372754e-05,-5.94184869634445905e-05,-5.94184744329559131e-05
7.21325000000000038e+00,7.21325000000000038e+00,3.72335553302775402e-01,-2.58091559553541572e-02,-2.58091396598464883e-02,-1.97365833665279650e-05,-1.97365709051500645e-05,-3.94731418103001357e-05,-5.92097251768281007e-05,-5.92097127154501968e-05
7.22050000000000036e+00,7.22050000000000036e+00,3.72148577974388495e-01,-2.57702937796473464e-02,-2.57702775413329033e-02,-1.96673100861459388e-05,-1.96672976934286407e-05,-3.93345953868572883e-05,-5.90019054730032304e-05,-5.90018930802859256e-05
7.22775000000000034e+00,7.22775000000000034e+00,3.71961884042970536e-01,-2.57315290341288971e-02,-2.57315128527529670e-02,-1.95983491033593842e-05,-1.95983367788584165e-05,-3.91966735577168397e-05,-5.87950226610762239e-05,-5.87950103365752596e-05
7.23500000000000032e+00,7.23500000000000032e+00,3.71775470803393626e-01,-2.56928613771734149e-02,-2.56928452524805527e-02,-1.95296986991267627e-05,-1.95296864423995473e-05,-3.90593728847990945e-05,-5.85890715839258573e-05,-5.85890593271986418e-05
7.24225000000000030e+00,7.24225000000000030e+00,3.71589337553001497e-01,-2.56542904686973827e-02,-2.56542744004281467e-02,-1.94613571655807572e-05,-1.94613449761839400e-05,-3.89226899523678732e-05,-5.83840471179486304e-05,-5.83840349285518132e-05
7.24950000000000028e+00,7.24950000000000028e+00,3.71403483591597527e-01,-2.56158159701378452e-02,-2.56157999580383135e-02,-1.93933228059348473e-05,-1.93933106834314915e-05,-3.87866213668629898e-05,-5.81799441727978337e-05,-5.81799320502944813e-05
7.25675000000000026e+00,7.25675000000000026e+00,3.71217908221434523e-01,-2.55774375444488555e-02,-2.55774215882753654e-02,-1.93255939344040477e-05,-1.93255818783671979e-05,-3.86511637567343890e-05,-5.79767576911384368e-05,-5.79767456351015835e-05
7.26400000000000023e+00,7.26400000000000023e+00,3.71032610747203007e-01,-2.55391548561227921e-02,-2.55391389556169461e-02,-1.92581688761450500e-05,-1.92581568861387823e-05,-3.85163137722775714e-05,-5.77744826484226181e-05,-5.77744706584163537e-05
7.27125000000000021e+00,7.27125000000000021e+00,3.70847590476020728e-01,-2.55009675711370676e-02,-2.55009517260457765e-02,-1.91910459671405924e-05,-1.91910340427351968e-05,-3.83820680854703937e-05,-5.75731140526109826e-05,-5.75731021282055905e-05
7.27850000000000019e+00,7.27850000000000019e+00,3.70662846717421557e-01,-2.54628753569576816e-02,-2.54628595670413939e-02,-1.91242235541275838e-05,-1.91242116949056867e-05,-3.82484233898113665e-05,-5.73726469439389504e-05,-5.73726350847170532e-05
7.28575000000000017e+00,7.28575000000000017e+00,3.70478378783344831e-01,-2.54248778825605370e-02,-2.54248621475719611e-02,-1.90576999945390554e-05,-1.90576882000795864e-05,-3.81153764001591796e-05,-5.71730763946982351e-05,-5.71730646002387627e-05
7.29300000000000015e+00,7.29300000000000015e+00,3.70294185988124414e-01,-2.53869748183923605e-02,-2.53869591380861369e-02,-1.89914736564013711e-05,-1.89914619262868277e-05,-3.79829238525736555e-05,-5.69743975089750232e-05,-5.69743857788604832e-05
7.30025000000000013e+00,7.30025000000000013e+00,3.70110267648478153e-01,-2.53491658363778072e-02,-2.53491502105049928e-02,-1.89255429182667260e-05,-1.89255312520790296e-05,-3.78510625041580593e-05,-5.67766054224247852e-05,-5.67765937562370889e-05
7.30750000000000011e+00,7.30750000000000011e+00,3.69926623083496942e-01,-2.53114506098945924e-02,-2.53114350382139530e-02,-1.88599061691223915e-05,-1.88598945664513208e-05,-3.77197891329026483e-05,-5.65796953020250364e-05,-5.65796836993539691e-05
7.31475000000000009e+00,7.31475000000000009e+00,3.69743251614634671e-01,-2.52738288137805966e-02,-2.52738132960548673e-02,-1.87945618083245051e-05,-1.87945502687648496e-05,-3.75891005375296924e-05,-5.63836623458541941e-05,-5.63836508062945420e-05
7.32200000000000006e+00,7.32200000000000006e+00,3.69560152565697131e-01,-2.52363001243374185e-02,-2.52362846603180237e-02,-1.87295082455296160e-05,-1.87294967686698024e-05,-3.74589935373396049e-05,-5.61885017828692209e-05,-5.61884903060094073e-05
7.32925000000000004e+00,7.32925000000000004e+00,3.69377325262831790e-01,-2.51988642192806367e-02,-2.51988488087343046e-02,-1.86647439005874002e-05,-1.86647324860292621e-05,-3.73294649720585175e-05,-5.59942088726459177e-05,-5.59941974580877830e-05
7.33650000000000002e+00,7.33650000000000002e+00,3.69194769034517534e-01,-2.51615207777753369e-02,-2.51615054204673561e-02,-1.86002672034972483e-05,-1.86002558508435476e-05,-3.72005117016871019e-05,-5.58007789051843503e-05,-5.58007675525306495e-05
7.34375000000000000e+00,7.34375000000000000e+00,3.69012483211554054e-01,-2.51242694804147959e-02,-2.51242541761058091e-02,-1.85360765943232234e-05,-1.85360653031752853e-05,-3.70721306063505638e-05,-5.56082072006737873e-05,-5.56081959095258525e-05
7.35099999999999998e+00,7.35099999999999998e+00,3.68830467127051531e-01,-2.50871100092062704e-02,-2.50870947576555259e-02,-1.84721705231149075e-05,-1.84721592930750196e-05,-3.69443185861500391e-05,-5.54164891092649432e-05,-5.54164778792250553e-05
7.35824999999999996e+00,7.35824999999999996e+00,3.68648720116420581e-01,-2.50500420475461283e-02,-2.50500268485319595e-02,-1.84085474498210854e-05,-1.84085362805075577e-05,-3.68170725610151087e-05,-5.52256200108361975e-05,-5.52256088415226630e-05
7.36549999999999994e+00,7.36549999999999994e+00,3.68467241517362099e-01,-2.50130652802695863e-02,-2.50130501335525147e-02,-1.83452058442588522e-05,-1.83451947352788274e-05,-3.66903894705576547e-05,-5.50355953148165035e-05,-5.50355842058364821e-05
7.37274999999999991e+00,7.37274999999999991e+00,3.68286030669856657e-01,-2.49761793935832088e-02,-2.49761642989289392e-02,-1.82821441859970200e-05,-1.82821331369634006e-05,-3.65642662739267945e-05,-5.48464104599238178e-05,-5.48463994108901951e-05
7.37999999999999989e+00,7.37999999999999989e+00,3.68105086916155178e-01,-2.49393840750755658e-02,-2.49393690322598366e-02,-1.82193609642976565e-05,-1.82193499748326050e-05,-3.64386999496652033e-05,-5.46580609139628564e-05,-5.46580499244978083e-05
7.38725000000000076e+00,7.38725000000000076e+00,3.67924409600768054e-01,-2.49026790137314435e-02,-2.49026640225231306e-02,-1.81568546780606720e-05,-1.81568437477832267e-05,-3.63136874955664535e-05,-5.44705421736271255e-05,-5.44705312433496836e-05
7.39450000000000074e+00,7.39450000000000074e+00,3.67743998070456046e-01,-2.48660638998927652e-02,-2.48660489600686999e-02,-1.80946238357299778e-05,-1.80946129642668581e-05,-3.61892259285337162e-05,-5.42838497642636974e-05,-5.42838388928005709e-05
7.40175000000000072e+00,7.40175000000000072e+00,3.67563851674219622e-01,-2.48295384252834594e-02,-2.48295235366109077e-02,-1.80326669552469099e-05,-1.80326561422197429e-05,-3.60653122844394858e-05,-5.40979792396863957e-05,-5.40979684266592253e-05
7.40900000000000070e+00,7.40900000000000070e+00,3.67383969763289464e-01,-2.47931022829632752e-02,-2.47930874452213131e-02,-1.79709825639524072e-05,-1.79709718089932653e-05,-3.59419436179865307e-05,-5.39129261819389378e-05,-5.39129154269797926e-05
7.41625000000000068e+00,7.41625000000000068e+00,3.67204351691116648e-01,-2.47567551673526509e-02,-2.47567403803213640e-02,-1.79095691985415148e-05,-1.79095585012850187e-05,-3.58191170025700374e-05,-5.37286862011115556e-05,-5.37286755038550527e-05
7.42350000000000065e+00,7.42350000000000065e+00,3.67024996813362814e-01,-2.47204967742256088e-02,-2.47204820376751393e-02,-1.78484254049950226e-05,-1.78484147650704225e-05,-3.56968295301408450e-05,-5.35452549351358710e-05,-5.35452442952112675e-05
7.43075000000000063e+00,7.43075000000000063e+00,3.66845904487890395e-01,-2.46843268006742278e-02,-2.46843121143821530e-02,-1.77875497384911666e-05,-1.77875391555349091e-05,-3.55750783110698251e-05,-5.33626280495609883e-05,-5.33626174666047376e-05
7.43800000000000061e+00,7.43800000000000061e+00,3.66667074074753074e-01,-2.46482449451193020e-02,-2.46482303088701969e-02,-1.77269407633513275e-05,-1.77269302370066932e-05,-3.54538604740133864e-05,-5.31808012373647139e-05,-5.31807907110200796e-05
7.44525000000000059e+00,7.44525000000000059e+00,3.66488504936186177e-01,-2.46122509073103402e-02,-2.46122363208882283e-02,-1.76665970529784241e-05,-1.76665865828900590e-05,-3.53331731657801113e-05,-5.29997702187585355e-05,-5.29997597486701704e-05
7.45250000000000057e+00,7.45250000000000057e+00,3.66310196436597069e-01,-2.45763443883184607e-02,-2.45763298514992991e-02,-1.76065171897907166e-05,-1.76065067755992314e-05,-3.52130135511984559e-05,-5.28195307409891725e-05,-5.28195203267976907e-05
7.45975000000000055e+00,7.45975000000000055e+00,3.66132147942555553e-01,-2.45405250905079697e-02,-2.45405106030735301e-02,-1.75466997651408327e-05,-1.75466894064927775e-05,-3.50933788129855550e-05,-5.26400785781263843e-05,-5.26400682194783358e-05
7.46700000000000053e+00,7.46700000000000053e+00,3.65954358822784709e-01,-2.45047927175399138e-02,-2.45047782792811482e-02,-1.74871433792583431e-05,-1.74871330758085587e-05,-3.49742661516171241e-05,-5.24614095308754638e-05,-5.24613992274256793e-05
7.47425000000000050e+00,7.47425000000000050e+00,3.65776828448151181e-01,-2.44691469743827383e-02,-2.44691325850855367e-02,-1.74278466411977935e-05,-1.74278363925992166e-05,-3.48556727851984333e-05,-5.22835194263962234e-05,-5.22835091777976499e-05
7.48150000000000048e+00,7.48150000000000048e+00,3.65599556191656128e-01,-2.44335875672909708e-02,-2.44335732267363555e-02,-1.73688081687643596e-05,-1.73687979746681583e-05,-3.47375959493363234e-05,-5.21064041181006830e-05,-5.21063939240044784e-05
7.48875000000000046e+00,7.48875000000000046e+00,3.65422541428425507e-01,-2.43981142037910104e-02,-2.43980999117626753e-02,-1.73100265884451621e-05,-1.73100164485061333e-05,-3.46200328970122599e-05,-5.19300594854574254e-05,-5.19300493455183932e-05
7.49600000000000044e+00,7.49600000000000044e+00,3.65245783535701196e-01,-2.43627265926669168e-02,-2.43627123489661944e-02,-1.72515005353411356e-05,-1.72514904492282486e-05,-3.45029808984564972e-05,-5.17544814337976328e-05,-5.17544713476847458e-05
7.50325000000000042e+00,7.50325000000000042e+00,3.65069281892831832e-01,-2.43274244439994902e-02,-2.43274102484144737e-02,-1.71932286531371105e-05,-1.71932186205116030e-05,-3.43864372410231992e-05,-5.15796658941603098e-05,-5.15796558615348022e-05
7.51050000000000040e+00,7.51050000000000040e+00,3.64893035881263206e-01,-2.42922074691165335e-02,-2.42921933214342058e-02,-1.71352095940093315e-05,-1.71351996145333084e-05,-3.42703992290666168e-05,-5.14056088230759517e-05,-5.14055988435999252e-05
7.51775000000000038e+00,7.51775000000000038e+00,3.64717044884529606e-01,-2.42570753805964046e-02,-2.42570612806045430e-02,-1.70774420185713482e-05,-1.70774320919091406e-05,-3.41548641838182812e-05,-5.12323062023896294e-05,-5.12322962757274218e-05
7.52500000000000036e+00,7.52500000000000036e+00,3.64541308288244548e-01,-2.42220278922538057e-02,-2.42220138397504677e-02,-1.70199245958077982e-05,-1.70199147216325937e-05,-3.40398294432651873e-05,-5.10597540390729889e-05,-5.10597441648977810e-05
7.53225000000000033e+00,7.53225000000000033e+00,3.64365825480091943e-01,-2.41870647191468890e-02,-2.41870507139362034e-02,-1.69626560030236695e-05,-1.69626461810145136e-05,-3.39252923620290205e-05,-5.08879483650526900e-05,-5.08879385430435375e-05
7.53950000000000031e+00,7.53950000000000031e+00,3.64190595849816889e-01,-2.41521855775950200e-02,-2.41521716194586442e-02,-1.69056349258013761e-05,-1.69056251556231421e-05,-3.38112503112462842e-05,-5.07168852370476603e-05,-5.07168754668694296e-05
7.54675000000000029e+00,7.54675000000000029e+00,3.64015618789216844e-01,-2.41173901851041705e-02,-2.41173762738408487e-02,-1.68488600578935850e-05,-1.68488503392247256e-05,-3.36977006784494512e-05,-5.05465607363430328e-05,-5.05465510176741767e-05
7.55400000000000027e+00,7.55400000000000027e+00,3.63840893692132905e-01,-2.40826782604095513e-02,-2.40826643958255808e-02,-1.67923301011987673e-05,-1.67923204337245690e-05,-3.35846408674491379e-05,-5.03769709686479052e-05,-5.03769613011737069e-05
7.56125000000000025e+00,7.56125000000000025e+00,3.63666419954440878e-01,-2.40480495234827174e-02,-2.40480357053688802e-02,-1.67360437657120970e-05,-1.67360341491085664e-05,-3.34720682982171327e-05,-5.02081120639292263e-05,-5.02081024473256991e-05
7.56850000000000023e+00,7.56850000000000023e+00,3.63492196974042392e-01,-2.40135036954782777e-02,-2.40134899236336373e-02,-1.66799997694347311e-05,-1.66799902033852133e-05,-3.33599804067704267e-05,-5.00399801762051611e-05,-5.00399706101556434e-05
7.57575000000000021e+00,7.57575000000000021e+00,3.63318224150856461e-01,-2.39790404987481054e-02,-2.39790267729832994e-02,-1.66241968383307221e-05,-1.66241873225281237e-05,-3.32483746450562407e-05,-4.98725714833869662e-05,-4.98725619675843645e-05
7.58300000000000018e+00,7.58300000000000018e+00,3.63144500886810551e-01,-2.39446596568662073e-02,-2.39446459769755080e-02,-1.65686337062915582e-05,-1.65686242404189432e-05,-3.31372484808378865e-05,-4.97058821871294447e-05,-4.97058727212568331e-05
7.59025000000000016e+00,7.59025000000000016e+00,3.62971026585831913e-01,-2.39103608945718804e-02,-2.39103472603558465e-02,-1.65133091150444701e-05,-1.65132996987907844e-05,-3.30265993975815687e-05,-4.95399085126260389e-05,-4.95398990963723531e-05
7.59750000000000014e+00,7.59750000000000014e+00,3.62797800653839264e-01,-2.38761439377768170e-02,-2.38761303490516129e-02,-1.64582218141056512e-05,-1.64582124471721054e-05,-3.29164248943442108e-05,-4.93746467084498587e-05,-4.93746373415163196e-05
7.60475000000000012e+00,7.60475000000000012e+00,3.62624822498734123e-01,-2.38420085136041848e-02,-2.38419949701656267e-02,-1.64033705607557951e-05,-1.64033612428310403e-05,-3.28067224856620806e-05,-4.92100930464178723e-05,-4.92100837284931175e-05
7.61200000000000010e+00,7.61200000000000010e+00,3.62452091530391984e-01,-2.38079543503211255e-02,-2.38079408519700463e-02,-1.63487541199425107e-05,-1.63487448507201513e-05,-3.26974897014402959e-05,-4.90462438213828066e-05,-4.90462345521604473e-05
7.61925000000000008e+00,7.61925000000000008e+00,3.62279607160654493e-01,-2.37739811773494125e-02,-2.37739677239002835e-02,-1.62943712642372185e-05,-1.62943620434216876e-05,-3.25887240868433752e-05,-4.88830953510805937e-05,-4.88830861302650628e-05
7.62650000000000006e+00,7.62650000000000006e+00,3.62107368803320451e-01,-2.37400887252867676e-02,-2.37400753165489045e-02,-1.62402207737996125e-05,-1.62402116010932355e-05,-3.24804232021864709e-05,-4.87206439759860834e-05,-4.87206348032797064e-05
7.63375000000000004e+00,7.63375000000000004e+00,3.61935375874137821e-01,-2.37062767258784390e-02,-2.37062633616595929e-02,-1.61863014363083556e-05,-1.61862923114138307e-05,-3.23725846228276547e-05,-4.85588860591360070e-05,-4.85588769342414821e-05
7.64100000000000001e+00,7.64100000000000001e+00,3.61763627790795184e-01,-2.36725449120100961e-02,-2.36725315921211335e-02,-1.61326120469069006e-05,-1.61326029695304734e-05,-3.22652059390609469e-05,-4.83978179859678509e-05,-4.83978089085914203e-05
7.64824999999999999e+00,7.64824999999999999e+00,3.61592123972913682e-01,-2.36388930177149348e-02,-2.36388797419614730e-02,-1.60791514081593896e-05,-1.60791423780051543e-05,-3.21582847560103086e-05,-4.82374361641697017e-05,-4.82374271340154596e-05
7.65549999999999997e+00,7.65549999999999997e+00,3.61420863842038365e-01,-2.36053207781417029e-02,-2.36053075463417382e-02,-1.60259183299803001e-05,-1.60259093467621695e-05,-3.20518186935243391e-05,-4.80777370235046392e-05,-4.80777280402865120e-05
7.66274999999999995e+00,7.66274999999999995e+00,3.61249846821630638e-01,-2.35718279295795696e-02,-2.35718147415503974e-02,-1.59729116296032261e-05,-1.59729026930360179e-05,-3.19458053860720357e-05,-4.79187170156752652e-05,-4.79187080791080536e-05
7.66999999999999993e+00,7.66999999999999993e+00,3.61079072337059437e-01,-2.35384142094474669e-02,-2.35384010649973552e-02,-1.59201301315258012e-05,-1.59201212413195861e-05,-3.18402424826391722e-05,-4.77603726141649767e-05,-4.77603637239587582e-05
7.67724999999999991e+00,7.67724999999999991e+00,3.60908539815593621e-01,-2.35050793562692206e-02,-2.35050662552081548e-02,-1.58675726674454152e-05,-1.58675638233128187e-05,-3.17351276466256441e-05,-4.76027003140710593e-05,-4.76026914699384594e-05
7.68450000000000077e+00,7.68450000000000077e+00,3.60738248686393481e-01,-2.34718231096735508e-02,-2.34718100518181705e-02,-1.58152380762122752e-05,-1.58152292778717875e-05,-3.16304585557435750e-05,-4.74456966319558468e-05,-4.74456878336153591e-05
7.69175000000000075e+00,7.69175000000000075e+00,3.60568198380503357e-01,-2.34386452103869658e-02,-2.34386321955668935e-02,-1.57631252037779768e-05,-1.57631164509581612e-05,-3.15262329019163224e-05,-4.72893581056942959e-05,-4.72893493528744836e-05
7.69900000000000073e+00,7.69900000000000073e+00,3.60398388330842867e-01,-2.34055454002692898e-02,-2.34055324282921688e-02,-1.57112329031731090e-05,-1.57112241955890642e-05,-3.14224483911781284e-05,-4.71336812943512408e-05,-4.71336725867671892e-05
7.70625000000000071e+00,7.70625000000000071e+00,3.60228817972199467e-01,-2.33725234222426081e-02,-2.33725104929245371e-02,-1.56595600344135109e-05,-1.56595513717873627e-05,-3.13191027435747254e-05,-4.69786627779882364e-05,-4.69786541153620915e-05
7.71350000000000069e+00,7.71350000000000069e+00,3.60059486741220347e-01,-2.33395790203161368e-02,-2.33395661334815790e-02,-1.56081054644715373e-05,-1.56080968465323436e-05,-3.12161936930646804e-05,-4.68242991575362177e-05,-4.68242905395970240e-05
7.72075000000000067e+00,7.72075000000000067e+00,3.59890394076404885e-01,-2.33067119395897748e-02,-2.33066990950623228e-02,-1.55568680672332665e-05,-1.55568594937107763e-05,-3.11137189874215525e-05,-4.66705870546548190e-05,-4.66705784811323254e-05
7.72800000000000065e+00,7.72800000000000065e+00,3.59721539418096314e-01,-2.32739219262398933e-02,-2.32739091238416337e-02,-1.55058467234441036e-05,-1.55058381940683608e-05,-3.10116763881367283e-05,-4.65175231115808285e-05,-4.65175145822050890e-05
7.73525000000000063e+00,7.73525000000000063e+00,3.59552922208474401e-01,-2.32412087275157830e-02,-2.32411959670646949e-02,-1.54550403206619842e-05,-1.54550318351615790e-05,-3.09100636703231579e-05,-4.63651039909851421e-05,-4.63650955054847403e-05
7.74250000000000060e+00,7.74250000000000060e+00,3.59384541891547338e-01,-2.32085720917218907e-02,-2.32085593730414798e-02,-1.54044477532014221e-05,-1.54044393113099050e-05,-3.08088786226198033e-05,-4.62133263758212254e-05,-4.62133179339297117e-05
7.74975000000000058e+00,7.74975000000000058e+00,3.59216397913144414e-01,-2.31760117682284772e-02,-2.31759990911412882e-02,-1.53540679220968806e-05,-1.53540595235484292e-05,-3.07081190470968516e-05,-4.60621869691937288e-05,-4.60621785706452841e-05
7.75700000000000056e+00,7.75700000000000056e+00,3.59048489720908026e-01,-2.31435275074538538e-02,-2.31435148717872886e-02,-1.53038997350475462e-05,-1.53038913795808133e-05,-3.06077827591616267e-05,-4.59116824942091729e-05,-4.59116741387424434e-05
7.76425000000000054e+00,7.76425000000000054e+00,3.58880816764286348e-01,-2.31111190608643824e-02,-2.31111064664511270e-02,-1.52539421063743206e-05,-1.52539337937326808e-05,-3.05078675874653582e-05,-4.57618096938396771e-05,-4.57618013811980390e-05
7.77150000000000052e+00,7.77150000000000052e+00,3.58713378494525503e-01,-2.30787861809886863e-02,-2.30787736276475246e-02,-1.52041939569864111e-05,-1.52041856869052919e-05,-3.04083713738105838e-05,-4.56125653307969966e-05,-4.56125570607158773e-05
7.77875000000000050e+00,7.77875000000000050e+00,3.58546174364662018e-01,-2.30465286213714649e-02,-2.30465161089289418e-02,-1.51546542143084751e-05,-1.51546459865296652e-05,-3.03092919730593305e-05,-4.54639461873678039e-05,-4.54639379595889940e-05
7.78600000000000048e+00,7.78600000000000048e+00,3.58379203829515602e-01,-2.30143461365877044e-02,-2.30143336648802703e-02,-1.51053218122480112e-05,-1.51053136265210211e-05,-3.02106272530420456e-05,-4.53159490652900568e-05,-4.53159408795630650e-05
7.79325000000000045e+00,7.79325000000000045e+00,3.58212466345681491e-01,-2.29822384822568893e-02,-2.29822260511135593e-02,-1.50561956911629468e-05,-1.50561875472335903e-05,-3.01123750944671839e-05,-4.51685707856301307e-05,-4.51685626417007725e-05
7.80050000000000043e+00,7.80050000000000043e+00,3.58045961371522892e-01,-2.29502054150181323e-02,-2.29501930242627314e-02,-1.50072747978038819e-05,-1.50072666954157808e-05,-3.00145333908315616e-05,-4.50218081886354419e-05,-4.50218000862473441e-05
7.80775000000000041e+00,7.80775000000000041e+00,3.57879688367163717e-01,-2.29182466925088590e-02,-2.29182343419783996e-02,-1.49585580852590986e-05,-1.49585500241656934e-05,-2.99171000483313902e-05,-4.48756581335904922e-05,-4.48756500724970870e-05
7.81500000000000039e+00,7.81500000000000039e+00,3.57713646794481477e-01,-2.28863620734003348e-02,-2.28863497629226767e-02,-1.49100445129370947e-05,-1.49100364928870199e-05,-2.98200729857740364e-05,-4.47301174987111327e-05,-4.47301094786610546e-05
7.82225000000000037e+00,7.82225000000000037e+00,3.57547836117099449e-01,-2.28545513173550319e-02,-2.28545390467640025e-02,-1.48617330464982656e-05,-1.48617250672452193e-05,-2.97234501344904387e-05,-4.45851831809887026e-05,-4.45851752017356547e-05
7.82950000000000035e+00,7.82950000000000035e+00,3.57382255800379856e-01,-2.28228141850408406e-02,-2.28228019541720298e-02,-1.48136226578241388e-05,-1.48136147191241213e-05,-2.96272294382482460e-05,-4.44408520960723865e-05,-4.44408441573723690e-05
7.83675000000000033e+00,7.83675000000000033e+00,3.57216905311416366e-01,-2.27911504381239638e-02,-2.27911382468125416e-02,-1.47657123249729175e-05,-1.47657044265828032e-05,-2.95314088531656065e-05,-4.42971211781385273e-05,-4.42971132797484080e-05
7.84400000000000031e+00,7.84400000000000031e+00,3.57051784119027049e-01,-2.27595598392582588e-02,-2.27595476873423651e-02,-1.47180010321331247e-05,-1.47179931738128442e-05,-2.94359863476256884e-05,-4.41539873797588148e-05,-4.41539795214385310e-05
7.85125000000000028e+00,7.85125000000000028e+00,3.56886891693747099e-01,-2.27280421520923426e-02,-2.27280300394043684e-02,-1.46704877695890034e-05,-1.46704799510959021e-05,-2.93409599021918042e-05,-4.40114476717808059e-05,-4.40114398532877064e-05
7.85850000000000026e+00,7.85850000000000026e+00,3.56722227507821732e-01,-2.26965971412376177e-02,-2.26965850676224302e-02,-1.46231715336610262e-05,-1.46231637547616245e-05,-2.92463275095232423e-05,-4.38694990431842685e-05,-4.38694912642848635e-05
7.86575000000000024e+00,7.86575000000000024e+00,3.56557791035199134e-01,-2.26652245723109047e-02,-2.26652125375964852e-02,-1.45760513266948244e-05,-1.45760435871458715e-05,-2.91520871742917463e-05,-4.37281385009865708e-05,-4.37281307614376195e-05
7.87300000000000022e+00,7.87300000000000022e+00,3.56393581751523192e-01,-2.26339242118740458e-02,-2.26339122158975732e-02,-1.45291261569840151e-05,-1.45291184565493089e-05,-2.90582369130986144e-05,-4.35873630700826261e-05,-4.35873553696479216e-05
7.88025000000000020e+00,7.88025000000000020e+00,3.56229599134126995e-01,-2.26026958274516687e-02,-2.26026838700629402e-02,-1.44823950387437564e-05,-1.44823873771962786e-05,-2.89647747543925606e-05,-4.34471697931363169e-05,-4.34471621315888408e-05
7.88750000000000018e+00,7.88750000000000018e+00,3.56065842662025178e-01,-2.25715391875560556e-02,-2.25715272685911364e-02,-1.44358569920890079e-05,-1.44358493691940135e-05,-2.88716987383880270e-05,-4.33075557304770349e-05,-4.33075481075820371e-05
7.89475000000000016e+00,7.89475000000000016e+00,3.55902311815907424e-01,-2.25404540616338522e-02,-2.25404421809371688e-02,-1.43895110429629851e-05,-1.43895034584921631e-05,-2.87790069169843295e-05,-4.31685179599473163e-05,-4.31685103754764909e-05
7.90200000000000014e+00,7.90200000000000014e+00,3.55739006078131470e-01,-2.25094402200980426e-02,-2.25094283775076863e-02,-1.43433562231205793e-05,-1.43433486768426440e-05,-2.86866973536852913e-05,-4.30300535768058740e-05,-4.30300460305279336e-05
7.90925000000000011e+00,7.90925000000000011e+00,3.55575924932716003e-01,-2.24784974342959742e-02,-2.24784856296561635e-02,-1.42973915700711527e-05,-1.42973840617597905e-05,-2.85947681235195775e-05,-4.28921596935907302e-05,-4.28921521852793680e-05
7.91650000000000009e+00,7.91650000000000009e+00,3.55413067865334165e-01,-2.24476254765235694e-02,-2.24476137096781513e-02,-1.42516161270511047e-05,-1.42516086564808150e-05,-2.85032173129616300e-05,-4.27548334400127346e-05,-4.27548259694424433e-05
7.92375000000000007e+00,7.92375000000000007e+00,3.55250434363306389e-01,-2.24168241200146667e-02,-2.24168123908065238e-02,-1.42060289429808694e-05,-1.42060215099265939e-05,-2.84120430198531878e-05,-4.26180719628340589e-05,-4.26180645297797851e-05
7.93100000000000005e+00,7.93100000000000005e+00,3.55088023915593964e-01,-2.23860931389303630e-02,-2.23860814472067807e-02,-1.41606290724222341e-05,-1.41606216766627396e-05,-2.83212433533254826e-05,-4.24818724257477150e-05,-4.24818650299882205e-05
7.93825000000000003e+00,7.93825000000000003e+00,3.54925836012791929e-01,-2.23554323083661188e-02,-2.23554206539723459e-02,-1.41154155755471814e-05,-1.41154082168609757e-05,-2.82308164337219446e-05,-4.23462320092691277e-05,-4.23462246505829169e-05
7.94550000000000001e+00,7.94550000000000001e+00,3.54763870147122684e-01,-2.23248414043339949e-02,-2.23248297871199222e-02,-1.40703875180912744e-05,-1.40703801962608105e-05,-2.81407603925216176e-05,-4.22111479106128954e-05,-4.22111405887824298e-05
7.95274999999999999e+00,7.95274999999999999e+00,3.54602125812429059e-01,-2.22943202037768629e-02,-2.22943086235848631e-02,-1.40255439713275131e-05,-1.40255366861315257e-05,-2.80510733722630548e-05,-4.20766173435905695e-05,-4.20766100583945838e-05
7.95999999999999996e+00,7.95999999999999996e+00,3.54440602504167923e-01,-2.22638684845328783e-02,-2.22638569412165789e-02,-1.39808840120091347e-05,-1.39808767632344493e-05,-2.79617535264688987e-05,-4.19426375384780367e-05,-4.19426302897033497e-05
7.96724999999999994e+00,7.96724999999999994e+00,3.54279299719403362e-01,-2.22334860253639022e-02,-2.22334745187739401e-02,-1.39364067223529439e-05,-1.39363995097854900e-05,-2.78727990195709800e-05,-4.18092057419239239e-05,-4.18091985293564665e-05
7.97449999999999992e+00,7.97449999999999992e+00,3.54118216956800125e-01,-2.22031726059412904e-02,-2.22031611359207563e-02,-1.38921111899960313e-05,-1.38921040134180061e-05,-2.77842080268360156e-05,-4.16763192168320435e-05,-4.16763120402540200e-05
7.98175000000000079e+00,7.98175000000000079e+00,3.53957353716617185e-01,-2.21729280068210244e-02,-2.21729165732212317e-02,-1.38479965079461929e-05,-1.38479893671459365e-05,-2.76959787342918729e-05,-4.15439752422380658e-05,-4.15439681014378060e-05
7.98900000000000077e+00,7.98900000000000077e+00,3.53796709500701245e-01,-2.21427520094579222e-02,-2.21427406121355135e-02,-1.38040617745570920e-05,-1.38040546693272388e-05,-2.76081093386544810e-05,-4.14121711132115747e-05,-4.14121640079817180e-05
7.99625000000000075e+00,7.99625000000000075e+00,3.53636283812480079e-01,-2.21126443962127439e-02,-2.21126330350151674e-02,-1.37603060934991381e-05,-1.37602990236275537e-05,-2.75205980472551041e-05,-4.12809041407542404e-05,-4.12808970708826561e-05
8.00350000000000072e+00,8.00350000000000072e+00,3.53476076156956198e-01,-2.20826049503166644e-02,-2.20825936250987793e-02,-1.37167285737040806e-05,-1.37167215389842128e-05,-2.74334430779684256e-05,-4.11501716516725078e-05,-4.11501646169526350e-05
8.01075000000000159e+00,8.01075000000000159e+00,3.53316086040700472e-01,-2.20526334558890369e-02,-2.20526221665075309e-02,-1.36733283293431133e-05,-1.36733213295704883e-05,-2.73466426591409801e-05,-4.10199709884840968e-05,-4.10199639887114684e-05
8.01800000000000068e+00,8.01800000000000068e+00,3.53156312971845798e-01,-2.20227296979373932e-02,-2.20227184442408179e-02,-1.36301044797940993e-05,-1.36300975147601454e-05,-2.72601950295202976e-05,-4.08902995093144003e-05,-4.08902925442804430e-05
8.02524999999999977e+00,8.02524999999999977e+00,3.52996756460080441e-01,-2.19928934623254690e-02,-2.19928822441718616e-02,-1.35870561495892393e-05,-1.35870492190922034e-05,-2.71740984381844067e-05,-4.07611545877736443e-05,-4.07611476572766084e-05
8.03250000000000064e+00,8.03250000000000064e+00,3.52837416016642091e-01,-2.19631245357945204e-02,-2.19631133530433890e-02,-1.35441824683960694e-05,-1.35441755722360280e-05,-2.70883511444720561e-05,-4.06325336128681255e-05,-4.06325267167080841e-05
8.03975000000000151e+00,8.03975000000000151e+00,3.52678291154311374e-01,-2.19334227059633236e-02,-2.19334115584633414e-02,-1.35014825709854334e-05,-1.35014757089567049e-05,-2.70029514179134030e-05,-4.05044339888988380e-05,-4.05044271268701044e-05
8.04700000000000060e+00,8.04700000000000060e+00,3.52519381387405628e-01,-2.19037877612890952e-02,-2.19037766489005581e-02,-1.34589555971756204e-05,-1.34589487690806106e-05,-2.69178975381612213e-05,-4.03768531353368383e-05,-4.03768463072418302e-05
8.05424999999999969e+00,8.05424999999999969e+00,3.52360686231772746e-01,-2.18742194910959142e-02,-2.18742084136805265e-02,-1.34166006918184029e-05,-1.34165938974612829e-05,-2.68331877949225624e-05,-4.02497884867409670e-05,-4.02497816923838437e-05
8.06150000000000055e+00,8.06150000000000055e+00,3.52202205204784735e-01,-2.18447176855640635e-02,-2.18447066429811286e-02,-1.33744170047611824e-05,-1.33744102439455439e-05,-2.67488204878910811e-05,-4.01232374926522618e-05,-4.01232307318366267e-05
8.06875000000000142e+00,8.06875000000000142e+00,3.52043937825331998e-01,-2.18152821357264770e-02,-2.18152711278284707e-02,-1.33324036908137794e-05,-1.33323969633399327e-05,-2.66647939266798653e-05,-3.99971976174936481e-05,-3.99971908900197980e-05
8.07600000000000051e+00,8.07600000000000051e+00,3.51885883613816730e-01,-2.17859126334438713e-02,-2.17859016600926644e-02,-1.32905599097024067e-05,-1.32905532153773147e-05,-2.65811064307546294e-05,-3.98716663404570396e-05,-3.98716596461319458e-05
8.08324999999999960e+00,8.08324999999999960e+00,3.51728042092147086e-01,-2.17566089714225086e-02,-2.17565980324836601e-02,-1.32488848260500225e-05,-1.32488781646837634e-05,-2.64977563293675268e-05,-3.97466411554175510e-05,-3.97466344940512886e-05
8.09050000000000047e+00,8.09050000000000047e+00,3.51570412783731079e-01,-2.17273709432177498e-02,-2.17273600385471284e-02,-1.32073776093481131e-05,-1.32073709807457407e-05,-2.64147419614914711e-05,-3.96221195708395860e-05,-3.96221129422372084e-05
8.09775000000000134e+00,8.09775000000000134e+00,3.51412995213470414e-01,-2.16981983431985270e-02,-2.16981874726603283e-02,-1.31660374339049839e-05,-1.31660308378774895e-05,-2.63320616757549756e-05,-3.94980991096599595e-05,-3.94980925136324633e-05
8.10500000000000043e+00,8.10500000000000043e+00,3.51255788907754718e-01,-2.16690909665722131e-02,-2.16690801300280511e-02,-1.31248634788310259e-05,-1.31248569151886961e-05,-2.62497138303773955e-05,-3.93745773092084197e-05,-3.93745707455660899e-05
8.11224999999999952e+00,8.11224999999999952e+00,3.51098793394455155e-01,-2.16400486093633049e-02,-2.16400378066784922e-02,-1.30838549279961216e-05,-1.30838483965523415e-05,-2.61676967931046796e-05,-3.92515517211007995e-05,-3.92515451896570177e-05
8.11950000000000038e+00,8.11950000000000038e+00,3.50942008202918931e-01,-2.16110710684205287e-02,-2.16110602994592609e-02,-1.30430109700045410e-05,-1.30430044705728600e-05,-2.60860089411457201e-05,-3.91290199111502611e-05,-3.91290134117185784e-05
8.12675000000000125e+00,8.12675000000000125e+00,3.50785432863963020e-01,-2.15821581414061825e-02,-2.15821474060333453e-02,-1.30023307981593084e-05,-1.30023243305545414e-05,-2.60046486611090862e-05,-3.90069794592683963e-05,-3.90069729916636243e-05
8.13400000000000034e+00,8.13400000000000034e+00,3.50629066909868559e-01,-2.15533096267925828e-02,-2.15532989248751264e-02,-1.29618136104310959e-05,-1.29618071744701347e-05,-2.59236143489402661e-05,-3.88854279593713620e-05,-3.88854215234103992e-05
8.14124999999999943e+00,8.14124999999999943e+00,3.50472909874374572e-01,-2.15245253238656176e-02,-2.15245146552663670e-02,-1.29214586094315726e-05,-1.29214522049296590e-05,-2.58429044098593180e-05,-3.87643630192908940e-05,-3.87643566147889788e-05
8.14850000000000030e+00,8.14850000000000030e+00,3.50316961292672480e-01,-2.14958050327069827e-02,-2.14957943972922914e-02,-1.28812650023742121e-05,-1.28812586291495356e-05,-2.57625172582990780e-05,-3.86437822606732867e-05,-3.86437758874486119e-05
8.15575000000000117e+00,8.15575000000000117e+00,3.50161220701400266e-01,-2.14671485542012874e-02,-2.14671379518376754e-02,-1.28412320010502556e-05,-1.28412256589219307e-05,-2.56824513178438613e-05,-3.85236833188941136e-05,-3.85236769767657937e-05
8.16300000000000026e+00,8.16300000000000026e+00,3.50005687638636598e-01,-2.14385556900253960e-02,-2.14385451205829115e-02,-1.28013588217942124e-05,-1.28013525105842722e-05,-2.56027050211685409e-05,-3.84040638429627567e-05,-3.84040575317528131e-05
8.17024999999999935e+00,8.17024999999999935e+00,3.49850361643894936e-01,-2.14100262426519805e-02,-2.14100157060001205e-02,-1.27616446854580789e-05,-1.27616384049890278e-05,-2.55232768099780555e-05,-3.82849214954361378e-05,-3.82849152149670866e-05
8.17750000000000021e+00,8.17750000000000021e+00,3.49695242258118100e-01,-2.13815600153424157e-02,-2.13815495113493168e-02,-1.27220888173793997e-05,-1.27220825674737317e-05,-2.54441651349474633e-05,-3.81662539523268597e-05,-3.81662477024211967e-05
8.18475000000000108e+00,8.18475000000000108e+00,3.49540329023672436e-01,-2.13531568121361204e-02,-2.13531463406745718e-02,-1.26826904473474803e-05,-1.26826842278312504e-05,-2.53653684556625008e-05,-3.80480589030099777e-05,-3.80480526834937495e-05
8.19200000000000017e+00,8.19200000000000017e+00,3.49385621484342157e-01,-2.13248164378647687e-02,-2.13248059988001802e-02,-1.26434488095845343e-05,-1.26434426202802044e-05,-2.52868852405604054e-05,-3.79303340501449380e-05,-3.79303278608406064e-05
8.19924999999999926e+00,8.19924999999999926e+00,3.49231119185323458e-01,-2.12965386981203153e-02,-2.12965282913268571e-02,-1.26043631426996216e-05,-1.26043569834356319e-05,-2.52087139668712638e-05,-3.78130771095708837e-05,-3.78130709503068940e-05
8.20650000000000013e+00,8.20650000000000013e+00,3.49076821673219406e-01,-2.12683233992727594e-02,-2.12683130246280015e-02,-1.25654326896723734e-05,-1.25654265602799459e-05,-2.51308531205598917e-05,-3.76962858102322651e-05,-3.76962796808398342e-05
8.21375000000000099e+00,8.21375000000000099e+00,3.48922728496033951e-01,-2.12401703484772497e-02,-2.12401600058459220e-02,-1.25266566978304868e-05,-1.25266505981340231e-05,-2.50533011962680461e-05,-3.75799578940985346e-05,-3.75799517944020692e-05
8.22100000000000009e+00,8.22100000000000009e+00,3.48768839203166481e-01,-2.12120793536385577e-02,-2.12120690428881202e-02,-1.24880344188022603e-05,-1.24880283486285540e-05,-2.49760566972571045e-05,-3.74640911160593648e-05,-3.74640850458856568e-05
8.22824999999999918e+00,8.22824999999999918e+00,3.48615153345406270e-01,-2.11840502234075245e-02,-2.11840399444235584e-02,-1.24495651084882893e-05,-1.24495590676755656e-05,-2.48991181353511312e-05,-3.73486832438394171e-05,-3.73486772030266967e-05
8.23550000000000004e+00,8.23550000000000004e+00,3.48461670474927099e-01,-2.11560827672236940e-02,-2.11560725198790059e-02,-1.24112480270605007e-05,-1.24112420154402050e-05,-2.48224840308804067e-05,-3.72337320579409057e-05,-3.72337260463206134e-05
8.24275000000000091e+00,8.24275000000000091e+00,3.48308390145281477e-01,-2.11281767952655741e-02,-2.11281665794353472e-02,-1.23730824389069955e-05,-1.23730764563127181e-05,-2.47461529126254396e-05,-3.71192353515324334e-05,-3.71192293689381577e-05
8.25000000000000000e+00,8.25000000000000000e+00,3.48155311911395704e-01,-2.11003321184719539e-02,-2.11003219340239814e-02,-1.23350676126188996e-05,-1.23350616588806529e-05,-2.46701233177613091e-05,-3.70051909303802053e-05,-3.70051849766419636e-05
8.25724999999999909e+00,8.25724999999999909e+00,3.48002435329563709e-01,-2.10725485485099284e-02,-2.10725383953231232e-02,-1.22972028209461301e-05,-1.22971968959011770e-05,-2.45943937918023574e-05,-3.68915966127484859e-05,-3.68915906877035328e-05
8.26449999999999996e+00,8.26449999999999996e+00,3.47849759957442328e-01,-2.10448258977962155e-02,-2.10448157757542713e-02,-1.22594873407846392e-05,-1.22594814442737493e-05,-2.45189628885474919e-05,-3.67784502293321344e-05,-3.67784443328212412e-05
8.27175000000000082e+00,8.27175000000000082e+00,3.47697285354045593e-01,-2.10171639795078136e-02,-2.10171538884785895e-02,-1.22219204531574399e-05,-1.22219145850128805e-05,-2.44438291700257610e-05,-3.66657496231832043e-05,-3.66657437550386382e-05
8.27899999999999991e+00,8.27899999999999991e+00,3.47545011079739452e-01,-2.09895626075251585e-02,-2.09895525473933718e-02,-1.21845014431565988e-05,-1.21844956032211724e-05,-2.43689912064423516e-05,-3.65534926495989521e-05,-3.65534868096635239e-05
8.28625000000000078e+00,8.28625000000000078e+00,3.47392936696236443e-01,-2.09620215964854140e-02,-2.09620115671284614e-02,-1.21472295999495051e-05,-1.21472237880624651e-05,-2.42944475761249302e-05,-3.64416771760744371e-05,-3.64416713641873936e-05
8.29350000000000165e+00,8.29350000000000165e+00,3.47241061766590364e-01,-2.09345407617504975e-02,-2.09345307630427607e-02,-1.21101042167357129e-05,-1.21100984327352861e-05,-2.42201968654705723e-05,-3.63303010822062851e-05,-3.63302952982058567e-05
8.30075000000000074e+00,8.30075000000000074e+00,3.47089385855191057e-01,-2.09071199193928692e-02,-2.09071099512207342e-02,-1.20731245907143826e-05,-1.20731188344464414e-05,-2.41462376688928828e-05,-3.62193622596072672e-05,-3.62193565033393277e-05
8.30799999999999983e+00,8.30799999999999983e+00,3.46937908527759187e-01,-2.08797588862310590e-02,-2.08797489484688972e-02,-1.20362900230806140e-05,-1.20362842943847895e-05,-2.40725685887695757e-05,-3.61088586118501914e-05,-3.61088528831543670e-05
8.31525000000000070e+00,8.31525000000000070e+00,3.46786629351340747e-01,-2.08524574797799289e-02,-2.08524475723123603e-02,-1.19995998189727041e-05,-1.19995941176952328e-05,-2.39991882353904656e-05,-3.59987880543631697e-05,-3.59987823530857001e-05
8.32250000000000156e+00,8.32250000000000156e+00,3.46635547894302343e-01,-2.08252155182861998e-02,-2.08252056409914260e-02,-1.19630532874688255e-05,-1.19630476134529368e-05,-2.39260952269058702e-05,-3.58891485143746956e-05,-3.58891428403588052e-05
8.32975000000000065e+00,8.32975000000000065e+00,3.46484663726325581e-01,-2.07980328207000298e-02,-2.07980229734581190e-02,-1.19266497415469751e-05,-1.19266440946376654e-05,-2.38532881892753308e-05,-3.57799379308223076e-05,-3.57799322839129962e-05
8.33699999999999974e+00,8.33699999999999974e+00,3.46333976418402245e-01,-2.07709092066714618e-02,-2.07708993893728107e-02,-1.18903884980594923e-05,-1.18903828781083478e-05,-2.37807657562166991e-05,-3.56711542542761931e-05,-3.56711486343250469e-05
8.34425000000000061e+00,8.34425000000000061e+00,3.46183485542828850e-01,-2.07438444965752922e-02,-2.07438347091008085e-02,-1.18542688777239817e-05,-1.18542632845778234e-05,-2.37085265691556468e-05,-3.55627954468796251e-05,-3.55627898537334668e-05
8.35150000000000148e+00,8.35150000000000148e+00,3.46033190673201874e-01,-2.07168385114790965e-02,-2.07168287537090219e-02,-1.18182902050818580e-05,-1.18182846385877981e-05,-2.36365692771755961e-05,-3.54548594822574558e-05,-3.54548539157633925e-05
8.35875000000000057e+00,8.35875000000000057e+00,3.45883091384412422e-01,-2.06898910731432295e-02,-2.06898813449626073e-02,-1.17824518084753963e-05,-1.17824462684839605e-05,-2.35648925369679210e-05,-3.53473443454433190e-05,-3.53473388054518798e-05
8.36599999999999966e+00,8.36599999999999966e+00,3.45733187252641350e-01,-2.06630020040243778e-02,-2.06629923053216202e-02,-1.17467530200269731e-05,-1.17467475063912537e-05,-2.34934950127825040e-05,-3.52402480328094754e-05,-3.52402425191737577e-05
8.37325000000000053e+00,8.37325000000000053e+00,3.45583477855354038e-01,-2.06361711272862181e-02,-2.06361614579377191e-02,-1.17111931756224609e-05,-1.17111876881893771e-05,-2.34223753763787542e-05,-3.51335685520012185e-05,-3.51335630645681330e-05
8.38050000000000139e+00,8.38050000000000139e+00,3.45433962771295677e-01,-2.06093982667532316e-02,-2.06093886266508937e-02,-1.16757716148625496e-05,-1.16757661534884818e-05,-2.33515323069769602e-05,-3.50273039218395064e-05,-3.50272984604654437e-05
8.38775000000000048e+00,8.38775000000000048e+00,3.45284641580486162e-01,-2.05826832469533372e-02,-2.05826736359861796e-02,-1.16404876810646535e-05,-1.16404822456049777e-05,-2.32809644912099553e-05,-3.49214521722746122e-05,-3.49214467368149330e-05
8.39499999999999957e+00,8.39499999999999957e+00,3.45135513864214927e-01,-2.05560258930965745e-02,-2.05560163111503831e-02,-1.16053407212286475e-05,-1.16053353115375470e-05,-2.32106706230750973e-05,-3.48160113443037449e-05,-3.48160059346126443e-05
8.40225000000000044e+00,8.40225000000000044e+00,3.44986579205036226e-01,-2.05294260310751042e-02,-2.05294164780288751e-02,-1.15703300860148918e-05,-1.15703247019433632e-05,-2.31406494038867230e-05,-3.47109794899016130e-05,-3.47109741058300878e-05
8.40950000000000131e+00,8.40950000000000131e+00,3.44837837186764307e-01,-2.05028834874312338e-02,-2.05028739631823685e-02,-1.15354551297044088e-05,-1.15354497711144570e-05,-2.30708995422289139e-05,-3.46063546719333227e-05,-3.46063493133433743e-05
8.41675000000000040e+00,8.41675000000000040e+00,3.44689287394468469e-01,-2.04763980894071551e-02,-2.04763885938437327e-02,-1.15007152102052807e-05,-1.15007098769542772e-05,-2.30014197539085509e-05,-3.45021349641138350e-05,-3.45021296308628298e-05
8.42399999999999949e+00,8.42399999999999949e+00,3.44540929414467956e-01,-2.04499696649058649e-02,-2.04499601979147676e-02,-1.14661096890090778e-05,-1.14661043809543397e-05,-2.29322087619086795e-05,-3.43983184509177539e-05,-3.43983131428630176e-05
8.43125000000000036e+00,8.43125000000000036e+00,3.44392762834327348e-01,-2.04235980424982699e-02,-2.04235886039630735e-02,-1.14316379311735549e-05,-1.14316326481711784e-05,-2.28632652963423601e-05,-3.42949032275159134e-05,-3.42948979445135385e-05
8.43850000000000122e+00,8.43850000000000122e+00,3.44244787242851735e-01,-2.03972830514018710e-02,-2.03972736412189187e-02,-1.13972993052895367e-05,-1.13972940472033813e-05,-2.27945880944067660e-05,-3.41918873996962993e-05,-3.41918821416101507e-05
8.44575000000000031e+00,8.44575000000000031e+00,3.44097002230082050e-01,-2.03710245215091845e-02,-2.03710151395720962e-02,-1.13630931834758191e-05,-1.13630879501688113e-05,-2.27261759003376227e-05,-3.40892690838134435e-05,-3.40892638505064307e-05
8.45299999999999940e+00,8.45299999999999940e+00,3.43949407387289907e-01,-2.03448222833735315e-02,-2.03448129295687868e-02,-1.13290189413502747e-05,-1.13290137326819629e-05,-2.26580274653639257e-05,-3.39870464067142038e-05,-3.39870411980458886e-05
8.46025000000000027e+00,8.46025000000000027e+00,3.43802002306973165e-01,-2.03186761681877215e-02,-2.03186668424085067e-02,-1.12950759579972665e-05,-1.12950707738315393e-05,-2.25901415476630785e-05,-3.38852175056603451e-05,-3.38852123214946195e-05
8.46750000000000114e+00,8.46750000000000114e+00,3.43654786582851146e-01,-2.02925860078018161e-02,-2.02925767099410154e-02,-1.12612636159570116e-05,-1.12612584561581810e-05,-2.25225169123163654e-05,-3.37837805282733736e-05,-3.37837753684745430e-05
8.47475000000000023e+00,8.47475000000000023e+00,3.43507759809860036e-01,-2.02665516347160235e-02,-2.02665423646632668e-02,-1.12275813012011624e-05,-1.12275761656323259e-05,-2.24551523312646518e-05,-3.36827336324658125e-05,-3.36827284968969760e-05
8.48199999999999932e+00,8.48199999999999932e+00,3.43360921584147827e-01,-2.02405728820629349e-02,-2.02405636397163316e-02,-1.11940284031026779e-05,-1.11940232916322184e-05,-2.23880465832644368e-05,-3.35820749863671164e-05,-3.35820698748966586e-05
8.48925000000000018e+00,8.48925000000000018e+00,3.43214271503070101e-01,-2.02146495836359463e-02,-2.02146403688824167e-02,-1.11606043144314529e-05,-1.11605992269221409e-05,-2.23211984538442785e-05,-3.34818027682757296e-05,-3.34817976807664177e-05
8.49650000000000105e+00,8.49650000000000105e+00,3.43067809165185089e-01,-2.01887815738466259e-02,-2.01887723865818297e-02,-1.11273084313107382e-05,-1.11273033676307602e-05,-2.22546067352615205e-05,-3.33819151665722553e-05,-3.33819101028922841e-05
8.50375000000000014e+00,8.50375000000000014e+00,3.42921534170249342e-01,-2.01629686877460301e-02,-2.01629595278700197e-02,-1.10941401532091194e-05,-1.10941351132296484e-05,-2.21882702264592969e-05,-3.32824103796684162e-05,-3.32824053396889487e-05
8.51099999999999923e+00,8.51099999999999923e+00,3.42775446119212790e-01,-2.01372107610282569e-02,-2.01372016284345444e-02,-1.10610988829227321e-05,-1.10610938665119038e-05,-2.21221877330238076e-05,-3.31832866159465363e-05,-3.31832815995357130e-05
8.51825000000000010e+00,8.51825000000000010e+00,3.42629544614214410e-01,-2.01115076300091289e-02,-2.01114985245921633e-02,-1.10281840265439832e-05,-1.10281790335710156e-05,-2.20563580671420346e-05,-3.30845420936860178e-05,-3.30845371007130502e-05
8.52550000000000097e+00,8.52550000000000097e+00,3.42483829258577621e-01,-2.00858591316332991e-02,-2.00858500532858815e-02,-1.09953949934460549e-05,-1.09953900237798291e-05,-2.19907800475596615e-05,-3.29861750410057164e-05,-3.29861700713394906e-05
8.53275000000000006e+00,8.53275000000000006e+00,3.42338299656805733e-01,-2.00602651034635926e-02,-2.00602560520820213e-02,-1.09627311962577887e-05,-1.09627262497696640e-05,-2.19254524995393314e-05,-3.28881836957971201e-05,-3.28881787493089954e-05
8.53999999999999915e+00,8.53999999999999915e+00,3.42192955414577449e-01,-2.00347253836774541e-02,-2.00347163591673011e-02,-1.09301920508426281e-05,-1.09301871274095764e-05,-2.18603742548191528e-05,-3.27905663056617775e-05,-3.27905613822287309e-05
8.54725000000000001e+00,8.54725000000000001e+00,3.42047796138742422e-01,-2.00092398110918168e-02,-2.00092308133459559e-02,-1.08977769762931907e-05,-1.08977720757857938e-05,-2.17955441515715877e-05,-3.26933211278647784e-05,-3.26933162273573832e-05
8.55450000000000088e+00,8.55450000000000088e+00,3.41902821437316595e-01,-1.99838082251240223e-02,-1.99837992540368541e-02,-1.08654853948910733e-05,-1.08654805171813039e-05,-2.17309610343626079e-05,-3.25964464292536829e-05,-3.25964415515439152e-05
8.56174999999999997e+00,8.56174999999999997e+00,3.41758030919478095e-01,-1.99584304657989264e-02,-1.99584215212706556e-02,-1.08333167320920304e-05,-1.08333118770555610e-05,-2.16666237541111254e-05,-3.24999404862031592e-05,-3.24999356311666881e-05
8.56899999999999906e+00,8.56899999999999906e+00,3.41613424195562509e-01,-1.99331063737524516e-02,-1.99330974556869260e-02,-1.08012704165093231e-05,-1.08012655840243352e-05,-2.16025311680486703e-05,-3.24038015845579951e-05,-3.24037967520730038e-05
8.57625000000000171e+00,8.57625000000000171e+00,3.41469000877058615e-01,-1.99078357902386927e-02,-1.99078268985313257e-02,-1.07693458798990963e-05,-1.07693410698397258e-05,-2.15386821396794482e-05,-3.23080280195785428e-05,-3.23080232095191756e-05
8.58350000000000080e+00,8.58350000000000080e+00,3.41324760576603992e-01,-1.98826185571050473e-02,-1.98826096916528208e-02,-1.07375425571285925e-05,-1.07375377693703662e-05,-2.14750755387407358e-05,-3.22126180958693300e-05,-3.22126133081111003e-05
8.59074999999999989e+00,8.59074999999999989e+00,3.41180702907980637e-01,-1.98574545167922167e-02,-1.98574456775008380e-02,-1.07058598861579579e-05,-1.07058551205816390e-05,-2.14117102411632780e-05,-3.21175701273212393e-05,-3.21175653617449187e-05
8.59800000000000075e+00,8.59800000000000075e+00,3.41036827486110528e-01,-1.98323435123555214e-02,-1.98323346991224995e-02,-1.06742973080337047e-05,-1.06742925645161532e-05,-2.13485851290323065e-05,-3.20228824370660112e-05,-3.20228776935484614e-05
8.60525000000000162e+00,8.60525000000000162e+00,3.40893133927051450e-01,-1.98072853874364796e-02,-1.98072766001598684e-02,-1.06428542668554314e-05,-1.06428495452743290e-05,-2.12856990905486546e-05,-3.19285533574040843e-05,-3.19285486358229803e-05
8.61250000000000071e+00,8.61250000000000071e+00,3.40749621847992734e-01,-1.97822799862557019e-02,-1.97822712248471831e-02,-1.06115302097542453e-05,-1.06115255099951054e-05,-2.12230510199902074e-05,-3.18345812297444493e-05,-3.18345765299853128e-05
8.61974999999999980e+00,8.61974999999999980e+00,3.40606290867250805e-01,-1.97573271536484185e-02,-1.97573184180081102e-02,-1.05803245868941468e-05,-1.05803199088367753e-05,-2.11606398176735507e-05,-3.17409644045676975e-05,-3.17409597265103243e-05
8.62700000000000067e+00,8.62700000000000067e+00,3.40463140604264802e-01,-1.97324267350289517e-02,-1.97324180250530168e-02,-1.05492368514353746e-05,-1.05492321949579767e-05,-2.10984643899159535e-05,-3.16477012413513264e-05,-3.16476965848739336e-05
8.63425000000000153e+00,8.63425000000000153e+00,3.40320170679592804e-01,-1.97075785763800582e-02,-1.97075698919762995e-02,-1.05182664595113429e-05,-1.05182618244988577e-05,-2.10365236489977154e-05,-3.15547901085090583e-05,-3.15547854734965713e-05
8.64150000000000063e+00,8.64150000000000063e+00,3.40177380714907274e-01,-1.96827825242813503e-02,-1.96827738653536574e-02,-1.04874128702265289e-05,-1.04874082565622961e-05,-2.09748165131245922e-05,-3.14622293833511176e-05,-3.14622247696868900e-05
8.64874999999999972e+00,8.64874999999999972e+00,3.40034770332990732e-01,-1.96580384258950858e-02,-1.96580297923393994e-02,-1.04566755456316595e-05,-1.04566709531952904e-05,-2.09133419063905808e-05,-3.13700174520222419e-05,-3.13700128595858729e-05
8.65600000000000058e+00,8.65600000000000058e+00,3.39892339157731815e-01,-1.96333461289341926e-02,-1.96333375206638044e-02,-1.04260539506896644e-05,-1.04260493793704959e-05,-2.08520987587409918e-05,-3.12781527094306528e-05,-3.12781481381114860e-05
8.66325000000000145e+00,8.66325000000000145e+00,3.39750086814121111e-01,-1.96087054817120077e-02,-1.96086968986304809e-02,-1.03955475532852187e-05,-1.03955430029679001e-05,-2.07910860059358001e-05,-3.11866335592210188e-05,-3.11866290089037019e-05
8.67050000000000054e+00,8.67050000000000054e+00,3.39608012928246994e-01,-1.95841163330996437e-02,-1.95841077751137162e-02,-1.03651558241852454e-05,-1.03651512947565927e-05,-2.07303025895131820e-05,-3.10954584136984258e-05,-3.10954538842697748e-05
8.67774999999999963e+00,8.67774999999999963e+00,3.39466117127291189e-01,-1.95595785325473059e-02,-1.95595699995558293e-02,-1.03348782370335100e-05,-1.03348737283766513e-05,-2.06697474567533061e-05,-3.10046256937868177e-05,-3.10046211851299557e-05
8.68500000000000050e+00,8.68500000000000050e+00,3.39324399039525049e-01,-1.95350919300523174e-02,-1.95350834219645969e-02,-1.03047142683171557e-05,-1.03047097803212331e-05,-2.06094195606424628e-05,-3.09141338289596151e-05,-3.09141293409636960e-05
8.69225000000000136e+00,8.69225000000000136e+00,3.39182858294305389e-01,-1.95106563761839880e-02,-1.95106478929106576e-02,-1.02746633973634002e-05,-1.02746589299187229e-05,-2.05493178598374492e-05,-3.08239812572008460e-05,-3.08239767897561755e-05
8.69950000000000045e+00,8.69950000000000045e+00,3.39041494522070386e-01,-1.94862717220836146e-02,-1.94862632635249347e-02,-1.02447251063231674e-05,-1.02447206593150522e-05,-2.04894413186301011e-05,-3.07341664249532667e-05,-3.07341619779451567e-05
8.70674999999999955e+00,8.70674999999999955e+00,3.38900307354335240e-01,-1.94619378194254011e-02,-1.94619293854960372e-02,-1.02148988801342568e-05,-1.02148944534560708e-05,-2.04297889069121450e-05,-3.06446877870464053e-05,-3.06446833603682176e-05
8.71400000000000041e+00,8.71400000000000041e+00,3.38759296423688683e-01,-1.94376545204626439e-02,-1.94376461110677447e-02,-1.01851842065295735e-05,-1.01851798000701419e-05,-2.03703596001402837e-05,-3.05555438066698555e-05,-3.05555394002104256e-05
8.72125000000000128e+00,8.72125000000000128e+00,3.38618461363788481e-01,-1.94134216779886515e-02,-1.94134132930364571e-02,-1.01555805760005612e-05,-1.01555761896507946e-05,-2.03111523793015926e-05,-3.04667329553021538e-05,-3.04667285689523872e-05
8.72850000000000037e+00,8.72850000000000037e+00,3.38477801809357826e-01,-1.93892391453509561e-02,-1.93892307847486865e-02,-1.01260874817887970e-05,-1.01260831154395383e-05,-2.02521662308790766e-05,-3.03782537126678719e-05,-3.03782493463186165e-05
8.73574999999999946e+00,8.73574999999999946e+00,3.38337317396180948e-01,-1.93651067764442075e-02,-1.93650984400985000e-02,-1.00967044198664718e-05,-1.00967000734087146e-05,-2.01934001468174325e-05,-3.02901045666839043e-05,-3.02901002202261471e-05
8.74300000000000033e+00,8.74300000000000033e+00,3.38197007761099400e-01,-1.93410244257030683e-02,-1.93410161135250704e-02,-1.00674308889170442e-05,-1.00674265622445943e-05,-2.01348531244891852e-05,-3.02022840134062311e-05,-3.02022796867337811e-05
8.75025000000000119e+00,8.75025000000000119e+00,3.38056872542008224e-01,-1.93169919481057661e-02,-1.93169836600101813e-02,-1.00382663903215544e-05,-1.00382620833305079e-05,-2.00765241666610158e-05,-3.01147905569825719e-05,-3.01147862499915220e-05
8.75750000000000028e+00,8.75750000000000028e+00,3.37916911377851903e-01,-1.92930091991776465e-02,-1.92930009350757575e-02,-1.00092104281450086e-05,-1.00092061407301251e-05,-2.00184122814602502e-05,-3.00276227096052571e-05,-3.00276184221903753e-05
8.76474999999999937e+00,8.76474999999999937e+00,3.37777123908620192e-01,-1.92690760349840673e-02,-1.92690677947813804e-02,-9.98026250911732786e-06,-9.98025824117081055e-06,-1.99605164823416211e-05,-2.99407789914589490e-05,-2.99407747235124317e-05
8.77200000000000024e+00,8.77200000000000024e+00,3.37637509775344624e-01,-1.92451923121126356e-02,-1.92451840957218769e-02,-9.95142214260892117e-06,-9.95141789402716607e-06,-1.99028357880543321e-05,-2.98542579306632533e-05,-2.98542536820814982e-05
8.77925000000000111e+00,8.77925000000000111e+00,3.37498068620094516e-01,-1.92213578876945235e-02,-1.92213496950248870e-02,-9.92268884062663334e-06,-9.92268461130464563e-06,-1.98453692226092913e-05,-2.97680580632359246e-05,-2.97680538339139369e-05
8.78650000000000020e+00,8.78650000000000020e+00,3.37358800085973076e-01,-1.91975726193795992e-02,-1.91975644503484359e-02,-9.89406211778585892e-06,-9.89405790762328554e-06,-1.97881158152465711e-05,-2.96821779330324283e-05,-2.96821737228698549e-05
8.79374999999999929e+00,8.79374999999999929e+00,3.37219703817113525e-01,-1.91738363653577437e-02,-1.91738282198785255e-02,-9.86554149130663236e-06,-9.86553730020154135e-06,-1.97310746004030861e-05,-2.95966160917097184e-05,-2.95966119006046274e-05
8.80100000000000016e+00,8.80100000000000016e+00,3.37080779458675373e-01,-1.91501489843481920e-02,-1.91501408623267443e-02,-9.83712648099330425e-06,-9.83712230884026710e-06,-1.96742446176805342e-05,-2.95113710986738401e-05,-2.95113669265207996e-05
8.80825000000000102e+00,8.80825000000000102e+00,3.36942026656840421e-01,-1.91265103355746646e-02,-1.91265022369279010e-02,-9.80881660920707542e-06,-9.80881245590678771e-06,-1.96176249118135754e-05,-2.94264415210206508e-05,-2.94264373677203614e-05
8.81550000000000011e+00,8.81550000000000011e+00,3.36803445058809492e-01,-1.91029202787973418e-02,-1.91029122034376657e-02,-9.78061140086783508e-06,-9.78060726631909838e-06,-1.95612145326382001e-05,-2.93418259335060352e-05,-2.93418217989572968e-05
8.82274999999999920e+00,8.82274999999999920e+00,3.36665034312797873e-01,-1.90793786742915472e-02,-1.90793706221301686e-02,-9.75251038342869553e-06,-9.75250626753012339e-06,-1.95050125350602502e-05,-2.92575229184889474e-05,-2.92575188025903735e-05
8.83000000000000007e+00,8.83000000000000007e+00,3.36526794068032264e-01,-1.90558853828406427e-02,-1.90558773537957103e-02,-9.72451308685797413e-06,-9.72450898951214420e-06,-1.94490179790242918e-05,-2.91735310658822659e-05,-2.91735269685364343e-05
8.83725000000000094e+00,8.83725000000000094e+00,3.36388723974746673e-01,-1.90324402657502390e-02,-1.90324322597384167e-02,-9.69661904363219171e-06,-9.69661496474132928e-06,-1.93932299294826586e-05,-2.90898489731148503e-05,-2.90898448942239862e-05
8.84450000000000003e+00,8.84450000000000003e+00,3.36250823684178912e-01,-1.90090431848375374e-02,-1.90090352017739210e-02,-9.66882778871640784e-06,-9.66882372818234519e-06,-1.93376474563646938e-05,-2.90064752450811016e-05,-2.90064711845470407e-05
8.85174999999999912e+00,8.85174999999999912e+00,3.36113092848566553e-01,-1.89856940024313303e-02,-1.89856860422270499e-02,-9.64113885955009066e-06,-9.64113481727305917e-06,-1.92822696345461217e-05,-2.89234084940962124e-05,-2.89234044518191809e-05
8.85899999999999999e+00,8.85899999999999999e+00,3.35975531121143645e-01,-1.89623925813577898e-02,-1.89623846439295439e-02,-9.61355179602594441e-06,-9.61354777190940603e-06,-1.92270955438188155e-05,-2.88406473398447616e-05,-2.88406433157282215e-05
8.86625000000000085e+00,8.86625000000000085e+00,3.35838138156136834e-01,-1.89391387849546788e-02,-1.89391308702177817e-02,-9.58606614048320265e-06,-9.58606213443032627e-06,-1.91721242688606525e-05,-2.87581904093438552e-05,-2.87581864032909805e-05
8.87349999999999994e+00,8.87349999999999994e+00,3.35700913608761808e-01,-1.89159324770571402e-02,-1.89159245849305144e-02,-9.55868143768663366e-06,-9.55867744960281249e-06,-1.91173548992056182e-05,-2.86760363368922502e-05,-2.86760323488084307e-05
8.88075000000000081e+00,8.88075000000000081e+00,3.35563857135219523e-01,-1.88927735220012494e-02,-1.88927656524065825e-02,-9.53139723481461090e-06,-9.53139326460702028e-06,-1.90627865292140372e-05,-2.85941837640286498e-05,-2.85941797938210574e-05
8.88800000000000168e+00,8.88800000000000168e+00,3.35426968392692759e-01,-1.88696617846346726e-02,-1.88696539374827131e-02,-9.50421308145088825e-06,-9.50420912902157728e-06,-1.90084182580431546e-05,-2.85126313394940445e-05,-2.85126273870647319e-05
8.89525000000000077e+00,8.89525000000000077e+00,3.35290247039342293e-01,-1.88465971302846924e-02,-1.88465893054912612e-02,-9.47712852955492846e-06,-9.47712459480890750e-06,-1.89542491896178150e-05,-2.84313777191727451e-05,-2.84313737844267225e-05
8.90249999999999986e+00,8.90249999999999986e+00,3.35153692734303676e-01,-1.88235794247688659e-02,-1.88235716222579993e-02,-9.45014313345388179e-06,-9.45013921630067585e-06,-1.89002784326013551e-05,-2.83504215660552352e-05,-2.83504176489020326e-05
8.90975000000000072e+00,8.90975000000000072e+00,3.35017305137683186e-01,-1.88006085344092355e-02,-1.88006007540998978e-02,-9.42325644983639076e-06,-9.42325255018335477e-06,-1.88465051003667129e-05,-2.82697615502031037e-05,-2.82697576505500694e-05
8.91700000000000159e+00,8.91700000000000159e+00,3.34881083910554711e-01,-1.87776843260145654e-02,-1.87776765678229589e-02,-9.39646803773040471e-06,-9.39646415548389409e-06,-1.87929283109677882e-05,-2.81893963486981929e-05,-2.81893924664516823e-05
8.92425000000000068e+00,8.92425000000000068e+00,3.34745028714955983e-01,-1.87548066668803415e-02,-1.87547989307200007e-02,-9.36977745849003887e-06,-9.36977359355546206e-06,-1.87395471871109275e-05,-2.81093246456009681e-05,-2.81093207806663913e-05
8.93149999999999977e+00,8.93149999999999977e+00,3.34609139213885021e-01,-1.87319754247674553e-02,-1.87319677105684951e-02,-9.34318427577185580e-06,-9.34318042806328301e-06,-1.86863608561265660e-05,-2.80295451318984218e-05,-2.80295412841898490e-05
8.93875000000000064e+00,8.93875000000000064e+00,3.34473415071296853e-01,-1.87091904679519416e-02,-1.87091827756284065e-02,-9.31668805554675772e-06,-9.31668422497060705e-06,-1.86333684499412141e-05,-2.79500565054879735e-05,-2.79500526749118211e-05
8.94600000000000151e+00,8.94600000000000151e+00,3.34337855952099694e-01,-1.86864516651645829e-02,-1.86864439946400410e-02,-9.29028836605694026e-06,-9.29028455252475098e-06,-1.85805691050495053e-05,-2.78708574711064439e-05,-2.78708536575742580e-05
8.95325000000000060e+00,8.95325000000000060e+00,3.34202461522151939e-01,-1.86637588856264358e-02,-1.86637512368219328e-02,-9.26398477782084088e-06,-9.26398098124326287e-06,-1.85279619624865257e-05,-2.77919467403073649e-05,-2.77919429437297903e-05
8.96049999999999969e+00,8.96049999999999969e+00,3.34067231448258117e-01,-1.86411119990381735e-02,-1.86411043718686525e-02,-9.23777686361507162e-06,-9.23777308390010016e-06,-1.84755461678002003e-05,-2.77133230314152736e-05,-2.77133192517003022e-05
8.96775000000000055e+00,8.96775000000000055e+00,3.33932165398165892e-01,-1.86185108755623219e-02,-1.86185032699487524e-02,-9.21166419845302983e-06,-9.21166043551201446e-06,-1.84233208710240289e-05,-2.76349850694770587e-05,-2.76349813065360434e-05
8.97500000000000142e+00,8.97500000000000142e+00,3.33797263040562453e-01,-1.85959553858339177e-02,-1.85959478017026399e-02,-9.18564635957765944e-06,-9.18564261332497190e-06,-1.83712852266499438e-05,-2.75569315862276049e-05,-2.75569278399749140e-05
8.98225000000000051e+00,8.98225000000000051e+00,3.33662524045071296e-01,-1.85734454009640615e-02,-1.85734378382404891e-02,-9.15972292645076139e-06,-9.15971919680066161e-06,-1.83194383936013198e-05,-2.74791613200520829e-05,-2.74791575904019831e-05
8.98949999999999960e+00,8.98949999999999960e+00,3.33527948082248504e-01,-1.85509807925328118e-02,-1.85509732511401383e-02,-9.13389348073708466e-06,-9.13388976760309228e-06,-1.82677795352061880e-05,-2.74016730159432726e-05,-2.74016693028092785e-05
8.99675000000000047e+00,8.99675000000000047e+00,3.33393534823579529e-01,-1.85285614325927384e-02,-1.85285539124450220e-02,-9.10815760629381969e-06,-9.10815390958531404e-06,-1.82163078191706315e-05,-2.73244654254644495e-05,-2.73244617287559455e-05
9.00399999999999956e+00,9.00399999999999956e+00,3.33259283941475914e-01,-1.85061871936404998e-02,-1.85061796946621449e-02,-9.08251488914441317e-06,-9.08251120877623017e-06,-1.81650224175524570e-05,-2.72475373066968684e-05,-2.72475336263286871e-05
9.01125000000000043e+00,9.01125000000000043e+00,3.33125195109271743e-01,-1.84838579486452659e-02,-1.84838504707599792e-02,-9.05696491748045018e-06,-9.05696125336742406e-06,-1.81139225067348447e-05,-2.71708874242152949e-05,-2.71708837601022688e-05
9.01850000000000129e+00,9.01850000000000129e+00,3.32991268001220531e-01,-1.84615735710309536e-02,-1.84615661141664632e-02,-9.03150728164091203e-06,-9.03150363370019280e-06,-1.80630072674003856e-05,-2.70945145490412959e-05,-2.70945109011005784e-05
9.02575000000000038e+00,9.02575000000000038e+00,3.32857502292491836e-01,-1.84393339346833329e-02,-1.84393264987669607e-02,-9.00614157410371101e-06,-9.00613794225259098e-06,-1.80122758845051820e-05,-2.70184174586088913e-05,-2.70184138267577713e-05
9.03300000000000125e+00,9.03300000000000125e+00,3.32723897659167600e-01,-1.84171389139571318e-02,-1.84171314989022214e-02,-8.98086738947725736e-06,-8.98086377362654566e-06,-1.79617275472530913e-05,-2.69425949367303470e-05,-2.69425913208796387e-05
9.04025000000000034e+00,9.04025000000000034e+00,3.32590453778239481e-01,-1.83949883836262984e-02,-1.83949809893664135e-02,-8.95568432446443660e-06,-8.95568072453515418e-06,-1.79113614490703084e-05,-2.68670457735347450e-05,-2.68670421736054608e-05
9.04750000000000121e+00,9.04750000000000121e+00,3.32457170327605023e-01,-1.83728822189443974e-02,-1.83728748454050836e-02,-8.93059197788036846e-06,-8.93058839378995333e-06,-1.78611767875799067e-05,-2.67917687654602751e-05,-2.67917651813698600e-05
9.05475000000000030e+00,9.05475000000000030e+00,3.32324046986064769e-01,-1.83508202956126354e-02,-1.83508129427132037e-02,-8.90558995062517647e-06,-8.90558638228838154e-06,-1.78111727645767597e-05,-2.67167627152019362e-05,-2.67167591468651412e-05
9.06200000000000117e+00,9.06200000000000117e+00,3.32191083433318601e-01,-1.83288024897656499e-02,-1.83287951574331587e-02,-8.88067784566553956e-06,-8.88067429300121568e-06,-1.77613485860024314e-05,-2.66420264316679709e-05,-2.66420228790036470e-05
9.06925000000000026e+00,9.06925000000000026e+00,3.32058279349963181e-01,-1.83068286779857203e-02,-1.83068213661528346e-02,-8.85585526803018755e-06,-8.85585173096022812e-06,-1.77117034619204562e-05,-2.65675587299506438e-05,-2.65675551928806843e-05
9.07650000000000112e+00,9.07650000000000112e+00,3.31925634417487792e-01,-1.82848987373169791e-02,-1.82848914459035825e-02,-8.83112182480533225e-06,-8.83111830324576919e-06,-1.76622366064915418e-05,-2.64933584312968757e-05,-2.64933549097373127e-05
9.08375000000000021e+00,9.08375000000000021e+00,3.31793148318272058e-01,-1.82630125452263314e-02,-1.82630052741583615e-02,-8.80647712510446395e-06,-8.80647361897459706e-06,-1.76129472379491941e-05,-2.64194243630536581e-05,-2.64194208569237929e-05
9.09100000000000108e+00,9.09100000000000108e+00,3.31660820735582007e-01,-1.82411699796247717e-02,-1.82411627288297205e-02,-8.78192078006743498e-06,-8.78191728928763298e-06,-1.75638345785752660e-05,-2.63457553586426992e-05,-2.63457518678628973e-05
9.09825000000000017e+00,9.09825000000000017e+00,3.31528651353567516e-01,-1.82193709188531727e-02,-1.82193636882679380e-02,-8.75745240284247033e-06,-8.75744892733794701e-06,-1.75148978546758940e-05,-2.62723502575183644e-05,-2.62723467820138393e-05
9.10550000000000104e+00,9.10550000000000104e+00,3.31396639857258590e-01,-1.81976152417213655e-02,-1.81976080312590480e-02,-8.73307160859384358e-06,-8.73306814827869284e-06,-1.74661362965573857e-05,-2.61992079051512293e-05,-2.61992044448360785e-05
9.11275000000000013e+00,9.11275000000000013e+00,3.31264785932562589e-01,-1.81759028274228740e-02,-1.81758956370229943e-02,-8.70877801444991979e-06,-8.70877456925124090e-06,-1.74175491385024818e-05,-2.61263271529523999e-05,-2.61263237077537244e-05
9.12000000000000099e+00,9.12000000000000099e+00,3.31133089266260949e-01,-1.81542335556237333e-02,-1.81542263852116741e-02,-8.68457123953485662e-06,-8.68456780937328260e-06,-1.73691356187465618e-05,-2.60537068582814167e-05,-2.60537034281198461e-05
9.12725000000000009e+00,9.12725000000000009e+00,3.31001549546006024e-01,-1.81326073064056459e-02,-1.81326001559070915e-02,-8.66045090493048615e-06,-8.66044748972711078e-06,-1.73208949794542283e-05,-2.59813458843847128e-05,-2.59813424691813374e-05
9.13450000000000095e+00,9.13450000000000095e+00,3.30870166460318027e-01,-1.81110239602730871e-02,-1.81110168296194640e-02,-8.63641663366893887e-06,-8.63641323334791376e-06,-1.72728264666958275e-05,-2.59092431003647681e-05,-2.59092397000437413e-05
9.14175000000000004e+00,9.14175000000000004e+00,3.30738939698582035e-01,-1.80894833981675163e-02,-1.80894762872853693e-02,-8.61246805072873215e-06,-8.61246466521218785e-06,-1.72249293304243757e-05,-2.58373973811531062e-05,-2.58373939956365619e-05
9.14900000000000091e+00,9.14900000000000091e+00,3.30607868951044603e-01,-1.80679855014496127e-02,-1.80679784102658510e-02,-8.58860478301561708e-06,-8.58860141222617544e-06,-1.71772028244523543e-05,-2.57658076074679696e-05,-2.57658042366785297e-05
9.15625000000000000e+00,9.15625000000000000e+00,3.30476953908811044e-01,-1.80465301518921706e-02,-1.80465230803446321e-02,-8.56482645934869899e-06,-8.56482310321447402e-06,-1.71296462064289480e-05,-2.56944726657776470e-05,-2.56944693096434221e-05
9.16350000000000087e+00,9.16350000000000087e+00,3.30346194263842152e-01,-1.80251172317120734e-02,-1.80251101797262031e-02,-8.54113271046507415e-06,-8.54112936890859961e-06,-1.70822587378172026e-05,-2.56233914482822785e-05,-2.56233881067258022e-05
9.17074999999999996e+00,9.17074999999999996e+00,3.30215589708951207e-01,-1.80037466235276611e-02,-1.80037395910340597e-02,-8.51752316898919764e-06,-8.51751984193575505e-06,-1.70350396838715135e-05,-2.55525628528607094e-05,-2.55525595258072668e-05
9.17800000000000082e+00,9.17800000000000082e+00,3.30085139937800975e-01,-1.79824182103764940e-02,-1.79824111973088327e-02,-8.49399746943092668e-06,-8.49399415680754754e-06,-1.69879883136150985e-05,-2.54819857830460251e-05,-2.54819824704226460e-05
9.18524999999999991e+00,9.18524999999999991e+00,3.29954844644900769e-01,-1.79611318757153526e-02,-1.79611248820065184e-02,-8.47055524817526819e-06,-8.47055194990890778e-06,-1.69411038998178156e-05,-2.54116591479930821e-05,-2.54116558497267250e-05
9.19250000000000078e+00,9.19250000000000078e+00,3.29824703525603058e-01,-1.79398875034202376e-02,-1.79398805289966295e-02,-8.44719614347210596e-06,-8.44719285948695313e-06,-1.68943857189739063e-05,-2.53415818624460122e-05,-2.53415785784608577e-05
9.19974999999999987e+00,9.19974999999999987e+00,3.29694716276101141e-01,-1.79186849777686064e-02,-1.79186780225604574e-02,-8.42391979541770483e-06,-8.42391652564005754e-06,-1.68478330512801185e-05,-2.52717528466978233e-05,-2.52717495769201760e-05
9.20700000000000074e+00,9.20700000000000074e+00,3.29564882593425423e-01,-1.78975241834500309e-02,-1.78975172473892358e-02,-8.40072584594964203e-06,-8.40072259030687229e-06,-1.68014451806137480e-05,-2.52021710265633883e-05,-2.52021677709206203e-05
9.21424999999999983e+00,9.21424999999999983e+00,3.29435202175441144e-01,-1.78764050055555401e-02,-1.78763980885824209e-02,-8.37761393883180626e-06,-8.37761069725552803e-06,-1.67552213945110527e-05,-2.51328353333428572e-05,-2.51328320917665790e-05
9.22150000000000070e+00,9.22150000000000070e+00,3.29305674720844821e-01,-1.78553273296131465e-02,-1.78553204316458693e-02,-8.35458371966107739e-06,-8.35458049207280458e-06,-1.67091609841456058e-05,-2.50637447038066849e-05,-2.50637414762184104e-05
9.22874999999999979e+00,9.22874999999999979e+00,3.29176299929161809e-01,-1.78342910415025813e-02,-1.78342841624901417e-02,-8.33163483581751071e-06,-8.33163162215347869e-06,-1.66632632443069574e-05,-2.49948980801244664e-05,-2.49948948664604378e-05
9.23600000000000065e+00,9.23600000000000065e+00,3.29047077500743024e-01,-1.78132960275618757e-02,-1.78132891674287024e-02,-8.30876693650441351e-06,-8.30876373668964631e-06,-1.66175274733792926e-05,-2.49262944098837044e-05,-2.49262912100689389e-05
9.24324999999999974e+00,9.24324999999999974e+00,3.28918007136762169e-01,-1.77923421744949906e-02,-1.77923353331762187e-02,-8.28597967269538685e-06,-8.28597648666019738e-06,-1.65719529733203948e-05,-2.48579326460157816e-05,-2.48579294599805921e-05
9.25050000000000061e+00,9.25050000000000061e+00,3.28789088539212848e-01,-1.77714293694180014e-02,-1.77714225468468094e-02,-8.26327269714621451e-06,-8.26326952482028209e-06,-1.65265390496405642e-05,-2.47898117467867787e-05,-2.47898085744608480e-05
9.25774999999999970e+00,9.25774999999999970e+00,3.28660321410905620e-01,-1.77505574998377824e-02,-1.77505506959523447e-02,-8.24064566437533552e-06,-8.24064250569093817e-06,-1.64812850113818730e-05,-2.47219306757572068e-05,-2.47219275170728128e-05
9.26500000000000057e+00,9.26500000000000057e+00,3.28531705455465173e-01,-1.77297264536733223e-02,-1.77297196684007112e-02,-8.21809823066414738e-06,-8.21809508554868253e-06,-1.64361901710973617e-05,-2.46542884017615090e-05,-2.46542852566460442e-05
9.27224999999999966e+00,9.27224999999999966e+00,3.28403240377327377e-01,-1.77089361192201977e-02,-1.77089293524941294e-02,-8.19563005403104281e-06,-8.19562692241527736e-06,-1.63912538448305547e-05,-2.45868838988615992e-05,-2.45868807672458304e-05
9.27950000000000053e+00,9.27950000000000053e+00,3.28274925881736512e-01,-1.76881863851612309e-02,-1.76881796369274466e-02,-8.17324079422694417e-06,-8.17323767604747432e-06,-1.63464753520949486e-05,-2.45197161463218911e-05,-2.45197130281424230e-05
9.28674999999999962e+00,9.28674999999999962e+00,3.28146761674742549e-01,-1.76674771406020170e-02,-1.76674704107864719e-02,-8.15093011274235760e-06,-8.15092700792689756e-06,-1.63018540158537917e-05,-2.44527841285961493e-05,-2.44527810237806893e-05
9.29400000000000048e+00,9.29400000000000048e+00,3.28018747463197813e-01,-1.76468082750069755e-02,-1.76468015635462550e-02,-8.12869767276847553e-06,-8.12869458124992504e-06,-1.62573891624998501e-05,-2.43860868352683256e-05,-2.43860837437497751e-05
9.30124999999999957e+00,9.30124999999999957e+00,3.27890882954754936e-01,-1.76261796782348767e-02,-1.76261729850694764e-02,-8.10654313920439849e-06,-8.10654006091772236e-06,-1.62130801218354447e-05,-2.43196232610398432e-05,-2.43196201827531671e-05
9.30850000000000044e+00,9.30850000000000044e+00,3.27763167857863413e-01,-1.76055912405423953e-02,-1.76055845656047372e-02,-8.08446617864953385e-06,-8.08446311352624270e-06,-1.61689262270524854e-05,-2.42533924057020209e-05,-2.42533893405787281e-05
9.31575000000000131e+00,9.31575000000000131e+00,3.27635601881767047e-01,-1.75850428525592406e-02,-1.75850361957849352e-02,-8.06246645938304172e-06,-8.06246340735638257e-06,-1.61249268147127651e-05,-2.41873932740958086e-05,-2.41873902220691460e-05
9.32300000000000040e+00,9.32300000000000040e+00,3.27508184736501284e-01,-1.75645344052988150e-02,-1.75645277666256171e-02,-8.04054365135968617e-06,-8.04054061236415119e-06,-1.60810812247283058e-05,-2.41216248760879919e-05,-2.41216218370924569e-05
9.33025000000000126e+00,9.33025000000000126e+00,3.27380916132890221e-01,-1.75440657901582142e-02,-1.75440591695233336e-02,-8.01869742620082110e-06,-8.01869440017090753e-06,-1.60373888003418151e-05,-2.40560862265426379e-05,-2.40560832005127243e-05
9.33750000000000036e+00,9.33750000000000036e+00,3.27253795782543988e-01,-1.75236368989182267e-02,-1.75236302962540266e-02,-7.99692745718543712e-06,-7.99692444405369234e-06,-1.59938488881073847e-05,-2.39907763452928201e-05,-2.39907733321610770e-05
9.34475000000000122e+00,9.34475000000000122e+00,3.27126823397855926e-01,-1.75032476237220180e-02,-1.75032410389713948e-02,-7.97523341923153867e-06,-7.97523041893557363e-06,-1.59504608378711507e-05,-2.39256942571026893e-05,-2.39256912568067243e-05
9.35200000000000031e+00,9.35200000000000031e+00,3.26999998692000027e-01,-1.74828978571035520e-02,-1.74828912902053046e-02,-7.95361498890032669e-06,-7.95361200137613280e-06,-1.59072240027522656e-05,-2.38608389916525923e-05,-2.38608360041283967e-05
9.35925000000000118e+00,9.35925000000000118e+00,3.26873321378927884e-01,-1.74625874919769331e-02,-1.74625809428601564e-02,-7.93207184438249528e-06,-7.93206886956190671e-06,-1.58641377391238134e-05,-2.37962095835063087e-05,-2.37962066086857201e-05
9.36650000000000027e+00,9.36650000000000027e+00,3.26746791173366358e-01,-1.74423164216044313e-02,-1.74423098902133332e-02,-7.91060366547503150e-06,-7.91060070329700937e-06,-1.58212014065940154e-05,-2.37318050720690486e-05,-2.37318021098910264e-05
9.37375000000000114e+00,9.37375000000000114e+00,3.26620407790814637e-01,-1.74220845396426682e-02,-1.74220780259135670e-02,-7.88921013359353972e-06,-7.88920718399370783e-06,-1.57784143679874157e-05,-2.36676245015809571e-05,-2.36676215519811235e-05
9.38100000000000023e+00,9.38100000000000023e+00,3.26494170947541573e-01,-1.74018917401035367e-02,-1.74018852439794050e-02,-7.86789093174591237e-06,-7.86788799466315560e-06,-1.57357759893263112e-05,-2.36036669210722253e-05,-2.36036639839894651e-05
9.38825000000000109e+00,9.38825000000000109e+00,3.26368080360583124e-01,-1.73817379173826225e-02,-1.73817314387975964e-02,-7.84664574453663973e-06,-7.84664281990609568e-06,-1.56932856398121947e-05,-2.35399313843488362e-05,-2.35399284597182904e-05
9.39550000000000018e+00,9.39550000000000018e+00,3.26242135747739581e-01,-1.73616229662236776e-02,-1.73616165051215798e-02,-7.82547425814229506e-06,-7.82547134590371936e-06,-1.56509426918074387e-05,-2.34764169499497355e-05,-2.34764140377111564e-05
9.40275000000000105e+00,9.40275000000000105e+00,3.26116336827572906e-01,-1.73415467817505942e-02,-1.73415403380698663e-02,-7.80437616031751803e-06,-7.80437326040847927e-06,-1.56087465208169585e-05,-2.34131226811344783e-05,-2.34131197812254395e-05
9.41000000000000014e+00,9.41000000000000014e+00,3.25990683319404173e-01,-1.73215092594460884e-02,-1.73215028331245580e-02,-7.78335114037703903e-06,-7.78334825273507530e-06,-1.55666965054701506e-05,-2.33500476458471896e-05,-2.33500447582052242e-05
9.41725000000000101e+00,9.41725000000000101e+00,3.25865174943310909e-01,-1.73015102951517008e-02,-1.73015038861297557e-02,-7.76239888918735277e-06,-7.76239601375139471e-06,-1.55247920275027894e-05,-2.32871909166901405e-05,-2.32871880412541841e-05
9.42450000000000010e+00,9.42450000000000010e+00,3.25739811420124481e-01,-1.72815497850713484e-02,-1.72815433932900671e-02,-7.74151909916007425e-06,-7.74151623586960133e-06,-1.54830324717392027e-05,-2.32245515708992786e-05,-2.32245487076088023e-05
9.43175000000000097e+00,9.43175000000000097e+00,3.25614592471427322e-01,-1.72616276257713253e-02,-1.72616212511690452e-02,-7.72071146424369870e-06,-7.72070861303719771e-06,-1.54414172260743988e-05,-2.31621286903180992e-05,-2.31621258391115982e-05
9.43900000000000006e+00,9.43900000000000006e+00,3.25489517819550767e-01,-1.72417437141731966e-02,-1.72417373566877176e-02,-7.69997567991227857e-06,-7.69997284072823797e-06,-1.53999456814564793e-05,-2.30999213613687579e-05,-2.30999185221847173e-05
9.44625000000000092e+00,9.44625000000000092e+00,3.25364587187571830e-01,-1.72218979475502465e-02,-1.72218916071230285e-02,-7.67931144315571812e-06,-7.67930861593450002e-06,-1.53586172318690000e-05,-2.30379286750247182e-05,-2.30379258478035001e-05
9.45350000000000001e+00,9.45350000000000001e+00,3.25239800299311321e-01,-1.72020902235274775e-02,-1.72020839001063783e-02,-7.65871845247175718e-06,-7.65871563715680350e-06,-1.53174312743136070e-05,-2.29761497267853642e-05,-2.29761469114704105e-05
9.46075000000000088e+00,9.46075000000000088e+00,3.25115156879330680e-01,-1.71823204400958218e-02,-1.71823141336221036e-02,-7.63819640786427872e-06,-7.63819360439631578e-06,-1.52763872087926316e-05,-2.29145836166569120e-05,-2.29145808131889473e-05
9.46799999999999997e+00,9.46799999999999997e+00,3.24990656652929921e-01,-1.71625884955943775e-02,-1.71625822060060169e-02,-7.61774501082744906e-06,-7.61774221914597499e-06,-1.52354844382919483e-05,-2.28532294491193990e-05,-2.28532266574379216e-05
9.47525000000000084e+00,9.47525000000000084e+00,3.24866299346144582e-01,-1.71428942887033031e-02,-1.71428880159438836e-02,-7.59736396433465724e-06,-7.59736118438189339e-06,-1.51947223687637851e-05,-2.27920863330984406e-05,-2.27920835531456793e-05
9.48249999999999993e+00,9.48249999999999993e+00,3.24742084685743670e-01,-1.71232377184615814e-02,-1.71232314624700059e-02,-7.57705297283859473e-06,-7.57705020455491251e-06,-1.51541004091098233e-05,-2.27311533819484181e-05,-2.27311506136647350e-05
9.48975000000000080e+00,9.48975000000000080e+00,3.24618012399226885e-01,-1.71036186842492555e-02,-1.71036124449657177e-02,-7.55681174225554120e-06,-7.55680898558211587e-06,-1.51136179711642317e-05,-2.26704297134197729e-05,-2.26704269567463468e-05
9.49699999999999989e+00,9.49699999999999989e+00,3.24494082214822066e-01,-1.70840370857874291e-02,-1.70840308631579479e-02,-7.53663997995767011e-06,-7.53663723483847552e-06,-1.50732744696769527e-05,-2.26099144496346229e-05,-2.26099117045154274e-05
9.50425000000000075e+00,9.50425000000000075e+00,3.24370293861482972e-01,-1.70644928231489246e-02,-1.70644866171177599e-02,-7.51653739477004344e-06,-7.51653466114849271e-06,-1.50330693222969888e-05,-2.25496067170670323e-05,-2.25496039834454824e-05
9.51149999999999984e+00,9.51149999999999984e+00,3.24246647068886451e-01,-1.70449857967476248e-02,-1.70449796072589220e-02,-7.49650369695826954e-06,-7.49650097477794689e-06,-1.49930019495558921e-05,-2.24895056465141625e-05,-2.24895029243338390e-05
9.51875000000000071e+00,9.51875000000000071e+00,3.24123141567430162e-01,-1.70255159073349205e-02,-1.70255097343364470e-02,-7.47653859821933913e-06,-7.47653588742563381e-06,-1.49530717748512693e-05,-2.24296103730706067e-05,-2.24296076622769031e-05
9.52599999999999980e+00,9.52599999999999980e+00,3.23999777088230079e-01,-1.70060830560174736e-02,-1.70060768994452077e-02,-7.45664181168189630e-06,-7.45663911221523901e-06,-1.49132782244304797e-05,-2.23699200361123743e-05,-2.23699173366457204e-05
9.53325000000000067e+00,9.53325000000000067e+00,3.23876553363117881e-01,-1.69866871442252432e-02,-1.69866810040184557e-02,-7.43681305188467309e-06,-7.43681036368716914e-06,-1.48736207273743383e-05,-2.23104337792590114e-05,-2.23104310910615074e-05
9.54049999999999976e+00,9.54049999999999976e+00,3.23753470124638842e-01,-1.69673280737114851e-02,-1.69673219498264680e-02,-7.41705203476911435e-06,-7.41704935779053383e-06,-1.48340987155810677e-05,-2.22511507503501820e-05,-2.22511480733716023e-05
9.54775000000000063e+00,9.54775000000000063e+00,3.23630527106049004e-01,-1.69480057466095957e-02,-1.69479996389750968e-02,-7.39735847769680714e-06,-7.39735581187508626e-06,-1.47947116237501742e-05,-2.21920701014469797e-05,-2.21920674356252605e-05
9.55499999999999972e+00,9.55499999999999972e+00,3.23507724041313061e-01,-1.69287200653265302e-02,-1.69287139739043996e-02,-7.37773209939555356e-06,-7.37772944468329997e-06,-1.47554588893665999e-05,-2.21331909887621518e-05,-2.21331883340498999e-05
9.56225000000000058e+00,9.56225000000000058e+00,3.23385060665101753e-01,-1.69094709326600423e-02,-1.69094648573872124e-02,-7.35817262000326395e-06,-7.35816997634242033e-06,-1.47163399526848407e-05,-2.20745125726881029e-05,-2.20745099290272593e-05
9.56949999999999967e+00,9.56949999999999967e+00,3.23262536712789483e-01,-1.68902582517098665e-02,-1.68902521925277972e-02,-7.33867976102193677e-06,-7.33867712835663621e-06,-1.46773542567132707e-05,-2.20160340177352066e-05,-2.20160313850699078e-05
9.57675000000000054e+00,9.57675000000000054e+00,3.23140151920451979e-01,-1.68710819259025868e-02,-1.68710758827604335e-02,-7.31925324532130593e-06,-7.31925062359923652e-06,-1.46385012471984713e-05,-2.19577544925197781e-05,-2.19577518707977079e-05
9.58399999999999963e+00,9.58399999999999963e+00,3.23017906024863910e-01,-1.68519418590022951e-02,-1.68519358318480750e-02,-7.29989279713632932e-06,-7.29989018630488608e-06,-1.45997803726097738e-05,-2.18996731697461032e-05,-2.18996705589146608e-05
9.59125000000000050e+00,9.59125000000000050e+00,3.22895798763496444e-01,-1.68328379551070384e-02,-1.68328319438809555e-02,-7.28059814205848217e-06,-7.28059554206188204e-06,-1.45611910841237624e-05,-2.18417892261822437e-05,-2.18417866261856436e-05
9.59849999999999959e+00,9.59849999999999959e+00,3.22773829874514862e-01,-1.68137701186275024e-02,-1.68137641232752461e-02,-7.26136900701947283e-06,-7.26136641780451707e-06,-1.45227328356090308e-05,-2.17841018426285044e-05,-2.17840992534135461e-05
9.60575000000000045e+00,9.60575000000000045e+00,3.22651999096776387e-01,-1.67947382542976698e-02,-1.67947322747716912e-02,-7.24220512028883551e-06,-7.24220254180544415e-06,-1.44844050836108883e-05,-2.17266102038997230e-05,-2.17266076254163333e-05
9.61300000000000132e+00,9.61300000000000132e+00,3.22530306169827530e-01,-1.67757422671925838e-02,-1.67757363034342806e-02,-7.22310621147461724e-06,-7.22310364366814056e-06,-1.44462072873362828e-05,-2.16693134988109009e-05,-2.16693109310044225e-05
9.62025000000000041e+00,9.62025000000000041e+00,3.22408750833902080e-01,-1.67567820626892683e-02,-1.67567761146488955e-02,-7.20407201149957113e-06,-7.20406945431937857e-06,-1.44081389086387571e-05,-2.16122109201383283e-05,-2.16122083629581357e-05
9.62750000000000128e+00,9.62750000000000128e+00,3.22287332829918505e-01,-1.67378575465022550e-02,-1.67378516141219666e-02,-7.18510225260956827e-06,-7.18509970600174449e-06,-1.43701994120034890e-05,-2.15553016646130581e-05,-2.15552991180052326e-05
9.63475000000000037e+00,9.63475000000000037e+00,3.22166051899477834e-01,-1.67189686246445035e-02,-1.67189627078791793e-02,-7.16619666834996212e-06,-7.16619413226625421e-06,-1.43323882645325033e-05,-2.14985849328824646e-05,-2.14985823967987592e-05
9.64200000000000124e+00,9.64200000000000124e+00,3.22044907784861112e-01,-1.67001152034735867e-02,-1.67001093022641073e-02,-7.14735499357859218e-06,-7.14735246796493401e-06,-1.42947049359298697e-05,-2.14420599295084611e-05,-2.14420574038948046e-05
9.64925000000000033e+00,9.64925000000000033e+00,3.21923900229027449e-01,-1.66812971896455053e-02,-1.66812913039369598e-02,-7.12857696443922523e-06,-7.12857444924356156e-06,-1.42571488984871231e-05,-2.13857258629263475e-05,-2.13857233477306847e-05
9.65650000000000119e+00,9.65650000000000119e+00,3.21803028975611249e-01,-1.66625144901324518e-02,-1.66625086198732043e-02,-7.10986231836243968e-06,-7.10985981353430851e-06,-1.42197196270686187e-05,-2.13295819454310584e-05,-2.13295794406029264e-05
9.66375000000000028e+00,9.66375000000000028e+00,3.21682293768920546e-01,-1.66437670122192571e-02,-1.66437611573623349e-02,-7.09121079405746605e-06,-7.09120829954858651e-06,-1.41824165990971747e-05,-2.12736273931546416e-05,-2.12736248986457595e-05
9.67100000000000115e+00,9.67100000000000115e+00,3.21561694353934058e-01,-1.66250546635176022e-02,-1.66250488240065157e-02,-7.07262213151157463e-06,-7.07261964726979658e-06,-1.41452392945395915e-05,-2.12178614260511678e-05,-2.12178589418093889e-05
9.67825000000000024e+00,9.67825000000000024e+00,3.21441230476299578e-01,-1.66063773519304902e-02,-1.66063715277193491e-02,-7.05409607196836256e-06,-7.05409359794624115e-06,-1.41081871958924806e-05,-2.11622832678608432e-05,-2.11622807938387201e-05
9.68550000000000111e+00,9.68550000000000111e+00,3.21320901882331034e-01,-1.65877349856984324e-02,-1.65877291767245368e-02,-7.03563235794084649e-06,-7.03562989408398188e-06,-1.40712597881679621e-05,-2.11068921461088103e-05,-2.11068896822519431e-05
9.69275000000000020e+00,9.69275000000000020e+00,3.21200708319006989e-01,-1.65691274733319460e-02,-1.65691216795546652e-02,-7.01723073317629034e-06,-7.01722827943984230e-06,-1.40344565588796880e-05,-2.10516872920559792e-05,-2.10516848383195294e-05
9.70000000000000107e+00,9.70000000000000107e+00,3.21080649533967755e-01,-1.65505547236826089e-02,-1.65505489450498838e-02,-6.99889094267989343e-06,-6.99888849901435374e-06,-1.39977769980287058e-05,-2.09966679407085992e-05,-2.09966654970430595e-05
9.70725000000000016e+00,9.70725000000000016e+00,3.20960725275513614e-01,-1.65320166458968743e-02,-1.65320108823566736e-02,-6.98061273268877050e-06,-6.98061029904483166e-06,-1.39612205980896633e-05,-2.09418333307784347e-05,-2.09418308971344941e-05
9.71450000000000102e+00,9.71450000000000102e+00,3.20840935292602214e-01,-1.65135131494267284e-02,-1.65135074009265630e-02,-6.96239585067008143e-06,-6.96239342699842834e-06,-1.39247868539968550e-05,-2.08871827046669356e-05,-2.08871802809952833e-05
9.72175000000000011e+00,9.72175000000000011e+00,3.20721279334846898e-01,-1.64950441440261386e-02,-1.64950384105149207e-02,-6.94424004531320127e-06,-6.94423763156529896e-06,-1.38884752631305979e-05,-2.08327153084437975e-05,-2.08327128946958986e-05
9.72900000000000098e+00,9.72900000000000098e+00,3.20601757152513822e-01,-1.64766095397510526e-02,-1.64766038211796584e-02,-6.92614506652340903e-06,-6.92614266265172962e-06,-1.38522853253034575e-05,-2.07784303918268666e-05,-2.07784279879551855e-05
9.73625000000000007e+00,9.73625000000000007e+00,3.20482368496520509e-01,-1.64582092469558461e-02,-1.64582035432800367e-02,-6.90811066541414662e-06,-6.90810827137339162e-06,-1.38162165427467849e-05,-2.07243272081609299e-05,-2.07243248141201774e-05
9.74350000000000094e+00,9.74350000000000094e+00,3.20363113118432907e-01,-1.64398431763146391e-02,-1.64398374874753887e-02,-6.89013659430971831e-06,-6.89013421004856263e-06,-1.37802684200971236e-05,-2.06704050144068427e-05,-2.06704026301456854e-05
9.75075000000000003e+00,9.75075000000000003e+00,3.20243990770463949e-01,-1.64215112387715578e-02,-1.64215055647239407e-02,-6.87222260671824676e-06,-6.87222023219146052e-06,-1.37444404643829210e-05,-2.06166630711011661e-05,-2.06166606965743824e-05
9.75800000000000090e+00,9.75800000000000090e+00,3.20125001205470716e-01,-1.64032133455904727e-02,-1.64032076862815485e-02,-6.85436845734637824e-06,-6.85436609250555267e-06,-1.37087321850111053e-05,-2.05631006423574844e-05,-2.05630982775166580e-05
9.76524999999999999e+00,9.76524999999999999e+00,3.20006144176952889e-01,-1.63849494083194713e-02,-1.63849437637005151e-02,-6.83657390207830342e-06,-6.83657154687697283e-06,-1.36731430937539474e-05,-2.05097169958322499e-05,-2.05097146406309193e-05
9.77250000000000085e+00,9.77250000000000085e+00,3.19887419439050080e-01,-1.63667193388050691e-02,-1.63667137088283482e-02,-6.81883869797562856e-06,-6.81883635236791425e-06,-1.36376727047358268e-05,-2.04565114027114537e-05,-2.04565090571037402e-05
9.77974999999999994e+00,9.77974999999999994e+00,3.19768826746540225e-01,-1.63485230491851041e-02,-1.63485174338066017e-02,-6.80116260326838680e-06,-6.80116026721012872e-06,-1.36023205344202591e-05,-2.04034831376886468e-05,-2.04034808016303896e-05
9.78700000000000081e+00,9.78700000000000081e+00,3.19650365854836915e-01,-1.63303604519065004e-02,-1.63303548510696263e-02,-6.78354537735642310e-06,-6.78354305079840270e-06,-1.35670861015968071e-05,-2.03506314789532310e-05,-2.03506291523952106e-05
9.79424999999999990e+00,9.79424999999999990e+00,3.19532036519987628e-01,-1.63122314596790829e-02,-1.63122258733434215e-02,-6.76598678078424325e-06,-6.76598446368413768e-06,-1.35319689273682770e-05,-2.02979557081525220e-05,-2.02979533910524139e-05
9.80150000000000077e+00,9.80150000000000077e+00,3.19413838498671554e-01,-1.62941359855288681e-02,-1.62941304136444177e-02,-6.74848657525723963e-06,-6.74848426756891270e-06,-1.34969685351378271e-05,-2.02454551103950659e-05,-2.02454528027067406e-05
9.80874999999999986e+00,9.80874999999999986e+00,3.19295771548197438e-01,-1.62760739427625367e-02,-1.62760683852783208e-02,-6.73104452362105075e-06,-6.73104222529813673e-06,-1.34620844505962735e-05,-2.01931289742173242e-05,-2.01931266758944119e-05
9.81600000000000072e+00,9.81600000000000072e+00,3.19177835426501466e-01,-1.62580452449709867e-02,-1.62580397018389083e-02,-6.71366038985719732e-06,-6.71365810085469334e-06,-1.34273162017093867e-05,-2.01409765915665840e-05,-2.01409743025640800e-05
9.82324999999999982e+00,9.82324999999999982e+00,3.19060029892145325e-01,-1.62400498060328857e-02,-1.62400442772068984e-02,-6.69633393907876234e-06,-6.69633165935268114e-06,-1.33926633187053640e-05,-2.00889972577841255e-05,-2.00889949780580451e-05
9.83050000000000068e+00,9.83050000000000068e+00,3.18942354704313979e-01,-1.62220875401182241e-02,-1.62220820255487494e-02,-6.67906493752607131e-06,-6.67906266703113473e-06,-1.33581253340622661e-05,-2.00371902715883391e-05,-2.00371880010934000e-05
9.83774999999999977e+00,9.83774999999999977e+00,3.18824809622813621e-01,-1.62041583616705509e-02,-1.62041528613155253e-02,-6.66185315255363937e-06,-6.66185089124782782e-06,-1.33237017824956573e-05,-1.99855549350492976e-05,-1.99855526737434869e-05
9.84500000000000064e+00,9.84500000000000064e+00,3.18707394408069722e-01,-1.61862621854353961e-02,-1.61862566992417335e-02,-6.64469835263616922e-06,-6.64469610047309578e-06,-1.32893922009461899e-05,-1.99340905535823591e-05,-1.99340883014192865e-05
9.85224999999999973e+00,9.85224999999999973e+00,3.18590108821124818e-01,-1.61683989264247430e-02,-1.61683934543441765e-02,-6.62760030734827732e-06,-6.62759806428370399e-06,-1.32551961285674080e-05,-1.98827964359156853e-05,-1.98827941928511120e-05
9.85950000000000060e+00,9.85950000000000060e+00,3.18472952623636563e-01,-1.61505684999276866e-02,-1.61505630419208138e-02,-6.61055878736325555e-06,-6.61055655335673821e-06,-1.32211131067134781e-05,-1.98316718940767328e-05,-1.98316696600702146e-05
9.86674999999999969e+00,9.86674999999999969e+00,3.18355925577875842e-01,-1.61327708215317500e-02,-1.61327653775496412e-02,-6.59357356445622729e-06,-6.59357133946357623e-06,-1.31871426789271525e-05,-1.97807162433833797e-05,-1.97807140183907287e-05
9.87400000000000055e+00,9.87400000000000055e+00,3.18239027446724332e-01,-1.61150058070909097e-02,-1.61150003770875183e-02,-6.57664441148545672e-06,-6.57664219546382563e-06,-1.31532843909276513e-05,-1.97299288024131071e-05,-1.97299265863914769e-05
9.88124999999999964e+00,9.88124999999999964e+00,3.18122257993672997e-01,-1.60972733727398065e-02,-1.60972679566690965e-02,-6.55977110239268178e-06,-6.55976889529938612e-06,-1.31195377905987705e-05,-1.96793088929914523e-05,-1.96793066858981558e-05
9.88850000000000051e+00,9.88850000000000051e+00,3.18005616982819594e-01,-1.60795734348972985e-02,-1.60795680327056462e-02,-6.54295341219902888e-06,-6.54295121398845762e-06,-1.30859024279769152e-05,-1.96288558401759458e-05,-1.96288536419653720e-05
9.89574999999999960e+00,9.89574999999999960e+00,3.17889104178867010e-01,-1.60619059102344863e-02,-1.60619005218839914e-02,-6.52619111698657553e-06,-6.52618892761967622e-06,-1.30523778552393508e-05,-1.95785689722259263e-05,-1.95785667828590270e-05
9.90300000000000047e+00,9.90300000000000047e+00,3.17772719347121202e-01,-1.60442707157208986e-02,-1.60442653411653618e-02,-6.50948399391170556e-06,-6.50948181334620279e-06,-1.30189636266924073e-05,-1.95284476206041128e-05,-1.95284454400386109e-05
9.91025000000000134e+00,9.91025000000000134e+00,3.17656462253489036e-01,-1.60266677685925174e-02,-1.60266624077843138e-02,-6.49283182118672167e-06,-6.49282964937991820e-06,-1.29856592987598381e-05,-1.94784911199465589e-05,-1.94784889481397571e-05
9.91750000000000043e+00,9.91750000000000043e+00,3.17540332664476621e-01,-1.60090969863446730e-02,-1.60090916392476232e-02,-6.47623437807162332e-06,-6.47623221498561273e-06,-1.29524644299712238e-05,-1.94286988080428488e-05,-1.94286966449568373e-05
9.92475000000000129e+00,9.92475000000000129e+00,3.17424330347186978e-01,-1.59915582867746764e-02,-1.59915529533331789e-02,-6.45969144488603633e-06,-6.45968929047520334e-06,-1.29193785809504067e-05,-1.93790700258364430e-05,-1.93790678714256109e-05
9.93200000000000038e+00,9.93200000000000038e+00,3.17308455069318374e-01,-1.59740515879178702e-02,-1.59740462680889213e-02,-6.44320280297806406e-06,-6.44320065720204673e-06,-1.28864013144040952e-05,-1.93296041173821609e-05,-1.93296019716061419e-05
9.93925000000000125e+00,9.93925000000000125e+00,3.17192706599162155e-01,-1.59565768080938142e-02,-1.59565715018317351e-02,-6.42676823473769772e-06,-6.42676609755520656e-06,-1.28535321951104131e-05,-1.92803004298481117e-05,-1.92802982926656180e-05
9.94650000000000034e+00,9.94650000000000034e+00,3.17077084705601031e-01,-1.59391338658814163e-02,-1.59391285731463848e-02,-6.41038752358157475e-06,-6.41038539495382752e-06,-1.28207707899076550e-05,-1.92311583134892298e-05,-1.92311561848614843e-05
9.95375000000000121e+00,9.95375000000000121e+00,3.16961589158106904e-01,-1.59217226801366962e-02,-1.59217174008844352e-02,-6.39406045395492199e-06,-6.39405833384148981e-06,-1.27881166676829779e-05,-1.91821771216378999e-05,-1.91821750015244686e-05
9.96100000000000030e+00,9.96100000000000030e+00,3.16846219726739042e-01,-1.59043431699821269e-02,-1.59043379041631898e-02,-6.37778681132211039e-06,-6.37778469968064246e-06,-1.27555693993612832e-05,-1.91333562106833945e-05,-1.91333540990419257e-05
9.96825000000000117e+00,9.96825000000000117e+00,3.16730976182142132e-01,-1.58869952547924242e-02,-1.58869900023646121e-02,-6.36156638215582487e-06,-6.36156427894702732e-06,-1.27231285578940563e-05,-1.90846949400498812e-05,-1.90846928368410828e-05
9.97550000000000026e+00,9.97550000000000026e+00,3.16615858295544561e-01,-1.58696788542087575e-02,-1.58696736151343054e-02,-6.34539895393769699e-06,-6.34539685912419450e-06,-1.26907937182483907e-05,-1.90361926721860860e-05,-1.90361905773725869e-05
9.98275000000000112e+00,9.98275000000000112e+00,3.16500865838756085e-01,-1.58523938881565130e-02,-1.58523886623804094e-02,-6.32928431516030911e-06,-6.32928222869797719e-06,-1.26585644573959544e-05,-1.89878487725562635e-05,-1.89878466860939299e-05
9.99000000000000021e+00,9.99000000000000021e+00,3.16385998584166328e-01,-1.58351402767848981e-02,-1.58351350642725874e-02,-6.31322225529804200e-06,-6.31322017715107573e-06,-1.26264403543021515e-05,-1.89396626096001935e-05,-1.89396605314532264e-05
9.99725000000000108e+00,9.99725000000000108e+00,3.16271256304742676e-01,-1.58179179405344428e-02,-1.58179127412409748e-02,-6.29721256482902828e-06,-6.29721049495761541e-06,-1.25944209899152308e-05,-1.88916335547442600e-05,-1.88916314848728454e-05
1.00045000000000002e+01,1.00045000000000002e+01,3.16156638774028609e-01,-1.58007268000908141e-02,-1.58007216139751418e-02,-6.28125503521176157e-06,-6.28125297357778816e-06,-1.25625059471555780e-05,-1.88437609823673396e-05,-1.88437589207333679e-05
1.00117500000000010e+01,1.00117500000000010e+01,3.16042145766141369e-01,-1.57835667764061327e-02,-1.57835616034230457e-02,-6.26534945888863372e-06,-6.26534740545247132e-06,-1.25306948109049426e-05,-1.87960442697935747e-05,-1.87960422163574148e-05
1.00190000000000001e+01,1.00190000000000001e+01,3.15927777055770687e-01,-1.57664377906918673e-02,-1.57664326307900317e-02,-6.24949562927820053e-06,-6.24949358399794220e-06,-1.24989871679958861e-05,-1.87484827972740875e-05,-1.87484807519938283e-05
1.00262500000000010e+01,1.00262500000000010e+01,3.15813532418176390e-01,-1.57493397643868605e-02,-1.57493346175377816e-02,-6.23369334075763297e-06,-6.23369130360056460e-06,-1.24673826072011292e-05,-1.87010759479587605e-05,-1.87010739108016930e-05
1.00335000000000001e+01,1.00335000000000001e+01,3.15699411629187077e-01,-1.57322726192248297e-02,-1.57322674853833180e-02,-6.21794238868463410e-06,-6.21794035961156094e-06,-1.24358807192231219e-05,-1.86538231079077560e-05,-1.86538210788346828e-05
1.00407500000000010e+01,1.00407500000000010e+01,3.15585414465197611e-01,-1.57152362771775245e-02,-1.57152311562979638e-02,-6.20224256937006217e-06,-6.20224054834176574e-06,-1.24044810966835332e-05,-1.86067236660535962e-05,-1.86067216450252997e-05
1.00480000000000000e+01,1.00480000000000000e+01,3.15471540703168019e-01,-1.56982306604653843e-02,-1.56982255525063702e-02,-6.18659368007740455e-06,-6.18659166705646971e-06,-1.23731833341129411e-05,-1.85597770141903448e-05,-1.85597750011694100e-05
1.00552500000000009e+01,1.00552500000000009e+01,3.15357790120620873e-01,-1.56812556915717494e-02,-1.56812505964854590e-02,-6.17099551902360112e-06,-6.17099351397022495e-06,-1.23419870279404533e-05,-1.85129825469640527e-05,-1.85129805419106791e-05
1.00625000000000000e+01,1.00625000000000000e+01,3.15244162495640246e-01,-1.56643112932108863e-02,-1.56643062109634891e-02,-6.15544788536173678e-06,-6.15544588824176013e-06,-1.23108917764835236e-05,-1.84663396618452596e-05,-1.84663376647252846e-05
1.00697500000000009e+01,1.00697500000000009e+01,3.15130657606869313e-01,-1.56473973883670681e-02,-1.56473923189190053e-02,-6.13995057919170988e-06,-6.13994858996885009e-06,-1.22798971799377002e-05,-1.84198477591294109e-05,-1.84198457699065511e-05
1.00770000000000000e+01,1.00770000000000000e+01,3.15017275233508920e-01,-1.56305139002697047e-02,-1.56305088435798809e-02,-6.12450340154577756e-06,-6.12450142018328188e-06,-1.22490028403665638e-05,-1.83735062419123413e-05,-1.83735042605498456e-05
1.00842500000000008e+01,1.00842500000000008e+01,3.14904015155315353e-01,-1.56136607524075544e-02,-1.56136557084223093e-02,-6.10910615438946720e-06,-6.10910418084579967e-06,-1.22182083616915977e-05,-1.83273145160810657e-05,-1.83273125425373990e-05
1.00914999999999999e+01,1.00914999999999999e+01,3.14790877152599013e-01,-1.55968378684825382e-02,-1.55968328371698470e-02,-6.09375864059889454e-06,-6.09375667484112760e-06,-1.21875133496822535e-05,-1.82812719902811481e-05,-1.82812700245233811e-05
1.00987500000000008e+01,1.00987500000000008e+01,3.14677861006222359e-01,-1.55800451724701361e-02,-1.55800401537924162e-02,-6.07846066397982023e-06,-6.07845870597297397e-06,-1.21569174119459496e-05,-1.82353780759257682e-05,-1.82353761179189253e-05
1.01059999999999999e+01,1.01059999999999999e+01,3.14564966497598186e-01,-1.55632825885945181e-02,-1.55632775825053533e-02,-6.06321202925333754e-06,-6.06321007895912014e-06,-1.21264201579182420e-05,-1.81896321871715812e-05,-1.81896302368773629e-05
1.01132500000000007e+01,1.01132500000000007e+01,3.14452193408687741e-01,-1.55465500413107804e-02,-1.55465450477684092e-02,-6.04801254204440689e-06,-6.04801059942647470e-06,-1.20960211988529477e-05,-1.81440337408973554e-05,-1.81440317982794241e-05
1.01204999999999998e+01,1.01204999999999998e+01,3.14339541521999166e-01,-1.55298474553156041e-02,-1.55298424742848270e-02,-6.03286200888153653e-06,-6.03286007390623016e-06,-1.20657201478124603e-05,-1.80985821566939977e-05,-1.80985802217186888e-05
1.01277500000000007e+01,1.01277500000000007e+01,3.14227010620585667e-01,-1.55131747555614652e-02,-1.55131697870003523e-02,-6.01776023719781510e-06,-6.01775830982898402e-06,-1.20355166196579680e-05,-1.80532768568557848e-05,-1.80532749294869504e-05
1.01349999999999998e+01,1.01349999999999998e+01,3.14114600488043516e-01,-1.54965318672388719e-02,-1.54965269111022944e-02,-6.00270703531954862e-06,-6.00270511551993440e-06,-1.20054102310398688e-05,-1.80081172663594183e-05,-1.80081153465598024e-05
1.01422500000000007e+01,1.01422500000000007e+01,3.14002310908510718e-01,-1.54799187157621532e-02,-1.54799137720185703e-02,-5.98770221245634011e-06,-5.98770030019407738e-06,-1.19754006003881531e-05,-1.79631028128444915e-05,-1.79631009005822321e-05
1.01494999999999997e+01,1.01494999999999997e+01,3.13890141666664957e-01,-1.54633352268120916e-02,-1.54633302954167683e-02,-5.97274557871321568e-06,-5.97274367395145595e-06,-1.19454873479029119e-05,-1.79182329266161259e-05,-1.79182310218543670e-05
1.01567500000000006e+01,1.01567500000000006e+01,3.13778092547721932e-01,-1.54467813262932907e-02,-1.54467764072031850e-02,-5.95783694506972820e-06,-5.95783504777241075e-06,-1.19156700955448215e-05,-1.78735070406145488e-05,-1.78735051433172339e-05
1.01639999999999997e+01,1.01639999999999997e+01,3.13666163337433745e-01,-1.54302569403377277e-02,-1.54302520335219285e-02,-5.94297612337702579e-06,-5.94297423351289425e-06,-1.18859484670257868e-05,-1.78289245904028117e-05,-1.78289227005386819e-05
1.01712500000000006e+01,1.01712500000000006e+01,3.13554353822087017e-01,-1.54137619953438332e-02,-1.54137571007539383e-02,-5.92816292636858875e-06,-5.92816104389976888e-06,-1.18563220877995378e-05,-1.77844850141681282e-05,-1.77844831316993075e-05
1.01784999999999997e+01,1.01784999999999997e+01,3.13442663788501275e-01,-1.53972964179089900e-02,-1.53972915355161024e-02,-5.91339716762994136e-06,-5.91339529252618986e-06,-1.18267905850523797e-05,-1.77401877526823211e-05,-1.77401858775785704e-05
1.01857500000000005e+01,1.01857500000000005e+01,3.13331093024027285e-01,-1.53808601349041396e-02,-1.53808552646602977e-02,-5.89867866162308289e-06,-5.89867679384695242e-06,-1.17973535876939048e-05,-1.76960322493169877e-05,-1.76960303815408581e-05
1.01929999999999996e+01,1.01929999999999996e+01,3.13219641316545172e-01,-1.53644530734062812e-02,-1.53644482152725005e-02,-5.88400722365631115e-06,-5.88400536317392804e-06,-1.17680107263478561e-05,-1.76520179500041672e-05,-1.76520160895217841e-05
1.02002500000000005e+01,1.02002500000000005e+01,3.13108308454462914e-01,-1.53480751607268928e-02,-1.53480703146718408e-02,-5.86938266989093022e-06,-5.86938081667147092e-06,-1.17387616333429435e-05,-1.76081443032338737e-05,-1.76081424500144153e-05
1.02075000000000014e+01,1.02075000000000014e+01,3.12997094226714623e-01,-1.53317263244261426e-02,-1.53317214904097280e-02,-5.85480481734250904e-06,-5.85480297135191436e-06,-1.17096059427038270e-05,-1.75644107600463344e-05,-1.75644089140557431e-05
1.02147500000000004e+01,1.02147500000000004e+01,3.12885998422758715e-01,-1.53154064922880195e-02,-1.53154016702689109e-02,-5.84027348386717228e-06,-5.84027164507103236e-06,-1.16805432901420630e-05,-1.75208167740092345e-05,-1.75208149352130971e-05
1.02220000000000013e+01,1.02220000000000013e+01,3.12775020832576411e-01,-1.52991155923203337e-02,-1.52991107822625892e-02,-5.82578848815748200e-06,-5.82578665652356384e-06,-1.16515733130471260e-05,-1.74773618012046088e-05,-1.74773599695706907e-05
1.02292500000000004e+01,1.02292500000000004e+01,3.12664161246670069e-01,-1.52828535527760323e-02,-1.52828487546335292e-02,-5.81134964974645769e-06,-5.81134782523877341e-06,-1.16226956504775485e-05,-1.74340453002240070e-05,-1.74340434757163228e-05
1.02365000000000013e+01,1.02365000000000013e+01,3.12553419456061188e-01,-1.52666203021141200e-02,-1.52666155158531301e-02,-5.79695678898859512e-06,-5.79695497157599253e-06,-1.15939099431519868e-05,-1.73908667321405819e-05,-1.73908649147279810e-05
1.02437500000000004e+01,1.02437500000000004e+01,3.12442795252289407e-01,-1.52504157690316333e-02,-1.52504109946205932e-02,-5.78260972706799614e-06,-5.78260791672025651e-06,-1.15652158334405113e-05,-1.73478255605085066e-05,-1.73478237501607670e-05
1.02510000000000012e+01,1.02510000000000012e+01,3.12332288427410232e-01,-1.52342398824636405e-02,-1.52342351198619750e-02,-5.76830828599428432e-06,-5.76830648267788291e-06,-1.15366129653557624e-05,-1.73049212513500459e-05,-1.73049194480336454e-05
1.02582500000000003e+01,1.02582500000000003e+01,3.12221898773993700e-01,-1.52180925715583726e-02,-1.52180878207293490e-02,-5.75405228858917773e-06,-5.75405049227216363e-06,-1.15081009845443256e-05,-1.72621532731335024e-05,-1.72621514768164875e-05
1.02655000000000012e+01,1.02655000000000012e+01,3.12111626085122607e-01,-1.52019737656985399e-02,-1.52019690265999003e-02,-5.73984155849055898e-06,-5.73983976913900936e-06,-1.14796795382780170e-05,-1.72195210967685752e-05,-1.72195193074170272e-05
1.02727500000000003e+01,1.02727500000000003e+01,3.12001470154391058e-01,-1.51858833944800153e-02,-1.51858786670750791e-02,-5.72567592014046261e-06,-5.72567413772267980e-06,-1.14513482754453613e-05,-1.71770241955858239e-05,-1.71770224131680402e-05
1.02800000000000011e+01,1.02800000000000011e+01,3.11891430775902645e-01,-1.51698213877260457e-02,-1.51698166719796985e-02,-5.71155519878649549e-06,-5.71155342327148571e-06,-1.14231068465429731e-05,-1.71346620453294694e-05,-1.71346602698144588e-05
1.02872500000000002e+01,1.02872500000000002e+01,3.11781507744269049e-01,-1.51537876754801459e-02,-1.51537829713611037e-02,-5.69747922047524698e-06,-5.69747745183356653e-06,-1.13949549036671347e-05,-1.70924341241423809e-05,-1.70924323555007004e-05
1.02945000000000011e+01,1.02945000000000011e+01,3.11671700854608158e-01,-1.51377821880274155e-02,-1.51377774954882770e-02,-5.68344781205638686e-06,-5.68344605025264499e-06,-1.13668921005052917e-05,-1.70503399125616777e-05,-1.70503381507579384e-05
1.03017500000000002e+01,1.03017500000000002e+01,3.11562009902542680e-01,-1.51218048558376950e-02,-1.51218001748510047e-02,-5.66946080115744489e-06,-5.66945904616385723e-06,-1.13389180923277162e-05,-1.70083788934851602e-05,-1.70083771384915725e-05
1.03090000000000011e+01,1.03090000000000011e+01,3.11452434684198476e-01,-1.51058556096401730e-02,-1.51058509401590085e-02,-5.65551801620796482e-06,-5.65551626798955654e-06,-1.13110325359791148e-05,-1.69665505521870779e-05,-1.69665488039686730e-05
1.03162500000000001e+01,1.03162500000000001e+01,3.11342974996202948e-01,-1.50899343803416741e-02,-1.50899297223411090e-02,-5.64161928640504966e-06,-5.64161754493519512e-06,-1.12832350898703885e-05,-1.69248543762754391e-05,-1.69248526348055828e-05
1.03235000000000010e+01,1.03235000000000010e+01,3.11233630635683489e-01,-1.50740410991119234e-02,-1.50740364525443621e-02,-5.62776444174146787e-06,-5.62776270698517276e-06,-1.12555254139703438e-05,-1.68832898557118108e-05,-1.68832881209555174e-05
1.03307500000000001e+01,1.03307500000000001e+01,3.11124401400265871e-01,-1.50581756972911762e-02,-1.50581710621332365e-02,-5.61395331296734805e-06,-5.61395158489876938e-06,-1.12279031697975388e-05,-1.68418564827648885e-05,-1.68418547546963064e-05
1.03380000000000010e+01,1.03380000000000010e+01,3.11015287088072689e-01,-1.50423381064825890e-02,-1.50423334826887533e-02,-5.60018573162090584e-06,-5.60018401020605134e-06,-1.12003680204121010e-05,-1.68005537520330060e-05,-1.68005520306181523e-05
1.03452500000000001e+01,1.03452500000000001e+01,3.10906287497721923e-01,-1.50265282584669535e-02,-1.50265236460076813e-02,-5.58646152999290081e-06,-5.58645981520383957e-06,-1.11729196304076808e-05,-1.67593811604005816e-05,-1.67593794456115212e-05
1.03525000000000009e+01,1.03525000000000009e+01,3.10797402428324931e-01,-1.50107460852701990e-02,-1.50107414841016609e-02,-5.57278054114807307e-06,-5.57277883295166831e-06,-1.11455576659033349e-05,-1.67183382070514063e-05,-1.67183364988550032e-05
1.03597500000000000e+01,1.03597500000000000e+01,3.10688631679485516e-01,-1.49949915190994432e-02,-1.49949869291964334e-02,-5.55914259889766900e-06,-5.55914089726780670e-06,-1.11182817945356151e-05,-1.66774243934332849e-05,-1.66774226918034235e-05
1.03670000000000009e+01,1.03670000000000009e+01,3.10579975051297974e-01,-1.49792644924104934e-02,-1.49792599137309711e-02,-5.54554753782083555e-06,-5.54554584272526153e-06,-1.10910916854505231e-05,-1.66366392232713586e-05,-1.66366375281757838e-05
1.03742500000000000e+01,1.03742500000000000e+01,3.10471432344345544e-01,-1.49635649378545565e-02,-1.49635603703566784e-02,-5.53199519324119556e-06,-5.53199350464784201e-06,-1.10639870092956840e-05,-1.65959822025368796e-05,-1.65959805139435260e-05
1.03815000000000008e+01,1.03815000000000008e+01,3.10363003359699130e-01,-1.49478927882746859e-02,-1.49478882319365753e-02,-5.51848540122193244e-06,-5.51848371910621846e-06,-1.10369674382124352e-05,-1.65554528394343668e-05,-1.65554511573186537e-05
1.03887499999999999e+01,1.03887499999999999e+01,3.10254687898915582e-01,-1.49322479767626248e-02,-1.49322434315444872e-02,-5.50501799858320260e-06,-5.50501632291402768e-06,-1.10100326458280571e-05,-1.65150506444112588e-05,-1.65150489687420864e-05
1.03960000000000008e+01,1.03960000000000008e+01,3.10146485764036084e-01,-1.49166304365948577e-02,-1.49166259024642207e-02,-5.49159282287490761e-06,-5.49159115362397493e-06,-1.09831823072479516e-05,-1.64747751301228600e-05,-1.64747734608719273e-05
1.04032499999999999e+01,1.04032499999999999e+01,3.10038396757584933e-01,-1.49010401012716898e-02,-1.49010355781887833e-02,-5.47820971238756500e-06,-5.47820804952399766e-06,-1.09564160990479953e-05,-1.64346258114355595e-05,-1.64346241485719938e-05
1.04105000000000008e+01,1.04105000000000008e+01,3.09930420682567653e-01,-1.48854769044888258e-02,-1.48854723924195589e-02,-5.46486850613828477e-06,-5.46486684963339800e-06,-1.09297336992667977e-05,-1.63946022054050825e-05,-1.63946005489001965e-05
1.04177499999999998e+01,1.04177499999999998e+01,3.09822557342469884e-01,-1.48699407801515804e-02,-1.48699362790655314e-02,-5.45156904387250415e-06,-5.45156739369906160e-06,-1.09031347873981232e-05,-1.63547038312706290e-05,-1.63547021810971857e-05
1.04250000000000007e+01,1.04250000000000007e+01,3.09714806541255439e-01,-1.48544316623819839e-02,-1.48544271722424667e-02,-5.43831116606306938e-06,-5.43830952219163497e-06,-1.08766190443832699e-05,-1.63149302104463393e-05,-1.63149285665749058e-05
1.04322499999999998e+01,1.04322499999999998e+01,3.09607168083365303e-01,-1.48389494855010184e-02,-1.48389450062721522e-02,-5.42509471390024921e-06,-5.42509307630178834e-06,-1.08501861526035750e-05,-1.62752808665038242e-05,-1.62752792289053642e-05
1.04395000000000007e+01,1.04395000000000007e+01,3.09499641773715695e-01,-1.48234941840321710e-02,-1.48234897156815787e-02,-5.41191952928957581e-06,-5.41191789793643286e-06,-1.08238357958728640e-05,-1.62357553251624381e-05,-1.62357536938092977e-05
1.04467499999999998e+01,1.04467499999999998e+01,3.09392227417696841e-01,-1.48080656927120913e-02,-1.48080612352021850e-02,-5.39878545485231234e-06,-5.39878382971502920e-06,-1.07975676594300584e-05,-1.61963531142823707e-05,-1.61963514891450867e-05
1.04540000000000006e+01,1.04540000000000006e+01,3.09284924821171370e-01,-1.47926639464657228e-02,-1.47926594997690522e-02,-5.38569233391294650e-06,-5.38569071496586144e-06,-1.07713814299317229e-05,-1.61570737638446702e-05,-1.61570721448975843e-05
1.04612499999999997e+01,1.04612499999999997e+01,3.09177733790473086e-01,-1.47772888804382774e-02,-1.47772844445201619e-02,-5.37264001050746178e-06,-5.37263839772237371e-06,-1.07452767954447491e-05,-1.61179168059522092e-05,-1.61179151931671220e-05
1.04685000000000006e+01,1.04685000000000006e+01,3.09070654132405032e-01,-1.47619404299739188e-02,-1.47619360047955787e-02,-5.35962832937217109e-06,-5.35962672271948805e-06,-1.07192534454389761e-05,-1.60788817748111480e-05,-1.60788801681584642e-05
1.04757499999999997e+01,1.04757499999999997e+01,3.08963685654238485e-01,-1.47466185306015518e-02,-1.47466141161367199e-02,-5.34665713593521842e-06,-5.34665553538999191e-06,-1.06933110707799838e-05,-1.60399682067152006e-05,-1.60399666061699766e-05
1.04830000000000005e+01,1.04830000000000005e+01,3.08856828163711294e-01,-1.47313231180774551e-02,-1.47313187142855701e-02,-5.33372627632871092e-06,-5.33372468186090176e-06,-1.06674493637218035e-05,-1.60011756400505161e-05,-1.60011740455827061e-05
1.04902499999999996e+01,1.04902499999999996e+01,3.08750081469026383e-01,-1.47160541283319901e-02,-1.47160497351839278e-02,-5.32083559736606922e-06,-5.32083400894988187e-06,-1.06416680178997621e-05,-1.59625036152658304e-05,-1.59625020268496439e-05
1.04975000000000005e+01,1.04975000000000005e+01,3.08643445378850467e-01,-1.47008114975051285e-02,-1.47008071149726336e-02,-5.30798494655161334e-06,-5.30798336416165374e-06,-1.06159667283233075e-05,-1.59239516748749217e-05,-1.59239500924849612e-05
1.05047500000000014e+01,1.05047500000000014e+01,3.08536919702312507e-01,-1.46855951619500047e-02,-1.46855907899908367e-02,-5.29517417207854329e-06,-5.29517259568446397e-06,-1.05903451913689262e-05,-1.58855193634474695e-05,-1.58855177870533911e-05
1.05120000000000005e+01,1.05120000000000005e+01,3.08430504249002202e-01,-1.46704050581902834e-02,-1.46704006967752175e-02,-5.28240312281028667e-06,-5.28240155238653347e-06,-1.05648031047730703e-05,-1.58472062275833562e-05,-1.58472046571596030e-05
1.05192500000000013e+01,1.05192500000000013e+01,3.08324198828968721e-01,-1.46552411229627921e-02,-1.46552367720592571e-02,-5.26967164829264585e-06,-5.26967008381255249e-06,-1.05393401676251050e-05,-1.58090118159177517e-05,-1.58090102514376558e-05
1.05265000000000004e+01,1.05265000000000004e+01,3.08218003252719253e-01,-1.46401032931997577e-02,-1.46400989527724901e-02,-5.25697959874417067e-06,-5.25697804018019502e-06,-1.05139560803603917e-05,-1.57709356791045633e-05,-1.57709341205405859e-05
1.05337500000000013e+01,1.05337500000000013e+01,3.08111917331217344e-01,-1.46249915060217006e-02,-1.46249871760397443e-02,-5.24432682505038928e-06,-5.24432527237663077e-06,-1.04886505447532615e-05,-1.57329773698036517e-05,-1.57329758171298906e-05
1.05410000000000004e+01,1.05410000000000004e+01,3.08005940875881956e-01,-1.46099056987409881e-02,-1.46099013791804351e-02,-5.23171317876192602e-06,-5.23171163195509887e-06,-1.04634232639101977e-05,-1.56951364426721238e-05,-1.56951348958652958e-05
1.05482500000000012e+01,1.05482500000000012e+01,3.07900073698585575e-01,-1.45948458088902555e-02,-1.45948414997077967e-02,-5.21913851210149369e-06,-5.21913697113145369e-06,-1.04382739422629074e-05,-1.56574124543644002e-05,-1.56574109133943611e-05
1.05555000000000003e+01,1.05555000000000003e+01,3.07794315611653102e-01,-1.45798117741620104e-02,-1.45798074753281746e-02,-5.20660267793912376e-06,-5.20660114278077502e-06,-1.04132022855615500e-05,-1.56198049635006755e-05,-1.56198034283423259e-05
1.05627500000000012e+01,1.05627500000000012e+01,3.07688666427860247e-01,-1.45648035324548175e-02,-1.45647992439402723e-02,-5.19410552980556984e-06,-5.19410400043395368e-06,-1.03882080008679074e-05,-1.55823135306734772e-05,-1.55823120013018602e-05
1.05700000000000003e+01,1.05700000000000003e+01,3.07583125960432524e-01,-1.45498210218590884e-02,-1.45498167436344614e-02,-5.18164692188412275e-06,-5.18164539827435165e-06,-1.03632907965487033e-05,-1.55449377184328261e-05,-1.55449361948230558e-05
1.05772500000000012e+01,1.05772500000000012e+01,3.07477694023043258e-01,-1.45348641806677392e-02,-1.45348599126920146e-02,-5.16922670901128481e-06,-5.16922519113441735e-06,-1.03384503822688347e-05,-1.55076770912801204e-05,-1.55076755734032521e-05
1.05845000000000002e+01,1.05845000000000002e+01,3.07372370429812858e-01,-1.45199329473264527e-02,-1.45199286895844326e-02,-5.15684474665601750e-06,-5.15684323449238389e-06,-1.03136864689847695e-05,-1.54705312156407870e-05,-1.54705297034771525e-05
1.05917500000000011e+01,1.05917500000000011e+01,3.07267154995306990e-01,-1.45050272605296016e-02,-1.45050230129726895e-02,-5.14450089095078441e-06,-5.14449938446893346e-06,-1.02889987689378669e-05,-1.54334996598886522e-05,-1.54334981534067995e-05
1.05990000000000002e+01,1.05990000000000002e+01,3.07162047534535187e-01,-1.44901470591065618e-02,-1.44901428217065371e-02,-5.13219499864810602e-06,-5.13219349782391677e-06,-1.02643869956478335e-05,-1.53965819942959396e-05,-1.53965804934717520e-05
1.06062500000000011e+01,1.06062500000000011e+01,3.07057047862949961e-01,-1.44752922820856611e-02,-1.44752880548238028e-02,-5.11992692714028035e-06,-5.11992543195307504e-06,-1.02398508639061518e-05,-1.53597777910464330e-05,-1.53597762958592260e-05
1.06135000000000002e+01,1.06135000000000002e+01,3.06952155796444914e-01,-1.44604628687154957e-02,-1.44604586515496725e-02,-5.10769653446389427e-06,-5.10769504488479500e-06,-1.02153900897695883e-05,-1.53230866242334843e-05,-1.53230851346543841e-05
1.06207500000000010e+01,1.06207500000000010e+01,3.06847371151353576e-01,-1.44456587584009810e-02,-1.44456545512959798e-02,-5.09550367927417447e-06,-5.09550219527684529e-06,-1.01910043905536906e-05,-1.52865080698278634e-05,-1.52865065858305376e-05
1.06280000000000001e+01,1.06280000000000001e+01,3.06742693744448125e-01,-1.44308798907282210e-02,-1.44308756936605258e-02,-5.08334822085087689e-06,-5.08334674241319584e-06,-1.01666934848263900e-05,-1.52500417056772669e-05,-1.52500402272395858e-05
1.06352500000000010e+01,1.06352500000000010e+01,3.06638123392938000e-01,-1.44161262054858241e-02,-1.44161220184263646e-02,-5.07123001910282258e-06,-5.07122854620078814e-06,-1.01424570924015746e-05,-1.52136871115043972e-05,-1.52136856386023627e-05
1.06425000000000001e+01,1.06425000000000001e+01,3.06533659914468570e-01,-1.44013976426435875e-02,-1.44013934655611263e-02,-5.05914893455744618e-06,-5.05914746716637750e-06,-1.01182949343327550e-05,-1.51774438688902012e-05,-1.51774424014991325e-05
1.06497500000000009e+01,1.06497500000000009e+01,3.06429303127119634e-01,-1.43866941423596018e-02,-1.43866899752163012e-02,-5.04710482836036474e-06,-5.04710336645335073e-06,-1.00942067329067015e-05,-1.51413115612670670e-05,-1.51413100993600522e-05
1.06570000000000000e+01,1.06570000000000000e+01,3.06325052849404367e-01,-1.43720156449518299e-02,-1.43720114877265819e-02,-5.03509756226251978e-06,-5.03509610581860656e-06,-1.00701922116372114e-05,-1.51052897738997320e-05,-1.51052883174558188e-05
1.06642500000000009e+01,1.06642500000000009e+01,3.06220908900267819e-01,-1.43573620909513977e-02,-1.43573579436091520e-02,-5.02312699863597703e-06,-5.02312554762940038e-06,-1.00462510952588008e-05,-1.50693780938947778e-05,-1.50693766428882011e-05
1.06715000000000000e+01,1.06715000000000000e+01,3.06116871099085586e-01,-1.43427334210564084e-02,-1.43427292835630223e-02,-5.01119300045486389e-06,-5.01119155486026958e-06,-1.00223831097205392e-05,-1.50335761101754039e-05,-1.50335746645808087e-05
1.06787500000000009e+01,1.06787500000000009e+01,3.06012939265662531e-01,-1.43281295761354954e-02,-1.43281254484683377e-02,-4.99929543129377536e-06,-4.99929399108991218e-06,-9.99858798217982605e-06,-1.49978834134736014e-05,-1.49978819732697391e-05
1.06859999999999999e+01,1.06859999999999999e+01,3.05909113220231621e-01,-1.43135504972597971e-02,-1.43135463793857207e-02,-4.98743415533612238e-06,-4.98743272049814685e-06,-9.97486544099629369e-06,-1.49622995963324161e-05,-1.49622981614944397e-05
1.06932500000000008e+01,1.06932500000000008e+01,3.05805392783452257e-01,-1.42989961256674292e-02,-1.42989920175555715e-02,-4.97560903735887422e-06,-4.97560760786282378e-06,-9.95121521572564755e-06,-1.49268242530845218e-05,-1.49268228235884722e-05
1.07004999999999999e+01,1.07004999999999999e+01,3.05701777776409445e-01,-1.42844664027741430e-02,-1.42844623043974321e-02,-4.96381994273351565e-06,-4.96381851855682788e-06,-9.92763703711365576e-06,-1.48914569798471722e-05,-1.48914555556704845e-05
1.07077500000000008e+01,1.07077500000000008e+01,3.05598268020612018e-01,-1.42699612701804313e-02,-1.42699571815092813e-02,-4.95206673742570301e-06,-4.95206531854501929e-06,-9.90413063709003688e-06,-1.48561973745157399e-05,-1.48561959556350562e-05
1.07149999999999999e+01,1.07149999999999999e+01,3.05494863337991807e-01,-1.42554806696679748e-02,-1.42554765906669073e-02,-4.94034928799126711e-06,-4.94034787438126792e-06,-9.88069574876253584e-06,-1.48210450367538021e-05,-1.48210436231438029e-05
1.07222500000000007e+01,1.07222500000000007e+01,3.05391563550901857e-01,-1.42410245431783267e-02,-1.42410204738232099e-02,-4.92866746156605724e-06,-4.92866605320543717e-06,-9.85733210641087604e-06,-1.47859995679769341e-05,-1.47859981596163132e-05
1.07294999999999998e+01,1.07294999999999998e+01,3.05288368482115713e-01,-1.42265928328413338e-02,-1.42265887731075867e-02,-4.91702112587307833e-06,-4.91701972274044980e-06,-9.83403944548089791e-06,-1.47510605713539762e-05,-1.47510591682213477e-05
1.07367500000000007e+01,1.07367500000000007e+01,3.05185277954825640e-01,-1.42121854809751369e-02,-1.42121814308252322e-02,-4.90541014921972368e-06,-4.90540875128930130e-06,-9.81081750257860430e-06,-1.47162276517983280e-05,-1.47162262538679048e-05
1.07439999999999998e+01,1.07439999999999998e+01,3.05082291792641569e-01,-1.41978024300541961e-02,-1.41977983894565150e-02,-4.89383440048403519e-06,-4.89383300773216219e-06,-9.78766601546432268e-06,-1.46815004159483579e-05,-1.46814990231964840e-05
1.07512500000000006e+01,1.07512500000000006e+01,3.04979409819589875e-01,-1.41834436227235017e-02,-1.41834395916563116e-02,-4.88229374911692519e-06,-4.88229236152342778e-06,-9.76458472304685556e-06,-1.46468784721637816e-05,-1.46468770845702842e-05
1.07584999999999997e+01,1.07584999999999997e+01,3.04876631860112102e-01,-1.41691090018163379e-02,-1.41691049802533855e-02,-4.87078806514563316e-06,-4.87078668268885186e-06,-9.74157336537770373e-06,-1.46123614305233360e-05,-1.46123600480665547e-05
1.07657500000000006e+01,1.07657500000000006e+01,3.04773957739063517e-01,-1.41547985103436247e-02,-1.41547944982497037e-02,-4.85931721916735857e-06,-4.85931584182263202e-06,-9.71863168364526404e-06,-1.45779489028126226e-05,-1.45779475254678969e-05
1.07729999999999997e+01,1.07729999999999997e+01,3.04671387281712114e-01,-1.41405120914726012e-02,-1.41405080888198330e-02,-4.84788108233930232e-06,-4.84787971008457039e-06,-9.69575942016914079e-06,-1.45436405025084423e-05,-1.45436391302537120e-05
1.07802500000000006e+01,1.07802500000000006e+01,3.04568920313737168e-01,-1.41262496885516953e-02,-1.41262456953102737e-02,-4.83647952638458243e-06,-4.83647815919719632e-06,-9.67295631839439433e-06,-1.45094358447789768e-05,-1.45094344775915906e-05
1.07874999999999996e+01,1.07874999999999996e+01,3.04466556661228127e-01,-1.41120112450927593e-02,-1.41120072612388476e-02,-4.82511242358352739e-06,-4.82511106144296008e-06,-9.65022212288592186e-06,-1.44753345464694484e-05,-1.44753331843288811e-05
1.07947500000000005e+01,1.07947500000000005e+01,3.04364296150683333e-01,-1.40977967047923869e-02,-1.40977927302940471e-02,-4.81377964677836530e-06,-4.81377828966139116e-06,-9.62755657932278232e-06,-1.44413362261011476e-05,-1.44413348689841735e-05
1.08020000000000014e+01,1.08020000000000014e+01,3.04262138609008637e-01,-1.40836060115034911e-02,-1.40836020463344109e-02,-4.80248106936091821e-06,-4.80247971724630890e-06,-9.60495943449261781e-06,-1.44074405038535369e-05,-1.44074391517389259e-05
1.08092500000000005e+01,1.08092500000000005e+01,3.04160083863516506e-01,-1.40694391092530680e-02,-1.40694351533879082e-02,-4.79121656527610630e-06,-4.79121521814303751e-06,-9.58243043628607502e-06,-1.43736470015621822e-05,-1.43736456544291125e-05
1.08165000000000013e+01,1.08165000000000013e+01,3.04058131741924476e-01,-1.40552959422457491e-02,-1.40552919956512933e-02,-4.77998600902058750e-06,-4.77998466684562692e-06,-9.55996933369125383e-06,-1.43399553427118413e-05,-1.43399540005368807e-05
1.08237500000000004e+01,1.08237500000000004e+01,3.03956282072353978e-01,-1.40411764548389328e-02,-1.40411725174895002e-02,-4.76878927563175459e-06,-4.76878793839410840e-06,-9.53757587678821849e-06,-1.43063651524199739e-05,-1.43063638151823277e-05
1.08310000000000013e+01,1.08310000000000013e+01,3.03854534683329292e-01,-1.40270805915676533e-02,-1.40270766634350130e-02,-4.75762624069366354e-06,-4.75762490837174510e-06,-9.51524981674349021e-06,-1.42728760574371529e-05,-1.42728747251152353e-05
1.08382500000000004e+01,1.08382500000000004e+01,3.03752889403776205e-01,-1.40130082971339220e-02,-1.40130043781872618e-02,-4.74649678033090270e-06,-4.74649545290232325e-06,-9.49299090580464651e-06,-1.42394876861355484e-05,-1.42394863587069706e-05
1.08455000000000013e+01,1.08455000000000013e+01,3.03651346063020855e-01,-1.39989595163925173e-02,-1.39989556066119972e-02,-4.73540077120126938e-06,-4.73539944864742807e-06,-9.47079889729485613e-06,-1.42061996684961255e-05,-1.42061983459422834e-05
1.08527500000000003e+01,1.08527500000000003e+01,3.03549904490788502e-01,-1.39849341943865113e-02,-1.39849302937406876e-02,-4.72433809050533109e-06,-4.72433677280376799e-06,-9.44867354560753768e-06,-1.41730116361128679e-05,-1.41730103184113048e-05
1.08600000000000012e+01,1.08600000000000012e+01,3.03448564517202202e-01,-1.39709322763152954e-02,-1.39709283847698970e-02,-4.71330861597310010e-06,-4.71330730310048030e-06,-9.42661460620096230e-06,-1.41399232221740616e-05,-1.41399219093014435e-05
1.08672500000000003e+01,1.08672500000000003e+01,3.03347325972781967e-01,-1.39569537075203698e-02,-1.39569498250607087e-02,-4.70231222585682343e-06,-4.70231091779648918e-06,-9.40462183559297837e-06,-1.41069340614498026e-05,-1.41069327533894667e-05
1.08745000000000012e+01,1.08745000000000012e+01,3.03246188688443108e-01,-1.39429984335528445e-02,-1.39429945601380785e-02,-4.69134879895128880e-06,-4.69134749567783590e-06,-9.38269499135567179e-06,-1.40740437903069597e-05,-1.40740424870335085e-05
1.08817500000000003e+01,1.08817500000000003e+01,3.03145152495495507e-01,-1.39290664000739639e-02,-1.39290625356902845e-02,-4.68041821455787402e-06,-4.68041691605507161e-06,-9.36083383211014152e-06,-1.40412520466680147e-05,-1.40412507481652123e-05
1.08890000000000011e+01,1.08890000000000011e+01,3.03044217225642010e-01,-1.39151575529616878e-02,-1.39151536975682787e-02,-4.66952035251801069e-06,-4.66951905876061550e-06,-9.33903811752123100e-06,-1.40085584700392417e-05,-1.40085571762818465e-05
1.08962500000000002e+01,1.08962500000000002e+01,3.02943382710977593e-01,-1.39012718382041101e-02,-1.39012679917851368e-02,-4.65865509317494662e-06,-4.65865380414617639e-06,-9.31730760829235278e-06,-1.39759627014672986e-05,-1.39759614124385292e-05
1.09035000000000011e+01,1.09035000000000011e+01,3.02842648783988033e-01,-1.38874092019918294e-02,-1.38874053645154302e-02,-4.64782231740238232e-06,-4.64782103308014558e-06,-9.29564206616029115e-06,-1.39434643835626726e-05,-1.39434630992404367e-05
1.09107500000000002e+01,1.09107500000000002e+01,3.02742015277548737e-01,-1.38735695906504475e-02,-1.38735657620946643e-02,-4.63702190657944961e-06,-4.63702062694503963e-06,-9.27404125389008095e-06,-1.39110631604695297e-05,-1.39110618808351214e-05
1.09180000000000010e+01,1.09180000000000010e+01,3.02641482024923580e-01,-1.38597529506832018e-02,-1.38597491310186640e-02,-4.62625374260262941e-06,-4.62625246763492798e-06,-9.25250493526985595e-06,-1.38787586778724854e-05,-1.38787574029047831e-05
1.09252500000000001e+01,1.09252500000000001e+01,3.02541048859763850e-01,-1.38459592287425437e-02,-1.38459554179430153e-02,-4.61551770787389836e-06,-4.61551643755290363e-06,-9.23103287510580557e-06,-1.38465505829797031e-05,-1.38465493126587101e-05
1.09325000000000010e+01,1.09325000000000010e+01,3.02440715616106803e-01,-1.38321883716443494e-02,-1.38321845696824496e-02,-4.60481368530313777e-06,-4.60481241960853366e-06,-9.20962483921706732e-06,-1.38144385245202042e-05,-1.38144372588256001e-05
1.09397500000000001e+01,1.09397500000000001e+01,3.02340482128374999e-01,-1.38184403263608147e-02,-1.38184365332103109e-02,-4.59414155830345036e-06,-4.59414029721537141e-06,-9.18828059443074282e-06,-1.37824221527341932e-05,-1.37824208916461151e-05
1.09470000000000010e+01,1.09470000000000010e+01,3.02240348231374578e-01,-1.38047150400275598e-02,-1.38047112556579227e-02,-4.58350121079120519e-06,-4.58349995428842644e-06,-9.16699990857685289e-06,-1.37505011193680581e-05,-1.37504998628652793e-05
1.09542500000000000e+01,1.09542500000000000e+01,3.02140313760294599e-01,-1.37910124599258666e-02,-1.37910086843140607e-02,-4.57289252717784767e-06,-4.57289127524169967e-06,-9.14578255048339935e-06,-1.37186750776612470e-05,-1.37186738257250990e-05
1.09615000000000009e+01,1.09615000000000009e+01,3.02040378550705646e-01,-1.37773325334968888e-02,-1.37773287666243492e-02,-4.56231539237233817e-06,-4.56231414498569561e-06,-9.12462828997139123e-06,-1.36869436823437286e-05,-1.36869424349570877e-05
1.09687500000000000e+01,1.09687500000000000e+01,3.01940542438558890e-01,-1.37636752083558633e-02,-1.37636714501907179e-02,-4.55176969178358387e-06,-4.55176844892497616e-06,-9.10353689784995232e-06,-1.36553065896335370e-05,-1.36553053467749276e-05
1.09760000000000009e+01,1.09760000000000009e+01,3.01840805260184475e-01,-1.37500404322601355e-02,-1.37500366827707932e-02,-4.54125531130757485e-06,-4.54125407295569657e-06,-9.08250814591139313e-06,-1.36237634572189680e-05,-1.36237622188670888e-05
1.09832500000000000e+01,1.09832500000000000e+01,3.01741166852291132e-01,-1.37364281531091592e-02,-1.37364244122773829e-02,-4.53077213732517249e-06,-4.53077090346319733e-06,-9.06154180692639296e-06,-1.35923139442515646e-05,-1.35923127103895903e-05
1.09905000000000008e+01,1.09905000000000008e+01,3.01641627051964401e-01,-1.37228383189800240e-02,-1.37228345867778708e-02,-4.52032005671160473e-06,-4.52031882731956049e-06,-9.04063765463911929e-06,-1.35609577113507240e-05,-1.35609564819586798e-05
1.09977499999999999e+01,1.09977499999999999e+01,3.01542185696665910e-01,-1.37092708780883754e-02,-1.37092671544936876e-02,-4.50989895682134396e-06,-4.50989773188123205e-06,-9.01979546376246409e-06,-1.35296944205838089e-05,-1.35296931956436970e-05
1.10050000000000008e+01,1.10050000000000008e+01,3.01442842624232099e-01,-1.36957257788168363e-02,-1.36957220637997316e-02,-4.49950872549526193e-06,-4.49950750498660532e-06,-8.99901500997320895e-06,-1.34985237354684717e-05,-1.34985225149598143e-05
1.10122499999999999e+01,1.10122499999999999e+01,3.01343597672873054e-01,-1.36822029696901382e-02,-1.36821992632238220e-02,-4.48914925105025867e-06,-4.48914803495366032e-06,-8.97829606990732233e-06,-1.34674453209575810e-05,-1.34674441048609826e-05
1.10195000000000007e+01,1.10195000000000007e+01,3.01244450681171561e-01,-1.36687023993857792e-02,-1.36686987014461424e-02,-4.47882042228057963e-06,-4.47881921057759030e-06,-8.95763842115518230e-06,-1.34364588434357619e-05,-1.34364576317327726e-05
1.10267499999999998e+01,1.10267499999999998e+01,3.01145401488081998e-01,-1.36552240167304717e-02,-1.36552203272987064e-02,-4.46852212845449701e-06,-4.46852092112846149e-06,-8.93704184225692299e-06,-1.34055639707114208e-05,-1.34055627633853845e-05
1.10340000000000007e+01,1.10340000000000007e+01,3.01046449932928950e-01,-1.36417677707250107e-02,-1.36417640897647692e-02,-4.45825425932026690e-06,-4.45825305634885234e-06,-8.91650611269770636e-06,-1.33747603720179733e-05,-1.33747591690465587e-05
1.10412499999999998e+01,1.10412499999999998e+01,3.00947595855406536e-01,-1.36283336104803254e-02,-1.36283299379783337e-02,-4.44801670508307906e-06,-4.44801550645156061e-06,-8.89603101290311954e-06,-1.33440477179861986e-05,-1.33440465193546793e-05
1.10485000000000007e+01,1.10485000000000007e+01,3.00848839095576970e-01,-1.36149214853027445e-02,-1.36149178212235569e-02,-4.43780935643078544e-06,-4.43780816211725801e-06,-8.87561632423451602e-06,-1.33134256806653006e-05,-1.33134244863517740e-05
1.10557499999999997e+01,1.10557499999999997e+01,3.00750179493869674e-01,-1.36015313446087305e-02,-1.36015276889342503e-02,-4.42763210450393734e-06,-4.42763091449221835e-06,-8.85526182898444008e-06,-1.32828939334883774e-05,-1.32828927434766584e-05
1.10630000000000006e+01,1.10630000000000006e+01,3.00651616891080165e-01,-1.35881631379888290e-02,-1.35881594906933079e-02,-4.41748484091454032e-06,-4.41748365518601283e-06,-8.83496731037202567e-06,-1.32524521512865668e-05,-1.32524509655580393e-05
1.10702499999999997e+01,1.10702499999999997e+01,3.00553151128368834e-01,-1.35748168151756943e-02,-1.35748131762321918e-02,-4.40736745773352327e-06,-4.40736627626924339e-06,-8.81473255253848848e-06,-1.32221000102720126e-05,-1.32220988288077319e-05
1.10775000000000006e+01,1.10775000000000006e+01,3.00454782047260116e-01,-1.35614923260440889e-02,-1.35614886954303817e-02,-4.39727984748866482e-06,-4.39727867027128278e-06,-8.79455734054256556e-06,-1.31918371880312304e-05,-1.31918360108138492e-05
1.10847499999999997e+01,1.10847499999999997e+01,3.00356509489641210e-01,-1.35481896206250951e-02,-1.35481859983148569e-02,-4.38722190316712854e-06,-4.38722073017802401e-06,-8.77444146035604803e-06,-1.31616633635231766e-05,-1.31616621905340720e-05
1.10920000000000005e+01,1.10920000000000005e+01,3.00258333297761026e-01,-1.35349086490883508e-02,-1.35349050350595471e-02,-4.37719351820763804e-06,-4.37719234942963828e-06,-8.75438469885927825e-06,-1.31315782170669154e-05,-1.31315770482889165e-05
1.10992500000000014e+01,1.10992500000000014e+01,3.00160253314229408e-01,-1.35216493617562605e-02,-1.35216457559848360e-02,-4.36719458650302993e-06,-4.36719342191836842e-06,-8.73438684383673514e-06,-1.31015814303397659e-05,-1.31015802657551036e-05
1.11065000000000005e+01,1.11065000000000005e+01,3.00062269382015578e-01,-1.35084117091039957e-02,-1.35084081115569958e-02,-4.35722500239820060e-06,-4.35722384198629782e-06,-8.71444768397259565e-06,-1.30716726863707962e-05,-1.30716715259588943e-05
1.11137500000000014e+01,1.11137500000000014e+01,2.99964381344447417e-01,-1.34951956417239671e-02,-1.34951920523876893e-02,-4.34728466067661047e-06,-4.34728350442315834e-06,-8.69456700884631838e-06,-1.30418516695229297e-05,-1.30418505132694767e-05
1.11210000000000004e+01,1.11210000000000004e+01,2.99866589045210574e-01,-1.34820011103826687e-02,-1.34819975292334582e-02,-4.33737345657662067e-06,-4.33737230446415593e-06,-8.67474460892831186e-06,-1.30121180655049334e-05,-1.30121169133924669e-05
1.11282500000000013e+01,1.11282500000000013e+01,2.99768892328346859e-01,-1.34688280659922555e-02,-1.34688244929951628e-02,-4.32749128578028178e-06,-4.32749013778776836e-06,-8.65498027557553671e-06,-1.29824715613558193e-05,-1.29824704133633042e-05
1.11355000000000004e+01,1.11355000000000004e+01,2.99671291038253740e-01,-1.34556764595714640e-02,-1.34556728947175120e-02,-4.31763804439880546e-06,-4.31763690051361408e-06,-8.63527380102722817e-06,-1.29529118454260336e-05,-1.29529107015408423e-05
1.11427500000000013e+01,1.11427500000000013e+01,2.99573785019683014e-01,-1.34425462423344300e-02,-1.34425426855885200e-02,-4.30781362899910624e-06,-4.30781248920027454e-06,-8.61562497840054739e-06,-1.29234386073996536e-05,-1.29234374676008219e-05
1.11500000000000004e+01,1.11500000000000004e+01,2.99476374117739919e-01,-1.34294373655947652e-02,-1.34294338169390088e-02,-4.29801793657103068e-06,-4.29801680084317570e-06,-8.59603360168635140e-06,-1.28940515382573812e-05,-1.28940504025295271e-05
1.11572500000000012e+01,1.11572500000000012e+01,2.99379058177881852e-01,-1.34163497808401644e-02,-1.34163462402420771e-02,-4.28825086454931753e-06,-4.28824973287244167e-06,-8.57649946574488165e-06,-1.28647503302941983e-05,-1.28647491986173233e-05
1.11645000000000003e+01,1.11645000000000003e+01,2.99281837045917765e-01,-1.34032834396649037e-02,-1.34032799071126234e-02,-4.27851231079004517e-06,-4.27851118315080003e-06,-8.55702236630160176e-06,-1.28355346770916469e-05,-1.28355335494524018e-05
1.11717500000000012e+01,1.11717500000000012e+01,2.99184710568006718e-01,-1.33902382938444475e-02,-1.33902347693068084e-02,-4.26880217359253242e-06,-4.26880104997145827e-06,-8.53760209994291654e-06,-1.28064042735354490e-05,-1.28064031499143740e-05
1.11790000000000003e+01,1.11790000000000003e+01,2.99087678590657047e-01,-1.33772142952679474e-02,-1.33772107787215773e-02,-4.25912035167584445e-06,-4.25911923205602859e-06,-8.51823846411205717e-06,-1.27773588157879016e-05,-1.27773576961680849e-05
1.11862500000000011e+01,1.11862500000000011e+01,2.98990740960725365e-01,-1.33642113959631104e-02,-1.33642078873941368e-02,-4.24946674418482534e-06,-4.24946562855242978e-06,-8.49893125710485955e-06,-1.27483980012896849e-05,-1.27483968856572893e-05
1.11935000000000002e+01,1.11935000000000002e+01,2.98893897525415564e-01,-1.33512295481210685e-02,-1.33512260475014775e-02,-4.23984125069609842e-06,-4.23984013903283996e-06,-8.47968027806567822e-06,-1.27195215287617775e-05,-1.27195204170985190e-05
1.12007500000000011e+01,1.12007500000000011e+01,2.98797148132277590e-01,-1.33382687040608516e-02,-1.33382652113598447e-02,-4.23024377120483822e-06,-4.23024266349161033e-06,-8.46048532698322066e-06,-1.26907290981880589e-05,-1.26907279904748301e-05
1.12080000000000002e+01,1.12080000000000002e+01,2.98700492629206671e-01,-1.33253288162258343e-02,-1.33253253314242811e-02,-4.22067420612179309e-06,-4.22067310234325008e-06,-8.44134620468649847e-06,-1.26620204108082924e-05,-1.26620193070297485e-05
1.12152500000000011e+01,1.12152500000000011e+01,2.98603930864442313e-01,-1.33124098372014998e-02,-1.33124063602881020e-02,-4.21113245627704013e-06,-4.21113135642036216e-06,-8.42226271284072432e-06,-1.26333951691177645e-05,-1.26333940692610865e-05
1.12225000000000001e+01,1.12225000000000001e+01,2.98507462686567193e-01,-1.32995117197438617e-02,-1.32995082506824330e-02,-4.20161842292710112e-06,-4.20161732697164684e-06,-8.40323465394329199e-06,-1.26048530768703931e-05,-1.26048519809149388e-05
1.12297500000000010e+01,1.12297500000000010e+01,2.98411087944505993e-01,-1.32866344167119621e-02,-1.32866309554756767e-02,-4.19213200773170414e-06,-4.19213091565985442e-06,-8.38426183131970883e-06,-1.25763938390514130e-05,-1.25763927469795641e-05
1.12370000000000001e+01,1.12370000000000001e+01,2.98314806487524897e-01,-1.32737778810962936e-02,-1.32737744276730848e-02,-4.18267311276097998e-06,-4.18267202455982604e-06,-8.36534404911965208e-06,-1.25480171618806329e-05,-1.25480160736794790e-05
1.12442500000000010e+01,1.12442500000000010e+01,2.98218618165230098e-01,-1.32609420660543265e-02,-1.32609386204162166e-02,-4.17324164050479223e-06,-4.17324055615645828e-06,-8.34648111231291656e-06,-1.25197227528177079e-05,-1.25197216684693748e-05
1.12515000000000001e+01,1.12515000000000001e+01,2.98122522827567127e-01,-1.32481269248572175e-02,-1.32481234869824965e-02,-4.16383749385412198e-06,-4.16383641334276004e-06,-8.32767282668552008e-06,-1.24915103205396421e-05,-1.24915092400282801e-05
1.12587500000000009e+01,1.12587500000000009e+01,2.98026520324819688e-01,-1.32353324109146797e-02,-1.32353289807847080e-02,-4.15446057610707674e-06,-4.15445949941785610e-06,-8.30891899883571390e-06,-1.24633795749427906e-05,-1.24633784982535700e-05
1.12660000000000000e+01,1.12660000000000000e+01,2.97930610507608884e-01,-1.32225584777785343e-02,-1.32225550553705350e-02,-4.14511079096821021e-06,-4.14510971808504996e-06,-8.29021943617010162e-06,-1.24353302271383118e-05,-1.24353291542551507e-05
1.12732500000000009e+01,1.12732500000000009e+01,2.97834793226891881e-01,-1.32098050791356059e-02,-1.32098016644220540e-02,-4.13578804254447013e-06,-4.13578697344985447e-06,-8.27157394689970894e-06,-1.24073619894441791e-05,-1.24073609203495643e-05
1.12805000000000000e+01,1.12805000000000000e+01,2.97739068333961410e-01,-1.31970721687935111e-02,-1.31970687617553040e-02,-4.12649223533897083e-06,-4.12649117001807754e-06,-8.25298234003615677e-06,-1.23794745753751268e-05,-1.23794735100542335e-05
1.12877500000000008e+01,1.12877500000000008e+01,2.97643435680444379e-01,-1.31843597007019753e-02,-1.31843563013197655e-02,-4.11722327425589594e-06,-4.11722221269387313e-06,-8.23444442538774796e-06,-1.23516676996436431e-05,-1.23516666380816211e-05
1.12949999999999999e+01,1.12949999999999999e+01,2.97547895118301209e-01,-1.31716676289492796e-02,-1.31716642371979293e-02,-4.10798106459760823e-06,-4.10798000677784559e-06,-8.21596001355569288e-06,-1.23239410781533020e-05,-1.23239400203335393e-05
1.13022500000000008e+01,1.13022500000000008e+01,2.97452446499824608e-01,-1.31589959077551555e-02,-1.31589925236047945e-02,-4.09876551206065590e-06,-4.09876445796512434e-06,-8.19752891593024699e-06,-1.22962944279909029e-05,-1.22962933738953713e-05
1.13094999999999999e+01,1.13094999999999999e+01,2.97357089677638797e-01,-1.31463444914459160e-02,-1.31463411148874318e-02,-4.08957652272629936e-06,-4.08957547234348600e-06,-8.17915094468697199e-06,-1.22687274674132722e-05,-1.22687264170304588e-05
1.13167500000000008e+01,1.13167500000000008e+01,2.97261824504698624e-01,-1.31337133345148516e-02,-1.31337099655244923e-02,-4.08041400307757637e-06,-4.08041295639145789e-06,-8.16082591278291578e-06,-1.22412399158604921e-05,-1.22412388691743728e-05
1.13239999999999998e+01,1.13239999999999998e+01,2.97166650834288337e-01,-1.31211023915760450e-02,-1.31210990301257654e-02,-4.07127785998317881e-06,-4.07127681697644863e-06,-8.14255363395289726e-06,-1.22138314939360752e-05,-1.22138304509293467e-05
1.13312500000000007e+01,1.13312500000000007e+01,2.97071568520020757e-01,-1.31085116173643712e-02,-1.31085082634316927e-02,-4.06216800069574165e-06,-4.06216696135287789e-06,-8.12433392270575579e-06,-1.21865019234014974e-05,-1.21865008840586337e-05
1.13384999999999998e+01,1.13384999999999998e+01,2.96976577415836551e-01,-1.30959409667390503e-02,-1.30959376203129401e-02,-4.05308433285126019e-06,-4.05308329716033325e-06,-8.10616659432066650e-06,-1.21592509271719275e-05,-1.21592498914809989e-05
1.13457500000000007e+01,1.13457500000000007e+01,2.96881677376003017e-01,-1.30833903947191743e-02,-1.30833870557699131e-02,-4.04402676447836847e-06,-4.04402573242170923e-06,-8.08805146484342016e-06,-1.21320782293217886e-05,-1.21320771972651294e-05
1.13529999999999998e+01,1.13529999999999998e+01,2.96786868255113134e-01,-1.30708598564268641e-02,-1.30708565249323151e-02,-4.03499520397905233e-06,-4.03499417554139218e-06,-8.06998835108278436e-06,-1.21049835550618358e-05,-1.21049825266241757e-05
1.13602500000000006e+01,1.13602500000000006e+01,2.96692149908084846e-01,-1.30583493071156909e-02,-1.30583459830586838e-02,-4.02598956013576361e-06,-4.02598853530341365e-06,-8.05197707060682561e-06,-1.20779666307425884e-05,-1.20779656059102393e-05
1.13674999999999997e+01,1.13674999999999997e+01,2.96597522190159946e-01,-1.30458587021813344e-02,-1.30458553855359559e-02,-4.01700974211303550e-06,-4.01700872086965901e-06,-8.03401744173931802e-06,-1.20510271838523544e-05,-1.20510261626089770e-05
1.13747500000000006e+01,1.13747500000000006e+01,2.96502984956903248e-01,-1.30333879971296085e-02,-1.30333846878789971e-02,-4.00805565944594759e-06,-4.00805464177804370e-06,-8.01610928355608571e-06,-1.20241649430020333e-05,-1.20241639253341294e-05
1.13819999999999997e+01,1.13819999999999997e+01,2.96408538064201588e-01,-1.30209371476084357e-02,-1.30209338457301701e-02,-3.99912722204832517e-06,-3.99912620794073030e-06,-7.99825241588146061e-06,-1.19973796379297866e-05,-1.19973786238221909e-05
1.13892500000000005e+01,1.13892500000000005e+01,2.96314181368262874e-01,-1.30085061093865306e-02,-1.30085028148588747e-02,-3.99022434020452640e-06,-3.99022332964233532e-06,-7.98044665928466895e-06,-1.19706709994891962e-05,-1.19706699889270043e-05
1.13965000000000014e+01,1.13965000000000014e+01,2.96219914725615430e-01,-1.29960948383569530e-02,-1.29960915511611198e-02,-3.98134692456890276e-06,-3.98134591753816060e-06,-7.96269183507632120e-06,-1.19440387596452240e-05,-1.19440377526144818e-05
1.14037500000000005e+01,1.14037500000000005e+01,2.96125737993106708e-01,-1.29837032905477656e-02,-1.29837000106590682e-02,-3.97249488616743042e-06,-3.97249388265242471e-06,-7.94498776530484942e-06,-1.19174826514722807e-05,-1.19174816479572741e-05
1.14110000000000014e+01,1.14110000000000014e+01,2.96031651027902465e-01,-1.29713314221042708e-02,-1.29713281495005880e-02,-3.96366813639064597e-06,-3.96366713637649774e-06,-7.92733427275299547e-06,-1.18910024091436414e-05,-1.18910014091294932e-05
1.14182500000000005e+01,1.14182500000000005e+01,2.95937653687486202e-01,-1.29589791892925632e-02,-1.29589759239588462e-02,-3.95486658699313570e-06,-3.95486559046717333e-06,-7.90973118093434667e-06,-1.18645977679274832e-05,-1.18645967714015200e-05
1.14255000000000013e+01,1.14255000000000013e+01,2.95843745829657723e-01,-1.29466465485208460e-02,-1.29466432904318269e-02,-3.94609015009843228e-06,-3.94608915704490773e-06,-7.89217831408981377e-06,-1.18382684641882452e-05,-1.18382674711347224e-05
1.14327500000000004e+01,1.14327500000000004e+01,2.95749927312532634e-01,-1.29343334563074563e-02,-1.29343302054419369e-02,-3.93733873818765517e-06,-3.93733774859211214e-06,-7.87467549718422429e-06,-1.18120142353718786e-05,-1.18120132457763373e-05
1.14400000000000013e+01,1.14400000000000013e+01,2.95656197994541292e-01,-1.29220398692879712e-02,-1.29220366256355447e-02,-3.92861226410011123e-06,-3.92861127795141970e-06,-7.85722255590283940e-06,-1.17858348200029515e-05,-1.17858338338542582e-05
1.14472500000000004e+01,1.14472500000000004e+01,2.95562557734427911e-01,-1.29097657442542868e-02,-1.29097625077825642e-02,-3.91991064104359795e-06,-3.91990965832398887e-06,-7.83981931664797604e-06,-1.17597299576915740e-05,-1.17597289749719649e-05
1.14545000000000012e+01,1.14545000000000012e+01,2.95469006391249567e-01,-1.28975110380871172e-02,-1.28975078087760070e-02,-3.91123378257228920e-06,-3.91123280326778059e-06,-7.82246560653555948e-06,-1.17336993891078487e-05,-1.17336984098033392e-05
1.14617500000000003e+01,1.14617500000000003e+01,2.95375543824375641e-01,-1.28852757077950741e-02,-1.28852724856315850e-02,-3.90258160259709183e-06,-3.90258062669589722e-06,-7.80516125339179613e-06,-1.17077428559888888e-05,-1.17077418800876934e-05
1.14690000000000012e+01,1.14690000000000012e+01,2.95282169893486490e-01,-1.28730597105324307e-02,-1.28730564954872458e-02,-3.89395401538944210e-06,-3.89395304287487410e-06,-7.78790608574974820e-06,-1.16818601011391911e-05,-1.16818591286246215e-05
1.14762500000000003e+01,1.14762500000000003e+01,2.95188884458572942e-01,-1.28608630035387250e-02,-1.28608597956027856e-02,-3.88535093556147749e-06,-3.88534996642302189e-06,-7.77069993284604378e-06,-1.16560508684075204e-05,-1.16560498992690648e-05
1.14835000000000012e+01,1.14835000000000012e+01,2.95095687379935134e-01,-1.28486855442133674e-02,-1.28486823433593897e-02,-3.87677227808707362e-06,-3.87677131230875113e-06,-7.75354262461750227e-06,-1.16303149027045750e-05,-1.16303139369262534e-05
1.14907500000000002e+01,1.14907500000000002e+01,2.95002578518181846e-01,-1.28365272900516914e-02,-1.28365240962592456e-02,-3.86821795828098180e-06,-3.86821699584892988e-06,-7.73643399169785976e-06,-1.16046519499788416e-05,-1.16046509875467896e-05
1.14980000000000011e+01,1.14980000000000011e+01,2.94909557734229388e-01,-1.28243881986733754e-02,-1.28243850119250900e-02,-3.85968789180590006e-06,-3.85968693270722180e-06,-7.71937386541444190e-06,-1.15790617572203420e-05,-1.15790607981216628e-05
1.15052500000000002e+01,1.15052500000000002e+01,2.94816624889301049e-01,-1.28122682278295486e-02,-1.28122650480998260e-02,-3.85118199467309746e-06,-3.85118103889246325e-06,-7.70236207778492650e-06,-1.15535440724580248e-05,-1.15535431166773906e-05
1.15125000000000011e+01,1.15125000000000011e+01,2.94723779844925871e-01,-1.28001673353708156e-02,-1.28001641626460730e-02,-3.84270018323128319e-06,-3.84269923075702006e-06,-7.68539846151404012e-06,-1.15280986447453233e-05,-1.15280976922710602e-05
1.15197500000000002e+01,1.15197500000000002e+01,2.94631022462938152e-01,-1.27880854792827847e-02,-1.27880823135457858e-02,-3.83424237417580872e-06,-3.83424142499518577e-06,-7.66848284999037154e-06,-1.15027252241661811e-05,-1.15027242749855565e-05
1.15270000000000010e+01,1.15270000000000010e+01,2.94538352605476228e-01,-1.27760226176754088e-02,-1.27760194588998101e-02,-3.82580848454394903e-06,-3.82580753864154688e-06,-7.65161507728309206e-06,-1.14774235618270411e-05,-1.14774226159246389e-05
1.15342500000000001e+01,1.15342500000000001e+01,2.94445770134981855e-01,-1.27639787087616696e-02,-1.27639755569274923e-02,-3.81739843170704550e-06,-3.81739748906939971e-06,-7.63479497813879772e-06,-1.14521934098458424e-05,-1.14521924672081983e-05
1.15415000000000010e+01,1.15415000000000010e+01,2.94353274914199159e-01,-1.27519537108788938e-02,-1.27519505659662580e-02,-3.80901213337542421e-06,-3.80901119398914191e-06,-7.61802238797828383e-06,-1.14270345213537076e-05,-1.14270335819674249e-05
1.15487500000000001e+01,1.15487500000000001e+01,2.94260866806174137e-01,-1.27399475824745423e-02,-1.27399444444712250e-02,-3.80064950759268568e-06,-3.80064857144670208e-06,-7.60129714289340501e-06,-1.14019466504860898e-05,-1.14019457143401062e-05
1.15560000000000009e+01,1.15560000000000009e+01,2.94168545674253268e-01,-1.27279602821381843e-02,-1.27279571510147647e-02,-3.79231047274378172e-06,-3.79230953982194094e-06,-7.58461907964388189e-06,-1.13769295523876632e-05,-1.13769286194658224e-05
1.15632500000000000e+01,1.15632500000000000e+01,2.94076311382083122e-01,-1.27159917685411017e-02,-1.27159886442861272e-02,-3.78399494753555785e-06,-3.78399401782710470e-06,-7.56798803565420940e-06,-1.13519829831897664e-05,-1.13519820534813145e-05
1.15705000000000009e+01,1.15705000000000009e+01,2.93984163793609421e-01,-1.27040420005002375e-02,-1.27040388830910247e-02,-3.77570285101437243e-06,-3.77570192450524616e-06,-7.55140384901049147e-06,-1.13271067000248635e-05,-1.13271057735157381e-05
1.15777500000000000e+01,1.15777500000000000e+01,2.93892102773075925e-01,-1.26921109369320106e-02,-1.26921078263512316e-02,-3.76743410255091061e-06,-3.76743317922868608e-06,-7.53486635845737216e-06,-1.13023004610082832e-05,-1.13022995376860582e-05
1.15850000000000009e+01,1.15850000000000009e+01,2.93800128185023879e-01,-1.26801985368807379e-02,-1.26801954331041810e-02,-3.75918862184720538e-06,-3.75918770169745509e-06,-7.51837540339490848e-06,-1.12775640252421139e-05,-1.12775631050923644e-05
1.15922499999999999e+01,1.15922499999999999e+01,2.93708239894291179e-01,-1.26683047594866593e-02,-1.26683016625025856e-02,-3.75096632892573798e-06,-3.75096541193777491e-06,-7.50193082387554812e-06,-1.12528971528012865e-05,-1.12528962358133230e-05
1.15995000000000008e+01,1.15995000000000008e+01,2.93616437766011318e-01,-1.26564295640285707e-02,-1.26564264738140142e-02,-3.74276714414066190e-06,-3.74276623030051043e-06,-7.48553246060101917e-06,-1.12282996047416811e-05,-1.12282986909015292e-05
1.16067499999999999e+01,1.16067499999999999e+01,2.93524721665612776e-01,-1.26445729098882964e-02,-1.26445698264205219e-02,-3.73459098816587163e-06,-3.73459007745967006e-06,-7.46918015491933928e-06,-1.12037711430852101e-05,-1.12037702323790089e-05
1.16140000000000008e+01,1.16140000000000008e+01,2.93433091458817963e-01,-1.26327347565506898e-02,-1.26327316798182342e-02,-3.72643778199361936e-06,-3.72643687441087593e-06,-7.45287374882175356e-06,-1.11793115308153733e-05,-1.11793106232326299e-05
1.16212499999999999e+01,1.16212499999999999e+01,2.93341547011642778e-01,-1.26209150636356071e-02,-1.26209119936169858e-02,-3.71830744694257800e-06,-3.71830654246987994e-06,-7.43661308493975818e-06,-1.11549205318823370e-05,-1.11549196274096377e-05
1.16285000000000007e+01,1.16285000000000007e+01,2.93250088190395275e-01,-1.26091137908694861e-02,-1.26091107275398909e-02,-3.71019990464804218e-06,-3.71019900327104160e-06,-7.42039800654208319e-06,-1.11305979111901262e-05,-1.11305970098131239e-05
1.16357499999999998e+01,1.16357499999999998e+01,2.93158714861675218e-01,-1.25973308980746879e-02,-1.25973278414229940e-02,-3.70211507705745260e-06,-3.70211417876586905e-06,-7.40422835753173979e-06,-1.11063434345891932e-05,-1.11063425362976084e-05
1.16430000000000007e+01,1.16430000000000007e+01,2.93067426892373195e-01,-1.25855663452121291e-02,-1.25855632952148570e-02,-3.69405288644155902e-06,-3.69405199122151769e-06,-7.38810398244303622e-06,-1.10821568688845948e-05,-1.10821559736645531e-05
1.16502499999999998e+01,1.16502499999999998e+01,2.92976224149669673e-01,-1.25738200923315446e-02,-1.25738170489761887e-02,-3.68601325537844401e-06,-3.68601236321933114e-06,-7.37202472643866228e-06,-1.10580379818171067e-05,-1.10580370896579930e-05
1.16575000000000006e+01,1.16575000000000006e+01,2.92885106501034387e-01,-1.25620920996176721e-02,-1.25620890628794502e-02,-3.67799610676572651e-06,-3.67799521765336616e-06,-7.35599043530673233e-06,-1.10339865420724580e-05,-1.10339856529600981e-05
1.16647499999999997e+01,1.16647499999999997e+01,2.92794073814225231e-01,-1.25503823273476200e-02,-1.25503792972084804e-02,-3.67000136380671501e-06,-3.67000047772894591e-06,-7.34000095545789097e-06,-1.10100023192646056e-05,-1.10100014331868360e-05
1.16720000000000006e+01,1.16720000000000006e+01,2.92703125957287869e-01,-1.25386907359121835e-02,-1.25386877123581150e-02,-3.66202895001532540e-06,-3.66202806696120388e-06,-7.32405613392240862e-06,-1.09860850839377349e-05,-1.09860842008836121e-05
1.16792499999999997e+01,1.16792499999999997e+01,2.92612262798554512e-01,-1.25270172858265028e-02,-1.25270142688338089e-02,-3.65407878921785890e-06,-3.65407790917365075e-06,-7.30815581834730066e-06,-1.09622346075651604e-05,-1.09622337275209506e-05
1.16865000000000006e+01,1.16865000000000006e+01,2.92521484206643423e-01,-1.25153619376980885e-02,-1.25153589272512470e-02,-3.64615080554232987e-06,-3.64614992849672508e-06,-7.29229985699345101e-06,-1.09384506625357817e-05,-1.09384497854901769e-05
1.16937500000000014e+01,1.16937500000000014e+01,2.92430790050457912e-01,-1.25037246522552437e-02,-1.25037216483359862e-02,-3.63824492342546271e-06,-3.63824404936638894e-06,-7.27648809873277704e-06,-1.09147330221582389e-05,-1.09147321480991656e-05
1.17010000000000005e+01,1.17010000000000005e+01,2.92340180199185729e-01,-1.24921053903293000e-02,-1.24921023929230705e-02,-3.63036106760619132e-06,-3.63036019652269178e-06,-7.26072039304538526e-06,-1.08910814606515766e-05,-1.08910805895680775e-05
1.17082500000000014e+01,1.17082500000000014e+01,2.92249654522298119e-01,-1.24805041128723815e-02,-1.24805011219566581e-02,-3.62249916312952624e-06,-3.62249829500836646e-06,-7.24499659001673208e-06,-1.08674957531462587e-05,-1.08674948850250981e-05
1.17155000000000005e+01,1.17155000000000005e+01,2.92159212889549103e-01,-1.24689207809325353e-02,-1.24689177964896550e-02,-3.61465913533802881e-06,-3.61465827016742487e-06,-7.22931654033485059e-06,-1.08439756756728794e-05,-1.08439748105022750e-05
1.17227500000000013e+01,1.17227500000000013e+01,2.92068855170974584e-01,-1.24573553556714955e-02,-1.24573523776833322e-02,-3.60684090987568679e-06,-3.60684004764375778e-06,-7.21368009528751556e-06,-1.08205210051632028e-05,-1.08205201429312742e-05
1.17300000000000004e+01,1.17300000000000004e+01,2.91978581236891854e-01,-1.24458077983575777e-02,-1.24458048268069835e-02,-3.59904441268457026e-06,-3.59904355337975588e-06,-7.19808710675951261e-06,-1.07971315194440833e-05,-1.07971306601392685e-05
1.17372500000000013e+01,1.17372500000000013e+01,2.91888390957898425e-01,-1.24342780703692313e-02,-1.24342751052375303e-02,-3.59126957000458051e-06,-3.59126871361491388e-06,-7.18253742722982606e-06,-1.07738069972344062e-05,-1.07738061408447399e-05
1.17445000000000004e+01,1.17445000000000004e+01,2.91798284204871528e-01,-1.24227661331879347e-02,-1.24227631744591727e-02,-3.58351630837013090e-06,-3.58351545488446929e-06,-7.16703090976893772e-06,-1.07505472181390682e-05,-1.07505463646534070e-05
1.17517500000000013e+01,1.17517500000000013e+01,2.91708260848967171e-01,-1.24112719484088529e-02,-1.24112689960630181e-02,-3.57578455461195654e-06,-3.57578370401802221e-06,-7.15156740803604442e-06,-1.07273519626480005e-05,-1.07273511120540675e-05
1.17590000000000003e+01,1.17590000000000003e+01,2.91618320761619587e-01,-1.23997954777230746e-02,-1.23997925317467297e-02,-3.56807423585074720e-06,-3.56807338813819280e-06,-7.13614677627638475e-06,-1.07042210121271324e-05,-1.07042201644145767e-05
1.17662500000000012e+01,1.17662500000000012e+01,2.91528463814540173e-01,-1.23883366829460329e-02,-1.23883337433141460e-02,-3.56038527950406708e-06,-3.56038443465924564e-06,-7.12076886931848959e-06,-1.06811541488225567e-05,-1.06811533039777361e-05
1.17735000000000003e+01,1.17735000000000003e+01,2.91438689879716883e-01,-1.23768955259784263e-02,-1.23768925926749426e-02,-3.55271761327388062e-06,-3.55271677128576377e-06,-7.10543354257152923e-06,-1.06581511558454107e-05,-1.06581503138572934e-05
1.17807500000000012e+01,1.17807500000000012e+01,2.91348998829413508e-01,-1.23654719688275350e-02,-1.23654690418442577e-02,-3.54507116515145040e-06,-3.54507032601129930e-06,-7.09014065202259690e-06,-1.06352118171740477e-05,-1.06352109780338958e-05
1.17880000000000003e+01,1.17880000000000003e+01,2.91259390536168838e-01,-1.23540659736285363e-02,-1.23540630529423504e-02,-3.53744586342221653e-06,-3.53744502711704489e-06,-7.07489005423408893e-06,-1.06123359176563055e-05,-1.06123350813511338e-05
1.17952500000000011e+01,1.17952500000000011e+01,2.91169864872795836e-01,-1.23426775026089786e-02,-1.23426745881942222e-02,-3.52984163665436759e-06,-3.52984080317050218e-06,-7.05968160634100521e-06,-1.05895232429953724e-05,-1.05895224095115065e-05
1.18025000000000002e+01,1.18025000000000002e+01,2.91080421712381021e-01,-1.23313065180816750e-02,-1.23313036099292946e-02,-3.52225841369562322e-06,-3.52225758302417952e-06,-7.04451516604835904e-06,-1.05667735797439823e-05,-1.05667727490725386e-05
1.18097500000000011e+01,1.18097500000000011e+01,2.90991060928283640e-01,-1.23199529824873366e-02,-1.23199500805810293e-02,-3.51469612368421036e-06,-3.51469529581426121e-06,-7.02939059162852328e-06,-1.05440867153127336e-05,-1.05440858874427836e-05
1.18170000000000002e+01,1.18170000000000002e+01,2.90901782394134945e-01,-1.23086168583661504e-02,-1.23086139626865931e-02,-3.50715469603952769e-06,-3.50715387095932010e-06,-7.01430774191863850e-06,-1.05214624379581653e-05,-1.05214616128779590e-05
1.18242500000000010e+01,1.18242500000000010e+01,2.90812585983837302e-01,-1.22972981083613320e-02,-1.22972952188864955e-02,-3.49963406046195633e-06,-3.49963323815900290e-06,-6.99926647631800666e-06,-1.04989005367799630e-05,-1.04988997144770100e-05
1.18315000000000001e+01,1.18315000000000001e+01,2.90723471571563696e-01,-1.22859966952049149e-02,-1.22859938119242573e-02,-3.49213414692764124e-06,-3.49213332739276015e-06,-6.98426665478552029e-06,-1.04764008017131611e-05,-1.04763999821782813e-05
1.18387500000000010e+01,1.18387500000000010e+01,2.90634439031756786e-01,-1.22747125817497249e-02,-1.22747097046460463e-02,-3.48465488569639491e-06,-3.48465406891854169e-06,-6.96930813783708423e-06,-1.04539630235334796e-05,-1.04539622067556259e-05
1.18460000000000001e+01,1.18460000000000001e+01,2.90545488239128347e-01,-1.22634457309409584e-02,-1.22634428600003516e-02,-3.47719620730243887e-06,-3.47719539327153679e-06,-6.95439078654307443e-06,-1.04315869938455141e-05,-1.04315861798146104e-05
1.18532500000000010e+01,1.18532500000000010e+01,2.90456619068658106e-01,-1.22521961058481565e-02,-1.22521932410376098e-02,-3.46975804256229251e-06,-3.46975723126288533e-06,-6.93951446252577067e-06,-1.04092725050880627e-05,-1.04092716937886556e-05
1.18605000000000000e+01,1.18605000000000000e+01,2.90367831395593579e-01,-1.22409636695941515e-02,-1.22409608109098934e-02,-3.46234032255347867e-06,-3.46233951397843184e-06,-6.92467902795686369e-06,-1.03870193505103424e-05,-1.03870185419352947e-05
1.18677500000000009e+01,1.18677500000000009e+01,2.90279125095449009e-01,-1.22297483854438838e-02,-1.22297455328705517e-02,-3.45494297863852985e-06,-3.45494217277745325e-06,-6.90988434555490650e-06,-1.03648273241934359e-05,-1.03648265183323598e-05
1.18750000000000000e+01,1.18750000000000000e+01,2.90190500044004651e-01,-1.22185502167582172e-02,-1.22185473702738807e-02,-3.44756594245073815e-06,-3.44756513929142052e-06,-6.89513027858284103e-06,-1.03426962210335788e-05,-1.03426954178742615e-05
1.18822500000000009e+01,1.18822500000000009e+01,2.90101956117306048e-01,-1.22073691269832807e-02,-1.22073662865747664e-02,-3.44020914589000223e-06,-3.44020834542273953e-06,-6.88041669084547906e-06,-1.03206258367354821e-05,-1.03206250362682186e-05
1.18895000000000000e+01,1.18895000000000000e+01,2.90013493191663418e-01,-1.21962050796788901e-02,-1.21962022453283754e-02,-3.43287252112971923e-06,-3.43287172334352799e-06,-6.86574344668705513e-06,-1.02986159678167735e-05,-1.02986151700305827e-05
1.18967500000000008e+01,1.18967500000000008e+01,2.89925111143650716e-01,-1.21850580384972318e-02,-1.21850552101897876e-02,-3.42555600060962563e-06,-3.42555520549436983e-06,-6.85111041098873881e-06,-1.02766664115983640e-05,-1.02766656164831086e-05
1.19039999999999999e+01,1.19039999999999999e+01,2.89836809850105181e-01,-1.21739279671970735e-02,-1.21739251449136925e-02,-3.41825951703867251e-06,-3.41825872458310271e-06,-6.83651744916620627e-06,-1.02547769662048788e-05,-1.02547761737493086e-05
1.19112500000000008e+01,1.19112500000000008e+01,2.89748589188126349e-01,-1.21628148296366589e-02,-1.21628120133540282e-02,-3.41098300339189494e-06,-3.41098221358358812e-06,-6.82196442716717539e-06,-1.02329474305590699e-05,-1.02329466407507639e-05
1.19184999999999999e+01,1.19184999999999999e+01,2.89660449035075485e-01,-1.21517185897488389e-02,-1.21517157794636694e-02,-3.40372639290232232e-06,-3.40372560573450477e-06,-6.80745121146901039e-06,-1.02111776043713319e-05,-1.02111768172035156e-05
1.19257500000000007e+01,1.19257500000000007e+01,2.89572389268574981e-01,-1.21406392116050199e-02,-1.21406364072940889e-02,-3.39648961907780224e-06,-3.39648883453814158e-06,-6.79297766907628316e-06,-1.01894672881540858e-05,-1.01894665036144247e-05
1.19329999999999998e+01,1.19329999999999998e+01,2.89484409766507245e-01,-1.21295766593476628e-02,-1.21295738609950247e-02,-3.38927261568095834e-06,-3.38927183375919531e-06,-6.77854366751839146e-06,-1.01678162831993502e-05,-1.01678155012775868e-05
1.19402500000000007e+01,1.19402500000000007e+01,2.89396510407014418e-01,-1.21185308972258099e-02,-1.21185281048141538e-02,-3.38207531673804947e-06,-3.38207453742357497e-06,-6.76414907484715078e-06,-1.01462243915852003e-05,-1.01462236122707262e-05
1.19474999999999998e+01,1.19474999999999998e+01,2.89308691068497492e-01,-1.21075018895808739e-02,-1.21074991030967766e-02,-3.37489765653390143e-06,-3.37489687981722319e-06,-6.74979375963444638e-06,-1.01246914161683478e-05,-1.01246906394516696e-05
1.19547500000000007e+01,1.19547500000000007e+01,2.89220951629615475e-01,-1.20964896008572964e-02,-1.20964868202854698e-02,-3.36773956961378276e-06,-3.36773879548491766e-06,-6.73547759096983531e-06,-1.01032171605836181e-05,-1.01032163864547525e-05
1.19619999999999997e+01,1.19619999999999997e+01,2.89133291969285056e-01,-1.20854939955989948e-02,-1.20854912209197897e-02,-3.36060099078133416e-06,-3.36060021922911745e-06,-6.72120043845823489e-06,-1.00818014292395686e-05,-1.00818006576873519e-05
1.19692500000000006e+01,1.19692500000000006e+01,2.89045711966679331e-01,-1.20745150384422573e-02,-1.20745122696359133e-02,-3.35348185509549840e-06,-3.35348108610876830e-06,-6.70696217221753745e-06,-1.00604440273130363e-05,-1.00604432583263062e-05
1.19764999999999997e+01,1.19764999999999997e+01,2.88958211501227691e-01,-1.20635526941086368e-02,-1.20635499311663556e-02,-3.34638209786749262e-06,-3.34638133143816420e-06,-6.69276266287632841e-06,-1.00391447607438210e-05,-1.00391439943144918e-05
1.19837500000000006e+01,1.19837500000000006e+01,2.88870790452614767e-01,-1.20526069274333736e-02,-1.20526041703396172e-02,-3.33930165466762228e-06,-3.33930089078576705e-06,-6.67860178157153410e-06,-1.00179034362391568e-05,-1.00179026723573012e-05
1.19910000000000014e+01,1.19910000000000014e+01,2.88783448700779877e-01,-1.20416777033405253e-02,-1.20416749520798859e-02,-3.33224046131731651e-06,-3.33223969997307161e-06,-6.66447939994614323e-06,-9.99671986126346058e-06,-9.99671909991921569e-06
1.19982500000000005e+01,1.19982500000000005e+01,2.88696186125916299e-01,-1.20307649868607314e-02,-1.20307622414067162e-02,-3.32519845389298549e-06,-3.32519769507345443e-06,-6.65039539014690886e-06,-9.97559384403989435e-06,-9.97559308522036330e-06
1.20055000000000014e+01,1.20055000000000014e+01,2.88609002608470444e-01,-1.20198687430850271e-02,-1.20198660034346923e-02,-3.31817556871219562e-06,-3.31817481241102481e-06,-6.63634962482204961e-06,-9.95452519353424439e-06,-9.95452443723307442e-06
1.20127500000000005e+01,1.20127500000000005e+01,2.88521898029141521e-01,-1.20089889372394509e-02,-1.20089862033731457e-02,-3.31117174235326265e-06,-3.31117098855950841e-06,-6.62234197711901683e-06,-9.93351371947228033e-06,-9.93351296567852440e-06
1.20200000000000014e+01,1.20200000000000014e+01,2.88434872268880482e-01,-1.19981255346246485e-02,-1.19981228065258096e-02,-3.30418691163749914e-06,-3.30418616034110254e-06,-6.60837232068220508e-06,-9.91255923231970422e-06,-9.91255848102330804e-06
1.20272500000000004e+01,1.20272500000000004e+01,2.88347925208889466e-01,-1.19872785006442939e-02,-1.19872757782905261e-02,-3.29722101363603350e-06,-3.29722026482536308e-06,-6.59444052965072615e-06,-9.89166154328676007e-06,-9.89166079447608881e-06
1.20345000000000013e+01,1.20345000000000013e+01,2.88261056730621135e-01,-1.19764478007731157e-02,-1.19764450841589216e-02,-3.29027398565997932e-06,-3.29027323932808221e-06,-6.58054647865616611e-06,-9.87082046431614501e-06,-9.87081971798424790e-06
1.20417500000000004e+01,1.20417500000000004e+01,2.88174266715778227e-01,-1.19656334006066345e-02,-1.19656306897161224e-02,-3.28334576527309768e-06,-3.28334502141018769e-06,-6.56669004282037623e-06,-9.85003580809347348e-06,-9.85003506423056391e-06
1.20490000000000013e+01,1.20490000000000013e+01,2.88087555046312338e-01,-1.19548352658291890e-02,-1.19548325606403973e-02,-3.27643629028196098e-06,-3.27643554887661883e-06,-6.55287109775323766e-06,-9.82930738803519864e-06,-9.82930664662985691e-06
1.20562500000000004e+01,1.20562500000000004e+01,2.88000921604423699e-01,-1.19440533621997247e-02,-1.19440506627029007e-02,-3.26954549873106299e-06,-3.26954475977524780e-06,-6.53908951955049475e-06,-9.80863501828155816e-06,-9.80863427932574254e-06
1.20635000000000012e+01,1.20635000000000012e+01,2.87914366272560396e-01,-1.19332876555944267e-02,-1.19332849617673296e-02,-3.26267332891348854e-06,-3.26267259239576790e-06,-6.52534518479153579e-06,-9.78801851370502433e-06,-9.78801777718730327e-06
1.20707500000000003e+01,1.20707500000000003e+01,2.87827888933417597e-01,-1.19225381119569818e-02,-1.19225354237896403e-02,-3.25581971935628946e-06,-3.25581898526861825e-06,-6.51163797053723651e-06,-9.76745768989352597e-06,-9.76745695580585433e-06
1.20780000000000012e+01,1.20780000000000012e+01,2.87741489469936995e-01,-1.19118046973412106e-02,-1.19118020148177243e-02,-3.24898460883115172e-06,-3.24898387716389029e-06,-6.49796775432778058e-06,-9.74695236315893230e-06,-9.74695163149167087e-06
1.20852500000000003e+01,1.20852500000000003e+01,2.87655167765306141e-01,-1.19010873778861992e-02,-1.19010847009911307e-02,-3.24216793634659720e-06,-3.24216720709026259e-06,-6.48433441418052433e-06,-9.72650235052712069e-06,-9.72650162127078777e-06
1.20925000000000011e+01,1.20925000000000011e+01,2.87568923702957668e-01,-1.18903861198198513e-02,-1.18903834485407332e-02,-3.23536964114796550e-06,-3.23536891429391119e-06,-6.47073782858782238e-06,-9.70610746973578788e-06,-9.70610674288173358e-06
1.20997500000000002e+01,1.20997500000000002e+01,2.87482757166568736e-01,-1.18797008894730993e-02,-1.18796982237884558e-02,-3.22858966272030610e-06,-3.22858893825746265e-06,-6.45717787651492444e-06,-9.68576753923523096e-06,-9.68576681477238794e-06
1.21070000000000011e+01,1.21070000000000011e+01,2.87396668040060310e-01,-1.18690316532514828e-02,-1.18690289931469520e-02,-3.22182794077965141e-06,-3.22182721869891617e-06,-6.44365443739783234e-06,-9.66548237817748333e-06,-9.66548165609674767e-06
1.21142500000000002e+01,1.21142500000000002e+01,2.87310656207596604e-01,-1.18583783776564644e-02,-1.18583757231193257e-02,-3.21508441527786052e-06,-3.21508369557060266e-06,-6.43016739114120616e-06,-9.64525180641906583e-06,-9.64525108671180967e-06
1.21215000000000011e+01,1.21215000000000011e+01,2.87224721553584306e-01,-1.18477410292818774e-02,-1.18477383802988202e-02,-3.20835902640066551e-06,-3.20835830905812035e-06,-6.41671661811624071e-06,-9.62507564451690580e-06,-9.62507492717436064e-06
1.21287500000000001e+01,1.21287500000000001e+01,2.87138863962672020e-01,-1.18371195748103730e-02,-1.18371169313685257e-02,-3.20165171456575253e-06,-3.20165099957930108e-06,-6.40330199915860216e-06,-9.60495371372435427e-06,-9.60495299873790240e-06
1.21360000000000010e+01,1.21360000000000010e+01,2.87053083319749547e-01,-1.18265139810205255e-02,-1.18265113431010854e-02,-3.19496242042371760e-06,-3.19496170778316329e-06,-6.38992341556632743e-06,-9.58488583599004587e-06,-9.58488512334949072e-06
1.21432500000000001e+01,1.21432500000000001e+01,2.86967379509947218e-01,-1.18159242147655164e-02,-1.18159215823583977e-02,-3.18829108485135142e-06,-3.18829037454888164e-06,-6.37658074909776413e-06,-9.56487183394911513e-06,-9.56487112364664535e-06
1.21505000000000010e+01,1.21505000000000010e+01,2.86881752418635394e-01,-1.18053502430086610e-02,-1.18053476160913280e-02,-3.18163764896028543e-06,-3.18163694098475576e-06,-6.36327388196951236e-06,-9.54491153092979821e-06,-9.54491082295426854e-06
1.21577500000000001e+01,1.21577500000000001e+01,2.86796201931423578e-01,-1.17947920327807765e-02,-1.17947894113394156e-02,-3.17500205408453910e-06,-3.17500134842718784e-06,-6.35000269685437568e-06,-9.52500475093891478e-06,-9.52500404528156352e-06
1.21650000000000009e+01,1.21650000000000009e+01,2.86710727934160081e-01,-1.17842495512086032e-02,-1.17842469352305822e-02,-3.16838424178725268e-06,-3.16838353843966116e-06,-6.33676707687932146e-06,-9.50515131866657414e-06,-9.50515061531898177e-06
1.21722500000000000e+01,1.21722500000000000e+01,2.86625330312931081e-01,-1.17737227655041465e-02,-1.17737201549808403e-02,-3.16178415385687839e-06,-3.16178345281173037e-06,-6.32356690562346074e-06,-9.48535105948033913e-06,-9.48535035843519069e-06
1.21795000000000009e+01,1.21795000000000009e+01,2.86540008954060232e-01,-1.17632116429895461e-02,-1.17632090378940110e-02,-3.15520173231292215e-06,-3.15520103355800765e-06,-6.31040206711601530e-06,-9.46560379942893787e-06,-9.46560310067402252e-06
1.21867500000000000e+01,1.21867500000000000e+01,2.86454763744107777e-01,-1.17527161510331268e-02,-1.17527135513614284e-02,-3.14863691938785343e-06,-3.14863622291716655e-06,-6.29727244583433310e-06,-9.44590936522218737e-06,-9.44590866875149965e-06
1.21940000000000008e+01,1.21940000000000008e+01,2.86369594569870212e-01,-1.17422362571275585e-02,-1.17422336628616609e-02,-3.14208965754715705e-06,-3.14208896335093490e-06,-6.28417792670186980e-06,-9.42626758424902684e-06,-9.42626689005280385e-06
1.22012499999999999e+01,1.22012499999999999e+01,2.86284501318379458e-01,-1.17317719288330125e-02,-1.17317693399602279e-02,-3.13555988947317269e-06,-3.13555919754311223e-06,-6.27111839508622446e-06,-9.40667828455939631e-06,-9.40667759262933712e-06
1.22085000000000008e+01,1.22085000000000008e+01,2.86199483876902139e-01,-1.17213231338055834e-02,-1.17213205503092985e-02,-3.12904755807179363e-06,-3.12904686839856733e-06,-6.25809373679713466e-06,-9.38714129486892913e-06,-9.38714060519570283e-06
1.22157499999999999e+01,1.22157499999999999e+01,2.86114542132939242e-01,-1.17108898397795258e-02,-1.17108872616474326e-02,-3.12255260646681235e-06,-3.12255191904227006e-06,-6.24510383808453927e-06,-9.36765644455135247e-06,-9.36765575712680891e-06
1.22230000000000008e+01,1.22230000000000008e+01,2.86029675974225295e-01,-1.17004720145850172e-02,-1.17004694417992827e-02,-3.11607497800375551e-06,-3.11607429281829951e-06,-6.23214858563659986e-06,-9.34822356364035580e-06,-9.34822287845489979e-06
1.22302499999999998e+01,1.22302499999999998e+01,2.85944885288727746e-01,-1.16900696261268422e-02,-1.16900670586753234e-02,-3.10961461624330844e-06,-3.10961393328888428e-06,-6.21922786657776770e-06,-9.32884248282107657e-06,-9.32884179986665283e-06
1.22375000000000007e+01,1.22375000000000007e+01,2.85860169964646416e-01,-1.16796826424057087e-02,-1.16796800802715581e-02,-3.10317146496609066e-06,-3.10317078423341740e-06,-6.20634156846683649e-06,-9.30951303343292757e-06,-9.30951235270025431e-06
1.22447499999999998e+01,1.22447499999999998e+01,2.85775529890412883e-01,-1.16693110314969317e-02,-1.16693084746692620e-02,-3.09674546816610455e-06,-3.09674478964751188e-06,-6.19348957929502377e-06,-9.29023504746112832e-06,-9.29023436894253480e-06
1.22520000000000007e+01,1.22520000000000007e+01,2.85690964954689708e-01,-1.16589547615717493e-02,-1.16589522100346756e-02,-3.09033657005550625e-06,-3.09033589374202114e-06,-6.18067178748404228e-06,-9.27100835753954768e-06,-9.27100768122606384e-06
1.22592499999999998e+01,1.22592499999999998e+01,2.85606475046370101e-01,-1.16486138008724538e-02,-1.16486112546187615e-02,-3.08394471505713314e-06,-3.08394404094210510e-06,-6.16788808188421105e-06,-9.25183279694134418e-06,-9.25183212282631572e-06
1.22665000000000006e+01,1.22665000000000006e+01,2.85522060054577032e-01,-1.16382881177550246e-02,-1.16382855767568991e-02,-3.07756984781491300e-06,-3.07756917588626378e-06,-6.15513835177252840e-06,-9.23270819958744140e-06,-9.23270752765879133e-06
1.22737499999999997e+01,1.22737499999999997e+01,2.85437719868662676e-01,-1.16279776806180735e-02,-1.16279751448686297e-02,-3.07121191317418877e-06,-3.07121124342540593e-06,-6.14242248685081102e-06,-9.21363440002499978e-06,-9.21363373027621780e-06
1.22810000000000006e+01,1.22810000000000006e+01,2.85353454378208082e-01,-1.16176824579667937e-02,-1.16176799274573753e-02,-3.06487085619777650e-06,-3.06487018862189872e-06,-6.12974037724379830e-06,-9.19461123344157395e-06,-9.19461056586569745e-06
1.22882500000000014e+01,1.22882500000000014e+01,2.85269263473022172e-01,-1.16074024184023017e-02,-1.16073998931101718e-02,-3.05854662216226817e-06,-3.05854595674864358e-06,-6.11709191349728716e-06,-9.17563853565955449e-06,-9.17563787024593117e-06
1.22955000000000005e+01,1.22955000000000005e+01,2.85185147043141296e-01,-1.15971375305790048e-02,-1.15971350104973892e-02,-3.05223915654592494e-06,-3.05223849328813684e-06,-6.10447698657627369e-06,-9.15671614312219863e-06,-9.15671547986440969e-06
1.23027500000000014e+01,1.23027500000000014e+01,2.85101104978828790e-01,-1.15868877632614442e-02,-1.15868852483724683e-02,-3.04594840504281378e-06,-3.04594774393154566e-06,-6.09189548786309132e-06,-9.13784389290590552e-06,-9.13784323179463698e-06
1.23100000000000005e+01,1.23100000000000005e+01,2.85017137170574031e-01,-1.15766530852816629e-02,-1.15766505755716502e-02,-3.03967431355072789e-06,-3.03967365457779275e-06,-6.07934730915558550e-06,-9.11902162270631297e-06,-9.11902096373337910e-06
1.23172500000000014e+01,1.23172500000000014e+01,2.84933243509092216e-01,-1.15664334655498635e-02,-1.15664309610137069e-02,-3.03341682817314592e-06,-3.03341617133263020e-06,-6.06683234266526125e-06,-9.10024917083840760e-06,-9.10024851399789103e-06
1.23245000000000005e+01,1.23245000000000005e+01,2.84849423885323527e-01,-1.15562288730863827e-02,-1.15562263736996851e-02,-3.02717589522678917e-06,-3.02717524050774117e-06,-6.05435048101548233e-06,-9.08152637624227108e-06,-9.08152572152322307e-06
1.23317500000000013e+01,1.23317500000000013e+01,2.84765678190432470e-01,-1.15460392769612952e-02,-1.15460367827126091e-02,-3.02095146122492321e-06,-3.02095080861981491e-06,-6.04190161723962981e-06,-9.06285307846455387e-06,-9.06285242585944429e-06
1.23390000000000004e+01,1.23390000000000004e+01,2.84682006315807590e-01,-1.15358646463405989e-02,-1.15358621572172609e-02,-3.01474347288865557e-06,-3.01474282238966250e-06,-6.02948564477932585e-06,-9.04422911766798057e-06,-9.04422846716898792e-06
1.23462500000000013e+01,1.23462500000000013e+01,2.84598408153060534e-01,-1.15257049504720044e-02,-1.15257024664598764e-02,-3.00855187714236645e-06,-3.00855122874130247e-06,-6.01710245748260494e-06,-9.02565433462497181e-06,-9.02565368622390698e-06
1.23535000000000004e+01,1.23535000000000004e+01,2.84514883594025769e-01,-1.15155601586778289e-02,-1.15155576797679095e-02,-3.00237662111103675e-06,-3.00237597480107985e-06,-6.00475194960216055e-06,-9.00712857071319730e-06,-9.00712792440323998e-06
1.23607500000000012e+01,1.23607500000000012e+01,2.84431432530759698e-01,-1.15054302403763131e-02,-1.15054277665497511e-02,-2.99621765212498467e-06,-2.99621700789676751e-06,-5.99243401579353418e-06,-8.98865166791851842e-06,-8.98865102369030212e-06
1.23680000000000003e+01,1.23680000000000003e+01,2.84348054855540322e-01,-1.14953151650496466e-02,-1.14953126962944827e-02,-2.99007491771071139e-06,-2.99007427555668735e-06,-5.98014855111337385e-06,-8.97022346882408524e-06,-8.97022282667006119e-06
1.23752500000000012e+01,1.23752500000000012e+01,2.84264750460866467e-01,-1.14852149022723893e-02,-1.14852124385716025e-02,-2.98394836559749316e-06,-2.98394772550882300e-06,-5.96789545101764516e-06,-8.95184381661513916e-06,-8.95184317652646774e-06
1.23825000000000003e+01,1.23825000000000003e+01,2.84181519239457392e-01,-1.14751294216830502e-02,-1.14751269630307840e-02,-2.97783794370918574e-06,-2.97783730567995380e-06,-5.95567461135990929e-06,-8.93351255506909418e-06,-8.93351191703986309e-06
1.23897500000000012e+01,1.23897500000000012e+01,2.84098361084252071e-01,-1.14650586930160614e-02,-1.14650562394016040e-02,-2.97174360017172454e-06,-2.97174296419477423e-06,-5.94348592838954931e-06,-8.91522952856127300e-06,-8.91522889258432312e-06
1.23970000000000002e+01,1.23970000000000002e+01,2.84015275888408636e-01,-1.14550026860946730e-02,-1.14550002374932906e-02,-2.96566528331046573e-06,-2.96566464937503085e-06,-5.93132929875006085e-06,-8.89699458206052616e-06,-8.89699394812509170e-06
1.24042500000000011e+01,1.24042500000000011e+01,2.83932263545303709e-01,-1.14449613707954256e-02,-1.14449589271944565e-02,-2.95960294164018325e-06,-2.95960230973865192e-06,-5.91920461947730300e-06,-8.87880756111748709e-06,-8.87880692921595492e-06
1.24115000000000002e+01,1.24115000000000002e+01,2.83849323948532128e-01,-1.14349347170765725e-02,-1.14349322784728733e-02,-2.95355652387166120e-06,-2.95355589399890338e-06,-5.90711178799780591e-06,-8.86066831186946795e-06,-8.86066768199671013e-06
1.24187500000000011e+01,1.24187500000000011e+01,2.83766456991906113e-01,-1.14249226949993954e-02,-1.14249202613751818e-02,-2.94752597891639494e-06,-2.94752535106351720e-06,-5.89505070212703440e-06,-8.84257668104342934e-06,-8.84257605319055203e-06
1.24260000000000002e+01,1.24260000000000002e+01,2.83683662569454653e-01,-1.14149252746820196e-02,-1.14149228460266646e-02,-2.94151125587387667e-06,-2.94151063003385627e-06,-5.88302126006771169e-06,-8.82453251594158921e-06,-8.82453189010156880e-06
1.24332500000000010e+01,1.24332500000000010e+01,2.83600940575423177e-01,-1.14049424263384935e-02,-1.14049400026309759e-02,-2.93551230404089205e-06,-2.93551168020405247e-06,-5.87102336040810495e-06,-8.80653566444899700e-06,-8.80653504061215699e-06
1.24405000000000001e+01,1.24405000000000001e+01,2.83518290904272774e-01,-1.13949741202361565e-02,-1.13949717014699085e-02,-2.92952907289977268e-06,-2.92952845106018216e-06,-5.85905690212036263e-06,-8.78858597502013531e-06,-8.78858535318054479e-06
1.24477500000000010e+01,1.24477500000000010e+01,2.83435713450679749e-01,-1.13850203267418237e-02,-1.13850179129031236e-02,-2.92356151212950455e-06,-2.92356089227941019e-06,-5.84712178455882038e-06,-8.77068329668832535e-06,-8.77068267683823057e-06
1.24550000000000001e+01,1.24550000000000001e+01,2.83353208109535015e-01,-1.13750810162933647e-02,-1.13750786073679253e-02,-2.91760957159764603e-06,-2.91760895372917466e-06,-5.83521790745834933e-06,-8.75282747905599620e-06,-8.75282686118752484e-06
1.24622500000000009e+01,1.24622500000000009e+01,2.83270774775943535e-01,-1.13651561594032557e-02,-1.13651537553789844e-02,-2.91167320136047784e-06,-2.91167258546634074e-06,-5.82334517093268064e-06,-8.73501837229315848e-06,-8.73501775639902096e-06
1.24695000000000000e+01,1.24695000000000000e+01,2.83188413345223711e-01,-1.13552457266621332e-02,-1.13552433275281167e-02,-2.90575235166315463e-06,-2.90575173773638666e-06,-5.81150347547277332e-06,-8.71725582713592879e-06,-8.71725521320915913e-06
1.24767500000000009e+01,1.24767500000000009e+01,2.83106123712906943e-01,-1.13453496887423455e-02,-1.13453472944840175e-02,-2.89984697293985324e-06,-2.89984636097257529e-06,-5.79969272194515059e-06,-8.69953969488500341e-06,-8.69953908291772588e-06
1.24840000000000000e+01,1.24840000000000000e+01,2.83023905774736961e-01,-1.13354680163872956e-02,-1.13354656269920289e-02,-2.89395701581029139e-06,-2.89395640579514359e-06,-5.78791281159028719e-06,-8.68186982740057773e-06,-8.68186921738542993e-06
1.24912500000000009e+01,1.24912500000000009e+01,2.82941759426669326e-01,-1.13256006804185461e-02,-1.13255982958738836e-02,-2.88808243108079322e-06,-2.88808182301048050e-06,-5.77616364602096185e-06,-8.66424607710175507e-06,-8.66424546903144236e-06
1.24984999999999999e+01,1.24984999999999999e+01,2.82859684564870872e-01,-1.13157476517322664e-02,-1.13157452720274790e-02,-2.88222316974264015e-06,-2.88222256361032908e-06,-5.76444512722065731e-06,-8.64666829696329746e-06,-8.64666769083098596e-06
1.25057500000000008e+01,1.25057500000000008e+01,2.82777681085719157e-01,-1.13059089013098912e-02,-1.13059065264266099e-02,-2.87637918297403471e-06,-2.87637857877096781e-06,-5.75275715754193392e-06,-8.62913634051596949e-06,-8.62913573631290089e-06
1.25129999999999999e+01,1.25129999999999999e+01,2.82695748885801901e-01,-1.12960844001896987e-02,-1.12960820301207503e-02,-2.87055042213212997e-06,-2.87054981985242121e-06,-5.74109963970484326e-06,-8.61165006183697366e-06,-8.61164945955726446e-06
1.25202500000000008e+01,1.25202500000000008e+01,2.82613887861916435e-01,-1.12862741195023375e-02,-1.12862717542347966e-02,-2.86473683876133426e-06,-2.86473623839765468e-06,-5.72947247679530936e-06,-8.59420931555664362e-06,-8.59420871519296361e-06
1.25274999999999999e+01,1.25274999999999999e+01,2.82532097911069091e-01,-1.12764780304495105e-02,-1.12764756699688315e-02,-2.85893838458715494e-06,-2.85893778613178638e-06,-5.71787557226357276e-06,-8.57681395685072771e-06,-8.57681335839535872e-06
1.25347500000000007e+01,1.25347500000000007e+01,2.82450378930474866e-01,-1.12666961043039748e-02,-1.12666937485978915e-02,-2.85315501151546743e-06,-2.85315441496129099e-06,-5.70630882992258284e-06,-8.55946384143805111e-06,-8.55946324488387298e-06
1.25419999999999998e+01,1.25419999999999998e+01,2.82368730817556701e-01,-1.12569283124166475e-02,-1.12569259614717226e-02,-2.84738667163360148e-06,-2.84738607697322343e-06,-5.69477215394644686e-06,-8.54215882558004833e-06,-8.54215823091966986e-06
1.25492500000000007e+01,1.25492500000000007e+01,2.82287153469944818e-01,-1.12471746262094996e-02,-1.12471722800145356e-02,-2.84163331720781030e-06,-2.84163272443442514e-06,-5.68326544886885029e-06,-8.52489876607666016e-06,-8.52489817330327458e-06
1.25564999999999998e+01,1.25564999999999998e+01,2.82205646785476660e-01,-1.12374350171826620e-02,-1.12374326757247907e-02,-2.83589490068435980e-06,-2.83589430979075929e-06,-5.67178861958151942e-06,-8.50768352026587964e-06,-8.50768292937227871e-06
1.25637500000000006e+01,1.25637500000000006e+01,2.82124210662195729e-01,-1.12277094569073199e-02,-1.12277071201749359e-02,-2.83017137468700825e-06,-2.83017078566632422e-06,-5.66034157133264844e-06,-8.49051294601965584e-06,-8.49051235699897181e-06
1.25709999999999997e+01,1.25709999999999997e+01,2.82042844998351527e-01,-1.12179979170292654e-02,-1.12179955850111972e-02,-2.82446269201719943e-06,-2.82446210486269288e-06,-5.64892420972538490e-06,-8.47338690174258433e-06,-8.47338631458807820e-06
1.25782500000000006e+01,1.25782500000000006e+01,2.81961549692398783e-01,-1.12083003692688976e-02,-1.12082980419533230e-02,-2.81876880565334895e-06,-2.81876822035813689e-06,-5.63753644071627379e-06,-8.45630524636962189e-06,-8.45630466107441068e-06
1.25855000000000015e+01,1.25855000000000015e+01,2.81880324642997115e-01,-1.11986167854176699e-02,-1.11986144627943696e-02,-2.81308966874925275e-06,-2.81308908530687444e-06,-5.62617817061374888e-06,-8.43926783936300163e-06,-8.43926725592062247e-06
1.25927500000000006e+01,1.25927500000000006e+01,2.81799169749010203e-01,-1.11889471373487481e-02,-1.11889448194004565e-02,-2.80742523463605680e-06,-2.80742465303830280e-06,-5.61484930607660559e-06,-8.42227454071266154e-06,-8.42227395911490839e-06
1.26000000000000014e+01,1.26000000000000014e+01,2.81718084909505506e-01,-1.11792913969956942e-02,-1.11792890837105353e-02,-2.80177545681620764e-06,-2.80177487705624281e-06,-5.60354975411248647e-06,-8.40532521092869411e-06,-8.40532463116872971e-06
1.26072500000000005e+01,1.26072500000000005e+01,2.81637070023753766e-01,-1.11696495363702297e-02,-1.11696472277361732e-02,-2.79614028896722420e-06,-2.79613971103819648e-06,-5.59227942207639296e-06,-8.38841971104361801e-06,-8.38841913311458987e-06
1.26145000000000014e+01,1.26145000000000014e+01,2.81556124991228174e-01,-1.11600215275551307e-02,-1.11600192235613033e-02,-2.79051968493921856e-06,-2.79051910883458333e-06,-5.58103821766916667e-06,-8.37155790260838522e-06,-8.37155732650374915e-06
1.26217500000000005e+01,1.26217500000000005e+01,2.81475249711604203e-01,-1.11504073427006745e-02,-1.11504050433420161e-02,-2.78491359875332802e-06,-2.78491302446801284e-06,-5.56982604893602568e-06,-8.35473964768935370e-06,-8.35473907340403767e-06
1.26290000000000013e+01,1.26290000000000013e+01,2.81394444084758943e-01,-1.11408069540530619e-02,-1.11408046593063151e-02,-2.77932198460812511e-06,-2.77932141213253098e-06,-5.55864282426506111e-06,-8.33796480887318665e-06,-8.33796423639759209e-06
1.26362500000000004e+01,1.26362500000000004e+01,2.81313708010770436e-01,-1.11312203338940208e-02,-1.11312180437538998e-02,-2.77374479686385384e-06,-2.77374422619288924e-06,-5.54748845238577933e-06,-8.32123324924963402e-06,-8.32123267857866856e-06
1.26435000000000013e+01,1.26435000000000013e+01,2.81233041389917449e-01,-1.11216474546012023e-02,-1.11216451690559354e-02,-2.76818199005683519e-06,-2.76818142118380898e-06,-5.53636284236761795e-06,-8.30454483242445315e-06,-8.30454426355142693e-06
1.26507500000000004e+01,1.26507500000000004e+01,2.81152444122678702e-01,-1.11120882886233119e-02,-1.11120860076548301e-02,-2.76263351889257819e-06,-2.76263295180925255e-06,-5.52526590361850594e-06,-8.28789942251108412e-06,-8.28789885542775891e-06
1.26580000000000013e+01,1.26580000000000013e+01,2.81071916109732423e-01,-1.11025428084694511e-02,-1.11025405320640067e-02,-2.75709933824245870e-06,-2.75709877294169357e-06,-5.51419754588338714e-06,-8.27129688412584541e-06,-8.27129631882508071e-06
1.26652500000000003e+01,1.26652500000000003e+01,2.80991457251955956e-01,-1.10930109867091176e-02,-1.10930087148676873e-02,-2.75157940314307147e-06,-2.75157883962140036e-06,-5.50315767924280157e-06,-8.25473708238587219e-06,-8.25473651886420193e-06
1.26725000000000012e+01,1.26725000000000012e+01,2.80911067450425100e-01,-1.10834927960148377e-02,-1.10834905287206572e-02,-2.74607366880614036e-06,-2.74607310705571001e-06,-5.49214621411142002e-06,-8.23821988291755953e-06,-8.23821932116713004e-06
1.26797500000000003e+01,1.26797500000000003e+01,2.80830746606413773e-01,-1.10739882091088759e-02,-1.10739859463480656e-02,-2.74058209060462366e-06,-2.74058153061831773e-06,-5.48116306123663462e-06,-8.22174515184125828e-06,-8.22174459185495277e-06
1.26870000000000012e+01,1.26870000000000012e+01,2.80750494621393065e-01,-1.10644971987881036e-02,-1.10644949405451654e-02,-2.73510462407823251e-06,-2.73510406584855517e-06,-5.47020813169710950e-06,-8.20531275577534243e-06,-8.20531219754566467e-06
1.26942500000000003e+01,1.26942500000000003e+01,2.80670311397031358e-01,-1.10550197379062354e-02,-1.10550174841771414e-02,-2.72964122492838636e-06,-2.72964066845069630e-06,-5.45928133690139344e-06,-8.18892256182978022e-06,-8.18892200535209016e-06
1.27015000000000011e+01,1.27015000000000011e+01,2.80590196835193428e-01,-1.10455557994058040e-02,-1.10455535501788535e-02,-2.72419184902546147e-06,-2.72419129429323865e-06,-5.44838258858647645e-06,-8.17257443761193792e-06,-8.17257388287971510e-06
1.27087500000000002e+01,1.27087500000000002e+01,2.80510150837939953e-01,-1.10361053562932909e-02,-1.10361031115546356e-02,-2.71875645240199519e-06,-2.71875589940820754e-06,-5.43751179881641424e-06,-8.15626825121840943e-06,-8.15626769822462179e-06
1.27160000000000011e+01,1.27160000000000011e+01,2.80430173307527175e-01,-1.10266683816426792e-02,-1.10266661413780734e-02,-2.71333499125291463e-06,-2.71333443999045386e-06,-5.42666887998090771e-06,-8.14000387123382191e-06,-8.14000331997136115e-06
1.27232500000000002e+01,1.27232500000000002e+01,2.80350264146406125e-01,-1.10172448485919006e-02,-1.10172426127917843e-02,-2.70792742193403275e-06,-2.70792687239696370e-06,-5.41585374479392654e-06,-8.12378116672795930e-06,-8.12378061719088939e-06
1.27305000000000010e+01,1.27305000000000010e+01,2.80270423257222567e-01,-1.10078347303534940e-02,-1.10078324990072092e-02,-2.70253370096402537e-06,-2.70253315314615918e-06,-5.40506630629231752e-06,-8.10760000725634332e-06,-8.10759945943847755e-06
1.27377500000000001e+01,1.27377500000000001e+01,2.80190650542816000e-01,-1.09984380002075000e-02,-1.09984357733043901e-02,-2.69715378502205224e-06,-2.69715323891721871e-06,-5.39430647783443826e-06,-8.09146026285649135e-06,-8.09145971675165654e-06
1.27450000000000010e+01,1.27450000000000010e+01,2.80110945906219544e-01,-1.09890546315085658e-02,-1.09890524090317590e-02,-2.69178763094885861e-06,-2.69178708654938277e-06,-5.38357417309876639e-06,-8.07536180404762501e-06,-8.07536125964814874e-06
1.27522500000000001e+01,1.27522500000000001e+01,2.80031309250659166e-01,-1.09796845976610769e-02,-1.09796823796059189e-02,-2.68643519574005872e-06,-2.68643465304127850e-06,-5.37286930608255785e-06,-8.05930450182261657e-06,-8.05930395912383678e-06
1.27595000000000010e+01,1.27595000000000010e+01,2.79951740479553457e-01,-1.09703278721546837e-02,-1.09703256585114393e-02,-2.68109643655421348e-06,-2.68109589555023565e-06,-5.36219179110047130e-06,-8.04328822765468563e-06,-8.04328768665070695e-06
1.27667500000000000e+01,1.27667500000000000e+01,2.79872239496512909e-01,-1.09609844285500913e-02,-1.09609822193006412e-02,-2.67577131070871392e-06,-2.67577077139161745e-06,-5.35154154278323575e-06,-8.02731285349194925e-06,-8.02731231417485363e-06
1.27740000000000009e+01,1.27740000000000009e+01,2.79792806205339473e-01,-1.09516542404648476e-02,-1.09516520355933712e-02,-2.67045977567569340e-06,-2.67045923803814045e-06,-5.34091847607628090e-06,-8.01137825175197388e-06,-8.01137771411442093e-06
1.27812500000000000e+01,1.27812500000000000e+01,2.79713440510026223e-01,-1.09423372815662390e-02,-1.09423350810768198e-02,-2.66516178907969108e-06,-2.66516125311921339e-06,-5.33032250623842848e-06,-7.99548429531811956e-06,-7.99548375935764272e-06
1.27885000000000009e+01,1.27885000000000009e+01,2.79634142314756751e-01,-1.09330335256316857e-02,-1.09330313295052869e-02,-2.65987730871175754e-06,-2.65987677442026764e-06,-5.31975354884053444e-06,-7.97963085755229283e-06,-7.97963032326080293e-06
1.27957500000000000e+01,1.27957500000000000e+01,2.79554911523904548e-01,-1.09237429464741354e-02,-1.09237407546999808e-02,-2.65460629251065109e-06,-2.65460575988209227e-06,-5.30921151976418285e-06,-7.96381781227483478e-06,-7.96381727964627554e-06
1.28030000000000008e+01,1.28030000000000008e+01,2.79475748042032845e-01,-1.09144655179882477e-02,-1.09144633305488098e-02,-2.64934869857348369e-06,-2.64934816760017886e-06,-5.29869633520035858e-06,-7.94804503377384184e-06,-7.94804450280053744e-06
1.28102499999999999e+01,1.28102499999999999e+01,2.79396651773893778e-01,-1.09052012141113153e-02,-1.09051990310061776e-02,-2.64410448514562305e-06,-2.64410395582406593e-06,-5.28820791164813271e-06,-7.93231239679375619e-06,-7.93231186747219822e-06
1.28175000000000008e+01,1.28175000000000008e+01,2.79317622624428219e-01,-1.08959500088801065e-02,-1.08959478300927719e-02,-2.63887361063388138e-06,-2.63887308295668033e-06,-5.27774616591336236e-06,-7.91661977654724289e-06,-7.91661924887004353e-06
1.28247499999999999e+01,1.28247499999999999e+01,2.79238660498765057e-01,-1.08867118763740223e-02,-1.08867097018953609e-02,-2.63365603359212722e-06,-2.63365550755369521e-06,-5.26731101510738958e-06,-7.90096704869951638e-06,-7.90096652266108522e-06
1.28320000000000007e+01,1.28320000000000007e+01,2.79159765302220808e-01,-1.08774867907470707e-02,-1.08774846205665840e-02,-2.62845171272843825e-06,-2.62845118832287231e-06,-5.25690237664574378e-06,-7.88535408937418160e-06,-7.88535356496861652e-06
1.28392499999999998e+01,1.28392499999999998e+01,2.79080936940299229e-01,-1.08682747262136559e-02,-1.08682725603247553e-02,-2.62326060690107320e-06,-2.62326008412343175e-06,-5.24652016824686349e-06,-7.86978077514793669e-06,-7.86978025237029439e-06
1.28465000000000007e+01,1.28465000000000007e+01,2.79002175318690648e-01,-1.08590756570698943e-02,-1.08590734954536507e-02,-2.61808267512301917e-06,-2.61808215396539810e-06,-5.23616430793079620e-06,-7.85424698305381537e-06,-7.85424646189619473e-06
1.28537499999999998e+01,1.28537499999999998e+01,2.78923480343271690e-01,-1.08498895576616405e-02,-1.08498874003023129e-02,-2.61291787655368897e-06,-2.61291735700897661e-06,-5.22583471401795238e-06,-7.83875259057164093e-06,-7.83875207102692857e-06
1.28610000000000007e+01,1.28610000000000007e+01,2.78844851920104608e-01,-1.08407164023880398e-02,-1.08407142492848371e-02,-2.60776617049920156e-06,-2.60776565256390219e-06,-5.21553130512780608e-06,-7.82329747562700806e-06,-7.82329695769170912e-06
1.28682499999999997e+01,1.28682499999999997e+01,2.78766289955437063e-01,-1.08315561657370552e-02,-1.08315540168801919e-02,-2.60262751642036101e-06,-2.60262700008882790e-06,-5.20525400017765664e-06,-7.80788151659801680e-06,-7.80788100026648496e-06
1.28755000000000006e+01,1.28755000000000006e+01,2.78687794355701401e-01,-1.08224088222570458e-02,-1.08224066776319901e-02,-2.59750187392521412e-06,-2.59750135919067651e-06,-5.19500271838135301e-06,-7.79250459230656671e-06,-7.79250407757202909e-06
1.28827500000000015e+01,1.28827500000000015e+01,2.78609365027514322e-01,-1.08132743465532144e-02,-1.08132722061483107e-02,-2.59238920276763203e-06,-2.59238868962402855e-06,-5.18477737924805709e-06,-7.77716658201568870e-06,-7.77716606887208564e-06
1.28900000000000006e+01,1.28900000000000006e+01,2.78531001877676376e-01,-1.08041527132947124e-02,-1.08041505771014883e-02,-2.58728946284844779e-06,-2.58728895129049718e-06,-5.17457790258099522e-06,-7.76186736542944343e-06,-7.76186685387149282e-06
1.28972500000000014e+01,1.28972500000000014e+01,2.78452704813171525e-01,-1.07950438972217455e-02,-1.07950417652279158e-02,-2.58220261421657953e-06,-2.58220210423810312e-06,-5.16440420847620708e-06,-7.74660682269278576e-06,-7.74660631271430935e-06
1.29045000000000005e+01,1.29045000000000005e+01,2.78374473741166639e-01,-1.07859478731384684e-02,-1.07859457453278549e-02,-2.57712861706676039e-06,-2.57712810866066681e-06,-5.15425621732133448e-06,-7.73138483438809529e-06,-7.73138432598200171e-06
1.29117500000000014e+01,1.29117500000000014e+01,2.78296308569011053e-01,-1.07768646158952208e-02,-1.07768624922652250e-02,-2.57206743173472657e-06,-2.57206692489718681e-06,-5.14413384979437363e-06,-7.71620128152909978e-06,-7.71620077469156044e-06
1.29190000000000005e+01,1.29190000000000005e+01,2.78218209204236178e-01,-1.07677941004205024e-02,-1.07677919809674189e-02,-2.56701901870430398e-06,-2.56701851343123450e-06,-5.13403702686246901e-06,-7.70105604556677384e-06,-7.70105554029370436e-06
1.29262500000000014e+01,1.29262500000000014e+01,2.78140175554554892e-01,-1.07587363017280779e-02,-1.07587341864250983e-02,-2.56198333860851663e-06,-2.56198283489034384e-06,-5.12396566978068768e-06,-7.68594900838920515e-06,-7.68594850467103067e-06
1.29335000000000004e+01,1.29335000000000004e+01,2.78062207527861149e-01,-1.07496911948459228e-02,-1.07496890836920062e-02,-2.55696035221210002e-06,-2.55695985004540825e-06,-5.11391970009081820e-06,-7.67088005230291906e-06,-7.67087955013622602e-06
1.29407500000000013e+01,1.29407500000000013e+01,2.77984305032229595e-01,-1.07406587548979360e-02,-1.07406566478847661e-02,-2.55195002043042302e-06,-2.55194951981007714e-06,-5.10389903962015429e-06,-7.65584906005057646e-06,-7.65584855943023186e-06
1.29480000000000004e+01,1.29480000000000004e+01,2.77906467975915117e-01,-1.07316389570719650e-02,-1.07316368541826961e-02,-2.54695230432130386e-06,-2.54695180524015788e-06,-5.09390361048031662e-06,-7.64085591480162090e-06,-7.64085541572047408e-06
1.29552500000000013e+01,1.29552500000000013e+01,2.77828696267352016e-01,-1.07226317766091483e-02,-1.07226296778275988e-02,-2.54196716508192987e-06,-2.54196666753301695e-06,-5.08393333506603304e-06,-7.62590050014796292e-06,-7.62590000259905041e-06
1.29625000000000004e+01,1.29625000000000004e+01,2.77750989815154337e-01,-1.07136371887932569e-02,-1.07136350941236004e-02,-2.53699456404579885e-06,-2.53699406802699208e-06,-5.07398813605398415e-06,-7.61098270009978301e-06,-7.61098220408097623e-06
1.29697500000000012e+01,1.29697500000000012e+01,2.77673348528114539e-01,-1.07046551690075376e-02,-1.07046530784369216e-02,-2.53203446269564522e-06,-2.53203396820079598e-06,-5.06406793640159111e-06,-7.59610239909723591e-06,-7.59610190460238709e-06
1.29770000000000003e+01,1.29770000000000003e+01,2.77595772315203715e-01,-1.06956856926814226e-02,-1.06956836061957196e-02,-2.52708682265025678e-06,-2.52708632967293144e-06,-5.05417265934586289e-06,-7.58125948199611967e-06,-7.58125898901879475e-06
1.29842500000000012e+01,1.29842500000000012e+01,2.77518261085570594e-01,-1.06867287353082929e-02,-1.06867266528898695e-02,-2.52215160566814707e-06,-2.52215111420110434e-06,-5.04430222840220784e-06,-7.56645383407035491e-06,-7.56645334260331176e-06
1.29915000000000003e+01,1.29915000000000003e+01,2.77440814748541764e-01,-1.06777842724170569e-02,-1.06777821940708065e-02,-2.51722877364031656e-06,-2.51722828368164639e-06,-5.03445656736329363e-06,-7.55168534100361019e-06,-7.55168485104493959e-06
1.29987500000000011e+01,1.29987500000000011e+01,2.77363433213620503e-01,-1.06688522796467566e-02,-1.06688502053513025e-02,-2.51231828860731788e-06,-2.51231780014892814e-06,-5.02463560029785543e-06,-7.53695388890517289e-06,-7.53695340044678315e-06
1.30060000000000002e+01,1.30060000000000002e+01,2.77286116390486892e-01,-1.06599327326506454e-02,-1.06599306624053092e-02,-2.50742011273609834e-06,-2.50741962577478935e-06,-5.01483925154957871e-06,-7.52225936428567747e-06,-7.52225887732436764e-06
1.30132500000000011e+01,1.30132500000000011e+01,2.77208864188997040e-01,-1.06510256071850051e-02,-1.06510235409677453e-02,-2.50253420834039689e-06,-2.50253372286795837e-06,-5.00506744573591674e-06,-7.50760165407631363e-06,-7.50760116860387511e-06
1.30205000000000002e+01,1.30205000000000002e+01,2.77131676519182746e-01,-1.06421308790309865e-02,-1.06421288168343283e-02,-2.49766053786182439e-06,-2.49766005387348840e-06,-4.99532010774697680e-06,-7.49298064560880162e-06,-7.49298016162046562e-06
1.30277500000000011e+01,1.30277500000000011e+01,2.77054553291251116e-01,-1.06332485240372421e-02,-1.06332464658613762e-02,-2.49279906387937115e-06,-2.49279858137218069e-06,-4.98559716274436053e-06,-7.47839622662373126e-06,-7.47839574411654079e-06
1.30350000000000001e+01,1.30350000000000001e+01,2.76977494415584169e-01,-1.06243785181376893e-02,-1.06243764639656381e-02,-2.48794974911304277e-06,-2.48794926808002718e-06,-4.97589853616005435e-06,-7.46384828527309712e-06,-7.46384780424008195e-06
1.30422500000000010e+01,1.30422500000000010e+01,2.76900499802738065e-01,-1.06155208373053256e-02,-1.06155187871240786e-02,-2.48311255641250103e-06,-2.48311207684763791e-06,-4.96622415369527666e-06,-7.44933671010777769e-06,-7.44933623054291456e-06
1.30495000000000001e+01,1.30495000000000001e+01,2.76823569363443212e-01,-1.06066754575699917e-02,-1.06066734113737394e-02,-2.47828744876072394e-06,-2.47828697065969129e-06,-4.95657394131938259e-06,-7.43486139008010611e-06,-7.43486091197907431e-06
1.30567500000000010e+01,1.30567500000000010e+01,2.76746703008603268e-01,-1.05978423550361356e-02,-1.05978403128115049e-02,-2.47347438927764244e-06,-2.47347391263436408e-06,-4.94694782526872816e-06,-7.42042221454637060e-06,-7.42042173790309266e-06
1.30640000000000001e+01,1.30640000000000001e+01,2.76669900649295197e-01,-1.05890215058543902e-02,-1.05890194675939686e-02,-2.46867334121298129e-06,-2.46867286602278922e-06,-4.93734573204557674e-06,-7.40601907325855845e-06,-7.40601859806836554e-06
1.30712500000000009e+01,1.30712500000000009e+01,2.76593162196768383e-01,-1.05802128862428901e-02,-1.05802108519372044e-02,-2.46388426795073056e-06,-2.46388379420848838e-06,-4.92776758841697592e-06,-7.39165185636770606e-06,-7.39165138262546430e-06
1.30785000000000000e+01,1.30785000000000000e+01,2.76516487562444679e-01,-1.05714164724766135e-02,-1.05714144421166292e-02,-2.45910713300614885e-06,-2.45910666070683746e-06,-4.91821332141367577e-06,-7.37732045441982463e-06,-7.37731998212051281e-06
1.30857500000000009e+01,1.30857500000000009e+01,2.76439876657917472e-01,-1.05626322408944873e-02,-1.05626302144667845e-02,-2.45434190002691098e-06,-2.45434142916450628e-06,-4.90868285832901256e-06,-7.36302475835592397e-06,-7.36302428749351884e-06
1.30930000000000000e+01,1.30930000000000000e+01,2.76363329394951729e-01,-1.05538601678816235e-02,-1.05538581453811856e-02,-2.44958853278847685e-06,-2.44958806335892197e-06,-4.89917612671784395e-06,-7.34876465950632037e-06,-7.34876419007676635e-06
1.31002500000000008e+01,1.31002500000000008e+01,2.76286845685483173e-01,-1.05451002299012941e-02,-1.05450982113121181e-02,-2.44484699520101805e-06,-2.44484652719772055e-06,-4.88969305439544110e-06,-7.33454004959645916e-06,-7.33453958159316123e-06
1.31074999999999999e+01,1.31074999999999999e+01,2.76210425441618168e-01,-1.05363524034558509e-02,-1.05363503887704810e-02,-2.44011725129984770e-06,-2.44011678471821326e-06,-4.88023356943642652e-06,-7.32035082073627422e-06,-7.32035035415463978e-06
1.31147500000000008e+01,1.31147500000000008e+01,2.76134068575633107e-01,-1.05276166651151470e-02,-1.05276146543255913e-02,-2.43539926525152028e-06,-2.43539880008684322e-06,-4.87079760017368643e-06,-7.30619686542520671e-06,-7.30619640026052965e-06
1.31219999999999999e+01,1.31219999999999999e+01,2.76057774999974026e-01,-1.05188929915058793e-02,-1.05188909846050151e-02,-2.43069300135086794e-06,-2.43069253759865642e-06,-4.86138507519731370e-06,-7.29207807654818163e-06,-7.29207761279597012e-06
1.31292500000000008e+01,1.31292500000000008e+01,2.75981544627256270e-01,-1.05101813593186932e-02,-1.05101793562943913e-02,-2.42599842402214519e-06,-2.42599796167676477e-06,-4.85199592335352955e-06,-7.27799434737567474e-06,-7.27799388503029432e-06
1.31364999999999998e+01,1.31364999999999998e+01,2.75905377370263882e-01,-1.05014817452939724e-02,-1.05014797461372468e-02,-2.42131549781526307e-06,-2.42131503687181917e-06,-4.84263007374363749e-06,-7.26394557155890056e-06,-7.26394511061545708e-06
1.31437500000000007e+01,1.31437500000000007e+01,2.75829273141949494e-01,-1.04927941262396018e-02,-1.04927921309348349e-02,-2.41664418740939534e-06,-2.41664372786148014e-06,-4.83328745572296028e-06,-7.24993164313235519e-06,-7.24993118358443999e-06
1.31509999999999998e+01,1.31509999999999998e+01,2.75753231855433434e-01,-1.04841184790025466e-02,-1.04841164875459445e-02,-2.41198445760595149e-06,-2.41198399944989565e-06,-4.82396799889979130e-06,-7.23595245650574236e-06,-7.23595199834968695e-06
1.31582500000000007e+01,1.31582500000000007e+01,2.75677253424003954e-01,-1.04754547805008258e-02,-1.04754527928867421e-02,-2.40733627333545892e-06,-2.40733581656717720e-06,-4.81467163313435441e-06,-7.22200790646981375e-06,-7.22200744970153204e-06
1.31654999999999998e+01,1.31654999999999998e+01,2.75601337761116172e-01,-1.04668030077164076e-02,-1.04668010239305827e-02,-2.40269959965543856e-06,-2.40269914426887976e-06,-4.80539828853775868e-06,-7.20809788819319681e-06,-7.20809743280663844e-06
1.31727500000000006e+01,1.31727500000000006e+01,2.75525484780392016e-01,-1.04581631376774453e-02,-1.04581611577078439e-02,-2.39807440174584359e-06,-2.39807394773548295e-06,-4.79614789547096589e-06,-7.19422229721680949e-06,-7.19422184320644926e-06
1.31800000000000015e+01,1.31800000000000015e+01,2.75449694395619837e-01,-1.04495351474689357e-02,-1.04495331713057582e-02,-2.39346064491104026e-06,-2.39346019227188196e-06,-4.78692038454376392e-06,-7.18038102945480461e-06,-7.18038057681564588e-06
1.31872500000000006e+01,1.31872500000000006e+01,2.75373966520753743e-01,-1.04409190142327191e-02,-1.04409170418682338e-02,-2.38885829457933265e-06,-2.38885784330686752e-06,-4.77771568661373588e-06,-7.16657398119306896e-06,-7.16657352992060298e-06
1.31945000000000014e+01,1.31945000000000014e+01,2.75298301069913487e-01,-1.04323147151674789e-02,-1.04323127465956820e-02,-2.38426731630249305e-06,-2.38426686639261932e-06,-4.76853373278523779e-06,-7.15280104908773084e-06,-7.15280059917785711e-06
1.32017500000000005e+01,1.32017500000000005e+01,2.75222697957383855e-01,-1.04237222275322949e-02,-1.04237202627448580e-02,-2.37968767575610240e-06,-2.37968722720419868e-06,-4.75937445440839735e-06,-7.13906213016450018e-06,-7.13906168161259560e-06
1.32090000000000014e+01,1.32090000000000014e+01,2.75147157097614281e-01,-1.04151415286430904e-02,-1.04151395676286718e-02,-2.37511933873826924e-06,-2.37511889153903944e-06,-4.75023778307807802e-06,-7.12535712181634684e-06,-7.12535667461711746e-06
1.32162500000000005e+01,1.32162500000000005e+01,2.75071678405218512e-01,-1.04065725958655264e-02,-1.04065706386160407e-02,-2.37056227116754592e-06,-2.37056182531645079e-06,-4.74112365063290243e-06,-7.11168592180044793e-06,-7.11168547594935364e-06
1.32235000000000014e+01,1.32235000000000014e+01,2.74996261794974162e-01,-1.03980154066363184e-02,-1.03980134531317017e-02,-2.36601643908732349e-06,-2.36601599457711116e-06,-4.73203198915422232e-06,-7.09804842824154539e-06,-7.09804798373133306e-06
1.32307500000000005e+01,1.32307500000000005e+01,2.74920907181822327e-01,-1.03894699384134981e-02,-1.03894679886560592e-02,-2.36148180865404818e-06,-2.36148136548257269e-06,-4.72296273096514538e-06,-7.08444453961919314e-06,-7.08444409644771807e-06
1.32380000000000013e+01,1.32380000000000013e+01,2.74845614480867140e-01,-1.03809361687439150e-02,-1.03809342227250013e-02,-2.35695834615213086e-06,-2.35695790431476191e-06,-4.71391580862952298e-06,-7.07087415478165342e-06,-7.07087371294428489e-06
1.32452500000000004e+01,1.32452500000000004e+01,2.74770383607375490e-01,-1.03724140752241567e-02,-1.03724121329297481e-02,-2.35244601798458822e-06,-2.35244557747549229e-06,-4.70489115495098373e-06,-7.05733717293557152e-06,-7.05733673242647602e-06
1.32525000000000013e+01,1.32525000000000013e+01,2.74695214476776362e-01,-1.03639036354969960e-02,-1.03639016969166702e-02,-2.34794479067178866e-06,-2.34794435148596276e-06,-4.69588870297192552e-06,-7.04383349364371418e-06,-7.04383305445788828e-06
1.32597500000000004e+01,1.32597500000000004e+01,2.74620107004660774e-01,-1.03554048272584964e-02,-1.03554028923871395e-02,-2.34345463085262299e-06,-2.34345419298628003e-06,-4.68690838597256090e-06,-7.03036301682518389e-06,-7.03036257895884135e-06
1.32670000000000012e+01,1.32670000000000012e+01,2.74545061106781119e-01,-1.03469176282757758e-02,-1.03469156970973503e-02,-2.33897550528806865e-06,-2.33897506873496218e-06,-4.67795013746992435e-06,-7.01692564275799300e-06,-7.01692520620488611e-06
1.32742500000000003e+01,1.32742500000000003e+01,2.74470076699050824e-01,-1.03384420163408208e-02,-1.03384400888581578e-02,-2.33450738085029650e-06,-2.33450694560845886e-06,-4.66901389121691772e-06,-7.00352127206721379e-06,-7.00352083682537658e-06
1.32815000000000012e+01,1.32815000000000012e+01,2.74395153697544136e-01,-1.03299779693379890e-02,-1.03299760455349207e-02,-2.33005022453748370e-06,-2.33004979060066549e-06,-4.66009958120133182e-06,-6.99014980573881552e-06,-6.99014937180199689e-06
1.32887500000000003e+01,1.32887500000000003e+01,2.74320292018495393e-01,-1.03215254651871646e-02,-1.03215235450473293e-02,-2.32560400346052253e-06,-2.32560357082244935e-06,-4.65120714164489870e-06,-6.97681114510542166e-06,-6.97681071246734847e-06
1.32960000000000012e+01,1.32960000000000012e+01,2.74245491578298972e-01,-1.03130844818437595e-02,-1.03130825653692439e-02,-2.32116868484259345e-06,-2.32116825350116127e-06,-4.64233650700232254e-06,-6.96350519184491642e-06,-6.96350476050348382e-06
1.33032500000000002e+01,1.33032500000000002e+01,2.74170752293508679e-01,-1.03046549973484503e-02,-1.03046530845285426e-02,-2.31674423602994022e-06,-2.31674380598017146e-06,-4.63348761196034291e-06,-6.95023184799028314e-06,-6.95023141794051479e-06
1.33105000000000011e+01,1.33105000000000011e+01,2.74096074080837415e-01,-1.02962369897809936e-02,-1.02962350806069421e-02,-2.31233062448101349e-06,-2.31233019571838582e-06,-4.62466039143677249e-06,-6.93699101591778555e-06,-6.93699058715515831e-06
1.33177500000000002e+01,1.33177500000000002e+01,2.74021456857156842e-01,-1.02878304372744367e-02,-1.02878285317398524e-02,-2.30792781776924987e-06,-2.30792739028978268e-06,-4.61585478057956536e-06,-6.92378259834881523e-06,-6.92378217086934804e-06
1.33250000000000011e+01,1.33250000000000011e+01,2.73946900539496885e-01,-1.02794353180328812e-02,-1.02794334161162050e-02,-2.30353578358661134e-06,-2.30353535738293500e-06,-4.60707071476587086e-06,-6.91060649835248262e-06,-6.91060607214880544e-06
1.33322500000000002e+01,1.33322500000000002e+01,2.73872405045045397e-01,-1.02710516102746396e-02,-1.02710497119783001e-02,-2.29915448973041591e-06,-2.29915406480055304e-06,-4.59830812960110692e-06,-6.89746261933152325e-06,-6.89746219440165995e-06
1.33395000000000010e+01,1.33395000000000010e+01,2.73797970291147885e-01,-1.02626792923032895e-02,-1.02626773976216452e-02,-2.29478390411883966e-06,-2.29478348045901206e-06,-4.58956696091802412e-06,-6.88435086503686421e-06,-6.88435044137703618e-06
1.33467500000000001e+01,1.33467500000000001e+01,2.73723596195306951e-01,-1.02543183424828044e-02,-1.02543164513947942e-02,-2.29042399478489728e-06,-2.29042357238789247e-06,-4.58084714477578494e-06,-6.87127113956068265e-06,-6.87127071716367741e-06
1.33540000000000010e+01,1.33540000000000010e+01,2.73649282675181849e-01,-1.02459687391984744e-02,-1.02459668516991856e-02,-2.28607472986728607e-06,-2.28607430872951601e-06,-4.57214861745903202e-06,-6.85822334732631852e-06,-6.85822292618854804e-06
1.33612500000000001e+01,1.33612500000000001e+01,2.73575029648588597e-01,-1.02376304609030910e-02,-1.02376285769890021e-02,-2.28173607762030002e-06,-2.28173565773849602e-06,-4.56347131547699203e-06,-6.84520739309729205e-06,-6.84520697321548762e-06
1.33685000000000009e+01,1.33685000000000009e+01,2.73500837033498756e-01,-1.02293034861133947e-02,-1.02293016057709817e-02,-2.27740800641259232e-06,-2.27740758778126771e-06,-4.55481517556253542e-06,-6.83222318197512774e-06,-6.83222276334380314e-06
1.33757500000000000e+01,1.33757500000000000e+01,2.73426704748039984e-01,-1.02209877933781002e-02,-1.02209859166043013e-02,-2.27309048471963802e-06,-2.27309006733564820e-06,-4.54618013467129725e-06,-6.81927061939093569e-06,-6.81927020200694502e-06
1.33830000000000009e+01,1.33830000000000009e+01,2.73352632710494758e-01,-1.02126833613205292e-02,-1.02126814881003791e-02,-2.26878348113280703e-06,-2.26878306499037058e-06,-4.53756612998074115e-06,-6.80634961111354818e-06,-6.80634919497111131e-06
1.33902500000000000e+01,1.33902500000000000e+01,2.73278620839300823e-01,-1.02043901685959781e-02,-1.02043882989227546e-02,-2.26448696434946400e-06,-2.26448654944464645e-06,-4.52897309888929205e-06,-6.79346006323875563e-06,-6.79345964833393893e-06
1.33975000000000009e+01,1.33975000000000009e+01,2.73204669053050075e-01,-1.01961081939272447e-02,-1.01961063277869034e-02,-2.26020090318045187e-06,-2.26020048950770515e-06,-4.52040097901541029e-06,-6.78060188219586174e-06,-6.78060146852311544e-06
1.34047499999999999e+01,1.34047499999999999e+01,2.73130777270488900e-01,-1.01878374160619956e-02,-1.01878355534601138e-02,-2.25592526654022558e-06,-2.25592485409836215e-06,-4.51184970819672345e-06,-6.76777497473694903e-06,-6.76777456229508560e-06
1.34120000000000008e+01,1.34120000000000008e+01,2.73056945410517171e-01,-1.01795778138402682e-02,-1.01795759547613010e-02,-2.25166002346139696e-06,-2.25165961224456001e-06,-4.50331922448912087e-06,-6.75497924795051784e-06,-6.75497883673368089e-06
1.34192499999999999e+01,1.34192499999999999e+01,2.72983173392188194e-01,-1.01713293661305215e-02,-1.01713275105608809e-02,-2.24740514308015938e-06,-2.24740473308294060e-06,-4.49480946616587951e-06,-6.74221460924603889e-06,-6.74221419924882012e-06
1.34265000000000008e+01,1.34265000000000008e+01,2.72909461134708264e-01,-1.01630920518438472e-02,-1.01630901997805927e-02,-2.24316059463903465e-06,-2.24316018585839067e-06,-4.48632037171678218e-06,-6.72948096635581683e-06,-6.72948055757517285e-06
1.34337499999999999e+01,1.34337499999999999e+01,2.72835808557436443e-01,-1.01548658499623912e-02,-1.01548640013933728e-02,-2.23892634749275489e-06,-2.23892593992362086e-06,-4.47785187984724171e-06,-6.71677822733999702e-06,-6.71677781977086257e-06
1.34410000000000007e+01,1.34410000000000007e+01,2.72762215579883838e-01,-1.01466507395109318e-02,-1.01466488944231756e-02,-2.23470237110156919e-06,-2.23470196473871215e-06,-4.46940392947742429e-06,-6.70410630057899307e-06,-6.70410589421613602e-06
1.34482499999999998e+01,1.34482499999999998e+01,2.72688682121713599e-01,-1.01384466995497746e-02,-1.01384448579448488e-02,-2.23048863502929594e-06,-2.23048822987069740e-06,-4.46097645974139395e-06,-6.69146509477068989e-06,-6.69146468961209092e-06
1.34555000000000007e+01,1.34555000000000007e+01,2.72615208102740370e-01,-1.01302537092173850e-02,-1.01302518710839565e-02,-2.22628510895230596e-06,-2.22628470499311624e-06,-4.45256940998623248e-06,-6.67885451893853886e-06,-6.67885411497934871e-06
1.34627499999999998e+01,1.34627499999999998e+01,2.72541793442929947e-01,-1.01220717476806499e-02,-1.01220699130166545e-02,-2.22209176264818037e-06,-2.22209135988559832e-06,-4.44418271977119750e-06,-6.66627448241937829e-06,-6.66627407965679582e-06
1.34700000000000006e+01,1.34700000000000006e+01,2.72468438062398954e-01,-1.01139007941810632e-02,-1.01138989629695232e-02,-2.21790856600546201e-06,-2.21790816443342331e-06,-4.43581632886684748e-06,-6.65372489487230949e-06,-6.65372449330027079e-06
1.34772500000000015e+01,1.34772500000000015e+01,2.72395141881414282e-01,-1.01057408279920935e-02,-1.01057390002194155e-02,-2.21373548901390316e-06,-2.21373508862710200e-06,-4.42747017725420569e-06,-6.64120566626810885e-06,-6.64120526588130811e-06
1.34845000000000006e+01,1.34845000000000006e+01,2.72321904820393090e-01,-1.00975918284262889e-02,-1.00975900040933316e-02,-2.20957250176564459e-06,-2.20957210256195279e-06,-4.41914420512390559e-06,-6.62871670688955060e-06,-6.62871630768585838e-06
1.34917500000000015e+01,1.34917500000000015e+01,2.72248726799902085e-01,-1.00894537748743574e-02,-1.00894519539682422e-02,-2.20541957446338055e-06,-2.20541917643767144e-06,-4.41083835287534288e-06,-6.61625792733872342e-06,-6.61625752931301432e-06
1.34990000000000006e+01,1.34990000000000006e+01,2.72175607740657410e-01,-1.00813266467518758e-02,-1.00813248292709601e-02,-2.20127667740830757e-06,-2.20127628055792317e-06,-4.40255256111584718e-06,-6.60382923852415474e-06,-6.60382884167377077e-06
1.35062500000000014e+01,1.35062500000000014e+01,2.72102547563524144e-01,-1.00732104235490283e-02,-1.00732086094779873e-02,-2.19714378101060951e-06,-2.19714338532991408e-06,-4.39428677065982816e-06,-6.59143055167043725e-06,-6.59143015598974224e-06
1.35135000000000005e+01,1.35135000000000005e+01,2.72029546189515969e-01,-1.00651050847844203e-02,-1.00651032741153647e-02,-2.19302085577898651e-06,-2.19302046126397952e-06,-4.38604092252795905e-06,-6.57906177830694556e-06,-6.57906138379193899e-06
1.35207500000000014e+01,1.35207500000000014e+01,2.71956603539794783e-01,-1.00570106100335011e-02,-1.00570088027585290e-02,-2.18890787232647793e-06,-2.18890747897316773e-06,-4.37781495794633547e-06,-6.56672283027281340e-06,-6.56672243691950320e-06
1.35280000000000005e+01,1.35280000000000005e+01,2.71883719535670532e-01,-1.00489269789179048e-02,-1.00489251750321747e-02,-2.18480480136776072e-06,-2.18480440917283160e-06,-4.36960881834566320e-06,-6.55441361971342434e-06,-6.55441322751849438e-06
1.35352500000000013e+01,1.35352500000000013e+01,2.71810894098600486e-01,-1.00408541711161092e-02,-1.00408523706100906e-02,-2.18071161372108320e-06,-2.18071122268020979e-06,-4.36142244536041958e-06,-6.54213405908150278e-06,-6.54213366804062980e-06
1.35425000000000004e+01,1.35425000000000004e+01,2.71738127150189357e-01,-1.00327921663456721e-02,-1.00327903692150402e-02,-2.17662828030402991e-06,-2.17662789041402822e-06,-4.35325578082805644e-06,-6.52988406113208678e-06,-6.52988367124208424e-06
1.35497500000000013e+01,1.35497500000000013e+01,2.71665418612188458e-01,-1.00247409443845470e-02,-1.00247391506185883e-02,-2.17255477213777288e-06,-2.17255438339408205e-06,-4.34510876678816410e-06,-6.51766353892593656e-06,-6.51766315018224573e-06
1.35570000000000004e+01,1.35570000000000004e+01,2.71592768406495766e-01,-1.00167004850497676e-02,-1.00166986946409881e-02,-2.16849106034207155e-06,-2.16849067274084097e-06,-4.33698134548168194e-06,-6.50547240582375349e-06,-6.50547201822252291e-06
1.35642500000000013e+01,1.35642500000000013e+01,2.71520176455155193e-01,-1.00086707682223164e-02,-1.00086689811510095e-02,-2.16443711614028892e-06,-2.16443672967503752e-06,-4.32887345935007420e-06,-6.49331057549036270e-06,-6.49331018902511173e-06
1.35715000000000003e+01,1.35715000000000003e+01,2.71447642680356593e-01,-1.00006517737938339e-02,-1.00006499900658213e-02,-2.16039291084749162e-06,-2.16039252551727115e-06,-4.32078505103454314e-06,-6.48117796188203476e-06,-6.48117757655181387e-06
1.35787500000000012e+01,1.35787500000000012e+01,2.71375167004435147e-01,-9.99264348174477846e-03,-9.99264170135082813e-03,-2.15635841588699029e-06,-2.15635803168760538e-06,-4.31271606337521077e-06,-6.46907447926220148e-06,-6.46907409506281615e-06
1.35860000000000003e+01,1.35860000000000003e+01,2.71302749349871253e-01,-9.98464587209113574e-03,-9.98464409501955211e-03,-2.15233360277843836e-06,-2.15233321970517444e-06,-4.30466643941034804e-06,-6.45700004218878598e-06,-6.45699965911552249e-06
1.35932500000000012e+01,1.35932500000000012e+01,2.71230389639289804e-01,-9.97665892489152384e-03,-9.97665715113345807e-03,-2.14831844313900989e-06,-2.14831806118777790e-06,-4.29663612237555581e-06,-6.44495456551456527e-06,-6.44495418356333329e-06
1.36005000000000003e+01,1.36005000000000003e+01,2.71158087795460301e-01,-9.96868262025429885e-03,-9.96868084980185622e-03,-2.14431290868457179e-06,-2.14431252785149996e-06,-4.28862505570299992e-06,-6.43293796438757171e-06,-6.43293758355449945e-06
1.36077500000000011e+01,1.36077500000000011e+01,2.71085843741296129e-01,-9.96071693833400218e-03,-9.96071517118172003e-03,-2.14031697122855439e-06,-2.14031659151030285e-06,-4.28063318302060569e-06,-6.42095015424916008e-06,-6.42094977453090854e-06
1.36150000000000002e+01,1.36150000000000002e+01,2.71013657399854446e-01,-9.95276185933846591e-03,-9.95276009547757697e-03,-2.13633060268311898e-06,-2.13633022407564823e-06,-4.27266044815129647e-06,-6.40899105083441586e-06,-6.40899067222694470e-06
1.36222500000000011e+01,1.36222500000000011e+01,2.70941528694335687e-01,-9.94481736351815471e-03,-9.94481560294135231e-03,-2.13235377505650455e-06,-2.13235339755609867e-06,-4.26470679511219819e-06,-6.39706057016870274e-06,-6.39706019266829686e-06
1.36295000000000002e+01,1.36295000000000002e+01,2.70869457548083448e-01,-9.93688343117327122e-03,-9.93688167387224257e-03,-2.12838646045420219e-06,-2.12838608405694025e-06,-4.25677216811388051e-06,-6.38515862856808269e-06,-6.38515825217082033e-06
1.36367500000000010e+01,1.36367500000000010e+01,2.70797443884583655e-01,-9.92896004265375609e-03,-9.92895828861655588e-03,-2.12442863107859040e-06,-2.12442825577978451e-06,-4.24885651155956902e-06,-6.37328514263815899e-06,-6.37328476733935353e-06
1.36440000000000001e+01,1.36440000000000001e+01,2.70725487627465011e-01,-9.92104717834152439e-03,-9.92104542756761312e-03,-2.12048025922478595e-06,-2.12047988502219952e-06,-4.24095977004439818e-06,-6.36144002926918371e-06,-6.36143965506659728e-06
1.36512500000000010e+01,1.36512500000000010e+01,2.70653588700497716e-01,-9.91314481868954545e-03,-9.91314307116556055e-03,-2.11654131728865087e-06,-2.11654094417731349e-06,-4.23308188835462698e-06,-6.34962320564327785e-06,-6.34962283253194090e-06
1.36585000000000001e+01,1.36585000000000001e+01,2.70581747027594022e-01,-9.90525294416855218e-03,-9.90525119989728135e-03,-2.11261177775504660e-06,-2.11261140573344845e-06,-4.22522281146689691e-06,-6.33783458922194351e-06,-6.33783421720034578e-06
1.36657500000000010e+01,1.36657500000000010e+01,2.70509962532807235e-01,-9.89737153533809533e-03,-9.89736979429622216e-03,-2.10869161321265757e-06,-2.10869124227372846e-06,-4.21738248454745777e-06,-6.32607409776011534e-06,-6.32607372682118581e-06
1.36730000000000000e+01,1.36730000000000000e+01,2.70438235140331606e-01,-9.88950057275417294e-03,-9.88949883494228028e-03,-2.10478079633393634e-06,-2.10478042647571413e-06,-4.20956085295142825e-06,-6.31434164928536417e-06,-6.31434127942714195e-06
1.36802500000000009e+01,1.36802500000000009e+01,2.70366564774502272e-01,-9.88164003705094274e-03,-9.88163830246165976e-03,-2.10087929989218409e-06,-2.10087893111101975e-06,-4.20175786222203950e-06,-6.30263716211422359e-06,-6.30263679333305883e-06
1.36875000000000000e+01,1.36875000000000000e+01,2.70294951359794366e-01,-9.87378990890519503e-03,-9.87378817752673429e-03,-2.09698709675362828e-06,-2.09698672904494445e-06,-4.19397345808988889e-06,-6.29096055484351718e-06,-6.29096018713483334e-06
1.36947500000000009e+01,1.36947500000000009e+01,2.70223394820823137e-01,-9.86595016902214184e-03,-9.86594844085591713e-03,-2.09310415987406375e-06,-2.09310379323609647e-06,-4.18620758647219210e-06,-6.27931174634625543e-06,-6.27931137970828815e-06
1.37020000000000000e+01,1.37020000000000000e+01,2.70151895082343496e-01,-9.85812079818160214e-03,-9.85811907321352751e-03,-2.08923046230832424e-06,-2.08923009673602860e-06,-4.17846019347205719e-06,-6.26769065578038143e-06,-6.26769029020808579e-06
1.37092500000000008e+01,1.37092500000000008e+01,2.70080452069249466e-01,-9.85030177719181665e-03,-9.85030005540964843e-03,-2.08536597720012732e-06,-2.08536561268886326e-06,-4.17073122537772653e-06,-6.25609720257785427e-06,-6.25609683806659022e-06
1.37164999999999999e+01,1.37164999999999999e+01,2.70009065706574236e-01,-9.84249308690010594e-03,-9.84249136830001210e-03,-2.08151067778401494e-06,-2.08151031433093306e-06,-4.16302062866186611e-06,-6.24453130644588063e-06,-6.24453094299279959e-06
1.37237500000000008e+01,1.37237500000000008e+01,2.69937735919489441e-01,-9.83469470821418668e-03,-9.83469299278584216e-03,-2.07766453738951914e-06,-2.07766417499040628e-06,-4.15532834998081341e-06,-6.23299288737033255e-06,-6.23299252497121969e-06
1.37309999999999999e+01,1.37309999999999999e+01,2.69866462633305160e-01,-9.82690662207019727e-03,-9.82690490981374780e-03,-2.07382752943407153e-06,-2.07382716808693589e-06,-4.14765433617387094e-06,-6.22148186560794205e-06,-6.22148150426080684e-06
1.37382500000000007e+01,1.37382500000000007e+01,2.69795245773469416e-01,-9.81912880946822497e-03,-9.81912710037557111e-03,-2.06999962743016833e-06,-2.06999926713128383e-06,-4.13999853426256681e-06,-6.20999816169273514e-06,-6.20999780139385064e-06
1.37454999999999998e+01,1.37454999999999998e+01,2.69724085265567848e-01,-9.81136125145098958e-03,-9.81135954550826916e-03,-2.06618080498053470e-06,-2.06618044572497245e-06,-4.13236089144994574e-06,-6.19854169643048044e-06,-6.19854133717491776e-06
1.37527500000000007e+01,1.37527500000000007e+01,2.69652981035323369e-01,-9.80360392908607992e-03,-9.80360222629377172e-03,-2.06237103577405725e-06,-2.06237067755991861e-06,-4.12474135511983808e-06,-6.18711239089389575e-06,-6.18711203267975669e-06
1.37599999999999998e+01,1.37599999999999998e+01,2.69581933008596064e-01,-9.79585682351569176e-03,-9.79585512385886849e-03,-2.05857029359592939e-06,-2.05856993641808304e-06,-4.11713987283616609e-06,-6.17571016643209590e-06,-6.17570980925424913e-06
1.37672500000000007e+01,1.37672500000000007e+01,2.69510941111382407e-01,-9.78811991590333719e-03,-9.78811821937505301e-03,-2.05477855231610075e-06,-2.05477819617110436e-06,-4.10955639234220872e-06,-6.16433494465830990e-06,-6.16433458851331309e-06
1.37745000000000015e+01,1.37745000000000015e+01,2.69440005269815430e-01,-9.78039318746581898e-03,-9.78039149405842030e-03,-2.05099578589568545e-06,-2.05099543077995818e-06,-4.10199086155991552e-06,-6.15298664745560097e-06,-6.15298629233987370e-06
1.37817500000000006e+01,1.37817500000000006e+01,2.69369125410164167e-01,-9.77267661945546706e-03,-9.77267492916952286e-03,-2.04722196838290434e-06,-2.04722161429459755e-06,-4.09444322858919509e-06,-6.14166519697209943e-06,-6.14166484288379264e-06
1.37890000000000015e+01,1.37890000000000015e+01,2.69298301458833322e-01,-9.76497019319566562e-03,-9.76496850601324580e-03,-2.04345707392020477e-06,-2.04345672085360182e-06,-4.08691344170720448e-06,-6.13037051562740967e-06,-6.13037016256080587e-06
1.37962500000000006e+01,1.37962500000000006e+01,2.69227533342362879e-01,-9.75727389002045697e-03,-9.75727220593867496e-03,-2.03970107673128443e-06,-2.03970072468383110e-06,-4.07940144936766220e-06,-6.11910252609894663e-06,-6.11910217405149372e-06
1.38035000000000014e+01,1.38035000000000014e+01,2.69156820987428047e-01,-9.74958769132072689e-03,-9.74958601033897206e-03,-2.03595395113045155e-06,-2.03595360010007429e-06,-4.07190720020014859e-06,-6.10786115133060014e-06,-6.10786080030022288e-06
1.38107500000000005e+01,1.38107500000000005e+01,2.69086164320838706e-01,-9.74191157854775724e-03,-9.74190990065125668e-03,-2.03221567152303436e-06,-2.03221532150471029e-06,-4.06443064300942142e-06,-6.09664631453245536e-06,-6.09664596451413171e-06
1.38180000000000014e+01,1.38180000000000014e+01,2.69015563269539071e-01,-9.73424553317769892e-03,-9.73424385835645715e-03,-2.02848621239763803e-06,-2.02848586338735431e-06,-4.05697172677470862e-06,-6.08545793917234622e-06,-6.08545759016206293e-06
1.38252500000000005e+01,1.38252500000000005e+01,2.68945017760607641e-01,-9.72658953672933535e-03,-9.72658786497920987e-03,-2.02476554832955134e-06,-2.02476520032452378e-06,-4.04953040064904672e-06,-6.07429594897859806e-06,-6.07429560097357092e-06
1.38325000000000014e+01,1.38325000000000014e+01,2.68874527721256529e-01,-9.71894357077118798e-03,-9.71894190208771012e-03,-2.02105365398190380e-06,-2.02105330697928807e-06,-4.04210661395857615e-06,-6.06316026794047995e-06,-6.06315992093786380e-06
1.38397500000000004e+01,1.38397500000000004e+01,2.68804093078831463e-01,-9.71130761691796351e-03,-9.71130595129360980e-03,-2.01735050410461574e-06,-2.01735015810093984e-06,-4.03470031620187969e-06,-6.05205082030649543e-06,-6.05205047430281995e-06
1.38470000000000013e+01,1.38470000000000013e+01,2.68733713760811233e-01,-9.70368165682700123e-03,-9.70367999425186638e-03,-2.01365607353333651e-06,-2.01365572852464438e-06,-4.02731145704928876e-06,-6.04096753058262569e-06,-6.04096718557393272e-06
1.38542500000000004e+01,1.38542500000000004e+01,2.68663389694807464e-01,-9.69606567219116755e-03,-9.69606401266064413e-03,-2.00997033718766915e-06,-2.00996999317111264e-06,-4.01993998634222443e-06,-6.02991032352989358e-06,-6.02990997951333707e-06
1.38615000000000013e+01,1.38615000000000013e+01,2.68593120808564401e-01,-9.68845964475661958e-03,-9.68845798826116836e-03,-2.00629327007454155e-06,-2.00629292704625862e-06,-4.01258585409251723e-06,-6.01887912416705879e-06,-6.01887878113877543e-06
1.38687500000000004e+01,1.38687500000000004e+01,2.68522907029958513e-01,-9.68086355630504158e-03,-9.68086190283762131e-03,-2.00262484728421865e-06,-2.00262450524087495e-06,-4.00524901048174905e-06,-6.00787385776596770e-06,-6.00787351572262357e-06
1.38760000000000012e+01,1.38760000000000012e+01,2.68452748286998000e-01,-9.67327738866430309e-03,-9.67327573821699302e-03,-1.99896504399219722e-06,-1.99896470293028560e-06,-3.99792940586057121e-06,-5.99689444985276800e-06,-5.99689410879085723e-06
1.38832500000000003e+01,1.38832500000000003e+01,2.68382644507822898e-01,-9.66570112369780077e-03,-9.66569947626898934e-03,-1.99531383545670755e-06,-1.99531349537403208e-06,-3.99062699074806417e-06,-5.98594082620477214e-06,-5.98594048612209583e-06
1.38905000000000012e+01,1.38905000000000012e+01,2.68312595620704364e-01,-9.65813474332932742e-03,-9.65813309890588279e-03,-1.99167119702353645e-06,-1.99167085791553079e-06,-3.98334171583106157e-06,-5.97501291285459759e-06,-5.97501257374659193e-06
1.38977500000000003e+01,1.38977500000000003e+01,2.68242601554044613e-01,-9.65057822950399213e-03,-9.65057658808241015e-03,-1.98803710411765815e-06,-1.98803676598175240e-06,-3.97607353196350395e-06,-5.96411063608116210e-06,-5.96411029794525634e-06
1.39050000000000011e+01,1.39050000000000011e+01,2.68172662236376536e-01,-9.64303156422374741e-03,-9.64302992579563201e-03,-1.98441153225026723e-06,-1.98441119508289113e-06,-3.96882239016578227e-06,-5.95323392241604992e-06,-5.95323358524867298e-06
1.39122500000000002e+01,1.39122500000000002e+01,2.68102777596363362e-01,-9.63549472952607289e-03,-9.63549309408483039e-03,-1.98079445701408093e-06,-1.98079412081204456e-06,-3.96158824162408913e-06,-5.94238269863817048e-06,-5.94238236243613327e-06
1.39195000000000011e+01,1.39195000000000011e+01,2.68032947562798385e-01,-9.62796770749463349e-03,-9.62796607503137170e-03,-1.97718585408523315e-06,-1.97718551884488284e-06,-3.95437103768976568e-06,-5.93155689177499840e-06,-5.93155655653464852e-06
1.39267500000000002e+01,1.39267500000000002e+01,2.67963172064604738e-01,-9.62045048024862126e-03,-9.62044885075860265e-03,-1.97358569922079178e-06,-1.97358536493933529e-06,-3.94717072987867143e-06,-5.92075642909946321e-06,-5.92075609481800714e-06
1.39340000000000011e+01,1.39340000000000011e+01,2.67893451030834784e-01,-9.61294302995696626e-03,-9.61294140343170456e-03,-1.96999396826137480e-06,-1.96999363493525966e-06,-3.93998726987051932e-06,-5.90998123813189412e-06,-5.90998090480577941e-06
1.39412500000000001e+01,1.39412500000000001e+01,2.67823784390670339e-01,-9.60544533882412566e-03,-9.60544371525761005e-03,-1.96641063712794419e-06,-1.96641030475413380e-06,-3.93282060950826759e-06,-5.89923124663621179e-06,-5.89923091426240097e-06
1.39485000000000010e+01,1.39485000000000010e+01,2.67754172073421837e-01,-9.59795738910074192e-03,-9.59795576848484870e-03,-1.96283568182369319e-06,-1.96283535039872698e-06,-3.92567070079745396e-06,-5.88850638262114715e-06,-5.88850605119618094e-06
1.39557500000000001e+01,1.39557500000000001e+01,2.67684614008528388e-01,-9.59047916307298465e-03,-9.59047754540344986e-03,-1.95926907843157672e-06,-1.95926874795279205e-06,-3.91853749590558495e-06,-5.87780657433716167e-06,-5.87780624385837701e-06
1.39630000000000010e+01,1.39630000000000010e+01,2.67615110125557276e-01,-9.58301064308031414e-03,-9.58300902834481258e-03,-1.95571080311764831e-06,-1.95571047358074353e-06,-3.91142094716148705e-06,-5.86713175027913493e-06,-5.86713142074223058e-06
1.39702500000000001e+01,1.39702500000000001e+01,2.67545660354203740e-01,-9.57555181148350698e-03,-9.57555019968159976e-03,-1.95216083212424102e-06,-1.95216050352735012e-06,-3.90432100705470108e-06,-5.85648183917894211e-06,-5.85648151058205120e-06
1.39775000000000009e+01,1.39775000000000009e+01,2.67476264624290749e-01,-9.56810265070018318e-03,-9.56810104182760635e-03,-1.94861914177693393e-06,-1.94861881411741626e-06,-3.89723762823483253e-06,-5.84585677001176603e-06,-5.84585644235224921e-06
1.39847500000000000e+01,1.39847500000000000e+01,2.67406922865768559e-01,-9.56066314319414801e-03,-9.56066153723765348e-03,-1.94508570848208293e-06,-1.94508538175547634e-06,-3.89017076351095269e-06,-5.83525647199303604e-06,-5.83525614526642946e-06
1.39920000000000009e+01,1.39920000000000009e+01,2.67337635008714380e-01,-9.55323327145407575e-03,-9.55323166840746016e-03,-1.94156050872219307e-06,-1.94156018292547958e-06,-3.88312036585095832e-06,-5.82468087457315181e-06,-5.82468054877643832e-06
1.39992500000000000e+01,1.39992500000000000e+01,2.67268400983332433e-01,-9.54581301802193138e-03,-9.54581141787354433e-03,-1.93804351906142504e-06,-1.93804319419048892e-06,-3.87608638838097869e-06,-5.81412990744240374e-06,-5.81412958257146762e-06
1.40065000000000008e+01,1.40065000000000008e+01,2.67199220719953112e-01,-9.53840236546454889e-03,-9.53840076821308239e-03,-1.93453471613953259e-06,-1.93453439219236679e-06,-3.86906878438473273e-06,-5.80360350052426532e-06,-5.80360317657709910e-06
1.40137499999999999e+01,1.40137499999999999e+01,2.67130094149033215e-01,-9.53100129639850024e-03,-9.53099970204382245e-03,-1.93103407667663466e-06,-1.93103375365147523e-06,-3.86206750730295046e-06,-5.79310158397958512e-06,-5.79310126095442527e-06
1.40210000000000008e+01,1.40210000000000008e+01,2.67061021201155324e-01,-9.52360979349364811e-03,-9.52360820202393862e-03,-1.92754157747364528e-06,-1.92754125536636633e-06,-3.85508251073273350e-06,-5.78262408820637920e-06,-5.78262376609909983e-06
1.40282499999999999e+01,1.40282499999999999e+01,2.66992001807027535e-01,-9.51622783944827688e-03,-9.51622625085194254e-03,-1.92405719540695293e-06,-1.92405687421348616e-06,-3.84811374842697316e-06,-5.77217094383392567e-06,-5.77217062264045932e-06
1.40355000000000008e+01,1.40355000000000008e+01,2.66923035897483285e-01,-9.50885541699975079e-03,-9.50885383126654805e-03,-1.92058090743030435e-06,-1.92058058714686563e-06,-3.84116117429373127e-06,-5.76174208172403519e-06,-5.76174176144059648e-06
1.40427499999999998e+01,1.40427499999999998e+01,2.66854123403481081e-01,-9.50149250891385577e-03,-9.50149092604657582e-03,-1.91711269057238242e-06,-1.91711237119782657e-06,-3.83422474239565315e-06,-5.75133743296803556e-06,-5.75133711359347930e-06
1.40500000000000007e+01,1.40500000000000007e+01,2.66785264256104049e-01,-9.49413909802032663e-03,-9.49413751801081972e-03,-1.91365252194369807e-06,-1.91365220347467762e-06,-3.82730440694935524e-06,-5.74095692889305330e-06,-5.74095661042403285e-06
1.40572499999999998e+01,1.40572499999999998e+01,2.66716458386559829e-01,-9.48679516717021443e-03,-9.48679359001795668e-03,-1.91020037872771167e-06,-1.91020006116242370e-06,-3.82040012232484741e-06,-5.73060050105255908e-06,-5.73060018348727111e-06
1.40645000000000007e+01,1.40645000000000007e+01,2.66647705726180073e-01,-9.47946069927851909e-03,-9.47945912496640612e-03,-1.90675623818914899e-06,-1.90675592152245901e-06,-3.81351184304491887e-06,-5.72026808123406807e-06,-5.72026776456737788e-06
1.40717500000000015e+01,1.40717500000000015e+01,2.66579006206420277e-01,-9.47213567727445138e-03,-9.47213410579424153e-03,-1.90332007766371378e-06,-1.90331976189228320e-06,-3.80663952378456640e-06,-5.70995960144828018e-06,-5.70995928567684960e-06
1.40790000000000006e+01,1.40790000000000006e+01,2.66510359758859616e-01,-9.46482008412985465e-03,-9.46481851547906899e-03,-1.89989187456354624e-06,-1.89989155968520137e-06,-3.79978311937040231e-06,-5.69967499393394875e-06,-5.69967467905560346e-06
1.40862500000000015e+01,1.40862500000000015e+01,2.66441766315200446e-01,-9.45751390285920479e-03,-9.45751233703790578e-03,-1.89647160637694755e-06,-1.89647129239003031e-06,-3.79294258478006105e-06,-5.68941419115700817e-06,-5.68941387717009136e-06
1.40935000000000006e+01,1.40935000000000006e+01,2.66373225807268188e-01,-9.45021711652671570e-03,-9.45021555352709361e-03,-1.89305925066953668e-06,-1.89305893757081566e-06,-3.78611787514163047e-06,-5.67917712581116757e-06,-5.67917681271244612e-06
1.41007500000000014e+01,1.41007500000000014e+01,2.66304738167010779e-01,-9.44292970823212841e-03,-9.44292814804215293e-03,-1.88965478508112149e-06,-1.88965447286652879e-06,-3.77930894573305632e-06,-5.66896373081417801e-06,-5.66896341859958532e-06
1.41080000000000005e+01,1.41080000000000005e+01,2.66236303326498780e-01,-9.43565166110715836e-03,-9.43565010371770485e-03,-1.88625818732473157e-06,-1.88625787599079162e-06,-3.77251575198158408e-06,-5.65877393930631543e-06,-5.65877362797237527e-06
1.41152500000000014e+01,1.41152500000000014e+01,2.66167921217924708e-01,-9.42838295831904816e-03,-9.42838140372734106e-03,-1.88286943518706679e-06,-1.88286912473158111e-06,-3.76573824946316180e-06,-5.64860768465022901e-06,-5.64860737419474248e-06
1.41225000000000005e+01,1.41225000000000005e+01,2.66099591773603150e-01,-9.42112358308477837e-03,-9.42112203128352491e-03,-1.87948850653107143e-06,-1.87948819695094602e-06,-3.75897639390189162e-06,-5.63846490043296305e-06,-5.63846459085283764e-06
1.41297500000000014e+01,1.41297500000000014e+01,2.66031314925969986e-01,-9.41387351865685673e-03,-9.41387196963746481e-03,-1.87611537929282979e-06,-1.87611507058471950e-06,-3.75223014116943985e-06,-5.62834552046226984e-06,-5.62834521175415892e-06
1.41370000000000005e+01,1.41370000000000005e+01,2.65963090607582664e-01,-9.40663274830910723e-03,-9.40663120207903616e-03,-1.87275003147847726e-06,-1.87274972364224170e-06,-3.74549944728448213e-06,-5.61824947876295981e-06,-5.61824917092672362e-06
1.41442500000000013e+01,1.41442500000000013e+01,2.65894918751119480e-01,-9.39940125539706628e-03,-9.39939971193663390e-03,-1.86939244117596755e-06,-1.86939213420606734e-06,-3.73878426841213425e-06,-5.60817670958810180e-06,-5.60817640261820159e-06
1.41515000000000004e+01,1.41515000000000004e+01,2.65826799289379412e-01,-9.39217902327627030e-03,-9.39217748257709095e-03,-1.86604258653853879e-06,-1.86604228043169464e-06,-3.73208456086338928e-06,-5.59812714740192829e-06,-5.59812684129508435e-06
1.41587500000000013e+01,1.41587500000000013e+01,2.65758732155281951e-01,-9.38496603534844098e-03,-9.38496449740555856e-03,-1.86270044579365632e-06,-1.86270014054727799e-06,-3.72540028109455641e-06,-5.58810072688821252e-06,-5.58810042164183462e-06
1.41660000000000004e+01,1.41660000000000004e+01,2.65690717281866884e-01,-9.37776227505082716e-03,-9.37776073986541260e-03,-1.85936599724063713e-06,-1.85936569285335626e-06,-3.71873138570671251e-06,-5.57809738294734964e-06,-5.57809707856006898e-06
1.41732500000000012e+01,1.41732500000000012e+01,2.65622754602293731e-01,-9.37056772587752107e-03,-9.37056619343812174e-03,-1.85603921925461637e-06,-1.85603891572256688e-06,-3.71207783144513418e-06,-5.56811705069975076e-06,-5.56811674716770064e-06
1.41805000000000003e+01,1.41805000000000003e+01,2.65554844049841698e-01,-9.36338237134393125e-03,-9.36338084164316069e-03,-1.85272009027924611e-06,-1.85271978759937719e-06,-3.70543957519875439e-06,-5.55815966547800028e-06,-5.55815936279813137e-06
1.41877500000000012e+01,1.41877500000000012e+01,2.65486985557909283e-01,-9.35620619500099338e-03,-9.35620466803789401e-03,-1.84940858882926352e-06,-1.84940828699980277e-06,-3.69881657399960511e-06,-5.54822516282886842e-06,-5.54822486099940788e-06
1.41950000000000003e+01,1.41950000000000003e+01,2.65419179060014165e-01,-9.34903918045293381e-03,-9.34903765621747720e-03,-1.84610469349375326e-06,-1.84610439251114144e-06,-3.69220878502228246e-06,-5.53831347851603530e-06,-5.53831317753342390e-06
1.42022500000000012e+01,1.42022500000000012e+01,2.65351424489792709e-01,-9.34188131132884791e-03,-9.34187978981473703e-03,-1.84280838293026736e-06,-1.84280808279169083e-06,-3.68561616558338166e-06,-5.52842454851364923e-06,-5.52842424837507228e-06
1.42095000000000002e+01,1.42095000000000002e+01,2.65283721780999904e-01,-9.33473257129691092e-03,-9.33473105250008477e-03,-1.83951963586739360e-06,-1.83951933657048683e-06,-3.67903867314097365e-06,-5.51855830900836725e-06,-5.51855800971146069e-06
1.42167500000000011e+01,1.42167500000000011e+01,2.65216070867508869e-01,-9.32759294407148332e-03,-9.32759142798138957e-03,-1.83623843110589866e-06,-1.83623813264702362e-06,-3.67247626529404767e-06,-5.50871469639994633e-06,-5.50871439794107129e-06
1.42240000000000002e+01,1.42240000000000002e+01,2.65148471683310849e-01,-9.32046241339179460e-03,-9.32046090000389696e-03,-1.83296474751428197e-06,-1.83296444989099434e-06,-3.66592889978198911e-06,-5.49889364729627129e-06,-5.49889334967298324e-06
1.42312500000000011e+01,1.42312500000000011e+01,2.65080924162514719e-01,-9.31334096304325953e-03,-9.31333945235009869e-03,-1.82969856403272608e-06,-1.82969826724201298e-06,-3.65939653448402638e-06,-5.48909509851675225e-06,-5.48909480172603914e-06
1.42385000000000002e+01,1.42385000000000002e+01,2.65013428239346760e-01,-9.30622857683971461e-03,-9.30622706883965124e-03,-1.82643985966935768e-06,-1.82643956370935626e-06,-3.65287912741871209e-06,-5.47931898708806998e-06,-5.47931869112806835e-06
1.42457500000000010e+01,1.42457500000000010e+01,2.64945983848150546e-01,-9.29912523864118157e-03,-9.29912373332925785e-03,-1.82318861350349000e-06,-1.82318831837169134e-06,-3.64637663674338226e-06,-5.46956525024687204e-06,-5.46956495511507381e-06
1.42530000000000001e+01,1.42530000000000001e+01,2.64878590923386448e-01,-9.29203093235031474e-03,-9.29202942971256787e-03,-1.81994480468467900e-06,-1.81994451037681661e-06,-3.63988902075363238e-06,-5.45983382543831160e-06,-5.45983353113044942e-06
1.42602500000000010e+01,1.42602500000000010e+01,2.64811249399631465e-01,-9.28494564188753202e-03,-9.28494414192007275e-03,-1.81670841242760164e-06,-1.81670811894139212e-06,-3.63341623788278509e-06,-5.45012465031038673e-06,-5.45012435682417700e-06
1.42675000000000001e+01,1.42675000000000001e+01,2.64743959211579061e-01,-9.27786935121943657e-03,-9.27786785391901403e-03,-1.81347941601739632e-06,-1.81347912335068652e-06,-3.62695824670137304e-06,-5.44043766271876936e-06,-5.44043737005205978e-06
1.42747500000000009e+01,1.42747500000000009e+01,2.64676720294038770e-01,-9.27080204435171140e-03,-9.27080054971326194e-03,-1.81025779480801591e-06,-1.81025750295830433e-06,-3.62051500591660824e-06,-5.43077280072462416e-06,-5.43077250887491258e-06
1.42820000000000000e+01,1.42820000000000000e+01,2.64609532581935980e-01,-9.26374370532556668e-03,-9.26374221334322866e-03,-1.80704352822130065e-06,-1.80704323718593586e-06,-3.61408647437187172e-06,-5.42113000259317278e-06,-5.42112971155780715e-06
1.42892500000000009e+01,1.42892500000000009e+01,2.64542396010311542e-01,-9.25669431822484512e-03,-9.25669282888575383e-03,-1.80383659574811800e-06,-1.80383630552309121e-06,-3.60767261104618326e-06,-5.41150920679430126e-06,-5.41150891656927425e-06
1.42965000000000000e+01,1.42965000000000000e+01,2.64475310514321715e-01,-9.24965386714760029e-03,-9.24965238045401782e-03,-1.80063697694259123e-06,-1.80063668752684915e-06,-3.60127337505369831e-06,-5.40191035199628933e-06,-5.40191006258054725e-06
1.43037500000000009e+01,1.43037500000000009e+01,2.64408276029237888e-01,-9.24262233625228191e-03,-9.24262085219742548e-03,-1.79744465143086111e-06,-1.79744436282159350e-06,-3.59488872564318701e-06,-5.39233337707404791e-06,-5.39233308846478030e-06
1.43109999999999999e+01,1.43109999999999999e+01,2.64341292490446023e-01,-9.23559970973286681e-03,-9.23559822830151769e-03,-1.79425959890599840e-06,-1.79425931109876321e-06,-3.58851862219752557e-06,-5.38277822110352440e-06,-5.38277793329628857e-06
1.43182500000000008e+01,1.43182500000000008e+01,2.64274359833446770e-01,-9.22858597179398998e-03,-9.22858449298785688e-03,-1.79108179912294030e-06,-1.79108151211659297e-06,-3.58216302423318595e-06,-5.37324482335612667e-06,-5.37324453634977913e-06
1.43254999999999999e+01,1.43254999999999999e+01,2.64207477993855022e-01,-9.22158110670423525e-03,-9.22157963051394372e-03,-1.78791123190861631e-06,-1.78791094569986612e-06,-3.57582189139973267e-06,-5.36373312330834877e-06,-5.36373283709959879e-06
1.43327500000000008e+01,1.43327500000000008e+01,2.64140646907399579e-01,-9.21458509874995002e-03,-9.21458362517310267e-03,-1.78474787715273928e-06,-1.78474759173965520e-06,-3.56949518347930998e-06,-5.35424306063204947e-06,-5.35424277521896497e-06
1.43399999999999999e+01,1.43399999999999999e+01,2.64073866509923150e-01,-9.20759793226366696e-03,-9.20759646129439176e-03,-1.78159171481309321e-06,-1.78159143019307698e-06,-3.56318286038615397e-06,-5.34477457519924740e-06,-5.34477429057923053e-06
1.43472500000000007e+01,1.43472500000000007e+01,2.64007136737381742e-01,-9.20061959161699860e-03,-9.20061812324249328e-03,-1.77844272491391633e-06,-1.77844244108303601e-06,-3.55688488216607160e-06,-5.33532760707998814e-06,-5.33532732324910783e-06
1.43544999999999998e+01,1.43544999999999998e+01,2.63940457525844718e-01,-9.19365006119576833e-03,-9.19364859541762884e-03,-1.77530088754086750e-06,-1.77530060449798299e-06,-3.55060120899596683e-06,-5.32590209653683433e-06,-5.32590181349394962e-06
1.43617500000000007e+01,1.43617500000000007e+01,2.63873828811494404e-01,-9.18668932544619565e-03,-9.18668786225544827e-03,-1.77216618284972618e-06,-1.77216590059166027e-06,-3.54433180118332053e-06,-5.31649798403304629e-06,-5.31649770177498080e-06
1.43690000000000015e+01,1.43690000000000015e+01,2.63807250530625759e-01,-9.17973736883226366e-03,-9.17973590822693773e-03,-1.76903859105792545e-06,-1.76903830958285869e-06,-3.53807661916571781e-06,-5.30711521022364326e-06,-5.30711492874857672e-06
1.43762500000000006e+01,1.43762500000000006e+01,2.63740722619646317e-01,-9.17279417586769341e-03,-9.17279271783832083e-03,-1.76591809245049690e-06,-1.76591781175517119e-06,-3.53183562351034196e-06,-5.29775371596083886e-06,-5.29775343526551358e-06
1.43835000000000015e+01,1.43835000000000015e+01,2.63674245015075692e-01,-9.16585973109107499e-03,-9.16585827563095451e-03,-1.76280466737504668e-06,-1.76280438745674453e-06,-3.52560877491348822e-06,-5.28841344228853532e-06,-5.28841316237023317e-06
1.43907500000000006e+01,1.43907500000000006e+01,2.63607817653545518e-01,-9.15893401907652560e-03,-9.15893256618124582e-03,-1.75969829624359082e-06,-1.75969801710004176e-06,-3.51939603420008267e-06,-5.27909433044367370e-06,-5.27909405130012464e-06
1.43980000000000015e+01,1.43980000000000015e+01,2.63541440471799060e-01,-9.15201702444079501e-03,-9.15201557410053566e-03,-1.75659895953369130e-06,-1.75659868116159231e-06,-3.51319736232318463e-06,-5.26979632185687592e-06,-5.26979604348477652e-06
1.44052500000000006e+01,1.44052500000000006e+01,2.63475113406691164e-01,-9.14510873181484385e-03,-9.14510728403502768e-03,-1.75350663778277964e-06,-1.75350636018175889e-06,-3.50701272036351819e-06,-5.26051935814629783e-06,-5.26051908054527708e-06
1.44125000000000014e+01,1.44125000000000014e+01,2.63408836395187751e-01,-9.13820912590068701e-03,-9.13820768066566334e-03,-1.75042131159883802e-06,-1.75042103476448775e-06,-3.50084206952897508e-06,-5.25126338112781310e-06,-5.25126310429346305e-06
1.44197500000000005e+01,1.44197500000000005e+01,2.63342609374365599e-01,-9.13131819140389211e-03,-9.13131674870804218e-03,-1.74734296164723087e-06,-1.74734268557707457e-06,-3.49468537115415000e-06,-5.24202833280138107e-06,-5.24202805673122415e-06
1.44270000000000014e+01,1.44270000000000014e+01,2.63276432281412398e-01,-9.12443591306910662e-03,-9.12443447291232980e-03,-1.74427156865730345e-06,-1.74427129334992616e-06,-3.48854258669985191e-06,-5.23281415535715557e-06,-5.23281388004977807e-06
1.44342500000000005e+01,1.44342500000000005e+01,2.63210305053626081e-01,-9.11756227568716326e-03,-9.11756083806315037e-03,-1.74120711342351501e-06,-1.74120683887631909e-06,-3.48241367775263818e-06,-5.22362079117615319e-06,-5.22362051662895727e-06
1.44415000000000013e+01,1.44415000000000013e+01,2.63144227628414884e-01,-9.11069726408086922e-03,-9.11069582897949815e-03,-1.73814957680249911e-06,-1.73814930301216588e-06,-3.47629860602433218e-06,-5.21444818282683129e-06,-5.21444790903649827e-06
1.44487500000000004e+01,1.44487500000000004e+01,2.63078199943296898e-01,-9.10384086309790064e-03,-9.10383943051464202e-03,-1.73509893971149495e-06,-1.73509866667578062e-06,-3.47019733335156123e-06,-5.20529627306305598e-06,-5.20529600002734206e-06
1.44560000000000013e+01,1.44560000000000013e+01,2.63012221935899959e-01,-9.09699305762501353e-03,-9.09699162755603016e-03,-1.73205518313084124e-06,-1.73205491084763945e-06,-3.46410982169527890e-06,-5.19616500482611971e-06,-5.19616473254291834e-06
1.44632500000000004e+01,1.44632500000000004e+01,2.62946293543961318e-01,-9.09015383259159648e-03,-9.09015240502519459e-03,-1.72901828810443762e-06,-1.72901801657015334e-06,-3.45803603314030669e-06,-5.18705432124474388e-06,-5.18705404971046025e-06
1.44705000000000013e+01,1.44705000000000013e+01,2.62880414705327414e-01,-9.08332317294124891e-03,-9.08332174787766095e-03,-1.72598823573411654e-06,-1.72598796494742968e-06,-3.45197592989485979e-06,-5.17796416562897675e-06,-5.17796389484228947e-06
1.44777500000000003e+01,1.44777500000000003e+01,2.62814585357953712e-01,-9.07650106366730824e-03,-9.07649964110285486e-03,-1.72296500718619507e-06,-1.72296473714504629e-06,-3.44592947429009258e-06,-5.16889448147628786e-06,-5.16889421143513865e-06
1.44850000000000012e+01,1.44850000000000012e+01,2.62748805439904254e-01,-9.06968748979863904e-03,-9.06968606972399782e-03,-1.71994858368854947e-06,-1.71994831438981448e-06,-3.43989662877962896e-06,-5.15984521246817822e-06,-5.15984494316944323e-06
1.44922500000000003e+01,1.44922500000000003e+01,2.62683074889351609e-01,-9.06288243638897484e-03,-9.06288101879803437e-03,-1.71693894652838557e-06,-1.71693867796955630e-06,-3.43387735593911260e-06,-5.15081630246749859e-06,-5.15081603390866891e-06
1.44995000000000012e+01,1.44995000000000012e+01,2.62617393644576591e-01,-9.05608588852402363e-03,-9.05608447341551756e-03,-1.71393607705337717e-06,-1.71393580923286926e-06,-3.42787161846573852e-06,-5.14180769551911527e-06,-5.14180742769860778e-06
1.45067500000000003e+01,1.45067500000000003e+01,2.62551761643967985e-01,-9.04929783133567867e-03,-9.04929641870053612e-03,-1.71093995667414854e-06,-1.71093968958890567e-06,-3.42187937917781134e-06,-5.13281933585195988e-06,-5.13281906876671679e-06
1.45140000000000011e+01,1.45140000000000011e+01,2.62486178826022210e-01,-9.04251824998070219e-03,-9.04251683981060345e-03,-1.70795056686002202e-06,-1.70795030050713739e-06,-3.41590060101427435e-06,-5.12385116787429616e-06,-5.12385090152141131e-06
1.45212500000000002e+01,1.45212500000000002e+01,2.62420645129343266e-01,-9.03574712964783089e-03,-9.03574572193658471e-03,-1.70496788914016285e-06,-1.70496762351713940e-06,-3.40993524703427838e-06,-5.11490313617444165e-06,-5.11490287055141800e-06
1.45285000000000011e+01,1.45285000000000011e+01,2.62355160492642348e-01,-9.02898445555067042e-03,-9.02898305030258932e-03,-1.70199190510203013e-06,-1.70199164020835669e-06,-3.40398328041671337e-06,-5.10597518551874329e-06,-5.10597492062507006e-06
1.45357500000000002e+01,1.45357500000000002e+01,2.62289724854737782e-01,-9.02223021295966987e-03,-9.02222881016589290e-03,-1.69902259639720252e-06,-1.69902233222988820e-06,-3.39804466445977683e-06,-5.09706726085697977e-06,-5.09706699668966524e-06
1.45430000000000010e+01,1.45430000000000010e+01,2.62224338154554426e-01,-9.01548438717014733e-03,-9.01548298681683312e-03,-1.69605994473513134e-06,-1.69605968129025565e-06,-3.39211936258051173e-06,-5.08817930731564286e-06,-5.08817904387076781e-06
1.45502500000000001e+01,1.45502500000000001e+01,2.62159000331123826e-01,-9.00874696349163173e-03,-9.00874556557872998e-03,-1.69310393188094360e-06,-1.69310366915718857e-06,-3.38620733831437714e-06,-5.07931127019532095e-06,-5.07931100747156571e-06
1.45575000000000010e+01,1.45575000000000010e+01,2.62093711323583778e-01,-9.00201792728339001e-03,-9.00201653180778862e-03,-1.69015453966192330e-06,-1.69015427765739919e-06,-3.38030855531479838e-06,-5.07046309497672147e-06,-5.07046283297219800e-06
1.45647500000000001e+01,1.45647500000000001e+01,2.62028471071178215e-01,-8.99529726393311080e-03,-8.99529587089301953e-03,-1.68721174996329613e-06,-1.68721148867636563e-06,-3.37442297735273126e-06,-5.06163472731602739e-06,-5.06163446602909668e-06
1.45720000000000010e+01,1.45720000000000010e+01,2.61963279513256708e-01,-8.98858495887822073e-03,-8.98858356825613103e-03,-1.68427554473202358e-06,-1.68427528415810805e-06,-3.36855056831621653e-06,-5.05282611304824054e-06,-5.05282585247432437e-06
1.45792500000000000e+01,1.45792500000000000e+01,2.61898136589274466e-01,-8.98188099755614644e-03,-8.98187960935145809e-03,-1.68134590596727867e-06,-1.68134564610497691e-06,-3.36269129220995339e-06,-5.04403719817723228e-06,-5.04403693831493051e-06
1.45865000000000009e+01,1.45865000000000009e+01,2.61833042238792169e-01,-8.97518536545405254e-03,-8.97518397966586001e-03,-1.67842281572957061e-06,-1.67842255657742763e-06,-3.35684511315485567e-06,-5.03526792888442650e-06,-5.03526766973228309e-06
1.45937500000000000e+01,1.45937500000000000e+01,2.61767996401475411e-01,-8.96849804809818352e-03,-8.96849666471864412e-03,-1.67550625613854550e-06,-1.67550599769381372e-06,-3.35101199538762702e-06,-5.02651825152617210e-06,-5.02651799308144096e-06
1.46010000000000009e+01,1.46010000000000009e+01,2.61702999017094706e-01,-8.96181903104320554e-03,-8.96181765006145818e-03,-1.67259620937078549e-06,-1.67259595163016087e-06,-3.34519190326032173e-06,-5.01778811263110701e-06,-5.01778785489048302e-06
1.46082500000000000e+01,1.46082500000000000e+01,2.61638050025525315e-01,-8.95514829985799565e-03,-8.95514692127822622e-03,-1.66969265765696936e-06,-1.66969240061996209e-06,-3.33938480123992418e-06,-5.00907745889689376e-06,-5.00907720185988648e-06
1.46155000000000008e+01,1.46155000000000008e+01,2.61573149366746749e-01,-8.94848584017537974e-03,-8.94848446398504097e-03,-1.66679558329095289e-06,-1.66679532695395694e-06,-3.33359065390791388e-06,-5.00038623719886678e-06,-5.00038598086187040e-06
1.46227499999999999e+01,1.46227499999999999e+01,2.61508296980842769e-01,-8.94183163763173638e-03,-8.94183026383008582e-03,-1.66390496861830852e-06,-1.66390471297992438e-06,-3.32780942595984876e-06,-4.99171439457815707e-06,-4.99171413893977314e-06
1.46300000000000008e+01,1.46300000000000008e+01,2.61443492808001055e-01,-8.93518567791673490e-03,-8.93518430649354288e-03,-1.66102079604539685e-06,-1.66102054110246402e-06,-3.32204108220492805e-06,-4.98306187825032511e-06,-4.98306162330739165e-06
1.46372499999999999e+01,1.46372499999999999e+01,2.61378736788512978e-01,-8.92854794673425545e-03,-8.92854657768750969e-03,-1.65814304803190068e-06,-1.65814279378279351e-06,-3.31628558756558744e-06,-4.97442863559748854e-06,-4.97442838134838095e-06
1.46445000000000007e+01,1.46445000000000007e+01,2.61314028862773440e-01,-8.92191842983436345e-03,-8.92191706315590902e-03,-1.65527170709657427e-06,-1.65527145353853121e-06,-3.31054290707706243e-06,-4.96581461417363649e-06,-4.96581436061559343e-06
1.46517499999999998e+01,1.46517499999999998e+01,2.61249368971280427e-01,-8.91529711298488792e-03,-8.91529574867440562e-03,-1.65240675581177318e-06,-1.65240650294349192e-06,-3.30481300588698300e-06,-4.95721976169875618e-06,-4.95721950883047492e-06
1.46590000000000007e+01,1.46590000000000007e+01,2.61184757054635175e-01,-8.90868398199629041e-03,-8.90868262005031601e-03,-1.64954817680787535e-06,-1.64954792462747421e-06,-3.29909584925494884e-06,-4.94864402606282420e-06,-4.94864377388242263e-06
1.46662500000000016e+01,1.46662500000000016e+01,2.61120193053541449e-01,-8.90207902271811236e-03,-8.90207766312252347e-03,-1.64669595277242711e-06,-1.64669570127605780e-06,-3.29339140255211517e-06,-4.94008735532454270e-06,-4.94008710382817275e-06
1.46735000000000007e+01,1.46735000000000007e+01,2.61055676908805767e-01,-8.89548222100700059e-03,-8.89548086376139822e-03,-1.64385006644403412e-06,-1.64384981563039433e-06,-3.28769963126078908e-06,-4.93154969770482320e-06,-4.93154944689118383e-06
1.46807500000000015e+01,1.46807500000000015e+01,2.60991208561336840e-01,-8.88889356276933995e-03,-8.88889220786869862e-03,-1.64101050062006328e-06,-1.64101025048699964e-06,-3.28202050097400013e-06,-4.92303100159406342e-06,-4.92303075146099978e-06
1.46880000000000006e+01,1.46880000000000006e+01,2.60926787952145633e-01,-8.88231303393638427e-03,-8.88231168137750687e-03,-1.63817723815185359e-06,-1.63817698869755535e-06,-3.27635397739510985e-06,-4.91453121554696344e-06,-4.91453096609266542e-06
1.46952500000000015e+01,1.46952500000000015e+01,2.60862415022344751e-01,-8.87574062048201995e-03,-8.87573927025211290e-03,-1.63535026194780227e-06,-1.63535001316869454e-06,-3.27070002633738907e-06,-4.90605028828519134e-06,-4.90605003950608361e-06
1.47025000000000006e+01,1.47025000000000006e+01,2.60798089713148662e-01,-8.86917630838723881e-03,-8.86917496048796571e-03,-1.63252955496663219e-06,-1.63252930686181118e-06,-3.26505861372362277e-06,-4.89758816869025454e-06,-4.89758792058543416e-06
1.47097500000000014e+01,1.47097500000000014e+01,2.60733811965873141e-01,-8.86262008368632337e-03,-8.86261873811156238e-03,-1.62971510022571562e-06,-1.62971485279284753e-06,-3.25942970558569507e-06,-4.88914480581141026e-06,-4.88914455837854281e-06
1.47170000000000005e+01,1.47170000000000005e+01,2.60669581721935217e-01,-8.85607193243131974e-03,-8.85607058918037697e-03,-1.62690688079434497e-06,-1.62690663403209892e-06,-3.25381326806419741e-06,-4.88072014885854280e-06,-4.88071990209629675e-06
1.47242500000000014e+01,1.47242500000000014e+01,2.60605398922852838e-01,-8.84953184072401200e-03,-8.84953049978276680e-03,-1.62410487979942383e-06,-1.62410463370400785e-06,-3.24820926740801570e-06,-4.87231414720743974e-06,-4.87231390111202376e-06
1.47315000000000005e+01,1.47315000000000005e+01,2.60541263510244703e-01,-8.84299979467328967e-03,-8.84299845603790137e-03,-1.62130908041745442e-06,-1.62130883498697138e-06,-3.24261766997394318e-06,-4.86392675039139781e-06,-4.86392650496091455e-06
1.47387500000000014e+01,1.47387500000000014e+01,2.60477175425830099e-01,-8.83647578042712212e-03,-8.83647444409566864e-03,-1.61851946588022566e-06,-1.61851922111313480e-06,-3.23703844222626918e-06,-4.85555790810649484e-06,-4.85555766333940440e-06
1.47460000000000004e+01,1.47460000000000004e+01,2.60413134611428565e-01,-8.82995978416900584e-03,-8.82995845013659873e-03,-1.61573601947397756e-06,-1.61573577536819857e-06,-3.23147155073639671e-06,-4.84720757021037427e-06,-4.84720732610459549e-06
1.47532500000000013e+01,1.47532500000000013e+01,2.60349141008959617e-01,-8.82345179211441177e-03,-8.82345046037176853e-03,-1.61295872453856307e-06,-1.61295848109121773e-06,-3.22591696218243503e-06,-4.83887568672099831e-06,-4.83887544327365297e-06
1.47605000000000004e+01,1.47605000000000004e+01,2.60285194560442912e-01,-8.81695179049302169e-03,-8.81695046104274613e-03,-1.61018756446402143e-06,-1.61018732167440966e-06,-3.22037464334881975e-06,-4.83056220781284139e-06,-4.83056196502322983e-06
1.47677500000000013e+01,1.47677500000000013e+01,2.60221295207997472e-01,-8.81045976558425536e-03,-8.81045843842147465e-03,-1.60742252269689489e-06,-1.60742228056295397e-06,-3.21484456112590709e-06,-4.82226708382280156e-06,-4.82226684168886127e-06
1.47750000000000004e+01,1.47750000000000004e+01,2.60157442893841906e-01,-8.80397570369950699e-03,-8.80397437881021670e-03,-1.60466358273679298e-06,-1.60466334125480039e-06,-3.20932668250959994e-06,-4.81399026524639313e-06,-4.81399002376440055e-06
1.47822500000000012e+01,1.47822500000000012e+01,2.60093637560293856e-01,-8.79749959115727620e-03,-8.79749826854145378e-03,-1.60191072813168252e-06,-1.60191048730047212e-06,-3.20382097460094467e-06,-4.80573170273262719e-06,-4.80573146190141679e-06
1.47895000000000003e+01,1.47895000000000003e+01,2.60029879149770105e-01,-8.79103141432580060e-03,-8.79103009397782555e-03,-1.59916394248548936e-06,-1.59916370230287899e-06,-3.19832740460575797e-06,-4.79749134709124691e-06,-4.79749110690863675e-06
1.47967500000000012e+01,1.47967500000000012e+01,2.59966167604786080e-01,-8.78457115959818680e-03,-8.78456984151202401e-03,-1.59642320945337766e-06,-1.59642296991711526e-06,-3.19284593983423009e-06,-4.78926914928760732e-06,-4.78926890975134513e-06
1.48040000000000003e+01,1.48040000000000003e+01,2.59902502867955909e-01,-8.77811881339596312e-03,-8.77811749756673629e-03,-1.59368851274222821e-06,-1.59368827385027794e-06,-3.18737654770055545e-06,-4.78106506044278366e-06,-4.78106482155083318e-06
1.48112500000000011e+01,1.48112500000000011e+01,2.59838884881991861e-01,-8.77167436216907959e-03,-8.77167304859454225e-03,-1.59095983611046018e-06,-1.59095959786126794e-06,-3.18191919572253630e-06,-4.77287903183299627e-06,-4.77287879358380403e-06
1.48185000000000002e+01,1.48185000000000002e+01,2.59775313589704460e-01,-8.76523779240656609e-03,-8.76523648107785727e-03,-1.58823716336979057e-06,-1.58823692576060774e-06,-3.17647385152121506e-06,-4.76471101489100563e-06,-4.76471077728182302e-06
1.48257500000000011e+01,1.48257500000000011e+01,2.59711788934001986e-01,-8.75880909061876878e-03,-8.75880778152882469e-03,-1.58552047838183257e-06,-1.58552024141024278e-06,-3.17104048282048556e-06,-4.75656096120231770e-06,-4.75656072423072813e-06
1.48330000000000002e+01,1.48330000000000002e+01,2.59648310857890530e-01,-8.75238824333379739e-03,-8.75238693648926550e-03,-1.58280976505729084e-06,-1.58280952872336355e-06,-3.16561905744672710e-06,-4.74842882250401836e-06,-4.74842858617009043e-06
1.48402500000000011e+01,1.48402500000000011e+01,2.59584879304473604e-01,-8.74597523714726321e-03,-8.74597393253057076e-03,-1.58010500736478128e-06,-1.58010477166420911e-06,-3.16020954332841779e-06,-4.74031455069319886e-06,-4.74031431499262711e-06
1.48475000000000001e+01,1.48475000000000001e+01,2.59521494216951920e-01,-8.73957005863701397e-03,-8.73956875625364268e-03,-1.57740618931523796e-06,-1.57740595424788602e-06,-3.15481190849577246e-06,-4.73221809781101042e-06,-4.73221786274365848e-06
1.48547500000000010e+01,1.48547500000000010e+01,2.59458155538623336e-01,-8.73317269445195166e-03,-8.73317139428880784e-03,-1.57471329497779565e-06,-1.57471306054017947e-06,-3.14942612108035808e-06,-4.72413941605815395e-06,-4.72413918162053797e-06
1.48620000000000001e+01,1.48620000000000001e+01,2.59394863212882409e-01,-8.72678313123742555e-03,-8.72678183329573393e-03,-1.57202630846614497e-06,-1.57202607465736837e-06,-3.14405214931473675e-06,-4.71607845778088193e-06,-4.71607822397210491e-06
1.48692500000000010e+01,1.48692500000000010e+01,2.59331617183220398e-01,-8.72040135569207564e-03,-8.72040005996336035e-03,-1.56934521394861820e-06,-1.56934498076604162e-06,-3.13868996153208325e-06,-4.70803517548070123e-06,-4.70803494229812466e-06
1.48765000000000001e+01,1.48765000000000001e+01,2.59268417393224870e-01,-8.71402735453230548e-03,-8.71402606100980977e-03,-1.56666999564161440e-06,-1.56666976308291338e-06,-3.13333952616582676e-06,-4.70000952180744095e-06,-4.70000928924873972e-06
1.48837500000000009e+01,1.48837500000000009e+01,2.59205263786579654e-01,-8.70766111450294034e-03,-8.70765982318231699e-03,-1.56400063781135111e-06,-1.56400040587464015e-06,-3.12800081174928030e-06,-4.69200144956063141e-06,-4.69200121762392087e-06
1.48910000000000000e+01,1.48910000000000000e+01,2.59142156307064608e-01,-8.70130262237367447e-03,-8.70130133325715607e-03,-1.56133712477306196e-06,-1.56133689345764098e-06,-3.12267378691528196e-06,-4.68401091168834370e-06,-4.68401068037292336e-06
1.48982500000000009e+01,1.48982500000000009e+01,2.59079094898555240e-01,-8.69495186496394012e-03,-8.69495057803954322e-03,-1.55867944089528922e-06,-1.55867921019791091e-06,-3.11735842039582140e-06,-4.67603786129111062e-06,-4.67603763059373211e-06
1.49055000000000000e+01,1.49055000000000000e+01,2.59016079505022645e-01,-8.68860882909672227e-03,-8.68860754436357949e-03,-1.55602757059142876e-06,-1.55602734051084502e-06,-3.11205468102169004e-06,-4.66808225161311837e-06,-4.66808202153253484e-06
1.49127500000000008e+01,1.49127500000000008e+01,2.58953110070533343e-01,-8.68227350163763845e-03,-8.68227221909216411e-03,-1.55338149832657634e-06,-1.55338126886105563e-06,-3.10676253772211168e-06,-4.66014403604868802e-06,-4.66014380658316731e-06
1.49199999999999999e+01,1.49199999999999999e+01,2.58890186539248890e-01,-8.67594586948428059e-03,-8.67594458911691985e-03,-1.55074120861544759e-06,-1.55074097976219554e-06,-3.10148195952439107e-06,-4.65222316813983866e-06,-4.65222293928658640e-06
1.49272500000000008e+01,1.49272500000000008e+01,2.58827308855425764e-01,-8.66962591955200423e-03,-8.66962464135811149e-03,-1.54810668601966891e-06,-1.54810645777677460e-06,-3.09621291555354921e-06,-4.64431960157321854e-06,-4.64431937333032381e-06
1.49344999999999999e+01,1.49344999999999999e+01,2.58764476963415369e-01,-8.66331363878458660e-03,-8.66331236276458513e-03,-1.54547791514952789e-06,-1.54547768751599015e-06,-3.09095537503197988e-06,-4.63643329018150777e-06,-4.63643306254797024e-06
1.49417500000000008e+01,1.49417500000000008e+01,2.58701690807663365e-01,-8.65700901417199020e-03,-8.65700774031366235e-03,-1.54285488066697311e-06,-1.54285465363953954e-06,-3.08570930727907993e-06,-4.62856418794605347e-06,-4.62856396091861968e-06
1.49489999999999998e+01,1.49489999999999998e+01,2.58638950332709894e-01,-8.65071203270773026e-03,-8.65071076101110031e-03,-1.54023756727784830e-06,-1.54023734085545480e-06,-3.08047468171091045e-06,-4.62071224898875854e-06,-4.62071202256636547e-06
1.49562500000000007e+01,1.49562500000000007e+01,2.58576255483189077e-01,-8.64442268143150727e-03,-8.64442141189098422e-03,-1.53762595973933116e-06,-1.53762573391991713e-06,-3.07525146783983384e-06,-4.61287742757916543e-06,-4.61287720175975140e-06
1.49635000000000016e+01,1.49635000000000016e+01,2.58513606203829127e-01,-8.63814094740433802e-03,-8.63813968001567525e-03,-1.53502004285534021e-06,-1.53501981763708875e-06,-3.07003963527417708e-06,-4.60505967812951708e-06,-4.60505945291126604e-06
1.49707500000000007e+01,1.49707500000000007e+01,2.58451002439451738e-01,-8.63186681771921371e-03,-8.63186555247571867e-03,-1.53241980147827130e-06,-1.53241957685893609e-06,-3.06483915371787219e-06,-4.59725895519614349e-06,-4.59725873057680828e-06
1.49780000000000015e+01,1.49780000000000015e+01,2.58388444134972195e-01,-8.62560027949399455e-03,-8.62559901638977784e-03,-1.52982522050757344e-06,-1.52982499648505616e-06,-3.05964999297011274e-06,-4.58947521347768639e-06,-4.58947498945516890e-06
1.49852500000000006e+01,1.49852500000000006e+01,2.58325931235399098e-01,-8.61934131986785701e-03,-8.61934005890455969e-03,-1.52723628488896370e-06,-1.52723606146250584e-06,-3.05447212292501125e-06,-4.58170840781397517e-06,-4.58170818438751730e-06
1.49925000000000015e+01,1.49925000000000015e+01,2.58263463685834138e-01,-8.61308992602616286e-03,-8.61308866719473487e-03,-1.52465297961867455e-06,-1.52465275678562595e-06,-3.04930551357125147e-06,-4.57395849318992581e-06,-4.57395827035687720e-06
1.49997500000000006e+01,1.49997500000000006e+01,2.58201041431471767e-01,-8.60684608516493199e-03,-8.60684482846286666e-03,-1.52207528973700024e-06,-1.52207506749587477e-06,-3.04415013499174912e-06,-4.56622542472874936e-06,-4.56622520248762432e-06
1.50070000000000014e+01,1.50070000000000014e+01,2.58138664417599251e-01,-8.60060978451571145e-03,-8.60060852993933637e-03,-1.51950320033254385e-06,-1.51950297868165339e-06,-3.03900595736330635e-06,-4.55850915769584999e-06,-4.55850893604495953e-06
1.50142500000000005e+01,1.50142500000000005e+01,2.58076332589596280e-01,-8.59438101133846999e-03,-8.59437975888227047e-03,-1.51693669654080381e-06,-1.51693647547813898e-06,-3.03387295095627796e-06,-4.55080964749708178e-06,-4.55080942643441674e-06
1.50215000000000014e+01,1.50215000000000014e+01,2.58014045892934807e-01,-8.58815975292159806e-03,-8.58815850257746427e-03,-1.51437576354401360e-06,-1.51437554306711208e-06,-3.02875108613422416e-06,-4.54312684967823797e-06,-4.54312662920133602e-06
1.50287500000000005e+01,1.50287500000000005e+01,2.57951804273178931e-01,-8.58194599657124968e-03,-8.58194474833831600e-03,-1.51182038656911055e-06,-1.51182016667679284e-06,-3.02364033335358568e-06,-4.53546071992269623e-06,-4.53546050003037830e-06
1.50360000000000014e+01,1.50360000000000014e+01,2.57889607675984511e-01,-8.57573972963621145e-03,-8.57573848350573660e-03,-1.50927055089196423e-06,-1.50927033158166700e-06,-3.01854066316333400e-06,-4.52781121405529802e-06,-4.52781099474500100e-06
1.50432500000000005e+01,1.50432500000000005e+01,2.57827456047099224e-01,-8.56954093947592810e-03,-8.56953969544809770e-03,-1.50672624183158869e-06,-1.50672602310232515e-06,-3.01345204620465072e-06,-4.52017828803623983e-06,-4.52017806930697607e-06
1.50505000000000013e+01,1.50505000000000013e+01,2.57765349332362059e-01,-8.56334961349602963e-03,-8.56334837156114484e-03,-1.50418744475624173e-06,-1.50418722660529077e-06,-3.00837445321058196e-06,-4.51256189796682369e-06,-4.51256167981587252e-06
1.50577500000000004e+01,1.50577500000000004e+01,2.57703287477703546e-01,-8.55716573910925149e-03,-8.55716449926793681e-03,-1.50165414507640126e-06,-1.50165392750286039e-06,-3.00330785500572035e-06,-4.50496200008212183e-06,-4.50496178250858116e-06
1.50650000000000013e+01,1.50650000000000013e+01,2.57641270429145031e-01,-8.55098930377096167e-03,-8.55098806601875192e-03,-1.49912632825085429e-06,-1.49912611125293053e-06,-2.99825222250586106e-06,-4.49737855075671534e-06,-4.49737833375879116e-06
1.50722500000000004e+01,1.50722500000000004e+01,2.57579298132798840e-01,-8.54482029496494988e-03,-8.54481905929104293e-03,-1.49660397978404708e-06,-1.49660376335884168e-06,-2.99320752671768337e-06,-4.48981150650173044e-06,-4.48981129007652505e-06
1.50795000000000012e+01,1.50795000000000012e+01,2.57517370534868062e-01,-8.53865870018211126e-03,-8.53865746658934513e-03,-1.49408708522219947e-06,-1.49408686936920846e-06,-2.98817373873841607e-06,-4.48226082396061512e-06,-4.48226060810762453e-06
1.50867500000000003e+01,1.50867500000000003e+01,2.57455487581646214e-01,-8.53250450696307894e-03,-8.53250327544521556e-03,-1.49157563016062704e-06,-1.49157541487775992e-06,-2.98315082975551942e-06,-4.47472645991614667e-06,-4.47472624463327955e-06
1.50940000000000012e+01,1.50940000000000012e+01,2.57393649219517073e-01,-8.52635770286624961e-03,-8.52635647341715500e-03,-1.48906960023798440e-06,-1.48906938552317464e-06,-2.97813877104634885e-06,-4.46720837128433304e-06,-4.46720815656952348e-06
1.51012500000000003e+01,1.51012500000000003e+01,2.57331855394954623e-01,-8.52021827547488897e-03,-8.52021704809054203e-03,-1.48656898113736747e-06,-1.48656876698892206e-06,-2.97313753397784454e-06,-4.45970651511521159e-06,-4.45970630096676638e-06
1.51085000000000012e+01,1.51085000000000012e+01,2.57270106054522663e-01,-8.51408621240068442e-03,-8.51408498707756020e-03,-1.48407375858678165e-06,-1.48407354500309820e-06,-2.96814709000619641e-06,-4.45222084859297785e-06,-4.45222063500929440e-06
1.51157500000000002e+01,1.51157500000000002e+01,2.57208401144874810e-01,-8.50796150128374506e-03,-8.50796027801712859e-03,-1.48158391835899526e-06,-1.48158370533826790e-06,-2.96316741067653623e-06,-4.44475132903553149e-06,-4.44475111601480392e-06
1.51230000000000011e+01,1.51230000000000011e+01,2.57146740612754054e-01,-8.50184412979260173e-03,-8.50184290857482032e-03,-1.47909944627138857e-06,-1.47909923381130152e-06,-2.95819846762260305e-06,-4.43729791389399183e-06,-4.43729770143390436e-06
1.51302500000000002e+01,1.51302500000000002e+01,2.57085124404992815e-01,-8.49573408561354881e-03,-8.49573286644281570e-03,-1.47662032818395440e-06,-1.47662011628322039e-06,-2.95324023256644078e-06,-4.42986056075039560e-06,-4.42986034884966074e-06
1.51375000000000011e+01,1.51375000000000011e+01,2.57023552468512606e-01,-8.48963135647196054e-03,-8.48963013933980506e-03,-1.47414655000285988e-06,-1.47414633865903436e-06,-2.94829267731806872e-06,-4.42243922732092839e-06,-4.42243901597710329e-06
1.51447500000000002e+01,1.51447500000000002e+01,2.56962024750323981e-01,-8.48353593010386930e-03,-8.48353471501094372e-03,-1.47167809767536000e-06,-1.47167788688758705e-06,-2.94335577377517409e-06,-4.41503387145053409e-06,-4.41503366066276072e-06
1.51520000000000010e+01,1.51520000000000010e+01,2.56900541197526144e-01,-8.47744779428083461e-03,-8.47744658122776343e-03,-1.46921495719397520e-06,-1.46921474696139571e-06,-2.93842949392279141e-06,-4.40764445111676640e-06,-4.40764424088418669e-06
1.51592500000000001e+01,1.51592500000000001e+01,2.56839101757306898e-01,-8.47136693681704855e-03,-8.47136572578811343e-03,-1.46675711459757026e-06,-1.46675690491649752e-06,-2.93351380983299503e-06,-4.40027092443056550e-06,-4.40027071474949234e-06
1.51665000000000010e+01,1.51665000000000010e+01,2.56777706376942305e-01,-8.46529334552315049e-03,-8.46529213651608069e-03,-1.46430455596320670e-06,-1.46430434683228970e-06,-2.92860869366457981e-06,-4.39291324962778609e-06,-4.39291304049686930e-06
1.51737500000000001e+01,1.51737500000000001e+01,2.56716355003796859e-01,-8.45922700824530693e-03,-8.45922580126194472e-03,-1.46185726741277930e-06,-1.46185705883138085e-06,-2.92371411766276170e-06,-4.38557138507554078e-06,-4.38557117649414254e-06
1.51810000000000009e+01,1.51810000000000009e+01,2.56655047585322760e-01,-8.45316791286876423e-03,-8.45316670790207357e-03,-1.45941523511347642e-06,-1.45941502707942748e-06,-2.91883005415885497e-06,-4.37824528927233139e-06,-4.37824508123828245e-06
1.51882500000000000e+01,1.51882500000000000e+01,2.56593784069060249e-01,-8.44711604728942689e-03,-8.44711484433888909e-03,-1.45697844527272749e-06,-1.45697823778498918e-06,-2.91395647556997837e-06,-4.37093492084270586e-06,-4.37093471335496777e-06
1.51955000000000009e+01,1.51955000000000009e+01,2.56532564402637053e-01,-8.44107139944583196e-03,-8.44107019850077502e-03,-1.45454688414358165e-06,-1.45454667719936702e-06,-2.90909335439873362e-06,-4.36364023854231505e-06,-4.36364003159810106e-06
1.52027500000000000e+01,1.52027500000000000e+01,2.56471388533768274e-01,-8.43503395728362193e-03,-8.43503275834201968e-03,-1.45212053801843821e-06,-1.45212033161645660e-06,-2.90424066323291319e-06,-4.35636120125135162e-06,-4.35636099484937000e-06
1.52100000000000009e+01,1.52100000000000009e+01,2.56410256410256387e-01,-8.42900370878751914e-03,-8.42900251184274668e-03,-1.44969939323442048e-06,-1.44969918737259262e-06,-2.89939837474518482e-06,-4.34909776797960509e-06,-4.34909756211777723e-06
1.52172499999999999e+01,1.52172499999999999e+01,2.56349167979990855e-01,-8.42298064195645679e-03,-8.42297944700885065e-03,-1.44728343616895146e-06,-1.44728323084639983e-06,-2.89456646169279924e-06,-4.34184989786175071e-06,-4.34184969253919908e-06
1.52245000000000008e+01,1.52245000000000008e+01,2.56288123190948014e-01,-8.41696474482844792e-03,-8.41696355187191748e-03,-1.44487265324389290e-06,-1.44487244845863841e-06,-2.88974489691727682e-06,-4.33461755016116951e-06,-4.33461734537591544e-06
1.52317499999999999e+01,1.52317499999999999e+01,2.56227121991190854e-01,-8.41095600546282185e-03,-8.41095481448917055e-03,-1.44246703092235154e-06,-1.44246682667205870e-06,-2.88493365334411741e-06,-4.32740068426646873e-06,-4.32740048001617611e-06
1.52390000000000008e+01,1.52390000000000008e+01,2.56166164328868795e-01,-8.40495441193667148e-03,-8.40495322294339438e-03,-1.44006655570793076e-06,-1.44006635199124539e-06,-2.88013270398249078e-06,-4.32019925969042133e-06,-4.32019905597373660e-06
1.52462499999999999e+01,1.52462499999999999e+01,2.56105250152217800e-01,-8.39895995235195869e-03,-8.39895876534288086e-03,-1.43767121414582095e-06,-1.43767101096247538e-06,-2.87534202192495076e-06,-4.31301323607077149e-06,-4.31301303288742614e-06
1.52535000000000007e+01,1.52535000000000007e+01,2.56044379409559653e-01,-8.39297261486393609e-03,-8.39297142982134078e-03,-1.43528099282751913e-06,-1.43528079017356195e-06,-2.87056158034712391e-06,-4.30584257317464261e-06,-4.30584237052068607e-06
1.52607500000000016e+01,1.52607500000000016e+01,2.55983552049302288e-01,-8.38699238761009269e-03,-8.38699120453785876e-03,-1.43289587837853304e-06,-1.43289567625371290e-06,-2.86579135250742580e-06,-4.29868723088595885e-06,-4.29868702876113870e-06
1.52680000000000007e+01,1.52680000000000007e+01,2.55922768019939351e-01,-8.38101925878120824e-03,-8.38101807767681860e-03,-1.43051585747040666e-06,-1.43051565587338037e-06,-2.86103131174676117e-06,-4.29154716921716804e-06,-4.29154696762014175e-06
1.52752500000000015e+01,1.52752500000000015e+01,2.55862027270049974e-01,-8.37505321659648416e-03,-8.37505203744783044e-03,-1.42814091681632093e-06,-1.42814071574411328e-06,-2.85628143148822657e-06,-4.28442234830454749e-06,-4.28442214723234028e-06
1.52825000000000006e+01,1.52825000000000006e+01,2.55801329748298722e-01,-8.36909424927867462e-03,-8.36909307208567703e-03,-1.42577104316672135e-06,-1.42577084261841375e-06,-2.85154168523682750e-06,-4.27731272840354864e-06,-4.27731252785524146e-06
1.52897500000000015e+01,1.52897500000000015e+01,2.55740675403435480e-01,-8.36314234508606091e-03,-8.36314116985024079e-03,-1.42340622331464079e-06,-1.42340602328958906e-06,-2.84681204657917855e-06,-4.27021826989381912e-06,-4.27021806986876740e-06
1.52970000000000006e+01,1.52970000000000006e+01,2.55680064184295008e-01,-8.35719749231245146e-03,-8.35719631902644318e-03,-1.42104644409555988e-06,-1.42104624459160981e-06,-2.84209248918322004e-06,-4.26313893327878013e-06,-4.26313873377482985e-06
1.53042500000000015e+01,1.53042500000000015e+01,2.55619496039796945e-01,-8.35125967926941826e-03,-8.35125850792416830e-03,-1.41869169238424443e-06,-1.41869149339896101e-06,-2.83738298679792202e-06,-4.25607467918216624e-06,-4.25607448019688303e-06
1.53115000000000006e+01,1.53115000000000006e+01,2.55558970918945638e-01,-8.34532889427919145e-03,-8.34532772487821609e-03,-1.41634195509341581e-06,-1.41634175662650279e-06,-2.83268351325300558e-06,-4.24902546834642118e-06,-4.24902526987950858e-06
1.53187500000000014e+01,1.53187500000000014e+01,2.55498488770829868e-01,-8.33940512571018644e-03,-8.33940395824822080e-03,-1.41399721917965114e-06,-1.41399702122932403e-06,-2.82799404245864765e-06,-4.24199126163829921e-06,-4.24199106368797168e-06
1.53260000000000005e+01,1.53260000000000005e+01,2.55438049544622792e-01,-8.33348836195213494e-03,-8.33348719641859546e-03,-1.41165747163902427e-06,-1.41165727420260159e-06,-2.82331454840520317e-06,-4.23497202004422766e-06,-4.23497182260780518e-06
1.53332500000000014e+01,1.53332500000000014e+01,2.55377653189581555e-01,-8.32757859140542678e-03,-8.32757742779846252e-03,-1.40932269950517158e-06,-1.40932250258145709e-06,-2.81864500516291418e-06,-4.22796770466808597e-06,-4.22796750774437169e-06
1.53405000000000005e+01,1.53405000000000005e+01,2.55317299655047403e-01,-8.32167580250242622e-03,-8.32167464082159657e-03,-1.40699288985277834e-06,-1.40699269344081681e-06,-2.81398538688163361e-06,-4.22097827673441175e-06,-4.22097808032245021e-06
1.53477500000000013e+01,1.53477500000000013e+01,2.55256988890445236e-01,-8.31577998370747196e-03,-8.31577882394635148e-03,-1.40466802979744112e-06,-1.40466783389526826e-06,-2.80933566779053610e-06,-4.21400369758797722e-06,-4.21400350168580415e-06
1.53550000000000004e+01,1.53550000000000004e+01,2.55196720845283609e-01,-8.30989112350266623e-03,-8.30988996565560495e-03,-1.40234810649313593e-06,-1.40234791109892302e-06,-2.80469582219784604e-06,-4.20704392869098218e-06,-4.20704373329676885e-06
1.53622500000000013e+01,1.53622500000000013e+01,2.55136495469154401e-01,-8.30400921039498030e-03,-8.30400805445668383e-03,-1.40003310713329002e-06,-1.40003291224527332e-06,-2.80006582449054664e-06,-4.20009893162383666e-06,-4.20009873673582038e-06
1.53695000000000004e+01,1.53695000000000004e+01,2.55076312711732867e-01,-8.29813423291270169e-03,-8.29813307888131908e-03,-1.39772301895005782e-06,-1.39772282456705761e-06,-2.79544564913411480e-06,-4.19316866808417241e-06,-4.19316847370117242e-06
1.53767500000000013e+01,1.53767500000000013e+01,2.55016172522777196e-01,-8.29226617961253964e-03,-8.29226502748556075e-03,-1.39541782921538756e-06,-1.39541763533611594e-06,-2.79083527067223146e-06,-4.18625309988761881e-06,-4.18625290600834762e-06
1.53840000000000003e+01,1.53840000000000003e+01,2.54956074852128511e-01,-8.28640503907607240e-03,-8.28640388884973114e-03,-1.39311752524029646e-06,-1.39311733186325694e-06,-2.78623466372651388e-06,-4.17935218896681013e-06,-4.17935199558977103e-06
1.53912500000000012e+01,1.53912500000000012e+01,2.54896019649710592e-01,-8.28055079991329990e-03,-8.28054965157835020e-03,-1.39082209437533701e-06,-1.39082190149811681e-06,-2.78164380299623404e-06,-4.17246589737157105e-06,-4.17246570449435084e-06
1.53985000000000003e+01,1.53985000000000003e+01,2.54836006865529818e-01,-8.27470345074132752e-03,-8.27470230430008870e-03,-1.38853152400689265e-06,-1.38853133162902548e-06,-2.77706266325805096e-06,-4.16559418726494403e-06,-4.16559399488707686e-06
1.54057500000000012e+01,1.54057500000000012e+01,2.54776036449674836e-01,-8.26886298022344590e-03,-8.26886183566768324e-03,-1.38624580156361464e-06,-1.38624560968286581e-06,-2.77249121936573162e-06,-4.15873702092934647e-06,-4.15873682904859785e-06
1.54130000000000003e+01,1.54130000000000003e+01,2.54716108352316617e-01,-8.26302937702294571e-03,-8.26302823435789979e-03,-1.38396491450854609e-06,-1.38396472312494333e-06,-2.76792944624988625e-06,-4.15189436075843233e-06,-4.15189416937482937e-06
1.54202500000000011e+01,1.54202500000000011e+01,2.54656222523707954e-01,-8.25720262985996101e-03,-8.25720148907144701e-03,-1.38168885034852424e-06,-1.38168865945884398e-06,-2.76337731891768796e-06,-4.14506616926621220e-06,-4.14506597837653194e-06
1.54275000000000002e+01,1.54275000000000002e+01,2.54596378914183630e-01,-8.25138272745107315e-03,-8.25138158853293280e-03,-1.37941759662393756e-06,-1.37941740622630657e-06,-2.75883481245261272e-06,-4.13825240907655007e-06,-4.13825221867891886e-06
1.54347500000000011e+01,1.54347500000000011e+01,2.54536577474159920e-01,-8.24556965853773249e-03,-8.24556852149078805e-03,-1.37715114091336529e-06,-1.37715095100708075e-06,-2.75430190201416192e-06,-4.13145304292752721e-06,-4.13145285302124288e-06
1.54420000000000002e+01,1.54420000000000002e+01,2.54476818154134865e-01,-8.23976341189336381e-03,-8.23976227671722843e-03,-1.37488947083464391e-06,-1.37488928141880309e-06,-2.74977856283760576e-06,-4.12466803367224945e-06,-4.12466784425640906e-06
1.54492500000000010e+01,1.54492500000000010e+01,2.54417100904687443e-01,-8.23396397632336630e-03,-8.23396284300815379e-03,-1.37263257404473371e-06,-1.37263238511685142e-06,-2.74526477023370242e-06,-4.11789734427843635e-06,-4.11789715535055385e-06
1.54565000000000001e+01,1.54565000000000001e+01,2.54357425676478177e-01,-8.22817134063313915e-03,-8.22817020918313255e-03,-1.37038043823426646e-06,-1.37038024979422412e-06,-2.74076049958844824e-06,-4.11114093782271470e-06,-4.11114074938267236e-06
1.54637500000000010e+01,1.54637500000000010e+01,2.54297792420248192e-01,-8.22238549368492500e-03,-8.22238436408530109e-03,-1.36813305113689917e-06,-1.36813286318139885e-06,-2.73626572636279812e-06,-4.10439877749969708e-06,-4.10439858954419654e-06
1.54710000000000001e+01,1.54710000000000001e+01,2.54238201086819715e-01,-8.21660642432675559e-03,-8.21660529658133597e-03,-1.36589040051735632e-06,-1.36589021304620786e-06,-2.73178042609241614e-06,-4.09767082660977268e-06,-4.09767063913862421e-06
1.54782500000000010e+01,1.54782500000000010e+01,2.54178651627095464e-01,-8.21083412145995339e-03,-8.21083299556136723e-03,-1.36365247418254654e-06,-1.36365228719370118e-06,-2.72730457438740195e-06,-4.09095704856994849e-06,-4.09095686158110313e-06
1.54855000000000000e+01,1.54855000000000000e+01,2.54119143992058538e-01,-8.20506857399649903e-03,-8.20506744993892805e-03,-1.36141925997434738e-06,-1.36141907346601873e-06,-2.72283814693203746e-06,-4.08425740690638442e-06,-4.08425722039805577e-06
1.54927500000000009e+01,1.54927500000000009e+01,2.54059678132772526e-01,-8.19930977086613666e-03,-8.19930864865090099e-03,-1.35919074577067106e-06,-1.35919055974226069e-06,-2.71838111948452138e-06,-4.07757186525519286e-06,-4.07757167922678207e-06
1.55000000000000000e+01,1.55000000000000000e+01,2.54000254000381009e-01,-8.19355770103769032e-03,-8.19355658065745208e-03,-1.35696691948888079e-06,-1.35696673393835730e-06,-2.71393346787671460e-06,-4.07090038736559560e-06,-4.07090020181507148e-06
1.55072500000000009e+01,1.55072500000000009e+01,2.53940871546107505e-01,-8.18781235349064218e-03,-8.18781123494196315e-03,-1.35474776908095590e-06,-1.35474758400693821e-06,-2.70949516801387599e-06,-4.06424293709483232e-06,-4.06424275202081420e-06
1.55145000000000000e+01,1.55145000000000000e+01,2.53881530721255411e-01,-8.18207371722934340e-03,-8.18207260051098673e-03,-1.35253328253573245e-06,-1.35253309793720687e-06,-2.70506619587441374e-06,-4.05759947841014598e-06,-4.05759929381162082e-06
1.55217500000000008e+01,1.55217500000000008e+01,2.53822231477207672e-01,-8.17634178128656686e-03,-8.17634066639417838e-03,-1.35032344787937017e-06,-1.35032326375480992e-06,-2.70064652750961984e-06,-4.05096997538899044e-06,-4.05096979126442934e-06
1.55289999999999999e+01,1.55289999999999999e+01,2.53762973765426725e-01,-8.17061653471640170e-03,-8.17061542164423775e-03,-1.34811825317405881e-06,-1.34811806952171201e-06,-2.69623613904342402e-06,-4.04435439221748283e-06,-4.04435420856513582e-06
1.55362500000000008e+01,1.55362500000000008e+01,2.53703757537454277e-01,-8.16489796659425338e-03,-8.16489685533684957e-03,-1.34591768651790061e-06,-1.34591750333606537e-06,-2.69183500667213074e-06,-4.03775269319003177e-06,-4.03775251000819632e-06
1.55434999999999999e+01,1.55434999999999999e+01,2.53644582744911085e-01,-8.15918606601329088e-03,-8.15918495657062641e-03,-1.34372173604421259e-06,-1.34372155333208762e-06,-2.68744310666417566e-06,-4.03116484270838783e-06,-4.03116465999626349e-06
1.55507500000000007e+01,1.55507500000000007e+01,2.53585449339497060e-01,-8.15348082209865765e-03,-8.15347971446705316e-03,-1.34153038992374809e-06,-1.34153020767993217e-06,-2.68306041535986477e-06,-4.02459080528361286e-06,-4.02459062303979694e-06
1.55580000000000016e+01,1.55580000000000016e+01,2.53526357272990666e-01,-8.14778222400036611e-03,-8.14778111817041593e-03,-1.33934363636341094e-06,-1.33934345458556437e-06,-2.67868690917112831e-06,-4.01803054553453926e-06,-4.01803036375669311e-06
1.55652500000000007e+01,1.55652500000000007e+01,2.53467306497249079e-01,-8.14209026087908683e-03,-8.14208915684775519e-03,-1.33716146360380061e-06,-1.33716128229063589e-06,-2.67432256458127262e-06,-4.01148402818507302e-06,-4.01148384687190829e-06
1.55725000000000016e+01,1.55725000000000016e+01,2.53408296964207913e-01,-8.13640492192391207e-03,-8.13640381968880680e-03,-1.33498385992202218e-06,-1.33498367907236066e-06,-2.66996735814472132e-06,-4.00495121806674329e-06,-4.00495103721708177e-06
1.55797500000000007e+01,1.55797500000000007e+01,2.53349328625881220e-01,-8.13072619634169769e-03,-8.13072509590594301e-03,-1.33281081362982164e-06,-1.33281063324339142e-06,-2.66562126648678285e-06,-3.99843208011660427e-06,-3.99843189973017406e-06
1.55870000000000015e+01,1.55870000000000015e+01,2.53290401434360990e-01,-8.12505407337482666e-03,-8.12505297473410486e-03,-1.33064231307638298e-06,-1.33064213315169351e-06,-2.66128426630338659e-06,-3.99192657937976957e-06,-3.99192639945507988e-06
1.55942500000000006e+01,1.55942500000000006e+01,2.53231515341817259e-01,-8.11938854229055096e-03,-8.11938744543076046e-03,-1.32847834664646177e-06,-1.32847816718042518e-06,-2.65695633436085036e-06,-3.98543468100731234e-06,-3.98543450154127575e-06
1.56015000000000015e+01,1.56015000000000015e+01,2.53172670300497782e-01,-8.11372959234546443e-03,-8.11372849727583050e-03,-1.32631890275446206e-06,-1.32631872374781167e-06,-2.65263744749562377e-06,-3.97895635025008541e-06,-3.97895617124343545e-06
1.56087500000000006e+01,1.56087500000000006e+01,2.53113866262728193e-01,-8.10807721286366245e-03,-8.10807611957165691e-03,-1.32416396985711477e-06,-1.32416379130702891e-06,-2.64832758261405740e-06,-3.97249155247117175e-06,-3.97249137392108610e-06
1.56160000000000014e+01,1.56160000000000014e+01,2.53055103180911234e-01,-8.10243139316568772e-03,-8.10243030164290584e-03,-1.32201353644173528e-06,-1.32201335834607201e-06,-2.64402671669214402e-06,-3.96604025313387951e-06,-3.96604007503821603e-06
1.56232500000000005e+01,1.56232500000000005e+01,2.52996381007527305e-01,-8.09679212258274106e-03,-8.09679103283655194e-03,-1.31986759102845133e-06,-1.31986741338764538e-06,-2.63973482677529076e-06,-3.95960241780374188e-06,-3.95960224016293593e-06
1.56305000000000014e+01,1.56305000000000014e+01,2.52937699695133744e-01,-8.09115939050286670e-03,-8.09115830252179168e-03,-1.31772612217761815e-06,-1.31772594498903314e-06,-2.63545188997806627e-06,-3.95317801215568463e-06,-3.95317783496709941e-06
1.56377500000000005e+01,1.56377500000000005e+01,2.52879059196365052e-01,-8.08553318630345075e-03,-8.08553210009000864e-03,-1.31558911847870180e-06,-1.31558894174198558e-06,-2.63117788348397073e-06,-3.94676700196267253e-06,-3.94676682522595651e-06
1.56450000000000014e+01,1.56450000000000014e+01,2.52820459463932334e-01,-8.07991349941161729e-03,-8.07991241495469199e-03,-1.31345656856000821e-06,-1.31345639227259214e-06,-2.62691278454518428e-06,-3.94036935310519271e-06,-3.94036917681777600e-06
1.56522500000000004e+01,1.56522500000000004e+01,2.52761900450623578e-01,-8.07430031925093772e-03,-8.07429923655140873e-03,-1.31132846107990047e-06,-1.31132828524117130e-06,-2.62265657048234260e-06,-3.93398503156224306e-06,-3.93398485572351411e-06
1.56595000000000013e+01,1.56595000000000013e+01,2.52703382109303210e-01,-8.06869363528051053e-03,-8.06869255433772387e-03,-1.30920478473304697e-06,-1.30920460934214328e-06,-2.61840921868428655e-06,-3.92761400341733352e-06,-3.92761382802643004e-06
1.56667500000000004e+01,1.56667500000000004e+01,2.52644904392911984e-01,-8.06309343699140868e-03,-8.06309235779316055e-03,-1.30708552824972772e-06,-1.30708535330391782e-06,-2.61417070660783522e-06,-3.92125623485756273e-06,-3.92125605991175304e-06
1.56740000000000013e+01,1.56740000000000013e+01,2.52586467254466873e-01,-8.05749971387115238e-03,-8.05749863641912895e-03,-1.30497068038996269e-06,-1.30497050588877139e-06,-2.60994101177754279e-06,-3.91491169216750505e-06,-3.91491151766631397e-06
1.56812500000000004e+01,1.56812500000000004e+01,2.52528070647060898e-01,-8.05191245544634171e-03,-8.05191137973888804e-03,-1.30286022995032300e-06,-1.30286005589273492e-06,-2.60572011178547027e-06,-3.90858034173579369e-06,-3.90858016767820562e-06
1.56885000000000012e+01,1.56885000000000012e+01,2.52469714523862909e-01,-8.04633165126489303e-03,-8.04633057729747629e-03,-1.30075416576093498e-06,-1.30075399214547248e-06,-2.60150798429094496e-06,-3.90226215005187994e-06,-3.90226197643641766e-06
1.56957500000000003e+01,1.56957500000000003e+01,2.52411398838117584e-01,-8.04075729089248625e-03,-8.04075621866166303e-03,-1.29865247668480362e-06,-1.29865230351016799e-06,-2.59730460702033597e-06,-3.89595708370513959e-06,-3.89595691053050374e-06
1.57030000000000012e+01,1.57030000000000012e+01,2.52353123543144930e-01,-8.03518936392322303e-03,-8.03518829341988428e-03,-1.29655515161942402e-06,-1.29655497888340555e-06,-2.59310995776681153e-06,-3.88966510938623576e-06,-3.88966493665021729e-06
1.57102500000000003e+01,1.57102500000000003e+01,2.52294888592340727e-01,-8.02962785995120498e-03,-8.02962679118221327e-03,-1.29446217949209139e-06,-1.29446200719506066e-06,-2.58892401439012090e-06,-3.88338619388221208e-06,-3.88338602158518199e-06
1.57175000000000011e+01,1.57175000000000011e+01,2.52236693939175638e-01,-8.02407276862737717e-03,-8.02407170158026505e-03,-1.29237354926896238e-06,-1.29237337740817501e-06,-2.58474675481634959e-06,-3.87712030408531196e-06,-3.87712013222452502e-06
1.57247500000000002e+01,1.57247500000000002e+01,2.52178539537195601e-01,-8.01852407959557922e-03,-8.01852301426717734e-03,-1.29028924994463700e-06,-1.29028907851885208e-06,-2.58057815703770416e-06,-3.87086740698234159e-06,-3.87086723555655604e-06
1.57320000000000011e+01,1.57320000000000011e+01,2.52120425340021492e-01,-8.01298178252451976e-03,-8.01298071891753949e-03,-1.28820927054721141e-06,-1.28820909955613587e-06,-2.57641819911227217e-06,-3.86462746965948358e-06,-3.86462729866840804e-06
1.57392500000000002e+01,1.57392500000000002e+01,2.52062351301348964e-01,-8.00744586712198725e-03,-8.00744480522734385e-03,-1.28613360014045455e-06,-1.28613342958190156e-06,-2.57226685916380313e-06,-3.85840045930425789e-06,-3.85840028874570448e-06
1.57465000000000011e+01,1.57465000000000011e+01,2.52004317374948217e-01,-8.00191632309932288e-03,-8.00191526291392334e-03,-1.28406222781798883e-06,-1.28406205769073803e-06,-2.56812411538147605e-06,-3.85218634319946467e-06,-3.85218617307221450e-06
1.57537500000000001e+01,1.57537500000000001e+01,2.51946323514664006e-01,-7.99639314019628955e-03,-7.99639208171590982e-03,-1.28199514270718751e-06,-1.28199497300984003e-06,-2.56398994601968006e-06,-3.84598508872686800e-06,-3.84598491902952009e-06
1.57610000000000010e+01,1.57610000000000010e+01,2.51888369674415358e-01,-7.99087630816686101e-03,-7.99087525139316468e-03,-1.27993233396678635e-06,-1.27993216469888986e-06,-2.55986432939777973e-06,-3.83979666336456587e-06,-3.83979649409666959e-06
1.57682500000000001e+01,1.57682500000000001e+01,2.51830455808195575e-01,-7.98536581679698543e-03,-7.98536476172674765e-03,-1.27787379078963173e-06,-1.27787362194995232e-06,-2.55574724389990464e-06,-3.83362103468953637e-06,-3.83362086584985675e-06
1.57755000000000010e+01,1.57755000000000010e+01,2.51772581870071732e-01,-7.97986165590458540e-03,-7.97986060251883352e-03,-1.27581950240256654e-06,-1.27581933398735525e-06,-2.55163866797471091e-06,-3.82745817037727766e-06,-3.82745800196206574e-06
1.57827500000000001e+01,1.57827500000000001e+01,2.51714747814185014e-01,-7.97436381527560911e-03,-7.97436276359268781e-03,-1.27376945805610783e-06,-1.27376929006758663e-06,-2.54753858013517369e-06,-3.82130803819128110e-06,-3.82130787020276032e-06
1.57900000000000009e+01,1.57900000000000009e+01,2.51656953594750210e-01,-7.96887228479192800e-03,-7.96887123479259572e-03,-1.27172364704479148e-06,-1.27172347947917710e-06,-2.54344695895835420e-06,-3.81517060600314568e-06,-3.81517043843753152e-06
1.57972500000000000e+01,1.57972500000000000e+01,2.51599199166055554e-01,-7.96338705429633364e-03,-7.96338600598381179e-03,-1.26968205868549299e-06,-1.26968189154259380e-06,-2.53936378308518759e-06,-3.80904584177068058e-06,-3.80904567462778160e-06
1.58045000000000009e+01,1.58045000000000009e+01,2.51541484482462885e-01,-7.95790811368490836e-03,-7.95790706705251302e-03,-1.26764468233208205e-06,-1.26764451561012816e-06,-2.53528903122025590e-06,-3.80293371355233774e-06,-3.80293354683038406e-06
1.58117500000000000e+01,1.58117500000000000e+01,2.51483809498407151e-01,-7.95243545285728715e-03,-7.95243440790573998e-03,-1.26561150736738458e-06,-1.26561134106578922e-06,-2.53122268213157843e-06,-3.79683418949896302e-06,-3.79683402319736765e-06
1.58190000000000008e+01,1.58190000000000008e+01,2.51426174168396466e-01,-7.94696906175218487e-03,-7.94696801847134641e-03,-1.26358252320874077e-06,-1.26358235732519153e-06,-2.52716471465038263e-06,-3.79074723785912362e-06,-3.79074707197557416e-06
1.58262499999999999e+01,1.58262499999999999e+01,2.51368578447011770e-01,-7.94150893030476368e-03,-7.94150788869794726e-03,-1.26155771930112208e-06,-1.26155755383544913e-06,-2.52311510767089826e-06,-3.78467282697202013e-06,-3.78467266150634718e-06
1.58335000000000008e+01,1.58335000000000008e+01,2.51311022288907060e-01,-7.93605504849281829e-03,-7.93605400855487003e-03,-1.25953708512437633e-06,-1.25953692007506603e-06,-2.51907384015013206e-06,-3.77861092527450840e-06,-3.77861076022519788e-06
1.58407499999999999e+01,1.58407499999999999e+01,2.51253505648808662e-01,-7.93060740630835426e-03,-7.93060636803209068e-03,-1.25752061018860908e-06,-1.25752044555382971e-06,-2.51504089110765900e-06,-3.77256150129626808e-06,-3.77256133666148872e-06
1.58480000000000008e+01,1.58480000000000008e+01,2.51196028481515621e-01,-7.92516599374692987e-03,-7.92516495714019539e-03,-1.25550828403239633e-06,-1.25550811981270122e-06,-2.51101623962540245e-06,-3.76652452365779856e-06,-3.76652435943810346e-06
1.58552500000000016e+01,1.58552500000000016e+01,2.51138590741899315e-01,-7.91973080086094683e-03,-7.91972976591032336e-03,-1.25350009623113758e-06,-1.25349993242371310e-06,-2.50699986484742578e-06,-3.76049996107856315e-06,-3.76049979727113889e-06
1.58625000000000007e+01,1.58625000000000007e+01,2.51081192384903118e-01,-7.91430181769570140e-03,-7.91430078439410954e-03,-1.25149603638681562e-06,-1.25149587298985717e-06,-2.50299174597971433e-06,-3.75448778236652995e-06,-3.75448761896957150e-06
1.58697500000000016e+01,1.58697500000000016e+01,2.51023833365542737e-01,-7.90887903431070072e-03,-7.90887800266364301e-03,-1.24949609413128765e-06,-1.24949593114498284e-06,-2.49899186228996568e-06,-3.74848795642125333e-06,-3.74848779343494873e-06
1.58770000000000007e+01,1.58770000000000007e+01,2.50966513638905653e-01,-7.90346244080808447e-03,-7.90346141081141491e-03,-1.24750025913067824e-06,-1.24750009655369109e-06,-2.49500019310738218e-06,-3.74250045223806042e-06,-3.74250028966107348e-06
1.58842500000000015e+01,1.58842500000000015e+01,2.50909233160151013e-01,-7.89805202730775591e-03,-7.89805099895024912e-03,-1.24550852108134425e-06,-1.24550835891122535e-06,-2.49101671782245070e-06,-3.73652523890379517e-06,-3.73652507673367585e-06
1.58915000000000006e+01,1.58915000000000006e+01,2.50851991884509740e-01,-7.89264778392606559e-03,-7.89264675721328135e-03,-1.24352086970642170e-06,-1.24352070794337223e-06,-2.48704141588674488e-06,-3.73056228559316680e-06,-3.73056212383011711e-06
1.58987500000000015e+01,1.58987500000000015e+01,2.50794789767284088e-01,-7.88724970082910204e-03,-7.88724867575388289e-03,-1.24153729476413475e-06,-1.24153713340635306e-06,-2.48307426681270570e-06,-3.72461156157684023e-06,-3.72461140021905854e-06
1.59060000000000006e+01,1.59060000000000006e+01,2.50737626763847699e-01,-7.88185776818650652e-03,-7.88185674474562066e-03,-1.23955778604041504e-06,-1.23955762508672165e-06,-2.47911525017344329e-06,-3.71867303621385855e-06,-3.71867287526016494e-06
1.59132500000000014e+01,1.59132500000000014e+01,2.50680502829645380e-01,-7.87647197619278927e-03,-7.87647095438220868e-03,-1.23758233335216791e-06,-1.23758217280126049e-06,-2.47516434560252098e-06,-3.71274667895468889e-06,-3.71274651840378147e-06
1.59205000000000005e+01,1.59205000000000005e+01,2.50623417920192937e-01,-7.87109231505667140e-03,-7.87109129487745078e-03,-1.23561092654550034e-06,-1.23561076639687767e-06,-2.47122153279375576e-06,-3.70683245933925610e-06,-3.70683229919063343e-06
1.59277500000000014e+01,1.59277500000000014e+01,2.50566371991077008e-01,-7.86571877502595385e-03,-7.86571775646519381e-03,-1.23364355549952927e-06,-1.23364339575050286e-06,-2.46728679150100571e-06,-3.70093034700053498e-06,-3.70093018725150857e-06
1.59350000000000005e+01,1.59350000000000005e+01,2.50509364997955120e-01,-7.86035134633067401e-03,-7.86035032939928248e-03,-1.23168021011736996e-06,-1.23168005076898781e-06,-2.46336010153797561e-06,-3.69504031165534557e-06,-3.69504015230696321e-06
1.59422500000000014e+01,1.59422500000000014e+01,2.50452396896555185e-01,-7.85499001926837082e-03,-7.85498900395349350e-03,-1.22972088033941224e-06,-1.22972072138899961e-06,-2.45944144277799923e-06,-3.68916232311741146e-06,-3.68916216416699905e-06
1.59495000000000005e+01,1.59495000000000005e+01,2.50395467642675673e-01,-7.84963478412592508e-03,-7.84963377042150780e-03,-1.22776555613097280e-06,-1.22776539757692501e-06,-2.45553079515385045e-06,-3.68329635128482325e-06,-3.68329619273077567e-06
1.59567500000000013e+01,1.59567500000000013e+01,2.50338577192185330e-01,-7.84428563121153388e-03,-7.84428461911684111e-03,-1.22581422748721634e-06,-1.22581406932876407e-06,-2.45162813865752813e-06,-3.67744236614474468e-06,-3.67744220798629198e-06
1.59640000000000004e+01,1.59640000000000004e+01,2.50281725501023122e-01,-7.83894255085826330e-03,-7.83894154037281105e-03,-1.22386688443361817e-06,-1.22386672667003276e-06,-2.44773345334006551e-06,-3.67160033777368369e-06,-3.67160018001009827e-06
1.59712500000000013e+01,1.59712500000000013e+01,2.50224912525197907e-01,-7.83360553342404842e-03,-7.83360452454247118e-03,-1.22192351702586688e-06,-1.22192335965565986e-06,-2.44384671931131930e-06,-3.66577023633718618e-06,-3.66577007896697938e-06
1.59785000000000004e+01,1.59785000000000004e+01,2.50168138220788483e-01,-7.82827456927748244e-03,-7.82827356199857632e-03,-1.21998411534755503e-06,-1.21998395836988977e-06,-2.43996791673977911e-06,-3.65995203208733435e-06,-3.65995187510966888e-06
1.59857500000000012e+01,1.59857500000000012e+01,2.50111402543943373e-01,-7.82294964881558030e-03,-7.82294864313352011e-03,-1.21804866951285735e-06,-1.21804851292617953e-06,-2.43609702585235905e-06,-3.65414569536521661e-06,-3.65414553877853858e-06
1.59930000000000003e+01,1.59930000000000003e+01,2.50054705450880654e-01,-7.81763076244601507e-03,-7.81762975835930199e-03,-1.21611716966367108e-06,-1.21611701346710360e-06,-2.43223402693420720e-06,-3.64835119659787828e-06,-3.64835104040131059e-06
1.60002500000000012e+01,1.60002500000000012e+01,2.49998046897887877e-01,-7.81231790060488152e-03,-7.81231689810746224e-03,-1.21418960597229138e-06,-1.21418945016425071e-06,-2.42837890032850142e-06,-3.64256850630079280e-06,-3.64256835049275235e-06
1.60075000000000003e+01,1.60075000000000003e+01,2.49941426841321895e-01,-7.80701105373893256e-03,-7.80701005282904547e-03,-1.21226596863855635e-06,-1.21226581321812919e-06,-2.42453162643625838e-06,-3.63679759507481452e-06,-3.63679743965438736e-06
1.60147499999999994e+01,1.60147499999999994e+01,2.49884845237608705e-01,-7.80171021231623740e-03,-7.80170921299454256e-03,-1.21034624789141454e-06,-1.21034609285806533e-06,-2.42069218571613067e-06,-3.63103843360754499e-06,-3.63103827857419579e-06
1.60219999999999985e+01,1.60219999999999985e+01,2.49828302043243328e-01,-7.79641536683328695e-03,-7.79641436909385074e-03,-1.20843043398993620e-06,-1.20843027934210854e-06,-2.41686055868421708e-06,-3.62529099267415329e-06,-3.62529083802632563e-06
1.60292500000000011e+01,1.60292500000000011e+01,2.49771797214789620e-01,-7.79112650780078297e-03,-7.79112551163621547e-03,-1.20651851722101520e-06,-1.20651836295693094e-06,-2.41303672591386146e-06,-3.61955524313487686e-06,-3.61955508887079240e-06
1.60365000000000002e+01,1.60365000000000002e+01,2.49715330708880245e-01,-7.78584362573653266e-03,-7.78584263115019576e-03,-1.20461048789818707e-06,-1.20461033401773547e-06,-2.40922066803547137e-06,-3.61383115593365865e-06,-3.61383100205320684e-06
1.60437500000000028e+01,1.60437500000000028e+01,2.49658902482216422e-01,-7.78056671120097576e-03,-7.78056571818360344e-03,-1.20270633636703404e-06,-1.20270618286815278e-06,-2.40541236573630599e-06,-3.60811870210334024e-06,-3.60811854860445898e-06
1.60510000000000019e+01,1.60510000000000019e+01,2.49602512491567868e-01,-7.77529575474744661e-03,-7.77529476330346501e-03,-1.20080605299740474e-06,-1.20080589988015079e-06,-2.40161179976030158e-06,-3.60241785275770610e-06,-3.60241769964045215e-06
1.60582500000000010e+01,1.60582500000000010e+01,2.49546160693772556e-01,-7.77003074697546481e-03,-7.77002975709596439e-03,-1.19890962819156207e-06,-1.19890947545393431e-06,-2.39781895090786819e-06,-3.59672857909943005e-06,-3.59672842636180271e-06
1.60655000000000001e+01,1.60655000000000001e+01,2.49489847045736735e-01,-7.76477167848454997e-03,-7.76477069016640389e-03,-1.19701705237695799e-06,-1.19701690001785168e-06,-2.39403380003570379e-06,-3.59105085241266199e-06,-3.59105070005355547e-06
1.60727499999999992e+01,1.60727499999999992e+01,2.49433571504434570e-01,-7.75951853989909068e-03,-7.75951755313915130e-03,-1.19512831600998992e-06,-1.19512816402829947e-06,-2.39025632805659936e-06,-3.58538464406658928e-06,-3.58538449208489862e-06
1.60799999999999983e+01,1.60799999999999983e+01,2.49377334026908232e-01,-7.75427132185768642e-03,-7.75427033665759477e-03,-1.19324340957426853e-06,-1.19324325796962801e-06,-2.38648651593925603e-06,-3.57972992551352456e-06,-3.57972977390888426e-06
1.60872500000000009e+01,1.60872500000000009e+01,2.49321134570267611e-01,-7.74903001503091104e-03,-7.74902903138409600e-03,-1.19136232358326345e-06,-1.19136217235404467e-06,-2.38272434470808976e-06,-3.57408666829135322e-06,-3.57408651706213443e-06
1.60945000000000000e+01,1.60945000000000000e+01,2.49264973091690267e-01,-7.74379461009644388e-03,-7.74379362799994600e-03,-1.18948504857639192e-06,-1.18948489772152549e-06,-2.37896979544305141e-06,-3.56845484401944354e-06,-3.56845469316457690e-06
1.61017500000000027e+01,1.61017500000000027e+01,2.49208849548421180e-01,-7.73856509775683321e-03,-7.73856411720530782e-03,-1.18761157512165979e-06,-1.18761142463971296e-06,-2.37522284927942550e-06,-3.56283442440108529e-06,-3.56283427391913846e-06
1.61090000000000018e+01,1.61090000000000018e+01,2.49152763897772772e-01,-7.73334146872528549e-03,-7.73334048971918622e-03,-1.18574189381339913e-06,-1.18574174370383128e-06,-2.37148348740766256e-06,-3.55722538122106169e-06,-3.55722523111149384e-06
1.61162500000000009e+01,1.61162500000000009e+01,2.49096716097124637e-01,-7.72812371374698159e-03,-7.72812273627936433e-03,-1.18387599527544841e-06,-1.18387584553658685e-06,-2.36775169107317412e-06,-3.55162768634862253e-06,-3.55162753660976118e-06
1.61234999999999999e+01,1.61234999999999999e+01,2.49040706103923454e-01,-7.72291182357065509e-03,-7.72291084764236812e-03,-1.18201387015671061e-06,-1.18201372078807890e-06,-2.36402744157615780e-06,-3.54604131173286820e-06,-3.54604116236423649e-06
1.61307499999999990e+01,1.61307499999999990e+01,2.48984733875682873e-01,-7.71770578897701398e-03,-7.71770481458341606e-03,-1.18015550913542280e-06,-1.18015536013570654e-06,-2.36031072027141351e-06,-3.54046622940683630e-06,-3.54046608040712005e-06
1.61379999999999981e+01,1.61379999999999981e+01,2.48928799369983272e-01,-7.71250560076097713e-03,-7.71250462789637228e-03,-1.17830090291635021e-06,-1.17830075428407684e-06,-2.35660150856815369e-06,-3.53490241148450389e-06,-3.53490226285223053e-06
1.61452500000000008e+01,1.61452500000000008e+01,2.48872902544471836e-01,-7.70731124972812154e-03,-7.70731027839370152e-03,-1.17645004223016058e-06,-1.17644989396491168e-06,-2.35289978792982420e-06,-3.52934983015998499e-06,-3.52934968189473566e-06
1.61525000000000034e+01,1.61525000000000034e+01,2.48817043356862166e-01,-7.70212272671599862e-03,-7.70212175690642657e-03,-1.17460291783659754e-06,-1.17460276993696088e-06,-2.34920553987392176e-06,-3.52380845771051931e-06,-3.52380830981088286e-06
1.61597500000000025e+01,1.61597500000000025e+01,2.48761221764934426e-01,-7.69694002256926524e-03,-7.69693905428408230e-03,-1.17275952052059845e-06,-1.17275937298590762e-06,-2.34551874597181483e-06,-3.51827826649241327e-06,-3.51827811895772266e-06
1.61670000000000016e+01,1.61670000000000016e+01,2.48705437726534889e-01,-7.69176312816455265e-03,-7.69176216139465761e-03,-1.17091984109600246e-06,-1.17091969392427690e-06,-2.34183938784855381e-06,-3.51275922894455648e-06,-3.51275908177283092e-06
1.61742500000000007e+01,1.61742500000000007e+01,2.48649691199576056e-01,-7.68659203438204486e-03,-7.68659106912456674e-03,-1.16908387040113712e-06,-1.16908372359134895e-06,-2.33816744718269790e-06,-3.50725131758383501e-06,-3.50725117077404663e-06
1.61814999999999998e+01,1.61814999999999998e+01,2.48593982142036402e-01,-7.68142673211968940e-03,-7.68142576837859293e-03,-1.16725159930090412e-06,-1.16725145285306626e-06,-2.33450290570613294e-06,-3.50175450500703684e-06,-3.50175435855919919e-06
1.61887499999999989e+01,1.61887499999999989e+01,2.48538310511960320e-01,-7.67626721231451370e-03,-7.67626625007985022e-03,-1.16542301868993412e-06,-1.16542287260194699e-06,-2.33084574520389397e-06,-3.49626876389382831e-06,-3.49626861780584075e-06
1.61960000000000015e+01,1.61960000000000015e+01,2.48482676267457875e-01,-7.67111346589288701e-03,-7.67111250516972886e-03,-1.16359811948494481e-06,-1.16359797375699220e-06,-2.32719594751398398e-06,-3.49079406699892879e-06,-3.49079392127097597e-06
1.62032500000000006e+01,1.62032500000000006e+01,2.48427079366704828e-01,-7.66596548383091658e-03,-7.66596452460786663e-03,-1.16177689263383292e-06,-1.16177674726360181e-06,-2.32355349452720320e-06,-3.48533038716103591e-06,-3.48533024179080501e-06
1.62105000000000032e+01,1.62105000000000032e+01,2.48371519767942334e-01,-7.66082325709049883e-03,-7.66082229937208210e-03,-1.15995932910588576e-06,-1.15995918409347969e-06,-2.31991836818696023e-06,-3.47987769729284577e-06,-3.47987755228044013e-06
1.62177500000000023e+01,1.62177500000000023e+01,2.48315997429476992e-01,-7.65568677667971542e-03,-7.65568582045835465e-03,-1.15814541990086304e-06,-1.15814527524455428e-06,-2.31629055048910899e-06,-3.47443597038997224e-06,-3.47443582573366349e-06
1.62250000000000014e+01,1.62250000000000014e+01,2.48260512309680492e-01,-7.65055603360664804e-03,-7.65055507888075421e-03,-1.15633515604191087e-06,-1.15633501174088098e-06,-2.31267002348176195e-06,-3.46900517952367261e-06,-3.46900503522264293e-06
1.62322500000000005e+01,1.62322500000000005e+01,2.48205064366989692e-01,-7.64543101890780008e-03,-7.64543006567141616e-03,-1.15452852857978882e-06,-1.15452838463256120e-06,-2.30905676926512241e-06,-3.46358529784491123e-06,-3.46358515389768382e-06
1.62394999999999996e+01,1.62394999999999996e+01,2.48149653559906341e-01,-7.64031172363033306e-03,-7.64031077188048746e-03,-1.15272552859010081e-06,-1.15272538499565288e-06,-2.30545076999130576e-06,-3.45817629858140636e-06,-3.45817615498695843e-06
1.62467499999999987e+01,1.62467499999999987e+01,2.48094279846997084e-01,-7.63519813883917209e-03,-7.63519718857608772e-03,-1.15092614717429137e-06,-1.15092600393208464e-06,-2.30185200786416928e-06,-3.45277815503846065e-06,-3.45277801179625392e-06
1.62540000000000013e+01,1.62540000000000013e+01,2.48038943186893179e-01,-7.63009025562766396e-03,-7.63008930684425882e-03,-1.14913037546117101e-06,-1.14913023256956752e-06,-2.29826046513913547e-06,-3.44739084060030669e-06,-3.44739069770870299e-06
1.62612500000000004e+01,1.62612500000000004e+01,2.47983643538290527e-01,-7.62498806508560278e-03,-7.62498711778893112e-03,-1.14733820460202009e-06,-1.14733806206151345e-06,-2.29467612412302690e-06,-3.44201432872504720e-06,-3.44201418618454035e-06
1.62685000000000031e+01,1.62685000000000031e+01,2.47928380859949393e-01,-7.61989155835607335e-03,-7.61989061253186706e-03,-1.14554962577906533e-06,-1.14554948358694123e-06,-2.29109896717388245e-06,-3.43664859295294799e-06,-3.43664845076082368e-06
1.62757500000000022e+01,1.62757500000000022e+01,2.47873155110694382e-01,-7.61480072656084417e-03,-7.61479978221262736e-03,-1.14376463019417635e-06,-1.14376448835040027e-06,-2.28752897670080053e-06,-3.43129360689497710e-06,-3.43129346505120059e-06
1.62830000000000013e+01,1.62830000000000013e+01,2.47817966249414240e-01,-7.60971556086786904e-03,-7.60971461798852240e-03,-1.14198320907893839e-06,-1.14198306758187809e-06,-2.28396613516375576e-06,-3.42594934424269437e-06,-3.42594920274563385e-06
1.62902500000000003e+01,1.62902500000000003e+01,2.47762814235061829e-01,-7.60463605244865448e-03,-7.60463511103457064e-03,-1.14020535368816551e-06,-1.14020521253671900e-06,-2.28041042507343757e-06,-3.42061577876160308e-06,-3.42061563761015657e-06
1.62974999999999994e+01,1.62974999999999994e+01,2.47707699026653794e-01,-7.59956219248891784e-03,-7.59956125254345177e-03,-1.13843105530142734e-06,-1.13843091449553851e-06,-2.27686182899107745e-06,-3.41529288429250479e-06,-3.41529274348661596e-06
1.63047499999999985e+01,1.63047499999999985e+01,2.47652620583270727e-01,-7.59449397220635092e-03,-7.59449303372547110e-03,-1.13666030522563408e-06,-1.13666016476414080e-06,-2.27332032952828201e-06,-3.40998063475391630e-06,-3.40998049429242302e-06
1.63120000000000012e+01,1.63120000000000012e+01,2.47597578864056755e-01,-7.58943138283285634e-03,-7.58943044580850674e-03,-1.13489309479228970e-06,-1.13489295467343099e-06,-2.26978590934686283e-06,-3.40467900413915254e-06,-3.40467886402029382e-06
1.63192500000000003e+01,1.63192500000000003e+01,2.47542573828219648e-01,-7.58437441560744219e-03,-7.58437348003798088e-03,-1.13312941535636061e-06,-1.13312927557933771e-06,-2.26625855115867543e-06,-3.39938796651503604e-06,-3.39938782673801314e-06
1.63265000000000029e+01,1.63265000000000029e+01,2.47487605435030456e-01,-7.57932306179398552e-03,-7.57932212767679567e-03,-1.13136925829885139e-06,-1.13136911886272198e-06,-2.26273823772544397e-06,-3.39410749602429536e-06,-3.39410735658816595e-06
1.63337500000000020e+01,1.63337500000000020e+01,2.47432673643823653e-01,-7.57427731266702153e-03,-7.57427638000531499e-03,-1.12961261502460850e-06,-1.12961247592930144e-06,-2.25922495185860288e-06,-3.38883756688321117e-06,-3.38883742778790411e-06
1.63410000000000011e+01,1.63410000000000011e+01,2.47377778413996774e-01,-7.56923715953661258e-03,-7.56923622832130112e-03,-1.12785947696595192e-06,-1.12785933820956307e-06,-2.25571867641912614e-06,-3.38357815338507806e-06,-3.38357801462868920e-06
1.63482500000000002e+01,1.63482500000000002e+01,2.47322919705010386e-01,-7.56420259371282100e-03,-7.56420166393988267e-03,-1.12610983557729838e-06,-1.12610969715868276e-06,-2.25221939431736552e-06,-3.37832922989466368e-06,-3.37832909147604827e-06
1.63554999999999993e+01,1.63554999999999993e+01,2.47268097476387949e-01,-7.55917360652702541e-03,-7.55917267819351205e-03,-1.12436368233826786e-06,-1.12436354425644270e-06,-2.24872708851288583e-06,-3.37309077085115389e-06,-3.37309063276932853e-06
1.63627499999999984e+01,1.63627499999999984e+01,2.47213311687715792e-01,-7.55415018932481530e-03,-7.55414926243192040e-03,-1.12262100875255006e-06,-1.12262087100715029e-06,-2.24524174201430059e-06,-3.36786275076685043e-06,-3.36786261302145088e-06
1.63700000000000010e+01,1.63700000000000010e+01,2.47158562298642748e-01,-7.54913233347664914e-03,-7.54913140802207505e-03,-1.12088180634941189e-06,-1.12088166893955492e-06,-2.24176333787911026e-06,-3.36264514422852194e-06,-3.36264500681866517e-06
1.63772500000000001e+01,1.63772500000000001e+01,2.47103849268880349e-01,-7.54412003037074896e-03,-7.54411910634814574e-03,-1.11914606668256777e-06,-1.11914592960677127e-06,-2.23829185921354297e-06,-3.35743792589611053e-06,-3.35743778882031424e-06
1.63845000000000027e+01,1.63845000000000027e+01,2.47049172558202357e-01,-7.53911327140599496e-03,-7.53911234881144733e-03,-1.11741378132904583e-06,-1.11741364458619215e-06,-2.23482728917238472e-06,-3.35224107050143077e-06,-3.35224093375857688e-06
1.63917500000000018e+01,1.63917500000000018e+01,2.46994532126444954e-01,-7.53411204799547818e-03,-7.53411112683041555e-03,-1.11568494188964810e-06,-1.11568480547941388e-06,-2.23136961095882776e-06,-3.34705455284847586e-06,-3.34705441643824164e-06
1.63990000000000009e+01,1.63990000000000009e+01,2.46939927933506442e-01,-7.52911635158071135e-03,-7.52911543184055232e-03,-1.11395953999097955e-06,-1.11395940391215205e-06,-2.22791880782430411e-06,-3.34187834781528366e-06,-3.34187821173645616e-06
1.64062500000000000e+01,1.64062500000000000e+01,2.46885359939347043e-01,-7.52412617361386538e-03,-7.52412525529438589e-03,-1.11223756728274015e-06,-1.11223743153416276e-06,-2.22447486306832594e-06,-3.33671243035106609e-06,-3.33671229460248869e-06
1.64134999999999991e+01,1.64134999999999991e+01,2.46830828103989042e-01,-7.51914150556132199e-03,-7.51914058866143872e-03,-1.11051901543818247e-06,-1.11051888001916484e-06,-2.22103776003833011e-06,-3.33155677547651279e-06,-3.33155664005749474e-06
1.64207499999999982e+01,1.64207499999999982e+01,2.46776332387516423e-01,-7.51416233891077923e-03,-7.51416142342817631e-03,-1.10880387615508639e-06,-1.10880374106475799e-06,-2.21760748212951598e-06,-3.32641135828460217e-06,-3.32641122319427398e-06
1.64280000000000008e+01,1.64280000000000008e+01,2.46721872750074817e-01,-7.50918866517125139e-03,-7.50918775109796731e-03,-1.10709214115568458e-06,-1.10709200639234415e-06,-2.21418401278468829e-06,-3.32127615394037266e-06,-3.32127601917703265e-06
1.64352499999999999e+01,1.64352499999999999e+01,2.46667449151871471e-01,-7.50422047585175278e-03,-7.50421956319105229e-03,-1.10538380218344800e-06,-1.10538366774705212e-06,-2.21076733549410382e-06,-3.31615113767755161e-06,-3.31615100324115615e-06
1.64425000000000026e+01,1.64425000000000026e+01,2.46613061553174973e-01,-7.49925776250037757e-03,-7.49925685124448651e-03,-1.10367885100877289e-06,-1.10367871689765332e-06,-2.20735743379530665e-06,-3.31103628480407954e-06,-3.31103615069295997e-06
1.64497500000000016e+01,1.64497500000000016e+01,2.46558709914315249e-01,-7.49430051665811447e-03,-7.49429960681211645e-03,-1.10197727942210664e-06,-1.10197714563648977e-06,-2.20395429127297997e-06,-3.30593157069508661e-06,-3.30593143690946952e-06
1.64570000000000007e+01,1.64570000000000007e+01,2.46504394195683429e-01,-7.48934872991213751e-03,-7.48934782146452611e-03,-1.10027907924171790e-06,-1.10027894577939190e-06,-2.20055789155878380e-06,-3.30083697080050191e-06,-3.30083683733817570e-06
1.64642499999999998e+01,1.64642499999999998e+01,2.46450114357731564e-01,-7.48440239383540984e-03,-7.48440148678899964e-03,-1.09858424230474124e-06,-1.09858410916560173e-06,-2.19716821833120388e-06,-3.29575246063594533e-06,-3.29575232749680540e-06
1.64714999999999989e+01,1.64714999999999989e+01,2.46395870360972824e-01,-7.47946150003286903e-03,-7.47946059438948582e-03,-1.09689276047390056e-06,-1.09689262765769829e-06,-2.19378525531539658e-06,-3.29067801578929715e-06,-3.29067788297309487e-06
1.64787500000000016e+01,1.64787500000000016e+01,2.46341662165981024e-01,-7.47452604014497979e-03,-7.47452513588655124e-03,-1.09520462563794610e-06,-1.09520449314151634e-06,-2.19040898628303268e-06,-3.28561361192097879e-06,-3.28561347942454881e-06
1.64860000000000007e+01,1.64860000000000007e+01,2.46287489733390735e-01,-7.46959600578023242e-03,-7.46959510291734553e-03,-1.09351982970169292e-06,-1.09351969752607477e-06,-2.18703939505214955e-06,-3.28055922475384226e-06,-3.28055909257822432e-06
1.64932500000000033e+01,1.64932500000000033e+01,2.46233353023897150e-01,-7.46467138861461876e-03,-7.46467048713555809e-03,-1.09183836460052869e-06,-1.09183823274349530e-06,-2.18367646548699102e-06,-3.27551483008751971e-06,-3.27551469823048611e-06
1.65005000000000024e+01,1.65005000000000024e+01,2.46179251998255882e-01,-7.45975218030281439e-03,-7.45975128021138332e-03,-1.09016022228733250e-06,-1.09016009074893131e-06,-2.18032018149786262e-06,-3.27048040378519491e-06,-3.27048027224679393e-06
1.65077500000000015e+01,1.65077500000000015e+01,2.46125186617282776e-01,-7.45483837254212744e-03,-7.45483747383146600e-03,-1.08848539474176559e-06,-1.08848526352048613e-06,-2.17697052704097267e-06,-3.26545592178273806e-06,-3.26545579056145859e-06
1.65150000000000006e+01,1.65150000000000006e+01,2.46071156841854072e-01,-7.44992995702276062e-03,-7.44992905969888135e-03,-1.08681387396292987e-06,-1.08681374305914334e-06,-2.17362748611828667e-06,-3.26044136008121633e-06,-3.26044122917743022e-06
1.65222499999999997e+01,1.65222499999999997e+01,2.46017162632905934e-01,-7.44502692548465461e-03,-7.44502602953308213e-03,-1.08514565197759704e-06,-1.08514552138868675e-06,-2.17029104277737392e-06,-3.25543669475497117e-06,-3.25543656416606067e-06
1.65294999999999987e+01,1.65294999999999987e+01,2.45963203951434561e-01,-7.44012926964643384e-03,-7.44012837506986217e-03,-1.08348072082977320e-06,-1.08348059055562967e-06,-2.16696118111125891e-06,-3.25044190194103211e-06,-3.25044177166688879e-06
1.65367500000000014e+01,1.65367500000000014e+01,2.45909280758496052e-01,-7.43523698126580257e-03,-7.43523608806131910e-03,-1.08181907258943806e-06,-1.08181894262913569e-06,-2.16363788525827138e-06,-3.24545695784770943e-06,-3.24545682788740707e-06
1.65440000000000005e+01,1.65440000000000005e+01,2.45855393015206203e-01,-7.43035005211112320e-03,-7.43034916027581621e-03,-1.08016069934833478e-06,-1.08016056970095031e-06,-2.16032113940190063e-06,-3.24048183875023541e-06,-3.24048170910285116e-06
1.65512500000000031e+01,1.65512500000000031e+01,2.45801540682740433e-01,-7.42546847396496901e-03,-7.42546758349793470e-03,-1.07850559322041533e-06,-1.07850546388531941e-06,-2.15701092777063882e-06,-3.23551652099105436e-06,-3.23551639165595803e-06
1.65585000000000022e+01,1.65585000000000022e+01,2.45747723722333694e-01,-7.42059223863478223e-03,-7.42059134952844941e-03,-1.07685374634332569e-06,-1.07685361731892252e-06,-2.15370723463784504e-06,-3.23056098098117073e-06,-3.23056085195676734e-06
1.65657500000000013e+01,1.65657500000000013e+01,2.45693942095280254e-01,-7.41572133792445243e-03,-7.41572045018427245e-03,-1.07520515087420803e-06,-1.07520502216079364e-06,-2.15041004432158728e-06,-3.22561519519579531e-06,-3.22561506648238092e-06
1.65730000000000004e+01,1.65730000000000004e+01,2.45640195762933777e-01,-7.41085576368050170e-03,-7.41085487729843066e-03,-1.07355979899633674e-06,-1.07355967059225116e-06,-2.14711934118450232e-06,-3.22067914018083906e-06,-3.22067901177675348e-06
1.65802499999999995e+01,1.65802499999999995e+01,2.45586484686706880e-01,-7.40599550774945214e-03,-7.40599462272001005e-03,-1.07191768291286460e-06,-1.07191755481682288e-06,-2.14383510963364619e-06,-3.21575279254651079e-06,-3.21575266445046907e-06
1.65874999999999986e+01,1.65874999999999986e+01,2.45532808828071436e-01,-7.40114056198848402e-03,-7.40113967831413592e-03,-1.07027879484830614e-06,-1.07027866706017572e-06,-2.14055733412035143e-06,-3.21083612896865757e-06,-3.21083600118052715e-06
1.65947500000000012e+01,1.65947500000000012e+01,2.45479168148558025e-01,-7.39629091828675200e-03,-7.39629003596191555e-03,-1.06864312705155475e-06,-1.06864299957003967e-06,-2.13728599914007976e-06,-3.20592912619163450e-06,-3.20592899871011942e-06
1.66020000000000003e+01,1.66020000000000003e+01,2.45425562609756259e-01,-7.39144656854051618e-03,-7.39144568756042175e-03,-1.06701067179221591e-06,-1.06701054461614112e-06,-2.13402108923228224e-06,-3.20103176102449815e-06,-3.20103163384842315e-06
1.66092500000000030e+01,1.66092500000000030e+01,2.45371992173314207e-01,-7.38660750465669480e-03,-7.38660662502262783e-03,-1.06538142136105695e-06,-1.06538129449012303e-06,-2.13076258898024647e-06,-3.19614401034130342e-06,-3.19614388347036950e-06
1.66165000000000020e+01,1.66165000000000020e+01,2.45318456800938750e-01,-7.38177371856707509e-03,-7.38177284027739626e-03,-1.06375536807199523e-06,-1.06375524150548199e-06,-2.12751048301096439e-06,-3.19126585108295941e-06,-3.19126572451644617e-06
1.66237500000000011e+01,1.66237500000000011e+01,2.45264956454395000e-01,-7.37694520222120786e-03,-7.37694432526941803e-03,-1.06213250426099999e-06,-1.06213237799748907e-06,-2.12426475599497814e-06,-3.18639726025597792e-06,-3.18639713399246700e-06
1.66310000000000002e+01,1.66310000000000002e+01,2.45211491095506579e-01,-7.37212194757219663e-03,-7.37212107195919005e-03,-1.06051282228398344e-06,-1.06051269632312332e-06,-2.12102539264624706e-06,-3.18153821493023051e-06,-3.18153808896937038e-06
1.66382499999999993e+01,1.66382499999999993e+01,2.45158060686155227e-01,-7.36730394660156662e-03,-7.36730307232296745e-03,-1.05889631452031721e-06,-1.05889618886099954e-06,-2.11779237772199909e-06,-3.17668869224231629e-06,-3.17668856658299863e-06
1.66454999999999984e+01,1.66454999999999984e+01,2.45104665188280890e-01,-7.36249119129794849e-03,-7.36249031835273498e-03,-1.05728297336969662e-06,-1.05728284801129736e-06,-2.11456569602259473e-06,-3.17184866939229156e-06,-3.17184854403389209e-06
1.66527500000000011e+01,1.66527500000000011e+01,2.45051304563881384e-01,-7.35768367367128917e-03,-7.35768280205615754e-03,-1.05567279125412173e-06,-1.05567266619569030e-06,-2.11134533239138060e-06,-3.16701812364550233e-06,-3.16701799858707068e-06
1.66600000000000001e+01,1.66600000000000001e+01,2.44997978775012615e-01,-7.35288138574574646e-03,-7.35288051545656112e-03,-1.05406576061681033e-06,-1.05406563585727946e-06,-2.10813127171455892e-06,-3.16219703233136925e-06,-3.16219690757183860e-06
1.66672500000000028e+01,1.66672500000000028e+01,2.44944687783788057e-01,-7.34808431955968899e-03,-7.34808345059286949e-03,-1.05246187392213296e-06,-1.05246174946051734e-06,-2.10492349892103468e-06,-3.15738537284316743e-06,-3.15738524838155224e-06
1.66745000000000019e+01,1.66745000000000019e+01,2.44891431552379024e-01,-7.34329246715859085e-03,-7.34329159951959548e-03,-1.05086112365453462e-06,-1.05086099949114427e-06,-2.10172199898228854e-06,-3.15258312263682317e-06,-3.15258299847343260e-06
1.66817500000000010e+01,1.66817500000000010e+01,2.44838210043014232e-01,-7.33850582063411139e-03,-7.33850495430677860e-03,-1.04926350232406169e-06,-1.04926337845611452e-06,-2.09852675691222904e-06,-3.14779025923629094e-06,-3.14779013536834335e-06
1.66890000000000001e+01,1.66890000000000001e+01,2.44785023217979875e-01,-7.33372437204948824e-03,-7.33372350703996242e-03,-1.04766900245562214e-06,-1.04766887888352960e-06,-2.09533775776705920e-06,-3.14300676022268134e-06,-3.14300663665058881e-06
1.66962499999999991e+01,1.66962499999999991e+01,2.44731871039619547e-01,-7.32894811351414432e-03,-7.32894724982015560e-03,-1.04607761659959847e-06,-1.04607749332256944e-06,-2.09215498664513887e-06,-3.13823260324473712e-06,-3.13823247996770852e-06
1.67034999999999982e+01,1.67034999999999982e+01,2.44678753470333937e-01,-7.32417703714460799e-03,-7.32417617476379106e-03,-1.04448933732619120e-06,-1.04448921434342269e-06,-2.08897842868684496e-06,-3.13346776601303616e-06,-3.13346764303026765e-06
1.67107500000000009e+01,1.67107500000000009e+01,2.44625670472580908e-01,-7.31941113507517116e-03,-7.31941027400268961e-03,-1.04290415722687962e-06,-1.04290403453721881e-06,-2.08580806907443762e-06,-3.12871222630131703e-06,-3.12871210361165665e-06
1.67180000000000000e+01,1.67180000000000000e+01,2.44572622008875334e-01,-7.31465039945078388e-03,-7.31464953968403303e-03,-1.04132206891334832e-06,-1.04132194651596194e-06,-2.08264389303192388e-06,-3.12396596194527241e-06,-3.12396583954788583e-06
1.67252500000000026e+01,1.67252500000000026e+01,2.44519608041788850e-01,-7.30989482243415978e-03,-7.30989396397030856e-03,-1.03974306501843379e-06,-1.03974294291245872e-06,-2.07948588582491744e-06,-3.11922895084335123e-06,-3.11922882873737616e-06
1.67325000000000017e+01,1.67325000000000017e+01,2.44466628533950014e-01,-7.30514439620222333e-03,-7.30514353903929416e-03,-1.03816713819555988e-06,-1.03816701638025603e-06,-2.07633403276051205e-06,-3.11450117095607172e-06,-3.11450104914076787e-06
1.67397500000000008e+01,1.67397500000000008e+01,2.44413683448043928e-01,-7.30039911294610988e-03,-7.30039825708400387e-03,-1.03659428111867340e-06,-1.03659415959356897e-06,-2.07318831918713752e-06,-3.10978260030581092e-06,-3.10978247878070649e-06
1.67469999999999999e+01,1.67469999999999999e+01,2.44360772746812283e-01,-7.29565896487827104e-03,-7.29565811031266179e-03,-1.03502448648319178e-06,-1.03502436524721632e-06,-2.07004873049443265e-06,-3.10507321697762464e-06,-3.10507309574164897e-06
1.67542499999999990e+01,1.67542499999999990e+01,2.44307896393053198e-01,-7.29092394422181656e-03,-7.29092309094866130e-03,-1.03345774700442794e-06,-1.03345762605655359e-06,-2.06691525211310719e-06,-3.10037299911753513e-06,-3.10037287816966078e-06
1.67615000000000016e+01,1.67615000000000016e+01,2.44255054349621054e-01,-7.28619404321406705e-03,-7.28619319123052951e-03,-1.03189405541803231e-06,-1.03189393475740462e-06,-2.06378786951480924e-06,-3.09568192493284155e-06,-3.09568180427221386e-06
1.67687500000000007e+01,1.67687500000000007e+01,2.44202246579426574e-01,-7.28146925410655399e-03,-7.28146840341189865e-03,-1.03033340447993623e-06,-1.03033328410599933e-06,-2.06066656821199824e-06,-3.09099997269193447e-06,-3.09099985231799779e-06
1.67760000000000034e+01,1.67760000000000034e+01,2.44149473045436494e-01,-7.27674956917212512e-03,-7.27674871976145832e-03,-1.02877578696728986e-06,-1.02877566687890175e-06,-2.05755133375780307e-06,-3.08632712072509293e-06,-3.08632700063670461e-06
1.67832500000000024e+01,1.67832500000000024e+01,2.44096733710673586e-01,-7.27203498068718091e-03,-7.27203413256292865e-03,-1.02722119567589545e-06,-1.02722107587295024e-06,-2.05444215174590048e-06,-3.08166334742179593e-06,-3.08166322761885093e-06
1.67905000000000015e+01,1.67905000000000015e+01,2.44044028538216523e-01,-7.26732548095654352e-03,-7.26732463411502039e-03,-1.02566962342365772e-06,-1.02566950390518726e-06,-2.05133900781037494e-06,-3.07700863123403267e-06,-3.07700851171556199e-06
1.67977500000000006e+01,1.67977500000000006e+01,2.43991357491199712e-01,-7.26262106229569326e-03,-7.26262021673139847e-03,-1.02412106304801399e-06,-1.02412094381279600e-06,-2.04824188762559200e-06,-3.07236295067360599e-06,-3.07236283143838779e-06
1.68049999999999997e+01,1.68049999999999997e+01,2.43938720532813236e-01,-7.25792171703076860e-03,-7.25792087274064988e-03,-1.02257550740587420e-06,-1.02257538845303498e-06,-2.04515077690606953e-06,-3.06772628431194395e-06,-3.06772616535910451e-06
1.68122499999999988e+01,1.68122499999999988e+01,2.43886117626302801e-01,-7.25322743750211885e-03,-7.25322659448624733e-03,-1.02103294937406673e-06,-1.02103283070317322e-06,-2.04206566140634601e-06,-3.06309861078041273e-06,-3.06309849210951922e-06
1.68195000000000014e+01,1.68195000000000014e+01,2.43833548734969430e-01,-7.24853821607140958e-03,-7.24853737432650837e-03,-1.01949338185027514e-06,-1.01949326346042462e-06,-2.03898652692084924e-06,-3.05847990877112438e-06,-3.05847979038127386e-06
1.68267500000000005e+01,1.68267500000000005e+01,2.43781013822169740e-01,-7.24385404510741182e-03,-7.24385320463457726e-03,-1.01795679775098081e-06,-1.01795667964188719e-06,-2.03591335928377439e-06,-3.05387015703475519e-06,-3.05387003892566179e-06
1.68340000000000032e+01,1.68340000000000032e+01,2.43728512851315332e-01,-7.23917491700731830e-03,-7.23917407779836337e-03,-1.01642319001439826e-06,-1.01642307218447252e-06,-2.03284614436894504e-06,-3.04926933438334308e-06,-3.04926921655341734e-06
1.68412500000000023e+01,1.68412500000000023e+01,2.43676045785873124e-01,-7.23450082416476903e-03,-7.23449998622053246e-03,-1.01489255159592579e-06,-1.01489243404484859e-06,-2.02978486808969717e-06,-3.04467741968562296e-06,-3.04467730213454597e-06
1.68485000000000014e+01,1.68485000000000014e+01,2.43623612589364935e-01,-7.22983175900182573e-03,-7.22983092231845297e-03,-1.01336487547257585e-06,-1.01336475819937077e-06,-2.02672951639874154e-06,-3.04009439187131738e-06,-3.04009427459811209e-06
1.68557500000000005e+01,1.68557500000000005e+01,2.43571213225367594e-01,-7.22516771395120827e-03,-7.22516687852417083e-03,-1.01184015464042294e-06,-1.01184003764402145e-06,-2.02368007528804290e-06,-3.03552022992846584e-06,-3.03552011293206415e-06
1.68629999999999995e+01,1.68629999999999995e+01,2.43518847657512666e-01,-7.22050868145629465e-03,-7.22050784728437041e-03,-1.01031838211454624e-06,-1.01031826539434462e-06,-2.02063653078868924e-06,-3.03095491290323549e-06,-3.03095479618303387e-06
1.68702499999999986e+01,1.68702499999999986e+01,2.43466515849486503e-01,-7.21585465397467374e-03,-7.21585382106034335e-03,-1.00879955092947195e-06,-1.00879943448538571e-06,-2.01759886897077100e-06,-3.02639841990024295e-06,-3.02639830345615671e-06
1.68775000000000013e+01,1.68775000000000013e+01,2.43414217765030028e-01,-7.21120562399235610e-03,-7.21120479232795208e-03,-1.00728365414109840e-06,-1.00728353797162511e-06,-2.01456707594324980e-06,-3.02185073008434799e-06,-3.02185061391487491e-06
1.68847500000000004e+01,1.68847500000000004e+01,2.43361953367938616e-01,-7.20656158399179958e-03,-7.20656075357759517e-03,-1.00577068482217076e-06,-1.00577056892691973e-06,-2.01154113785383988e-06,-3.01731182267601086e-06,-3.01731170678075961e-06
1.68920000000000030e+01,1.68920000000000030e+01,2.43309722622062130e-01,-7.20192252648033104e-03,-7.20192169731417517e-03,-1.00426063606619372e-06,-1.00426052044443734e-06,-2.00852104088887426e-06,-3.01278167695506798e-06,-3.01278156133331139e-06
1.68992500000000021e+01,1.68992500000000021e+01,2.43257525491304638e-01,-7.19728844398304091e-03,-7.19728761605706226e-03,-1.00275350098638092e-06,-1.00275338563659603e-06,-2.00550677127319206e-06,-3.00826027225957277e-06,-3.00826015690978830e-06
1.69065000000000012e+01,1.69065000000000012e+01,2.43205361939624415e-01,-7.19265932902146687e-03,-7.19265850234005865e-03,-1.00124927271262793e-06,-1.00124915763500213e-06,-2.00249831527000427e-06,-3.00374758798263241e-06,-3.00374747290500640e-06
1.69137500000000003e+01,1.69137500000000003e+01,2.43153231931033831e-01,-7.18803517415267379e-03,-7.18803434871136907e-03,-9.99747944396899729e-07,-9.99747829590387577e-07,-1.99949565918077473e-06,-2.99924360357767467e-06,-2.99924348877116231e-06
1.69209999999999994e+01,1.69209999999999994e+01,2.43101135429599213e-01,-7.18341597193727921e-03,-7.18341514773356265e-03,-9.98249509208720089e-07,-9.98249394672549726e-07,-1.99649878934509945e-06,-2.99474829855381975e-06,-2.99474818401764939e-06
1.69282499999999985e+01,1.69282499999999985e+01,2.43049072399440735e-01,-7.17880171495366426e-03,-7.17880089198354079e-03,-9.96753960337094119e-07,-9.96753846070289974e-07,-1.99350769214058037e-06,-2.99026165247767428e-06,-2.99026153821087056e-06
1.69355000000000011e+01,1.69355000000000011e+01,2.42997042804732361e-01,-7.17419239579086820e-03,-7.17419157405250335e-03,-9.95261290989463656e-07,-9.95261176991351914e-07,-1.99052235398270425e-06,-2.98578364497216791e-06,-2.98578353097405616e-06
1.69427500000000002e+01,1.69427500000000002e+01,2.42945046609701787e-01,-7.16958800705214117e-03,-7.16958718654592004e-03,-9.93771494392146877e-07,-9.93771380662363103e-07,-1.98754276132472621e-06,-2.98131425571687308e-06,-2.98131414198708910e-06
1.69500000000000028e+01,1.69500000000000028e+01,2.42893083778630087e-01,-7.16498854136560226e-03,-7.16498772208348182e-03,-9.92284563791756236e-07,-9.92284450328769206e-07,-1.98456890065753883e-06,-2.97685346444929507e-06,-2.97685335098630783e-06
1.69572500000000019e+01,1.69572500000000019e+01,2.42841154275852011e-01,-7.16039399135226518e-03,-7.16039317329908963e-03,-9.90800492450715750e-07,-9.90800379254781267e-07,-1.98160075850956253e-06,-2.97240125096027850e-06,-2.97240113776434380e-06
1.69645000000000010e+01,1.69645000000000010e+01,2.42789258065755464e-01,-7.15580434967222345e-03,-7.15580353284079804e-03,-9.89319273653599346e-07,-9.89319160723307524e-07,-1.97863832144661547e-06,-2.96795759510021482e-06,-2.96795748216992321e-06
1.69717500000000001e+01,1.69717500000000001e+01,2.42737395112781779e-01,-7.15121960898201792e-03,-7.15121879337080046e-03,-9.87840900701174528e-07,-9.87840788035900045e-07,-1.97568157607180051e-06,-2.96352247677297504e-06,-2.96352236410770056e-06
1.69789999999999992e+01,1.69789999999999992e+01,2.42685565381425272e-01,-7.14663976195950568e-03,-7.14663894756538323e-03,-9.86365366913789238e-07,-9.86365254512690991e-07,-1.97273050902538198e-06,-2.95909587593917122e-06,-2.95909576353807276e-06
1.69862499999999983e+01,1.69862499999999983e+01,2.42633768836233388e-01,-7.14206480128964927e-03,-7.14206398811489951e-03,-9.84892665629352527e-07,-9.84892553492334800e-07,-1.96978510698467002e-06,-2.95467777261402276e-06,-2.95467766047700461e-06
1.69935000000000009e+01,1.69935000000000009e+01,2.42582005441806525e-01,-7.13749471968583293e-03,-7.13749390772373295e-03,-9.83422790206222304e-07,-9.83422678331949116e-07,-1.96684535666389781e-06,-2.95026814687012032e-06,-2.95026803499584671e-06
1.70007500000000000e+01,1.70007500000000000e+01,2.42530275162797931e-01,-7.13292950986144092e-03,-7.13292869911027246e-03,-9.81955734019228518e-07,-9.81955622407056122e-07,-1.96391124481411224e-06,-2.94586697883334097e-06,-2.94586686722116816e-06
1.70079999999999991e+01,1.70079999999999991e+01,2.42478577963913533e-01,-7.12836916454762104e-03,-7.12836835500686543e-03,-9.80491490462070891e-07,-9.80491379111521774e-07,-1.96098275822304355e-06,-2.94147424868511444e-06,-2.94147413733456553e-06
1.70152500000000018e+01,1.70152500000000018e+01,2.42426913809911965e-01,-7.12381367649328467e-03,-7.12381286815979599e-03,-9.79030052947261961e-07,-9.79029941857498195e-07,-1.95805988371499639e-06,-2.93708993666225835e-06,-2.93708982557249437e-06
1.70225000000000009e+01,1.70225000000000009e+01,2.42375282665604347e-01,-7.11926303846155406e-03,-7.11926223132925036e-03,-9.77571414905584979e-07,-9.77571304075367778e-07,-1.95514260815073598e-06,-2.93271402305632096e-06,-2.93271391222610397e-06
1.70297499999999999e+01,1.70297499999999999e+01,2.42323684495854286e-01,-7.11471724321910415e-03,-7.11471643728928127e-03,-9.76115569784574963e-07,-9.76115459213680710e-07,-1.95223091842736184e-06,-2.92834648821193660e-06,-2.92834637764104255e-06
1.70370000000000026e+01,1.70370000000000026e+01,2.42272119265577651e-01,-7.11017628356103160e-03,-7.11017547882777500e-03,-9.74662511051882274e-07,-9.74662400739098865e-07,-1.94932480147819773e-06,-2.92398731253008000e-06,-2.92398720221729638e-06
1.70442500000000017e+01,1.70442500000000017e+01,2.42220586939742660e-01,-7.10564015227888035e-03,-7.10563934874642884e-03,-9.73212232190831825e-07,-9.73212122136340738e-07,-1.94642424427268148e-06,-2.91963647646351309e-06,-2.91963636640902200e-06
1.70515000000000008e+01,1.70515000000000008e+01,2.42169087483369627e-01,-7.10110884219616878e-03,-7.10110803986070509e-03,-9.71764726705239531e-07,-9.71764616908119193e-07,-1.94352923381623839e-06,-2.91529396052147792e-06,-2.91529385072435737e-06
1.70587499999999999e+01,1.70587499999999999e+01,2.42117620861530825e-01,-7.09658234614352068e-03,-7.09658154499980421e-03,-9.70319988115950478e-07,-9.70319878575086617e-07,-1.94063975715017323e-06,-2.91095974526612392e-06,-2.91095963572526006e-06
1.70660000000000025e+01,1.70660000000000025e+01,2.42066187039350511e-01,-7.09206065695866528e-03,-7.09205985700663531e-03,-9.68878009960789374e-07,-9.68877900675777745e-07,-1.93775580135155507e-06,-2.90663381131234444e-06,-2.90663370202733281e-06
1.70732500000000016e+01,1.70732500000000016e+01,2.42014785982004876e-01,-7.08754376750064807e-03,-7.08754296873778753e-03,-9.67438785796451765e-07,-9.67438676766553965e-07,-1.93487735353310835e-06,-2.90231613932956012e-06,-2.90231603029966253e-06
1.70805000000000007e+01,1.70805000000000007e+01,2.41963417654721735e-01,-7.08303167064627814e-03,-7.08303087306348580e-03,-9.66002309197962564e-07,-9.66002200421543821e-07,-1.93200440084308722e-06,-2.89800671004104978e-06,-2.89800660126463104e-06
1.70877499999999998e+01,1.70877499999999998e+01,2.41912082022780556e-01,-7.07852435926525914e-03,-7.07852356286756742e-03,-9.64568573755232230e-07,-9.64568465232587311e-07,-1.92913693046517505e-06,-2.89370550422040728e-06,-2.89370539569776214e-06
1.70950000000000024e+01,1.70950000000000024e+01,2.41860779051512403e-01,-7.07402182626282183e-03,-7.07402103104745172e-03,-9.63137573078821886e-07,-9.63137464809181261e-07,-1.92627492961836210e-06,-2.88941250269718399e-06,-2.88941239442754336e-06
1.71022500000000015e+01,1.71022500000000015e+01,2.41809508706299747e-01,-7.06952406455130244e-03,-7.06952327051410534e-03,-9.61709300796013085e-07,-9.61709192778422148e-07,-1.92341838555684430e-06,-2.88512768635285738e-06,-2.88512757833526623e-06
1.71095000000000006e+01,1.71095000000000006e+01,2.41758270952576432e-01,-7.06503106705014261e-03,-7.06503027419201103e-03,-9.60283750550757833e-07,-9.60283642784949981e-07,-1.92056728556989954e-06,-2.88085103612065737e-06,-2.88085092835484973e-06
1.71167499999999997e+01,1.71167499999999997e+01,2.41707065755827538e-01,-7.06054282670365296e-03,-7.06054203501913467e-03,-9.58860916006045207e-07,-9.58860808490892191e-07,-1.91772161698178396e-06,-2.87658253298782917e-06,-2.87658242547267636e-06
1.71240000000000023e+01,1.71240000000000023e+01,2.41655893081589246e-01,-7.05605933645969685e-03,-7.05605854594689320e-03,-9.57440790840949645e-07,-9.57440683575808145e-07,-1.91488136715161629e-06,-2.87232215799256615e-06,-2.87232205072742444e-06
1.71312500000000014e+01,1.71312500000000014e+01,2.41604752895448888e-01,-7.05158058928034848e-03,-7.05157979994013463e-03,-9.56023368752033433e-07,-9.56023261736637268e-07,-1.91204652347327454e-06,-2.86806989222530797e-06,-2.86806978520991180e-06
1.71385000000000005e+01,1.71385000000000005e+01,2.41553645163044700e-01,-7.04710657814899832e-03,-7.04710578997708951e-03,-9.54608643454253655e-07,-9.54608536687638267e-07,-1.90921707337527653e-06,-2.86382571682952998e-06,-2.86382561006291501e-06
1.71457499999999996e+01,1.71457499999999996e+01,2.41502569850065740e-01,-7.04263729605614230e-03,-7.04263650904934924e-03,-9.53196608678986603e-07,-9.53196502160338204e-07,-1.90639300432067598e-06,-2.85958961299966248e-06,-2.85958950648101429e-06
1.71530000000000022e+01,1.71530000000000022e+01,2.41451526922251858e-01,-7.03817273601003990e-03,-7.03817195016183221e-03,-9.51787258175420610e-07,-9.51787151903474898e-07,-1.90357430380695001e-06,-2.85536156198237062e-06,-2.85536145571042501e-06
1.71602500000000013e+01,1.71602500000000013e+01,2.41400516345393640e-01,-7.03371289101184516e-03,-7.03371210633276390e-03,-9.50380585707145372e-07,-9.50380479682947903e-07,-1.90076095936589581e-06,-2.85114154507304128e-06,-2.85114143904884392e-06
1.71675000000000004e+01,1.71675000000000004e+01,2.41349538085332160e-01,-7.02925775411600284e-03,-7.02925697059362652e-03,-9.48976585060264083e-07,-9.48976479281757308e-07,-1.89795295856351462e-06,-2.84692954362377870e-06,-2.84692943784527171e-06
1.71747499999999995e+01,1.71747499999999995e+01,2.41298592107958981e-01,-7.02480731835208871e-03,-7.02480653598914085e-03,-9.47575250032778951e-07,-9.47575144499953236e-07,-1.89515028899990626e-06,-2.84272553903268521e-06,-2.84272543349985971e-06
1.71820000000000022e+01,1.71820000000000022e+01,2.41247678379216013e-01,-7.02036157678875838e-03,-7.02036079557723149e-03,-9.46176574443181699e-07,-9.46176469154581100e-07,-1.89235293830916241e-06,-2.83852951275234432e-06,-2.83852940746374341e-06
1.71892500000000013e+01,1.71892500000000013e+01,2.41196796865095542e-01,-7.01592052248756204e-03,-7.01591974242900436e-03,-9.44780552124172076e-07,-9.44780447079630468e-07,-1.88956089415926115e-06,-2.83434144628343322e-06,-2.83434134123889172e-06
1.71965000000000003e+01,1.71965000000000003e+01,2.41145947531639981e-01,-7.01148414853491886e-03,-7.01148336962870242e-03,-9.43387176926917901e-07,-9.43387072125976933e-07,-1.88677414425195387e-06,-2.83016132117887155e-06,-2.83016121637793080e-06
1.72037499999999994e+01,1.72037499999999994e+01,2.41095130344941788e-01,-7.00705244803145888e-03,-7.00705167027368403e-03,-9.41996442719569472e-07,-9.41996338161331502e-07,-1.88399267632266300e-06,-2.82598911904223237e-06,-2.82598901448399451e-06
1.72110000000000021e+01,1.72110000000000021e+01,2.41044345271143490e-01,-7.00262541408847028e-03,-7.00262463747438994e-03,-9.40608343386731025e-07,-9.40608239070186812e-07,-1.88121647814037362e-06,-2.82182482152710476e-06,-2.82182471721056054e-06
1.72182500000000012e+01,1.72182500000000012e+01,2.40993592276437518e-01,-6.99820303982434666e-03,-6.99820226435431906e-03,-9.39222872828938210e-07,-9.39222768753765988e-07,-1.87844553750753198e-06,-2.81766841033646998e-06,-2.81766830626129796e-06
1.72255000000000003e+01,1.72255000000000003e+01,2.40942871327066044e-01,-6.99378531837879791e-03,-6.99378454404998504e-03,-9.37840024964516490e-07,-9.37839921129966211e-07,-1.87567984225993263e-06,-2.81351986722444891e-06,-2.81351976338989863e-06
1.72327499999999993e+01,1.72327499999999993e+01,2.40892182389321058e-01,-6.98937224289508663e-03,-6.98937146971090155e-03,-9.36459793727148562e-07,-9.36459690133309589e-07,-1.87291938026661918e-06,-2.80937917399376774e-06,-2.80937907039992855e-06
1.72400000000000020e+01,1.72400000000000020e+01,2.40841525429544012e-01,-6.98496380655200255e-03,-6.98496303449953546e-03,-9.35082173070111221e-07,-9.35082069714887252e-07,-1.87016413942977450e-06,-2.80524631249988594e-06,-2.80524620914466186e-06
1.72472500000000011e+01,1.72472500000000011e+01,2.40790900414126041e-01,-6.98056000250701914e-03,-6.98055923159129812e-03,-9.33707156958613412e-07,-9.33707053842312451e-07,-1.86741410768462490e-06,-2.80112126464323831e-06,-2.80112116152693725e-06
1.72545000000000002e+01,1.72545000000000002e+01,2.40740307309507684e-01,-6.97616082395668968e-03,-6.97616005417449597e-03,-9.32334739377835851e-07,-9.32334636499662744e-07,-1.86466927299932549e-06,-2.79700401237716113e-06,-2.79700390949898813e-06
1.72617499999999993e+01,1.72617499999999993e+01,2.40689746082178690e-01,-6.97176626410112021e-03,-6.97176549545030794e-03,-9.30964914328126645e-07,-9.30964811687431189e-07,-1.86192962337486238e-06,-2.79289453770298902e-06,-2.79289443506229357e-06
1.72690000000000019e+01,1.72690000000000019e+01,2.40639216698678188e-01,-6.96737631615462760e-03,-6.96737554863275689e-03,-9.29597675826379527e-07,-9.29597573422473826e-07,-1.85919514684494765e-06,-2.78879282267132728e-06,-2.78879272026742158e-06
1.72762500000000010e+01,1.72762500000000010e+01,2.40588719125594458e-01,-6.96299097334218686e-03,-6.96299020694868525e-03,-9.28233017905514200e-07,-9.28232915737960654e-07,-1.85646583147592131e-06,-2.78469884938143561e-06,-2.78469874721388217e-06
1.72835000000000001e+01,1.72835000000000001e+01,2.40538253329564716e-01,-6.95861022891008929e-03,-6.95860946363770997e-03,-9.26870934615846621e-07,-9.26870832683319625e-07,-1.85374166536663904e-06,-2.78061259998248555e-06,-2.78061249804995877e-06
1.72907499999999992e+01,1.72907499999999992e+01,2.40487819277275278e-01,-6.95423407610107347e-03,-6.95423331195220863e-03,-9.25511420021729991e-07,-9.25511318324189523e-07,-1.85102263664837883e-06,-2.77653405667010883e-06,-2.77653395497256846e-06
1.72980000000000018e+01,1.72980000000000018e+01,2.40437416935461251e-01,-6.94986250818629969e-03,-6.94986174515727865e-03,-9.24154468205766308e-07,-9.24154366742366392e-07,-1.84830873348473300e-06,-2.77246320169049951e-06,-2.77246310022709939e-06
1.73052500000000009e+01,1.73052500000000009e+01,2.40387046270906568e-01,-6.94549551844403368e-03,-6.94549475653072172e-03,-9.22800073265921896e-07,-9.22799972035756525e-07,-1.84559994407151305e-06,-2.76840001733743505e-06,-2.76839991610726968e-06
1.73125000000000000e+01,1.73125000000000000e+01,2.40336707250443871e-01,-6.94113310015609386e-03,-6.94113233936299954e-03,-9.21448229315008711e-07,-9.21448128318321408e-07,-1.84289625663664303e-06,-2.76434448595165195e-06,-2.76434438495496444e-06
1.73197499999999991e+01,1.73197499999999991e+01,2.40286399840954318e-01,-6.93677524663627310e-03,-6.93677448695721125e-03,-9.20098930484414778e-07,-9.20098829720029649e-07,-1.84019765944005930e-06,-2.76029658992447407e-06,-2.76029648916008916e-06
1.73270000000000017e+01,1.73270000000000017e+01,2.40236124009367613e-01,-6.93242195119481153e-03,-6.93242119262906398e-03,-9.18752170919337614e-07,-9.18752070386806155e-07,-1.83750414077361252e-06,-2.75625631169295024e-06,-2.75625621116041857e-06
1.73342500000000008e+01,1.73342500000000008e+01,2.40185879722661949e-01,-6.92807320716326558e-03,-6.92807244970685028e-03,-9.17407944782042135e-07,-9.17407844480484702e-07,-1.83481568896096919e-06,-2.75222363374301154e-06,-2.75222353344145389e-06
1.73414999999999999e+01,1.73414999999999999e+01,2.40135666947863757e-01,-6.92372900788029710e-03,-6.92372825153140647e-03,-9.16066246249926558e-07,-9.16066146178752770e-07,-1.83213229235750554e-06,-2.74819853860743210e-06,-2.74819843853625810e-06
1.73487500000000026e+01,1.73487500000000026e+01,2.40085485652047681e-01,-6.91938934670233152e-03,-6.91938859145608924e-03,-9.14727069516890892e-07,-9.14726969675106120e-07,-1.82945393935021224e-06,-2.74418100886710303e-06,-2.74418090902531825e-06
1.73560000000000016e+01,1.73560000000000016e+01,2.40035335802336575e-01,-6.91505421698934697e-03,-6.91505346284675484e-03,-9.13390408791410887e-07,-9.13390309178799243e-07,-1.82678061835759827e-06,-2.74017102714900927e-06,-2.74017092753639773e-06
1.73632500000000007e+01,1.73632500000000007e+01,2.39985217365901365e-01,-6.91072361211908515e-03,-6.91072285908172004e-03,-9.12056258298371545e-07,-9.12056158914793269e-07,-1.82411231782958696e-06,-2.73616857612795840e-06,-2.73616847674438034e-06
1.73704999999999998e+01,1.73704999999999998e+01,2.39935130309960859e-01,-6.90639752549060404e-03,-6.90639677355173610e-03,-9.10724612279489578e-07,-9.10724513123709484e-07,-1.82144902624741897e-06,-2.73217363852690844e-06,-2.73217353937112845e-06
1.73777500000000025e+01,1.73777500000000025e+01,2.39885074601781739e-01,-6.90207595050651435e-03,-6.90207519965995928e-03,-9.09395464990920009e-07,-9.09395366061777980e-07,-1.81879073212355617e-06,-2.72818619711447629e-06,-2.72818609818533394e-06
1.73850000000000016e+01,1.73850000000000016e+01,2.39835050208678541e-01,-6.89775888056942676e-03,-6.89775813082193004e-03,-9.08068810702751660e-07,-9.08068712000792125e-07,-1.81613742400158425e-06,-2.72420623470433591e-06,-2.72420613600237627e-06
1.73922500000000007e+01,1.73922500000000007e+01,2.39785057098013482e-01,-6.89344630912103185e-03,-6.89344556046553661e-03,-9.06744643704106394e-07,-9.06744545228056793e-07,-1.81348909045611380e-06,-2.72023373416022009e-06,-2.72023363568417049e-06
1.73994999999999997e+01,1.73994999999999997e+01,2.39735095237196327e-01,-6.88913822959236199e-03,-6.88913748203098721e-03,-9.05422958296544647e-07,-9.05422860046341347e-07,-1.81084572009268312e-06,-2.71626867838922755e-06,-2.71626858013902446e-06
1.74067500000000024e+01,1.74067500000000024e+01,2.39685164593684386e-01,-6.88483463544287133e-03,-6.88483388897078320e-03,-9.04103748799164356e-07,-9.04103650773830515e-07,-1.80820730154766082e-06,-2.71231105034682517e-06,-2.71231095232149155e-06
1.74140000000000015e+01,1.74140000000000015e+01,2.39635265134982400e-01,-6.88053552013556668e-03,-6.88053477474969474e-03,-9.02787009545285985e-07,-9.02786911744078439e-07,-1.80557382348815709e-06,-2.70836083303344329e-06,-2.70836073523223542e-06
1.74212500000000006e+01,1.74212500000000006e+01,2.39585396828642411e-01,-6.87624087714766574e-03,-6.87624013284472702e-03,-9.01472734883808527e-07,-9.01472637305957851e-07,-1.80294527461191570e-06,-2.70441800949572423e-06,-2.70441791191787345e-06
1.74284999999999997e+01,1.74284999999999997e+01,2.39535559642263807e-01,-6.87195069995993890e-03,-6.87194995674509593e-03,-9.00160919177769644e-07,-9.00160821823614229e-07,-1.80032164364722825e-06,-2.70048256282499810e-06,-2.70048246547084237e-06
1.74357500000000023e+01,1.74357500000000023e+01,2.39485753543492941e-01,-6.86766498209223641e-03,-6.86766423995219342e-03,-8.98851556808954804e-07,-8.98851459676416349e-07,-1.79770291935283270e-06,-2.69655447616178771e-06,-2.69655437902924926e-06
1.74430000000000014e+01,1.74430000000000014e+01,2.39435978500023489e-01,-6.86338371703953953e-03,-6.86338297597957527e-03,-8.97544642169478938e-07,-8.97544545258912983e-07,-1.79508909051782575e-06,-2.69263373268730480e-06,-2.69263363577673895e-06
1.74502500000000005e+01,1.74502500000000005e+01,2.39386234479595922e-01,-6.85910689833590936e-03,-6.85910615835291521e-03,-8.96240169670115202e-07,-8.96240072980780277e-07,-1.79248014596156013e-06,-2.68872031563167512e-06,-2.68872021894234030e-06
1.74574999999999996e+01,1.74574999999999996e+01,2.39336521449997675e-01,-6.85483451951895972e-03,-6.85483378060998665e-03,-8.94938133735600306e-07,-8.94938037266777386e-07,-1.78987607453355477e-06,-2.68481420826915487e-06,-2.68481411180033195e-06
1.74647500000000022e+01,1.74647500000000022e+01,2.39286839379062921e-01,-6.85056657413340986e-03,-6.85056583630063061e-03,-8.93638528805059719e-07,-8.93638432556699464e-07,-1.78727686511339935e-06,-2.68091539391845928e-06,-2.68091529767009871e-06
1.74720000000000013e+01,1.74720000000000013e+01,2.39237188234672743e-01,-6.84630305574884801e-03,-6.84630231898674269e-03,-8.92341349334282272e-07,-8.92341253305332667e-07,-1.78468250661066512e-06,-2.67702385594494718e-06,-2.67702375991599779e-06
1.74792500000000004e+01,1.74792500000000004e+01,2.39187567984754601e-01,-6.84204395793486242e-03,-6.84204322224221846e-03,-8.91046589792430281e-07,-8.91046493982402483e-07,-1.78209298796480497e-06,-2.67313957775723535e-06,-2.67313948194720755e-06
1.74864999999999995e+01,1.74864999999999995e+01,2.39137978597282697e-01,-6.83778927427525218e-03,-6.83778853965295256e-03,-8.89754244663853469e-07,-8.89754149072532436e-07,-1.77950829814506508e-06,-2.66926254280891845e-06,-2.66926244721759752e-06
1.74937500000000021e+01,1.74937500000000021e+01,2.39088420040277555e-01,-6.83353899837868539e-03,-6.83353826481679274e-03,-8.88464308449430136e-07,-8.88464213075194330e-07,-1.77692842615038887e-06,-2.66539273459981880e-06,-2.66539263922558310e-06
1.75010000000000012e+01,1.75010000000000012e+01,2.39038892281806220e-01,-6.82929312384317200e-03,-6.82929239134352946e-03,-8.87176775661903926e-07,-8.87176680504665996e-07,-1.77435336100933199e-06,-2.66153013667123581e-06,-2.66153004151399810e-06
1.75082500000000003e+01,1.75082500000000003e+01,2.38989395289981865e-01,-6.82505164429159095e-03,-6.82505091285484991e-03,-8.85891640830462462e-07,-8.85891545889980158e-07,-1.77178309177996032e-06,-2.65767473261042299e-06,-2.65767463766994058e-06
1.75154999999999994e+01,1.75154999999999994e+01,2.38939929032963988e-01,-6.82081455336103204e-03,-6.82081382298432848e-03,-8.84608898499307557e-07,-8.84608803774883346e-07,-1.76921760754976627e-06,-2.65382650604907383e-06,-2.65382641132464962e-06
1.75227500000000020e+01,1.75227500000000020e+01,2.38890493478958105e-01,-6.81658184469924322e-03,-6.81658111537738337e-03,-8.83328543227150802e-07,-8.83328448717786669e-07,-1.76665689743557291e-06,-2.64998544066272382e-06,-2.64998534615335958e-06
1.75300000000000011e+01,1.75300000000000011e+01,2.38841088596215861e-01,-6.81235351195752514e-03,-6.81235278369126795e-03,-8.82050569586253459e-07,-8.82050475291724304e-07,-1.76410095058344861e-06,-2.64615152016970186e-06,-2.64615142587517270e-06
1.75372500000000002e+01,1.75372500000000002e+01,2.38791714353034756e-01,-6.80812954880494203e-03,-6.80812882159502648e-03,-8.80774972164225238e-07,-8.80774878084303738e-07,-1.76154975616860769e-06,-2.64232472833283314e-06,-2.64232463425291164e-06
1.75444999999999993e+01,1.75444999999999993e+01,2.38742370717758196e-01,-6.80390994892832168e-03,-6.80390922276947769e-03,-8.79501745563981626e-07,-8.79501651697664154e-07,-1.75900330339532831e-06,-2.63850504895931004e-06,-2.63850495509299246e-06
1.75517500000000020e+01,1.75517500000000020e+01,2.38693057658775271e-01,-6.79969470601804460e-03,-6.79969398090718175e-03,-8.78230884401861786e-07,-8.78230790748428575e-07,-1.75646158149685694e-06,-2.63469246589871851e-06,-2.63469237224528572e-06
1.75590000000000011e+01,1.75590000000000011e+01,2.38643775144520898e-01,-6.79548381377514943e-03,-6.79548308971242299e-03,-8.76962383308511159e-07,-8.76962289867662571e-07,-1.75392457973532514e-06,-2.63088696304383641e-06,-2.63088686960298771e-06
1.75662500000000001e+01,1.75662500000000001e+01,2.38594523143475540e-01,-6.79127726592199110e-03,-6.79127654290117514e-03,-8.75696236930212156e-07,-8.75696143700826403e-07,-1.75139228740165259e-06,-2.62708852433186464e-06,-2.62708843110247900e-06
1.75734999999999992e+01,1.75734999999999992e+01,2.38545301624165068e-01,-6.78707505617737183e-03,-6.78707433420107191e-03,-8.74432439925635046e-07,-8.74432346907730867e-07,-1.74886469381546152e-06,-2.62329713374109667e-06,-2.62329704072319228e-06
1.75807500000000019e+01,1.75807500000000019e+01,2.38496110555160956e-01,-6.78287717828496284e-03,-6.78287645735139132e-03,-8.73170986969464525e-07,-8.73170894162494632e-07,-1.74634178832498905e-06,-2.61951277529445358e-06,-2.61951268248748368e-06
1.75880000000000010e+01,1.75880000000000010e+01,2.38446949905079947e-01,-6.77868362599554075e-03,-6.77868290610302276e-03,-8.71911872750066777e-07,-8.71911780153499657e-07,-1.74382356030699953e-06,-2.61573543305706620e-06,-2.61573534046049929e-06
1.75952500000000001e+01,1.75952500000000001e+01,2.38397819642584025e-01,-6.77449439307409307e-03,-6.77449367421844011e-03,-8.70655091970363508e-07,-8.70654999583345668e-07,-1.74130999916669091e-06,-2.61196509113705442e-06,-2.61196499875003669e-06
1.76024999999999991e+01,1.76024999999999991e+01,2.38348719736380360e-01,-6.77030947328916000e-03,-6.77030875547167659e-03,-8.69400639346421737e-07,-8.69400547168806852e-07,-1.73880109433761370e-06,-2.60820173368403555e-06,-2.60820164150642045e-06
1.76097500000000018e+01,1.76097500000000018e+01,2.38299650155221282e-01,-6.76612886043415074e-03,-6.76612814364829871e-03,-8.68148509610153083e-07,-8.68148417640788978e-07,-1.73629683528157774e-06,-2.60444534489173104e-06,-2.60444525292236662e-06
1.76170000000000009e+01,1.76170000000000009e+01,2.38250610867904056e-01,-6.76195254830247450e-03,-6.76195183254538375e-03,-8.66898697506078944e-07,-8.66898605744285980e-07,-1.73379721148857196e-06,-2.60069590899465080e-06,-2.60069581723285773e-06
1.76242500000000000e+01,1.76242500000000000e+01,2.38201601843270910e-01,-6.75778053069464590e-03,-6.75777981597148591e-03,-8.65651197792204531e-07,-8.65651106238334545e-07,-1.73130221247666909e-06,-2.59695341026887373e-06,-2.59695331871500353e-06
1.76315000000000026e+01,1.76315000000000026e+01,2.38152623050208956e-01,-6.75361280144315401e-03,-6.75361208774661638e-03,-8.64406005243165169e-07,-8.64405913895972069e-07,-1.72881182779194414e-06,-2.59321783303510931e-06,-2.59321774168791600e-06
1.76387500000000017e+01,1.76387500000000017e+01,2.38103674457649989e-01,-6.74944935437338245e-03,-6.74944864170221731e-03,-8.63163114645179889e-07,-8.63163023504194842e-07,-1.72632604700838990e-06,-2.58948916165356968e-06,-2.58948907051258484e-06
1.76460000000000008e+01,1.76460000000000008e+01,2.38054756034570547e-01,-6.74529018332847841e-03,-6.74528947168113232e-03,-8.61922520799196140e-07,-8.61922429863912727e-07,-1.72384485972782545e-06,-2.58576738052702149e-06,-2.58576728959173818e-06
1.76532499999999999e+01,1.76532499999999999e+01,2.38005867749991745e-01,-6.74113528216224722e-03,-6.74113457153758481e-03,-8.60684218519941013e-07,-8.60684127789907236e-07,-1.72136825557981447e-06,-2.58205247409975548e-06,-2.58205238336972181e-06
1.76605000000000025e+01,1.76605000000000025e+01,2.37957009572979189e-01,-6.73698464474270509e-03,-6.73698393513714675e-03,-8.59448202636335751e-07,-8.59448112110788538e-07,-1.71889622422157708e-06,-2.57834442685791262e-06,-2.57834433633236583e-06
1.76677500000000016e+01,1.76677500000000016e+01,2.37908181472643004e-01,-6.73283826494142090e-03,-6.73283755635672304e-03,-8.58214467990097194e-07,-8.58214377668955443e-07,-1.71642875533791046e-06,-2.57464322332800766e-06,-2.57464313300686601e-06
1.76750000000000007e+01,1.76750000000000007e+01,2.37859383418137560e-01,-6.72869613665483257e-03,-6.72869542908451339e-03,-8.56983009438415040e-07,-8.56982919320548279e-07,-1.71396583864109698e-06,-2.57094884807951223e-06,-2.57094875796164537e-06
1.76822499999999998e+01,1.76822499999999998e+01,2.37810615378661550e-01,-6.72455825377227256e-03,-6.72455754721999581e-03,-8.55753821849839287e-07,-8.55753731935410993e-07,-1.71150746387082199e-06,-2.56726128572066117e-06,-2.56726119580623298e-06
1.76895000000000024e+01,1.76895000000000024e+01,2.37761877323457854e-01,-6.72042461021149506e-03,-6.72042390467389797e-03,-8.54526900108766542e-07,-8.54526810397045832e-07,-1.70905362079409145e-06,-2.56358052090285789e-06,-2.56358043119113739e-06
1.76967500000000015e+01,1.76967500000000015e+01,2.37713169221813431e-01,-6.71629519989735968e-03,-6.71629449536817209e-03,-8.53302239112686213e-07,-8.53302149602574591e-07,-1.70660429920514918e-06,-2.55990653831783518e-06,-2.55990644880772377e-06
1.77040000000000006e+01,1.77040000000000006e+01,2.37664491043059339e-01,-6.71217001675472602e-03,-6.71216931323597322e-03,-8.52079833771239983e-07,-8.52079744462694462e-07,-1.70415948892538892e-06,-2.55623932269662901e-06,-2.55623923338808349e-06
1.77112499999999997e+01,1.77112499999999997e+01,2.37615842756570494e-01,-6.70804905472976998e-03,-6.70804835222162457e-03,-8.50859679008893777e-07,-8.50859589901636107e-07,-1.70171917980327221e-06,-2.55257885881216578e-06,-2.55257876970490832e-06
1.77185000000000024e+01,1.77185000000000024e+01,2.37567224331765692e-01,-6.70393230778998372e-03,-6.70393160628060102e-03,-8.49641769764893715e-07,-8.49641680857123422e-07,-1.69928336171424706e-06,-2.54892513147914077e-06,-2.54892504257137058e-06
1.77257500000000014e+01,1.77257500000000014e+01,2.37518635738107581e-01,-6.69981976988154315e-03,-6.69981906937950570e-03,-8.48426100987826044e-07,-8.48426012280333409e-07,-1.69685202456066703e-06,-2.54527812554849297e-06,-2.54527803684100033e-06
1.77330000000000005e+01,1.77330000000000005e+01,2.37470076945102415e-01,-6.69571143499680943e-03,-6.69571073549603615e-03,-8.47212667644133524e-07,-8.47212579135851497e-07,-1.69442515827170257e-06,-2.54163782591583599e-06,-2.54163773740755407e-06
1.77402499999999996e+01,1.77402499999999996e+01,2.37421547922300136e-01,-6.69160729711748559e-03,-6.69160659861896354e-03,-8.46001464710875096e-07,-8.46001376401632471e-07,-1.69200275280326494e-06,-2.53800421751414014e-06,-2.53800412920489741e-06
1.77475000000000023e+01,1.77475000000000023e+01,2.37373048639294149e-01,-6.68750735025369636e-03,-6.68750665274810835e-03,-8.44792487180635287e-07,-8.44792399068959285e-07,-1.68958479813791878e-06,-2.53437728531855417e-06,-2.53437719720687807e-06
1.77547500000000014e+01,1.77547500000000014e+01,2.37324579065721464e-01,-6.68341158840135563e-03,-6.68341089189432216e-03,-8.43585730056097266e-07,-8.43585642142404204e-07,-1.68717128428480862e-06,-2.53075701434090589e-06,-2.53075692642721272e-06
1.77620000000000005e+01,1.77620000000000005e+01,2.37276139171262362e-01,-6.67932000558835171e-03,-6.67931931007944950e-03,-8.42381188355841530e-07,-8.42381100639784337e-07,-1.68476220127956846e-06,-2.52714338963540989e-06,-2.52714330191935280e-06
1.77692499999999995e+01,1.77692499999999995e+01,2.37227728925640424e-01,-6.67523259585678375e-03,-6.67523190133630963e-03,-8.41178857112060714e-07,-8.41178769592123306e-07,-1.68235753918424682e-06,-2.52353639629630732e-06,-2.52353630877637013e-06
1.77765000000000022e+01,1.77765000000000022e+01,2.37179348298622444e-01,-6.67114935323454006e-03,-6.67114865970867225e-03,-8.39978731366940957e-07,-8.39978644043610589e-07,-1.67995728808722075e-06,-2.51993601945416182e-06,-2.51993593213083156e-06
1.77837500000000013e+01,1.77837500000000013e+01,2.37130997260018489e-01,-6.66707027178858880e-03,-6.66706957925124015e-03,-8.38780806179343195e-07,-8.38780719051562560e-07,-1.67756143810312533e-06,-2.51634224428246842e-06,-2.51634215715468800e-06
1.77910000000000004e+01,1.77910000000000004e+01,2.37082675779681507e-01,-6.66299534558234541e-03,-6.66299465402960759e-03,-8.37585076619391787e-07,-8.37584989686380025e-07,-1.67516997937276005e-06,-2.51275505599215173e-06,-2.51275496905914018e-06
1.77982499999999995e+01,1.77982499999999995e+01,2.37034383827507550e-01,-6.65892456868633076e-03,-6.65892387812025248e-03,-8.36391537769783388e-07,-8.36391451031509265e-07,-1.67278290206301853e-06,-2.50917443983280171e-06,-2.50917435309452769e-06
1.78055000000000021e+01,1.78055000000000021e+01,2.36986121373435527e-01,-6.65485793519593472e-03,-6.65485724561049995e-03,-8.35200184727982354e-07,-8.35200098183402643e-07,-1.67040019636680508e-06,-2.50560038109478743e-06,-2.50560029455020782e-06
1.78127500000000012e+01,1.78127500000000012e+01,2.36937888387447254e-01,-6.65079543919944172e-03,-6.65079475059851023e-03,-8.34011012602167376e-07,-8.34010926251479542e-07,-1.66802185250295908e-06,-2.50203286510512656e-06,-2.50203277875443873e-06
1.78200000000000003e+01,1.78200000000000003e+01,2.36889684839567155e-01,-6.64673707481355791e-03,-6.64673638719324219e-03,-8.32824016515654255e-07,-8.32823930358084427e-07,-1.66564786071616907e-06,-2.49847187723182343e-06,-2.49847179107425360e-06
1.78272499999999994e+01,1.78272499999999994e+01,2.36841510699862451e-01,-6.64268283615854216e-03,-6.64268214951443600e-03,-8.31639191603739017e-07,-8.31639105638450115e-07,-1.66327821127690044e-06,-2.49491740288063967e-06,-2.49491731691535056e-06
1.78345000000000020e+01,1.78345000000000020e+01,2.36793365938442857e-01,-6.63863271736175875e-03,-6.63863203169258540e-03,-8.30456533014107767e-07,-8.30456447240655840e-07,-1.66091289448131189e-06,-2.49136942749541955e-06,-2.49136934172196773e-06
1.78417500000000011e+01,1.78417500000000011e+01,2.36745250525460721e-01,-6.63458671256123012e-03,-6.63458602786892292e-03,-8.29276035907248349e-07,-8.29275950325591681e-07,-1.65855190065118336e-06,-2.48782793655843171e-06,-2.48782785097677483e-06
1.78490000000000002e+01,1.78490000000000002e+01,2.36697164431110746e-01,-6.63054481591274225e-03,-6.63054413219538175e-03,-8.28097695457300343e-07,-8.28097610066915996e-07,-1.65619522013383199e-06,-2.48429291559113234e-06,-2.48429283020074820e-06
1.78562499999999993e+01,1.78562499999999993e+01,2.36649107625629990e-01,-6.62650702158273930e-03,-6.62650633883458181e-03,-8.26921506851129257e-07,-8.26921421651018051e-07,-1.65384284330203610e-06,-2.48076435015316525e-06,-2.48076426495305436e-06
1.78635000000000019e+01,1.78635000000000019e+01,2.36601080079297782e-01,-6.62247332374121811e-03,-6.62247264195979946e-03,-8.25747465287405275e-07,-8.25747380276979262e-07,-1.65149476055395874e-06,-2.47724222584136412e-06,-2.47724214083093821e-06
1.78707500000000010e+01,1.78707500000000010e+01,2.36553081762435752e-01,-6.61844371656172825e-03,-6.61844303575495532e-03,-8.24575565976571279e-07,-8.24575481156535826e-07,-1.64915096231307165e-06,-2.47372652828964314e-06,-2.47372644346960737e-06
1.78780000000000001e+01,1.78780000000000001e+01,2.36505112645407606e-01,-6.61441819425689914e-03,-6.61441751441457695e-03,-8.23405804145232810e-07,-8.23405719514038165e-07,-1.64681143902807612e-06,-2.47021724317330893e-06,-2.47021715854211407e-06
1.78852499999999992e+01,1.78852499999999992e+01,2.36457172698619017e-01,-6.61039675102514934e-03,-6.61039607214377808e-03,-8.22238175029480274e-07,-8.22238090586412704e-07,-1.64447618117282541e-06,-2.46671435620230579e-06,-2.46671427175923822e-06
1.78925000000000018e+01,1.78925000000000018e+01,2.36409261892517736e-01,-6.60637938107910827e-03,-6.60637870315824299e-03,-8.21072673878397877e-07,-8.21072589623125030e-07,-1.64214517924624985e-06,-2.46321785312464751e-06,-2.46321776886937477e-06
1.78997500000000009e+01,1.78997500000000009e+01,2.36361380197593396e-01,-6.60236607864206348e-03,-6.60236540168419612e-03,-8.19909295953587175e-07,-8.19909211886142084e-07,-1.63981842377228417e-06,-2.45972771972587145e-06,-2.45972763565842615e-06
1.79070000000000000e+01,1.79070000000000000e+01,2.36313527584377431e-01,-6.59835683795861883e-03,-6.59835616195838040e-03,-8.18748036530452549e-07,-8.18747952649892360e-07,-1.63749590529978493e-06,-2.45624394183023748e-06,-2.45624385794967729e-06
1.79142499999999991e+01,1.79142499999999991e+01,2.36265704023443018e-01,-6.59435165326982542e-03,-6.59435097822803126e-03,-8.17588890895078192e-07,-8.17588807201229158e-07,-1.63517761440245874e-06,-2.45276650529753683e-06,-2.45276642160368769e-06
1.79215000000000018e+01,1.79215000000000018e+01,2.36217909485404998e-01,-6.59035051883805068e-03,-6.59034984475085749e-03,-8.16431854347281246e-07,-8.16431770839392579e-07,-1.63286354167878516e-06,-2.44929539602606640e-06,-2.44929531251817784e-06
1.79287500000000009e+01,1.79287500000000009e+01,2.36170143940919869e-01,-6.58635342892921472e-03,-6.58635275579501790e-03,-8.15276922198373935e-07,-8.15276838875973730e-07,-1.63055367775194788e-06,-2.44583059995032193e-06,-2.44583051662792172e-06
1.79359999999999999e+01,1.79359999999999999e+01,2.36122407360685543e-01,-6.58236037781989580e-03,-6.58235970563909260e-03,-8.14124089772009542e-07,-8.14124006634874395e-07,-1.62824801326974858e-06,-2.44237210304175812e-06,-2.44237201990462308e-06
1.79432500000000026e+01,1.79432500000000026e+01,2.36074699715441455e-01,-6.57837135980443577e-03,-6.57837068857206487e-03,-8.12973352405026052e-07,-8.12973269452270602e-07,-1.62594653890454120e-06,-2.43891989130956715e-06,-2.43891980835681170e-06
1.79505000000000017e+01,1.79505000000000017e+01,2.36027020975968393e-01,-6.57438636917362373e-03,-6.57438569889330030e-03,-8.11824705444778318e-07,-8.11824622676578218e-07,-1.62364924535315665e-06,-2.43547395079793507e-06,-2.43547386802973497e-06
1.79577500000000008e+01,1.79577500000000008e+01,2.35979371113088421e-01,-6.57040540025022324e-03,-6.57040473091251472e-03,-8.10678144253491280e-07,-8.10678061668411974e-07,-1.62135612333682395e-06,-2.43203426759031512e-06,-2.43203418500523592e-06
1.79649999999999999e+01,1.79649999999999999e+01,2.35931750097664789e-01,-6.56642844733923425e-03,-6.56642777894975768e-03,-8.09533664202085306e-07,-8.09533581800550522e-07,-1.61906716360110083e-06,-2.42860082780318593e-06,-2.42860074540165157e-06
1.79722500000000025e+01,1.79722500000000025e+01,2.35884157900601965e-01,-6.56245550478828932e-03,-6.56245483733538994e-03,-8.08391260677594295e-07,-8.08391178457899168e-07,-1.61678235691579834e-06,-2.42517361759339274e-06,-2.42517353537369772e-06
1.79795000000000016e+01,1.79795000000000016e+01,2.35836594492845414e-01,-6.55848656692015197e-03,-6.55848590041006093e-03,-8.07250929074810017e-07,-8.07250847037455143e-07,-1.61450169407491029e-06,-2.42175262314972030e-06,-2.42175254111236564e-06
1.79867500000000007e+01,1.79867500000000007e+01,2.35789059845381677e-01,-6.55452162808956018e-03,-6.55452096252468266e-03,-8.06112664803253823e-07,-8.06112582948267684e-07,-1.61222516589653537e-06,-2.41833783069978940e-06,-2.41833774884480305e-06
1.79939999999999998e+01,1.79939999999999998e+01,2.35741553929238123e-01,-6.55056068266901548e-03,-6.55056001804040552e-03,-8.04976463285387403e-07,-8.04976381611403416e-07,-1.60995276322280726e-06,-2.41492922650819466e-06,-2.41492914483421078e-06
1.80012500000000024e+01,1.80012500000000024e+01,2.35694076715482953e-01,-6.54660372502036125e-03,-6.54660306132859998e-03,-8.03842319953085944e-07,-8.03842238459910563e-07,-1.60768447691982113e-06,-2.41152679687290718e-06,-2.41152671537973180e-06
1.80085000000000015e+01,1.80085000000000015e+01,2.35646628175225303e-01,-6.54265074953030989e-03,-6.54265008677083846e-03,-8.02710230251973568e-07,-8.02710148938782947e-07,-1.60542029787756589e-06,-2.40813052812953936e-06,-2.40813044681634874e-06
1.80157500000000006e+01,1.80157500000000006e+01,2.35599208279614808e-01,-6.53870175058557379e-03,-6.53870108875885796e-03,-8.01580189638333670e-07,-8.01580108504921558e-07,-1.60316021700984312e-06,-2.40474040664817700e-06,-2.40474032551476446e-06
1.80229999999999997e+01,1.80229999999999997e+01,2.35551816999841845e-01,-6.53475672258707618e-03,-6.53475606169455318e-03,-8.00452193580822045e-07,-8.00452112627101407e-07,-1.60090422525420281e-06,-2.40135641883502507e-06,-2.40135633788130422e-06
1.80302500000000023e+01,1.80302500000000023e+01,2.35504454307137290e-01,-6.53081565995350388e-03,-6.53081499998994092e-03,-7.99326237560866049e-07,-7.99326156785933844e-07,-1.59865231357186769e-06,-2.39797855113273384e-06,-2.39797847035780174e-06
1.80375000000000014e+01,1.80375000000000014e+01,2.35457120172772510e-01,-6.52687855710354370e-03,-6.52687789806715140e-03,-7.98202317070457022e-07,-7.98202236473833300e-07,-1.59640447294766681e-06,-2.39460679001812373e-06,-2.39460670942150011e-06
1.80447500000000005e+01,1.80447500000000005e+01,2.35409814568059289e-01,-6.52294540846654058e-03,-6.52294475035839448e-03,-7.97080427613422850e-07,-7.97080347194978437e-07,-1.59416069438995687e-06,-2.39124112200337962e-06,-2.39124104158493531e-06
1.80519999999999996e+01,1.80519999999999996e+01,2.35362537464349736e-01,-6.51901620848605035e-03,-6.51901555130594227e-03,-7.95960564705829878e-07,-7.95960484465279324e-07,-1.59192096893055865e-06,-2.38788153363638842e-06,-2.38788145339583797e-06
1.80592500000000022e+01,1.80592500000000022e+01,2.35315288833036179e-01,-6.51509095162339236e-03,-6.51509029536210399e-03,-7.94842723876381547e-07,-7.94842643812340378e-07,-1.58968528762468076e-06,-2.38452801150106220e-06,-2.38452793143702113e-06
1.80665000000000013e+01,1.80665000000000013e+01,2.35268068645551165e-01,-6.51116963232922785e-03,-6.51116897698921036e-03,-7.93726900662917715e-07,-7.93726820775427329e-07,-1.58745364155085487e-06,-2.38118054221377259e-06,-2.38118046232628199e-06
1.80737500000000004e+01,1.80737500000000004e+01,2.35220876873367402e-01,-6.50725224507908706e-03,-6.50725159065958670e-03,-7.92613090616719065e-07,-7.92613010905430272e-07,-1.58522602181086076e-06,-2.37783911242757961e-06,-2.37783903271629092e-06
1.80809999999999995e+01,1.80809999999999995e+01,2.35173713487997538e-01,-6.50333878435915835e-03,-6.50333813085552607e-03,-7.91501289300738814e-07,-7.91501209764828934e-07,-1.58300241952965808e-06,-2.37450370883039700e-06,-2.37450362929448691e-06
1.80882500000000022e+01,1.80882500000000022e+01,2.35126578460994190e-01,-6.49942924465563010e-03,-6.49942859206927622e-03,-7.90391492288272984e-07,-7.90391412927657949e-07,-1.58078282585531590e-06,-2.37117431814358867e-06,-2.37117423878297374e-06
1.80955000000000013e+01,1.80955000000000013e+01,2.35079471763949999e-01,-6.49552362047600695e-03,-6.49552296880301708e-03,-7.89283695165525532e-07,-7.89283615979474352e-07,-1.57856723195894870e-06,-2.36785092712447424e-06,-2.36785084793842306e-06
1.81027500000000003e+01,1.81027500000000003e+01,2.35032393368497322e-01,-6.49162190632779357e-03,-6.49162125556883123e-03,-7.88177893528979898e-07,-7.88177814517319144e-07,-1.57635562903463850e-06,-2.36453352256361850e-06,-2.36453344355195743e-06
1.81099999999999994e+01,1.81099999999999994e+01,2.34985343246308265e-01,-6.48772409673625816e-03,-6.48772344688868744e-03,-7.87074082987529512e-07,-7.87074004149685424e-07,-1.57414800829937106e-06,-2.36122209128690036e-06,-2.36122201244905638e-06
1.81172500000000021e+01,1.81172500000000021e+01,2.34938321369094621e-01,-6.48383018623377438e-03,-6.48382953729441814e-03,-7.85972259161148261e-07,-7.85972180496482919e-07,-1.57194436099296584e-06,-2.35791662015411389e-06,-2.35791654148944876e-06
1.81245000000000012e+01,1.81245000000000012e+01,2.34891327708607878e-01,-6.47994016935626860e-03,-6.47993952132770203e-03,-7.84872417680432253e-07,-7.84872339189005689e-07,-1.56974467837801095e-06,-2.35461709605844321e-06,-2.35461701756701664e-06
1.81317500000000003e+01,1.81317500000000003e+01,2.34844362236638959e-01,-6.47605404066098345e-03,-6.47605339354003200e-03,-7.83774554188718556e-07,-7.83774475869894860e-07,-1.56754895173978972e-06,-2.35132350592850806e-06,-2.35132342760968437e-06
1.81389999999999993e+01,1.81389999999999993e+01,2.34797424925018289e-01,-6.47217179470871429e-03,-6.47217114849270390e-03,-7.82678664339902293e-07,-7.82678586193107071e-07,-1.56535717238621393e-06,-2.34803583672611622e-06,-2.34803575857932111e-06
1.81462500000000020e+01,1.81462500000000020e+01,2.34750515745615645e-01,-6.46829342607446733e-03,-6.46829278075678523e-03,-7.81584743799694593e-07,-7.81584665823879007e-07,-1.56316933164775801e-06,-2.34475407544745271e-06,-2.34475399747163713e-06
1.81535000000000011e+01,1.81535000000000011e+01,2.34703634670340222e-01,-6.46441892932614337e-03,-6.46441828491310828e-03,-7.80492788243017324e-07,-7.80492710438696158e-07,-1.56098542087739232e-06,-2.34147820912040953e-06,-2.34147813131608847e-06
1.81607500000000002e+01,1.81607500000000002e+01,2.34656781671140402e-01,-6.46054829906717032e-03,-6.46054765555223193e-03,-7.79402793359121824e-07,-7.79402715725255980e-07,-1.55880543145051175e-06,-2.33820822480963357e-06,-2.33820814717576773e-06
1.81679999999999993e+01,1.81679999999999993e+01,2.34609956720003787e-01,-6.45668152989031796e-03,-6.45668088727443298e-03,-7.78314754845978788e-07,-7.78314677382436128e-07,-1.55662935476487226e-06,-2.33494410961085104e-06,-2.33494403214730828e-06
1.81752500000000019e+01,1.81752500000000019e+01,2.34563159788956976e-01,-6.45281861641322507e-03,-6.45281797468967317e-03,-7.77228668414535771e-07,-7.77228591120259941e-07,-1.55445718224052009e-06,-2.33168585065505565e-06,-2.33168577336078014e-06
1.81825000000000010e+01,1.81825000000000010e+01,2.34516390850065842e-01,-6.44895955323931958e-03,-6.44895891241759490e-03,-7.76144529783977728e-07,-7.76144452659866158e-07,-1.55228890531973232e-06,-2.32843343510371015e-06,-2.32843335797959847e-06
1.81897500000000001e+01,1.81897500000000001e+01,2.34469649875435004e-01,-6.44510433501821467e-03,-6.44510369508748040e-03,-7.75062334688968291e-07,-7.75062257733471016e-07,-1.55012451546694246e-06,-2.32518685015591054e-06,-2.32518677320041347e-06
1.81969999999999992e+01,1.81969999999999992e+01,2.34422936837208107e-01,-6.44125295637465456e-03,-6.44125231733824570e-03,-7.73982078871065621e-07,-7.73982002084339238e-07,-1.54796400416867848e-06,-2.32194608303974420e-06,-2.32194600625301761e-06
1.82042500000000018e+01,1.82042500000000018e+01,2.34376251707567540e-01,-6.43740541196891058e-03,-6.43740477381840853e-03,-7.72903758085957770e-07,-7.72903681466747187e-07,-1.54580736293349459e-06,-2.31871112101945246e-06,-2.31871104440024188e-06
1.82115000000000009e+01,1.82115000000000009e+01,2.34329594458734580e-01,-6.43356169644704323e-03,-6.43356105918607962e-03,-7.71827368097457101e-07,-7.71827291645955442e-07,-1.54365458329191067e-06,-2.31548195138936788e-06,-2.31548187493786601e-06
1.82187500000000000e+01,1.82187500000000000e+01,2.34282965062969084e-01,-6.42972180447998198e-03,-6.42972116810892891e-03,-7.70752904682160779e-07,-7.70752828398170155e-07,-1.54150565679634010e-06,-2.31225856147850098e-06,-2.31225848519451004e-06
1.82260000000000026e+01,1.82260000000000026e+01,2.34236363492569599e-01,-6.42588573074931446e-03,-6.42588509526417079e-03,-7.69680363627714664e-07,-7.69680287510513510e-07,-1.53936057502102744e-06,-2.30904093864874200e-06,-2.30904086253154074e-06
1.82332500000000017e+01,1.82332500000000017e+01,2.34189789719873198e-01,-6.42205346994373372e-03,-6.42205283533854848e-03,-7.68609740732357506e-07,-7.68609664780992485e-07,-1.53721932956198497e-06,-2.30582907029434248e-06,-2.30582899434297756e-06
1.82405000000000008e+01,1.82405000000000008e+01,2.34143243717255450e-01,-6.41822501674838009e-03,-6.41822438302830107e-03,-7.67541031803615240e-07,-7.67540956018462436e-07,-1.53508191203692508e-06,-2.30262294384054011e-06,-2.30262286805538763e-06
1.82477499999999999e+01,1.82477499999999999e+01,2.34096725457130367e-01,-6.41440036587681561e-03,-6.41439973303915226e-03,-7.66474232662100673e-07,-7.66474157042598503e-07,-1.53294831408519679e-06,-2.29942254674729757e-06,-2.29942247112779551e-06
1.82550000000000026e+01,1.82550000000000026e+01,2.34050234911950206e-01,-6.41057951204970777e-03,-6.41057888008628261e-03,-7.65409339138927281e-07,-7.65409263683860146e-07,-1.53081852736772029e-06,-2.29622786650664747e-06,-2.29622779105158033e-06
1.82622500000000016e+01,1.82622500000000016e+01,2.34003772054205667e-01,-6.40676244997351318e-03,-6.40676181889432168e-03,-7.64346347073140258e-07,-7.64346271783463400e-07,-1.52869254356692680e-06,-2.29303889064006695e-06,-2.29303881535039020e-06
1.82695000000000007e+01,1.82695000000000007e+01,2.33957336856425557e-01,-6.40294917440087374e-03,-6.40294854419731080e-03,-7.63285252318895553e-07,-7.63285177193344457e-07,-1.52657035438668891e-06,-2.28985560670558436e-06,-2.28985553158003337e-06
1.82767499999999998e+01,1.82767499999999998e+01,2.33910929291176850e-01,-6.39913968006666778e-03,-6.39913905073869436e-03,-7.62226050737796648e-07,-7.62225975776130017e-07,-1.52445195155226025e-06,-2.28667800229005679e-06,-2.28667792732839016e-06
1.82840000000000025e+01,1.82840000000000025e+01,2.33864549331064542e-01,-6.39533396173064261e-03,-6.39533333327128948e-03,-7.61168738203952730e-07,-7.61168663405104677e-07,-1.52233732681020914e-06,-2.28350606501416208e-06,-2.28350599021531382e-06
1.82912500000000016e+01,1.82912500000000016e+01,2.33818196948731738e-01,-6.39153201414544014e-03,-6.39153138655728075e-03,-7.60113310600138869e-07,-7.60113235964181181e-07,-1.52022647192836215e-06,-2.28033978252850081e-06,-2.28033970789254333e-06
1.82985000000000007e+01,1.82985000000000007e+01,2.33771872116859430e-01,-6.38773383208501855e-03,-6.38773320536818387e-03,-7.59059763821152394e-07,-7.59059689347865796e-07,-1.51811937869573159e-06,-2.27717914251688399e-06,-2.27717906804359749e-06
1.83057499999999997e+01,1.83057499999999997e+01,2.33725574808166497e-01,-6.38393941033044143e-03,-6.38393878448483432e-03,-7.58008093772090556e-07,-7.58008019461229302e-07,-1.51601603892245860e-06,-2.27402413269454927e-06,-2.27402405838368769e-06
1.83130000000000024e+01,1.83130000000000024e+01,2.33679304995409592e-01,-6.38014874368053597e-03,-6.38014811869736138e-03,-7.56958296369587086e-07,-7.56958222219873956e-07,-1.51391644443974791e-06,-2.27087474080933489e-06,-2.27087466665962176e-06
1.83202500000000015e+01,1.83202500000000015e+01,2.33633062651383117e-01,-6.37636182692347120e-03,-6.37636120280517769e-03,-7.55910367538411151e-07,-7.55910293549904590e-07,-1.51182058709980918e-06,-2.26773095463822044e-06,-2.26773088064971377e-06
1.83275000000000006e+01,1.83275000000000006e+01,2.33586847748919219e-01,-6.37257865486517971e-03,-6.37257803161694718e-03,-7.54864303214812813e-07,-7.54864229387894621e-07,-1.50972845877578924e-06,-2.26459276199060227e-06,-2.26459268816368408e-06
1.83347499999999997e+01,1.83347499999999997e+01,2.33540660260887545e-01,-6.36879922234356854e-03,-6.36879859995057376e-03,-7.53820099348173473e-07,-7.53820025680856830e-07,-1.50764005136171345e-06,-2.26146015070988682e-06,-2.26146007704257038e-06
1.83420000000000023e+01,1.83420000000000023e+01,2.33494500160195240e-01,-6.36502352416812300e-03,-6.36502290263317016e-03,-7.52777751893823778e-07,-7.52777678386210961e-07,-1.50555535677242150e-06,-2.25833310866624507e-06,-2.25833303515863246e-06
1.83492500000000014e+01,1.83492500000000014e+01,2.33448367419787139e-01,-6.36125155517319740e-03,-6.36125093450105959e-03,-7.51737256819330184e-07,-7.51737183471755985e-07,-1.50347436694351239e-06,-2.25521162376284247e-06,-2.25521155041526827e-06
1.83565000000000005e+01,1.83565000000000005e+01,2.33402262012645245e-01,-6.35748331021446234e-03,-6.35748269039972894e-03,-7.50698610104040110e-07,-7.50698536915635789e-07,-1.50139707383127158e-06,-2.25209568393531169e-06,-2.25209561074690726e-06
1.83637499999999996e+01,1.83637499999999996e+01,2.33356183911789056e-01,-6.35371878414048297e-03,-6.35371816518382881e-03,-7.49661807735693584e-07,-7.49661734706310382e-07,-1.49932346941262098e-06,-2.24898527714831445e-06,-2.24898520411893115e-06
1.83710000000000022e+01,1.83710000000000022e+01,2.33310133090275179e-01,-6.34995797182469346e-03,-6.34995735371713960e-03,-7.48626845714173068e-07,-7.48626772842524129e-07,-1.49725354568504826e-06,-2.24588039139922154e-06,-2.24588031852757228e-06
1.83782500000000013e+01,1.83782500000000013e+01,2.33264109521197638e-01,-6.34620086812276440e-03,-6.34620025087256987e-03,-7.47593720046446133e-07,-7.47593647333278223e-07,-1.49518729466655666e-06,-2.24278101471300258e-06,-2.24278094199983488e-06
1.83855000000000004e+01,1.83855000000000004e+01,2.33218113177687397e-01,-6.34244746793299896e-03,-6.34244685153211463e-03,-7.46562426753658201e-07,-7.46562354197796697e-07,-1.49312470839559382e-06,-2.23968713514925181e-06,-2.23968706259339041e-06
1.83927499999999995e+01,1.83927499999999995e+01,2.33172144032912643e-01,-6.33869776613593672e-03,-6.33869715058685192e-03,-7.45532961863986550e-07,-7.45532889465498898e-07,-1.49106577893099758e-06,-2.23659874079498403e-06,-2.23659866839649669e-06
1.84000000000000021e+01,1.84000000000000021e+01,2.33126202060078419e-01,-6.33495175764053897e-03,-6.33495114293691243e-03,-7.44505321418051584e-07,-7.44505249175966871e-07,-1.48901049835193417e-06,-2.23351581976998575e-06,-2.23351574752790093e-06
1.84072500000000012e+01,1.84072500000000012e+01,2.33080287232426880e-01,-6.33120943734510888e-03,-6.33120882349147429e-03,-7.43479501464292561e-07,-7.43479429378919531e-07,-1.48695885875783906e-06,-2.23043836022213152e-06,-2.23043828813675838e-06
1.84145000000000003e+01,1.84145000000000003e+01,2.33034399523236929e-01,-6.32747080017992403e-03,-6.32747018716872407e-03,-7.42455498063950054e-07,-7.42455426134177401e-07,-1.48491085226835459e-06,-2.22736635033230475e-06,-2.22736627840253199e-06
1.84217499999999994e+01,1.84217499999999994e+01,2.32988538905824327e-01,-6.32373584105749842e-03,-6.32373522889585239e-03,-7.41433307285196861e-07,-7.41433235511636883e-07,-1.48286647102327398e-06,-2.22429977830847063e-06,-2.22429970653491107e-06
1.84290000000000020e+01,1.84290000000000020e+01,2.32942705353541557e-01,-6.32000455493297864e-03,-6.32000394360902711e-03,-7.40412925210198975e-07,-7.40412853591238603e-07,-1.48082570718247699e-06,-2.22123863239267597e-06,-2.22123856077371560e-06
1.84362500000000011e+01,1.84362500000000011e+01,2.32896898839777822e-01,-6.31627693673664226e-03,-6.31627632625338109e-03,-7.39394347927169885e-07,-7.39394276462939139e-07,-1.47878855292587828e-06,-2.21818290085304816e-06,-2.21818282938881742e-06
1.84435000000000002e+01,1.84435000000000002e+01,2.32851119337958906e-01,-6.31255298142718857e-03,-6.31255237178298366e-03,-7.38377571536593521e-07,-7.38377500226679896e-07,-1.47675500045335958e-06,-2.21513257198995310e-06,-2.21513250068003947e-06
1.84507499999999993e+01,1.84507499999999993e+01,2.32805366821547177e-01,-6.30883268396686958e-03,-6.30883207516082494e-03,-7.37362592148280276e-07,-7.37362520992358829e-07,-1.47472504198471745e-06,-2.21208763413299793e-06,-2.21208756297707617e-06
1.84580000000000020e+01,1.84580000000000020e+01,2.32759641264041417e-01,-6.30511603932859543e-03,-6.30511543135879853e-03,-7.36349405882172756e-07,-7.36349334879800171e-07,-1.47269866975960034e-06,-2.20904807564177310e-06,-2.20904800463940062e-06
1.84652500000000011e+01,1.84652500000000011e+01,2.32713942638976934e-01,-6.30140304248882899e-03,-6.30140243535768328e-03,-7.35338008867490056e-07,-7.35337938018727531e-07,-1.47067587603745485e-06,-2.20601388490494512e-06,-2.20601381405618249e-06
1.84725000000000001e+01,1.84725000000000001e+01,2.32668270919925341e-01,-6.29769368844534938e-03,-6.29769308214711988e-03,-7.34328397244771763e-07,-7.34328326548731396e-07,-1.46865665309746279e-06,-2.20298505034223445e-06,-2.20298497964619440e-06
1.84797499999999992e+01,1.84797499999999992e+01,2.32622626080494499e-01,-6.29398797218883033e-03,-6.29398736672559175e-03,-7.33320567162536831e-07,-7.33320496619242551e-07,-1.46664099323848531e-06,-2.19996156040102225e-06,-2.19996148985772808e-06
1.84870000000000019e+01,1.84870000000000019e+01,2.32577008094328547e-01,-6.29028588873481453e-03,-6.29028528410040862e-03,-7.32314514780984693e-07,-7.32314444389501799e-07,-1.46462888877900360e-06,-2.19694340355998840e-06,-2.19694333316850540e-06
1.84942500000000010e+01,1.84942500000000010e+01,2.32531416935107843e-01,-6.28658743309529200e-03,-6.28658682928769259e-03,-7.31310236268656998e-07,-7.31310166028533491e-07,-1.46262033205706677e-06,-2.19393056832572377e-06,-2.19393049808560005e-06
1.85015000000000001e+01,1.85015000000000001e+01,2.32485852576548691e-01,-6.28289260029291086e-03,-6.28289199731234434e-03,-7.30307727804066135e-07,-7.30307657715112599e-07,-1.46061531543022520e-06,-2.19092304323429133e-06,-2.19092297314533801e-06
1.85087499999999991e+01,1.85087499999999991e+01,2.32440314992403613e-01,-6.27920138535742467e-03,-6.27920078320804050e-03,-7.29306985575257323e-07,-7.29306915637740466e-07,-1.45861383127548072e-06,-2.18792081685073783e-06,-2.18792074691322129e-06
1.85160000000000018e+01,1.85160000000000018e+01,2.32394804156460966e-01,-6.27551378334345600e-03,-6.27551318201719985e-03,-7.28308005781842861e-07,-7.28307935994612518e-07,-1.45661587198922504e-06,-2.18492387777106779e-06,-2.18492380798383777e-06
1.85232500000000009e+01,1.85232500000000009e+01,2.32349320042545104e-01,-6.27182978929496926e-03,-6.27182918879098158e-03,-7.27310784630851667e-07,-7.27310714993594120e-07,-1.45462142998718803e-06,-2.18193221461803970e-06,-2.18193214498078194e-06
1.85305000000000000e+01,1.85305000000000000e+01,2.32303862624516189e-01,-6.26814939827013973e-03,-6.26814879858924971e-03,-7.26315318339589291e-07,-7.26315248852187436e-07,-1.45263049770437466e-06,-2.17894581604396416e-06,-2.17894574655656220e-06
1.85377500000000026e+01,1.85377500000000026e+01,2.32258431876270155e-01,-6.26447260534490624e-03,-6.26447200648056358e-03,-7.25321603136023622e-07,-7.25321533797505913e-07,-1.45064306759501161e-06,-2.17596467073103513e-06,-2.17596460139251742e-06
1.85450000000000017e+01,1.85450000000000017e+01,2.32213027771738717e-01,-6.26079940558454950e-03,-6.26079880754215959e-03,-7.24329635255466647e-07,-7.24329566066246859e-07,-1.44865913213249393e-06,-2.17298876738796037e-06,-2.17298869819874068e-06
1.85522500000000008e+01,1.85522500000000008e+01,2.32167650284889199e-01,-6.25712979408277192e-03,-6.25712919685992783e-03,-7.23339410945073564e-07,-7.23339341904661266e-07,-1.44667868380932274e-06,-2.17001809475439652e-06,-2.17001802571398401e-06
1.85594999999999999e+01,1.85594999999999999e+01,2.32122299389724507e-01,-6.25346376593682862e-03,-6.25346316952839557e-03,-7.22350926460935667e-07,-7.22350857568526494e-07,-1.44470171513705299e-06,-2.16705264159798876e-06,-2.16705257270557959e-06
1.85667500000000025e+01,1.85667500000000025e+01,2.32076975060283103e-01,-6.24980131624397472e-03,-6.24980072065070818e-03,-7.21364178067647397e-07,-7.21364109323118424e-07,-1.44272821864623706e-06,-2.16409239671388456e-06,-2.16409232796935548e-06
1.85740000000000016e+01,1.85740000000000016e+01,2.32031677270638947e-01,-6.24614244011922892e-03,-6.24614184533861614e-03,-7.20379162040333830e-07,-7.20379093443185520e-07,-1.44075818688637083e-06,-2.16113734892670476e-06,-2.16113728032955645e-06
1.85812500000000007e+01,1.85812500000000007e+01,2.31986405994901390e-01,-6.24248713267938626e-03,-6.24248653871244900e-03,-7.19395874662776823e-07,-7.19395806212917695e-07,-1.43879161242583539e-06,-2.15818748708861232e-06,-2.15818741863875330e-06
1.85884999999999998e+01,1.85884999999999998e+01,2.31941161207215085e-01,-6.23883538906255808e-03,-6.23883479590109716e-03,-7.18414312229643983e-07,-7.18414243925921121e-07,-1.43682848785184224e-06,-2.15524280008148622e-06,-2.15524273177776326e-06
1.85957500000000024e+01,1.85957500000000024e+01,2.31895942881759992e-01,-6.23518720439442120e-03,-6.23518661204199801e-03,-7.17434471042573363e-07,-7.17434402885189631e-07,-1.43486880577037905e-06,-2.15230327681295231e-06,-2.15230320865556868e-06
1.86030000000000015e+01,1.86030000000000015e+01,2.31850750992751375e-01,-6.23154257382196874e-03,-6.23154198228112032e-03,-7.16456347414039321e-07,-7.16456279403078786e-07,-1.43291255880615757e-06,-2.14936890622019700e-06,-2.14936883820923657e-06
1.86102500000000006e+01,1.86102500000000006e+01,2.31805585514439583e-01,-6.22790149250818104e-03,-6.22790090177293646e-03,-7.15479937666707397e-07,-7.15479869801276862e-07,-1.43095973960255394e-06,-2.14643967726926133e-06,-2.14643960940383090e-06
1.86174999999999997e+01,1.86174999999999997e+01,2.31760446421110017e-01,-6.22426395561248569e-03,-6.22426336568040854e-03,-7.14505238131164264e-07,-7.14505170410778063e-07,-1.42901034082155613e-06,-2.14351557895272050e-06,-2.14351551123233430e-06
1.86247500000000024e+01,1.86247500000000024e+01,2.31715333687083191e-01,-6.22062995830319210e-03,-6.22062936917497280e-03,-7.13532245147322854e-07,-7.13532177571854779e-07,-1.42706435514370998e-06,-2.14059660029103273e-06,-2.14059653271556497e-06
1.86320000000000014e+01,1.86320000000000014e+01,2.31670247286714620e-01,-6.21699949576282052e-03,-6.21699890743652311e-03,-7.12560955065010407e-07,-7.12560887634033765e-07,-1.42512177526806732e-06,-2.13768273033307762e-06,-2.13768266290210098e-06
1.86392500000000005e+01,1.86392500000000005e+01,2.31625187194394649e-01,-6.21337256317744391e-03,-6.21337197565338326e-03,-7.11591364242717721e-07,-7.11591296956064058e-07,-1.42318259391212812e-06,-2.13477395815484573e-06,-2.13477389086819207e-06
1.86464999999999996e+01,1.86464999999999996e+01,2.31580153384548543e-01,-6.20974915574556974e-03,-6.20974856902229734e-03,-7.10623469048594099e-07,-7.10623401905893686e-07,-1.42124680381178737e-06,-2.13187027286038136e-06,-2.13187020571768095e-06
1.86537500000000023e+01,1.86537500000000023e+01,2.31535145831636285e-01,-6.20612926867813997e-03,-6.20612868274840902e-03,-7.09657265860420880e-07,-7.09657198860641713e-07,-1.41931439772128321e-06,-2.12897166358170420e-06,-2.12897159658192493e-06
1.86610000000000014e+01,1.86610000000000014e+01,2.31490164510152724e-01,-6.20251289717721477e-03,-6.20251231204524672e-03,-7.08692751063150067e-07,-7.08692684206572619e-07,-1.41738536841314503e-06,-2.12607811947629488e-06,-2.12607805261971754e-06
1.86682500000000005e+01,1.86682500000000005e+01,2.31445209394627233e-01,-6.19890003647327603e-03,-6.19889945213470024e-03,-7.07729921053144359e-07,-7.07729854339067393e-07,-1.41545970867813479e-06,-2.12318962973127893e-06,-2.12318956301720218e-06
1.86754999999999995e+01,1.86754999999999995e+01,2.31400280459623880e-01,-6.19529068178792386e-03,-6.19529009824700515e-03,-7.06768772233890004e-07,-7.06768705662599076e-07,-1.41353741132519836e-06,-2.12030618355908826e-06,-2.12030611698779755e-06
1.86827500000000022e+01,1.86827500000000022e+01,2.31355377679741264e-01,-6.19168482837295642e-03,-6.19168424562072627e-03,-7.05809301020434085e-07,-7.05809234590705232e-07,-1.41161846918141025e-06,-2.11742777020184455e-06,-2.11742770377211548e-06
1.86900000000000013e+01,1.86900000000000013e+01,2.31310501029612481e-01,-6.18808247146418466e-03,-6.18808188950274122e-03,-7.04851503834089822e-07,-7.04851437545962537e-07,-1.40970287509192529e-06,-2.11455437892601490e-06,-2.11455431263788772e-06
1.86972500000000004e+01,1.86972500000000004e+01,2.31265650483905044e-01,-6.18448360631873584e-03,-6.18448302514821788e-03,-7.03895377106669197e-07,-7.03895310959959675e-07,-1.40779062191991935e-06,-2.11168599902658855e-06,-2.11168593287987902e-06
1.87044999999999995e+01,1.87044999999999995e+01,2.31220826017320857e-01,-6.18088822820439532e-03,-6.18088764782060134e-03,-7.02940917279240145e-07,-7.02940851273271182e-07,-1.40588170254654215e-06,-2.10882261982578219e-06,-2.10882255381981355e-06
1.87117500000000021e+01,1.87117500000000021e+01,2.31176027604596074e-01,-6.17729633239072484e-03,-6.17729575279158966e-03,-7.01988120801092009e-07,-7.01988054935430771e-07,-1.40397610987086154e-06,-2.10596423067195366e-06,-2.10596416480629221e-06
1.87190000000000012e+01,1.87190000000000012e+01,2.31131255220501208e-01,-6.17370791415083886e-03,-6.17370733534112950e-03,-7.01036984129918285e-07,-7.01036918404908562e-07,-1.40207383680981712e-06,-2.10311082093973530e-06,-2.10311075521472579e-06
1.87262500000000003e+01,1.87262500000000003e+01,2.31086508839840887e-01,-6.17012296878449717e-03,-6.17012239075738315e-03,-7.00087503734411724e-07,-7.00087438149080381e-07,-1.40017487629816055e-06,-2.10026238003257217e-06,-2.10026231444724093e-06
1.87334999999999994e+01,1.87334999999999994e+01,2.31041788437453849e-01,-6.16654149158080145e-03,-6.16654091433671905e-03,-6.99139676090004915e-07,-6.99139610644204887e-07,-1.39827922128840977e-06,-2.09741889737841479e-06,-2.09741883193261445e-06
1.87407500000000020e+01,1.87407500000000020e+01,2.30997093988212943e-01,-6.16296347784484055e-03,-6.16296290138369351e-03,-6.98193497681872918e-07,-6.98193432375397209e-07,-1.39638686475079442e-06,-2.09458036243266734e-06,-2.09458029712619163e-06
1.87480000000000011e+01,1.87480000000000011e+01,2.30952425467025074e-01,-6.15938892289413786e-03,-6.15938834721103771e-03,-6.97248965004504658e-07,-6.97248899836603963e-07,-1.39449779967320814e-06,-2.09174676467771280e-06,-2.09174669950981210e-06
1.87552500000000002e+01,1.87552500000000002e+01,2.30907782848830984e-01,-6.15581782204621675e-03,-6.15581724713962740e-03,-6.96306074560270173e-07,-6.96306009530575927e-07,-1.39261201906115164e-06,-2.08891809362142182e-06,-2.08891802859172767e-06
1.87624999999999993e+01,1.87624999999999993e+01,2.30863166108605439e-01,-6.15225017062570601e-03,-6.15224959649847934e-03,-6.95364822860202956e-07,-6.95364757968843589e-07,-1.39072951593768718e-06,-2.08609433879789003e-06,-2.08609427390653077e-06
1.87697500000000019e+01,1.87697500000000019e+01,2.30818575221356903e-01,-6.14868596397855072e-03,-6.14868539062472536e-03,-6.94425206425584113e-07,-6.94425141671691841e-07,-1.38885028334338347e-06,-2.08327548976896737e-06,-2.08327542501507521e-06
1.87770000000000010e+01,1.87770000000000010e+01,2.30774010162127757e-01,-6.14512519744181418e-03,-6.14512462486360277e-03,-6.93487221784503416e-07,-6.93487157168135095e-07,-1.38697431433627040e-06,-2.08046153612077382e-06,-2.08046147150440550e-06
1.87842500000000001e+01,1.87842500000000001e+01,2.30729470905993994e-01,-6.14156786637209962e-03,-6.14156729456842836e-03,-6.92550865475049116e-07,-6.92550800995890710e-07,-1.38510160199178142e-06,-2.07765246746683043e-06,-2.07765240298767213e-06
1.87914999999999992e+01,1.87914999999999992e+01,2.30684957428065357e-01,-6.13801396613133932e-03,-6.13801339510058712e-03,-6.91616134043678472e-07,-6.91616069701354744e-07,-1.38323213940270949e-06,-2.07484827344638817e-06,-2.07484820910406423e-06
1.87987500000000018e+01,1.87987500000000018e+01,2.30640469703485063e-01,-6.13446349209212372e-03,-6.13446292182951141e-03,-6.90683024045794994e-07,-6.90682959839576121e-07,-1.38136591967915203e-06,-2.07204894372494713e-06,-2.07204887951872826e-06
1.88060000000000009e+01,1.88060000000000009e+01,2.30596007707430023e-01,-6.13091643962526689e-03,-6.13091587013267058e-03,-6.89751532044326707e-07,-6.89751467974233017e-07,-1.37950293594846603e-06,-2.06925446799279285e-06,-2.06925440392269894e-06
1.88132500000000000e+01,1.88132500000000000e+01,2.30551571415110512e-01,-6.12737280412112284e-03,-6.12737223539554579e-03,-6.88821654612102709e-07,-6.88821590677606605e-07,-1.37764318135521342e-06,-2.06646483596731592e-06,-2.06646477203282013e-06
1.88205000000000027e+01,1.88205000000000027e+01,2.30507160801770250e-01,-6.12383258097359828e-03,-6.12383201301161528e-03,-6.87893388330029403e-07,-6.87893324530556069e-07,-1.37578664906111256e-06,-2.06368003739114175e-06,-2.06367997359166852e-06
1.88277500000000018e+01,1.88277500000000018e+01,2.30462775842686401e-01,-6.12029576557482358e-03,-6.12029519838234483e-03,-6.86966729786471954e-07,-6.86966666122496045e-07,-1.37393333224499209e-06,-2.06090006203146394e-06,-2.06089999836748803e-06
1.88350000000000009e+01,1.88350000000000009e+01,2.30418416513169411e-01,-6.11676235334535079e-03,-6.11676178691715998e-03,-6.86041675580622089e-07,-6.86041612051368781e-07,-1.37208322410273735e-06,-2.05812489968335955e-06,-2.05812483615410634e-06
1.88422499999999999e+01,1.88422499999999999e+01,2.30374082788562889e-01,-6.11323233970040292e-03,-6.11323177403343219e-03,-6.85118222318684333e-07,-6.85118158923621268e-07,-1.37023631784724275e-06,-2.05535454016592708e-06,-2.05535447677086380e-06
1.88495000000000026e+01,1.88495000000000026e+01,2.30329774644243729e-01,-6.10970572006408474e-03,-6.10970515515646840e-03,-6.84196366615450009e-07,-6.84196303354180774e-07,-1.36839260670836176e-06,-2.05258897332381156e-06,-2.05258891006254264e-06
1.88567500000000017e+01,1.88567500000000017e+01,2.30285492055621960e-01,-6.10618248986583012e-03,-6.10618192571948850e-03,-6.83276105093878482e-07,-6.83276041966430817e-07,-1.36655208393286206e-06,-2.04982818902674075e-06,-2.04982812589929288e-06
1.88640000000000008e+01,1.88640000000000008e+01,2.30241234998140670e-01,-6.10266264455106011e-03,-6.10266208116360970e-03,-6.82357434386265010e-07,-6.82357371392185542e-07,-1.36471474278437129e-06,-2.04707217717063609e-06,-2.04707211417655694e-06
1.88712499999999999e+01,1.88712499999999999e+01,2.30197003447275977e-01,-6.09914617956874849e-03,-6.09914561693782834e-03,-6.81440351132827044e-07,-6.81440288271665679e-07,-1.36288057654333136e-06,-2.04432092767615830e-06,-2.04432086481499683e-06
1.88785000000000025e+01,1.88785000000000025e+01,2.30152797378536916e-01,-6.09563309037497447e-03,-6.09563252849900337e-03,-6.80524851982079886e-07,-6.80524789253474520e-07,-1.36104957850694925e-06,-2.04157443048902924e-06,-2.04157436776042377e-06
1.88857500000000016e+01,1.88857500000000016e+01,2.30108616767465524e-01,-6.09212337243292268e-03,-6.09212281131184859e-03,-6.79610933590815730e-07,-6.79610870994575672e-07,-1.35922174198915134e-06,-2.03883267557996718e-06,-2.03883261298372712e-06
1.88930000000000007e+01,1.88930000000000007e+01,2.30064461589636643e-01,-6.08861702121465953e-03,-6.08861646084890226e-03,-6.78698592624278248e-07,-6.78698530160265539e-07,-1.35739706032053150e-06,-2.03609565294480996e-06,-2.03609559048079725e-06
1.89002499999999998e+01,1.89002499999999998e+01,2.30020331820657925e-01,-6.08511403220468594e-03,-6.08511347259051930e-03,-6.77787825756536776e-07,-6.77787763424152034e-07,-1.35557552684830428e-06,-2.03336335260484116e-06,-2.03336329027245610e-06
1.89075000000000024e+01,1.89075000000000024e+01,2.29976227436169661e-01,-6.08161440089105554e-03,-6.08161384202484789e-03,-6.76878629669473149e-07,-6.76878567468128640e-07,-1.35375713493625707e-06,-2.03063576460573043e-06,-2.03063570240438560e-06
1.89147500000000015e+01,1.89147500000000015e+01,2.29932148411845005e-01,-6.07811812276359831e-03,-6.07811756464782769e-03,-6.75971001052564974e-07,-6.75970938982353659e-07,-1.35194187796470753e-06,-2.02791287901727261e-06,-2.02791281694706119e-06
1.89220000000000006e+01,1.89220000000000006e+01,2.29888094723389613e-01,-6.07462519333168416e-03,-6.07462463596315436e-03,-6.75064936604838987e-07,-6.75064874665223105e-07,-1.35012974933044621e-06,-2.02519468593528509e-06,-2.02519462399566921e-06
1.89292499999999997e+01,1.89292499999999997e+01,2.29844066346541726e-01,-6.07113560810113029e-03,-6.07113505148227598e-03,-6.74160433032280934e-07,-6.74160371223349001e-07,-1.34832074244669779e-06,-2.02248117547897862e-06,-2.02248111367004679e-06
1.89365000000000023e+01,1.89365000000000023e+01,2.29800063257072112e-01,-6.06764936260084653e-03,-6.06764880672437060e-03,-6.73257487050774250e-07,-6.73257425371534602e-07,-1.34651485074306920e-06,-2.01977233779384356e-06,-2.01977227611460391e-06
1.89437500000000014e+01,1.89437500000000014e+01,2.29756085430784018e-01,-6.06416645234730822e-03,-6.06416589721633752e-03,-6.72356095382134139e-07,-6.72356033832753007e-07,-1.34471206766550623e-06,-2.01706816304764047e-06,-2.01706810149825944e-06
1.89510000000000005e+01,1.89510000000000005e+01,2.29712132843513078e-01,-6.06068687288008334e-03,-6.06068631849277298e-03,-6.71456254758029024e-07,-6.71456193338121536e-07,-1.34291238667624286e-06,-2.01436864143427188e-06,-2.01436858001436450e-06
1.89582499999999996e+01,1.89582499999999996e+01,2.29668205471127262e-01,-6.05721061974051622e-03,-6.05721006609595460e-03,-6.70557961917593603e-07,-6.70557900626878757e-07,-1.34111580125375730e-06,-2.01167376317135091e-06,-2.01167370188063595e-06
1.89655000000000022e+01,1.89655000000000022e+01,2.29624303289526821e-01,-6.05373768848060934e-03,-6.05373713557582922e-03,-6.69661213608391720e-07,-6.69661152446361719e-07,-1.33932230489272365e-06,-2.00898351850111516e-06,-2.00898345733908526e-06
1.89727500000000013e+01,1.89727500000000013e+01,2.29580426274644284e-01,-6.05026807465591787e-03,-6.05026752248999898e-03,-6.68766006585609559e-07,-6.68765945551983929e-07,-1.33753189110396786e-06,-2.00629789768957721e-06,-2.00629783665595158e-06
1.89800000000000004e+01,1.89800000000000004e+01,2.29536574402444321e-01,-6.04680177383265516e-03,-6.04680122240369624e-03,-6.67872337612819144e-07,-6.67872276707209627e-07,-1.33574455341441904e-06,-2.00361689102723819e-06,-2.00361683012162888e-06
1.89872499999999995e+01,1.89872499999999995e+01,2.29492747648923717e-01,-6.04333878158236359e-03,-6.04333823088977398e-03,-6.66980203461368367e-07,-6.66980142683532076e-07,-1.33396028536706436e-06,-2.00094048882843263e-06,-2.00094042805059655e-06
1.89945000000000022e+01,1.89945000000000022e+01,2.29448945990111342e-01,-6.03987909348546737e-03,-6.03987854352868760e-03,-6.66089600910753154e-07,-6.66089540260451014e-07,-1.33217908052090182e-06,-1.99826868143165497e-06,-1.99826862078135283e-06
1.90017500000000013e+01,1.90017500000000013e+01,2.29405169402068176e-01,-6.03642270513127244e-03,-6.03642215590848626e-03,-6.65200526748594910e-07,-6.65200466225449886e-07,-1.33040093245089956e-06,-1.99560145919949437e-06,-1.99560139867634924e-06
1.90090000000000003e+01,1.90090000000000003e+01,2.29361417860886957e-01,-6.03296961211619021e-03,-6.03296906362478166e-03,-6.64312977770423473e-07,-6.64312917373971178e-07,-1.32862583474794257e-06,-1.99293881251836615e-06,-1.99293875212191385e-06
1.90162499999999994e+01,1.90162499999999994e+01,2.29317691342692503e-01,-6.02951981003663207e-03,-6.02951926228074715e-03,-6.63426950778874859e-07,-6.63426890509395980e-07,-1.32685378101879196e-06,-1.99028073179766692e-06,-1.99028067152818783e-06
1.90235000000000021e+01,1.90235000000000021e+01,2.29273989823641389e-01,-6.02607329451565477e-03,-6.02607274748709169e-03,-6.62542442586602523e-07,-6.62542382443019421e-07,-1.32508476488603863e-06,-1.98762720747264136e-06,-1.98762714732905805e-06
1.90307500000000012e+01,1.90307500000000012e+01,2.29230313279922021e-01,-6.02263006116210420e-03,-6.02262951486205213e-03,-6.61659450011761079e-07,-6.61659389994029921e-07,-1.32331877998805984e-06,-1.98497822999982092e-06,-1.98497816998208976e-06
1.90380000000000003e+01,1.90380000000000003e+01,2.29186661687754561e-01,-6.01919010560081347e-03,-6.01918956003137315e-03,-6.60777969881307827e-07,-6.60777909989485046e-07,-1.32155581997896988e-06,-1.98233378986027771e-06,-1.98233372996845503e-06
1.90452499999999993e+01,1.90452499999999993e+01,2.29143035023390812e-01,-6.01575342347260289e-03,-6.01575287862828826e-03,-6.59897999030979986e-07,-6.59897939264289488e-07,-1.31979587852857919e-06,-1.97969387755955928e-06,-1.97969381779286878e-06
1.90525000000000020e+01,1.90525000000000020e+01,2.29099433263114188e-01,-6.01232001041474007e-03,-6.01231946629350936e-03,-6.59019534303127877e-07,-6.59019474661172828e-07,-1.31803894932234566e-06,-1.97705848362547364e-06,-1.97705842398351848e-06
1.90597500000000011e+01,1.90597500000000011e+01,2.29055856383239803e-01,-6.00888986206982167e-03,-6.00888931867521285e-03,-6.58142572547672924e-07,-6.58142513030668257e-07,-1.31628502606133673e-06,-1.97442759860900954e-06,-1.97442753909200488e-06
1.90670000000000002e+01,1.90670000000000002e+01,2.29012304360114188e-01,-6.00546297409998431e-03,-6.00546243142901798e-03,-6.57267110623641196e-07,-6.57267051231088222e-07,-1.31453410246217666e-06,-1.97180121308581796e-06,-1.97180115369326488e-06
1.90742499999999993e+01,1.90742499999999993e+01,2.28968777170115351e-01,-6.00203934216914092e-03,-6.00203880021797382e-03,-6.56393145397197562e-07,-6.56393086128503780e-07,-1.31278617225700777e-06,-1.96917931765420544e-06,-1.96917925838551145e-06
1.90815000000000019e+01,1.90815000000000019e+01,2.28925274789652716e-01,-5.99861896194475719e-03,-5.99861842071254103e-03,-6.55520673741819745e-07,-6.55520614596721622e-07,-1.31104122919344324e-06,-1.96656190293526288e-06,-1.96656184379016497e-06
1.90887500000000010e+01,1.90887500000000010e+01,2.28881797195167158e-01,-5.99520182910318056e-03,-5.99520128859058754e-03,-6.54649692538863300e-07,-6.54649633517263534e-07,-1.30929926703452707e-06,-1.96394895957339026e-06,-1.96394890055179060e-06
1.90960000000000001e+01,1.90960000000000001e+01,2.28838344363130747e-01,-5.99178793933141662e-03,-5.99178739953735735e-03,-6.53780198677733242e-07,-6.53780139779342570e-07,-1.30756027955868514e-06,-1.96134047823641859e-06,-1.96134041933802750e-06
1.91032499999999992e+01,1.91032499999999992e+01,2.28794916270046861e-01,-5.98837728832002369e-03,-5.98837674924546527e-03,-6.52912189055088469e-07,-6.52912130279842095e-07,-1.30582426055968440e-06,-1.95873644961477308e-06,-1.95873639083952660e-06
1.91105000000000018e+01,1.91105000000000018e+01,2.28751512892450076e-01,-5.98496987177554729e-03,-5.98496933341487788e-03,-6.52045660576177008e-07,-6.52045601923293861e-07,-1.30409120384658772e-06,-1.95613686442276484e-06,-1.95613680576988158e-06
1.91177500000000009e+01,1.91177500000000009e+01,2.28708134206906111e-01,-5.98156568539920386e-03,-5.98156514775290225e-03,-6.51180610152493539e-07,-6.51180551621857045e-07,-1.30236110324371409e-06,-1.95354171339620774e-06,-1.95354165486557124e-06
1.91250000000000000e+01,1.91250000000000000e+01,2.28664780190011796e-01,-5.97816472490642070e-03,-5.97816418797416423e-03,-6.50317034703888300e-07,-6.50316976295294854e-07,-1.30063395259058992e-06,-1.95095098729447843e-06,-1.95095092888588499e-06
1.91322500000000026e+01,1.91322500000000026e+01,2.28621450818394939e-01,-5.97476698602505962e-03,-5.97476644980059635e-03,-6.49454931158351938e-07,-6.49454872870953872e-07,-1.29890974574190796e-06,-1.94836467690025968e-06,-1.94836461861286183e-06
1.91395000000000017e+01,1.91395000000000017e+01,2.28578146068714433e-01,-5.97137246447232428e-03,-5.97137192896142564e-03,-6.48594296449486589e-07,-6.48594238283743842e-07,-1.29718847656748768e-06,-1.94578277301697427e-06,-1.94578271485123153e-06
1.91467500000000008e+01,1.91467500000000008e+01,2.28534865917660091e-01,-5.96798115599561640e-03,-5.96798062119315541e-03,-6.47735127520924952e-07,-6.47735069476113628e-07,-1.29547013895222726e-06,-1.94320526647315231e-06,-1.94320520842834088e-06
1.91539999999999999e+01,1.91539999999999999e+01,2.28491610341952506e-01,-5.96459305633523229e-03,-5.96459252223954534e-03,-6.46877421322257862e-07,-6.46877363398031101e-07,-1.29375472679606220e-06,-1.94063214811832017e-06,-1.94063209019409320e-06
1.91612500000000026e+01,1.91612500000000026e+01,2.28448379318343220e-01,-5.96120816123679731e-03,-5.96120762785160626e-03,-6.46021174810366778e-07,-6.46021117006962067e-07,-1.29204223401392413e-06,-1.93806340882429091e-06,-1.93806335102088599e-06
1.91685000000000016e+01,1.91685000000000016e+01,2.28405172823614555e-01,-5.95782646646725311e-03,-5.95782593378758191e-03,-6.45166384951137437e-07,-6.45166327267849834e-07,-1.29033265453569946e-06,-1.93549903948683679e-06,-1.93549898180354918e-06
1.91757500000000007e+01,1.91757500000000007e+01,2.28361990834579448e-01,-5.95444796779176500e-03,-5.95444743581292641e-03,-6.44313048716934003e-07,-6.44312991153091068e-07,-1.28862598230618192e-06,-1.93293903102311593e-06,-1.93293897345927310e-06
1.91829999999999998e+01,1.91829999999999998e+01,2.28318833328081588e-01,-5.95107266097194554e-03,-5.95107212970029647e-03,-6.43461163086392493e-07,-6.43461105642517693e-07,-1.28692221128503517e-06,-1.93038337437142756e-06,-1.93038331692755297e-06
1.91902500000000025e+01,1.91902500000000025e+01,2.28275700280995308e-01,-5.94770054180138175e-03,-5.94770001122953747e-03,-6.42610725048243441e-07,-6.42610667723374018e-07,-1.28522133544674782e-06,-1.92783206049499105e-06,-1.92783200317012205e-06
1.91975000000000016e+01,1.91975000000000016e+01,2.28232591670225471e-01,-5.94433160605944977e-03,-5.94433107618766617e-03,-6.41761731596297354e-07,-6.41761674390297464e-07,-1.28352334878059472e-06,-1.92528508037689207e-06,-1.92528502317089229e-06
1.92047500000000007e+01,1.92047500000000007e+01,2.28189507472707470e-01,-5.94096584953973661e-03,-5.94096532036885328e-03,-6.40914179732498269e-07,-6.40914122645295491e-07,-1.28182824529059098e-06,-1.92274242502308914e-06,-1.92274236793588658e-06
1.92119999999999997e+01,1.92119999999999997e+01,2.28146447665407148e-01,-5.93760326804471106e-03,-5.93760273957441055e-03,-6.40068066466329449e-07,-6.40068009497726424e-07,-1.28013601899545285e-06,-1.92020408546178219e-06,-1.92020402849317948e-06
1.92192500000000024e+01,1.92192500000000024e+01,2.28103412225320795e-01,-5.93424385738572369e-03,-5.93424332961277768e-03,-6.39223388814791257e-07,-6.39223331964277649e-07,-1.27844666392855530e-06,-1.91767005274334645e-06,-1.91766999589283284e-06
1.92265000000000015e+01,1.92265000000000015e+01,2.28060401129475038e-01,-5.93088761337945414e-03,-5.93088708629950934e-03,-6.38380143802000724e-07,-6.38380087068946127e-07,-1.27676017413789225e-06,-1.91514031793989287e-06,-1.91514026120683859e-06
1.92337500000000006e+01,1.92337500000000006e+01,2.28017414354926812e-01,-5.92753453183902934e-03,-5.92753400545725090e-03,-6.37538328458217137e-07,-6.37538271843016057e-07,-1.27507654368603254e-06,-1.91261487214424957e-06,-1.91261481552904849e-06
1.92409999999999997e+01,1.92409999999999997e+01,2.27974451878763362e-01,-5.92418460860422158e-03,-5.92418408291573665e-03,-6.36697939823072733e-07,-6.36697883325040133e-07,-1.27339576665008005e-06,-1.91009370647315300e-06,-1.91009364997512029e-06
1.92482500000000023e+01,1.92482500000000023e+01,2.27931513678102049e-01,-5.92083783951125042e-03,-5.92083731451176123e-03,-6.35858974942302516e-07,-6.35858918560816355e-07,-1.27171783712163271e-06,-1.90757681206393523e-06,-1.90757675568244917e-06
1.92555000000000014e+01,1.92555000000000014e+01,2.27888599730090458e-01,-5.91749422039633544e-03,-5.91749369608918045e-03,-6.35021430868112504e-07,-6.35021374603371518e-07,-1.27004274920674304e-06,-1.90506418007485554e-06,-1.90506412381011455e-06
1.92627500000000005e+01,1.92627500000000005e+01,2.27845710011906316e-01,-5.91415374711345976e-03,-5.91415322349888532e-03,-6.34185304661066495e-07,-6.34185248512937382e-07,-1.26837049702587476e-06,-1.90255580168694126e-06,-1.90255574553881214e-06
1.92699999999999996e+01,1.92699999999999996e+01,2.27802844500757329e-01,-5.91081641552371195e-03,-5.91081589259878897e-03,-6.33350593388922242e-07,-6.33350537356931511e-07,-1.26670107471386302e-06,-1.90005166810278516e-06,-1.90005161207079464e-06
1.92772500000000022e+01,1.92772500000000022e+01,2.27760003173881204e-01,-5.90748222149173330e-03,-5.90748169925381372e-03,-6.32517294126231341e-07,-6.32517238209936840e-07,-1.26503447641987368e-06,-1.89755177054610502e-06,-1.89755171462981052e-06
1.92845000000000013e+01,1.92845000000000013e+01,2.27717186008545680e-01,-5.90415116088749414e-03,-5.90415063933588322e-03,-6.31685403954513925e-07,-6.31685348153683037e-07,-1.26337069630736607e-06,-1.89505610026188000e-06,-1.89505604446104901e-06
1.92917500000000004e+01,1.92917500000000004e+01,2.27674392982048363e-01,-5.90082322958807026e-03,-5.90082270872389382e-03,-6.30854919962428286e-07,-6.30854864277023743e-07,-1.26170972855404749e-06,-1.89256464851647577e-06,-1.89256459283107123e-06
1.92989999999999995e+01,1.92989999999999995e+01,2.27631624071716665e-01,-5.89749842348474829e-03,-5.89749790330371202e-03,-6.30025839246512559e-07,-6.30025783675918038e-07,-1.26005156735183608e-06,-1.89007740659834863e-06,-1.89007735102775411e-06
1.93062500000000021e+01,1.93062500000000021e+01,2.27588879254907811e-01,-5.89417673846703849e-03,-5.89417621896815274e-03,-6.29198158909457090e-07,-6.29198103453410010e-07,-1.25839620690682002e-06,-1.88759436581627711e-06,-1.88759431036023003e-06
1.93135000000000012e+01,1.93135000000000012e+01,2.27546158509008889e-01,-5.89085817043155657e-03,-5.89085765161697413e-03,-6.28371876061036278e-07,-6.28371820719610121e-07,-1.25674364143922045e-06,-1.88511551750025663e-06,-1.88511546215883047e-06
1.93207500000000003e+01,1.93207500000000003e+01,2.27503461811436575e-01,-5.88754271529090545e-03,-5.88754219715685416e-03,-6.27546987819037139e-07,-6.27546932591673391e-07,-1.25509386518334678e-06,-1.88264085300238381e-06,-1.88264079777502017e-06
1.93279999999999994e+01,1.93279999999999994e+01,2.27460789139637187e-01,-5.88423036895235896e-03,-5.88422985150137585e-03,-6.26723491306966700e-07,-6.26723436193780028e-07,-1.25344687238756006e-06,-1.88017036369452676e-06,-1.88017030858133998e-06
1.93352500000000020e+01,1.93352500000000020e+01,2.27418140471086716e-01,-5.88092112734805994e-03,-5.88092061057102124e-03,-6.25901383657252622e-07,-6.25901328657116368e-07,-1.25180265731423274e-06,-1.87770404097148546e-06,-1.87770398597134921e-06
1.93425000000000011e+01,1.93425000000000011e+01,2.27375515783290655e-01,-5.87761498639061131e-03,-5.87761447029315313e-03,-6.25080662006496321e-07,-6.25080607119855812e-07,-1.25016121423971162e-06,-1.87524187624620805e-06,-1.87524182135956744e-06
1.93497500000000002e+01,1.93497500000000002e+01,2.27332915053784057e-01,-5.87431194202281404e-03,-5.87431142660199863e-03,-6.24261323500748714e-07,-6.24261268727137128e-07,-1.24852253745427426e-06,-1.87278386095502286e-06,-1.87278380618141138e-06
1.93569999999999993e+01,1.93569999999999993e+01,2.27290338260131314e-01,-5.87101199018569275e-03,-5.87101147543863527e-03,-6.23443365292089260e-07,-6.23443310631046447e-07,-1.24688662126209289e-06,-1.87032998655418215e-06,-1.87032993189313945e-06
1.93642500000000020e+01,1.93642500000000020e+01,2.27247785379926348e-01,-5.86771512682204843e-03,-5.86771461275097973e-03,-6.22626784538987437e-07,-6.22626729990596830e-07,-1.24525345998119387e-06,-1.86788024452018141e-06,-1.86788018997179070e-06
1.93715000000000011e+01,1.93715000000000011e+01,2.27205256390792393e-01,-5.86442134789244562e-03,-5.86442083449377656e-03,-6.21811578407983148e-07,-6.21811523971710903e-07,-1.24362304794342181e-06,-1.86543462635140495e-06,-1.86543457191513281e-06
1.93787500000000001e+01,1.93787500000000001e+01,2.27162751270381935e-01,-5.86113064935567252e-03,-5.86113013662857302e-03,-6.20997744071592638e-07,-6.20997689747198411e-07,-1.24199537949439703e-06,-1.86299312356598967e-06,-1.86299306924159534e-06
1.93859999999999992e+01,1.93859999999999992e+01,2.27120269996376745e-01,-5.85784302717762273e-03,-5.85784251512371738e-03,-6.20185278709235477e-07,-6.20185224496739067e-07,-1.24037044899347813e-06,-1.86055572770271361e-06,-1.86055567349021720e-06
1.93932500000000019e+01,1.93932500000000019e+01,2.27077812546487817e-01,-5.85455847734017709e-03,-5.85455796595433457e-03,-6.19374179508155485e-07,-6.19374125406862007e-07,-1.23874825081372401e-06,-1.85812243032187961e-06,-1.85812237622058592e-06
1.94005000000000010e+01,1.94005000000000010e+01,2.27035378898455292e-01,-5.85127699581988736e-03,-5.85127648510232450e-03,-6.18564443661147409e-07,-6.18564389670928644e-07,-1.23712877934185750e-06,-1.85569322300300480e-06,-1.85569316901278614e-06
1.94077500000000001e+01,1.94077500000000001e+01,2.26992969030048425e-01,-5.84799857860573979e-03,-5.84799806855633517e-03,-6.17756068368418805e-07,-6.17756014489111169e-07,-1.23551202897822234e-06,-1.85326809734664114e-06,-1.85326804346733340e-06
1.94150000000000027e+01,1.94150000000000027e+01,2.26950582919065502e-01,-5.84472322169382608e-03,-5.84472271231175570e-03,-6.16949050837008124e-07,-6.16948997068373919e-07,-1.23389799413674784e-06,-1.85084704497375596e-06,-1.85084699120512176e-06
1.94222500000000018e+01,1.94222500000000018e+01,2.26908220543333844e-01,-5.84145092108911967e-03,-5.84145041237070419e-03,-6.16143388280955606e-07,-6.16143334622456648e-07,-1.23228666924491351e-06,-1.84843005752586901e-06,-1.84843000386737026e-06
1.94295000000000009e+01,1.94295000000000009e+01,2.26865881880709719e-01,-5.83818167279659406e-03,-5.83818116474200868e-03,-6.15339077920347186e-07,-6.15339024371852503e-07,-1.23067804874370501e-06,-1.84601712666405209e-06,-1.84601707311555751e-06
1.94367500000000000e+01,1.94367500000000000e+01,2.26823566909078289e-01,-5.83491547283010448e-03,-5.83491496544119494e-03,-6.14536116982235753e-07,-6.14536063543790660e-07,-1.22907212708758132e-06,-1.84360824406981697e-06,-1.84360819063137188e-06
1.94440000000000026e+01,1.94440000000000026e+01,2.26781275606353638e-01,-5.83165231721949340e-03,-5.83165181049047528e-03,-6.13734502701370865e-07,-6.13734449372217269e-07,-1.22746889874443454e-06,-1.84120340144580551e-06,-1.84120334811665181e-06
1.94512500000000017e+01,1.94512500000000017e+01,2.26739007950478605e-01,-5.82839220198927421e-03,-5.82839169591873457e-03,-6.12934232317936433e-07,-6.12934179097777766e-07,-1.22586835819555553e-06,-1.83880259051349207e-06,-1.83880253729333330e-06
1.94585000000000008e+01,1.94585000000000008e+01,2.26696763919424810e-01,-5.82513512317106574e-03,-5.82513461776151299e-03,-6.12135303078843715e-07,-6.12135249967795915e-07,-1.22427049993559162e-06,-1.83640580301443544e-06,-1.83640574990338764e-06
1.94657499999999999e+01,1.94657499999999999e+01,2.26654543491192628e-01,-5.82188107681247402e-03,-5.82188057206099469e-03,-6.11337712238647277e-07,-6.11337659236256757e-07,-1.22267531847251373e-06,-1.83401303071116100e-06,-1.83401297770877059e-06
1.94730000000000025e+01,1.94730000000000025e+01,2.26612346643811025e-01,-5.81863005896288144e-03,-5.81862955486599394e-03,-6.10541457058033143e-07,-6.10541404163787450e-07,-1.22108280832757469e-06,-1.83162426538560772e-06,-1.83162421249136224e-06
1.94802500000000016e+01,1.94802500000000016e+01,2.26570173355337690e-01,-5.81538206566989402e-03,-5.81538156223194470e-03,-6.09746534803431282e-07,-6.09746482017639793e-07,-1.21949296403527959e-06,-1.82923949883871097e-06,-1.82923944605291938e-06
1.94875000000000007e+01,1.94875000000000007e+01,2.26528023603858819e-01,-5.81213709300243409e-03,-5.81213659022088071e-03,-6.08952942749420435e-07,-6.08952890071670222e-07,-1.21790578014334023e-06,-1.82685872289276067e-06,-1.82685867021501045e-06
1.94947499999999998e+01,1.94947499999999998e+01,2.26485897367489170e-01,-5.80889513702587124e-03,-5.80889463490142678e-03,-6.08160678176102212e-07,-6.08160625606321700e-07,-1.21632125121264340e-06,-1.82448192938874561e-06,-1.82448187681896521e-06
1.95020000000000024e+01,1.95020000000000024e+01,2.26443794624371919e-01,-5.80565619382333864e-03,-5.80565569234878232e-03,-6.07369738371318407e-07,-6.07369685908606142e-07,-1.21473937181721228e-06,-1.82210911018853058e-06,-1.82210905772581832e-06
1.95092500000000015e+01,1.95092500000000015e+01,2.26401715352678723e-01,-5.80242025946908768e-03,-5.80241975864471266e-03,-6.06580120627844042e-07,-6.06580068272086204e-07,-1.21316013654417262e-06,-1.81974025717201666e-06,-1.81974020481625882e-06
1.95165000000000006e+01,1.95165000000000006e+01,2.26359659530609630e-01,-5.79918733004980425e-03,-5.79918682987752999e-03,-6.05791822245603098e-07,-6.05791769996855802e-07,-1.21158353999371160e-06,-1.81737536223931470e-06,-1.81737530999056741e-06
1.95237499999999997e+01,1.95237499999999997e+01,2.26317627136393001e-01,-5.79595740166460871e-03,-5.79595690214208380e-03,-6.05004840531649665e-07,-6.05004788389522853e-07,-1.21000957677904592e-06,-1.81501441731069558e-06,-1.81501436516856877e-06
1.95310000000000024e+01,1.95310000000000024e+01,2.26275618148285479e-01,-5.79273047041439781e-03,-5.79272997153974355e-03,-6.04219172799036839e-07,-6.04219120763190745e-07,-1.20843824152638149e-06,-1.81265741432541833e-06,-1.81265736228957234e-06
1.95382500000000014e+01,1.95382500000000014e+01,2.26233632544572016e-01,-5.78950653240362101e-03,-5.78950603417839344e-03,-6.03434816366987928e-07,-6.03434764437441398e-07,-1.20686952887488280e-06,-1.81030434524187072e-06,-1.81030429331232420e-06
1.95455000000000005e+01,1.95455000000000005e+01,2.26191670303565628e-01,-5.78628558375093860e-03,-5.78628508617240814e-03,-6.02651768561989864e-07,-6.02651716738315254e-07,-1.20530343347663051e-06,-1.80795520203862027e-06,-1.80795515021494566e-06
1.95527499999999996e+01,1.95527499999999996e+01,2.26149731403607640e-01,-5.78306762057501089e-03,-5.78306712364265018e-03,-6.01870026716295335e-07,-6.01869974998294967e-07,-1.20373994999658993e-06,-1.80560997671288527e-06,-1.80560992499488479e-06
1.95600000000000023e+01,1.95600000000000023e+01,2.26107815823067271e-01,-5.77985263900693269e-03,-5.77985214271644308e-03,-6.01089588169201798e-07,-6.01089536556286243e-07,-1.20217907311257249e-06,-1.80326866128177428e-06,-1.80326860966885884e-06
1.95672500000000014e+01,1.95672500000000014e+01,2.26065923540342023e-01,-5.77664063517424609e-03,-5.77664013952757828e-03,-6.00310450265371609e-07,-6.00310398757602065e-07,-1.20062079751520434e-06,-1.80093124778057595e-06,-1.80093119627280651e-06
1.95745000000000005e+01,1.95745000000000005e+01,2.26024054533857266e-01,-5.77343160521870402e-03,-5.77343111021628302e-03,-5.99532610356663512e-07,-5.99532558953942571e-07,-1.19906511790788493e-06,-1.79859772826454855e-06,-1.79859767686182750e-06
1.95817499999999995e+01,1.95817499999999995e+01,2.25982208782066346e-01,-5.77022554528916487e-03,-5.77022505092921606e-03,-5.98756065801376034e-07,-5.98756014503378117e-07,-1.19751202900675623e-06,-1.79626809480813227e-06,-1.79626804351013435e-06
1.95890000000000022e+01,1.95890000000000022e+01,2.25940386263450532e-01,-5.76702245154336879e-03,-5.76702195781945200e-03,-5.97980813964415405e-07,-5.97980762770331808e-07,-1.19596152554066362e-06,-1.79394233950507902e-06,-1.79394228831099532e-06
1.95962500000000013e+01,1.95962500000000013e+01,2.25898586956518960e-01,-5.76382232013017415e-03,-5.76382182704647441e-03,-5.97206852215438226e-07,-5.97206801125562869e-07,-1.19441360225112595e-06,-1.79162045446656417e-06,-1.79162040337668882e-06
1.96035000000000004e+01,1.96035000000000004e+01,2.25856810839808658e-01,-5.76062514721975560e-03,-5.76062465477615322e-03,-5.96434177931966859e-07,-5.96434126946147170e-07,-1.19286825389229455e-06,-1.78930243182426131e-06,-1.78930238083844162e-06
1.96107499999999995e+01,1.96107499999999995e+01,2.25815057891884274e-01,-5.75743092898939324e-03,-5.75743043718073694e-03,-5.95662788497897272e-07,-5.95662737615460496e-07,-1.19132547523092120e-06,-1.78698826372881837e-06,-1.78698821284638159e-06
1.96180000000000021e+01,1.96180000000000021e+01,2.25773328091338293e-01,-5.75423966161459077e-03,-5.75423917043883879e-03,-5.94892681302565290e-07,-5.94892630523161390e-07,-1.18978526104632236e-06,-1.78467794234888765e-06,-1.78467789156948375e-06
1.96252500000000012e+01,1.96252500000000012e+01,2.25731621416790873e-01,-5.75105134127262829e-03,-5.75105085073542629e-03,-5.94123853741099807e-07,-5.94123803065173686e-07,-1.18824760613034758e-06,-1.78237145987144739e-06,-1.78237140919552127e-06
1.96325000000000003e+01,1.96325000000000003e+01,2.25689937846889843e-01,-5.74786596416565487e-03,-5.74786547426180648e-03,-5.93356303216793103e-07,-5.93356252643669466e-07,-1.18671250528733893e-06,-1.78006880850413204e-06,-1.78006875793100840e-06
1.96397499999999994e+01,1.96397499999999994e+01,2.25648277360310484e-01,-5.74468352648693781e-03,-5.74468303721560863e-03,-5.92590027137595612e-07,-5.92589976667050311e-07,-1.18517995333410083e-06,-1.77776998047169645e-06,-1.77776993000115125e-06
1.96470000000000020e+01,1.96470000000000020e+01,2.25606639935755748e-01,-5.74150402444040253e-03,-5.74150353580077724e-03,-5.91825022918120208e-07,-5.91824972549931639e-07,-1.18364994509986328e-06,-1.77547496801798338e-06,-1.77547491764979492e-06
1.96542500000000011e+01,1.96542500000000011e+01,2.25565025551956094e-01,-5.73832745423707991e-03,-5.73832696622756083e-03,-5.91061287979259141e-07,-5.91061237713125443e-07,-1.18212247542625110e-06,-1.77318376340551013e-06,-1.77318371313937665e-06
1.96615000000000002e+01,1.96615000000000002e+01,2.25523434187669319e-01,-5.73515381209332986e-03,-5.73515332471249192e-03,-5.90298819747984557e-07,-5.90298769583622290e-07,-1.18059753916724416e-06,-1.77089635891522882e-06,-1.77089630875086634e-06
1.96687499999999993e+01,1.96687499999999993e+01,2.25481865821680755e-01,-5.73198309423084140e-03,-5.73198260747838015e-03,-5.89537615657332720e-07,-5.89537565594574173e-07,-1.17907513118914856e-06,-1.76861274684648128e-06,-1.76861269678372273e-06
1.96760000000000019e+01,1.96760000000000019e+01,2.25440320432802960e-01,-5.72881529688018531e-03,-5.72881481075429317e-03,-5.88777673146754902e-07,-5.88777623185278308e-07,-1.17755524637055683e-06,-1.76633291951731184e-06,-1.76633286955583514e-06
1.96832500000000010e+01,1.96832500000000010e+01,2.25398797999875999e-01,-5.72565041627193239e-03,-5.72564993077555751e-03,-5.88018989661188604e-07,-5.88018939801160935e-07,-1.17603787960232187e-06,-1.76405686926351058e-06,-1.76405681940348280e-06
1.96905000000000001e+01,1.96905000000000001e+01,2.25357298501767028e-01,-5.72248844865619333e-03,-5.72248796378372910e-03,-5.87261562653047560e-07,-5.87261512893757731e-07,-1.17452302578751546e-06,-1.76178458844056302e-06,-1.76178453868127309e-06
1.96977499999999992e+01,1.96977499999999992e+01,2.25315821917370485e-01,-5.71932939027419707e-03,-5.71932890602658891e-03,-5.86505389579288987e-07,-5.86505339920699200e-07,-1.17301067984139861e-06,-1.75951606942068760e-06,-1.75951601976209781e-06
1.97050000000000018e+01,1.97050000000000018e+01,2.25274368225608035e-01,-5.71617323738315974e-03,-5.71617275375813257e-03,-5.85750467903950558e-07,-5.85750418345692881e-07,-1.17150083669138597e-06,-1.75725130459533653e-06,-1.75725125503707886e-06
1.97122500000000009e+01,1.97122500000000009e+01,2.25232937405428435e-01,-5.71301998624029750e-03,-5.71301950323855560e-03,-5.84996795096495401e-07,-5.84996745638507897e-07,-1.16999349127701579e-06,-1.75499028637351130e-06,-1.75499023691552369e-06
1.97195000000000000e+01,1.97195000000000000e+01,2.25191529435807558e-01,-5.70986963311348461e-03,-5.70986915073423695e-03,-5.84244368632888366e-07,-5.84244319274956099e-07,-1.16848863854991220e-06,-1.75273300718280046e-06,-1.75273295782486840e-06
1.97267500000000027e+01,1.97267500000000027e+01,2.25150144295748256e-01,-5.70672217427947714e-03,-5.70672169251772946e-03,-5.83493185995398132e-07,-5.83493136736876616e-07,-1.16698627347375302e-06,-1.75047945946915115e-06,-1.75047941021062964e-06
1.97340000000000018e+01,1.97340000000000018e+01,2.25108781964280497e-01,-5.70357760601147845e-03,-5.70357712486775290e-03,-5.82743244671310249e-07,-5.82743195512120181e-07,-1.16548639102424036e-06,-1.74822963569555051e-06,-1.74822958653636054e-06
1.97412500000000009e+01,1.97412500000000009e+01,2.25067442420461117e-01,-5.70043592459335002e-03,-5.70043544406917228e-03,-5.81994542154366564e-07,-5.81994493094531026e-07,-1.16398898618906184e-06,-1.74598352834342851e-06,-1.74598347928359276e-06
1.97484999999999999e+01,1.97484999999999999e+01,2.25026125643373903e-01,-5.69729712631961149e-03,-5.69729664641299097e-03,-5.81247075944747221e-07,-5.81247026983930576e-07,-1.16249405396786115e-06,-1.74374112991260848e-06,-1.74374108095179173e-06
1.97557500000000026e+01,1.97557500000000026e+01,2.24984831612129482e-01,-5.69416120748833521e-03,-5.69416072819633415e-03,-5.80500843548331097e-07,-5.80500794686101675e-07,-1.16100158937220335e-06,-1.74150243292053434e-06,-1.74150238405830503e-06
1.97630000000000017e+01,1.97630000000000017e+01,2.24943560305865320e-01,-5.69102816439759351e-03,-5.69102768572244365e-03,-5.79755842476318975e-07,-5.79755793712772703e-07,-1.15951158742554541e-06,-1.73926742990186428e-06,-1.73926738113831811e-06
1.97702500000000008e+01,1.97702500000000008e+01,2.24902311703745722e-01,-5.68789799336144597e-03,-5.68789751530065883e-03,-5.79012070246847251e-07,-5.79012021581599364e-07,-1.15802404316319894e-06,-1.73703611341004619e-06,-1.73703606474479820e-06
1.97774999999999999e+01,1.97774999999999999e+01,2.24861085784961584e-01,-5.68477069069395213e-03,-5.68477021324640622e-03,-5.78269524383344794e-07,-5.78269475816149971e-07,-1.15653895163229994e-06,-1.73480847601564484e-06,-1.73480842744844981e-06
1.97847500000000025e+01,1.97847500000000025e+01,2.24819882528730641e-01,-5.68164625271627699e-03,-5.68164577588118648e-03,-5.77528202415240326e-07,-5.77528153945888185e-07,-1.15505630789177637e-06,-1.73258451030701670e-06,-1.73258446183766455e-06
1.97920000000000016e+01,1.97920000000000016e+01,2.24778701914297191e-01,-5.67852467575846731e-03,-5.67852419953256832e-03,-5.76788101878129815e-07,-5.76788053506158510e-07,-1.15357610701231702e-06,-1.73036420889044694e-06,-1.73036416051847564e-06
1.97992500000000007e+01,1.97992500000000007e+01,2.24737543920932148e-01,-5.67540595614879351e-03,-5.67540548053416510e-03,-5.76049220312676921e-07,-5.76049172038167874e-07,-1.15209834407633596e-06,-1.72814756438901278e-06,-1.72814751611450383e-06
1.98064999999999998e+01,1.98064999999999998e+01,2.24696408527933045e-01,-5.67229009022973685e-03,-5.67228961522563396e-03,-5.75311555266223207e-07,-5.75311507088971224e-07,-1.15062301417794266e-06,-1.72593456944416587e-06,-1.72593452126691388e-06
1.98137500000000024e+01,1.98137500000000024e+01,2.24655295714623782e-01,-5.66917707435266038e-03,-5.66917659995265326e-03,-5.74575104292230365e-07,-5.74575056211454271e-07,-1.14915011242290854e-06,-1.72372521671513901e-06,-1.72372516863436281e-06
1.98210000000000015e+01,1.98210000000000015e+01,2.24614205460354932e-01,-5.66606690485649267e-03,-5.66606643106692173e-03,-5.73839864948105675e-07,-5.73839816964319299e-07,-1.14767963392863902e-06,-1.72151949887674470e-06,-1.72151945089295822e-06
1.98282500000000006e+01,1.98282500000000006e+01,2.24573137744503382e-01,-5.66295957811036033e-03,-5.66295910492613762e-03,-5.73105834799507785e-07,-5.73105786912067490e-07,-1.14621157382413477e-06,-1.71931740862364266e-06,-1.71931736073620215e-06
1.98354999999999997e+01,1.98354999999999997e+01,2.24532092546472356e-01,-5.65985509047450819e-03,-5.65985461789398746e-03,-5.72373011416371697e-07,-5.72372963624982821e-07,-1.14474592724996543e-06,-1.71711893866633702e-06,-1.71711889087494836e-06
1.98427500000000023e+01,1.98427500000000023e+01,2.24491069845691477e-01,-5.65675343831628652e-03,-5.65675296634013565e-03,-5.71641392374515269e-07,-5.71641344679117672e-07,-1.14328268935823534e-06,-1.71492408173275072e-06,-1.71492403403735291e-06
1.98500000000000014e+01,1.98500000000000014e+01,2.24450069621616760e-01,-5.65365461801192737e-03,-5.65365414664022008e-03,-5.70910975255803644e-07,-5.70910927656277471e-07,-1.14182185531255473e-06,-1.71273283056835827e-06,-1.71273278296883231e-06
1.98572500000000005e+01,1.98572500000000005e+01,2.24409091853730314e-01,-5.65055862594476821e-03,-5.65055815517582528e-03,-5.70181757647953585e-07,-5.70181710144002056e-07,-1.14036342028800411e-06,-1.71054517793595770e-06,-1.71054513043200628e-06
1.98644999999999996e+01,1.98644999999999996e+01,2.24368136521540557e-01,-5.64746545850347559e-03,-5.64746498833447984e-03,-5.69453737144340566e-07,-5.69453689735552766e-07,-1.13890737947110574e-06,-1.70836111661544631e-06,-1.70836106920665840e-06
1.98717500000000022e+01,1.98717500000000022e+01,2.24327203604581998e-01,-5.64437511207849241e-03,-5.64437464250964246e-03,-5.68726911343625546e-07,-5.68726864029895278e-07,-1.13745372805979077e-06,-1.70618063940341642e-06,-1.70618059208968615e-06
1.98790000000000013e+01,1.98790000000000013e+01,2.24286293082415406e-01,-5.64128758307269607e-03,-5.64128711410069421e-03,-5.68001277850816515e-07,-5.68001230631685745e-07,-1.13600246126337128e-06,-1.70400373911418790e-06,-1.70400369189505702e-06
1.98862500000000004e+01,1.98862500000000004e+01,2.24245404934627468e-01,-5.63820286788541125e-03,-5.63820239951291595e-03,-5.67276834275641447e-07,-5.67276787151252264e-07,-1.13455357430250453e-06,-1.70183040857814587e-06,-1.70183036145375669e-06
1.98934999999999995e+01,1.98934999999999995e+01,2.24204539140831077e-01,-5.63512096293017350e-03,-5.63512049515749094e-03,-5.66553578234325163e-07,-5.66553531204582807e-07,-1.13310706240916561e-06,-1.69966064064349088e-06,-1.69966059361374832e-06
1.99007500000000022e+01,1.99007500000000022e+01,2.24163695680664965e-01,-5.63204186462940015e-03,-5.63204139745147620e-03,-5.65831507349035271e-07,-5.65831460413306584e-07,-1.13166292082661317e-06,-1.69749442817564833e-06,-1.69749438123991965e-06
1.99080000000000013e+01,1.99080000000000013e+01,2.24122874533793925e-01,-5.62896556940195580e-03,-5.62896510281780948e-03,-5.65110619246619656e-07,-5.65110572404681763e-07,-1.13022114480936331e-06,-1.69533176405598308e-06,-1.69533171721404508e-06
1.99152500000000003e+01,1.99152500000000003e+01,2.24082075679908649e-01,-5.62589207367736321e-03,-5.62589160768528235e-03,-5.64390911560020501e-07,-5.64390864811577469e-07,-1.12878172962315494e-06,-1.69317264118317544e-06,-1.69317259443473251e-06
1.99224999999999994e+01,1.99224999999999994e+01,2.24041299098725638e-01,-5.62282137388336878e-03,-5.62282090848853413e-03,-5.63672381927012312e-07,-5.63672335272459812e-07,-1.12734467054491941e-06,-1.69101705247193162e-06,-1.69101700581737933e-06
1.99297500000000021e+01,1.99297500000000021e+01,2.24000544769987320e-01,-5.61975346647081153e-03,-5.61975300166804147e-03,-5.62955027992681076e-07,-5.62954981431375892e-07,-1.12590996286275178e-06,-1.68886499085543286e-06,-1.68886494429412768e-06
1.99370000000000012e+01,1.99370000000000012e+01,2.23959812673461794e-01,-5.61668834788164872e-03,-5.61668788367010539e-03,-5.62238847406205328e-07,-5.62238800937940254e-07,-1.12447760187588051e-06,-1.68671644928208584e-06,-1.68671640281382066e-06
1.99442500000000003e+01,1.99442500000000003e+01,2.23919102788943031e-01,-5.61362601456849575e-03,-5.61362555094683992e-03,-5.61523837822799239e-07,-5.61523791447317414e-07,-1.12304758289463462e-06,-1.68457142071743396e-06,-1.68457137434195192e-06
1.99514999999999993e+01,1.99514999999999993e+01,2.23878415096250560e-01,-5.61056646298929707e-03,-5.61056599995615746e-03,-5.60809996903166180e-07,-5.60809950620207881e-07,-1.12161990124041576e-06,-1.68242989814358184e-06,-1.68242985186062375e-06
1.99587500000000020e+01,1.99587500000000020e+01,2.23837749575229672e-01,-5.60750968960554985e-03,-5.60750922716176260e-03,-5.60097322313306654e-07,-5.60097276122833235e-07,-1.12019455224566647e-06,-1.68029187455897312e-06,-1.68029182836849981e-06
1.99660000000000011e+01,1.99660000000000011e+01,2.23797106205751273e-01,-5.60445569089118578e-03,-5.60445522903313745e-03,-5.59385811725392749e-07,-5.59385765626921508e-07,-1.11877153125384302e-06,-1.67815734297923566e-06,-1.67815729688076452e-06
1.99732500000000002e+01,1.99732500000000002e+01,2.23756484967711777e-01,-5.60140446331658381e-03,-5.60140400204553034e-03,-5.58675462816155817e-07,-5.58675416809690671e-07,-1.11735083361938113e-06,-1.67602629643553695e-06,-1.67602625042907180e-06
1.99804999999999993e+01,1.99804999999999993e+01,2.23715885841033191e-01,-5.59835600336278105e-03,-5.59835554267994282e-03,-5.57966273268293602e-07,-5.57966227353834658e-07,-1.11593245470766932e-06,-1.67389872797596292e-06,-1.67389868206150397e-06
1.99877500000000019e+01,1.99877500000000019e+01,2.23675308805662998e-01,-5.59531030752324909e-03,-5.59530984742312096e-03,-5.57258240770630863e-07,-5.57258194947508646e-07,-1.11451638989501750e-06,-1.67177463066564837e-06,-1.67177458484252625e-06
1.99950000000000010e+01,1.99950000000000010e+01,2.23634753841574108e-01,-5.59226737228435411e-03,-5.59226691276754409e-03,-5.56551363016159971e-07,-5.56551317284314553e-07,-1.11310263456862932e-06,-1.66965399758478918e-06,-1.66965395185294377e-06
2.00022500000000001e+01,2.00022500000000001e+01,2.23594220928764881e-01,-5.58922719414489677e-03,-5.58922673521141094e-03,-5.55845637703973311e-07,-5.55845592063285050e-07,-1.11169118412657010e-06,-1.66753682183054352e-06,-1.66753677618985515e-06
2.00095000000000027e+01,2.00095000000000027e+01,2.23553710047258991e-01,-5.58618976961255953e-03,-5.58618931125862660e-03,-5.55141062538894929e-07,-5.55141016988868839e-07,-1.11028203397773789e-06,-1.66542309651663282e-06,-1.66542305096660662e-06
2.00167500000000018e+01,2.00167500000000018e+01,2.23513221177105509e-01,-5.58315509518969577e-03,-5.58315463741879906e-03,-5.54437635230055397e-07,-5.54437589770918166e-07,-1.10887517954183654e-06,-1.66331281477189194e-06,-1.66331276931275471e-06
2.00240000000000009e+01,2.00240000000000009e+01,2.23472754298378734e-01,-5.58012316739819880e-03,-5.58012271020721928e-03,-5.53735353493348740e-07,-5.53735308124671240e-07,-1.10747061624934248e-06,-1.66120596974269122e-06,-1.66120592437401372e-06
2.00312500000000000e+01,2.00312500000000000e+01,2.23432309391178252e-01,-5.57709398275640922e-03,-5.57709352614485510e-03,-5.53034215049125118e-07,-5.53034169770739424e-07,-1.10606833954147864e-06,-1.65910255459060375e-06,-1.65910250931221806e-06
2.00385000000000026e+01,2.00385000000000026e+01,2.23391886435628739e-01,-5.57406753779510211e-03,-5.57406708175833300e-03,-5.52334217623763553e-07,-5.52334172435091142e-07,-1.10466834487018228e-06,-1.65700256249394573e-06,-1.65700251730527332e-06
2.00457500000000017e+01,2.00457500000000017e+01,2.23351485411880241e-01,-5.57104382903617079e-03,-5.57104337357994164e-03,-5.51635358947547784e-07,-5.51635313849040548e-07,-1.10327062769808110e-06,-1.65490598664562877e-06,-1.65490594154712175e-06
2.00530000000000008e+01,2.00530000000000008e+01,2.23311106300107726e-01,-5.56802285303170663e-03,-5.56802239814760142e-03,-5.50937636758521852e-07,-5.50937591749228573e-07,-1.10187518349845715e-06,-1.65281282025697900e-06,-1.65281277524768572e-06
2.00602499999999999e+01,2.00602499999999999e+01,2.23270749080511310e-01,-5.56500460631248473e-03,-5.56500415200486803e-03,-5.50241048797377096e-07,-5.50241003877612128e-07,-1.10048200775522404e-06,-1.65072305655260125e-06,-1.65072301163283617e-06
2.00675000000000026e+01,2.00675000000000026e+01,2.23230413733316202e-01,-5.56198908543237280e-03,-5.56198863170091415e-03,-5.49545592811834485e-07,-5.49545547981447482e-07,-1.09909109596289496e-06,-1.64863668877472945e-06,-1.64863664394434244e-06
2.00747500000000016e+01,2.00747500000000016e+01,2.23190100238772532e-01,-5.55897628694879131e-03,-5.55897583379052086e-03,-5.48851266554697400e-07,-5.48851221813277761e-07,-1.09770244362655552e-06,-1.64655371018125282e-06,-1.64655366543983328e-06
2.00820000000000007e+01,2.00820000000000007e+01,2.23149808577155440e-01,-5.55596620742271341e-03,-5.55596575483406629e-03,-5.48158067783837760e-07,-5.48158023130917076e-07,-1.09631604626183415e-06,-1.64447411404567202e-06,-1.64447406939275133e-06
2.00892499999999998e+01,2.00892499999999998e+01,2.23109538728764933e-01,-5.55295884341155954e-03,-5.55295839139751182e-03,-5.47465994261483880e-07,-5.47465949697436646e-07,-1.09493189939487329e-06,-1.64239789365635717e-06,-1.64239784909230994e-06
2.00965000000000025e+01,2.00965000000000025e+01,2.23069290673925946e-01,-5.54995419149761915e-03,-5.54995374005239506e-03,-5.46775043757010069e-07,-5.46774999281150717e-07,-1.09354999856230165e-06,-1.64032504231931171e-06,-1.64032499784345226e-06
2.01037500000000016e+01,2.01037500000000016e+01,2.23029064392988224e-01,-5.54695224825252353e-03,-5.54695179737581777e-03,-5.46085214043420700e-07,-5.46085169655603541e-07,-1.09217033931120729e-06,-1.63825555335462799e-06,-1.63825550896681084e-06
2.01110000000000007e+01,2.01110000000000007e+01,2.22988859866326300e-01,-5.54395301025500942e-03,-5.54395255995043280e-03,-5.45396502899088221e-07,-5.45396458599552965e-07,-1.09079291719910593e-06,-1.63618942009819426e-06,-1.63618937579865889e-06
2.01182499999999997e+01,2.01182499999999997e+01,2.22948677074339519e-01,-5.54095647410335346e-03,-5.54095602436443374e-03,-5.44708908108963239e-07,-5.44708863896958145e-07,-1.08941772779391608e-06,-1.63412663590287942e-06,-1.63412659169087412e-06
2.01255000000000024e+01,2.01255000000000024e+01,2.22908515997451789e-01,-5.53796263638517416e-03,-5.53796218721154185e-03,-5.44022427461589691e-07,-5.44022383336963774e-07,-1.08804476667392776e-06,-1.63206719413551745e-06,-1.63206715001089164e-06
2.01327500000000015e+01,2.01327500000000015e+01,2.22868376616111946e-01,-5.53497149369697183e-03,-5.53497104509100696e-03,-5.43337058751017013e-07,-5.43337014713889388e-07,-1.08667402942777878e-06,-1.63001108817879579e-06,-1.63001104414166827e-06
2.01400000000000006e+01,2.01400000000000006e+01,2.22828258910793192e-01,-5.53198304264945762e-03,-5.53198259460757624e-03,-5.42652799777306354e-07,-5.42652755827211152e-07,-1.08530551165442252e-06,-1.62795831143172887e-06,-1.62795826748163377e-06
2.01472499999999997e+01,2.01472499999999997e+01,2.22788162861993544e-01,-5.52899727984623723e-03,-5.52899683237150375e-03,-5.41969648344427494e-07,-5.41969604481551169e-07,-1.08393920896310234e-06,-1.62590885730752994e-06,-1.62590881344465340e-06
2.01545000000000023e+01,2.01545000000000023e+01,2.22748088450235388e-01,-5.52601420191578541e-03,-5.52601375499852006e-03,-5.41287602263381012e-07,-5.41287558486661278e-07,-1.08257511697332256e-06,-1.62386271923670357e-06,-1.62386267545998384e-06
2.01617500000000014e+01,2.01617500000000014e+01,2.22708035656065784e-01,-5.52303380546348421e-03,-5.52303335910984353e-03,-5.40606659347485180e-07,-5.40606615657412047e-07,-1.08121323131482388e-06,-1.62181989066230906e-06,-1.62181984697223593e-06
2.01690000000000005e+01,2.01690000000000005e+01,2.22668004460056190e-01,-5.52005608712136109e-03,-5.52005564133214825e-03,-5.39926817417237299e-07,-5.39926773813776143e-07,-1.07985354762755207e-06,-1.61978036504478937e-06,-1.61978032144132811e-06
2.01762499999999996e+01,2.01762499999999996e+01,2.22627994842802518e-01,-5.51708104352677253e-03,-5.51708059829756573e-03,-5.39248074298210300e-07,-5.39248030780815738e-07,-1.07849606156163148e-06,-1.61774413585984167e-06,-1.61774409234244721e-06
2.01835000000000022e+01,2.01835000000000022e+01,2.22588006784925047e-01,-5.51410867131352234e-03,-5.51410822664367018e-03,-5.38570427820173213e-07,-5.38570384388669275e-07,-1.07714076877733855e-06,-1.61571119659751187e-06,-1.61571115316600782e-06
2.01907500000000013e+01,2.01907500000000013e+01,2.22548040267068453e-01,-5.51113896712607243e-03,-5.51113852301346983e-03,-5.37893875818468226e-07,-5.37893832472537273e-07,-1.07578766494507497e-06,-1.61368154076354330e-06,-1.61368149741761224e-06
2.01980000000000004e+01,2.01980000000000004e+01,2.22508095269901729e-01,-5.50817192760888474e-03,-5.50817148405539480e-03,-5.37218416132956975e-07,-5.37218372872669100e-07,-1.07443674574533799e-06,-1.61165516187829486e-06,-1.61165511861800709e-06
2.02052499999999995e+01,2.02052499999999995e+01,2.22468171774118123e-01,-5.50520754941885571e-03,-5.50520710642328406e-03,-5.36544046609221007e-07,-5.36544003434348041e-07,-1.07308800686869629e-06,-1.60963205347791730e-06,-1.60963201030304433e-06
2.02125000000000021e+01,2.02125000000000021e+01,2.22428269760435116e-01,-5.50224582921643446e-03,-5.50224538677637851e-03,-5.35870765097683084e-07,-5.35870722007879648e-07,-1.07174144401575909e-06,-1.60761220911344206e-06,-1.60761216602363873e-06
2.02197500000000012e+01,2.02197500000000012e+01,2.22388389209594473e-01,-5.49928676366562286e-03,-5.49928632177931146e-03,-5.35198569453594797e-07,-5.35198526448577665e-07,-1.07039705289715533e-06,-1.60559562235075013e-06,-1.60559557934573310e-06
2.02270000000000003e+01,2.02270000000000003e+01,2.22348530102361969e-01,-5.49633034943575183e-03,-5.49632990810209037e-03,-5.34527457537197291e-07,-5.34527414616749411e-07,-1.06905482923349882e-06,-1.60358228677069611e-06,-1.60358224385024813e-06
2.02342499999999994e+01,2.02342499999999994e+01,2.22308692419527665e-01,-5.49337658319792865e-03,-5.49337614242009602e-03,-5.33857427213363603e-07,-5.33857384377683922e-07,-1.06771476875536806e-06,-1.60157219596873176e-06,-1.60157215313305208e-06
2.02415000000000020e+01,2.02415000000000020e+01,2.22268876141905575e-01,-5.49042546164280054e-03,-5.49042502141406426e-03,-5.33188476353313062e-07,-5.33188433601637343e-07,-1.06637686720327448e-06,-1.59956534355658754e-06,-1.59956530080491192e-06
2.02487500000000011e+01,2.02487500000000011e+01,2.22229081250333860e-01,-5.48747698144502749e-03,-5.48747654177008087e-03,-5.32520602831146705e-07,-5.32520560163821069e-07,-1.06504112032764214e-06,-1.59756172315878895e-06,-1.59756168049146321e-06
2.02560000000000002e+01,2.02560000000000002e+01,2.22189307725674634e-01,-5.48453113930236213e-03,-5.48453070017956758e-03,-5.31853804527630980e-07,-5.31853761944386705e-07,-1.06370752388877362e-06,-1.59556132841640471e-06,-1.59556128583316033e-06
2.02632499999999993e+01,2.02632499999999993e+01,2.22149555548813965e-01,-5.48158793191433347e-03,-5.48158749333927092e-03,-5.31188079328114253e-07,-5.31188036828413790e-07,-1.06237607365682800e-06,-1.59356415298494226e-06,-1.59356411048524179e-06
2.02705000000000020e+01,2.02705000000000020e+01,2.22109824700661845e-01,-5.47864735597869412e-03,-5.47864691795125515e-03,-5.30523425122172537e-07,-5.30523382705896666e-07,-1.06104676541179333e-06,-1.59157019053396597e-06,-1.59157014811769000e-06
2.02777500000000011e+01,2.02777500000000011e+01,2.22070115162152276e-01,-5.47570940820207852e-03,-5.47570897072289283e-03,-5.29859839804629955e-07,-5.29859797471731349e-07,-1.05971959494346270e-06,-1.58957943474809265e-06,-1.58957939241519415e-06
2.02850000000000001e+01,2.02850000000000001e+01,2.22030426914242934e-01,-5.47277408529822651e-03,-5.47277364836684568e-03,-5.29197321275374617e-07,-5.29197279025701445e-07,-1.05839455805140310e-06,-1.58759187932677782e-06,-1.58759183707710455e-06
2.02922499999999992e+01,2.02922499999999992e+01,2.21990759937915449e-01,-5.46984138398443065e-03,-5.46984094760106544e-03,-5.28535867439001595e-07,-5.28535825272466189e-07,-1.05707165054493259e-06,-1.58560751798393419e-06,-1.58560747581739889e-06
2.02995000000000019e+01,2.02995000000000019e+01,2.21951114214175127e-01,-5.46691130099041800e-03,-5.46691086514877484e-03,-5.27875476205659957e-07,-5.27875434121546574e-07,-1.05575086824309336e-06,-1.58362634444875321e-06,-1.58362630236463993e-06
2.03067500000000010e+01,2.03067500000000010e+01,2.21911489724051086e-01,-5.46398383303525748e-03,-5.46398339773846321e-03,-5.27216145488810244e-07,-5.27216103487313702e-07,-1.05443220697462740e-06,-1.58164835246343765e-06,-1.58164831046194121e-06
2.03140000000000001e+01,2.03140000000000001e+01,2.21871886448596123e-01,-5.46105897685400521e-03,-5.46105854210387261e-03,-5.26557873207785690e-07,-5.26557831288973540e-07,-1.05311566257794708e-06,-1.57967353578573288e-06,-1.57967349386692062e-06
2.03212500000000027e+01,2.03212500000000027e+01,2.21832304368886679e-01,-5.45813672919415183e-03,-5.45813629498398574e-03,-5.25900657287435832e-07,-5.25900615450555696e-07,-1.05180123090111139e-06,-1.57770188818854722e-06,-1.57770184635166719e-06
2.03285000000000018e+01,2.03285000000000018e+01,2.21792743466022818e-01,-5.45521708679075346e-03,-5.45521665312302412e-03,-5.25244495655717120e-07,-5.25244453900900818e-07,-1.05048890780180164e-06,-1.57573340345751865e-06,-1.57573336170270256e-06
2.03357500000000009e+01,2.03357500000000009e+01,2.21753203721128223e-01,-5.45230004639662980e-03,-5.45229961327042822e-03,-5.24589386246592742e-07,-5.24589344573646198e-07,-1.04917868914729240e-06,-1.57376807539388514e-06,-1.57376803372093859e-06
2.03430000000000000e+01,2.03430000000000000e+01,2.21713685115350057e-01,-5.44938560476637690e-03,-5.44938517218084961e-03,-5.23935326998478525e-07,-5.23935285407213698e-07,-1.04787057081442761e-06,-1.57180589781290603e-06,-1.57180585622164141e-06
2.03502500000000026e+01,2.03502500000000026e+01,2.21674187629859076e-01,-5.44647375866169625e-03,-5.44647332661414574e-03,-5.23282315854745650e-07,-5.23282274344797574e-07,-1.04656454868959515e-06,-1.56984686454434080e-06,-1.56984682303439283e-06
2.03575000000000017e+01,2.03575000000000017e+01,2.21634711245849464e-01,-5.44356450484428933e-03,-5.44356407333536612e-03,-5.22630350763025240e-07,-5.22630309334351034e-07,-1.04526061866870228e-06,-1.56789096943172762e-06,-1.56789092800305331e-06
2.03647500000000008e+01,2.03647500000000008e+01,2.21595255944538827e-01,-5.44065784008651576e-03,-5.44065740911474013e-03,-5.21979429676220984e-07,-5.21979388328573632e-07,-1.04395877665714748e-06,-1.56593820633336846e-06,-1.56593816498572111e-06
2.03719999999999999e+01,2.03719999999999999e+01,2.21555821707168199e-01,-5.43775376116428788e-03,-5.43775333072767011e-03,-5.21329550551814998e-07,-5.21329509284898780e-07,-1.04265901856979756e-06,-1.56398856912161245e-06,-1.56398852785469623e-06
2.03792500000000025e+01,2.03792500000000025e+01,2.21516408515001928e-01,-5.43485226485529438e-03,-5.43485183495471830e-03,-5.20680711351684969e-07,-5.20680670165480297e-07,-1.04136134033096059e-06,-1.56204205168264567e-06,-1.56204201049644089e-06
2.03865000000000016e+01,2.03865000000000016e+01,2.21477016349327788e-01,-5.43195334794610574e-03,-5.43195291858160432e-03,-5.20032910042776487e-07,-5.20032868937182035e-07,-1.04006573787436428e-06,-1.56009864791714077e-06,-1.56009860681154642e-06
2.03937500000000007e+01,2.03937500000000007e+01,2.21437645191456728e-01,-5.42905700723039786e-03,-5.42905657839918426e-03,-5.19386144596917865e-07,-5.19386103571562949e-07,-1.03877220714312569e-06,-1.55815835174004355e-06,-1.55815831071468864e-06
2.04009999999999998e+01,2.04009999999999998e+01,2.21398295022722957e-01,-5.42616323950007029e-03,-5.42616281120344469e-03,-5.18740412989959656e-07,-5.18740372044864818e-07,-1.03748074408972985e-06,-1.55622115707968950e-06,-1.55622111613459477e-06
2.04082500000000024e+01,2.04082500000000024e+01,2.21358965824483944e-01,-5.42327204156123344e-03,-5.42327161379549741e-03,-5.18095713203293281e-07,-5.18095672338001547e-07,-1.03619134467600309e-06,-1.55428705787929648e-06,-1.55428701701400475e-06
2.04155000000000015e+01,2.04155000000000015e+01,2.21319657578120332e-01,-5.42038341021466863e-03,-5.42038298298156557e-03,-5.17452043221970613e-07,-5.17452002436545509e-07,-1.03490400487309081e-06,-1.55235604809506142e-06,-1.55235600730963621e-06
2.04227500000000006e+01,2.04227500000000006e+01,2.21280370265035831e-01,-5.41749734227714441e-03,-5.41749691557297155e-03,-5.16809401036729550e-07,-5.16809360330714526e-07,-1.03361872066142926e-06,-1.55042812169815871e-06,-1.55042808099214390e-06
2.04299999999999997e+01,2.04299999999999997e+01,2.21241103866657324e-01,-5.41461383456010026e-03,-5.41461340838613175e-03,-5.16167784641946740e-07,-5.16167744015361066e-07,-1.03233548803072192e-06,-1.54850327267266877e-06,-1.54850323204608299e-06
2.04372500000000024e+01,2.04372500000000024e+01,2.21201858364434706e-01,-5.41173288388918650e-03,-5.41173245824253923e-03,-5.15527192037491627e-07,-5.15527151489958055e-07,-1.03105430297991611e-06,-1.54658149501740784e-06,-1.54658145446987417e-06
2.04445000000000014e+01,2.04445000000000014e+01,2.21162633739840936e-01,-5.40885448708472438e-03,-5.40885406196876719e-03,-5.14887621226851649e-07,-5.14887580758589032e-07,-1.02977516151717806e-06,-1.54466278274402961e-06,-1.54466274227576720e-06
2.04517500000000005e+01,2.04517500000000005e+01,2.21123429974371982e-01,-5.40597864098657510e-03,-5.40597821639644469e-03,-5.14249070219490063e-07,-5.14249029829933536e-07,-1.02849805965986686e-06,-1.54274712987935682e-06,-1.54274708948980029e-06
2.04589999999999996e+01,2.04589999999999996e+01,2.21084247049546656e-01,-5.40310534242749441e-03,-5.40310491836225315e-03,-5.13611537028296798e-07,-5.13611496717255885e-07,-1.02722299343451177e-06,-1.54083453046280846e-06,-1.54083449015176765e-06
2.04662500000000023e+01,2.04662500000000023e+01,2.21045084946906778e-01,-5.40023458824734348e-03,-5.40023416470791513e-03,-5.12975019670931531e-07,-5.12974979438392995e-07,-1.02594995887678599e-06,-1.53892497854771752e-06,-1.53892493831517909e-06
2.04735000000000014e+01,2.04735000000000014e+01,2.21005943648017095e-01,-5.39736637529308894e-03,-5.39736595228019339e-03,-5.12339516169811933e-07,-5.12339476015742847e-07,-1.02467895203148591e-06,-1.53701846820129773e-06,-1.53701842804722865e-06
2.04807500000000005e+01,2.04807500000000005e+01,2.20966823134465057e-01,-5.39450070042057916e-03,-5.39450027793086321e-03,-5.11705024552269845e-07,-5.11704984476251246e-07,-1.02340996895250270e-06,-1.53511499350477255e-06,-1.53511495342875395e-06
2.04879999999999995e+01,2.04879999999999995e+01,2.20927723387861014e-01,-5.39163756048210985e-03,-5.39163713851671753e-03,-5.11071542849360241e-07,-5.11071502851400069e-07,-1.02214300570280014e-06,-1.53321454855216027e-06,-1.53321450855420021e-06
2.04952500000000022e+01,2.04952500000000022e+01,2.20888644389838046e-01,-5.38877695234418752e-03,-5.38877653089955052e-03,-5.10439069097535494e-07,-5.10439029177195516e-07,-1.02087805835439082e-06,-1.53131712745192642e-06,-1.53131708753158633e-06
2.05025000000000013e+01,2.05025000000000013e+01,2.20849586122052022e-01,-5.38591887286798965e-03,-5.38591845194615320e-03,-5.09807601336782752e-07,-5.09807561494156669e-07,-1.01961512298831334e-06,-1.52942272432509609e-06,-1.52942268448247001e-06
2.05097500000000004e+01,2.05097500000000004e+01,2.20810548566181458e-01,-5.38306331893068091e-03,-5.38306289852829613e-03,-5.09177137612630980e-07,-5.09177097847302160e-07,-1.01835419569460432e-06,-1.52753133330723519e-06,-1.52753129354190637e-06
2.05169999999999995e+01,2.05169999999999995e+01,2.20771531703927548e-01,-5.38021028740409690e-03,-5.38020986752272678e-03,-5.08547675974122427e-07,-5.08547636286139256e-07,-1.01709527257227851e-06,-1.52564294854640083e-06,-1.52564290885841777e-06
2.05242500000000021e+01,2.05242500000000021e+01,2.20732535517014078e-01,-5.37735977517783681e-03,-5.37735935581115133e-03,-5.07919214475985895e-07,-5.07919174864651265e-07,-1.01583834972930274e-06,-1.52375756420528853e-06,-1.52375752459395411e-06
2.05315000000000012e+01,2.05315000000000012e+01,2.20693559987187482e-01,-5.37451177912551259e-03,-5.37451136028023902e-03,-5.07291751175436866e-07,-5.07291711641287266e-07,-1.01458342328257474e-06,-1.52187517445801161e-06,-1.52187513492386201e-06
2.05387500000000003e+01,2.05387500000000003e+01,2.20654605096216760e-01,-5.37166629614738156e-03,-5.37166587782159956e-03,-5.06665284136193067e-07,-5.06665244678948341e-07,-1.01333048935789668e-06,-1.51999577349408964e-06,-1.51999573403684492e-06
2.05459999999999994e+01,2.05459999999999994e+01,2.20615670825893340e-01,-5.36882332314370103e-03,-5.36882290533177622e-03,-5.06039811425945870e-07,-5.06039772044976355e-07,-1.01207954408995271e-06,-1.51811935551589847e-06,-1.51811931613492906e-06
2.05532500000000020e+01,2.05532500000000020e+01,2.20576757158031156e-01,-5.36598285700762290e-03,-5.36598243971223889e-03,-5.05415331115682029e-07,-5.05415291811142626e-07,-1.01083058362228525e-06,-1.51624591473796717e-06,-1.51624587543342788e-06
2.05605000000000011e+01,2.05605000000000011e+01,2.20537864074466711e-01,-5.36314489465006261e-03,-5.36314447786937799e-03,-5.04791841282017360e-07,-5.04791802053636807e-07,-1.00958360410727361e-06,-1.51437544538929087e-06,-1.51437540616091042e-06
2.05677500000000002e+01,2.05677500000000002e+01,2.20498991557058738e-01,-5.36030943298193563e-03,-5.36030901671448630e-03,-5.04169340005510832e-07,-5.04169300853053653e-07,-1.00833860170610731e-06,-1.51250794171161803e-06,-1.51250790255916096e-06
2.05749999999999993e+01,2.05749999999999993e+01,2.20460139587688481e-01,-5.35747646891948648e-03,-5.35747605316375455e-03,-5.03547825371156051e-07,-5.03547786294382431e-07,-1.00709557258876507e-06,-1.51064339795992102e-06,-1.51064335888314740e-06
2.05822500000000019e+01,2.05822500000000019e+01,2.20421308148259415e-01,-5.35464599938073604e-03,-5.35464558413825936e-03,-5.02927295468037054e-07,-5.02927256466994638e-07,-1.00585451293398949e-06,-1.50878180840202654e-06,-1.50878176940098423e-06
2.05895000000000010e+01,2.05895000000000010e+01,2.20382497220697471e-01,-5.35181802129436335e-03,-5.35181760656396402e-03,-5.02307748390153103e-07,-5.02307709464634262e-07,-1.00461541892926852e-06,-1.50692316731942163e-06,-1.50692312839390289e-06
2.05967500000000001e+01,2.05967500000000001e+01,2.20343706786950672e-01,-5.34899253159082377e-03,-5.34899211737168909e-03,-5.01689182235571336e-07,-5.01689143385403276e-07,-1.00337828677080655e-06,-1.50506746900637799e-06,-1.50506743015620983e-06
2.06040000000000028e+01,2.06040000000000028e+01,2.20304936828989384e-01,-5.34616952720945449e-03,-5.34616911349712100e-03,-5.01071595107084170e-07,-5.01071556331752000e-07,-1.00214311266350379e-06,-1.50321470777058796e-06,-1.50321466899525579e-06
2.06112500000000018e+01,2.06112500000000018e+01,2.20266187328806151e-01,-5.34334900508248722e-03,-5.34334859188079648e-03,-5.00454985110700419e-07,-5.00454946410468414e-07,-1.00090989282093662e-06,-1.50136487793163703e-06,-1.50136483923140492e-06
2.06185000000000009e+01,2.06185000000000009e+01,2.20227458268415693e-01,-5.34053096215991729e-03,-5.34053054946809127e-03,-4.99839350357965314e-07,-4.99839311732664702e-07,-9.99678623465329193e-07,-1.49951797382329451e-06,-1.49951793519799390e-06
2.06257500000000000e+01,2.06257500000000000e+01,2.20188749629854852e-01,-5.33771539539174000e-03,-5.33771498320921318e-03,-4.99224688964284970e-07,-4.99224650413766886e-07,-9.98449300827533983e-07,-1.49767398979181895e-06,-1.49767395124130076e-06
2.06330000000000027e+01,2.06330000000000027e+01,2.20150061395182478e-01,-5.33490230173860880e-03,-5.33490189005918821e-03,-4.98610999049913177e-07,-4.98610960573503381e-07,-9.97221921147006762e-07,-1.49583292019692005e-06,-1.49583288172051025e-06
2.06402500000000018e+01,2.06402500000000018e+01,2.20111393546479656e-01,-5.33209167815051899e-03,-5.33209126697786230e-03,-4.97998278737949013e-07,-4.97998240335894416e-07,-9.95996480671789045e-07,-1.49399475940973795e-06,-1.49399472100768346e-06
2.06475000000000009e+01,2.06475000000000009e+01,2.20072746065849312e-01,-5.32928352159700580e-03,-5.32928311092987789e-03,-4.97386526157148573e-07,-4.97386487829239218e-07,-9.94772975658478224e-07,-1.49215950181562690e-06,-1.49215946348771744e-06
2.06547499999999999e+01,2.06547499999999999e+01,2.20034118935416495e-01,-5.32647782904582812e-03,-5.32647741888467568e-03,-4.96775739439922794e-07,-4.96775701186105528e-07,-9.93551402372211056e-07,-1.49032714181213396e-06,-1.49032710355831658e-06
2.06620000000000026e+01,2.06620000000000026e+01,2.19995512137328125e-01,-5.32367459747717930e-03,-5.32367418781647724e-03,-4.96165916723653212e-07,-4.96165878543318489e-07,-9.92331757086636978e-07,-1.48849767381029008e-06,-1.48849763562995557e-06
2.06692500000000017e+01,2.06692500000000017e+01,2.19956925653753077e-01,-5.32087382386414731e-03,-5.32087341470428420e-03,-4.95557056148859621e-07,-4.95557018041950055e-07,-9.91114036083900111e-07,-1.48667109223275984e-06,-1.48667105412585017e-06
2.06765000000000008e+01,2.06765000000000008e+01,2.19918359466882124e-01,-5.31807550518514915e-03,-5.31807509653186260e-03,-4.94949155860350238e-07,-4.94949117827306286e-07,-9.89898235654612572e-07,-1.48484739151496281e-06,-1.48484735348191886e-06
2.06837499999999999e+01,2.06837499999999999e+01,2.19879813558927883e-01,-5.31527963843991813e-03,-5.31527923028773507e-03,-4.94342214008698607e-07,-4.94342176048917076e-07,-9.88684352097834364e-07,-1.48302656610653308e-06,-1.48302652814675155e-06
2.06910000000000025e+01,2.06910000000000025e+01,2.19841287912124733e-01,-5.31248622061752940e-03,-5.31248581296517135e-03,-4.93736228747256438e-07,-4.93736190860525146e-07,-9.87472381721050291e-07,-1.48120861046830673e-06,-1.48120857258157544e-06
2.06982500000000016e+01,2.06982500000000016e+01,2.19802782508728922e-01,-5.30969524871593990e-03,-5.30969484156218301e-03,-4.93131198233963074e-07,-4.93131160420075344e-07,-9.86262320840150689e-07,-1.47939351907411376e-06,-1.47939348126022603e-06
2.07055000000000007e+01,2.07055000000000007e+01,2.19764297331018377e-01,-5.30690671973665928e-03,-5.30690631308150876e-03,-4.92527120630838970e-07,-4.92527082889702583e-07,-9.85054165779405377e-07,-1.47758128641024445e-06,-1.47758124866910796e-06
2.07127499999999998e+01,2.07127499999999998e+01,2.19725832361292756e-01,-5.30412063068652628e-03,-5.30412022453060922e-03,-4.91923994104140910e-07,-4.91923956435721455e-07,-9.83847912871442910e-07,-1.47577190697558382e-06,-1.47577186930716447e-06
2.07200000000000024e+01,2.07200000000000024e+01,2.19687387581873395e-01,-5.30133697858126141e-03,-5.30133657292165481e-03,-4.91321816824681129e-07,-4.91321779228615228e-07,-9.82643558457230455e-07,-1.47396537528191169e-06,-1.47396533768584568e-06
2.07272500000000015e+01,2.07272500000000015e+01,2.19648962975103307e-01,-5.29855576043480880e-03,-5.29855535527152133e-03,-4.90720586966828973e-07,-4.90720549443025253e-07,-9.81441098886050506e-07,-1.47216168585287948e-06,-1.47216164832907576e-06
2.07345000000000006e+01,2.07345000000000006e+01,2.19610558523347099e-01,-5.29577697326821806e-03,-5.29577656860177708e-03,-4.90120302709323953e-07,-4.90120265257739426e-07,-9.80240530515479064e-07,-1.47036083322480302e-06,-1.47036079577321838e-06
2.07417499999999997e+01,2.07417499999999997e+01,2.19572174208990917e-01,-5.29300061411142053e-03,-5.29300020993867231e-03,-4.89520962235430320e-07,-4.89520924855681599e-07,-9.79041849711363198e-07,-1.46856281194679362e-06,-1.46856277456704480e-06
2.07490000000000023e+01,2.07490000000000023e+01,2.19533810014442471e-01,-5.29022667999257123e-03,-5.29022627631313413e-03,-4.88922563731939692e-07,-4.88922526423900356e-07,-9.77845052847800712e-07,-1.46676761657974040e-06,-1.46676757927170096e-06
2.07562500000000014e+01,2.07562500000000014e+01,2.19495465922131011e-01,-5.28745516794515424e-03,-5.28745476476075865e-03,-4.88325105389820931e-07,-4.88325068153559591e-07,-9.76650136307119394e-07,-1.46497524169694022e-06,-1.46497520446067898e-06
2.07635000000000005e+01,2.07635000000000005e+01,2.19457141914507270e-01,-5.28468607501331178e-03,-5.28468567232179710e-03,-4.87728585404700103e-07,-4.87728548239926226e-07,-9.75457096479852240e-07,-1.46318568188455234e-06,-1.46318564471977836e-06
2.07707499999999996e+01,2.07707499999999996e+01,2.19418837974043324e-01,-5.28191939824118606e-03,-5.28191899604114716e-03,-4.87133001975866264e-07,-4.87132964882359621e-07,-9.74265929764719243e-07,-1.46139893174058561e-06,-1.46139889464707886e-06
2.07780000000000022e+01,2.07780000000000022e+01,2.19380554083232732e-01,-5.27915513468180109e-03,-5.27915473296834865e-03,-4.86538353307081864e-07,-4.86538316284301414e-07,-9.73076632568602617e-07,-1.45961498587568448e-06,-1.45961494885290414e-06
2.07852500000000013e+01,2.07852500000000013e+01,2.19342290224590453e-01,-5.27639328137929908e-03,-5.27639288015757397e-03,-4.85944637604935904e-07,-4.85944600653265458e-07,-9.71889201306530917e-07,-1.45783383891146671e-06,-1.45783380195979627e-06
2.07925000000000004e+01,2.07925000000000004e+01,2.19304046380652762e-01,-5.27363383539736219e-03,-5.27363343466761506e-03,-4.85351853081453110e-07,-4.85351816200825541e-07,-9.70703632401651294e-07,-1.45605548548310451e-06,-1.45605544860247684e-06
2.07997499999999995e+01,2.07997499999999995e+01,2.19265822533977195e-01,-5.27087679380322527e-03,-5.27087639356187479e-03,-4.84759997952610148e-07,-4.84759961142606068e-07,-9.69519922285212137e-07,-1.45427992023782229e-06,-1.45427988342781831e-06
2.08070000000000022e+01,2.08070000000000022e+01,2.19227618667142604e-01,-5.26812215366412318e-03,-5.26812175390836170e-03,-4.84169070437998396e-07,-4.84169033698270311e-07,-9.68338067396540622e-07,-1.45250713783453902e-06,-1.45250710109481083e-06
2.08142500000000013e+01,2.08142500000000013e+01,2.19189434762749075e-01,-5.26536991204906712e-03,-5.26536951277968394e-03,-4.83579068760980541e-07,-4.83579032091512039e-07,-9.67158064183024078e-07,-1.45073713294400462e-06,-1.45073709627453612e-06
2.08215000000000003e+01,2.08215000000000003e+01,2.19151270803417925e-01,-5.26262006603417376e-03,-5.26261966725303024e-03,-4.82989991149169364e-07,-4.82989954550042183e-07,-9.65979909100084366e-07,-1.44896990024925373e-06,-1.44896986365012666e-06
2.08287499999999994e+01,2.08287499999999994e+01,2.19113126771791594e-01,-5.25987261270621786e-03,-5.25987221441016894e-03,-4.82401835834743576e-07,-4.82401799305580364e-07,-9.64803598611160727e-07,-1.44720543444590430e-06,-1.44720539791674109e-06
2.08360000000000021e+01,2.08360000000000021e+01,2.19075002650533673e-01,-5.25712754914664515e-03,-5.25712715133743683e-03,-4.81814601052971123e-07,-4.81814564593843454e-07,-9.63629129187686908e-07,-1.44544373024065792e-06,-1.44544369378153036e-06
2.08432500000000012e+01,2.08432500000000012e+01,2.19036898422328957e-01,-5.25438487245111219e-03,-5.25438447512573473e-03,-4.81228285043992722e-07,-4.81228248654536159e-07,-9.62456497309072319e-07,-1.44368478235306504e-06,-1.44368474596360848e-06
2.08505000000000003e+01,2.08505000000000003e+01,2.18998814069883141e-01,-5.25164457971349918e-03,-5.25164418287051016e-03,-4.80642886051344842e-07,-4.80642849731339476e-07,-9.61285699462678740e-07,-1.44192858551402358e-06,-1.44192854919401822e-06
2.08577499999999993e+01,2.08577499999999993e+01,2.18960749575923125e-01,-5.24890666803123906e-03,-5.24890627167175564e-03,-4.80058402322440401e-07,-4.80058366071900525e-07,-9.60116732143801261e-07,-1.44017513446624166e-06,-1.44017509821570189e-06
2.08650000000000020e+01,2.08650000000000020e+01,2.18922704923196682e-01,-5.24617113451419925e-03,-5.24617073863399650e-03,-4.79474832109371326e-07,-4.79474795927823130e-07,-9.58949591855646259e-07,-1.43842442396501769e-06,-1.43842438778346939e-06
2.08722500000000011e+01,2.08722500000000011e+01,2.18884680094472678e-01,-5.24343797626336539e-03,-5.24343758086628572e-03,-4.78892173666949471e-07,-4.78892137554656700e-07,-9.57784275109313401e-07,-1.43667644877626277e-06,-1.43667641266397021e-06
2.08795000000000002e+01,2.08795000000000002e+01,2.18846675072540880e-01,-5.24070719039926303e-03,-5.24070679548219263e-03,-4.78310425255294942e-07,-4.78310389211886173e-07,-9.56620778423772346e-07,-1.43493120367906739e-06,-1.43493116763565852e-06
2.08867499999999993e+01,2.08867499999999993e+01,2.18808689840211901e-01,-5.23797877403531231e-03,-5.23797837959979161e-03,-4.77729585137392721e-07,-4.77729549162921317e-07,-9.55459098325842634e-07,-1.43318868346323536e-06,-1.43318864748876395e-06
2.08940000000000019e+01,2.08940000000000019e+01,2.18770724380317333e-01,-5.23525272429914423e-03,-5.23525233034166041e-03,-4.77149651581028668e-07,-4.77149615675087523e-07,-9.54299231350175046e-07,-1.43144888293120371e-06,-1.43144884702526257e-06
2.09012500000000010e+01,2.09012500000000010e+01,2.18732778675709560e-01,-5.23252903831661342e-03,-5.23252864483486711e-03,-4.76570622857321716e-07,-4.76570587019615004e-07,-9.53141174039230113e-07,-1.42971179689655183e-06,-1.42971176105884512e-06
2.09085000000000001e+01,2.09085000000000001e+01,2.18694852709261756e-01,-5.22980771321535087e-03,-5.22980732021096056e-03,-4.75992497241039446e-07,-4.75992461471628524e-07,-9.51984922943257259e-07,-1.42797742018429676e-06,-1.42797738441488589e-06
2.09157500000000027e+01,2.09157500000000027e+01,2.18656946463867935e-01,-5.22708874613364571e-03,-5.22708835360596435e-03,-4.75415273011397315e-07,-4.75415237310137234e-07,-9.50830474620274680e-07,-1.42624574763167189e-06,-1.42624571193041181e-06
2.09230000000000018e+01,2.09230000000000018e+01,2.18619059922442821e-01,-5.22437213420978708e-03,-5.22437174216036897e-03,-4.74838948451079380e-07,-4.74838912818025569e-07,-9.49677825636051138e-07,-1.42451677408713062e-06,-1.42451673845407660e-06
2.09302500000000009e+01,2.09302500000000009e+01,2.18581193067921897e-01,-5.22165787459272224e-03,-5.22165748301912057e-03,-4.74263521847197457e-07,-4.74263486282041701e-07,-9.48526972564083403e-07,-1.42279049441128086e-06,-1.42279045884612500e-06
2.09375000000000000e+01,2.09375000000000000e+01,2.18543345883261214e-01,-5.21894596443317482e-03,-5.21894557333161136e-03,-4.73688991490474370e-07,-4.73688955992788335e-07,-9.47377911985576564e-07,-1.42106690347605088e-06,-1.42106686797836500e-06
2.09447500000000026e+01,2.09447500000000026e+01,2.18505518351437583e-01,-5.21623640088009211e-03,-5.21623601025167534e-03,-4.73115355674913128e-07,-4.73115320244712432e-07,-9.46230640489424864e-07,-1.41934599616433805e-06,-1.41934596073413740e-06
2.09520000000000017e+01,2.09520000000000017e+01,2.18467710455448466e-01,-5.21352918108952679e-03,-5.21352879093758218e-03,-4.72542612698595314e-07,-4.72542577336096532e-07,-9.45085154672193063e-07,-1.41762776737078848e-06,-1.41762773200828949e-06
2.09592500000000008e+01,2.09592500000000008e+01,2.18429922178311781e-01,-5.21082430223529514e-03,-5.21082391255201817e-03,-4.71970760864635206e-07,-4.71970725569046203e-07,-9.43941451138092513e-07,-1.41591221200272777e-06,-1.41591217670713866e-06
2.09664999999999999e+01,2.09664999999999999e+01,2.18392153503066067e-01,-5.20812176147344985e-03,-5.20812137226208619e-03,-4.71399798477951901e-07,-4.71399763249482424e-07,-9.42799526498965059e-07,-1.41419932497691701e-06,-1.41419928974844743e-06
2.09737500000000026e+01,2.09737500000000026e+01,2.18354404412770403e-01,-5.20542155597958356e-03,-5.20542116723929620e-03,-4.70829723848640552e-07,-4.70829688687130565e-07,-9.41659377374261024e-07,-1.41248910122290158e-06,-1.41248906606139164e-06
2.09810000000000016e+01,2.09810000000000016e+01,2.18316674890504353e-01,-5.20272368293106524e-03,-5.20272329465955741e-03,-4.70260535290353536e-07,-4.70260500195511236e-07,-9.40521000391022260e-07,-1.41078153568137590e-06,-1.41078150058653339e-06
2.09882500000000007e+01,2.09882500000000007e+01,2.18278964919367907e-01,-5.20002813950526388e-03,-5.20002775170316442e-03,-4.69692231120131042e-07,-4.69692196091929589e-07,-9.39384392183859071e-07,-1.40907662330399017e-06,-1.40907658827578861e-06
2.09954999999999998e+01,2.09954999999999998e+01,2.18241274482481540e-01,-5.19733492288487753e-03,-5.19733453555479806e-03,-4.69124809658874937e-07,-4.69124774697466372e-07,-9.38249549394932850e-07,-1.40737435905380789e-06,-1.40737432409239933e-06
2.10027500000000025e+01,2.10027500000000025e+01,2.18203603562986043e-01,-5.19464403027036781e-03,-5.19464364340350721e-03,-4.68558269232460863e-07,-4.68558234336967449e-07,-9.37116468673934898e-07,-1.40567473790639565e-06,-1.40567470301090235e-06
2.10100000000000016e+01,2.10100000000000016e+01,2.18165952144042635e-01,-5.19195545884088006e-03,-5.19195507244270878e-03,-4.67992608168202725e-07,-4.67992573339034956e-07,-9.35985146678069912e-07,-1.40397775484627274e-06,-1.40397772001710487e-06
2.10172500000000007e+01,2.10172500000000007e+01,2.18128320208832854e-01,-5.18926920580220497e-03,-5.18926881987017471e-03,-4.67427824799171395e-07,-4.67427790036016451e-07,-9.34855580072032901e-07,-1.40228340487120435e-06,-1.40228337010804935e-06
2.10244999999999997e+01,2.10244999999999997e+01,2.18090707740558526e-01,-5.18658526835302780e-03,-5.18658488288802413e-03,-4.66863917461141208e-07,-4.66863882763996070e-07,-9.33727765527992141e-07,-1.40059168298913340e-06,-1.40059164829198832e-06
2.10317500000000024e+01,2.10317500000000024e+01,2.18053114722441710e-01,-5.18390364370446832e-03,-5.18390325870271562e-03,-4.66300884494341839e-07,-4.66300849862784209e-07,-9.32601699725568524e-07,-1.39890258421991042e-06,-1.39890254958835279e-06
2.10390000000000015e+01,2.10390000000000015e+01,2.18015541137724811e-01,-5.18122432906231722e-03,-5.18122394452504367e-03,-4.65738724241851323e-07,-4.65738689675909418e-07,-9.31477379351818942e-07,-1.39721610359367016e-06,-1.39721606902772836e-06
2.10462500000000006e+01,2.10462500000000006e+01,2.17977986969670329e-01,-5.17854732164479969e-03,-5.17854693757012138e-03,-4.65177435051184136e-07,-4.65177400550606494e-07,-9.30354801101212881e-07,-1.39553223615239696e-06,-1.39553220165181943e-06
2.10534999999999997e+01,2.10534999999999997e+01,2.17940452201560969e-01,-5.17587261866836457e-03,-5.17587223505737697e-03,-4.64617015273005295e-07,-4.64616980837808485e-07,-9.29233961675617075e-07,-1.39385097694862242e-06,-1.39385094251342567e-06
2.10607500000000023e+01,2.10607500000000023e+01,2.17902936816699616e-01,-5.17320021736011881e-03,-5.17319983421054772e-03,-4.64057463262238485e-07,-4.64057428892136686e-07,-9.28114857784273583e-07,-1.39217232104651212e-06,-1.39217228667641027e-06
2.10680000000000014e+01,2.10680000000000014e+01,2.17865440798409249e-01,-5.17053011494539305e-03,-5.17052973225767126e-03,-4.63498777376941254e-07,-4.63498743071891850e-07,-9.26997486143783805e-07,-1.39049626352072511e-06,-1.39049622921567560e-06
2.10752500000000005e+01,2.10752500000000005e+01,2.17827964130032914e-01,-5.16786230865662333e-03,-5.16786192643107177e-03,-4.62940955979092913e-07,-4.62940921739043229e-07,-9.25881843478086457e-07,-1.38882279945717942e-06,-1.38882276521712974e-06
2.10824999999999996e+01,2.10824999999999996e+01,2.17790506794933725e-01,-5.16519679573335111e-03,-5.16519641396735989e-03,-4.62383997434585165e-07,-4.62383963259220316e-07,-9.24767926518440527e-07,-1.38715192395302580e-06,-1.38715188977766084e-06
2.10897500000000022e+01,2.10897500000000022e+01,2.17753068776494751e-01,-5.16253357341511787e-03,-5.16253319210741544e-03,-4.61827900112577090e-07,-4.61827866001702472e-07,-9.23655732003404837e-07,-1.38548363211598193e-06,-1.38548359800510731e-06
2.10970000000000013e+01,2.10970000000000013e+01,2.17715650058119187e-01,-5.15987263894501780e-03,-5.15987225809639259e-03,-4.61272662385805795e-07,-4.61272628339411294e-07,-9.22545256678822483e-07,-1.38381791906462828e-06,-1.38381788501823383e-06
2.11042500000000004e+01,2.11042500000000004e+01,2.17678250623230041e-01,-5.15721398957502686e-03,-5.15721360918369644e-03,-4.60718282631053019e-07,-4.60718248648898927e-07,-9.21436497297797749e-07,-1.38215477992885087e-06,-1.38215474594669668e-06
2.11114999999999995e+01,2.11114999999999995e+01,2.17640870455270363e-01,-5.15455762255534466e-03,-5.15455724262298652e-03,-4.60164759228184394e-07,-4.60164725310340272e-07,-9.20329450620680438e-07,-1.38049420984886488e-06,-1.38049417593102082e-06
2.11187500000000021e+01,2.11187500000000021e+01,2.17603509537702966e-01,-5.15190353515215804e-03,-5.15190315567216200e-03,-4.59612090561726981e-07,-4.59612056707522774e-07,-9.19224113415045442e-07,-1.37883620397677253e-06,-1.37883617012256816e-06
2.11260000000000012e+01,2.11260000000000012e+01,2.17566167854010672e-01,-5.14925172461744296e-03,-5.14925134559336001e-03,-4.59060275018165337e-07,-4.59060241227838320e-07,-9.18120482455676746e-07,-1.37718075747384219e-06,-1.37718072368351512e-06
2.11332500000000003e+01,2.11332500000000003e+01,2.17528845387696013e-01,-5.14660218822271531e-03,-5.14660180965294083e-03,-4.58509310988945197e-07,-4.58509277262272706e-07,-9.17018554524545519e-07,-1.37552786551349082e-06,-1.37552783178681828e-06
2.11404999999999994e+01,2.11404999999999994e+01,2.17491542122281445e-01,-5.14395492323238557e-03,-5.14395454512148360e-03,-4.57959196868087805e-07,-4.57959163205396848e-07,-9.15918326410793696e-07,-1.37387752327888155e-06,-1.37387748961619049e-06
2.11477500000000020e+01,2.11477500000000020e+01,2.17454258041309106e-01,-5.14130992693395683e-03,-5.14130954927377853e-03,-4.57409931054871938e-07,-4.57409897455357674e-07,-9.14819794910715243e-07,-1.37222972596558718e-06,-1.37222969236607292e-06
2.11550000000000011e+01,2.11550000000000011e+01,2.17416993128340896e-01,-5.13866719659539228e-03,-5.13866681938881815e-03,-4.56861511950029352e-07,-4.56861478413869289e-07,-9.13722956827738577e-07,-1.37058446877776793e-06,-1.37058443524160792e-06
2.11622500000000002e+01,2.11622500000000002e+01,2.17379747366958476e-01,-5.13602672950419503e-03,-5.13602635274978958e-03,-4.56313937959215184e-07,-4.56313904486202750e-07,-9.12627808972405711e-07,-1.36894174693162079e-06,-1.36894171345860836e-06
2.11694999999999993e+01,2.11694999999999993e+01,2.17342520740763101e-01,-5.13338852294786818e-03,-5.13338814664406583e-03,-4.55767207491260412e-07,-4.55767174081178079e-07,-9.11534348162356370e-07,-1.36730155565361684e-06,-1.36730152224353450e-06
2.11767500000000020e+01,2.11767500000000020e+01,2.17305313233375708e-01,-5.13075257421746755e-03,-5.13075219836319797e-03,-4.55221318958479811e-07,-4.55221285611154255e-07,-9.10442571222308509e-07,-1.36566389018078837e-06,-1.36566385683346271e-06
2.11840000000000011e+01,2.11840000000000011e+01,2.17268124828436937e-01,-5.12811888060760168e-03,-5.12811850520291084e-03,-4.54676270776663794e-07,-4.54676237492021058e-07,-9.09352474984042222e-07,-1.36402874576070607e-06,-1.36402871247606339e-06
2.11912500000000001e+01,2.11912500000000001e+01,2.17230955509606916e-01,-5.12548743941643181e-03,-5.12548706446309000e-03,-4.54132061365070104e-07,-4.54132028143189069e-07,-9.08264056286378138e-07,-1.36239611765144824e-06,-1.36239608442956731e-06
2.11985000000000028e+01,2.11985000000000028e+01,2.17193805260565392e-01,-5.12285824795100098e-03,-5.12285787344777654e-03,-4.53588689146887672e-07,-4.53588655987581196e-07,-9.07177311975162391e-07,-1.36076600112205001e-06,-1.36076596796274364e-06
2.12057500000000019e+01,2.12057500000000019e+01,2.17156674065011601e-01,-5.12023130352368128e-03,-5.12023092946515841e-03,-4.53046152548912569e-07,-4.53046119451623674e-07,-9.06092238903247349e-07,-1.35913839145216002e-06,-1.35913835835487108e-06
2.12130000000000010e+01,2.12130000000000010e+01,2.17119561906664316e-01,-5.11760660343796303e-03,-5.11760622982756607e-03,-4.52504450000282596e-07,-4.52504416965237017e-07,-9.05008833930473929e-07,-1.35751328393075658e-06,-1.35751325089571100e-06
2.12202500000000001e+01,2.12202500000000001e+01,2.17082468769261766e-01,-5.11498414501510013e-03,-5.11498377185145691e-03,-4.51963579934827268e-07,-4.51963546961826535e-07,-9.03927093923653071e-07,-1.35589067385848034e-06,-1.35589064088547971e-06
2.12275000000000027e+01,2.12275000000000027e+01,2.17045394636561584e-01,-5.11236392557812280e-03,-5.11236355285741521e-03,-4.51423540789644220e-07,-4.51423507878274081e-07,-9.02847015756548162e-07,-1.35427055654619249e-06,-1.35427052363482219e-06
2.12347500000000018e+01,2.12347500000000018e+01,2.17008339492340913e-01,-5.10974594244117952e-03,-5.10974557017014348e-03,-4.50884331004151321e-07,-4.50884298154929683e-07,-9.01768596309859260e-07,-1.35265292731401058e-06,-1.35265289446478900e-06
2.12420000000000009e+01,2.12420000000000009e+01,2.16971303320396186e-01,-5.10713019294861681e-03,-5.10712982111844859e-03,-4.50345949023527533e-07,-4.50345916235600905e-07,-9.00691832471201916e-07,-1.35103778149472950e-06,-1.35103774870680282e-06
2.12492500000000000e+01,2.12492500000000000e+01,2.16934286104543184e-01,-5.10451667441991219e-03,-5.10451630303524091e-03,-4.49808393293845281e-07,-4.49808360567545594e-07,-8.99616721135091295e-07,-1.34942511442893663e-06,-1.34942508170263689e-06
2.12565000000000026e+01,2.12565000000000026e+01,2.16897287828617086e-01,-5.10190538419763584e-03,-5.10190501325752301e-03,-4.49271662266294181e-07,-4.49271629601462405e-07,-8.98543259202924703e-07,-1.34781492146921883e-06,-1.34781488880438721e-06
2.12637500000000017e+01,2.12637500000000017e+01,2.16860308476472308e-01,-5.09929631962435792e-03,-5.09929594912638361e-03,-4.48735754395135242e-07,-4.48735721791482167e-07,-8.97471443582964545e-07,-1.34620719797809973e-06,-1.34620716537444676e-06
2.12710000000000008e+01,2.12710000000000008e+01,2.16823348031982527e-01,-5.09668947804442496e-03,-5.09668910798698974e-03,-4.48200668137849945e-07,-4.48200635595159154e-07,-8.96401271190318309e-07,-1.34460193932816825e-06,-1.34460190678547752e-06
2.12782499999999999e+01,2.12782499999999999e+01,2.16786406479040683e-01,-5.09408485680218348e-03,-5.09408448718857727e-03,-4.47666401954976820e-07,-4.47666369473461925e-07,-8.95332738946923851e-07,-1.34299914090190072e-06,-1.34299910842038567e-06
2.12855000000000025e+01,2.12855000000000025e+01,2.16749483801558868e-01,-5.09148245325974358e-03,-5.09148208408444387e-03,-4.47132954311664691e-07,-4.47132921890764903e-07,-8.94265843781529807e-07,-1.34139879809319444e-06,-1.34139876567229476e-06
2.12927500000000016e+01,2.12927500000000016e+01,2.16712579983468406e-01,-5.08888226476678085e-03,-5.08888189603194478e-03,-4.46600323675010716e-07,-4.46600291314840385e-07,-8.93200582629680770e-07,-1.33980090630469149e-06,-1.33980087394452110e-06
2.13000000000000007e+01,2.13000000000000007e+01,2.16675695008719749e-01,-5.08628428868895810e-03,-5.08628392039248232e-03,-4.46068508516548919e-07,-4.46068476216848323e-07,-8.92136952433696646e-07,-1.33820546095024567e-06,-1.33820542865054497e-06
2.13072499999999998e+01,2.13072499999999998e+01,2.16638828861282412e-01,-5.08368852239016178e-03,-5.08368815453149551e-03,-4.45537507310683070e-07,-4.45537475071329178e-07,-8.91074950142658355e-07,-1.33661245745334137e-06,-1.33661242521398753e-06
2.13145000000000024e+01,2.13145000000000024e+01,2.16601981525145065e-01,-5.08109496323960741e-03,-5.08109459581845748e-03,-4.45007318535301474e-07,-4.45007286356194018e-07,-8.90014572712388142e-07,-1.33502189124768962e-06,-1.33502185906858227e-06
2.13217500000000015e+01,2.13217500000000015e+01,2.16565152984315445e-01,-5.07850360861006322e-03,-5.07850324162687026e-03,-4.44477940671614606e-07,-4.44477908552717693e-07,-8.88955817105435280e-07,-1.33343375777704999e-06,-1.33343372565815292e-06
2.13290000000000006e+01,2.13290000000000006e+01,2.16528343222820246e-01,-5.07591445588140289e-03,-5.07591408933424568e-03,-4.43949372204456760e-07,-4.43949340145527926e-07,-8.87898680291055641e-07,-1.33184805249551251e-06,-1.33184802043658346e-06
2.13362499999999997e+01,2.13362499999999997e+01,2.16491552224705175e-01,-5.07332750243350006e-03,-5.07332713632210885e-03,-4.43421611621656965e-07,-4.43421579622598538e-07,-8.86843159245197076e-07,-1.33026477086685404e-06,-1.33026473886779561e-06
2.13435000000000024e+01,2.13435000000000024e+01,2.16454779974034950e-01,-5.07074274565155747e-03,-5.07074237997598605e-03,-4.42894657414497448e-07,-4.42894625475240183e-07,-8.85789250950480471e-07,-1.32868390836497797e-06,-1.32868387642572071e-06
2.13507500000000014e+01,2.13507500000000014e+01,2.16418026454893220e-01,-5.06816018292433057e-03,-5.06815981768540206e-03,-4.42368508077550893e-07,-4.42368476198092830e-07,-8.84736952396185660e-07,-1.32710546047373650e-06,-1.32710542859427849e-06
2.13580000000000005e+01,2.13580000000000005e+01,2.16381291651382535e-01,-5.06557981165123294e-03,-5.06557944684386460e-03,-4.41843162109291576e-07,-4.41843130289115602e-07,-8.83686260578231203e-07,-1.32552942268752273e-06,-1.32552939086734686e-06
2.13652499999999996e+01,2.13652499999999996e+01,2.16344575547624290e-01,-5.06300162922279640e-03,-5.06300126484886173e-03,-4.41318618010383195e-07,-4.41318586249579412e-07,-8.82637172499158719e-07,-1.32395579050954186e-06,-1.32395575874873813e-06
2.13725000000000023e+01,2.13725000000000023e+01,2.16307878127758785e-01,-5.06042563304731630e-03,-5.06042526910185399e-03,-4.40794874285995239e-07,-4.40794842584058341e-07,-8.81589685168116787e-07,-1.32238455945411197e-06,-1.32238452775217513e-06
2.13797500000000014e+01,2.13797500000000014e+01,2.16271199375945133e-01,-5.05785182051710080e-03,-5.05785145700827013e-03,-4.40271929442854468e-07,-4.40271897800422058e-07,-8.80543795600844222e-07,-1.32081572504369874e-06,-1.32081569340126639e-06
2.13870000000000005e+01,2.13870000000000005e+01,2.16234539276361271e-01,-5.05528018905643250e-03,-5.05527982597749233e-03,-4.39749781993413373e-07,-4.39749750409825771e-07,-8.79499500819651436e-07,-1.31924928281306486e-06,-1.31924925122947715e-06
2.13942499999999995e+01,2.13942499999999995e+01,2.16197897813203838e-01,-5.05271073607360677e-03,-5.05271037342285533e-03,-4.39228430451666256e-07,-4.39228398926702969e-07,-8.78456797853405938e-07,-1.31768522830507214e-06,-1.31768519678010885e-06
2.14015000000000022e+01,2.14015000000000022e+01,2.16161274970688211e-01,-5.05014345898224803e-03,-5.05014309676163342e-03,-4.38707873334998516e-07,-4.38707841868756688e-07,-8.77415683737513270e-07,-1.31612355707251173e-06,-1.31612352560626985e-06
2.14087500000000013e+01,2.14087500000000013e+01,2.16124670733048585e-01,-5.04757835520308618e-03,-5.04757799341504221e-03,-4.38188109164333766e-07,-4.38188077756952258e-07,-8.76376155513904622e-07,-1.31456426467823839e-06,-1.31456423327085683e-06
2.14160000000000004e+01,2.14160000000000004e+01,2.16088085084537751e-01,-5.04501542216928556e-03,-5.04501506080822122e-03,-4.37669136464586153e-07,-4.37669105115507564e-07,-8.75338210231015128e-07,-1.31300734669560139e-06,-1.31300731534652280e-06
2.14232499999999995e+01,2.14232499999999995e+01,2.16051518009427151e-01,-5.04245465730335241e-03,-5.04245429637023221e-03,-4.37150953762649073e-07,-4.37150922471885261e-07,-8.74301844943770627e-07,-1.31145279870641970e-06,-1.31145276741565594e-06
2.14305000000000021e+01,2.14305000000000021e+01,2.16014969492006825e-01,-5.03989605804022744e-03,-5.03989569753404698e-03,-4.36633559589392530e-07,-4.36633528356784729e-07,-8.73267056713569458e-07,-1.30990061630296193e-06,-1.30990058507035419e-06
2.14377500000000012e+01,2.14377500000000012e+01,2.15978439516585546e-01,-5.03733962181485140e-03,-5.03733926173655176e-03,-4.36116952478576340e-07,-4.36116921304134556e-07,-8.72233842608269219e-07,-1.30835079508684561e-06,-1.30835076391240383e-06
2.14450000000000003e+01,2.14450000000000003e+01,2.15941928067490518e-01,-5.03478534607104677e-03,-5.03478498641852460e-03,-4.35601130967612143e-07,-4.35601099851082955e-07,-8.71202199702165910e-07,-1.30680333066977811e-06,-1.30680329955324881e-06
2.14522499999999994e+01,2.14522499999999994e+01,2.15905435129067513e-01,-5.03223322825441244e-03,-5.03223286902463630e-03,-4.35086093596940199e-07,-4.35086062537990246e-07,-8.70172125075980491e-07,-1.30525821867292074e-06,-1.30525818761397063e-06
2.14595000000000020e+01,2.14595000000000020e+01,2.15868960685680816e-01,-5.02968326581054725e-03,-5.02968290700344343e-03,-4.34571838909868501e-07,-4.34571807908420810e-07,-8.69143615816841514e-07,-1.30371545472671007e-06,-1.30371542372526227e-06
2.14667500000000011e+01,2.14667500000000011e+01,2.15832504721713281e-01,-5.02713545618682645e-03,-5.02713509780738314e-03,-4.34058365452720961e-07,-4.34058334509135572e-07,-8.68116669018271038e-07,-1.30217503447099210e-06,-1.30217500352740661e-06
2.14740000000000002e+01,2.14740000000000002e+01,2.15796067221566107e-01,-5.02458979684838880e-03,-5.02458943889275665e-03,-4.33545671776208745e-07,-4.33545640890082471e-07,-8.67091281780164943e-07,-1.30063695355637358e-06,-1.30063692267024741e-06
2.14812499999999993e+01,2.14812499999999993e+01,2.15759648169658980e-01,-5.02204628525149133e-03,-5.02204592771973192e-03,-4.33033756433121907e-07,-4.33033725604389527e-07,-8.66067451208779159e-07,-1.29910120764190107e-06,-1.29910117681316858e-06
2.14885000000000019e+01,2.14885000000000019e+01,2.15723247550429931e-01,-5.01950491886660188e-03,-5.01950456175233057e-03,-4.32522617980315198e-07,-4.32522587208356207e-07,-8.65045174416712414e-07,-1.29756779239702756e-06,-1.29756776162506873e-06
2.14957500000000010e+01,2.14957500000000010e+01,2.15686865348335421e-01,-5.01696569514820112e-03,-5.01696533845842618e-03,-4.32012254976097937e-07,-4.32012224261446231e-07,-8.64024448522892462e-07,-1.29603670349899029e-06,-1.29603667278433875e-06
2.15030000000000001e+01,2.15030000000000001e+01,2.15650501547850287e-01,-5.01442861157919140e-03,-5.01442825530973128e-03,-4.31502665984053125e-07,-4.31502635326278622e-07,-8.63005270652557138e-07,-1.29450793663661032e-06,-1.29450790597883576e-06
2.15102500000000028e+01,2.15102500000000028e+01,2.15614156133467516e-01,-5.01189366563359329e-03,-5.01189330978178953e-03,-4.30993849569815114e-07,-4.30993818968619447e-07,-8.61987637937239001e-07,-1.29298148750705406e-06,-1.29298145690585834e-06
2.15175000000000018e+01,2.15175000000000018e+01,2.15577829089698608e-01,-5.00936085478365101e-03,-5.00936049935398180e-03,-4.30485804301677519e-07,-4.30485773757376261e-07,-8.60971547514752417e-07,-1.29145735181642988e-06,-1.29145732127212873e-06
2.15247500000000009e+01,2.15247500000000009e+01,2.15541520401073161e-01,-5.00683017652114870e-03,-5.00682982150949842e-03,-4.29978528752416717e-07,-4.29978498264586776e-07,-8.59956996529173551e-07,-1.28993552528159032e-06,-1.28993549479376043e-06
2.15320000000000000e+01,2.15320000000000000e+01,2.15505230052139063e-01,-5.00430162832721237e-03,-5.00430127373534869e-03,-4.29472021496689446e-07,-4.29471991065413353e-07,-8.58943982130826812e-07,-1.28841600362751626e-06,-1.28841597319624022e-06
2.15392500000000027e+01,2.15392500000000027e+01,2.15468958027462382e-01,-5.00177520770073158e-03,-5.00177485352234531e-03,-4.28966281113466752e-07,-4.28966250738134221e-07,-8.57932501476268336e-07,-1.28689878258973519e-06,-1.28689875221440250e-06
2.15465000000000018e+01,2.15465000000000018e+01,2.15432704311627421e-01,-4.99925091212460870e-03,-4.99925055836510351e-03,-4.28461306183130309e-07,-4.28461275864136057e-07,-8.56922551728272220e-07,-1.28538385791140258e-06,-1.28538382759240838e-06
2.15537500000000009e+01,2.15537500000000009e+01,2.15396468889236581e-01,-4.99672873910483872e-03,-4.99672838576202712e-03,-4.27957095290817988e-07,-4.27957065027905735e-07,-8.55914130055811470e-07,-1.28387122534662941e-06,-1.28387119508371726e-06
2.15609999999999999e+01,2.15609999999999999e+01,2.15360251744910414e-01,-4.99420868614208757e-03,-4.99420833321530602e-03,-4.27453647023978100e-07,-4.27453616817022537e-07,-8.54907233634044969e-07,-1.28236088065802302e-06,-1.28236085045106756e-06
2.15682500000000026e+01,2.15682500000000026e+01,2.15324052863287513e-01,-4.99169075074590296e-03,-4.99169039823090660e-03,-4.26950959973580602e-07,-4.26950929822150219e-07,-8.53901859644300439e-07,-1.28085281961788104e-06,-1.28085278946645071e-06
2.15755000000000017e+01,2.15755000000000017e+01,2.15287872229024624e-01,-4.98917493041339810e-03,-4.98917457831856998e-03,-4.26449032732286816e-07,-4.26449002637030388e-07,-8.52898005274060882e-07,-1.27934703800634759e-06,-1.27934700791109122e-06
2.15827500000000008e+01,2.15827500000000008e+01,2.15251709826796506e-01,-4.98666122267366063e-03,-4.98666087099179905e-03,-4.25947863898239480e-07,-4.25947833858473186e-07,-8.51895667716946584e-07,-1.27784353161518596e-06,-1.27784350157541977e-06
2.15899999999999999e+01,2.15899999999999999e+01,2.15215565641295847e-01,-4.98414962503979098e-03,-4.98414927376785236e-03,-4.25447452070954001e-07,-4.25447422086350304e-07,-8.50894844172700502e-07,-1.27634229624365461e-06,-1.27634226625905081e-06
2.15972500000000025e+01,2.15972500000000025e+01,2.15179439657233407e-01,-4.98164013502844227e-03,-4.98163978416773894e-03,-4.24947795852983458e-07,-4.24947765923587040e-07,-8.49895531847173973e-07,-1.27484332770015743e-06,-1.27484329777076091e-06
2.16045000000000016e+01,2.16045000000000016e+01,2.15143331859337955e-01,-4.97913275015982038e-03,-4.97913239971621482e-03,-4.24448893849912304e-07,-4.24448863976155520e-07,-8.48897727952311147e-07,-1.27334662180222340e-06,-1.27334659192846656e-06
2.16117500000000007e+01,2.16117500000000007e+01,2.15107242232356083e-01,-4.97662746797544742e-03,-4.97662711794176916e-03,-4.23950744671861591e-07,-4.23950714853065705e-07,-8.47901429706131516e-07,-1.27185217437799311e-06,-1.27185214455919727e-06
2.16189999999999998e+01,2.16189999999999998e+01,2.15071170761052310e-01,-4.97412428600085832e-03,-4.97412393637662077e-03,-4.23453346930301962e-07,-4.23453317166358553e-07,-8.46906634332717106e-07,-1.27035998126301912e-06,-1.27035995149907566e-06
2.16262500000000024e+01,2.16262500000000024e+01,2.15035117430209061e-01,-4.97162320177224615e-03,-4.97162285255670858e-03,-4.22956699240318401e-07,-4.22956669531097662e-07,-8.45913339062195430e-07,-1.26887003830251378e-06,-1.26887000859329309e-06
2.16335000000000015e+01,2.16335000000000015e+01,2.14999082224626631e-01,-4.96912421282758032e-03,-4.96912386402169337e-03,-4.22460800219847325e-07,-4.22460770565363390e-07,-8.44921541130726780e-07,-1.26738234135057416e-06,-1.26738231169609022e-06
2.16407500000000006e+01,2.16407500000000006e+01,2.14963065129123082e-01,-4.96662731671193569e-03,-4.96662696831494041e-03,-4.21965648490121429e-07,-4.21965618890243167e-07,-8.43931237780486228e-07,-1.26589688627060771e-06,-1.26589685667072945e-06
2.16479999999999997e+01,2.16479999999999997e+01,2.14927066128534322e-01,-4.96413251096861075e-03,-4.96413216298351601e-03,-4.21471242674908686e-07,-4.21471213129824986e-07,-8.42942426259650077e-07,-1.26441366893455871e-06,-1.26441363938947501e-06
2.16552500000000023e+01,2.16552500000000023e+01,2.14891085207713994e-01,-4.96163979316044390e-03,-4.96163944557818492e-03,-4.20977581402314883e-07,-4.20977551911190040e-07,-8.41955103822379975e-07,-1.26293268522469486e-06,-1.26293265573357012e-06
2.16625000000000014e+01,2.16625000000000014e+01,2.14855122351533506e-01,-4.95914916082718094e-03,-4.95914881365339816e-03,-4.20484663301158427e-07,-4.20484633864404946e-07,-8.40969267728809998e-07,-1.26145393102996842e-06,-1.26145390159321494e-06
2.16697500000000005e+01,2.16697500000000005e+01,2.14819177544882001e-01,-4.95666061153343662e-03,-4.95666026476729044e-03,-4.19992487005033559e-07,-4.19992457622514222e-07,-8.39984915245028444e-07,-1.25997740225006211e-06,-1.25997737286754267e-06
2.16769999999999996e+01,2.16769999999999996e+01,2.14783250772666273e-01,-4.95417414284382573e-03,-4.95417379648166890e-03,-4.19501051150192618e-07,-4.19501021821532665e-07,-8.39002043643065225e-07,-1.25850309479325790e-06,-1.25850306546459789e-06
2.16842500000000022e+01,2.16842500000000022e+01,2.14747342019810772e-01,-4.95168975231763397e-03,-4.95168940636200785e-03,-4.19010354375088905e-07,-4.19010325100437890e-07,-8.38020650200875780e-07,-1.25703100457596463e-06,-1.25703097530131356e-06
2.16915000000000013e+01,2.16915000000000013e+01,2.14711451271257653e-01,-4.94920743752658154e-03,-4.94920709197744797e-03,-4.18520395321874977e-07,-4.18520366101164026e-07,-8.37040732202328158e-07,-1.25556112752420308e-06,-1.25556109830349213e-06
2.16987500000000004e+01,2.16987500000000004e+01,2.14675578511966642e-01,-4.94672719604771771e-03,-4.94672685090078064e-03,-4.18031172635792150e-07,-4.18031143468592664e-07,-8.36062286937185434e-07,-1.25409345957297764e-06,-1.25409343040577799e-06
2.17059999999999995e+01,2.17059999999999995e+01,2.14639723726914977e-01,-4.94424902545276268e-03,-4.94424868070844452e-03,-4.17542684964263486e-07,-4.17542655850546243e-07,-8.35085311701092379e-07,-1.25262799666535581e-06,-1.25262796755163868e-06
2.17132500000000022e+01,2.17132500000000022e+01,2.14603886901097551e-01,-4.94177292332409479e-03,-4.94177257898051944e-03,-4.17054930958238668e-07,-4.17054901897780368e-07,-8.34109803795560736e-07,-1.25116473475379935e-06,-1.25116470569334110e-06
2.17205000000000013e+01,2.17205000000000013e+01,2.14568068019526798e-01,-4.93929888723876331e-03,-4.93929854330072467e-03,-4.16567909270837530e-07,-4.16567880263977834e-07,-8.33135760527955775e-07,-1.24970366979879330e-06,-1.24970364079193361e-06
2.17277500000000003e+01,2.17277500000000003e+01,2.14532267067232607e-01,-4.93682691479335745e-03,-4.93682657125640249e-03,-4.16081618559440748e-07,-4.16081589605739358e-07,-8.32163179211478715e-07,-1.24824479777091936e-06,-1.24824476881721818e-06
2.17349999999999994e+01,2.17349999999999994e+01,2.14496484029262302e-01,-4.93435700357558460e-03,-4.93435666043851636e-03,-4.15596057483285586e-07,-4.15596028582577224e-07,-8.31192057165154237e-07,-1.24678811464843988e-06,-1.24678808574773141e-06
2.17422500000000021e+01,2.17422500000000021e+01,2.14460718890680746e-01,-4.93188915117848126e-03,-4.93188880844164495e-03,-4.15111224704658259e-07,-4.15111195856907720e-07,-8.30222391713815546e-07,-1.24533361641847380e-06,-1.24533358757072332e-06
2.17495000000000012e+01,2.17495000000000012e+01,2.14424971636570205e-01,-4.92942335520218933e-03,-4.92942301286397860e-03,-4.14627118889037075e-07,-4.14627090094045095e-07,-8.29254180188090085e-07,-1.24388129907712711e-06,-1.24388127028213513e-06
2.17567500000000003e+01,2.17567500000000003e+01,2.14389242252030321e-01,-4.92695961324507437e-03,-4.92695927130730287e-03,-4.14143738704337100e-07,-4.14143709962192194e-07,-8.28287419924384494e-07,-1.24243115862872154e-06,-1.24243112988657658e-06
2.17639999999999993e+01,2.17639999999999993e+01,2.14353530722178165e-01,-4.92449792291438371e-03,-4.92449758137700287e-03,-4.13661082821800862e-07,-4.13661054132434949e-07,-8.27322108264870005e-07,-1.24098319108667092e-06,-1.24098316239730501e-06
2.17712500000000020e+01,2.17712500000000020e+01,2.14317837032148045e-01,-4.92203828182624648e-03,-4.92203794068204678e-03,-4.13179149915990252e-07,-4.13179121278734230e-07,-8.26358242557468459e-07,-1.23953739247345866e-06,-1.23953736383620264e-06
2.17785000000000011e+01,2.17785000000000011e+01,2.14282161167091700e-01,-4.91958068757902822e-03,-4.91958034683499107e-03,-4.12697938662543104e-07,-4.12697910077919645e-07,-8.25395820155839183e-07,-1.23809375881838234e-06,-1.23809373023375883e-06
2.17857500000000002e+01,2.17857500000000002e+01,2.14246503112178160e-01,-4.91712513779773985e-03,-4.91712479745196225e-03,-4.12217447741895431e-07,-4.12217419209681235e-07,-8.24434838419362364e-07,-1.23665228616125780e-06,-1.23665225762904360e-06
2.17930000000000028e+01,2.17930000000000028e+01,2.14210862852593609e-01,-4.91467163010383956e-03,-4.91467129015265430e-03,-4.11737675836738257e-07,-4.11737647356562695e-07,-8.23475294713125391e-07,-1.23521297054986360e-06,-1.23521294206968814e-06
2.18002500000000019e+01,2.18002500000000019e+01,2.14175240373541659e-01,-4.91222016211523282e-03,-4.91221982256032953e-03,-4.11258621632013758e-07,-4.11258593203955392e-07,-8.22517186407910678e-07,-1.23377580803992433e-06,-1.23377577961186596e-06
2.18075000000000010e+01,2.18075000000000010e+01,2.14139635660242938e-01,-4.90977073146403598e-03,-4.90977039230179862e-03,-4.10780283816396027e-07,-4.10780255440089310e-07,-8.21560510880178726e-07,-1.23234079469657470e-06,-1.23234076632026814e-06
2.18147500000000001e+01,2.18147500000000001e+01,2.14104048697935451e-01,-4.90732333577170721e-03,-4.90732299700742496e-03,-4.10302661080202935e-07,-4.10302632756027602e-07,-8.20605265512055203e-07,-1.23090792659225824e-06,-1.23090789826808275e-06
2.18220000000000027e+01,2.18220000000000027e+01,2.14068479471874212e-01,-4.90487797268635006e-03,-4.90487763431111251e-03,-4.09825752118509869e-07,-4.09825723845658432e-07,-8.19651447691316758e-07,-1.22947719980982663e-06,-1.22947717153697519e-06
2.18292500000000018e+01,2.18292500000000018e+01,2.14032927967331504e-01,-4.90243463982942274e-03,-4.90243430185030409e-03,-4.09349555626687831e-07,-4.09349527405688999e-07,-8.18699054811377997e-07,-1.22804861043806583e-06,-1.22804858221706700e-06
2.18365000000000009e+01,2.18365000000000009e+01,2.13997394169596677e-01,-4.89999333485080513e-03,-4.89999299726596917e-03,-4.08874070304999652e-07,-4.08874042135637642e-07,-8.17748084271275283e-07,-1.22662215457627499e-06,-1.22662212640691298e-06
2.18437500000000000e+01,2.18437500000000000e+01,2.13961878063976180e-01,-4.89755405539504807e-03,-4.89755371820260223e-03,-4.08399294855772485e-07,-4.08399266737827175e-07,-8.16798533475654350e-07,-1.22519782833142694e-06,-1.22519780021348152e-06
2.18510000000000026e+01,2.18510000000000026e+01,2.13926379635793418e-01,-4.89511679911380782e-03,-4.89511646230820965e-03,-4.07925227984430027e-07,-4.07925199917377474e-07,-8.15850399834754948e-07,-1.22377562781918487e-06,-1.22377559975213237e-06
2.18582500000000017e+01,2.18582500000000017e+01,2.13890898870389035e-01,-4.89268156364630613e-03,-4.89268122723431672e-03,-4.07451868397858058e-07,-4.07451840382200023e-07,-8.14903680764400152e-07,-1.22235554916225821e-06,-1.22235552114660007e-06
2.18655000000000008e+01,2.18655000000000008e+01,2.13855435753120549e-01,-4.89024834665841013e-03,-4.89024801063594593e-03,-4.06979214807654190e-07,-4.06979186842988809e-07,-8.13958373685977618e-07,-1.22093758849363175e-06,-1.22093756052896648e-06
2.18727499999999999e+01,2.18727499999999999e+01,2.13819990269362492e-01,-4.88781714580177606e-03,-4.88781681017161785e-03,-4.06507265926717873e-07,-4.06507238013215029e-07,-8.13014476026430058e-07,-1.21952174195314788e-06,-1.21952171403964509e-06
2.18800000000000026e+01,2.18800000000000026e+01,2.13784562404506384e-01,-4.88538795874582377e-03,-4.88538762350334416e-03,-4.06036020471905788e-07,-4.06035992609119148e-07,-8.12071985218238402e-07,-1.21810800569014419e-06,-1.21810797782735750e-06
2.18872500000000016e+01,2.18872500000000016e+01,2.13749152143960675e-01,-4.88296078315286763e-03,-4.88296044829662594e-03,-4.05565477161956619e-07,-4.05565449349705500e-07,-8.11130898699411105e-07,-1.21669637586136772e-06,-1.21669634804911650e-06
2.18945000000000007e+01,2.18945000000000007e+01,2.13713759473150688e-01,-4.88053561668699842e-03,-4.88053528222043634e-03,-4.05095634718224315e-07,-4.05095606956733551e-07,-8.10191213913467207e-07,-1.21528684863169152e-06,-1.21528682087020065e-06
2.19017499999999998e+01,2.19017499999999998e+01,2.13678384377518710e-01,-4.87811245702651775e-03,-4.87811212294722400e-03,-4.04626491865703691e-07,-4.04626464154712237e-07,-8.09252928309424475e-07,-1.21387942017512811e-06,-1.21387939246413671e-06
2.19090000000000025e+01,2.19090000000000025e+01,2.13643026842523787e-01,-4.87569130184795085e-03,-4.87569096815290010e-03,-4.04158047331696352e-07,-4.04158019670892659e-07,-8.08316039341785212e-07,-1.21247408667348146e-06,-1.21247405901267782e-06
2.19162500000000016e+01,2.19162500000000016e+01,2.13607686853641926e-01,-4.87327214882427029e-03,-4.87327181551684089e-03,-4.03690299845658646e-07,-4.03690272235262148e-07,-8.07380544470524296e-07,-1.21107084431618284e-06,-1.21107081670578655e-06
2.19235000000000007e+01,2.19235000000000007e+01,2.13572364396365844e-01,-4.87085499564088309e-03,-4.87085466272187042e-03,-4.03223248140520182e-07,-4.03223220580536173e-07,-8.06446441161072347e-07,-1.20966968930159253e-06,-1.20966966174160847e-06
2.19307499999999997e+01,2.19307499999999997e+01,2.13537059456205131e-01,-4.86843983998674901e-03,-4.86843950745426222e-03,-4.02756890951941031e-07,-4.02756863442152513e-07,-8.05513726884305131e-07,-1.20827061783624616e-06,-1.20827059032645770e-06
2.19380000000000024e+01,2.19380000000000024e+01,2.13501772018686004e-01,-4.86602667955615686e-03,-4.86602634740372804e-03,-4.02291227018452072e-07,-4.02291199558263897e-07,-8.04582399116527794e-07,-1.20687362613497987e-06,-1.20687359867479174e-06
2.19452500000000015e+01,2.19452500000000015e+01,2.13466502069351555e-01,-4.86361551203273734e-03,-4.86361518026341786e-03,-4.01826255080127424e-07,-4.01826227669732240e-07,-8.03652455339464691e-07,-1.20547871041959217e-06,-1.20547868300919688e-06
2.19525000000000006e+01,2.19525000000000006e+01,2.13431249593761557e-01,-4.86120633511433198e-03,-4.86120600372990687e-03,-4.01361973880635537e-07,-4.01361946520120906e-07,-8.02723893040241918e-07,-1.20408586692087751e-06,-1.20408583956036272e-06
2.19597499999999997e+01,2.19597499999999997e+01,2.13396014577492410e-01,-4.85879914650411138e-03,-4.85879881550319113e-03,-4.00898382166496876e-07,-4.00898354855688255e-07,-8.01796709711376617e-07,-1.20269509187787344e-06,-1.20269506456706487e-06
2.19670000000000023e+01,2.19670000000000023e+01,2.13360797006137221e-01,-4.85639394390702250e-03,-4.85639361328668411e-03,-4.00435478686784490e-07,-4.00435451425381290e-07,-8.00870902850762791e-07,-1.20130638153754723e-06,-1.20130635427614397e-06
2.19742500000000014e+01,2.19742500000000014e+01,2.13325596865305750e-01,-4.85399072502623596e-03,-4.85399039478721060e-03,-3.99973262192826232e-07,-3.99973234980829351e-07,-7.99946469961658808e-07,-1.19991973215448499e-06,-1.19991970494248811e-06
2.19815000000000005e+01,2.19815000000000005e+01,2.13290414140624357e-01,-4.85158948757025144e-03,-4.85158915771499548e-03,-3.99511731438783807e-07,-3.99511704276336342e-07,-7.99023408552672790e-07,-1.19853513999145665e-06,-1.19853511282900908e-06
2.19887499999999996e+01,2.19887499999999996e+01,2.13255248817735971e-01,-4.84919022926000309e-03,-4.84918989978366192e-03,-3.99050885182231883e-07,-3.99050858068874954e-07,-7.98101716137749908e-07,-1.19715260131998179e-06,-1.19715257420662486e-06
2.19960000000000022e+01,2.19960000000000022e+01,2.13220100882300090e-01,-4.84679294780754333e-03,-4.84679261871022189e-03,-3.98590722182396312e-07,-3.98590695118079679e-07,-7.97181390236159359e-07,-1.19577211241855572e-06,-1.19577208535423904e-06
2.20032500000000013e+01,2.20032500000000013e+01,2.13184970319992756e-01,-4.84439764093202996e-03,-4.84439731221507613e-03,-3.98131241201465391e-07,-3.98131214186241093e-07,-7.96262428372482187e-07,-1.19439366957394758e-06,-1.19439364255872323e-06
2.20105000000000004e+01,2.20105000000000004e+01,2.13149857116506580e-01,-4.84200430635972623e-03,-4.84200397802200290e-03,-3.97672441004582343e-07,-3.97672414038298180e-07,-7.95344828076596360e-07,-1.19301726908117870e-06,-1.19301724211489443e-06
2.20177499999999995e+01,2.20177499999999995e+01,2.13114761257550550e-01,-4.83961294181689539e-03,-4.83961261385815016e-03,-3.97214320359255520e-07,-3.97214293441832241e-07,-7.94428586883664270e-07,-1.19164290724291979e-06,-1.19164288032549640e-06
2.20250000000000021e+01,2.20250000000000021e+01,2.13079682728850223e-01,-4.83722354503868246e-03,-4.83722321745403382e-03,-3.96756878036081504e-07,-3.96756851167060228e-07,-7.93513702334120350e-07,-1.19027058037020196e-06,-1.19027055350118058e-06
2.20322500000000012e+01,2.20322500000000012e+01,2.13044621516147503e-01,-4.83483611375135069e-03,-4.83483578654353256e-03,-3.96300112807282066e-07,-3.96300085986828971e-07,-7.92600171973658048e-07,-1.18890028478094017e-06,-1.18890025796048702e-06
2.20395000000000003e+01,2.20395000000000003e+01,2.13009577605200839e-01,-4.83245064569004512e-03,-4.83245031886387743e-03,-3.95844023448156091e-07,-3.95843996676607926e-07,-7.91687993353215640e-07,-1.18753201680137168e-06,-1.18753199002982346e-06
2.20467499999999994e+01,2.20467499999999994e+01,2.12974550981784999e-01,-4.83006713860589798e-03,-4.83006681215564660e-03,-3.95388608737653599e-07,-3.95388582014482503e-07,-7.90777164028964901e-07,-1.18616577276661850e-06,-1.18616574604344751e-06
2.20540000000000020e+01,2.20540000000000020e+01,2.12939541631691043e-01,-4.82768559023938337e-03,-4.82768526416276021e-03,-3.94933867456187224e-07,-3.94933840781148140e-07,-7.89867681562296175e-07,-1.18480154901848340e-06,-1.18480152234344421e-06
2.20612500000000011e+01,2.20612500000000011e+01,2.12904549540726518e-01,-4.82530599833630447e-03,-4.82530567263247771e-03,-3.94479798386937016e-07,-3.94479771759904424e-07,-7.88959543519808743e-07,-1.18343934190674565e-06,-1.18343931527971311e-06
2.20685000000000002e+01,2.20685000000000002e+01,2.12869574694715180e-01,-4.82292836064424080e-03,-4.82292803531538580e-03,-3.94026400315552866e-07,-3.94026373736647257e-07,-7.88052747473294513e-07,-1.18207914778884743e-06,-1.18207912120994182e-06
2.20757499999999993e+01,2.20757499999999993e+01,2.12834617079497190e-01,-4.82055267491965367e-03,-4.82055234996539659e-03,-3.93573672030730331e-07,-3.93573645499863666e-07,-7.87147290999727227e-07,-1.18072096303045750e-06,-1.18072093649959095e-06
2.20830000000000020e+01,2.20830000000000020e+01,2.12799676680928834e-01,-4.81817893892078075e-03,-4.81817861433973642e-03,-3.93121612323622265e-07,-3.93121585840624185e-07,-7.86243171681248581e-07,-1.17936478400487090e-06,-1.17936475752187271e-06
2.20902500000000011e+01,2.20902500000000011e+01,2.12764753484882829e-01,-4.81580715040763607e-03,-4.81580682619895274e-03,-3.92670219987834951e-07,-3.92670193552578877e-07,-7.85340387105157755e-07,-1.17801060709299281e-06,-1.17801058065773658e-06
2.20975000000000001e+01,2.20975000000000001e+01,2.12729847477247935e-01,-4.81343730714201001e-03,-4.81343698330688810e-03,-3.92219493819420905e-07,-3.92219467431947760e-07,-7.84438934863895626e-07,-1.17665842868331658e-06,-1.17665840229584339e-06
2.21047500000000028e+01,2.21047500000000028e+01,2.12694958643929261e-01,-4.81106940689279838e-03,-4.81106908343069319e-03,-3.91769432617308478e-07,-3.91769406277516881e-07,-7.83538812555033657e-07,-1.17530824517234213e-06,-1.17530821883255054e-06
2.21120000000000019e+01,2.21120000000000019e+01,2.12660086970847984e-01,-4.80870344743422606e-03,-4.80870312434080946e-03,-3.91320035183150500e-07,-3.91320008890631442e-07,-7.82640017781262991e-07,-1.17396005296441354e-06,-1.17396002667189443e-06
2.21192500000000010e+01,2.21192500000000010e+01,2.12625232443941464e-01,-4.80633942653341251e-03,-4.80633910381096652e-03,-3.90871300320306260e-07,-3.90871274075188912e-07,-7.81742548150377931e-07,-1.17261384847068419e-06,-1.17261382222556695e-06
2.21265000000000001e+01,2.21265000000000001e+01,2.12590395049163244e-01,-4.80397734196991166e-03,-4.80397701961817868e-03,-3.90423226835426400e-07,-3.90423200637633418e-07,-7.80846401275266731e-07,-1.17126962811069308e-06,-1.17126960191290020e-06
2.21337500000000027e+01,2.21337500000000027e+01,2.12555574772482880e-01,-4.80161719152683020e-03,-4.80161686954273109e-03,-3.89975813537723839e-07,-3.89975787386948810e-07,-7.79951574773897513e-07,-1.16992738831162135e-06,-1.16992736216084643e-06
2.21410000000000018e+01,2.21410000000000018e+01,2.12520771599886110e-01,-4.79925897298372206e-03,-4.79925865136818751e-03,-3.89529059238391225e-07,-3.89529033134653682e-07,-7.79058066269307364e-07,-1.16858712550769854e-06,-1.16858709940396105e-06
2.21482500000000009e+01,2.21482500000000009e+01,2.12485985517374631e-01,-4.79690268412724663e-03,-4.79690236288137038e-03,-3.89082962751461093e-07,-3.89082936694793754e-07,-7.78165873389587507e-07,-1.16724883614104849e-06,-1.16724881008438126e-06
2.21555000000000000e+01,2.21555000000000000e+01,2.12451216510966268e-01,-4.79454832275116871e-03,-4.79454800187236255e-03,-3.88637522893799200e-07,-3.88637496883936307e-07,-7.77274993767872614e-07,-1.16591251666167187e-06,-1.16591249065180892e-06
2.21627500000000026e+01,2.21627500000000026e+01,2.12416464566694718e-01,-4.79219588664570040e-03,-4.79219556613449775e-03,-3.88192738484234617e-07,-3.88192712521163730e-07,-7.76385425042327566e-07,-1.16457816352656218e-06,-1.16457813756349124e-06
2.21700000000000017e+01,2.21700000000000017e+01,2.12381729670609892e-01,-4.78984537360638285e-03,-4.78984505346436319e-03,-3.87748608344275106e-07,-3.87748582428068435e-07,-7.75497164856136869e-07,-1.16324577320041187e-06,-1.16324574728420536e-06
2.21772500000000008e+01,2.21772500000000008e+01,2.12347011808777436e-01,-4.78749678144119173e-03,-4.78749646166178044e-03,-3.87305131298675052e-07,-3.87305105428745019e-07,-7.74610210857490039e-07,-1.16191534215616514e-06,-1.16191531628623501e-06
2.21844999999999999e+01,2.21844999999999999e+01,2.12312310967279011e-01,-4.78515010794389184e-03,-4.78514978852980725e-03,-3.86862306173273571e-07,-3.86862280349784926e-07,-7.73724560699569852e-07,-1.16058686687284348e-06,-1.16058684104935488e-06
2.21917500000000025e+01,2.21917500000000025e+01,2.12277627132212238e-01,-4.78280535092423520e-03,-4.78280503187473310e-03,-3.86420131797433121e-07,-3.86420106020270666e-07,-7.72840212040541226e-07,-1.15926034383797424e-06,-1.15926031806081179e-06
2.21990000000000016e+01,2.21990000000000016e+01,2.12242960289690613e-01,-4.78046250818842111e-03,-4.78046218950607237e-03,-3.85978607002453373e-07,-3.85978581271769628e-07,-7.71957162543539256e-07,-1.15793576954599258e-06,-1.15793574381530894e-06
2.22062500000000007e+01,2.22062500000000007e+01,2.12208310425843510e-01,-4.77812157755508338e-03,-4.77812125923655472e-03,-3.85537730622856646e-07,-3.85537704938327461e-07,-7.71075409876654923e-07,-1.15661314049951152e-06,-1.15661311481498249e-06
2.22134999999999998e+01,2.22134999999999998e+01,2.12173677526816068e-01,-4.77578255683752673e-03,-4.77578223888212253e-03,-3.85097501494947730e-07,-3.85097475856462250e-07,-7.70194951712924606e-07,-1.15529245320787228e-06,-1.15529242756938691e-06
2.22207500000000024e+01,2.22207500000000024e+01,2.12139061578769356e-01,-4.77344544385438496e-03,-4.77344512626192482e-03,-3.84657918457669447e-07,-3.84657892865158534e-07,-7.69315785730317067e-07,-1.15397370418798646e-06,-1.15397367859547549e-06
2.22280000000000015e+01,2.22280000000000015e+01,2.12104462567880181e-01,-4.77111023642962095e-03,-4.77110991919831202e-03,-3.84218980352597093e-07,-3.84218954805861852e-07,-7.68437909611723703e-07,-1.15265688996432074e-06,-1.15265686441758555e-06
2.22352500000000006e+01,2.22352500000000006e+01,2.12069880480341144e-01,-4.76877693238542122e-03,-4.76877661551682909e-03,-3.83780686023359329e-07,-3.83780660522471493e-07,-7.67561321044942880e-07,-1.15134200706830210e-06,-1.15134198156741427e-06
2.22424999999999997e+01,2.22424999999999997e+01,2.12035315302360583e-01,-4.76644552955285405e-03,-4.76644521304620851e-03,-3.83343034316491992e-07,-3.83343008861335306e-07,-7.66686017722670613e-07,-1.15002905203916250e-06,-1.15002902658400597e-06
2.22497500000000024e+01,2.22497500000000024e+01,2.12000767020162600e-01,-4.76411602576476412e-03,-4.76411570961836860e-03,-3.82906024080859786e-07,-3.82905998671243667e-07,-7.65811997342487334e-07,-1.14871802142334723e-06,-1.14871799601373100e-06
2.22570000000000014e+01,2.22570000000000014e+01,2.11966235619987009e-01,-4.76178841885221971e-03,-4.76178810306840568e-03,-3.82469654167365953e-07,-3.82469628803423757e-07,-7.64939257606847514e-07,-1.14740891177421357e-06,-1.14740888641027127e-06
2.22642500000000005e+01,2.22642500000000005e+01,2.11931721088089248e-01,-4.75946270666227633e-03,-4.75946239123458542e-03,-3.82033923430373606e-07,-3.82033898111532844e-07,-7.64067796223065688e-07,-1.14610171965343924e-06,-1.14610169433459848e-06
2.22714999999999996e+01,2.22714999999999996e+01,2.11897223410740410e-01,-4.75713888702600229e-03,-4.75713857195834196e-03,-3.81598830725132009e-07,-3.81598805451652773e-07,-7.63197610903305545e-07,-1.14479644162843761e-06,-1.14479641635495821e-06
2.22787500000000023e+01,2.22787500000000023e+01,2.11862742574227353e-01,-4.75481695779045310e-03,-4.75481664308426925e-03,-3.81164374910339652e-07,-3.81164349682284198e-07,-7.62328699364568503e-07,-1.14349307427490815e-06,-1.14349304904685260e-06
2.22860000000000014e+01,2.22860000000000014e+01,2.11828278564852424e-01,-4.75249691680978970e-03,-4.75249660246011840e-03,-3.80730554847424058e-07,-3.80730529664340972e-07,-7.61461059328681944e-07,-1.14219161417610590e-06,-1.14219158899302292e-06
2.22932500000000005e+01,2.22932500000000005e+01,2.11793831368933622e-01,-4.75017876192751487e-03,-4.75017844793678822e-03,-3.80297369399112365e-07,-3.80297344261143154e-07,-7.60594688522286308e-07,-1.14089205792139867e-06,-1.14089203278342951e-06
2.23004999999999995e+01,2.23004999999999995e+01,2.11759400972804462e-01,-4.74786249100489499e-03,-4.74786217736832081e-03,-3.79864817431704283e-07,-3.79864792338412248e-07,-7.59729584676824496e-07,-1.13959440210852873e-06,-1.13959437701523674e-06
2.23077500000000022e+01,2.23077500000000022e+01,2.11724987362814060e-01,-4.74554810189076193e-03,-4.74554778861189554e-03,-3.79432897812647834e-07,-3.79432872764264427e-07,-7.58865745528529066e-07,-1.13829864334117685e-06,-1.13829861829279349e-06
2.23150000000000013e+01,2.23150000000000013e+01,2.11690590525327044e-01,-4.74323559245171111e-03,-4.74323527952782986e-03,-3.79001609412951649e-07,-3.79001584409206349e-07,-7.58003168818412699e-07,-1.13700477823136435e-06,-1.13700475322761899e-06
2.23222500000000004e+01,2.23222500000000004e+01,2.11656210446723531e-01,-4.74092496054723256e-03,-4.74092464797956116e-03,-3.78570951105189147e-07,-3.78570926146127006e-07,-7.57141852292254117e-07,-1.13571280339744326e-06,-1.13571277843838102e-06
2.23294999999999995e+01,2.23294999999999995e+01,2.11621847113399125e-01,-4.73861620404569805e-03,-4.73861589183365364e-03,-3.78140921764772048e-07,-3.78140896850293803e-07,-7.56281793700587501e-07,-1.13442271546535950e-06,-1.13442269055088125e-06
2.23367500000000021e+01,2.23367500000000021e+01,2.11587500511764864e-01,-4.73630932081903211e-03,-4.73630900895978275e-03,-3.77711520269518281e-07,-3.77711495399345471e-07,-7.55422990798691047e-07,-1.13313451106820938e-06,-1.13313448619803647e-06
2.23440000000000012e+01,2.23440000000000012e+01,2.11553170628247245e-01,-4.73400430873560651e-03,-4.73400399723073861e-03,-3.77282745499080977e-07,-3.77282720673287823e-07,-7.54565441346575646e-07,-1.13184818684565652e-06,-1.13184816201986347e-06
2.23512500000000003e+01,2.23512500000000003e+01,2.11518857449288222e-01,-4.73170116567089849e-03,-4.73170085452241391e-03,-3.76854596335792857e-07,-3.76854571554486456e-07,-7.53709143108972912e-07,-1.13056373944476566e-06,-1.13056371466345942e-06
2.23584999999999994e+01,2.23584999999999994e+01,2.11484560961345019e-01,-4.72939988950926704e-03,-4.72939957871380042e-03,-3.76427071664801755e-07,-3.76427046927661717e-07,-7.52854093855323434e-07,-1.12928116552012514e-06,-1.12928114078298510e-06
2.23657500000000020e+01,2.23657500000000020e+01,2.11450281150890318e-01,-4.72710047813151846e-03,-4.72710016768698379e-03,-3.76000170373074404e-07,-3.76000145679882776e-07,-7.52000291359765658e-07,-1.12800046173284011e-06,-1.12800043703964838e-06
2.23730000000000011e+01,2.23730000000000011e+01,2.11416018004412121e-01,-4.72480292942023539e-03,-4.72480261932713749e-03,-3.75573891349817461e-07,-3.75573866700562649e-07,-7.51147733401125404e-07,-1.12672162475094281e-06,-1.12672160010168816e-06
2.23802500000000002e+01,2.23802500000000002e+01,2.11381771508413724e-01,-4.72250724126332955e-03,-4.72250693152251929e-03,-3.75148233486753588e-07,-3.75148208881451369e-07,-7.50296417762902738e-07,-1.12544465124965633e-06,-1.12544462664435421e-06
2.23875000000000028e+01,2.23875000000000028e+01,2.11347541649413773e-01,-4.72021341155581808e-03,-4.72021310216446093e-03,-3.74723195678257138e-07,-3.74723171116630797e-07,-7.49446342233261700e-07,-1.12416953791151894e-06,-1.12416951334989239e-06
2.23947500000000019e+01,2.23947500000000019e+01,2.11313328413946178e-01,-4.71792143818561271e-03,-4.71792112914737067e-03,-3.74298776820220983e-07,-3.74298752302509647e-07,-7.48597504605019400e-07,-1.12289628142524044e-06,-1.12289625690752915e-06
2.24020000000000010e+01,2.24020000000000010e+01,2.11279131788560087e-01,-4.71563131905838873e-03,-4.71563101036871855e-03,-3.73874975812024963e-07,-3.73874951337816710e-07,-7.47749902675633419e-07,-1.12162487848765828e-06,-1.12162485401345018e-06
2.24092500000000001e+01,2.24092500000000001e+01,2.11244951759819832e-01,-4.71334305206916326e-03,-4.71334274372903640e-03,-3.73451791554274893e-07,-3.73451767123595557e-07,-7.46903534247191219e-07,-1.12035532580146611e-06,-1.12035530137078683e-06
2.24165000000000028e+01,2.24165000000000028e+01,2.11210788314305065e-01,-4.71105663512361161e-03,-4.71105632713191263e-03,-3.73029222950489481e-07,-3.73029198563199514e-07,-7.46058397126398922e-07,-1.11908762007688835e-06,-1.11908759568959833e-06
2.24237500000000018e+01,2.24237500000000018e+01,2.11176641438610563e-01,-4.70877206612740906e-03,-4.70877175848398530e-03,-3.72607268906249327e-07,-3.72607244562285677e-07,-7.45214489124571566e-07,-1.11782175803082084e-06,-1.11782173368685719e-06
2.24310000000000009e+01,2.24310000000000009e+01,2.11142511119346232e-01,-4.70648934299155997e-03,-4.70648903569493605e-03,-3.72185928329613923e-07,-3.72185904028809037e-07,-7.44371808057618180e-07,-1.11655773638723216e-06,-1.11655771208642716e-06
2.24382500000000000e+01,2.24382500000000000e+01,2.11108397343137189e-01,-4.70420846362529232e-03,-4.70420815667748574e-03,-3.71765200130554728e-07,-3.71765175873017291e-07,-7.43530351746034688e-07,-1.11529555187658952e-06,-1.11529552761905203e-06
2.24455000000000027e+01,2.24455000000000027e+01,2.11074300096623646e-01,-4.70192942594671592e-03,-4.70192911934738840e-03,-3.71345083221792405e-07,-3.71345059007444913e-07,-7.42690118014889827e-07,-1.11403520123668213e-06,-1.11403517702233485e-06
2.24527500000000018e+01,2.24527500000000018e+01,2.11040219366460946e-01,-4.69965222787749326e-03,-4.69965192162342948e-03,-3.70925576518370604e-07,-3.70925552346908602e-07,-7.41851104693817310e-07,-1.11277668121218786e-06,-1.11277665704072586e-06
2.24600000000000009e+01,2.24600000000000009e+01,2.11006155139319418e-01,-4.69737686733573412e-03,-4.69737656142741374e-03,-3.70506678937089457e-07,-3.70506654808500452e-07,-7.41013309617000903e-07,-1.11151998855409036e-06,-1.11151996442550135e-06
2.24672499999999999e+01,2.24672499999999999e+01,2.10972107401884573e-01,-4.69510334224665371e-03,-4.69510303668416434e-03,-3.70088389397342500e-07,-3.70088365311583080e-07,-7.40176730623165949e-07,-1.11026512002050845e-06,-1.11026509593474903e-06
2.24745000000000026e+01,2.24745000000000026e+01,2.10938076140856828e-01,-4.69283165054079632e-03,-4.69283134532151591e-03,-3.69670706820970558e-07,-3.69670682777783967e-07,-7.39341365555567828e-07,-1.10901207237653839e-06,-1.10901204833335190e-06
2.24817500000000017e+01,2.24817500000000017e+01,2.10904061342951726e-01,-4.69056179014515351e-03,-4.69056148527031286e-03,-3.69253630131557491e-07,-3.69253606130990686e-07,-7.38507212261981373e-07,-1.10776084239353897e-06,-1.10776081839297201e-06
2.24890000000000008e+01,2.24890000000000008e+01,2.10870062994899743e-01,-4.68829375899382228e-03,-4.68829345446439890e-03,-3.68837158255264522e-07,-3.68837134297344503e-07,-7.37674268594688900e-07,-1.10651142684995337e-06,-1.10651140289203346e-06
2.24962499999999999e+01,2.24962499999999999e+01,2.10836081083446314e-01,-4.68602755502622870e-03,-4.68602725084061363e-03,-3.68421290120684811e-07,-3.68421266205235024e-07,-7.36842532410470153e-07,-1.10526382253115496e-06,-1.10526379861570528e-06
2.25035000000000025e+01,2.25035000000000025e+01,2.10802115595351836e-01,-4.68376317618357518e-03,-4.68376287233878731e-03,-3.68006024658558800e-07,-3.68006000785295277e-07,-7.36012001570590659e-07,-1.10401802622914941e-06,-1.10401800235588599e-06
2.25107500000000016e+01,2.25107500000000016e+01,2.10768166517391664e-01,-4.68150062040528780e-03,-4.68150031690173912e-03,-3.67591360801490773e-07,-3.67591336970396520e-07,-7.35182673940793146e-07,-1.10277403474228387e-06,-1.10277401091118956e-06
2.25180000000000007e+01,2.25180000000000007e+01,2.10734233836355977e-01,-4.67923988563612170e-03,-4.67923958247526330e-03,-3.67177297484501971e-07,-3.67177273695641469e-07,-7.34354547391283043e-07,-1.10153184487578491e-06,-1.10153182108692451e-06
2.25252499999999998e+01,2.25252499999999998e+01,2.10700317539049942e-01,-4.67698096982616107e-03,-4.67698066700813434e-03,-3.66763833645025612e-07,-3.66763809898360586e-07,-7.33527619796721066e-07,-1.10029145344174663e-06,-1.10029142969508160e-06
2.25325000000000024e+01,2.25325000000000024e+01,2.10666417612293488e-01,-4.67472387092904285e-03,-4.67472356845209051e-03,-3.66350968222761737e-07,-3.66350944518105045e-07,-7.32701889036210089e-07,-1.09905285725897183e-06,-1.09905283355431519e-06
2.25397500000000015e+01,2.25397500000000015e+01,2.10632534042921454e-01,-4.67246858689840394e-03,-4.67246828476184164e-03,-3.65938700159394556e-07,-3.65938676496643496e-07,-7.31877352993286886e-07,-1.09781605315268150e-06,-1.09781602948993033e-06
2.25470000000000006e+01,2.25470000000000006e+01,2.10598666817783470e-01,-4.67021511569143399e-03,-4.67021481389505184e-03,-3.65527028398865311e-07,-3.65527004777954501e-07,-7.31054009555909003e-07,-1.09658103795477421e-06,-1.09658101433386350e-06
2.25542499999999997e+01,2.25542499999999997e+01,2.10564815923743931e-01,-4.66796345526887535e-03,-4.66796315381234027e-03,-3.65115951887368027e-07,-3.65115928308222454e-07,-7.30231856616444802e-07,-1.09534780850381278e-06,-1.09534778492466736e-06
2.25615000000000023e+01,2.25615000000000023e+01,2.10530981347682056e-01,-4.66571360359679943e-03,-4.66571330247727428e-03,-3.64705469573482826e-07,-3.64705446035831968e-07,-7.29410892071663829e-07,-1.09411636164514666e-06,-1.09411633810749569e-06
2.25687500000000014e+01,2.25687500000000014e+01,2.10497163076491772e-01,-4.66346555863950130e-03,-4.66346525785636679e-03,-3.64295580407615978e-07,-3.64295556911362955e-07,-7.28591113822726015e-07,-1.09288669423034210e-06,-1.09288667073408902e-06
2.25760000000000005e+01,2.25760000000000005e+01,2.10463361097081803e-01,-4.66121931836127601e-03,-4.66121901791906931e-03,-3.63886283342133999e-07,-3.63886259887584749e-07,-7.27772519775169286e-07,-1.09165880311730328e-06,-1.09165877966275409e-06
2.25832499999999996e+01,2.25832499999999996e+01,2.10429575396375551e-01,-4.65897488073885313e-03,-4.65897458063776332e-03,-3.63477577332330275e-07,-3.63477553919450863e-07,-7.26955107838901938e-07,-1.09043268517123221e-06,-1.09043266175835280e-06
2.25905000000000022e+01,2.25905000000000022e+01,2.10395805961311050e-01,-4.65673224375784400e-03,-4.65673194398776111e-03,-3.63069461336140775e-07,-3.63069437964094281e-07,-7.26138875928188456e-07,-1.08920833726432928e-06,-1.08920831389228279e-06
2.25977500000000013e+01,2.25977500000000013e+01,2.10362052778841069e-01,-4.65449140538076733e-03,-4.65449110594729713e-03,-3.62661934311646259e-07,-3.62661910980821894e-07,-7.25323821961643681e-07,-1.08798575627328989e-06,-1.08798573294246552e-06
2.26050000000000004e+01,2.26050000000000004e+01,2.10328315835933033e-01,-4.65225236359145811e-03,-4.65225206449752359e-03,-3.62254995220531770e-07,-3.62254971931109051e-07,-7.24509943862218103e-07,-1.08676493908274993e-06,-1.08676491579332705e-06
2.26122499999999995e+01,2.26122499999999995e+01,2.10294595119568994e-01,-4.65001511638263310e-03,-4.65001481762250535e-03,-3.61848643027109953e-07,-3.61848619778594797e-07,-7.23697239557189594e-07,-1.08554588258429965e-06,-1.08554585933578444e-06
2.26195000000000022e+01,2.26195000000000022e+01,2.10260890616745466e-01,-4.64777966173635093e-03,-4.64777936330921203e-03,-3.61442876696794809e-07,-3.61442853489075989e-07,-7.22885706978151978e-07,-1.08432858367494673e-06,-1.08432856046722802e-06
2.26267500000000013e+01,2.26267500000000013e+01,2.10227202314473810e-01,-4.64554599763644660e-03,-4.64554569954752240e-03,-3.61037695197067415e-07,-3.61037672030503491e-07,-7.22075344061006982e-07,-1.08311303925807445e-06,-1.08311301609151053e-06
2.26340000000000003e+01,2.26340000000000003e+01,2.10193530199779738e-01,-4.64331412208629501e-03,-4.64331382433020527e-03,-3.60633097498850027e-07,-3.60633074372975236e-07,-7.21266148745950473e-07,-1.08189924624480055e-06,-1.08189922311892576e-06
2.26412499999999994e+01,2.26412499999999994e+01,2.10159874259703561e-01,-4.64108403307328388e-03,-4.64108373565292470e-03,-3.60229082573740303e-07,-3.60229059488732046e-07,-7.20458118977464305e-07,-1.08068720155120471e-06,-1.08068717846619630e-06
2.26485000000000021e+01,2.26485000000000021e+01,2.10126234481300134e-01,-4.63885572860256445e-03,-4.63885543151423049e-03,-3.59825649396629219e-07,-3.59825626352152547e-07,-7.19651252704305200e-07,-1.07947690210093442e-06,-1.07947687905645780e-06
2.26557500000000012e+01,2.26557500000000012e+01,2.10092610851638800e-01,-4.63662920667218259e-03,-4.63662890991555724e-03,-3.59422796943764854e-07,-3.59422773939748034e-07,-7.18845547879496069e-07,-1.07826834482326082e-06,-1.07826832181924400e-06
2.26630000000000003e+01,2.26630000000000003e+01,2.10059003357803392e-01,-4.63440446528551320e-03,-4.63440416886121403e-03,-3.59020524193712931e-07,-3.59020501230156758e-07,-7.18041002460313727e-07,-1.07706152665402655e-06,-1.07706150369047038e-06
2.26702499999999993e+01,2.26702499999999993e+01,2.10025411986892174e-01,-4.63218150245303661e-03,-4.63218120635838088e-03,-3.58618830127489796e-07,-3.58618807204139524e-07,-7.17237614408278943e-07,-1.07585644453576879e-06,-1.07585642161241852e-06
2.26775000000000020e+01,2.26775000000000020e+01,2.09991836726017816e-01,-4.62996031618168047e-03,-4.62996002041710531e-03,-3.58217713727731113e-07,-3.58217690844573877e-07,-7.16435381689147649e-07,-1.07465309541687876e-06,-1.07465307253372147e-06
2.26847500000000011e+01,2.26847500000000011e+01,2.09958277562307533e-01,-4.62774090448014874e-03,-4.62774060905029889e-03,-3.57817173979101980e-07,-3.57817151136450178e-07,-7.15634302272900461e-07,-1.07345147625200239e-06,-1.07345145340935064e-06
2.26920000000000002e+01,2.26920000000000002e+01,2.09924734482902858e-01,-4.62552326537313263e-03,-4.62552297027372765e-03,-3.57417209869389714e-07,-3.57417187066865569e-07,-7.14834374133731137e-07,-1.07225158400312090e-06,-1.07225156120059671e-06
2.26992500000000028e+01,2.26992500000000028e+01,2.09891207474959596e-01,-4.62330739687821790e-03,-4.62330710210600692e-03,-3.57017820387712745e-07,-3.57017797625018577e-07,-7.14035595250037153e-07,-1.07105341563774985e-06,-1.07105339287505568e-06
2.27065000000000019e+01,2.27065000000000019e+01,2.09857696525648119e-01,-4.62109329700943761e-03,-4.62109300256860565e-03,-3.56619004524793358e-07,-3.56618981802205935e-07,-7.13237963604411975e-07,-1.06985696812920544e-06,-1.06985694540661786e-06
2.27137500000000010e+01,2.27137500000000010e+01,2.09824201622152956e-01,-4.61888096379858837e-03,-4.61888066968582818e-03,-3.56220761274597603e-07,-3.56220738591815276e-07,-7.12441477183630658e-07,-1.06866223845822837e-06,-1.06866221577544583e-06
2.27210000000000001e+01,2.27210000000000001e+01,2.09790722751673042e-01,-4.61667039526858503e-03,-4.61667010148481688e-03,-3.55823089632273992e-07,-3.55823066989321589e-07,-7.11646133978643283e-07,-1.06746922361091722e-06,-1.06746920096796493e-06
2.27282500000000027e+01,2.27282500000000027e+01,2.09757259901421522e-01,-4.61446158945477691e-03,-4.61446129599554517e-03,-3.55425988595793398e-07,-3.55425965992281497e-07,-7.10851931984562887e-07,-1.06627792058035629e-06,-1.06627789797684438e-06
2.27355000000000018e+01,2.27355000000000018e+01,2.09723813058625946e-01,-4.61225454438185523e-03,-4.61225425125081755e-03,-3.55029457164164897e-07,-3.55029434600329342e-07,-7.10058869200658790e-07,-1.06508832636482363e-06,-1.06508830380098803e-06
2.27427500000000009e+01,2.27427500000000009e+01,2.09690382210527992e-01,-4.61004925809049837e-03,-4.61004896528625571e-03,-3.54633494339483779e-07,-3.54633471815170941e-07,-7.09266943630341881e-07,-1.06390043796982571e-06,-1.06390041544551287e-06
2.27500000000000000e+01,2.27500000000000000e+01,2.09656967344383660e-01,-4.60784572861605568e-03,-4.60784543614030026e-03,-3.54238099125285080e-07,-3.54238076640579237e-07,-7.08476153281158475e-07,-1.06271425240644350e-06,-1.06271422992173771e-06
2.27572500000000026e+01,2.27572500000000026e+01,2.09623568447463049e-01,-4.60564395400631099e-03,-4.60564366185420120e-03,-3.53843270527905768e-07,-3.53843248082389122e-07,-7.07686496164778243e-07,-1.06152976669268396e-06,-1.06152974424716742e-06
2.27645000000000017e+01,2.27645000000000017e+01,2.09590185507050580e-01,-4.60344393229661364e-03,-4.60344364047201964e-03,-3.53449007554569070e-07,-3.53448985148493349e-07,-7.06897970296986591e-07,-1.06034697785155556e-06,-1.06034695544548005e-06
2.27717500000000008e+01,2.27717500000000008e+01,2.09556818510444748e-01,-4.60124566154362924e-03,-4.60124537004061480e-03,-3.53055309215972163e-07,-3.53055286848836293e-07,-7.06110573697672586e-07,-1.05916588291364475e-06,-1.05916586054650883e-06
2.27789999999999999e+01,2.27789999999999999e+01,2.09523467444958228e-01,-4.59904913978270713e-03,-4.59904884860964577e-03,-3.52662174523009051e-07,-3.52662152195410032e-07,-7.05324304390820063e-07,-1.05798647891382906e-06,-1.05798645658623009e-06
2.27862500000000026e+01,2.27862500000000026e+01,2.09490132297917880e-01,-4.59685436508294742e-03,-4.59685407423156191e-03,-3.52269602490991280e-07,-3.52269580202249050e-07,-7.04539160404498100e-07,-1.05680876289548938e-06,-1.05680874060674720e-06
2.27935000000000016e+01,2.27935000000000016e+01,2.09456813056664526e-01,-4.59466133549035760e-03,-4.59466104496160117e-03,-3.51877592135283071e-07,-3.51877569885425742e-07,-7.03755139770851379e-07,-1.05563273190613440e-06,-1.05563270965627717e-06
2.28007500000000007e+01,2.28007500000000007e+01,2.09423509708553279e-01,-4.59247004906160328e-03,-4.59246975885778484e-03,-3.51486142473885725e-07,-3.51486120263045010e-07,-7.02972240526090020e-07,-1.05445838299997580e-06,-1.05445836078913503e-06
2.28079999999999998e+01,2.28079999999999998e+01,2.09390222240953133e-01,-4.59028050386223185e-03,-4.59028021398090891e-03,-3.51095252527295740e-07,-3.51095230355239764e-07,-7.02190460710479633e-07,-1.05328571323777537e-06,-1.05328569106571940e-06
2.28152500000000025e+01,2.28152500000000025e+01,2.09356950641247264e-01,-4.58809269795423802e-03,-4.58809240839454409e-03,-3.50704921317548252e-07,-3.50704899184165947e-07,-7.01409798368331894e-07,-1.05211471968588004e-06,-1.05211469755249789e-06
2.28225000000000016e+01,2.28225000000000016e+01,2.09323694896832807e-01,-4.58590662940316918e-03,-4.58590634016502966e-03,-3.50315147868757279e-07,-3.50315125773998300e-07,-7.00630251547996599e-07,-1.05094539941675377e-06,-1.05094537732199485e-06
2.28297500000000007e+01,2.28297500000000007e+01,2.09290454995120917e-01,-4.58372229627812544e-03,-4.58372200736146748e-03,-3.49925931207110217e-07,-3.49925909150924377e-07,-6.99851818301848754e-07,-1.04977774950895897e-06,-1.04977772745277308e-06
2.28369999999999997e+01,2.28369999999999997e+01,2.09257230923536791e-01,-4.58153969664998328e-03,-4.58153940805571674e-03,-3.49537270360728610e-07,-3.49537248343140897e-07,-6.99074496686281687e-07,-1.04861176704701035e-06,-1.04861174502942269e-06
2.28442500000000024e+01,2.28442500000000024e+01,2.09224022669519477e-01,-4.57935882859850096e-03,-4.57935854032238878e-03,-3.49149164360205166e-07,-3.49149142380847914e-07,-6.98298284761695723e-07,-1.04744744912190094e-06,-1.04744742714254369e-06
2.28515000000000015e+01,2.28515000000000015e+01,2.09190830220522123e-01,-4.57717969019455495e-03,-4.57717940223884880e-03,-3.48761612237244855e-07,-3.48761590296245543e-07,-6.97523180592491192e-07,-1.04628479282973605e-06,-1.04628477088873668e-06
2.28587500000000006e+01,2.28587500000000006e+01,2.09157653564011670e-01,-4.57500227952145622e-03,-4.57500199188520112e-03,-3.48374613026285967e-07,-3.48374591123527705e-07,-6.96749182247055409e-07,-1.04512379527334132e-06,-1.04512377337058317e-06
2.28659999999999997e+01,2.28659999999999997e+01,2.09124492687469077e-01,-4.57282659465896302e-03,-4.57282630734429010e-03,-3.47988165763277107e-07,-3.47988143898877897e-07,-6.95976287797756005e-07,-1.04396445356103311e-06,-1.04396443169663390e-06
2.28732500000000023e+01,2.28732500000000023e+01,2.09091347578389097e-01,-4.57065263370104446e-03,-4.57065234670169483e-03,-3.47602269487025139e-07,-3.47602247660464849e-07,-6.95204495320929698e-07,-1.04280676480795484e-06,-1.04280674298139449e-06
2.28805000000000014e+01,2.28805000000000014e+01,2.09058218224280418e-01,-4.56848039472745882e-03,-4.56848010804572491e-03,-3.47216923237028211e-07,-3.47216901448437496e-07,-6.94433802896874992e-07,-1.04165072613390310e-06,-1.04165070434531249e-06
2.28877500000000005e+01,2.28877500000000005e+01,2.09025104612665574e-01,-4.56630987582684611e-03,-4.56630958946741342e-03,-3.46832126055229115e-07,-3.46832104304920107e-07,-6.93664208609840214e-07,-1.04049633466506938e-06,-1.04049631291476021e-06
2.28949999999999996e+01,2.28949999999999996e+01,2.08992006731080926e-01,-4.56414107510383360e-03,-4.56414078906051349e-03,-3.46447876986549021e-07,-3.46447855274007889e-07,-6.92895710548015672e-07,-1.03934358753456480e-06,-1.03934356582202356e-06
2.29022500000000022e+01,2.29022500000000022e+01,2.08958924567076543e-01,-4.56197399065239040e-03,-4.56197370492149312e-03,-3.46064175076858520e-07,-3.46064153401761855e-07,-6.92128306803523605e-07,-1.03819248188038212e-06,-1.03819246020528546e-06
2.29095000000000013e+01,2.29095000000000013e+01,2.08925858108216483e-01,-4.55980862055938019e-03,-4.55980833514953339e-03,-3.45681019373246444e-07,-3.45680997736205276e-07,-6.91361995472410553e-07,-1.03704301484565689e-06,-1.03704299320861572e-06
2.29167500000000004e+01,2.29167500000000004e+01,2.08892807342078435e-01,-4.55764496294186472e-03,-4.55764467784651895e-03,-3.45298408926843247e-07,-3.45298387327317592e-07,-6.90596774654635290e-07,-1.03589518358147848e-06,-1.03589516198195283e-06
2.29239999999999995e+01,2.29239999999999995e+01,2.08859772256253823e-01,-4.55548301589736582e-03,-4.55548273111703542e-03,-3.44916342789045031e-07,-3.44916321227030707e-07,-6.89832642454061308e-07,-1.03474898524310623e-06,-1.03474896368109207e-06
2.29312500000000021e+01,2.29312500000000021e+01,2.08826752838347895e-01,-4.55332277753406345e-03,-4.55332249306836506e-03,-3.44534820013798792e-07,-3.44534798489223694e-07,-6.89069596978447177e-07,-1.03360441699224602e-06,-1.03360439546767092e-06
2.29385000000000012e+01,2.29385000000000012e+01,2.08793749075979584e-01,-4.55116424596191393e-03,-4.55116396181048412e-03,-3.44153839656925691e-07,-3.44153818169719251e-07,-6.88307636339438502e-07,-1.03246147599636419e-06,-1.03246145450915786e-06
2.29457500000000003e+01,2.29457500000000003e+01,2.08760760956781477e-01,-4.54900741929087360e-03,-4.54900713545605337e-03,-3.43773400775981718e-07,-3.43773379326277980e-07,-6.87546758652555855e-07,-1.03132015942853763e-06,-1.03132013797883389e-06
2.29529999999999994e+01,2.29529999999999994e+01,2.08727788468399872e-01,-4.54685229564155691e-03,-4.54685201212041718e-03,-3.43393502431059571e-07,-3.43393481018594260e-07,-6.86786962037188520e-07,-1.03018046446824804e-06,-1.03018044305578283e-06
2.29602500000000020e+01,2.29602500000000020e+01,2.08694831598494640e-01,-4.54469887313457832e-03,-4.54469858992159574e-03,-3.43014143683978039e-07,-3.43014122308291481e-07,-6.86028244616582856e-07,-1.02904238830056100e-06,-1.02904236692487439e-06
2.29675000000000011e+01,2.29675000000000011e+01,2.08661890334739447e-01,-4.54254714987634145e-03,-4.54254686698028591e-03,-3.42635323597206804e-07,-3.42635302258918339e-07,-6.85270604517836678e-07,-1.02790592811504343e-06,-1.02790590677675502e-06
2.29747500000000002e+01,2.29747500000000002e+01,2.08628964664821448e-01,-4.54039712400344797e-03,-4.54039684141985082e-03,-3.42257041237212962e-07,-3.42257019935942801e-07,-6.84514039871885708e-07,-1.02677108110909878e-06,-1.02677105980782846e-06
2.29820000000000029e+01,2.29820000000000029e+01,2.08596054576441370e-01,-4.53824879364006506e-03,-4.53824851136631555e-03,-3.41879295671239595e-07,-3.41879274406748611e-07,-6.83758548813497328e-07,-1.02563784448473687e-06,-1.02563782322024599e-06
2.29892500000000020e+01,2.29892500000000020e+01,2.08563160057313679e-01,-4.53610215690858354e-03,-4.53610187494837055e-03,-3.41502085968107228e-07,-3.41502064740630948e-07,-6.83004129481261897e-07,-1.02450621544936907e-06,-1.02450619422189290e-06
2.29965000000000011e+01,2.29965000000000011e+01,2.08530281095166192e-01,-4.53395721194738144e-03,-4.53395693029735349e-03,-3.41125411199546948e-07,-3.41125390008790817e-07,-6.82250780017581633e-07,-1.02337619121712858e-06,-1.02337617002637234e-06
2.30037500000000001e+01,2.30037500000000001e+01,2.08497417677740438e-01,-4.53181395688595501e-03,-4.53181367554725701e-03,-3.40749270438323380e-07,-3.40749249284331443e-07,-6.81498498568662887e-07,-1.02224776900698621e-06,-1.02224774785299438e-06
2.30110000000000028e+01,2.30110000000000028e+01,2.08464569792791321e-01,-4.52967238986445864e-03,-4.52967210883471576e-03,-3.40373662759701752e-07,-3.40373641642253358e-07,-6.80747283284506821e-07,-1.02112094604420857e-06,-1.02112092492676029e-06
2.30182500000000019e+01,2.30182500000000019e+01,2.08431737428087405e-01,-4.52753250901771764e-03,-4.52753222829901068e-03,-3.39998587240241133e-07,-3.39998566159450789e-07,-6.79997132318901367e-07,-1.01999571955914255e-06,-1.01999569847835216e-06
2.30255000000000010e+01,2.30255000000000010e+01,2.08398920571410573e-01,-4.52539431249299184e-03,-4.52539403208205172e-03,-3.39624042959125176e-07,-3.39624021914705527e-07,-6.79248043829411055e-07,-1.01887208678853628e-06,-1.01887206574411663e-06
2.30327500000000001e+01,2.30327500000000001e+01,2.08366119210556255e-01,-4.52325779843043563e-03,-4.52325751832838557e-03,-3.39250028996690348e-07,-3.39250007988684010e-07,-6.78500015977368020e-07,-1.01775004497405831e-06,-1.01775002396605198e-06
2.30400000000000027e+01,2.30400000000000027e+01,2.08333333333333315e-01,-4.52112296497730881e-03,-4.52112268518518445e-03,-3.38876544435489110e-07,-3.38876523463932083e-07,-6.77753046927864060e-07,-1.01662959136335322e-06,-1.01662957039179620e-06
2.30472500000000018e+01,2.30472500000000018e+01,2.08300562927564076e-01,-4.51898981028620028e-03,-4.51898953080224434e-03,-3.38503588360152122e-07,-3.38503567424871027e-07,-6.77007134849742055e-07,-1.01551072320989423e-06,-1.01551070227461308e-06
2.30545000000000009e+01,2.30545000000000009e+01,2.08267807981084158e-01,-4.51685833251147528e-03,-4.51685805333197719e-03,-3.38131159857117027e-07,-3.38131138957792639e-07,-6.76262277915585385e-07,-1.01439343777270241e-06,-1.01439341687337802e-06
2.30617500000000000e+01,2.30617500000000000e+01,2.08235068481742669e-01,-4.51472852980039363e-03,-4.51472825092941090e-03,-3.37759258013960516e-07,-3.37759237150855311e-07,-6.75518474301710515e-07,-1.01327773231567098e-06,-1.01327771145256572e-06
2.30690000000000026e+01,2.30690000000000026e+01,2.08202344417402041e-01,-4.51260040031620235e-03,-4.51260012175217894e-03,-3.37387881921122517e-07,-3.37387861094078840e-07,-6.74775722188157679e-07,-1.01216360410928030e-06,-1.01216358328223641e-06
2.30762500000000017e+01,2.30762500000000017e+01,2.08169635775938083e-01,-4.51047394221859577e-03,-4.51047366396052380e-03,-3.37017030670440245e-07,-3.37017009879341523e-07,-6.74034019758682939e-07,-1.01105105042912324e-06,-1.01105102963802446e-06
2.30835000000000008e+01,2.30835000000000008e+01,2.08136942545239872e-01,-4.50834915366904454e-03,-4.50834887571728397e-03,-3.36646703355541965e-07,-3.36646682600374010e-07,-6.73293365200748125e-07,-1.00994006855629009e-06,-1.00994004780112203e-06
2.30907499999999999e+01,2.30907499999999999e+01,2.08104264713209891e-01,-4.50622603283434842e-03,-4.50622575518789745e-03,-3.36276899072109415e-07,-3.36276878352756501e-07,-6.72553756705512896e-07,-1.00883065577762231e-06,-1.00883063505826934e-06
2.30980000000000025e+01,2.30980000000000025e+01,2.08071602267763778e-01,-4.50410457788308349e-03,-4.50410430054038781e-03,-3.35907616917607497e-07,-3.35907596233912817e-07,-6.71815192467825633e-07,-1.00772280938543318e-06,-1.00772278870173840e-06
2.31052500000000016e+01,2.31052500000000016e+01,2.08038955196830577e-01,-4.50198478698204951e-03,-4.50198450994537119e-03,-3.35538855991016453e-07,-3.35538835343107909e-07,-6.71077670686215923e-07,-1.00661652667723232e-06,-1.00661650602932383e-06
2.31125000000000007e+01,2.31125000000000007e+01,2.08006323488352546e-01,-4.49986665830870436e-03,-4.49986638157604153e-03,-3.35170615393754287e-07,-3.35170594781441985e-07,-6.70341189562883970e-07,-1.00551180495663815e-06,-1.00551178434432601e-06
2.31197499999999998e+01,2.31197499999999998e+01,2.07973707130285096e-01,-4.49775019003872956e-03,-4.49774991360817229e-03,-3.34802894228745558e-07,-3.34802873651846751e-07,-6.69605747303693502e-07,-1.00440864153243895e-06,-1.00440862095554020e-06
2.31270000000000024e+01,2.31270000000000024e+01,2.07941106110596963e-01,-4.49563538034780663e-03,-4.49563510422010953e-03,-3.34435691600550762e-07,-3.34435671059081172e-07,-6.68871342118162239e-07,-1.00330703371871295e-06,-1.00330701317724346e-06
2.31342500000000015e+01,2.31342500000000015e+01,2.07908520417270037e-01,-4.49352222741694618e-03,-4.49352195159276845e-03,-3.34069006615759039e-07,-3.34068986109727402e-07,-6.68137972219454803e-07,-1.00220697883521389e-06,-1.00220695832918215e-06
2.31415000000000006e+01,2.31415000000000006e+01,2.07875950038299423e-01,-4.49141072942893516e-03,-4.49141045390962987e-03,-3.33702838382719557e-07,-3.33702817912185959e-07,-6.67405635824372024e-07,-1.00110847420709158e-06,-1.00110845373655793e-06
2.31487499999999997e+01,2.31487499999999997e+01,2.07843394961693323e-01,-4.48930088457544230e-03,-4.48930060935673250e-03,-3.33337186012065298e-07,-3.33337165576671762e-07,-6.66674331153343630e-07,-1.00001151716540893e-06,-1.00001149673001529e-06
2.31560000000000024e+01,2.31560000000000024e+01,2.07810855175473069e-01,-4.48719269104280727e-03,-4.48719241612266940e-03,-3.32972048615653312e-07,-3.32972028215209732e-07,-6.65944056430419357e-07,-9.98916105046072617e-07,-9.98916084645629036e-07
2.31632500000000014e+01,2.31632500000000014e+01,2.07778330667673206e-01,-4.48508614701736974e-03,-4.48508587239858803e-03,-3.32607425306957793e-07,-3.32607404941630822e-07,-6.65214809883261645e-07,-9.97822235190219332e-07,-9.97822214824892467e-07
2.31705000000000005e+01,2.31705000000000005e+01,2.07745821426341348e-01,-4.48298125069612752e-03,-4.48298097637818242e-03,-3.32243315201856498e-07,-3.32243294871567680e-07,-6.64486589743135361e-07,-9.96729904944991859e-07,-9.96729884614702935e-07
2.31777499999999996e+01,2.31777499999999996e+01,2.07713327439538131e-01,-4.48087800027430205e-03,-4.48087772625768536e-03,-3.31879717417704038e-07,-3.31879697122450038e-07,-6.63759394244899970e-07,-9.95639111662603955e-07,-9.95639091367350009e-07
2.31850000000000023e+01,2.31850000000000023e+01,2.07680848695337372e-01,-4.47877639395244387e-03,-4.47877612023587102e-03,-3.31516631073855080e-07,-3.31516610813500850e-07,-6.63033221627001805e-07,-9.94549852700856833e-07,-9.94549832440502761e-07
2.31922500000000014e+01,2.31922500000000014e+01,2.07648385181825823e-01,-4.47667642993110348e-03,-4.47667615651404713e-03,-3.31154055291265503e-07,-3.31154035065732480e-07,-6.62308070131464959e-07,-9.93462125422730463e-07,-9.93462105197197492e-07
2.31995000000000005e+01,2.31995000000000005e+01,2.07615936887103364e-01,-4.47457810641616049e-03,-4.47457783329604890e-03,-3.30791989192883300e-07,-3.30791969001941726e-07,-6.61583938003883451e-07,-9.92375927196766645e-07,-9.92375907005825229e-07
2.32067499999999995e+01,2.32067499999999995e+01,2.07583503799282809e-01,-4.47248142160638906e-03,-4.47248114878823644e-03,-3.30430431902724626e-07,-3.30430411746705743e-07,-6.60860823493411592e-07,-9.91291255396136217e-07,-9.91291235240117334e-07
2.32140000000000022e+01,2.32140000000000022e+01,2.07551085906490046e-01,-4.47038637372010328e-03,-4.47038610119949217e-03,-3.30069382547840712e-07,-3.30069362426378603e-07,-6.60138724852757207e-07,-9.90208107400598025e-07,-9.90208087279135757e-07
2.32212500000000013e+01,2.32212500000000013e+01,2.07518683196863868e-01,-4.46829296096495909e-03,-4.46829268874121468e-03,-3.29708840256080804e-07,-3.29708820169086583e-07,-6.59417640338173166e-07,-9.89126480594254076e-07,-9.89126460507259696e-07
2.32285000000000004e+01,2.32285000000000004e+01,2.07486295658556058e-01,-4.46620118155394152e-03,-4.46620090962731274e-03,-3.29348804157271066e-07,-3.29348784104723875e-07,-6.58697568209447645e-07,-9.88046372366718658e-07,-9.88046352314171414e-07
2.32357499999999995e+01,2.32357499999999995e+01,2.07453923279731334e-01,-4.46411103370181195e-03,-4.46411076207420352e-03,-3.28989273382947453e-07,-3.28989253364948566e-07,-6.57978506729897237e-07,-9.86967780112844743e-07,-9.86967760094845856e-07
2.32430000000000021e+01,2.32430000000000021e+01,2.07421566048567346e-01,-4.46202251563398988e-03,-4.46202224430080740e-03,-3.28630247067007077e-07,-3.28630227083179034e-07,-6.57260454166357962e-07,-9.85890701233364986e-07,-9.85890681249536890e-07
2.32502500000000012e+01,2.32502500000000012e+01,2.07389223953254626e-01,-4.45993562556701306e-03,-4.45993535452854535e-03,-3.28271724344263910e-07,-3.28271704394589188e-07,-6.56543408789178164e-07,-9.84815133133442021e-07,-9.84815113183767352e-07
2.32575000000000003e+01,2.32575000000000003e+01,2.07356896981996636e-01,-4.45785036172274829e-03,-4.45785009098133116e-03,-3.27913704351492752e-07,-3.27913684436104441e-07,-6.55827368872208988e-07,-9.83741073223701634e-07,-9.83741053308313377e-07
2.32647499999999994e+01,2.32647499999999994e+01,2.07324585123009664e-01,-4.45576672233016780e-03,-4.45576645188557052e-03,-3.27556186227555810e-07,-3.27556166346398112e-07,-6.55112332692796331e-07,-9.82668518920352193e-07,-9.82668499039194443e-07
2.32720000000000020e+01,2.32720000000000020e+01,2.07292288364522820e-01,-4.45368470562179652e-03,-4.45368443547015328e-03,-3.27199169113136465e-07,-3.27199149265886556e-07,-6.54398298531773005e-07,-9.81597467644909576e-07,-9.81597447797659614e-07
2.32792500000000011e+01,2.32792500000000011e+01,2.07260006694778121e-01,-4.45160430982483035e-03,-4.45160403996645339e-03,-3.26842652150083510e-07,-3.26842632336725983e-07,-6.53685264673451860e-07,-9.80527916823535423e-07,-9.80527897010177790e-07
2.32865000000000002e+01,2.32865000000000002e+01,2.07227740102030378e-01,-4.44952553317179422e-03,-4.44952526360832198e-03,-3.26486634482191001e-07,-3.26486614702807754e-07,-6.52973229405615296e-07,-9.79459863887806244e-07,-9.79459844108423103e-07
2.32937500000000028e+01,2.32937500000000028e+01,2.07195488574547115e-01,-4.44744837390409486e-03,-4.44744810463208132e-03,-3.26131115255454328e-07,-3.26131095509754140e-07,-6.52262191019508280e-07,-9.78393306274962661e-07,-9.78393286529262419e-07
2.33010000000000019e+01,2.33010000000000019e+01,2.07163252100608763e-01,-4.44537283025248087e-03,-4.44537256127652738e-03,-3.25776093616633538e-07,-3.25776073904915571e-07,-6.51552147809831247e-07,-9.77328241426464786e-07,-9.77328221714746871e-07
2.33082500000000010e+01,2.33082500000000010e+01,2.07131030668508465e-01,-4.44329890046546438e-03,-4.44329863178291942e-03,-3.25421568715333441e-07,-3.25421549037365077e-07,-6.50843098074730155e-07,-9.76264666790063649e-07,-9.76264647112095127e-07
2.33155000000000001e+01,2.33155000000000001e+01,2.07098824266552017e-01,-4.44122658278800486e-03,-4.44122631439497397e-03,-3.25067539702436805e-07,-3.25067520057894797e-07,-6.50135040115789593e-07,-9.75202579818226345e-07,-9.75202560173684496e-07
2.33227500000000028e+01,2.33227500000000028e+01,2.07066632883058044e-01,-4.43915587545973267e-03,-4.43915560735886651e-03,-3.24714005729971800e-07,-3.24713986119012266e-07,-6.49427972238024637e-07,-9.74141977967996490e-07,-9.74141958357036956e-07
2.33300000000000018e+01,2.33300000000000018e+01,2.07034456506357850e-01,-4.43708677673271268e-03,-4.43708650892322802e-03,-3.24360965952408750e-07,-3.24360946374936505e-07,-6.48721892749873116e-07,-9.73082858702281919e-07,-9.73082839124809620e-07
2.33372500000000009e+01,2.33372500000000009e+01,2.07002295124795427e-01,-4.43501928485545704e-03,-4.43501901733913458e-03,-3.24008419525486254e-07,-3.24008399981593571e-07,-6.48016799963187036e-07,-9.72025219488673289e-07,-9.72025199944780554e-07
2.33445000000000000e+01,2.33445000000000000e+01,2.06970148726727449e-01,-4.43295339808535971e-03,-4.43295313086010476e-03,-3.23656365607116394e-07,-3.23656346096612427e-07,-6.47312692193224853e-07,-9.70969057800341301e-07,-9.70969038289837333e-07
2.33517500000000027e+01,2.33517500000000027e+01,2.06938017300523164e-01,-4.43088911467981461e-03,-4.43088884774209962e-03,-3.23304803356731945e-07,-3.23304783879321607e-07,-6.46609567758643215e-07,-9.69914371115375160e-07,-9.69914351637964770e-07
2.33590000000000018e+01,2.33590000000000018e+01,2.06905900834564588e-01,-4.42882643289088662e-03,-4.42882616624351577e-03,-3.22953731934894773e-07,-3.22953712490745196e-07,-6.45907424981490498e-07,-9.68861156916385324e-07,-9.68861137472235800e-07
2.33662500000000009e+01,2.33662500000000009e+01,2.06873799317246254e-01,-4.42676535098307511e-03,-4.42676508462518017e-03,-3.22603150504588044e-07,-3.22603131093598483e-07,-6.45206262187196860e-07,-9.67809412691784851e-07,-9.67809393280795396e-07
2.33734999999999999e+01,2.33734999999999999e+01,2.06841712736975353e-01,-4.42470586721732673e-03,-4.42470560115034838e-03,-3.22253058230046094e-07,-3.22253038852283995e-07,-6.44506077704567990e-07,-9.66759135934614137e-07,-9.66759116556851879e-07
2.33807500000000026e+01,2.33807500000000026e+01,2.06809641082171591e-01,-4.42264797986524627e-03,-4.42264771408469679e-03,-3.21903454277786599e-07,-3.21903434932887949e-07,-6.43806869865776003e-07,-9.65710324143562655e-07,-9.65710304798664005e-07
2.33880000000000017e+01,2.33880000000000017e+01,2.06777584341267306e-01,-4.42059168718778039e-03,-4.42059142169632519e-03,-3.21554337815054939e-07,-3.21554318503176545e-07,-6.43108637006352984e-07,-9.64662974821407870e-07,-9.64662955509529529e-07
2.33952500000000008e+01,2.33952500000000008e+01,2.06745542502707380e-01,-4.41853698746008661e-03,-4.41853672225574375e-03,-3.21205708011630448e-07,-3.21205688732591045e-07,-6.42411377465182195e-07,-9.63617085476812643e-07,-9.63617066197773134e-07
2.34024999999999999e+01,2.34024999999999999e+01,2.06713515554949157e-01,-4.41648387895376970e-03,-4.41648361403587566e-03,-3.20857564038530609e-07,-3.20857544792244964e-07,-6.41715089584489928e-07,-9.62572653623020590e-07,-9.62572634376734786e-07
2.34097500000000025e+01,2.34097500000000025e+01,2.06681503486462553e-01,-4.41443235994043448e-03,-4.41443209531205017e-03,-3.20509905068266014e-07,-3.20509885854919574e-07,-6.41019771709839148e-07,-9.61529676778105109e-07,-9.61529657564758722e-07
2.34170000000000016e+01,2.34170000000000016e+01,2.06649506285730006e-01,-4.41238242870412023e-03,-4.41238216436200172e-03,-3.20162730275740280e-07,-3.20162711095060513e-07,-6.40325422190121025e-07,-9.60488152465861305e-07,-9.60488133285181591e-07
2.34242500000000007e+01,2.34242500000000007e+01,2.06617523941246356e-01,-4.41033408352353717e-03,-4.41033381946586041e-03,-3.19816038836955520e-07,-3.19816019688773390e-07,-6.39632039377546674e-07,-9.59448078214502195e-07,-9.59448059066320170e-07
2.34314999999999998e+01,2.34314999999999998e+01,2.06585556441518936e-01,-4.40828732267561918e-03,-4.40828705890615024e-03,-3.19469829929267991e-07,-3.19469810813819925e-07,-6.38939621627639957e-07,-9.58409451556907948e-07,-9.58409432441459935e-07
2.34387500000000024e+01,2.34387500000000024e+01,2.06553603775067540e-01,-4.40624214445151097e-03,-4.40624188096778915e-03,-3.19124102732543969e-07,-3.19124083649614928e-07,-6.38248167299229750e-07,-9.57372270031773825e-07,-9.57372250948844678e-07
2.34460000000000015e+01,2.34460000000000015e+01,2.06521665930424370e-01,-4.40419854713702819e-03,-4.40419828393807770e-03,-3.18778856427738753e-07,-3.18778837377221481e-07,-6.37557674754442961e-07,-9.56336531182181661e-07,-9.56336512131664442e-07
2.34532500000000006e+01,2.34532500000000006e+01,2.06489742896134060e-01,-4.40215652902153920e-03,-4.40215626610670260e-03,-3.18434090197537176e-07,-3.18434071179347710e-07,-6.36868142358695525e-07,-9.55302232556232595e-07,-9.55302213538043234e-07
2.34604999999999997e+01,2.34604999999999997e+01,2.06457834660753570e-01,-4.40011608839618873e-03,-4.40011582576572448e-03,-3.18089803226222051e-07,-3.18089784240342815e-07,-6.36179568480685630e-07,-9.54269371706907733e-07,-9.54269352721028445e-07
2.34677500000000023e+01,2.34677500000000023e+01,2.06425941212852293e-01,-4.39807722355567421e-03,-4.39807696120958058e-03,-3.17745994699798421e-07,-3.17745975746192941e-07,-6.35491951492385988e-07,-9.53237946192184409e-07,-9.53237927238578981e-07
2.34750000000000014e+01,2.34750000000000014e+01,2.06394062541012002e-01,-4.39603993280002214e-03,-4.39603967073507948e-03,-3.17402663806118657e-07,-3.17402644884518264e-07,-6.34805289769036527e-07,-9.52207953575155184e-07,-9.52207934653554791e-07
2.34822500000000005e+01,2.34822500000000005e+01,2.06362198633826710e-01,-4.39400421442037725e-03,-4.39400395264139335e-03,-3.17059809733852461e-07,-3.17059790844568122e-07,-6.34119581689136244e-07,-9.51179391422988758e-07,-9.51179372533704366e-07
2.34894999999999996e+01,2.34894999999999996e+01,2.06330349479902891e-01,-4.39197006672564783e-03,-4.39196980523005789e-03,-3.16717431674407518e-07,-3.16717412817218051e-07,-6.33434825634436103e-07,-9.50152257308843621e-07,-9.50152238451654154e-07
2.34967500000000022e+01,2.34967500000000022e+01,2.06298515067859151e-01,-4.38993748802296579e-03,-4.38993722680496544e-03,-3.16375528820514366e-07,-3.16375509994965444e-07,-6.32751019989930888e-07,-9.49126548810445254e-07,-9.49126529984896385e-07
2.35040000000000013e+01,2.35040000000000013e+01,2.06266695386326582e-01,-4.38790647660347588e-03,-4.38790621567236583e-03,-3.16034100365200586e-07,-3.16034081571926584e-07,-6.32068163143853274e-07,-9.48102263509053808e-07,-9.48102244715779859e-07
2.35112500000000004e+01,2.35112500000000004e+01,2.06234890423948408e-01,-4.38587703079207358e-03,-4.38587677014085596e-03,-3.15693145505371001e-07,-3.15693126743832042e-07,-6.31386253487664083e-07,-9.47079398993035084e-07,-9.47079380231496178e-07
2.35184999999999995e+01,2.35184999999999995e+01,2.06203100169380094e-01,-4.38384914889233812e-03,-4.38384888852137895e-03,-3.15352663437836519e-07,-3.15352644708023337e-07,-6.30705289416046673e-07,-9.46057952853883192e-07,-9.46057934124070010e-07
2.35257500000000022e+01,2.35257500000000022e+01,2.06171324611289453e-01,-4.38182282921850685e-03,-4.38182256912722067e-03,-3.15012653361614143e-07,-3.15012634663449183e-07,-6.30025269326898365e-07,-9.45037922688512508e-07,-9.45037903990347548e-07
2.35330000000000013e+01,2.35330000000000013e+01,2.06139563738356429e-01,-4.37979807008481714e-03,-4.37979781027400712e-03,-3.14673114477156706e-07,-3.14673095810662149e-07,-6.29346191621324297e-07,-9.44019306098481056e-07,-9.44019287431986446e-07
2.35402500000000003e+01,2.35402500000000003e+01,2.06107817539273236e-01,-4.37777486980905906e-03,-4.37777461027969578e-03,-3.14334045986603958e-07,-3.14334027351814108e-07,-6.28668054703628323e-07,-9.43002100690232228e-07,-9.43002082055442378e-07
2.35474999999999994e+01,2.35474999999999994e+01,2.06076086002744213e-01,-4.37575322671435174e-03,-4.37575296746457645e-03,-3.13995447093907453e-07,-3.13995428490653328e-07,-6.27990856981306657e-07,-9.41986304075214110e-07,-9.41986285471959932e-07
2.35547500000000021e+01,2.35547500000000021e+01,2.06044369117485859e-01,-4.37373313912381434e-03,-4.37373288015126087e-03,-3.13657317004443402e-07,-3.13657298432520126e-07,-6.27314596865040252e-07,-9.40971913869483601e-07,-9.40971895297560325e-07
2.35620000000000012e+01,2.35620000000000012e+01,2.06012666872226941e-01,-4.37171460535701328e-03,-4.37171434666469138e-03,-3.13319654924755967e-07,-3.13319636384344170e-07,-6.26639272768688446e-07,-9.39958927693444360e-07,-9.39958909153032616e-07
2.35692500000000003e+01,2.35692500000000003e+01,2.05980979255708185e-01,-4.36969762374417314e-03,-4.36969736533212097e-03,-3.12982460063572646e-07,-3.12982441554639822e-07,-6.25964883109279538e-07,-9.38947343172852237e-07,-9.38947324663919414e-07
2.35765000000000029e+01,2.35765000000000029e+01,2.05949306256682618e-01,-4.36768219261729485e-03,-4.36768193448312109e-03,-3.12645731631162957e-07,-3.12645713153502696e-07,-6.25291426307005286e-07,-9.37937157938168243e-07,-9.37937139460507982e-07
2.35837500000000020e+01,2.35837500000000020e+01,2.05917647863915226e-01,-4.36566831031015568e-03,-4.36566805244957210e-03,-3.12309468839335957e-07,-3.12309450392606586e-07,-6.24618900785213172e-07,-9.36928369624549128e-07,-9.36928351177819757e-07
2.35910000000000011e+01,2.35910000000000011e+01,2.05886004066183126e-01,-4.36365597514942749e-03,-4.36365571756566328e-03,-3.11973670900801413e-07,-3.11973652485199232e-07,-6.23947304970398465e-07,-9.35920975871199825e-07,-9.35920957455597750e-07
2.35982500000000002e+01,2.35982500000000002e+01,2.05854374852275590e-01,-4.36164518546888758e-03,-4.36164492816788502e-03,-3.11638337030184078e-07,-3.11638318646098934e-07,-6.23276637292197869e-07,-9.34914974322381947e-07,-9.34914955938296803e-07
2.36055000000000028e+01,2.36055000000000028e+01,2.05822760210993799e-01,-4.35963593962362950e-03,-4.35963568259502623e-03,-3.11303466445033878e-07,-3.11303448091690578e-07,-6.22606896183381049e-07,-9.33910362628414980e-07,-9.33910344275071627e-07
2.36127500000000019e+01,2.36127500000000019e+01,2.05791160131151063e-01,-4.35762823593854876e-03,-4.35762797918817259e-03,-3.10969058362142857e-07,-3.10969040039922988e-07,-6.21938080079845871e-07,-9.32907138441988728e-07,-9.32907120119768860e-07
2.36200000000000010e+01,2.36200000000000010e+01,2.05759574601572681e-01,-4.35562207276696256e-03,-4.35562181629070046e-03,-3.10635112001728779e-07,-3.10635093710304222e-07,-6.21270187420608339e-07,-9.31905299422337171e-07,-9.31905281130912561e-07
2.36272500000000001e+01,2.36272500000000001e+01,2.05728003611095944e-01,-4.35361744844797727e-03,-4.35361719224827172e-03,-3.10301626584387924e-07,-3.10301608323898493e-07,-6.20603216647796880e-07,-9.30904843232184803e-07,-9.30904824971695425e-07
2.36345000000000027e+01,2.36345000000000027e+01,2.05696447148570161e-01,-4.35161436133491009e-03,-4.35161410540883288e-03,-3.09968601333119764e-07,-3.09968583103322360e-07,-6.19937166206644826e-07,-9.29905767539764590e-07,-9.29905749309967239e-07
2.36417500000000018e+01,2.36417500000000018e+01,2.05664905202856602e-01,-4.34961280977397280e-03,-4.34961255412261334e-03,-3.09636035471804209e-07,-3.09636017272742137e-07,-6.19272034545484274e-07,-9.28908070017288536e-07,-9.28908051818226411e-07
2.36490000000000009e+01,2.36490000000000009e+01,2.05633377762828445e-01,-4.34761279211848262e-03,-4.34761253674211239e-03,-3.09303928226210265e-07,-3.09303910057868648e-07,-6.18607820115737297e-07,-9.27911748341947509e-07,-9.27911730173605998e-07
2.36562500000000000e+01,2.36562500000000000e+01,2.05601864817370888e-01,-4.34561430672530946e-03,-4.34561405162210614e-03,-3.08972278823739963e-07,-3.08972260685954954e-07,-6.17944521371909908e-07,-9.26916800195649924e-07,-9.26916782057864915e-07
2.36635000000000026e+01,2.36635000000000026e+01,2.05570366355380924e-01,-4.34361735194954690e-03,-4.34361709711963365e-03,-3.08641086493045873e-07,-3.08641068385792167e-07,-6.17282136771584333e-07,-9.25923223264630206e-07,-9.25923205157376500e-07
2.36707500000000017e+01,2.36707500000000017e+01,2.05538882365767617e-01,-4.34162192615161757e-03,-4.34162167159400560e-03,-3.08310350464533394e-07,-3.08310332387706805e-07,-6.16620664775413504e-07,-9.24931015239946845e-07,-9.24930997163120256e-07
2.36780000000000008e+01,2.36780000000000008e+01,2.05507412837451747e-01,-4.33962802769016776e-03,-4.33962777340678521e-03,-3.07980069969852322e-07,-3.07980051923555871e-07,-6.15960103847111848e-07,-9.23940173816964223e-07,-9.23940155770667666e-07
2.36852499999999999e+01,2.36852499999999999e+01,2.05475957759366112e-01,-4.33763565493272552e-03,-4.33763540092179951e-03,-3.07650244242650763e-07,-3.07650226226724625e-07,-6.15300452453449357e-07,-9.22950696696100119e-07,-9.22950678680173929e-07
2.36925000000000026e+01,2.36925000000000026e+01,2.05444517120455222e-01,-4.33564480624504256e-03,-4.33564455250512199e-03,-3.07320872517814655e-07,-3.07320854532122247e-07,-6.14641709064244493e-07,-9.21962581582059148e-07,-9.21962563596366740e-07
2.36997500000000016e+01,2.36997500000000016e+01,2.05413090909675550e-01,-4.33365547999464695e-03,-4.33365522652508044e-03,-3.06991954031717432e-07,-3.06991936076178973e-07,-6.13983872152358052e-07,-9.20975826184075432e-07,-9.20975808228536973e-07
2.37070000000000007e+01,2.37070000000000007e+01,2.05381679115995308e-01,-4.33166767454906676e-03,-4.33166742135224388e-03,-3.06663488022090799e-07,-3.06663470096841974e-07,-6.13326940193683948e-07,-9.19990428215774747e-07,-9.19990410290525974e-07
2.37142499999999998e+01,2.37142499999999998e+01,2.05350281728394590e-01,-4.32968138828293547e-03,-4.32968113535942695e-03,-3.06335473728525009e-07,-3.06335455833572488e-07,-6.12670911667144976e-07,-9.19006385395670038e-07,-9.19006367500717517e-07
2.37215000000000025e+01,2.37215000000000025e+01,2.05318898735865174e-01,-4.32769661957621565e-03,-4.32769636692167774e-03,-3.06007910392338634e-07,-3.06007892527341592e-07,-6.12015785054683183e-07,-9.18023695447021870e-07,-9.18023677582024775e-07
2.37287500000000016e+01,2.37287500000000016e+01,2.05287530127410744e-01,-4.32571336680176444e-03,-4.32571311441628300e-03,-3.05680797255696642e-07,-3.05680779420627921e-07,-6.11361558841255736e-07,-9.17042356096952431e-07,-9.17042338261883657e-07
2.37360000000000007e+01,2.37360000000000007e+01,2.05256175892046561e-01,-4.32373162833954439e-03,-4.32373137622275340e-03,-3.05354133562612282e-07,-3.05354115757412801e-07,-6.10708231514825602e-07,-9.16062365077437831e-07,-9.16062347272238403e-07
2.37432499999999997e+01,2.37432499999999997e+01,2.05224836018799817e-01,-4.32175140256774171e-03,-4.32175115072283306e-03,-3.05027918558316093e-07,-3.05027900783177917e-07,-6.10055801566355940e-07,-9.15083720124671981e-07,-9.15083702349533858e-07
2.37505000000000024e+01,2.37505000000000024e+01,2.05193510496709308e-01,-4.31977268787875346e-03,-4.31977243630048396e-03,-3.04702151490381297e-07,-3.04702133744901292e-07,-6.09404267489802583e-07,-9.14106418980183827e-07,-9.14106401234703822e-07
2.37577500000000015e+01,2.37577500000000015e+01,2.05162199314825600e-01,-4.31779548265076585e-03,-4.31779523134189023e-03,-3.04376831606715005e-07,-3.04376813891054371e-07,-6.08753627782108742e-07,-9.13130459388823747e-07,-9.13130441673163113e-07
2.37650000000000006e+01,2.37650000000000006e+01,2.05130902462210885e-01,-4.31581978527617593e-03,-4.31581953423544867e-03,-3.04051958157559863e-07,-3.04051940471597845e-07,-6.08103880943195584e-07,-9.12155839100755446e-07,-9.12155821414793376e-07
2.37722499999999997e+01,2.37722499999999997e+01,2.05099619927939097e-01,-4.31384559414382807e-03,-4.31384534337176957e-03,-3.03727530394238536e-07,-3.03727512737978840e-07,-6.07455025475957786e-07,-9.11182555870196322e-07,-9.11182538213936626e-07
2.37795000000000023e+01,2.37795000000000023e+01,2.05068351701095775e-01,-4.31187290764967202e-03,-4.31187265714366892e-03,-3.03403547569901534e-07,-3.03403529943127373e-07,-6.06807059886254746e-07,-9.10210607456156280e-07,-9.10210589829382119e-07
2.37867500000000014e+01,2.37867500000000014e+01,2.05037097770778193e-01,-4.30990172418432849e-03,-4.30990147394617103e-03,-3.03080008938648574e-07,-3.03079991341453121e-07,-6.06159982682906454e-07,-9.09239991621555028e-07,-9.09239974024359575e-07
2.37940000000000005e+01,2.37940000000000005e+01,2.05005858126095120e-01,-4.30793204214729997e-03,-4.30793179217649636e-03,-3.02756913756525800e-07,-3.02756896188841716e-07,-6.05513792377683433e-07,-9.08270706134209286e-07,-9.08270688566525097e-07
2.38012499999999996e+01,2.38012499999999996e+01,2.04974632756167063e-01,-4.30596385993631259e-03,-4.30596361023406499e-03,-3.02434261280772404e-07,-3.02434243742651517e-07,-6.04868487485303034e-07,-9.07302748766075438e-07,-9.07302731227954604e-07
2.38085000000000022e+01,2.38085000000000022e+01,2.04943421650126023e-01,-4.30399717596152698e-03,-4.30399692652048624e-03,-3.02112050770816309e-07,-3.02112033261709953e-07,-6.04224066523420012e-07,-9.06336117294236321e-07,-9.06336099785129965e-07
2.38157500000000013e+01,2.38157500000000013e+01,2.04912224797115627e-01,-4.30203198861356384e-03,-4.30203173943956470e-03,-3.01790281486025829e-07,-3.01790264006311252e-07,-6.03580528012622397e-07,-9.05370809498648226e-07,-9.05370792018933702e-07
2.38230000000000004e+01,2.38230000000000004e+01,2.04881042186291135e-01,-4.30006829630436016e-03,-4.30006804739728726e-03,-3.01468952688575128e-07,-3.01468935238211724e-07,-6.02937870476423343e-07,-9.04406823164998471e-07,-9.04406805714635121e-07
2.38302499999999995e+01,2.38302499999999995e+01,2.04849873806819210e-01,-4.29810609744230021e-03,-4.29810584880182135e-03,-3.01148063641695043e-07,-3.01148046220627015e-07,-6.02296092441254136e-07,-9.03444156082949179e-07,-9.03444138661881204e-07
2.38375000000000021e+01,2.38375000000000021e+01,2.04818719647878178e-01,-4.29614539044109733e-03,-4.29614514206351668e-03,-3.00827613610292901e-07,-3.00827596218229028e-07,-6.01655192436458057e-07,-9.02482806046750958e-07,-9.02482788654687085e-07
2.38447500000000012e+01,2.38447500000000012e+01,2.04787579698657823e-01,-4.29418617370913580e-03,-4.29418592559489658e-03,-3.00507601860203107e-07,-3.00507584497142437e-07,-6.01015168994284873e-07,-9.01522770854487980e-07,-9.01522753491427363e-07
2.38520000000000003e+01,2.38520000000000003e+01,2.04756453948359396e-01,-4.29222844566190531e-03,-4.29222819781065277e-03,-3.00188027659055193e-07,-3.00188010324940868e-07,-6.00376020649881842e-07,-9.00564048308936982e-07,-9.00564030974822763e-07
2.38592499999999994e+01,2.38592499999999994e+01,2.04725342386195747e-01,-4.29027220471489557e-03,-4.29027195712764972e-03,-2.99868890275773276e-07,-2.99868872970644577e-07,-5.99737745941289260e-07,-8.99606636217062536e-07,-8.99606618911933784e-07
2.38665000000000020e+01,2.38665000000000020e+01,2.04694245001391023e-01,-4.28831744929247805e-03,-4.28831720196490903e-03,-2.99550188981193436e-07,-2.99550171704715944e-07,-5.99100343409431889e-07,-8.98650532390625325e-07,-8.98650515114147780e-07
2.38737500000000011e+01,2.38737500000000011e+01,2.04663161783181030e-01,-4.28636417780481338e-03,-4.28636393074362070e-03,-2.99231923046447900e-07,-2.99231905799057625e-07,-5.98463811598115250e-07,-8.97695734644563150e-07,-8.97695717397172822e-07
2.38810000000000002e+01,2.38810000000000002e+01,2.04632092720812869e-01,-4.28441238868515484e-03,-4.28441214188712491e-03,-2.98914091745567332e-07,-2.98914074527007994e-07,-5.97828149054015988e-07,-8.96742240799583373e-07,-8.96742223581023930e-07
2.38882500000000029e+01,2.38882500000000029e+01,2.04601037803545077e-01,-4.28246208035609754e-03,-4.28246183382091725e-03,-2.98596694353120371e-07,-2.98596677163338290e-07,-5.97193354326676580e-07,-8.95790048679796951e-07,-8.95790031490014816e-07
2.38955000000000020e+01,2.38955000000000020e+01,2.04569997020647709e-01,-4.28051325124734205e-03,-4.28051300497264524e-03,-2.98279730145451566e-07,-2.98279712984250123e-07,-5.96559425968500246e-07,-8.94839156113951812e-07,-8.94839138952750369e-07
2.39027500000000011e+01,2.39027500000000011e+01,2.04538970361402006e-01,-4.27856589978681257e-03,-4.27856565377209702e-03,-2.97963198400058012e-07,-2.97963181267370768e-07,-5.95926362534741536e-07,-8.93889560934799601e-07,-8.93889543802112357e-07
2.39100000000000001e+01,2.39100000000000001e+01,2.04507957815100810e-01,-4.27662002440065692e-03,-4.27661977865120922e-03,-2.97647098395587868e-07,-2.97647081291751255e-07,-5.95294162583502404e-07,-8.92941260979090273e-07,-8.92941243875253712e-07
2.39172500000000028e+01,2.39172500000000028e+01,2.04476959371048150e-01,-4.27467562353811559e-03,-4.27467537804405041e-03,-2.97331429413567355e-07,-2.97331412337862030e-07,-5.94662824675724060e-07,-8.91994254089291469e-07,-8.91994237013586037e-07
2.39245000000000019e+01,2.39245000000000019e+01,2.04445975018559517e-01,-4.27273269561823099e-03,-4.27273245038683157e-03,-2.97016190734689689e-07,-2.97016173687590995e-07,-5.94032347375181991e-07,-8.91048538109871733e-07,-8.91048521062772933e-07
2.39317500000000010e+01,2.39317500000000010e+01,2.04415004746961698e-01,-4.27079123908669089e-03,-4.27079099411789131e-03,-2.96701381642767442e-07,-2.96701364624239222e-07,-5.93402729248478445e-07,-8.90104110891245886e-07,-8.90104093872717614e-07
2.39390000000000001e+01,2.39390000000000001e+01,2.04384048545592750e-01,-4.26885125238740670e-03,-4.26885100767769674e-03,-2.96387001422750805e-07,-2.96386984432517880e-07,-5.92773968865035760e-07,-8.89160970287786618e-07,-8.89160953297553587e-07
2.39462500000000027e+01,2.39462500000000027e+01,2.04353106403802054e-01,-4.26691273396428983e-03,-4.26691248950883829e-03,-2.96073049360849561e-07,-2.96073032398545536e-07,-5.92146064797090966e-07,-8.88219114157940527e-07,-8.88219097195636502e-07
2.39535000000000018e+01,2.39535000000000018e+01,2.04322178310950286e-01,-4.26497568224881718e-03,-4.26497543805603053e-03,-2.95759524743667468e-07,-2.95759507809844662e-07,-5.91519015619689323e-07,-8.87278540363356845e-07,-8.87278523429533985e-07
2.39607500000000009e+01,2.39607500000000009e+01,2.04291264256409449e-01,-4.26304009569911102e-03,-4.26303985176610615e-03,-2.95446426860911444e-07,-2.95446409955338615e-07,-5.90892819910677125e-07,-8.86339246771588516e-07,-8.86339229866015793e-07
2.39680000000000000e+01,2.39680000000000000e+01,2.04260364229562646e-01,-4.26110597276441183e-03,-4.26110572908800552e-03,-2.95133755002922249e-07,-2.95133738125347883e-07,-5.90267476250695766e-07,-8.85401231253618015e-07,-8.85401214376043649e-07
2.39752500000000026e+01,2.39752500000000026e+01,2.04229478219804333e-01,-4.25917331189396009e-03,-4.25917306847278538e-03,-2.94821508461288803e-07,-2.94821491611587538e-07,-5.89642983223175075e-07,-8.84464491684463825e-07,-8.84464474834762666e-07
2.39825000000000017e+01,2.39825000000000017e+01,2.04198606216540179e-01,-4.25724211153521992e-03,-4.25724186837360928e-03,-2.94509686528723399e-07,-2.94509669707164275e-07,-5.89019339414328655e-07,-8.83529025943052001e-07,-8.83529009121492877e-07
2.39897500000000008e+01,2.39897500000000008e+01,2.04167748209187067e-01,-4.25531237014986630e-03,-4.25531212724574153e-03,-2.94198288500163966e-07,-2.94198271706572440e-07,-5.88396543413144881e-07,-8.82594831913308847e-07,-8.82594815119717268e-07
2.39969999999999999e+01,2.39969999999999999e+01,2.04136904187173007e-01,-4.25338408619424513e-03,-4.25338384354654805e-03,-2.93887313671419182e-07,-2.93887296905691387e-07,-5.87774593811382773e-07,-8.81661907482801955e-07,-8.81661890717074160e-07
2.40042500000000025e+01,2.40042500000000025e+01,2.04106074139937227e-01,-4.25145725812647868e-03,-4.25145701573548859e-03,-2.93576761339657474e-07,-2.93576744601782082e-07,-5.87153489203564163e-07,-8.80730250543221637e-07,-8.80730233805346192e-07
2.40115000000000016e+01,2.40115000000000016e+01,2.04075258056930164e-01,-4.24953188441001828e-03,-4.24953164227412188e-03,-2.93266630803649702e-07,-2.93266614093484834e-07,-5.86533228186969667e-07,-8.79799858990619370e-07,-8.79799842280454501e-07
2.40187500000000007e+01,2.40187500000000007e+01,2.04044455927613305e-01,-4.24760796350476255e-03,-4.24760772162609008e-03,-2.92956921363152722e-07,-2.92956904680814844e-07,-5.85913809361629689e-07,-8.78870730724782464e-07,-8.78870714042444533e-07
2.40259999999999998e+01,2.40259999999999998e+01,2.04013667741459348e-01,-4.24568549387949190e-03,-4.24568525225712482e-03,-2.92647632319764734e-07,-2.92647615665160039e-07,-5.85295231330320077e-07,-8.77942863650084812e-07,-8.77942846995480116e-07
2.40332500000000024e+01,2.40332500000000024e+01,2.03982893487952011e-01,-4.24376447400653944e-03,-4.24376423263503680e-03,-2.92338762976554229e-07,-2.92338746349277411e-07,-5.84677492698554821e-07,-8.77016255675108997e-07,-8.77016239047832232e-07
2.40405000000000015e+01,2.40405000000000015e+01,2.03952133156586279e-01,-4.24184490234225109e-03,-4.24184466122972184e-03,-2.92030312636711300e-07,-2.92030296037290801e-07,-5.84060592074581708e-07,-8.76090904711292955e-07,-8.76090888111872456e-07
2.40477500000000006e+01,2.40477500000000006e+01,2.03921386736868049e-01,-4.23992677737317081e-03,-4.23992653651314704e-03,-2.91722280606726610e-07,-2.91722264034686768e-07,-5.83444528069373430e-07,-8.75166808676099987e-07,-8.75166792104060252e-07
2.40549999999999997e+01,2.40549999999999997e+01,2.03890654218314371e-01,-4.23801009756630265e-03,-4.23800985695935075e-03,-2.91414666192961860e-07,-2.91414649648311676e-07,-5.82829299296623351e-07,-8.74243965489585211e-07,-8.74243948944935027e-07
2.40622500000000024e+01,2.40622500000000024e+01,2.03859935590453317e-01,-4.23609486139930880e-03,-4.23609462104444258e-03,-2.91107468703727669e-07,-2.91107452186369310e-07,-5.82214904372738620e-07,-8.73322373076466236e-07,-8.73322356559107983e-07
2.40695000000000014e+01,2.40695000000000014e+01,2.03829230842824088e-01,-4.23418106734629873e-03,-4.23418082724659993e-03,-2.90800687448302286e-07,-2.90800670958417600e-07,-5.81601341916835305e-07,-8.72402029365137644e-07,-8.72402012875252905e-07
2.40767500000000005e+01,2.40767500000000005e+01,2.03798539964976794e-01,-4.23226871389204007e-03,-4.23226847404605672e-03,-2.90494321737905623e-07,-2.90494305275364854e-07,-5.80988610550729708e-07,-8.71482932288635332e-07,-8.71482915826094510e-07
2.40839999999999996e+01,2.40839999999999996e+01,2.03767862946472672e-01,-4.23035779951774771e-03,-4.23035755992510944e-03,-2.90188370884719663e-07,-2.90188354449467490e-07,-5.80376708898934980e-07,-8.70565079783654590e-07,-8.70565063348402416e-07
2.40912500000000023e+01,2.40912500000000023e+01,2.03737199776883759e-01,-4.22844832271174198e-03,-4.22844808336810506e-03,-2.89882834202617596e-07,-2.89882817794326322e-07,-5.79765635588652645e-07,-8.69648469791270294e-07,-8.69648453382978967e-07
2.40985000000000014e+01,2.40985000000000014e+01,2.03706550445793361e-01,-4.22654028194990872e-03,-4.22654004286145048e-03,-2.89577711005821377e-07,-2.89577694624884768e-07,-5.79155389249769537e-07,-8.68733100255590967e-07,-8.68733083874654358e-07
2.41057500000000005e+01,2.41057500000000005e+01,2.03675914942795494e-01,-4.22463367573122639e-03,-4.22463343689359356e-03,-2.89273000611334144e-07,-2.89272984257424186e-07,-5.78545968514848371e-07,-8.67818969126182568e-07,-8.67818952772272557e-07
2.41129999999999995e+01,2.41129999999999995e+01,2.03645293257495252e-01,-4.22272850254046261e-03,-4.22272826395502995e-03,-2.88968702336380688e-07,-2.88968686009561967e-07,-5.77937372019123828e-07,-8.66906074355504517e-07,-8.66906058028685796e-07
2.41202500000000022e+01,2.41202500000000022e+01,2.03614685379508636e-01,-4.22082476087659586e-03,-4.22082452253829538e-03,-2.88664815500351721e-07,-2.88664799200247995e-07,-5.77329598400495885e-07,-8.65994413900847605e-07,-8.65994397600743880e-07
2.41275000000000013e+01,2.41275000000000013e+01,2.03584091298462555e-01,-4.21892244922261739e-03,-4.21892221113796557e-03,-2.88361339422734724e-07,-2.88361323149762153e-07,-5.76722646299524411e-07,-8.65083985722259082e-07,-8.65083969449286564e-07
2.41347500000000004e+01,2.41347500000000004e+01,2.03553511003994908e-01,-4.21702156608461109e-03,-4.21702132825065284e-03,-2.88058273425783963e-07,-2.88058257179711146e-07,-5.76116514359422397e-07,-8.64174787785206360e-07,-8.64174771539133490e-07
2.41419999999999995e+01,2.41419999999999995e+01,2.03522944485754337e-01,-4.21512210995977910e-03,-4.21512187237499652e-03,-2.87755616832331006e-07,-2.87755600613024959e-07,-5.75511201226049918e-07,-8.63266818058380871e-07,-8.63266801839074877e-07
2.41492500000000021e+01,2.41492500000000021e+01,2.03492391733400474e-01,-4.21322407934887622e-03,-4.21322384201166644e-03,-2.87453368966632184e-07,-2.87453352773954259e-07,-5.74906705547908519e-07,-8.62360074514540756e-07,-8.62360058321862726e-07
2.41565000000000012e+01,2.41565000000000012e+01,2.03461852736603777e-01,-4.21132747275265729e-03,-4.21132723566335684e-03,-2.87151529154124012e-07,-2.87151512988068121e-07,-5.74303025976136348e-07,-8.61454555130260360e-07,-8.61454538964204469e-07
2.41637500000000003e+01,2.41637500000000003e+01,2.03431327485045582e-01,-4.20943228867010077e-03,-4.20943205183478553e-03,-2.86850096721298829e-07,-2.86850080582250054e-07,-5.73700161164500109e-07,-8.60550257885798938e-07,-8.60550241746750163e-07
2.41710000000000029e+01,2.41710000000000029e+01,2.03400815968418025e-01,-4.20753852562150144e-03,-4.20753828903268345e-03,-2.86549070997276260e-07,-2.86549054884695094e-07,-5.73098109769390188e-07,-8.59647180766666500e-07,-8.59647164654085282e-07
2.41782500000000020e+01,2.41782500000000020e+01,2.03370318176424064e-01,-4.20564618210761410e-03,-4.20564594576580252e-03,-2.86248451311015521e-07,-2.86248435224907788e-07,-5.72496870449815681e-07,-8.58745321760831150e-07,-8.58745305674723416e-07
2.41855000000000011e+01,2.41855000000000011e+01,2.03339834098777483e-01,-4.20375525663985172e-03,-4.20375502054490258e-03,-2.85948236993371279e-07,-2.85948220933698385e-07,-5.71896441867396770e-07,-8.57844678860768049e-07,-8.57844662801095155e-07
2.41927500000000002e+01,2.41927500000000002e+01,2.03309363725202807e-01,-4.20186574772785093e-03,-4.20186551188275054e-03,-2.85648427376243861e-07,-2.85648411343179978e-07,-5.71296822686359850e-07,-8.56945250062603711e-07,-8.56945234029539827e-07
2.42000000000000028e+01,2.42000000000000028e+01,2.03278907045435414e-01,-4.19997765389368283e-03,-4.19997741829411953e-03,-2.85349021793542545e-07,-2.85349005786765747e-07,-5.70698011573531494e-07,-8.56047033367073986e-07,-8.56047017360297241e-07
2.42072500000000019e+01,2.42072500000000019e+01,2.03248464049221367e-01,-4.19809097364698403e-03,-4.19809073829578629e-03,-2.85050019579492870e-07,-2.85050003599166582e-07,-5.70100007198333163e-07,-8.55150026777825981e-07,-8.55150010797499745e-07
2.42145000000000010e+01,2.42145000000000010e+01,2.03218034726317526e-01,-4.19620570551160199e-03,-4.19620547040652336e-03,-2.84751420070444099e-07,-2.84751404116387055e-07,-5.69502808232774110e-07,-8.54254228303218208e-07,-8.54254212349161111e-07
2.42217500000000001e+01,2.42217500000000001e+01,2.03187619066491465e-01,-4.19432184800427876e-03,-4.19432161314709819e-03,-2.84453222603419043e-07,-2.84453206675723411e-07,-5.68906413351446928e-07,-8.53359635954865918e-07,-8.53359620027170287e-07
2.42290000000000028e+01,2.42290000000000028e+01,2.03157217059521444e-01,-4.19243939965241452e-03,-4.19243916504027057e-03,-2.84155426517317011e-07,-2.84155410615760075e-07,-5.68310821231520043e-07,-8.52466247748837001e-07,-8.52466231847280171e-07
2.42362500000000018e+01,2.42362500000000018e+01,2.03126828695196493e-01,-4.19055835897808038e-03,-4.19055812461078918e-03,-2.83858031151826586e-07,-2.83858015276367476e-07,-5.67716030552734952e-07,-8.51574061704561538e-07,-8.51574045829102428e-07
2.42435000000000009e+01,2.42435000000000009e+01,2.03096453963316270e-01,-4.18867872450690015e-03,-4.18867849038538718e-03,-2.83561035848025327e-07,-2.83561019998698349e-07,-5.67122039997396804e-07,-8.50683075845422184e-07,-8.50683059996095099e-07
2.42507500000000000e+01,2.42507500000000000e+01,2.03066092853691149e-01,-4.18680049476805038e-03,-4.18680026089277967e-03,-2.83264439948377441e-07,-2.83264424125185558e-07,-5.66528848250371115e-07,-8.49793288198748556e-07,-8.49793272375556673e-07
2.42580000000000027e+01,2.42580000000000027e+01,2.03035745356142105e-01,-4.18492366829781304e-03,-4.18492343466365935e-03,-2.82968242796970204e-07,-2.82968226999538499e-07,-5.65936453999076892e-07,-8.48904696796047095e-07,-8.48904680998615390e-07
2.42652500000000018e+01,2.42652500000000018e+01,2.03005411460500829e-01,-4.18304824361825922e-03,-4.18304801023069647e-03,-2.82672443738070679e-07,-2.82672427966741088e-07,-5.65344855933482177e-07,-8.48017299671552856e-07,-8.48017283900223318e-07
2.42725000000000009e+01,2.42725000000000009e+01,2.02975091156609638e-01,-4.18117421927099997e-03,-4.18117398612853283e-03,-2.82377042118405288e-07,-2.82377026373048374e-07,-5.64754052746096748e-07,-8.47131094864501983e-07,-8.47131079119145123e-07
2.42797499999999999e+01,2.42797499999999999e+01,2.02944784434321401e-01,-4.17930159379586996e-03,-4.17930136089377739e-03,-2.82082037285714615e-07,-2.82082021565983625e-07,-5.64164043131967249e-07,-8.46246080417681811e-07,-8.46246064697950874e-07
2.42870000000000026e+01,2.42870000000000026e+01,2.02914491283499587e-01,-4.17743036572559845e-03,-4.17743013306500540e-03,-2.81787428588392626e-07,-2.81787412894335628e-07,-5.63574825788671255e-07,-8.45362254377063881e-07,-8.45362238683006936e-07
2.42942500000000017e+01,2.42942500000000017e+01,2.02884211694018379e-01,-4.17556053359824375e-03,-4.17556030118275672e-03,-2.81493215376324116e-07,-2.81493199708156362e-07,-5.62986399416312724e-07,-8.44479614792636787e-07,-8.44479599124469086e-07
2.43015000000000008e+01,2.43015000000000008e+01,2.02853945655762424e-01,-4.17369209596074597e-03,-4.17369186378952796e-03,-2.81199397001120135e-07,-2.81199381358757239e-07,-5.62398762717514479e-07,-8.43598159718634666e-07,-8.43598144076271718e-07
2.43087499999999999e+01,2.43087499999999999e+01,2.02823693158626944e-01,-4.17182505135826887e-03,-4.17182481942977249e-03,-2.80905972815397159e-07,-2.80905957198706826e-07,-5.61811914397413652e-07,-8.42717887212810864e-07,-8.42717871596120531e-07
2.43160000000000025e+01,2.43160000000000025e+01,2.02793454192517708e-01,-4.16995939833952889e-03,-4.16995916664989526e-03,-2.80612942173133165e-07,-2.80612926581827933e-07,-5.61225853163655866e-07,-8.41838795336789031e-07,-8.41838779745483746e-07
2.43232500000000016e+01,2.43232500000000016e+01,2.02763228747351032e-01,-4.16809513544258436e-03,-4.16809490399825278e-03,-2.80320304428709635e-07,-2.80320288863195127e-07,-5.60640577726390255e-07,-8.40960882155099837e-07,-8.40960866589585329e-07
2.43305000000000007e+01,2.43305000000000007e+01,2.02733016813053779e-01,-4.16623226122858625e-03,-4.16623203002514878e-03,-2.80028058939179593e-07,-2.80028043399131449e-07,-5.60056086798262898e-07,-8.40084145737442544e-07,-8.40084130197394294e-07
2.43377499999999998e+01,2.43377499999999998e+01,2.02702818379563221e-01,-4.16437077424447466e-03,-4.16437054328282642e-03,-2.79736205061754830e-07,-2.79736189547205712e-07,-5.59472379094411424e-07,-8.39208584156166254e-07,-8.39208568641617189e-07
2.43450000000000024e+01,2.43450000000000024e+01,2.02672633436827204e-01,-4.16251067304962419e-03,-4.16251044232547086e-03,-2.79444742155595839e-07,-2.79444726666229805e-07,-5.58889453332459609e-07,-8.38334195488055448e-07,-8.38334179998689414e-07
2.43522500000000015e+01,2.43522500000000015e+01,2.02642461974804011e-01,-4.16065195619275130e-03,-4.16065172570920586e-03,-2.79153669580257727e-07,-2.79153654116256359e-07,-5.58307308232512718e-07,-8.37460977812770498e-07,-8.37460962348769077e-07
2.43595000000000006e+01,2.43595000000000006e+01,2.02612303983462416e-01,-4.15879462223500695e-03,-4.15879439199208587e-03,-2.78862986697238164e-07,-2.78862971258575205e-07,-5.57725942517150198e-07,-8.36588929214388415e-07,-8.36588913775725349e-07
2.43667499999999997e+01,2.43667499999999997e+01,2.02582159452781602e-01,-4.15693866973931847e-03,-4.15693843973409700e-03,-2.78572692869258943e-07,-2.78572677455710881e-07,-5.57145354911421656e-07,-8.35718047780680652e-07,-8.35718032367132537e-07
2.43740000000000023e+01,2.43740000000000023e+01,2.02552028372751186e-01,-4.15508409726150774e-03,-4.15508386749715176e-03,-2.78282787459668342e-07,-2.78282772071420096e-07,-5.56565544142840191e-07,-8.34848331602508533e-07,-8.34848316214260339e-07
2.43812500000000014e+01,2.43812500000000014e+01,2.02521910733371308e-01,-4.15323090336805478e-03,-4.15323067384509165e-03,-2.77993269833629726e-07,-2.77993254470689288e-07,-5.55986508941378577e-07,-8.33979778775008355e-07,-8.33979763412067918e-07
2.43885000000000005e+01,2.43885000000000005e+01,2.02491806524652346e-01,-4.15137908663076871e-03,-4.15137885734367332e-03,-2.77704139357760443e-07,-2.77704124019730821e-07,-5.55408248039461537e-07,-8.33112387397221980e-07,-8.33112372059192358e-07
2.43957499999999996e+01,2.43957499999999996e+01,2.02461715736615172e-01,-4.14952864560724777e-03,-4.14952841656057291e-03,-2.77415395398822422e-07,-2.77415380085981019e-07,-5.54830760171962038e-07,-8.32246155570784460e-07,-8.32246140257943057e-07
2.44030000000000022e+01,2.44030000000000022e+01,2.02431638359291011e-01,-4.14767957887640648e-03,-4.14767935006538080e-03,-2.77127037326096507e-07,-2.77127022038097415e-07,-5.54254044076194937e-07,-8.31381081402291391e-07,-8.31381066114292405e-07
2.44102500000000013e+01,2.44102500000000013e+01,2.02401574382721466e-01,-4.14583188500117217e-03,-4.14583165642960338e-03,-2.76839064508885565e-07,-2.76839049245956160e-07,-5.53678098491912427e-07,-8.30517163000797939e-07,-8.30517147737868587e-07
2.44175000000000004e+01,2.44175000000000004e+01,2.02371523796958497e-01,-4.14398556255868300e-03,-4.14398533422665090e-03,-2.76551476318530160e-07,-2.76551461080648737e-07,-5.53102922161297474e-07,-8.29654398479827687e-07,-8.29654383241946159e-07
2.44247499999999995e+01,2.44247499999999995e+01,2.02341486592064357e-01,-4.14214061012785351e-03,-4.14214038203184007e-03,-2.76264272127574807e-07,-2.76264256914479686e-07,-5.52528513828959267e-07,-8.28792785956534074e-07,-8.28792770743438953e-07
2.44320000000000022e+01,2.44320000000000022e+01,2.02311462758111626e-01,-4.14029702628404550e-03,-4.14029679842238887e-03,-2.75977451309409838e-07,-2.75977436120963482e-07,-5.51954872241927069e-07,-8.27932323551336907e-07,-8.27932308362890551e-07
2.44392500000000013e+01,2.44392500000000013e+01,2.02281452285183239e-01,-4.13845480960262080e-03,-4.13845458197741826e-03,-2.75691013238507403e-07,-2.75690998074822996e-07,-5.51381996149645991e-07,-8.27073009388153394e-07,-8.27072994224468987e-07
2.44465000000000003e+01,2.44465000000000003e+01,2.02251455163372396e-01,-4.13661395866427029e-03,-4.13661373127794177e-03,-2.75404957290773361e-07,-2.75404942151985264e-07,-5.50809884303970528e-07,-8.26214841594743942e-07,-8.26214826455955739e-07
2.44537499999999994e+01,2.44537499999999994e+01,2.02221471382782597e-01,-4.13477447205856663e-03,-4.13477424490686727e-03,-2.75119282843780851e-07,-2.75119267729579844e-07,-5.50238535459159688e-07,-8.25357818302940539e-07,-8.25357803188739585e-07
2.44610000000000021e+01,2.44610000000000021e+01,2.02191500933527529e-01,-4.13293634836620072e-03,-4.13293612144899087e-03,-2.74833989275585238e-07,-2.74833974185935481e-07,-5.49667948371870855e-07,-8.24501937647456146e-07,-8.24501922557806336e-07
2.44682500000000012e+01,2.44682500000000012e+01,2.02161543805731259e-01,-4.13109958617141615e-03,-4.13109935949099866e-03,-2.74549075965550234e-07,-2.74549060900578358e-07,-5.49098121801156611e-07,-8.23647197766706844e-07,-8.23647182701734916e-07
2.44755000000000003e+01,2.44755000000000003e+01,2.02131599989528038e-01,-4.12926418406733831e-03,-4.12926395762145890e-03,-2.74264542294698837e-07,-2.74264527254228501e-07,-5.48529054508457108e-07,-8.22793596803155945e-07,-8.22793581762685609e-07
2.44827500000000029e+01,2.44827500000000029e+01,2.02101669475062279e-01,-4.12743014064353986e-03,-4.12742991443081856e-03,-2.73980387644884190e-07,-2.73980372628797445e-07,-5.47960745257594889e-07,-8.21941132902479132e-07,-8.21941117886392334e-07
2.44900000000000020e+01,2.44900000000000020e+01,2.02071752252488718e-01,-4.12559745448959347e-03,-4.12559722851140679e-03,-2.73696611399024156e-07,-2.73696596407386064e-07,-5.47393192814772128e-07,-8.21089804213796337e-07,-8.21089789222158191e-07
2.44972500000000011e+01,2.44972500000000011e+01,2.02041848311972194e-01,-4.12376612420040090e-03,-4.12376589845742277e-03,-2.73413212941452043e-07,-2.73413197974280974e-07,-5.46826395948561949e-07,-8.20239608890014045e-07,-8.20239593922842976e-07
2.45045000000000002e+01,2.45045000000000002e+01,2.02011957643687817e-01,-4.12193614837086386e-03,-4.12193592286493916e-03,-2.73130191657560851e-07,-2.73130176714952732e-07,-5.46260353429905570e-07,-8.19390545087466368e-07,-8.19390530144858301e-07
2.45117500000000028e+01,2.45117500000000028e+01,2.01982080237820771e-01,-4.12010752561009497e-03,-4.12010730033189696e-03,-2.72847546934742101e-07,-2.72847532016052921e-07,-5.45695064032105736e-07,-8.18542610966847836e-07,-8.18542596048158710e-07
2.45190000000000019e+01,2.45190000000000019e+01,2.01952216084566483e-01,-4.11828025450233781e-03,-4.11828002945810283e-03,-2.72565278159794706e-07,-2.72565263265411455e-07,-5.45130526530822909e-07,-8.17695804690617563e-07,-8.17695789796234364e-07
2.45262500000000010e+01,2.45262500000000010e+01,2.01922365174130508e-01,-4.11645433365492863e-03,-4.11645410884522740e-03,-2.72283384722099816e-07,-2.72283369852034140e-07,-5.44566739704068173e-07,-8.16850124426167990e-07,-8.16850109556102260e-07
2.45335000000000001e+01,2.45335000000000001e+01,2.01892527496728480e-01,-4.11462976167698002e-03,-4.11462953709679571e-03,-2.72001866012205738e-07,-2.72001851166099817e-07,-5.44003702332199741e-07,-8.16005568344405478e-07,-8.16005553498299558e-07
2.45407500000000027e+01,2.45407500000000027e+01,2.01862703042586189e-01,-4.11280653716694644e-03,-4.11280631281819332e-03,-2.71720721421003349e-07,-2.71720706598957982e-07,-5.43441413197915963e-07,-8.15162134618919259e-07,-8.15162119796873945e-07
2.45480000000000018e+01,2.45480000000000018e+01,2.01832891801939585e-01,-4.11098465873038776e-03,-4.11098443461666019e-03,-2.71439950340899611e-07,-2.71439935543126290e-07,-5.42879871086252687e-07,-8.14319821427152351e-07,-8.14319806629378977e-07
2.45552500000000009e+01,2.45552500000000009e+01,2.01803093765034608e-01,-4.10916412498352202e-03,-4.10916390110128375e-03,-2.71159552166048438e-07,-2.71159537392287761e-07,-5.42319074784575627e-07,-8.13478626950624118e-07,-8.13478612176863388e-07
2.45625000000000000e+01,2.45625000000000000e+01,2.01773308922127331e-01,-4.10734493453546179e-03,-4.10734471088299892e-03,-2.70879526291174857e-07,-2.70879511541287962e-07,-5.41759023082576029e-07,-8.12638549373750886e-07,-8.12638534623863991e-07
2.45697500000000026e+01,2.45697500000000026e+01,2.01743537263483846e-01,-4.10552708599709604e-03,-4.10552686257458551e-03,-2.70599872112159987e-07,-2.70599857386132951e-07,-5.41199714772265690e-07,-8.11799586884425624e-07,-8.11799572158398694e-07
2.45770000000000017e+01,2.45770000000000017e+01,2.01713778779380376e-01,-4.10371057798109007e-03,-4.10371035479066559e-03,-2.70320589026038713e-07,-2.70320574323986574e-07,-5.40641148647973042e-07,-8.10961737674011808e-07,-8.10961722971959617e-07
2.45842500000000008e+01,2.45842500000000008e+01,2.01684033460103135e-01,-4.10189540910721462e-03,-4.10189518614769918e-03,-2.70041676431348186e-07,-2.70041661753167659e-07,-5.40083323506335318e-07,-8.10124999937683505e-07,-8.10124985259502925e-07
2.45914999999999999e+01,2.45914999999999999e+01,2.01654301295948329e-01,-4.10008157799346407e-03,-4.10008135526397990e-03,-2.69763133727539823e-07,-2.69763119073147581e-07,-5.39526238146295269e-07,-8.09289371873835092e-07,-8.09289357219442797e-07
2.45987500000000026e+01,2.45987500000000026e+01,2.01624582277222214e-01,-4.09826908325960915e-03,-4.09826886075963584e-03,-2.69484960315211500e-07,-2.69484945684547881e-07,-5.38969891369095761e-07,-8.08454851684307315e-07,-8.08454837053643589e-07
2.46060000000000016e+01,2.46060000000000016e+01,2.01594876394241063e-01,-4.09645792352542060e-03,-4.09645770125662521e-03,-2.69207155595988597e-07,-2.69207140989137668e-07,-5.38414281978275336e-07,-8.07621437574263933e-07,-8.07621422967412950e-07
2.46132500000000007e+01,2.46132500000000007e+01,2.01565183637331086e-01,-4.09464809742132729e-03,-4.09464787537873031e-03,-2.68929718973221583e-07,-2.68929704389830872e-07,-5.37859408779661743e-07,-8.06789127752883326e-07,-8.06789113169492615e-07
2.46204999999999998e+01,2.46204999999999998e+01,2.01535503996828458e-01,-4.09283960356532361e-03,-4.09283938175155747e-03,-2.68652649850466595e-07,-2.68652635290683698e-07,-5.37305270581367502e-07,-8.05957920431834149e-07,-8.05957905872051199e-07
2.46277500000000025e+01,2.46277500000000025e+01,2.01505837463079374e-01,-4.09103244058783844e-03,-4.09103221900253451e-03,-2.68375947633116987e-07,-2.68375933096892511e-07,-5.36751866193785023e-07,-8.05127813826902063e-07,-8.05127799290677534e-07
2.46350000000000016e+01,2.46350000000000016e+01,2.01476184026439936e-01,-4.08922660711752428e-03,-4.08922638576090808e-03,-2.68099611727467778e-07,-2.68099597214791243e-07,-5.36199194429582485e-07,-8.04298806157050264e-07,-8.04298791644373781e-07
2.46422500000000007e+01,2.46422500000000007e+01,2.01446543677276185e-01,-4.08742210178481002e-03,-4.08742188065773591e-03,-2.67823641540945996e-07,-2.67823627051848263e-07,-5.35647254103696527e-07,-8.03470895644642470e-07,-8.03470881155544843e-07
2.46494999999999997e+01,2.46494999999999997e+01,2.01416916405964042e-01,-4.08561892322722997e-03,-4.08561870232589022e-03,-2.67548036482458167e-07,-2.67548022016664640e-07,-5.35096044033329175e-07,-8.02644080515787342e-07,-8.02644066049993815e-07
2.46567500000000024e+01,2.46567500000000024e+01,2.01387302202889390e-01,-4.08381707007343664e-03,-4.08381684940004996e-03,-2.67272795961340002e-07,-2.67272781518971012e-07,-5.34545563037942024e-07,-8.01818358999282026e-07,-8.01818344556913089e-07
2.46640000000000015e+01,2.46640000000000015e+01,2.01357701058447969e-01,-4.08201654096451705e-03,-4.08201632051670340e-03,-2.66997919388751188e-07,-2.66997904969626000e-07,-5.33995809939252000e-07,-8.00993729328003188e-07,-8.00993714908878000e-07
2.46712500000000006e+01,2.46712500000000006e+01,2.01328112963045425e-01,-4.08021733453445279e-03,-4.08021711431413945e-03,-2.66723406176392827e-07,-2.66723391780612608e-07,-5.33446783561225323e-07,-8.00170189737618150e-07,-8.00170175341837931e-07
2.46784999999999997e+01,2.46784999999999997e+01,2.01298537907097230e-01,-4.07841944942610724e-03,-4.07841922943244593e-03,-2.66449255737552196e-07,-2.66449241365036531e-07,-5.32898482730073063e-07,-7.99347738467625259e-07,-7.99347724095109541e-07
2.46857500000000023e+01,2.46857500000000023e+01,2.01268975881028739e-01,-4.07662288428056740e-03,-4.07662266451350955e-03,-2.66175467486402251e-07,-2.66175453137123188e-07,-5.32350906274246375e-07,-7.98526373760648626e-07,-7.98526359411369563e-07
2.46930000000000014e+01,2.46930000000000014e+01,2.01239426875275157e-01,-4.07482763774424939e-03,-4.07482741820101163e-03,-2.65902040838464846e-07,-2.65902026512215920e-07,-5.31804053024431840e-07,-7.97706093862896686e-07,-7.97706079536647814e-07
2.47002500000000005e+01,2.47002500000000005e+01,2.01209890880281461e-01,-4.07303370845824020e-03,-4.07303348914042282e-03,-2.65628975209911670e-07,-2.65628960906772715e-07,-5.31257921813545430e-07,-7.96886897023457046e-07,-7.96886882720318092e-07
2.47074999999999996e+01,2.47074999999999996e+01,2.01180367886502537e-01,-4.07124109506895593e-03,-4.07124087597900489e-03,-2.65356270018258600e-07,-2.65356255738364347e-07,-5.30712511476728799e-07,-7.96068781494987452e-07,-7.96068767215093199e-07
2.47147500000000022e+01,2.47147500000000022e+01,2.01150857884402928e-01,-4.06944979623347081e-03,-4.06944957736580203e-03,-2.65083924682709649e-07,-2.65083910425671575e-07,-5.30167820851343149e-07,-7.95251745534052799e-07,-7.95251731277014671e-07
2.47220000000000013e+01,2.47220000000000013e+01,2.01121360864457172e-01,-4.06765981059109549e-03,-4.06765959195164520e-03,-2.64811938622303025e-07,-2.64811924388483235e-07,-5.29623848776966577e-07,-7.94435787399269602e-07,-7.94435773165449812e-07
2.47292500000000004e+01,2.47292500000000004e+01,2.01091876817149351e-01,-4.06587113680956236e-03,-4.06587091838914172e-03,-2.64540311258917195e-07,-2.64540297047693014e-07,-5.29080594095386029e-07,-7.93620905354303224e-07,-7.93620891143079096e-07
2.47364999999999995e+01,2.47364999999999995e+01,2.01062405732973459e-01,-4.06408377352640571e-03,-4.06408355533267526e-03,-2.64269042013451984e-07,-2.64269027825297540e-07,-5.28538055650595186e-07,-7.92807097664047223e-07,-7.92807083475892779e-07
2.47437500000000021e+01,2.47437500000000021e+01,2.01032947602433204e-01,-4.06229771940758155e-03,-4.06229750143840759e-03,-2.63998130309641921e-07,-2.63998116144394001e-07,-5.27996232288787896e-07,-7.91994362598429817e-07,-7.91994348433181897e-07
2.47510000000000012e+01,2.47510000000000012e+01,2.01003502416042035e-01,-4.06051297311194048e-03,-4.06051275536426903e-03,-2.63727575571741665e-07,-2.63727561429177446e-07,-5.27455122858354892e-07,-7.91182698430096505e-07,-7.91182684287532338e-07
2.47582500000000003e+01,2.47582500000000003e+01,2.00974070164323088e-01,-4.05872953329300401e-03,-4.05872931576995756e-03,-2.63457377224640568e-07,-2.63457363104938615e-07,-5.26914726209877230e-07,-7.90372103434517746e-07,-7.90372089314815846e-07
2.47655000000000030e+01,2.47655000000000030e+01,2.00944650837809269e-01,-4.05694739861672815e-03,-4.05694718131693801e-03,-2.63187534695014056e-07,-2.63187520598061238e-07,-5.26375041196122475e-07,-7.89562575891136584e-07,-7.89562561794183660e-07
2.47727500000000020e+01,2.47727500000000020e+01,2.00915244427043144e-01,-4.05516656774551620e-03,-4.05516635066843854e-03,-2.62918047410283368e-07,-2.62918033336020180e-07,-5.25836066672040466e-07,-7.88754114082323833e-07,-7.88754100008060698e-07
2.47800000000000011e+01,2.47800000000000011e+01,2.00885850922576964e-01,-4.05338703934532418e-03,-4.05338682248944631e-03,-2.62648914799074171e-07,-2.62648900747378534e-07,-5.25297801494756963e-07,-7.87946716293831134e-07,-7.87946702242135498e-07
2.47872500000000002e+01,2.47872500000000002e+01,2.00856470314972640e-01,-4.05160881208033175e-03,-4.05160859544670404e-03,-2.62380136290869170e-07,-2.62380122261785078e-07,-5.24760244523570050e-07,-7.87140380814439220e-07,-7.87140366785355129e-07
2.47945000000000029e+01,2.47945000000000029e+01,2.00827102594801771e-01,-4.04983188462182397e-03,-4.04983166820871085e-03,-2.62111711316581498e-07,-2.62111697309972525e-07,-5.24223394619945050e-07,-7.86335105936526601e-07,-7.86335091929917575e-07
2.48017500000000020e+01,2.48017500000000020e+01,2.00797747752645611e-01,-4.04805625563575688e-03,-4.04805603944571619e-03,-2.61843639307747226e-07,-2.61843625323755092e-07,-5.23687250647510184e-07,-7.85530889955257357e-07,-7.85530875971265276e-07
2.48090000000000011e+01,2.48090000000000011e+01,2.00768405779095049e-01,-4.04628192380052099e-03,-4.04628170782971985e-03,-2.61575919697672726e-07,-2.61575905736025480e-07,-5.23151811472050854e-07,-7.84727731169723579e-07,-7.84727717208076333e-07
2.48162500000000001e+01,2.48162500000000001e+01,2.00739076664750521e-01,-4.04450888778384865e-03,-4.04450867203446328e-03,-2.61308551919938330e-07,-2.61308537980752863e-07,-5.22617075961505832e-07,-7.83925627881444215e-07,-7.83925613942258694e-07
2.48235000000000028e+01,2.48235000000000028e+01,2.00709760400222176e-01,-4.04273714626413039e-03,-4.04273693073543567e-03,-2.61041535409775240e-07,-2.61041521492980877e-07,-5.22083042985961647e-07,-7.83124578395736940e-07,-7.83124564478942524e-07
2.48307500000000019e+01,2.48307500000000019e+01,2.00680456976129684e-01,-4.04096669791975671e-03,-4.04096648260986180e-03,-2.60774869603373867e-07,-2.60774855708824865e-07,-5.21549711417649730e-07,-7.82324581021023597e-07,-7.82324567126474596e-07
2.48380000000000010e+01,2.48380000000000010e+01,2.00651166383102347e-01,-4.03919754142556542e-03,-4.03919732633670897e-03,-2.60508553937652489e-07,-2.60508540065469604e-07,-5.21017080130939103e-07,-7.81525634068591539e-07,-7.81525620196408760e-07
2.48452500000000001e+01,2.48452500000000001e+01,2.00621888611779042e-01,-4.03742967546172338e-03,-4.03742946059667401e-03,-2.60242587850828946e-07,-2.60242574001166920e-07,-5.20485148002333840e-07,-7.80727735853162838e-07,-7.80727722003500760e-07
2.48525000000000027e+01,2.48525000000000027e+01,2.00592623652808111e-01,-4.03566309872438467e-03,-4.03566288407218761e-03,-2.59976970783104191e-07,-2.59976956955233358e-07,-5.19953913910466716e-07,-7.79930884693570853e-07,-7.79930870865700074e-07
2.48597500000000018e+01,2.48597500000000018e+01,2.00563371496847553e-01,-4.03389780987950530e-03,-4.03389759544741083e-03,-2.59711702173684285e-07,-2.59711688368048438e-07,-5.19423376736096876e-07,-7.79135078909781214e-07,-7.79135065104145367e-07
2.48670000000000009e+01,2.48670000000000009e+01,2.00534132134564863e-01,-4.03213380762146301e-03,-4.03213359340822905e-03,-2.59446781464555624e-07,-2.59446767681051212e-07,-5.18893535362102424e-07,-7.78340316826658048e-07,-7.78340303043153583e-07
2.48742500000000000e+01,2.48742500000000000e+01,2.00504905556637053e-01,-4.03037109063397736e-03,-4.03037087664225198e-03,-2.59182208097965009e-07,-2.59182194336738888e-07,-5.18364388673477670e-07,-7.77546596771442679e-07,-7.77546583010216558e-07
2.48815000000000026e+01,2.48815000000000026e+01,2.00475691753750657e-01,-4.02860965761497880e-03,-4.02860944383880842e-03,-2.58917981518017954e-07,-2.58917967778663917e-07,-5.17835935557327835e-07,-7.76753917075345842e-07,-7.76753903335991805e-07
2.48887500000000017e+01,2.48887500000000017e+01,2.00446490716601644e-01,-4.02684950724641055e-03,-4.02684929368894804e-03,-2.58654101168735002e-07,-2.58654087451432356e-07,-5.17308174902864712e-07,-7.75962276071599714e-07,-7.75962262354297121e-07
2.48960000000000008e+01,2.48960000000000008e+01,2.00417302435895589e-01,-4.02509063822442670e-03,-4.02509042488543526e-03,-2.58390566495990798e-07,-2.58390552800701003e-07,-5.16781105601401900e-07,-7.75171672097392645e-07,-7.75171658402102956e-07
2.49032499999999999e+01,2.49032499999999999e+01,2.00388126902347391e-01,-4.02333304924518131e-03,-4.02333283612274321e-03,-2.58127376946598289e-07,-2.58127363273174967e-07,-5.16254726546349934e-07,-7.74382103492948223e-07,-7.74382089819524901e-07
2.49105000000000025e+01,2.49105000000000025e+01,2.00358964106681497e-01,-4.02157673900482848e-03,-4.02157652609705721e-03,-2.57864531968306922e-07,-2.57864518316606025e-07,-5.15729036633211944e-07,-7.73593568601518813e-07,-7.73593554949817969e-07
2.49177500000000016e+01,2.49177500000000016e+01,2.00329814039631848e-01,-4.01982170619596957e-03,-4.01982149350627212e-03,-2.57602031009573205e-07,-2.57602017379790080e-07,-5.15204034759580160e-07,-7.72806065769153366e-07,-7.72806052139370240e-07
2.49250000000000007e+01,2.49250000000000007e+01,2.00300676691941681e-01,-4.01806794952364044e-03,-4.01806773704998371e-03,-2.57339873520583289e-07,-2.57339859912564516e-07,-5.14679719825128927e-07,-7.72019593345712269e-07,-7.72019579737693443e-07
2.49322499999999998e+01,2.49322499999999998e+01,2.00271552054363755e-01,-4.01631546768577152e-03,-4.01631525542948866e-03,-2.57078058951998295e-07,-2.57078045365806238e-07,-5.14156090731612582e-07,-7.71234149683610878e-07,-7.71234136097418821e-07
2.49395000000000024e+01,2.49395000000000024e+01,2.00242440117660236e-01,-4.01456425938739869e-03,-4.01456404734778626e-03,-2.56816586755863029e-07,-2.56816573191429607e-07,-5.13633146382859214e-07,-7.70449733138722243e-07,-7.70449719574288874e-07
2.49467500000000015e+01,2.49467500000000015e+01,2.00213340872602646e-01,-4.01281432333533417e-03,-4.01281411150956804e-03,-2.56555456385262186e-07,-2.56555442842383847e-07,-5.13110885684767694e-07,-7.69666342070029827e-07,-7.69666328527151540e-07
2.49540000000000006e+01,2.49540000000000006e+01,2.00184254309971887e-01,-4.01106565823106109e-03,-4.01106544662122033e-03,-2.56294667293863909e-07,-2.56294653772650767e-07,-5.12589307545301534e-07,-7.68883974839165444e-07,-7.68883961317952354e-07
2.49612499999999997e+01,2.49612499999999997e+01,2.00155180420558299e-01,-4.00931826278494441e-03,-4.00931805139082172e-03,-2.56034218936826961e-07,-2.56034205437242858e-07,-5.12068410874485823e-07,-7.68102629811312731e-07,-7.68102616311728734e-07
2.49685000000000024e+01,2.49685000000000024e+01,2.00126119195161489e-01,-4.00757213571090176e-03,-4.00757192452813518e-03,-2.55774110770456828e-07,-2.55774097292200538e-07,-5.11548194584401182e-07,-7.67322305354858062e-07,-7.67322291876601720e-07
2.49757500000000014e+01,2.49757500000000014e+01,2.00097070624590506e-01,-4.00582727571041630e-03,-4.00582706474461245e-03,-2.55514342251184038e-07,-2.55514328794590669e-07,-5.11028657589181337e-07,-7.66542999840365322e-07,-7.66542986383772059e-07
2.49830000000000005e+01,2.49830000000000005e+01,2.00068034699663694e-01,-4.00408368150273475e-03,-4.00408347075338622e-03,-2.55254912837489100e-07,-2.55254899402503488e-07,-5.10509798805006976e-07,-7.65764711642496023e-07,-7.65764698207510464e-07
2.49902499999999996e+01,2.49902499999999996e+01,2.00039011411208723e-01,-4.00234135180710382e-03,-4.00234114126926926e-03,-2.54995821988766363e-07,-2.54995808575050861e-07,-5.09991617150101721e-07,-7.64987439138868031e-07,-7.64987425725152635e-07
2.49975000000000023e+01,2.49975000000000023e+01,2.00010000750062505e-01,-4.00060028533211209e-03,-4.00060007500875094e-03,-2.54737069164643219e-07,-2.54737055772363897e-07,-5.09474111544727688e-07,-7.64211180709370960e-07,-7.64211167317091638e-07
2.50047500000000014e+01,2.50047500000000014e+01,1.99981002707071392e-01,-3.99886048080233536e-03,-3.99886027068999637e-03,-2.54478653826676387e-07,-2.54478640455590941e-07,-5.08957280911181987e-07,-7.63435934737858321e-07,-7.63435921366772928e-07
2.50120000000000005e+01,2.50120000000000005e+01,1.99952017273090893e-01,-3.99712193692991491e-03,-3.99712172703284210e-03,-2.54220575436539159e-07,-2.54220562086895240e-07,-5.08441124173790481e-07,-7.62661699610329587e-07,-7.62661686260685668e-07
2.50192499999999995e+01,2.50192499999999995e+01,1.99923044438985897e-01,-3.99538465244297925e-03,-3.99538444275879343e-03,-2.53962833457828758e-07,-2.53962820129452460e-07,-5.07925640258905026e-07,-7.61888473716733731e-07,-7.61888460388357539e-07
2.50265000000000022e+01,2.50265000000000022e+01,1.99894084195630456e-01,-3.99364862606432780e-03,-3.99364841659102191e-03,-2.53705427354707429e-07,-2.53705414047448986e-07,-5.07410828094897973e-07,-7.61116255449605402e-07,-7.61116242142346906e-07
2.50337500000000013e+01,2.50337500000000013e+01,1.99865136533907972e-01,-3.99191385651320729e-03,-3.99191364725436613e-03,-2.53448356592014834e-07,-2.53448343306079492e-07,-5.06896686612158985e-07,-7.60345043204173871e-07,-7.60345029918238477e-07
2.50410000000000004e+01,2.50410000000000004e+01,1.99836201444711009e-01,-3.99018034252307530e-03,-3.99018013347532050e-03,-2.53191620636393541e-07,-2.53191607371544556e-07,-5.06383214743089111e-07,-7.59574835379482600e-07,-7.59574822114633667e-07
2.50482499999999995e+01,2.50482499999999995e+01,1.99807278918941400e-01,-3.98844808281673124e-03,-3.98844787398204299e-03,-2.52935218954708098e-07,-2.52935205711048806e-07,-5.05870411422097612e-07,-7.58805630376805710e-07,-7.58805617133146365e-07
2.50555000000000021e+01,2.50555000000000021e+01,1.99778368947510138e-01,-3.98671707612940907e-03,-3.98671686750434306e-03,-2.52679151015508645e-07,-2.52679137792798436e-07,-5.05358275585596873e-07,-7.58037426601105518e-07,-7.58037413378395309e-07
2.50627500000000012e+01,2.50627500000000012e+01,1.99749471521337540e-01,-3.98498732118568455e-03,-3.98498711277368856e-03,-2.52423416287564281e-07,-2.52423403085999562e-07,-5.04846806171999124e-07,-7.57270222459563352e-07,-7.57270209257998686e-07
2.50700000000000003e+01,2.50700000000000003e+01,1.99720586631352948e-01,-3.98325881672789706e-03,-3.98325860852319358e-03,-2.52168014241662586e-07,-2.52168001060855309e-07,-5.04336002121710724e-07,-7.56504016363373363e-07,-7.56504003182565981e-07
2.50772500000000029e+01,2.50772500000000029e+01,1.99691714268494996e-01,-3.98153156147884602e-03,-3.98153135348762281e-03,-2.51912944348244225e-07,-2.51912931188564174e-07,-5.03825862377128347e-07,-7.55738806725372519e-07,-7.55738793565692468e-07
2.50845000000000020e+01,2.50845000000000020e+01,1.99662854423711483e-01,-3.97980555418264714e-03,-3.97980534640338633e-03,-2.51658206079988943e-07,-2.51658192941317903e-07,-5.03316385882635806e-07,-7.54974591962624802e-07,-7.54974578823953708e-07
2.50917500000000011e+01,2.50917500000000011e+01,1.99634007087959336e-01,-3.97808079357986344e-03,-3.97808058600853526e-03,-2.51403798910237700e-07,-2.51403785792298903e-07,-5.02807571584597699e-07,-7.54211370494835452e-07,-7.54211357376896549e-07
2.50990000000000002e+01,2.50990000000000002e+01,1.99605172252204588e-01,-3.97635727840395248e-03,-3.97635707104276263e-03,-2.51149722312767412e-07,-2.51149709215678384e-07,-5.02299418431356873e-07,-7.53449140744124285e-07,-7.53449127647035204e-07
2.51062500000000028e+01,2.51062500000000028e+01,1.99576349907422457e-01,-3.97463500740080633e-03,-3.97463480024739732e-03,-2.50895975763024128e-07,-2.50895962686614244e-07,-5.01791925373228383e-07,-7.52687901136252510e-07,-7.52687888059842574e-07
2.51135000000000019e+01,2.51135000000000019e+01,1.99547540044597294e-01,-3.97291397930921164e-03,-3.97291377236540667e-03,-2.50642558736886571e-07,-2.50642545681249059e-07,-5.01285091362498117e-07,-7.51927650099384688e-07,-7.51927637043747176e-07
2.51207500000000010e+01,2.51207500000000010e+01,1.99518742654722497e-01,-3.97119419287683684e-03,-3.97119398614138690e-03,-2.50389470711673261e-07,-2.50389457676707588e-07,-5.00778915353415176e-07,-7.51168386065088438e-07,-7.51168373030122765e-07
2.51280000000000001e+01,2.51280000000000001e+01,1.99489957728800599e-01,-3.96947564684602128e-03,-3.96947544032156575e-03,-2.50136711165243921e-07,-2.50136698151094771e-07,-5.00273396302189542e-07,-7.50410107467433410e-07,-7.50410094453284313e-07
2.51352500000000028e+01,2.51352500000000028e+01,1.99461185257843204e-01,-3.96775833996976246e-03,-3.96775813365379641e-03,-2.49884279577005907e-07,-2.49884266583493709e-07,-4.99768533166987417e-07,-7.49652812743993324e-07,-7.49652799750481126e-07
2.51425000000000018e+01,2.51425000000000018e+01,1.99432425232871025e-01,-3.96604227099750517e-03,-3.96604206488756095e-03,-2.49632175427016091e-07,-2.49632162453963814e-07,-4.99264324907927523e-07,-7.48896500334943666e-07,-7.48896487361891337e-07
2.51497500000000009e+01,2.51497500000000009e+01,1.99403677644913763e-01,-3.96432743867336512e-03,-3.96432723277395909e-03,-2.49380398195867622e-07,-2.49380385243537954e-07,-4.98760770487076014e-07,-7.48141168682943636e-07,-7.48141155730613968e-07
2.51570000000000000e+01,2.51570000000000000e+01,1.99374942485010254e-01,-3.96261384175922160e-03,-3.96261363606571250e-03,-2.49128947366141744e-07,-2.49128934434221176e-07,-4.98257868868442352e-07,-7.47386816234584149e-07,-7.47386803302663528e-07
2.51642500000000027e+01,2.51642500000000027e+01,1.99346219744208242e-01,-3.96090147900451939e-03,-3.96090127351715702e-03,-2.48877822420504877e-07,-2.48877809508987745e-07,-4.97755619017975490e-07,-7.46633441438480420e-07,-7.46633428526963235e-07
2.51715000000000018e+01,2.51715000000000018e+01,1.99317509413564686e-01,-3.95919034916225598e-03,-3.95919014388424785e-03,-2.48627022842713788e-07,-2.48627009951780191e-07,-4.97254019903560276e-07,-7.45881042746274117e-07,-7.45881029855340467e-07
2.51787500000000009e+01,2.51787500000000009e+01,1.99288811484145401e-01,-3.95748045099608703e-03,-3.95748024592454742e-03,-2.48376548118058793e-07,-2.48376535247506027e-07,-4.96753070495011948e-07,-7.45129618613070741e-07,-7.45129605742517974e-07
2.51859999999999999e+01,2.51859999999999999e+01,1.99260125947025246e-01,-3.95577178326256274e-03,-3.95577157839722970e-03,-2.48126397732246052e-07,-2.48126384882036317e-07,-4.96252769764072634e-07,-7.44379167496318686e-07,-7.44379154646108898e-07
2.51932500000000026e+01,2.51932500000000026e+01,1.99231452793288077e-01,-3.95406434472356239e-03,-3.95406414006307331e-03,-2.47876571172176886e-07,-2.47876558342203509e-07,-4.95753116684407124e-07,-7.43629687856584063e-07,-7.43629675026610633e-07
2.52005000000000017e+01,2.52005000000000017e+01,1.99202792014026769e-01,-3.95235813413918891e-03,-3.95235792968446579e-03,-2.47627067925500070e-07,-2.47627055115799633e-07,-4.95254110231599267e-07,-7.42881178157099337e-07,-7.42881165347398900e-07
2.52077500000000008e+01,2.52077500000000008e+01,1.99174143600343079e-01,-3.95065315027487429e-03,-3.95065294602539065e-03,-2.47377887481055045e-07,-2.47377874691573443e-07,-4.94755749383146886e-07,-7.42133636864201984e-07,-7.42133624074720329e-07
2.52149999999999999e+01,2.52149999999999999e+01,1.99145507543347811e-01,-3.94894939189249783e-03,-3.94894918785143427e-03,-2.47129029328313929e-07,-2.47129016559229039e-07,-4.94258033118458079e-07,-7.41387062446772061e-07,-7.41387049677687065e-07
2.52222500000000025e+01,2.52222500000000025e+01,1.99116883834160624e-01,-3.94724685776814965e-03,-3.94724665392977639e-03,-2.46880492958491454e-07,-2.46880480209423594e-07,-4.93760960418847189e-07,-7.40641453377338643e-07,-7.40641440628270730e-07
2.52295000000000016e+01,2.52295000000000016e+01,1.99088272463910171e-01,-3.94554554666015633e-03,-3.94554534302919528e-03,-2.46632277862542101e-07,-2.46632265133765497e-07,-4.93264530267530889e-07,-7.39896808130072990e-07,-7.39896795401296386e-07
2.52367500000000007e+01,2.52367500000000007e+01,1.99059673423734068e-01,-3.94384545734460801e-03,-3.94384525392005823e-03,-2.46384383533380966e-07,-2.46384370824811921e-07,-4.92768741649623843e-07,-7.39153125183004808e-07,-7.39153112474435764e-07
2.52439999999999998e+01,2.52439999999999998e+01,1.99031086704778676e-01,-3.94214658859759481e-03,-3.94214638537431980e-03,-2.46136809464770232e-07,-2.46136796776066916e-07,-4.92273593552133832e-07,-7.38410403016904063e-07,-7.38410390328200694e-07
2.52512500000000024e+01,2.52512500000000024e+01,1.99002512298199402e-01,-3.94044893918632511e-03,-3.94044873616552441e-03,-2.45889555150763090e-07,-2.45889542481979607e-07,-4.91779084963959109e-07,-7.37668640114722252e-07,-7.37668627445938663e-07
2.52585000000000015e+01,2.52585000000000015e+01,1.98973950195160482e-01,-3.93875250788511266e-03,-3.93875230506879771e-03,-2.45642620086700965e-07,-2.45642607437941976e-07,-4.91285214875883952e-07,-7.36927834962584917e-07,-7.36927822313825928e-07
2.52657500000000006e+01,2.52657500000000006e+01,1.98945400386835086e-01,-3.93705729347360034e-03,-3.93705709086085084e-03,-2.45396003769099583e-07,-2.45395991140286950e-07,-4.90791982280573793e-07,-7.36187986049673377e-07,-7.36187973420860743e-07
2.52729999999999997e+01,2.52729999999999997e+01,1.98916862864405131e-01,-3.93536329472787827e-03,-3.93536309231996839e-03,-2.45149705695093696e-07,-2.45149693086285863e-07,-4.90299386172571620e-07,-7.35449091867665263e-07,-7.35449079258857536e-07
2.52802500000000023e+01,2.52802500000000023e+01,1.98888337619061523e-01,-3.93367051043114202e-03,-3.93367030822601611e-03,-2.44903725363098979e-07,-2.44903712774147133e-07,-4.89807425548294372e-07,-7.34711150911393404e-07,-7.34711138322441506e-07
2.52875000000000014e+01,2.52875000000000014e+01,1.98859824642003885e-01,-3.93197893936303444e-03,-3.93197873736043230e-03,-2.44658062272147007e-07,-2.44658049703014250e-07,-4.89316099406028606e-07,-7.33974161678175612e-07,-7.33974149109042803e-07
2.52947500000000005e+01,2.52947500000000005e+01,1.98831323924440778e-01,-3.93028858030497474e-03,-3.93028837850622689e-03,-2.44412715922214591e-07,-2.44412703372963073e-07,-4.88825406745926147e-07,-7.33238122668140684e-07,-7.33238110118889220e-07
2.53019999999999996e+01,2.53019999999999996e+01,1.98802835457589477e-01,-3.92859943204548756e-03,-3.92859923044797804e-03,-2.44167685814553908e-07,-2.44167673285000247e-07,-4.88335346570000495e-07,-7.32503032384554402e-07,-7.32503019855000795e-07
2.53092500000000022e+01,2.53092500000000022e+01,1.98774359232676112e-01,-3.92691149336776846e-03,-3.92691129197183034e-03,-2.43922971450916885e-07,-2.43922958941061294e-07,-4.87845917882122481e-07,-7.31768889333039419e-07,-7.31768876823183775e-07
2.53165000000000013e+01,2.53165000000000013e+01,1.98745895240935638e-01,-3.92522476305678936e-03,-3.92522456186549570e-03,-2.43678572333995868e-07,-2.43678559844008652e-07,-4.87357119688017304e-07,-7.31035692022013172e-07,-7.31035679532025956e-07
2.53237500000000004e+01,2.53237500000000004e+01,1.98717443473611782e-01,-3.92353923990995668e-03,-3.92353903891824469e-03,-2.43434487968083141e-07,-2.43434475497629405e-07,-4.86868950995258810e-07,-7.30303438963342005e-07,-7.30303426492888216e-07
2.53309999999999995e+01,2.53309999999999995e+01,1.98689003921956958e-01,-3.92185492271224234e-03,-3.92185472192090653e-03,-2.43190717857524671e-07,-2.43190705406633478e-07,-4.86381410813266850e-07,-7.29572128670791521e-07,-7.29572116219900381e-07
2.53382500000000022e+01,2.53382500000000022e+01,1.98660576577232462e-01,-3.92017181025572370e-03,-3.92017160966586994e-03,-2.42947261507931994e-07,-2.42947249076651414e-07,-4.85894498153302723e-07,-7.28841759661234664e-07,-7.28841747229954137e-07
2.53455000000000013e+01,2.53455000000000013e+01,1.98632161430708248e-01,-3.91848990133780717e-03,-3.91848970094707625e-03,-2.42704118426069463e-07,-2.42704106014233000e-07,-4.85408212028466001e-07,-7.28112330454535463e-07,-7.28112318042699001e-07
2.53527500000000003e+01,2.53527500000000003e+01,1.98603758473663072e-01,-3.91680919474701739e-03,-3.91680899456001933e-03,-2.42461288118971894e-07,-2.42461275726844777e-07,-4.84922551453689554e-07,-7.27383839572661448e-07,-7.27383827180534384e-07
2.53600000000000030e+01,2.53600000000000030e+01,1.98575367697384403e-01,-3.91512968928964256e-03,-3.91512948930174218e-03,-2.42218770095593061e-07,-2.42218757722867974e-07,-4.84437515445735949e-07,-7.26656285541329009e-07,-7.26656273168603870e-07
2.53672500000000021e+01,2.53672500000000021e+01,1.98546989093168369e-01,-3.91345138375953638e-03,-3.91345118397083518e-03,-2.41976563864933956e-07,-2.41976551511597083e-07,-4.83953103023194272e-07,-7.25929666888128176e-07,-7.25929654534791303e-07
2.53745000000000012e+01,2.53745000000000012e+01,1.98518622652319898e-01,-3.91177427695410529e-03,-3.91177407736743345e-03,-2.41734668937031442e-07,-2.41734656603237473e-07,-4.83469313206474945e-07,-7.25203982143506334e-07,-7.25203969809712418e-07
2.53817500000000003e+01,2.53817500000000003e+01,1.98490268366152550e-01,-3.91009836768141383e-03,-3.91009816829321344e-03,-2.41493084823394578e-07,-2.41493072508903483e-07,-4.82986145017806966e-07,-7.24479229841201491e-07,-7.24479217526710396e-07
2.53890000000000029e+01,2.53890000000000029e+01,1.98461926225988489e-01,-3.90842365474064479e-03,-3.90842345555138942e-03,-2.41251811035795584e-07,-2.41251798740616523e-07,-4.82503597481233045e-07,-7.23755408517028682e-07,-7.23755396221849515e-07
2.53962500000000020e+01,2.53962500000000020e+01,1.98433596223158787e-01,-3.90675013693631001e-03,-3.90674993794671958e-03,-2.41010847087146152e-07,-2.41010834811303582e-07,-4.82021669622607270e-07,-7.23032516709753369e-07,-7.23032504433910905e-07
2.54035000000000011e+01,2.54035000000000011e+01,1.98405278349002928e-01,-3.90507781307825041e-03,-3.90507761428549038e-03,-2.40770192491495380e-07,-2.40770180234794379e-07,-4.81540360469588864e-07,-7.22310552961084244e-07,-7.22310540704383243e-07
2.54107500000000002e+01,2.54107500000000002e+01,1.98376972594869166e-01,-3.90340668197097784e-03,-3.90340648337552353e-03,-2.40529846763370095e-07,-2.40529834525820137e-07,-4.81059669051640275e-07,-7.21589515815010422e-07,-7.21589503577460412e-07
2.54180000000000028e+01,2.54180000000000028e+01,1.98348678952114360e-01,-3.90173674242255686e-03,-3.90173654402616900e-03,-2.40289809418321606e-07,-2.40289797200011314e-07,-4.80579594400022733e-07,-7.20869403818344392e-07,-7.20869391600034100e-07
2.54252500000000019e+01,2.54252500000000019e+01,1.98320397412104055e-01,-3.90006799324460474e-03,-3.90006779504830899e-03,-2.40050079972923700e-07,-2.40050067773896219e-07,-4.80100135547792543e-07,-7.20150215520716296e-07,-7.20150203321688709e-07
2.54325000000000010e+01,2.54325000000000010e+01,1.98292127966212317e-01,-3.89840043325406782e-03,-3.89840023525434617e-03,-2.39810657944879363e-07,-2.39810645764898265e-07,-4.79621291529796530e-07,-7.19431949474675894e-07,-7.19431937294694796e-07
2.54397500000000001e+01,2.54397500000000001e+01,1.98263870605821874e-01,-3.89673406126078703e-03,-3.89673386345820759e-03,-2.39571542852254008e-07,-2.39571530691334539e-07,-4.79143061382669078e-07,-7.18714604234923139e-07,-7.18714592074003564e-07
2.54470000000000027e+01,2.54470000000000027e+01,1.98235625322324027e-01,-3.89506887607993235e-03,-3.89506867847534081e-03,-2.39332734214239492e-07,-2.39332722072413893e-07,-4.78665444144827785e-07,-7.17998178359067330e-07,-7.17998166217241678e-07
2.54542500000000018e+01,2.54542500000000018e+01,1.98207392107118713e-01,-3.89340487653022649e-03,-3.89340467912271428e-03,-2.39094231551042579e-07,-2.39094219428235199e-07,-4.78188438856470397e-07,-7.17282670407512976e-07,-7.17282658284705649e-07
2.54615000000000009e+01,2.54615000000000009e+01,1.98179170951614331e-01,-3.89174206143216850e-03,-3.89174186421880740e-03,-2.38856034383773392e-07,-2.38856022279784808e-07,-4.77712044559569616e-07,-7.16568078943343008e-07,-7.16568066839354424e-07
2.54687500000000000e+01,2.54687500000000000e+01,1.98150961847227969e-01,-3.89008042959559930e-03,-3.89008023258361662e-03,-2.38618142233681288e-07,-2.38618130148935439e-07,-4.77236260297870878e-07,-7.15854402531552113e-07,-7.15854390446806317e-07
2.54760000000000026e+01,2.54760000000000026e+01,1.98122764785385153e-01,-3.88841997985700516e-03,-3.88841978303864667e-03,-2.38380554624442078e-07,-2.38380542558443636e-07,-4.76761085116887166e-07,-7.15141639741329270e-07,-7.15141627675330749e-07
2.54832500000000017e+01,2.54832500000000017e+01,1.98094579757520040e-01,-3.88676071102977971e-03,-3.88676051440691502e-03,-2.38143271079104401e-07,-2.38143259031948525e-07,-4.76286518063896996e-07,-7.14429789143001450e-07,-7.14429777095845494e-07
2.54905000000000008e+01,2.54905000000000008e+01,1.98066406755075225e-01,-3.88510262193975109e-03,-3.88510242551294051e-03,-2.37906291122267707e-07,-2.37906279093969219e-07,-4.75812558187938385e-07,-7.13718849310206039e-07,-7.13718837281907578e-07
2.54977499999999999e+01,2.54977499999999999e+01,1.98038245769501908e-01,-3.88344571141274741e-03,-3.88344551518274945e-03,-2.37669614279317703e-07,-2.37669602269903524e-07,-4.75339204539807048e-07,-7.13008818819124698e-07,-7.13008806809710518e-07
2.55050000000000026e+01,2.55050000000000026e+01,1.98010096792259727e-01,-3.88178997828170225e-03,-3.88178978224386784e-03,-2.37433240076859455e-07,-2.37433228086025737e-07,-4.74866456172051475e-07,-7.12299696248910903e-07,-7.12299684258077239e-07
2.55122500000000016e+01,2.55122500000000016e+01,1.97981959814816838e-01,-3.88013542136889100e-03,-3.88013522552532264e-03,-2.37197168041629000e-07,-2.37197156069485064e-07,-4.74394312138970128e-07,-7.11591480180599180e-07,-7.11591468208455192e-07
2.55195000000000007e+01,2.55195000000000007e+01,1.97953834828649894e-01,-3.87848203950547088e-03,-3.87848184385763614e-03,-2.36961397701687081e-07,-2.36961385748303284e-07,-4.73922771496606620e-07,-7.10884169198293701e-07,-7.10884157244909904e-07
2.55267499999999998e+01,2.55267499999999998e+01,1.97925721825244011e-01,-3.87682983152437544e-03,-3.87682963607282596e-03,-2.36725928585982874e-07,-2.36725916651373536e-07,-4.73451833302746966e-07,-7.10177761888729840e-07,-7.10177749954120528e-07
2.55340000000000025e+01,2.55340000000000025e+01,1.97897620796092771e-01,-3.87517879626386730e-03,-3.87517860100440115e-03,-2.36490760224568339e-07,-2.36490748308457645e-07,-4.72981496616915289e-07,-7.09472256841483602e-07,-7.09472244925372960e-07
2.55412500000000016e+01,2.55412500000000016e+01,1.97869531732698195e-01,-3.87352893255155095e-03,-3.87352873748736219e-03,-2.36255892147621670e-07,-2.36255880250185325e-07,-4.72511760500370651e-07,-7.08767652647992347e-07,-7.08767640750555923e-07
2.55485000000000007e+01,2.55485000000000007e+01,1.97841454626570767e-01,-3.87188023922924174e-03,-3.87188004435819622e-03,-2.36021323886962742e-07,-2.36021312008051379e-07,-4.72042624016102758e-07,-7.08063947903065473e-07,-7.08063936024154084e-07
2.55557499999999997e+01,2.55557499999999997e+01,1.97813389469229384e-01,-3.87023271512987321e-03,-3.87023252045487574e-03,-2.35787054974642699e-07,-2.35787043114414209e-07,-4.71574086228828471e-07,-7.07361141203471143e-07,-7.07361129343242653e-07
2.55630000000000024e+01,2.55630000000000024e+01,1.97785336252201349e-01,-3.86858635910414250e-03,-3.86858616461685512e-03,-2.35553084944566758e-07,-2.35553073102494155e-07,-4.71106146204988363e-07,-7.06659231149555068e-07,-7.06659219307482517e-07
2.55702500000000015e+01,2.55702500000000015e+01,1.97757294967022407e-01,-3.86694116997787773e-03,-3.86694097568507150e-03,-2.35319413329894855e-07,-2.35319401506371506e-07,-4.70638803012743065e-07,-7.05958216342637894e-07,-7.05958204519114624e-07
2.55775000000000006e+01,2.55775000000000006e+01,1.97729265605236681e-01,-3.86529714659999968e-03,-3.86529695250193870e-03,-2.35086039665961762e-07,-2.35086027860984596e-07,-4.70172055721969192e-07,-7.05258095387930901e-07,-7.05258083582953841e-07
2.55847499999999997e+01,2.55847499999999997e+01,1.97701248158396709e-01,-3.86365428781587639e-03,-3.86365409391134767e-03,-2.34852963488651948e-07,-2.34852951702128162e-07,-4.69705903404256324e-07,-7.04558866892908324e-07,-7.04558855106384512e-07
2.55920000000000023e+01,2.55920000000000023e+01,1.97673242618063322e-01,-3.86201259247265227e-03,-3.86201239875866081e-03,-2.34620184334722458e-07,-2.34620172566451041e-07,-4.69240345132902135e-07,-7.03860529467624567e-07,-7.03860517699353150e-07
2.55992500000000014e+01,2.55992500000000014e+01,1.97645248975805848e-01,-3.86037205941391903e-03,-3.86037186589071636e-03,-2.34387701741478026e-07,-2.34387689991455510e-07,-4.68775379982911020e-07,-7.03163081724389046e-07,-7.03163069974366530e-07
2.56065000000000005e+01,2.56065000000000005e+01,1.97617267223201831e-01,-3.85873268748504472e-03,-3.85873249415581623e-03,-2.34155515247093047e-07,-2.34155503515493895e-07,-4.68311007030987843e-07,-7.02466522278080863e-07,-7.02466510546481738e-07
2.56137499999999996e+01,2.56137499999999996e+01,1.97589297351837306e-01,-3.85709447554027918e-03,-3.85709428240373466e-03,-2.33923624391041161e-07,-2.33923612677768176e-07,-4.67847225355536352e-07,-7.01770849746577513e-07,-7.01770838033304580e-07
2.56210000000000022e+01,2.56210000000000022e+01,1.97561339353306470e-01,-3.85545742243387224e-03,-3.85545722948570438e-03,-2.33692028713553758e-07,-2.33692017018327021e-07,-4.67384034036654043e-07,-7.01076062750207801e-07,-7.01076051054981117e-07
2.56282500000000013e+01,2.56282500000000013e+01,1.97533393219212011e-01,-3.85382152701119196e-03,-3.85382133425442612e-03,-2.33460727755080947e-07,-2.33460716078065154e-07,-4.66921432156130309e-07,-7.00382159911211230e-07,-7.00382148234195437e-07
2.56355000000000004e+01,2.56355000000000004e+01,1.97505458941164808e-01,-3.85218678813004090e-03,-3.85218659556405777e-03,-2.33229721057581642e-07,-2.33229709398720598e-07,-4.66459418797441196e-07,-6.99689139855022838e-07,-6.99689128196161820e-07
2.56427499999999995e+01,2.56427499999999995e+01,1.97477536510784119e-01,-3.85055320464466888e-03,-3.85055301227021527e-03,-2.32999008163553125e-07,-2.32998996522873325e-07,-4.65997993045746598e-07,-6.98997001209299749e-07,-6.98996989568619976e-07
2.56500000000000021e+01,2.56500000000000021e+01,1.97449625919697447e-01,-3.84892077541643118e-03,-3.84892058322996956e-03,-2.32768588616674342e-07,-2.32768576993943197e-07,-4.65537153987886288e-07,-6.98305742604560684e-07,-6.98305730981829538e-07
2.56572500000000012e+01,2.56572500000000012e+01,1.97421727159540594e-01,-3.84728949929780129e-03,-3.84728930730184613e-03,-2.32538461960837798e-07,-2.32538450356188847e-07,-4.65076900712377642e-07,-6.97615362673215467e-07,-6.97615351068566463e-07
2.56645000000000003e+01,2.56645000000000003e+01,1.97393840221957634e-01,-3.84565937514835809e-03,-3.84565918334582070e-03,-2.32308627741114590e-07,-2.32308616154705118e-07,-4.64617232309410182e-07,-6.96925860050524719e-07,-6.96925848464115300e-07
2.56717500000000030e+01,2.56717500000000030e+01,1.97365965098600910e-01,-3.84403040184011502e-03,-3.84403021022331707e-03,-2.32079085504073847e-07,-2.32079073935421520e-07,-4.64158147870843093e-07,-6.96237233374916967e-07,-6.96237221806264640e-07
2.56790000000000020e+01,2.56790000000000020e+01,1.97338101781130953e-01,-3.84240257822376918e-03,-3.84240238679720665e-03,-2.31849834795743072e-07,-2.31849823245100995e-07,-4.63699646490201991e-07,-6.95549481285945063e-07,-6.95549469735302986e-07
2.56862500000000011e+01,2.56862500000000011e+01,1.97310250261216652e-01,-3.84077590316955764e-03,-3.84077571193180501e-03,-2.31620875164073567e-07,-2.31620863631337264e-07,-4.63241727262674581e-07,-6.94862602426748095e-07,-6.94862590894011871e-07
2.56935000000000002e+01,2.56935000000000002e+01,1.97282410530534996e-01,-3.83915037554238836e-03,-3.83915018449286754e-03,-2.31392206157437396e-07,-2.31392194642553689e-07,-4.62784389285107483e-07,-6.94176595442544827e-07,-6.94176583927661198e-07
2.57007500000000029e+01,2.57007500000000029e+01,1.97254582580771276e-01,-3.83752599420716933e-03,-3.83752580334759206e-03,-2.31163827324947699e-07,-2.31163815828001369e-07,-4.62327631656002792e-07,-6.93491458980950490e-07,-6.93491447484004161e-07
2.57080000000000020e+01,2.57080000000000020e+01,1.97226766403618997e-01,-3.83590275803591396e-03,-3.83590256736461360e-03,-2.30935738216885221e-07,-2.30935726737757554e-07,-4.61871453475515107e-07,-6.92807191692400302e-07,-6.92807180213272688e-07
2.57152500000000011e+01,2.57152500000000011e+01,1.97198961990779770e-01,-3.83428066589885930e-03,-3.83428047541400051e-03,-2.30707938384161037e-07,-2.30707926922723308e-07,-4.61415853845446670e-07,-6.92123792229607680e-07,-6.92123780768169925e-07
2.57225000000000001e+01,2.57225000000000001e+01,1.97171169333963475e-01,-3.83265971666268968e-03,-3.83265952636725575e-03,-2.30480427378209022e-07,-2.30480415934622540e-07,-4.60960831869245079e-07,-6.91441259247454128e-07,-6.91441247803867592e-07
2.57297500000000028e+01,2.57297500000000028e+01,1.97143388424888155e-01,-3.83103990920474757e-03,-3.83103971909731214e-03,-2.30253204751838848e-07,-2.30253193325999585e-07,-4.60506386651999169e-07,-6.90759591403838070e-07,-6.90759579977998780e-07
2.57370000000000019e+01,2.57370000000000019e+01,1.97115619255279984e-01,-3.82942124240059911e-03,-3.82942105247853232e-03,-2.30026270058486379e-07,-2.30026258650218179e-07,-4.60052517300436252e-07,-6.90078787358922578e-07,-6.90078775950654457e-07
2.57442500000000010e+01,2.57442500000000010e+01,1.97087861816873350e-01,-3.82780371512048134e-03,-3.82780352538670448e-03,-2.29799622851998795e-07,-2.29799611461459048e-07,-4.59599222922918043e-07,-6.89398845774916838e-07,-6.89398834384377117e-07
2.57515000000000001e+01,2.57515000000000001e+01,1.97060116101410748e-01,-3.82618732624528946e-03,-3.82618713669904183e-03,-2.29573262687593697e-07,-2.29573251314718610e-07,-4.59146502629437219e-07,-6.88719765317030969e-07,-6.88719753944155803e-07
2.57587500000000027e+01,2.57587500000000027e+01,1.97032382100642778e-01,-3.82457207465414228e-03,-3.82457188529417708e-03,-2.29347189121110167e-07,-2.29347177765806910e-07,-4.58694355531613821e-07,-6.88041544652723961e-07,-6.88041533297420705e-07
2.57660000000000018e+01,2.57660000000000018e+01,1.97004659806328253e-01,-3.82295795922615866e-03,-3.82295777005216622e-03,-2.29121401709114519e-07,-2.29121390371346539e-07,-4.58242780742693131e-07,-6.87364182451807650e-07,-6.87364171114039670e-07
2.57732500000000009e+01,2.57732500000000009e+01,1.96976949210234009e-01,-3.82134497884401014e-03,-3.82134478985448082e-03,-2.28895900009111131e-07,-2.28895888688770086e-07,-4.57791777377540226e-07,-6.86687677386651384e-07,-6.86687666066310259e-07
2.57805000000000000e+01,2.57805000000000000e+01,1.96949250304135043e-01,-3.81973313238503920e-03,-3.81973294358400797e-03,-2.28670683579009341e-07,-2.28670672276318954e-07,-4.57341344552637907e-07,-6.86012028131647222e-07,-6.86012016828956888e-07
2.57877500000000026e+01,2.57877500000000026e+01,1.96921563079814399e-01,-3.81812241874257552e-03,-3.81812223012504724e-03,-2.28445751978398178e-07,-2.28445740693041553e-07,-4.56891481386083106e-07,-6.85337233364481337e-07,-6.85337222079124685e-07
2.57950000000000017e+01,2.57950000000000017e+01,1.96893887529063283e-01,-3.81651283679573794e-03,-3.81651264836331203e-03,-2.28221104766736708e-07,-2.28221093498791798e-07,-4.56442186997583596e-07,-6.84663291764320304e-07,-6.84663280496375367e-07
2.58022500000000008e+01,2.58022500000000008e+01,1.96866223643680893e-01,-3.81490438543252708e-03,-3.81490419718592171e-03,-2.27996741504734903e-07,-2.27996730254226828e-07,-4.55993460508453655e-07,-6.83990202013188585e-07,-6.83990190762680457e-07
2.58094999999999999e+01,2.58094999999999999e+01,1.96838571415474534e-01,-3.81329706354094355e-03,-3.81329687548140296e-03,-2.27772661753820649e-07,-2.27772650520805922e-07,-4.55545301041611738e-07,-6.83317962795432361e-07,-6.83317951562417687e-07
2.58167500000000025e+01,2.58167500000000025e+01,1.96810930836259529e-01,-3.81169087001786977e-03,-3.81169068213968671e-03,-2.27548865076668348e-07,-2.27548853860788383e-07,-4.55097707721576713e-07,-6.82646572798245114e-07,-6.82646561582365069e-07
2.58240000000000016e+01,2.58240000000000016e+01,1.96783301897859308e-01,-3.81008580374242456e-03,-3.81008561605210858e-03,-2.27325351035606732e-07,-2.27325339837232423e-07,-4.54650679674464794e-07,-6.81976030710071499e-07,-6.81976019511697190e-07
2.58312500000000007e+01,2.58312500000000007e+01,1.96755684592105268e-01,-3.80848186361859575e-03,-3.80848167611140109e-03,-2.27102119195162214e-07,-2.27102108013992705e-07,-4.54204216027985464e-07,-6.81306335223147704e-07,-6.81306324041978116e-07
2.58384999999999998e+01,2.58384999999999998e+01,1.96728078910836851e-01,-3.80687904853438397e-03,-3.80687886121169666e-03,-2.26879169119618953e-07,-2.26879157955719308e-07,-4.53758315911438722e-07,-6.80637485031057649e-07,-6.80637473867158004e-07
2.58457500000000024e+01,2.58457500000000024e+01,1.96700484845901497e-01,-3.80527735738844797e-03,-3.80527717024852202e-03,-2.26656500374606993e-07,-2.26656489227855584e-07,-4.53312978455711220e-07,-6.79969478830318214e-07,-6.79969467683566751e-07
2.58530000000000015e+01,2.58530000000000015e+01,1.96672902389154719e-01,-3.80367678907411744e-03,-3.80367660211880076e-03,-2.26434112526147708e-07,-2.26434101396637098e-07,-4.52868202793274142e-07,-6.79302315319421876e-07,-6.79302304189911240e-07
2.58602500000000006e+01,2.58602500000000006e+01,1.96645331532459916e-01,-3.80207734249182749e-03,-3.80207715572084383e-03,-2.26212005141393072e-07,-2.26211994029089221e-07,-4.52423988058178390e-07,-6.78635993199571514e-07,-6.78635982087267611e-07
2.58674999999999997e+01,2.58674999999999997e+01,1.96617772267688590e-01,-3.80047901654201326e-03,-3.80047882995435560e-03,-2.25990177788200481e-07,-2.25990166693025967e-07,-4.51980333386051933e-07,-6.77970511174252441e-07,-6.77970500079077874e-07
2.58747500000000024e+01,2.58747500000000024e+01,1.96590224586720069e-01,-3.79888181012688619e-03,-3.79888162372042345e-03,-2.25768630035237414e-07,-2.25768618957048133e-07,-4.51537237914096213e-07,-6.77305867949333627e-07,-6.77305856871144293e-07
2.58820000000000014e+01,2.58820000000000014e+01,1.96562688481441761e-01,-3.79728572214688143e-03,-3.79728553592152381e-03,-2.25547361451768583e-07,-2.25547350390541931e-07,-4.51094700781083916e-07,-6.76642062232852446e-07,-6.76642051171625794e-07
2.58892500000000005e+01,2.58892500000000005e+01,1.96535163943748953e-01,-3.79569075150243407e-03,-3.79569056546151312e-03,-2.25326371607760471e-07,-2.25326360563676945e-07,-4.50652721127353838e-07,-6.75979092735114309e-07,-6.75979081691030757e-07
2.58964999999999996e+01,2.58964999999999996e+01,1.96507650965544983e-01,-3.79409689710108466e-03,-3.79409671124563124e-03,-2.25105660074301374e-07,-2.25105649047404677e-07,-4.50211298094809301e-07,-6.75316958169110675e-07,-6.75316947142213951e-07
2.59037500000000023e+01,2.59037500000000023e+01,1.96480149538740961e-01,-3.79250415785747919e-03,-3.79250397218049411e-03,-2.24885226423599209e-07,-2.24885215413456797e-07,-4.49770430826913646e-07,-6.74655657250512803e-07,-6.74655646240370496e-07
2.59110000000000014e+01,2.59110000000000014e+01,1.96452659655256046e-01,-3.79091253266850003e-03,-3.79091234717409678e-03,-2.24665070227505317e-07,-2.24665059234343956e-07,-4.49330118468687859e-07,-6.73995188696193149e-07,-6.73995177703031842e-07
2.59182500000000005e+01,2.59182500000000005e+01,1.96425181307017277e-01,-3.78932202045056954e-03,-3.78932183513580731e-03,-2.24445191059725273e-07,-2.24445180083353508e-07,-4.48890360166707016e-07,-6.73335551226432316e-07,-6.73335540250060578e-07
2.59254999999999995e+01,2.59254999999999995e+01,1.96397714485959524e-01,-3.78773262010767553e-03,-3.78773243497636551e-03,-2.24225588493921746e-07,-2.24225577534548133e-07,-4.48451155069096266e-07,-6.72676743563017986e-07,-6.72676732603644399e-07
2.59327500000000022e+01,2.59327500000000022e+01,1.96370259184025703e-01,-3.78614433055979305e-03,-3.78614414560788379e-03,-2.24006262105396890e-07,-2.24006251162764433e-07,-4.48012502325528813e-07,-6.72018764430925651e-07,-6.72018753488293247e-07
2.59400000000000013e+01,2.59400000000000013e+01,1.96342815393166420e-01,-3.78455715071623899e-03,-3.78455696594383979e-03,-2.23787211469512892e-07,-2.23787200543611030e-07,-4.47574401087222113e-07,-6.71361612556734979e-07,-6.71361601630833169e-07
2.59472500000000004e+01,2.59472500000000004e+01,1.96315383105340330e-01,-3.78297107948633027e-03,-3.78297089489908027e-03,-2.23568436162322165e-07,-2.23568425253467212e-07,-4.47136850506934476e-07,-6.70705286669256615e-07,-6.70705275760401661e-07
2.59545000000000030e+01,2.59545000000000030e+01,1.96287962312513831e-01,-3.78138611579892370e-03,-3.78138593138981289e-03,-2.23349935761720266e-07,-2.23349924869480816e-07,-4.46699849738961633e-07,-6.70049785500681925e-07,-6.70049774608442476e-07
2.59617500000000021e+01,2.59617500000000021e+01,1.96260553006661259e-01,-3.77980225856155982e-03,-3.77980207433361096e-03,-2.23131709845029786e-07,-2.23131698969567412e-07,-4.46263397939134825e-07,-6.69395107784164611e-07,-6.69395096908702237e-07
2.59690000000000012e+01,2.59690000000000012e+01,1.96233155179764696e-01,-3.77821950669954276e-03,-3.77821932264940305e-03,-2.22913757991307989e-07,-2.22913747132407862e-07,-4.45827494264815723e-07,-6.68741252256123685e-07,-6.68741241397223558e-07
2.59762500000000003e+01,2.59762500000000003e+01,1.96205768823814131e-01,-3.77663785912396577e-03,-3.77663767525747819e-03,-2.22696079779457367e-07,-2.22696068937447209e-07,-4.45392137874894418e-07,-6.68088217654351732e-07,-6.68088206812341654e-07
2.59835000000000029e+01,2.59835000000000029e+01,1.96178393930807354e-01,-3.77505731476901474e-03,-3.77505713107947980e-03,-2.22478674790425125e-07,-2.22478663964892988e-07,-4.44957327929786028e-07,-6.67436002720211153e-07,-6.67435991894679042e-07
2.59907500000000020e+01,2.59907500000000020e+01,1.96151030492749984e-01,-3.77347787254755929e-03,-3.77347768903840740e-03,-2.22261542604582592e-07,-2.22261531795713790e-07,-4.44523063591427527e-07,-6.66784606196010172e-07,-6.66784595387141317e-07
2.59980000000000011e+01,2.59980000000000011e+01,1.96123678501655407e-01,-3.77189953139023260e-03,-3.77189934805860841e-03,-2.22044682804027614e-07,-2.22044672011637202e-07,-4.44089344023274405e-07,-6.66134026827301993e-07,-6.66134016034911634e-07
2.60052500000000002e+01,2.60052500000000002e+01,1.96096337949544841e-01,-3.77032229021878607e-03,-3.77032210706578158e-03,-2.21828094971013176e-07,-2.21828084195148695e-07,-4.43656168390297337e-07,-6.65484263361310486e-07,-6.65484252585446058e-07
2.60125000000000028e+01,2.60125000000000028e+01,1.96069008828447244e-01,-3.76874614796030016e-03,-3.76874596498697227e-03,-2.21611778688782816e-07,-2.21611767929489660e-07,-4.43223535858979215e-07,-6.64835314547761978e-07,-6.64835303788468902e-07
2.60197500000000019e+01,2.60197500000000019e+01,1.96041691130399404e-01,-3.76717110354718443e-03,-3.76717092075057195e-03,-2.21395733541569008e-07,-2.21395722798656358e-07,-4.42791445597312769e-07,-6.64187179138881750e-07,-6.64187168395969127e-07
2.60270000000000010e+01,2.60270000000000010e+01,1.96014384847445822e-01,-3.76559715590296662e-03,-3.76559697328631435e-03,-2.21179959113755872e-07,-2.21179948387397741e-07,-4.42359896774795534e-07,-6.63539855888551460e-07,-6.63539845162193248e-07
2.60342500000000001e+01,2.60342500000000001e+01,1.95987089971638800e-01,-3.76402430396360899e-03,-3.76402412152527545e-03,-2.20964454991131091e-07,-2.20964444281214345e-07,-4.41928888562428636e-07,-6.62893343553559674e-07,-6.62893332843643008e-07
2.60415000000000028e+01,2.60415000000000028e+01,1.95959806495038330e-01,-3.76245254666152107e-03,-3.76245236439986782e-03,-2.20749220759944266e-07,-2.20749210066356119e-07,-4.41498420132712290e-07,-6.62247640892656583e-07,-6.62247630199068383e-07
2.60487500000000018e+01,2.60487500000000018e+01,1.95932534409712200e-01,-3.76088188292733605e-03,-3.76088170084384454e-03,-2.20534256007011140e-07,-2.20534245329821947e-07,-4.41068490659643895e-07,-6.61602746666655008e-07,-6.61602735989465789e-07
2.60560000000000009e+01,2.60560000000000009e+01,1.95905273707735889e-01,-3.75931231169701618e-03,-3.75931212979229139e-03,-2.20319560320128157e-07,-2.20319549659356819e-07,-4.40639099318713637e-07,-6.60958659638841741e-07,-6.60958648978070456e-07
2.60632500000000000e+01,2.60632500000000000e+01,1.95878024381192589e-01,-3.75774383191185279e-03,-3.75774365018162731e-03,-2.20105133288071251e-07,-2.20105122643451163e-07,-4.40210245286902273e-07,-6.60315378574973524e-07,-6.60315367930353462e-07
2.60705000000000027e+01,2.60705000000000027e+01,1.95850786422173156e-01,-3.75617644250425542e-03,-3.75617626094960086e-03,-2.19890974499761117e-07,-2.19890963871338682e-07,-4.39781927742677363e-07,-6.59672902242438480e-07,-6.59672891614016019e-07
2.60777500000000018e+01,2.60777500000000018e+01,1.95823559822776300e-01,-3.75461014240840996e-03,-3.75460996103529421e-03,-2.19677083544887612e-07,-2.19677072932995686e-07,-4.39354145865991478e-07,-6.59031229410879116e-07,-6.59031218798987138e-07
2.60850000000000009e+01,2.60850000000000009e+01,1.95796344575108222e-01,-3.75304493057981858e-03,-3.75304474937911093e-03,-2.19463460015050596e-07,-2.19463449419138477e-07,-4.38926898838276900e-07,-6.58390358853327550e-07,-6.58390348257415377e-07
2.60922499999999999e+01,2.60922499999999999e+01,1.95769140671282899e-01,-3.75148080594911448e-03,-3.75148062492278167e-03,-2.19250103501055813e-07,-2.19250092921222337e-07,-4.38500185842444780e-07,-6.57750289343500619e-07,-6.57750278763667144e-07
2.60995000000000026e+01,2.60995000000000026e+01,1.95741948103421964e-01,-3.74991776745758898e-03,-3.74991758660935936e-03,-2.19037013594993475e-07,-2.19037003031440184e-07,-4.38074006062880316e-07,-6.57111019657873844e-07,-6.57111009094320553e-07
2.61067500000000017e+01,2.61067500000000017e+01,1.95714766863654771e-01,-3.74835581405363882e-03,-3.74835563338322009e-03,-2.18824189890027385e-07,-2.18824179342720795e-07,-4.37648358685441591e-07,-6.56472548575469029e-07,-6.56472538028162360e-07
2.61140000000000008e+01,2.61140000000000008e+01,1.95687596944118192e-01,-3.74679494468566077e-03,-3.74679476419005489e-03,-2.18611631979978326e-07,-2.18611621448727086e-07,-4.37223242897454067e-07,-6.55834874877432340e-07,-6.55834864346181180e-07
2.61212499999999999e+01,2.61212499999999999e+01,1.95660438336956816e-01,-3.74523515829672249e-03,-3.74523497797687359e-03,-2.18399339459011900e-07,-2.18399328943854843e-07,-4.36798657887709632e-07,-6.55197997346721532e-07,-6.55197986831564422e-07
2.61285000000000025e+01,2.61285000000000025e+01,1.95633291034322865e-01,-3.74367645384054981e-03,-3.74367627369200009e-03,-2.18187311922570058e-07,-2.18187301423231156e-07,-4.36374602846462418e-07,-6.54561914769032503e-07,-6.54561904269693521e-07
2.61357500000000016e+01,2.61357500000000016e+01,1.95606155028376139e-01,-3.74211883025665770e-03,-3.74211865028507189e-03,-2.17975548965919839e-07,-2.17975538482713155e-07,-4.35951076965426258e-07,-6.53926625931346097e-07,-6.53926615448139387e-07
2.61430000000000007e+01,2.61430000000000007e+01,1.95579030311284152e-01,-3.74056228650232470e-03,-3.74056210670703710e-03,-2.17764050186015357e-07,-2.17764039718885809e-07,-4.35528079437771670e-07,-6.53292129623787027e-07,-6.53292119156657532e-07
2.61502499999999998e+01,2.61502499999999998e+01,1.95551916875221860e-01,-3.73900682153305297e-03,-3.73900664191015135e-03,-2.17552815180357276e-07,-2.17552804729061050e-07,-4.35105609458122047e-07,-6.52658424638479324e-07,-6.52658414187183098e-07
2.61575000000000024e+01,2.61575000000000024e+01,1.95524814712371903e-01,-3.73745243429901564e-03,-3.73745225484797654e-03,-2.17341843546785047e-07,-2.17341833111275742e-07,-4.34683666222551484e-07,-6.52025509769336478e-07,-6.52025499333827252e-07
2.61647500000000015e+01,2.61647500000000015e+01,1.95497723814924529e-01,-3.73589912374860944e-03,-3.73589894447538210e-03,-2.17131134883683557e-07,-2.17131124464291039e-07,-4.34262248928582183e-07,-6.51393383812265687e-07,-6.51393373392873169e-07
2.61720000000000006e+01,2.61720000000000006e+01,1.95470644175077535e-01,-3.73434688884799471e-03,-3.73434670974853895e-03,-2.16920688791116590e-07,-2.16920678387589952e-07,-4.33841356775179905e-07,-6.50762045566296521e-07,-6.50762035162769883e-07
2.61792499999999997e+01,2.61792499999999997e+01,1.95443575785036239e-01,-3.73279572854912089e-03,-3.73279554962491732e-03,-2.16710504868966880e-07,-2.16710494481376082e-07,-4.33420988962752163e-07,-6.50131493831719043e-07,-6.50131483444128271e-07
2.61865000000000023e+01,2.61865000000000023e+01,1.95416518637013537e-01,-3.73124564181814833e-03,-3.73124546306328672e-03,-2.16500582718586284e-07,-2.16500572346572368e-07,-4.33001144693144789e-07,-6.49501727411731073e-07,-6.49501717039717131e-07
2.61937500000000014e+01,2.61937500000000014e+01,1.95389472723229901e-01,-3.72969662760525011e-03,-3.72969644902371557e-03,-2.16290921941041341e-07,-2.16290911584819746e-07,-4.32581823169639545e-07,-6.48872745110680913e-07,-6.48872734754459265e-07
2.62010000000000005e+01,2.62010000000000005e+01,1.95362438035913272e-01,-3.72814868487658657e-03,-3.72814850646756377e-03,-2.16081522138967457e-07,-2.16081511798475025e-07,-4.32163023596949944e-07,-6.48244545735917375e-07,-6.48244535395424917e-07
2.62082499999999996e+01,2.62082499999999996e+01,1.95335414567299193e-01,-3.72660181259121259e-03,-3.72660163435748664e-03,-2.15872382915227595e-07,-2.15872372590609858e-07,-4.31744745181219715e-07,-6.47617128096447336e-07,-6.47617117771829546e-07
2.62155000000000022e+01,2.62155000000000022e+01,1.95308402309630674e-01,-3.72505600971884121e-03,-3.72505583165742881e-03,-2.15663503873940923e-07,-2.15663493565009203e-07,-4.31326987130018248e-07,-6.46990491003959171e-07,-6.46990480695027478e-07
2.62227500000000013e+01,2.62227500000000013e+01,1.95281401255158249e-01,-3.72351127522208003e-03,-3.72351109733262600e-03,-2.15454884619451998e-07,-2.15454874326169927e-07,-4.30909748652339854e-07,-6.46364633271791905e-07,-6.46364622978509782e-07
2.62300000000000004e+01,2.62300000000000004e+01,1.95254411396139971e-01,-3.72196760806708937e-03,-3.72196743034959891e-03,-2.15246524756946932e-07,-2.15246514479299131e-07,-4.30493028958598262e-07,-6.45739553715545194e-07,-6.45739543437897393e-07
2.62372499999999995e+01,2.62372499999999995e+01,1.95227432724841277e-01,-3.72042500722535863e-03,-3.72042482967615282e-03,-2.15038423892554558e-07,-2.15038413630312671e-07,-4.30076827260625290e-07,-6.45115251153179900e-07,-6.45115240890937934e-07
2.62445000000000022e+01,2.62445000000000022e+01,1.95200465233535209e-01,-3.71888347165594269e-03,-3.71888329428137670e-03,-2.14830581632318051e-07,-2.14830571385833730e-07,-4.29661142771667460e-07,-6.44491724403985564e-07,-6.44491714157501164e-07
2.62517500000000013e+01,2.62517500000000013e+01,1.95173508914502247e-01,-3.71734300033743637e-03,-3.71734282313564320e-03,-2.14622997584042152e-07,-2.14622987353191783e-07,-4.29245974706383672e-07,-6.43868972290425771e-07,-6.43868962059575481e-07
2.62590000000000003e+01,2.62590000000000003e+01,1.95146563760030312e-01,-3.71580359224310541e-03,-3.71580341521060044e-03,-2.14415671355853659e-07,-2.14415661140420427e-07,-4.28831322280840908e-07,-6.43246993636694593e-07,-6.43246983421261361e-07
2.62662500000000030e+01,2.62662500000000030e+01,1.95119629762414731e-01,-3.71426524634088651e-03,-3.71426506947917416e-03,-2.14208602556200924e-07,-2.14208592356256193e-07,-4.28417184712512386e-07,-6.42625787268713309e-07,-6.42625777068768605e-07
2.62735000000000021e+01,2.62735000000000021e+01,1.95092706913958358e-01,-3.71272796160582175e-03,-3.71272778491556774e-03,-2.14001790794570842e-07,-2.14001780610137428e-07,-4.28003561220274910e-07,-6.42005352014845725e-07,-6.42005341830412311e-07
2.62807500000000012e+01,2.62807500000000012e+01,1.95065795206971454e-01,-3.71119173701472960e-03,-3.71119156049525695e-03,-2.13795235681179180e-07,-2.13795225512202476e-07,-4.27590451024404952e-07,-6.41385686705584132e-07,-6.41385676536607481e-07
2.62880000000000003e+01,2.62880000000000003e+01,1.95038894633771637e-01,-3.70965657154442852e-03,-3.70965639519498696e-03,-2.13588936826866787e-07,-2.13588926673288163e-07,-4.27177853346576274e-07,-6.40766790173443008e-07,-6.40766780019864464e-07
2.62952500000000029e+01,2.62952500000000029e+01,1.95012005186684045e-01,-3.70812246417173696e-03,-3.70812228799277492e-03,-2.13382893843098805e-07,-2.13382883704928557e-07,-4.26765767409857167e-07,-6.40148661252955946e-07,-6.40148651114785671e-07
2.63025000000000020e+01,2.63025000000000020e+01,1.94985126858041147e-01,-3.70658941387702612e-03,-3.70658923786790478e-03,-2.13177106342167765e-07,-2.13177096219353774e-07,-4.26354192438707549e-07,-6.39531298780875340e-07,-6.39531288658061349e-07
2.63097500000000011e+01,2.63097500000000011e+01,1.94958259640182846e-01,-3.70505741963889079e-03,-3.70505724380092638e-03,-2.12971573936885430e-07,-2.12971563829487943e-07,-4.25943127658975885e-07,-6.38914701595861316e-07,-6.38914691488463855e-07
2.63170000000000002e+01,2.63170000000000002e+01,1.94931403525456376e-01,-3.70352648044480759e-03,-3.70352630477365158e-03,-2.12766296241194328e-07,-2.12766286148948090e-07,-4.25532572297896179e-07,-6.38298868539090534e-07,-6.38298858446844269e-07
2.63242500000000028e+01,2.63242500000000028e+01,1.94904558506216380e-01,-3.70199659527159497e-03,-3.70199641976915513e-03,-2.12561272869043364e-07,-2.12561262792042739e-07,-4.25122525584085371e-07,-6.37683798453128682e-07,-6.37683788376128057e-07
2.63315000000000019e+01,2.63315000000000019e+01,1.94877724574824940e-01,-3.70046776310495318e-03,-3.70046758777177378e-03,-2.12356503435509637e-07,-2.12356493373770613e-07,-4.24712986747541279e-07,-6.37069490183050890e-07,-6.37069480121311893e-07
2.63387500000000010e+01,2.63387500000000010e+01,1.94850901723651382e-01,-3.69893998293058246e-03,-3.69893980776709935e-03,-2.12151987556286571e-07,-2.12151977509818889e-07,-4.24303955019637778e-07,-6.36455942575924402e-07,-6.36455932529456668e-07
2.63460000000000001e+01,2.63460000000000001e+01,1.94824089945072471e-01,-3.69741325373595942e-03,-3.69741307874198134e-03,-2.11947724847784548e-07,-2.11947714816561898e-07,-4.23895429633123795e-07,-6.35843154480908317e-07,-6.35843144449685693e-07
2.63532500000000027e+01,2.63532500000000027e+01,1.94797289231472187e-01,-3.69588757451033700e-03,-3.69588739968452042e-03,-2.11743714927129350e-07,-2.11743704911059564e-07,-4.23487409822119128e-07,-6.35231124749248505e-07,-6.35231114733178665e-07
2.63605000000000018e+01,2.63605000000000018e+01,1.94770499575242062e-01,-3.69436294424119183e-03,-3.69436276958407537e-03,-2.11539957411958050e-07,-2.11539947411056798e-07,-4.23079894822113595e-07,-6.34619852234071672e-07,-6.34619842233170393e-07
2.63677500000000009e+01,2.63677500000000009e+01,1.94743720968780704e-01,-3.69283936192310591e-03,-3.69283918743125005e-03,-2.11336451920925430e-07,-2.11336441934980715e-07,-4.22672883869961376e-07,-6.34009335790886806e-07,-6.34009325804942117e-07
2.63750000000000000e+01,2.63750000000000000e+01,1.94716953404494186e-01,-3.69131682654000315e-03,-3.69131665221789909e-03,-2.11133198072686589e-07,-2.11133188101940345e-07,-4.22266376203880690e-07,-6.33399574276567253e-07,-6.33399564305821087e-07
2.63822500000000026e+01,2.63822500000000026e+01,1.94690196874795857e-01,-3.68979533709179464e-03,-3.68979516293712305e-03,-2.10930195487420229e-07,-2.10930185531724701e-07,-4.21860371063449454e-07,-6.32790566550869656e-07,-6.32790556595174208e-07
2.63895000000000017e+01,2.63895000000000017e+01,1.94663451372106361e-01,-3.68827489256950969e-03,-3.68827471858326891e-03,-2.10727443785404627e-07,-2.10727433844801797e-07,-4.21454867689603647e-07,-6.32182311475008300e-07,-6.32182301534405497e-07
2.63967500000000008e+01,2.63967500000000008e+01,1.94636716888853589e-01,-3.68675549197305941e-03,-3.68675531815192354e-03,-2.10524942588031754e-07,-2.10524932662316666e-07,-4.21049865324633333e-07,-6.31574807912665087e-07,-6.31574797986950052e-07
2.64039999999999999e+01,2.64039999999999999e+01,1.94609993417472760e-01,-3.68523713429347310e-03,-3.68523696063991759e-03,-2.10322691516791359e-07,-2.10322681606090406e-07,-4.20645363212180760e-07,-6.30968054728972145e-07,-6.30968044818271192e-07
2.64112500000000026e+01,2.64112500000000026e+01,1.94583280950406334e-01,-3.68371981853243824e-03,-3.68371964504531817e-03,-2.10120690194385558e-07,-2.10120680298618458e-07,-4.20241360597236916e-07,-6.30362050791622500e-07,-6.30362040895855373e-07
2.64185000000000016e+01,2.64185000000000016e+01,1.94556579480104047e-01,-3.68220354368631320e-03,-3.68220337036743268e-03,-2.09918938243815233e-07,-2.09918928363069918e-07,-4.19837856726139784e-07,-6.29756794969955070e-07,-6.29756785089209649e-07
2.64257500000000007e+01,2.64257500000000007e+01,1.94529888999022904e-01,-3.68068830876033815e-03,-3.68068813560680193e-03,-2.09717435289188603e-07,-2.09717425423285132e-07,-4.19434850846570317e-07,-6.29152286135758920e-07,-6.29152276269855423e-07
2.64329999999999998e+01,2.64329999999999998e+01,1.94503209499627044e-01,-3.67917411275264783e-03,-3.67917393976519968e-03,-2.09516180954809207e-07,-2.09516171103775135e-07,-4.19032342207550322e-07,-6.28548523162359529e-07,-6.28548513311325483e-07
2.64402500000000025e+01,2.64402500000000025e+01,1.94476540974387963e-01,-3.67766095466670606e-03,-3.67766078184563220e-03,-2.09315174865882939e-07,-2.09315165029719774e-07,-4.18630330059439495e-07,-6.27945504925322460e-07,-6.27945495089159242e-07
2.64475000000000016e+01,2.64475000000000016e+01,1.94449883415784369e-01,-3.67614883350775301e-03,-3.67614866085233701e-03,-2.09114416648314732e-07,-2.09114406826966835e-07,-4.18228813653933618e-07,-6.27343230302248377e-07,-6.27343220480900400e-07
2.64547500000000007e+01,2.64547500000000007e+01,1.94423236816302109e-01,-3.67463774827925249e-03,-3.67463757579077673e-03,-2.08913905928504454e-07,-2.08913896122029979e-07,-4.17827792244059958e-07,-6.26741698172564465e-07,-6.26741688366089964e-07
2.64619999999999997e+01,2.64619999999999997e+01,1.94396601168434324e-01,-3.67312769798999739e-03,-3.67312752566764265e-03,-2.08713642333750513e-07,-2.08713632542088130e-07,-4.17427265084176313e-07,-6.26140907417926773e-07,-6.26140897626264442e-07
2.64692500000000024e+01,2.64692500000000024e+01,1.94369976464681238e-01,-3.67161868165055694e-03,-3.67161850949084727e-03,-2.08513625492045806e-07,-2.08513615714983333e-07,-4.17027231429966719e-07,-6.25540856922012472e-07,-6.25540847144950026e-07
2.64765000000000015e+01,2.64765000000000015e+01,1.94343362697550398e-01,-3.67011069826439496e-03,-3.67011052626952956e-03,-2.08313855031572649e-07,-2.08313845269220385e-07,-4.16627690538440770e-07,-6.24941545570013445e-07,-6.24941535807661102e-07
2.64837500000000006e+01,2.64837500000000006e+01,1.94316759859556404e-01,-3.66860374684563340e-03,-3.66860357501404451e-03,-2.08114330581709921e-07,-2.08114320833964317e-07,-4.16228641667928475e-07,-6.24342972249638422e-07,-6.24342962501892739e-07
2.64909999999999997e+01,2.64909999999999997e+01,1.94290167943221154e-01,-3.66709782639773607e-03,-3.66709765473596967e-03,-2.07915051771822237e-07,-2.07915042039039894e-07,-4.15830084078079787e-07,-6.23745135849902051e-07,-6.23745126117119734e-07
2.64982500000000023e+01,2.64982500000000023e+01,1.94263586941073596e-01,-3.66559293594903579e-03,-3.66559276444809691e-03,-2.07716018233273632e-07,-2.07716008514929892e-07,-4.15432017029859784e-07,-6.23148035263133416e-07,-6.23148025544789622e-07
2.65055000000000014e+01,2.65055000000000014e+01,1.94237016845649896e-01,-3.66408907450122001e-03,-3.66408890316443541e-03,-2.07517229596505061e-07,-2.07517219892774042e-07,-4.15034439785548030e-07,-6.22551669382053038e-07,-6.22551659678322045e-07
2.65127500000000005e+01,2.65127500000000005e+01,1.94210457649493351e-01,-3.66258624107373976e-03,-3.66258606990020564e-03,-2.07318685493551329e-07,-2.07318675804367306e-07,-4.14637351608734506e-07,-6.21956037102285809e-07,-6.21956027413101760e-07
2.65199999999999996e+01,2.65199999999999996e+01,1.94183909345154337e-01,-3.66108443468071698e-03,-3.66108426367183892e-03,-2.07120385556730468e-07,-2.07120375882158532e-07,-4.14240751764317116e-07,-6.21361137321047558e-07,-6.21361127646475674e-07
2.65272500000000022e+01,2.65272500000000022e+01,1.94157371925190447e-01,-3.65958365434160271e-03,-3.65958348349697824e-03,-2.06922329419246747e-07,-2.06922319759249600e-07,-4.13844639518499253e-07,-6.20766968937746026e-07,-6.20766959277748826e-07
2.65345000000000013e+01,2.65345000000000013e+01,1.94130845382166378e-01,-3.65808389907584797e-03,-3.65808372839447442e-03,-2.06724516714887269e-07,-2.06724507069393761e-07,-4.13449014138787629e-07,-6.20173530853674871e-07,-6.20173521208181417e-07
2.65417500000000004e+01,2.65417500000000004e+01,1.94104329708653850e-01,-3.65658516790290378e-03,-3.65658499738438217e-03,-2.06526947078020972e-07,-2.06526937446994179e-07,-4.13053874893988411e-07,-6.19580821972009436e-07,-6.19580812340982563e-07
2.65490000000000030e+01,2.65490000000000030e+01,1.94077824897231771e-01,-3.65508745984577388e-03,-3.65508728948796095e-03,-2.06329620143798024e-07,-2.06329610527102604e-07,-4.12659221054205262e-07,-6.18988841198003259e-07,-6.18988831581307866e-07
2.65562500000000021e+01,2.65562500000000021e+01,1.94051330940486100e-01,-3.65359077392213294e-03,-3.65359060372767415e-03,-2.06132535547647581e-07,-2.06132525945418558e-07,-4.12265051890837169e-07,-6.18397587438484724e-07,-6.18397577836255701e-07
2.65635000000000012e+01,2.65635000000000012e+01,1.94024847831009900e-01,-3.65209510915853741e-03,-3.65209493912718383e-03,-2.05935692926078399e-07,-2.05935683338287397e-07,-4.11871366676574740e-07,-6.17807059602653166e-07,-6.17807050014862137e-07
2.65707500000000003e+01,2.65707500000000003e+01,1.93998375561403313e-01,-3.65060046457799103e-03,-3.65060029471135205e-03,-2.05739091915975791e-07,-2.05739082342699174e-07,-4.11478164685398401e-07,-6.17217256601374244e-07,-6.17217247028097549e-07
2.65780000000000030e+01,2.65780000000000030e+01,1.93971914124273503e-01,-3.64910683921415568e-03,-3.64910666950623609e-03,-2.05542732155401757e-07,-2.05542722596287425e-07,-4.11085445192574798e-07,-6.16628177347976581e-07,-6.16628167788862276e-07
2.65852500000000020e+01,2.65852500000000020e+01,1.93945463512234739e-01,-3.64761423208292968e-03,-3.64761406253909064e-03,-2.05346613281992109e-07,-2.05346603737327869e-07,-4.10693207474655737e-07,-6.16039820756647899e-07,-6.16039811211983553e-07
2.65925000000000011e+01,2.65925000000000011e+01,1.93919023717908312e-01,-3.64612264222152760e-03,-3.64612247283836255e-03,-2.05150734935157219e-07,-2.05150725404737055e-07,-4.10301450809474110e-07,-6.15452185744631277e-07,-6.15452176214211166e-07
2.65997500000000002e+01,2.65997500000000002e+01,1.93892594733922535e-01,-3.64463206865472955e-03,-3.64463189943368873e-03,-2.04955096754179451e-07,-2.04955087238070808e-07,-4.09910174476141617e-07,-6.14865271230321120e-07,-6.14865261714212372e-07
2.66070000000000029e+01,2.66070000000000029e+01,1.93866176552912800e-01,-3.64314251041797377e-03,-3.64314234135589823e-03,-2.04759698379512058e-07,-2.04759688877523190e-07,-4.09519377755046433e-07,-6.14279076134558491e-07,-6.14279066632569571e-07
2.66142500000000020e+01,2.66142500000000020e+01,1.93839769167521492e-01,-3.64165396653604034e-03,-3.64165379763700800e-03,-2.04564539451579417e-07,-2.04564529963925444e-07,-4.09129059927850941e-07,-6.13693599379430332e-07,-6.13693589891776385e-07
2.66215000000000011e+01,2.66215000000000011e+01,1.93813372570398046e-01,-3.64016643604792023e-03,-3.64016626731021977e-03,-2.04369619612173492e-07,-2.04369610138744114e-07,-4.08739220277488227e-07,-6.13108839889661666e-07,-6.13108830416232367e-07
2.66287500000000001e+01,2.66287500000000001e+01,1.93786986754198809e-01,-3.63867991798549895e-03,-3.63867974940991967e-03,-2.04174938503254567e-07,-2.04174929044080012e-07,-4.08349858088159971e-07,-6.12524796591414512e-07,-6.12524787132239931e-07
2.66360000000000028e+01,2.66360000000000028e+01,1.93760611711587233e-01,-3.63719441138776745e-03,-3.63719424297167778e-03,-2.03980495767748387e-07,-2.03980486322666951e-07,-4.07960972645333849e-07,-6.11941468413082183e-07,-6.11941458968000747e-07
2.66432500000000019e+01,2.66432500000000019e+01,1.93734247435233681e-01,-3.63570991529016396e-03,-3.63570974703224378e-03,-2.03786291048946824e-07,-2.03786281617870549e-07,-4.07572563235741150e-07,-6.11358854284688000e-07,-6.11358844853611725e-07
2.66505000000000010e+01,2.66505000000000010e+01,1.93707893917815538e-01,-3.63422642872279766e-03,-3.63422626062954784e-03,-2.03592323990407641e-07,-2.03592314573686907e-07,-4.07184629147373761e-07,-6.10776953137781429e-07,-6.10776943721060668e-07
2.66577500000000001e+01,2.66577500000000001e+01,1.93681551152017184e-01,-3.63274395073531764e-03,-3.63274378280269671e-03,-2.03398594237346722e-07,-2.03398584834740997e-07,-4.06797169669481994e-07,-6.10195763906828690e-07,-6.10195754504222992e-07
2.66650000000000027e+01,2.66650000000000027e+01,1.93655219130529826e-01,-3.63126248037026755e-03,-3.63126231259197109e-03,-2.03205101435143081e-07,-2.03205092046285654e-07,-4.06410184092571308e-07,-6.09615285527714362e-07,-6.09615276138856962e-07
2.66722500000000018e+01,2.66722500000000018e+01,1.93628897846051834e-01,-3.62978201665598021e-03,-3.62978184903882915e-03,-2.03011845228941847e-07,-2.03011835854200595e-07,-4.06023671708401137e-07,-6.09035516937342958e-07,-6.09035507562601785e-07
2.66795000000000009e+01,2.66795000000000009e+01,1.93602587291288319e-01,-3.62830255864388107e-03,-3.62830239118589783e-03,-2.02818825265739949e-07,-2.02818815904990437e-07,-4.05637631809980875e-07,-6.08456457075720824e-07,-6.08456447714971259e-07
2.66867500000000000e+01,2.66867500000000000e+01,1.93576287458951501e-01,-3.62682410537296107e-03,-3.62682393807697628e-03,-2.02626041192397546e-07,-2.02626031845784061e-07,-4.05252063691568121e-07,-6.07878104883965614e-07,-6.07878095537352182e-07
2.66940000000000026e+01,2.66940000000000026e+01,1.93549998341760371e-01,-3.62534665589642202e-03,-3.62534648875703072e-03,-2.02433492657126051e-07,-2.02433483324332835e-07,-4.04866966648665670e-07,-6.07300459305791774e-07,-6.07300449972998532e-07
2.67012500000000017e+01,2.67012500000000017e+01,1.93523719932440996e-01,-3.62387020925147851e-03,-3.62387004227219655e-03,-2.02241179307800396e-07,-2.02241169989009985e-07,-4.04482339978019969e-07,-6.06723519285820392e-07,-6.06723509967029980e-07
2.67085000000000008e+01,2.67085000000000008e+01,1.93497452223726218e-01,-3.62239476449133235e-03,-3.62239459766977188e-03,-2.02049100793743170e-07,-2.02049091488808603e-07,-4.04098182977617259e-07,-6.06147283771360402e-07,-6.06147274466425862e-07
2.67157499999999999e+01,2.67157499999999999e+01,1.93471195208355873e-01,-3.62092032065852720e-03,-3.62092015399821969e-03,-2.01857256764236464e-07,-2.01857247473340938e-07,-4.03714494946681718e-07,-6.05571751710918235e-07,-6.05571742420022630e-07
2.67230000000000025e+01,2.67230000000000025e+01,1.93444948879076650e-01,-3.61944687681337030e-03,-3.61944671030716304e-03,-2.01665646870105450e-07,-2.01665637592836541e-07,-4.03331275185673135e-07,-6.04996922055778585e-07,-6.04996912778509622e-07
2.67302500000000016e+01,2.67302500000000016e+01,1.93418713228642097e-01,-3.61797443199662894e-03,-3.61797426564738596e-03,-2.01474270761638177e-07,-2.01474261498141971e-07,-4.02948522996283994e-07,-6.04422793757922198e-07,-6.04422784494425992e-07
2.67375000000000007e+01,2.67375000000000007e+01,1.93392488249812700e-01,-3.61650298526150493e-03,-3.61650281907083130e-03,-2.01283128090366350e-07,-2.01283118840718629e-07,-4.02566237681437205e-07,-6.03849365771803581e-07,-6.03849356522155833e-07
2.67447499999999998e+01,2.67447499999999998e+01,1.93366273935355826e-01,-3.61503253566120009e-03,-3.61503236963059719e-03,-2.01092218508371210e-07,-2.01092209272641802e-07,-4.02184418545283552e-07,-6.03276637053654736e-07,-6.03276627817925328e-07
2.67520000000000024e+01,2.67520000000000024e+01,1.93340070278045589e-01,-3.61356308225602163e-03,-3.61356291638093539e-03,-2.00901541668677492e-07,-2.00901532446599502e-07,-4.01803064893199004e-07,-6.02704606561876496e-07,-6.02704597339798506e-07
2.67592500000000015e+01,2.67592500000000015e+01,1.93313877270663126e-01,-3.61209462409384230e-03,-3.61209445837725471e-03,-2.00711097224165692e-07,-2.00711088015891375e-07,-4.01422176031782803e-07,-6.02133273255948495e-07,-6.02133264047674178e-07
2.67665000000000006e+01,2.67665000000000006e+01,1.93287694905996232e-01,-3.61062716023674568e-03,-3.61062699467611060e-03,-2.00520884829052663e-07,-2.00520875634427038e-07,-4.01041751268854023e-07,-6.01562636097906713e-07,-6.01562626903281062e-07
2.67737499999999997e+01,2.67737499999999997e+01,1.93261523176839700e-01,-3.60916068973438087e-03,-3.60916052433521081e-03,-2.00330904137409514e-07,-2.00330894956725099e-07,-4.00661789913450144e-07,-6.00992694050859685e-07,-6.00992684870175243e-07
2.67810000000000024e+01,2.67810000000000024e+01,1.93235362075995037e-01,-3.60769521166126594e-03,-3.60769504641340931e-03,-2.00141154805231893e-07,-2.00141145637911804e-07,-4.00282291275823608e-07,-6.00423446081055474e-07,-6.00423436913735411e-07
2.67882500000000014e+01,2.67882500000000014e+01,1.93209211596270636e-01,-3.60623072505994458e-03,-3.60623055997070759e-03,-1.99951636487283992e-07,-1.99951627333720168e-07,-3.99903254667440336e-07,-5.99854891154724354e-07,-5.99854882001160530e-07
2.67955000000000005e+01,2.67955000000000005e+01,1.93183071730481659e-01,-3.60476722900315849e-03,-3.60476706406825118e-03,-1.99762348840547035e-07,-1.99762339700488225e-07,-3.99524679400976450e-07,-5.99287028241523485e-07,-5.99287019101464648e-07
2.68027499999999996e+01,2.68027499999999996e+01,1.93156942471450099e-01,-3.60330472254410950e-03,-3.60330455776832793e-03,-1.99573291521459535e-07,-1.99573282395158076e-07,-3.99146564790316151e-07,-5.98719856311775686e-07,-5.98719847185474253e-07
2.68100000000000023e+01,2.68100000000000023e+01,1.93130823812004748e-01,-3.60184320475731568e-03,-3.60184304013436629e-03,-1.99384464188180568e-07,-1.99384455075274564e-07,-3.98768910150549181e-07,-5.98153374338729749e-07,-5.98153365225823718e-07
2.68172500000000014e+01,2.68172500000000014e+01,1.93104715744981142e-01,-3.60038267469953155e-03,-3.60038251023093612e-03,-1.99195866498423881e-07,-1.99195857398984378e-07,-3.98391714797968755e-07,-5.97587581296392663e-07,-5.97587572196953186e-07
2.68245000000000005e+01,2.68245000000000005e+01,1.93078618263221619e-01,-3.59892313143461706e-03,-3.59892296712374183e-03,-1.99007498110834350e-07,-1.99007489025034248e-07,-3.98014978050068442e-07,-5.97022476160902766e-07,-5.97022467075102637e-07
2.68317499999999995e+01,2.68317499999999995e+01,1.93052531359575341e-01,-3.59746457403176123e-03,-3.59746440987962664e-03,-1.98819358684887975e-07,-1.98819349612770233e-07,-3.97638699225540414e-07,-5.96458057910428415e-07,-5.96458048838310621e-07
2.68390000000000022e+01,2.68390000000000022e+01,1.93026455026898136e-01,-3.59600700156725850e-03,-3.59600683756656570e-03,-1.98631447880988097e-07,-1.98631438822136135e-07,-3.97262877644272324e-07,-5.95894325525260420e-07,-5.95894316466408432e-07
2.68462500000000013e+01,2.68462500000000013e+01,1.93000389258052629e-01,-3.59455041309963974e-03,-3.59455024925366910e-03,-1.98443765359090957e-07,-1.98443756313672859e-07,-3.96887512627345718e-07,-5.95331277986436675e-07,-5.95331268941018630e-07
2.68535000000000004e+01,2.68535000000000004e+01,1.92974334045908191e-01,-3.59309480770164669e-03,-3.59309464401117535e-03,-1.98256310780470913e-07,-1.98256301748516377e-07,-3.96512603497032807e-07,-5.94768914277503772e-07,-5.94768905245549210e-07
2.68607500000000030e+01,2.68607500000000030e+01,1.92948289383340937e-01,-3.59164018444602107e-03,-3.59164002091045317e-03,-1.98069083806934283e-07,-1.98069074788397226e-07,-3.96138149576794399e-07,-5.94207233383728629e-07,-5.94207224365191598e-07
2.68680000000000021e+01,2.68680000000000021e+01,1.92922255263233727e-01,-3.59018654240372825e-03,-3.59018637902400097e-03,-1.97882084100720170e-07,-1.97882075095639078e-07,-3.95764150191278156e-07,-5.93646234291998326e-07,-5.93646225286917260e-07
2.68752500000000012e+01,2.68752500000000012e+01,1.92896231678476082e-01,-3.58873388065283905e-03,-3.58873371742543914e-03,-1.97695311324989245e-07,-1.97695302333157389e-07,-3.95390604666314778e-07,-5.93085915991303970e-07,-5.93085906999472194e-07
2.68825000000000003e+01,2.68825000000000003e+01,1.92870218621964268e-01,-3.58728219826076611e-03,-3.58728203518951473e-03,-1.97508765142843550e-07,-1.97508756164458316e-07,-3.95017512328916685e-07,-5.92526277471760261e-07,-5.92526268493375027e-07
2.68897500000000029e+01,2.68897500000000029e+01,1.92844216086601267e-01,-3.58583149431268566e-03,-3.58583133139209632e-03,-1.97322445218891258e-07,-1.97322436253637576e-07,-3.94644872507275098e-07,-5.91967317726166356e-07,-5.91967308760912674e-07
2.68970000000000020e+01,2.68970000000000020e+01,1.92818224065296751e-01,-3.58438176787778673e-03,-3.58438160511017484e-03,-1.97136351217386958e-07,-1.97136342265379283e-07,-3.94272684530758618e-07,-5.91409035748145576e-07,-5.91409026796137901e-07
2.69042500000000011e+01,2.69042500000000011e+01,1.92792242550967052e-01,-3.58293301803591646e-03,-3.58293285542185796e-03,-1.96950482803697578e-07,-1.96950473864954624e-07,-3.93900947729909196e-07,-5.90851430533606748e-07,-5.90851421594863820e-07
2.69115000000000002e+01,2.69115000000000002e+01,1.92766271536535250e-01,-3.58148524386336931e-03,-3.58148508140637353e-03,-1.96764839643519147e-07,-1.96764830718220697e-07,-3.93529661436441341e-07,-5.90294501079960488e-07,-5.90294492154662091e-07
2.69187500000000028e+01,2.69187500000000028e+01,1.92740311014931026e-01,-3.58003844444887420e-03,-3.58003828214406312e-03,-1.96579421403754237e-07,-1.96579412491619261e-07,-3.93158824983238628e-07,-5.89738246386992918e-07,-5.89738237474857836e-07
2.69260000000000019e+01,2.69260000000000019e+01,1.92714360979090754e-01,-3.57859261887050195e-03,-3.57859245671638456e-03,-1.96394227751242317e-07,-1.96394218852176106e-07,-3.92788437704352213e-07,-5.89182665455594582e-07,-5.89182656556528372e-07
2.69332500000000010e+01,2.69332500000000010e+01,1.92688421421957412e-01,-3.57714776620809971e-03,-3.57714760420590550e-03,-1.96209258353441639e-07,-1.96209249467498855e-07,-3.92418498934997710e-07,-5.88627757288439349e-07,-5.88627748402496538e-07
2.69405000000000001e+01,2.69405000000000001e+01,1.92662492336480751e-01,-3.57570388554151464e-03,-3.57570372369630770e-03,-1.96024512878331357e-07,-1.96024504005776775e-07,-3.92049008011553604e-07,-5.88073520889884987e-07,-5.88073512017330379e-07
2.69477500000000028e+01,2.69477500000000028e+01,1.92636573715617043e-01,-3.57426097596658110e-03,-3.57426081427237924e-03,-1.95839990995286214e-07,-1.95839982135778958e-07,-3.91679964271557915e-07,-5.87519955266844129e-07,-5.87519946407336899e-07
2.69550000000000018e+01,2.69550000000000018e+01,1.92610665552329224e-01,-3.57281903656492261e-03,-3.57281887502001886e-03,-1.95655692373419725e-07,-1.95655683526853570e-07,-3.91311367053707087e-07,-5.86967059427126839e-07,-5.86967050580560684e-07
2.69622500000000009e+01,2.69622500000000009e+01,1.92584767839586862e-01,-3.57137806641816269e-03,-3.57137790502622858e-03,-1.95471616682363127e-07,-1.95471607848926379e-07,-3.90943215697852652e-07,-5.86414832380215752e-07,-5.86414823546779031e-07
2.69695000000000000e+01,2.69695000000000000e+01,1.92558880570366159e-01,-3.56993806461680663e-03,-3.56993790337911633e-03,-1.95287763592750224e-07,-1.95287754772499715e-07,-3.90575509544999377e-07,-5.85863273137749627e-07,-5.85863264317499092e-07
2.69767500000000027e+01,2.69767500000000027e+01,1.92533003737649894e-01,-3.56849903025491244e-03,-3.56849886916789242e-03,-1.95104132775923817e-07,-1.95104123968651335e-07,-3.90208247937302617e-07,-5.85312380713226460e-07,-5.85312371905953952e-07
2.69840000000000018e+01,2.69840000000000018e+01,1.92507137334427453e-01,-3.56706096241943271e-03,-3.56706080148286829e-03,-1.94920723903352145e-07,-1.94920715109033258e-07,-3.89841430218066516e-07,-5.84762154121418608e-07,-5.84762145327099774e-07
2.69912500000000009e+01,2.69912500000000009e+01,1.92481281353694827e-01,-3.56562386019909638e-03,-3.56562369941545521e-03,-1.94737536647113760e-07,-1.94737527865870601e-07,-3.89475055731741254e-07,-5.84212592378854961e-07,-5.84212583597611881e-07
2.69984999999999999e+01,2.69984999999999999e+01,1.92455435788454560e-01,-3.56418772269329054e-03,-3.56418756205816164e-03,-1.94554570680381372e-07,-1.94554561911960358e-07,-3.89109123823920664e-07,-5.83663694504302062e-07,-5.83663685735881049e-07
2.70057500000000026e+01,2.70057500000000026e+01,1.92429600631715769e-01,-3.56275254898719140e-03,-3.56275238850459154e-03,-1.94371825676062380e-07,-1.94371816920670163e-07,-3.88743633841340220e-07,-5.83115459517402600e-07,-5.83115450762010435e-07
2.70130000000000017e+01,2.70130000000000017e+01,1.92403775876494237e-01,-3.56131833818018606e-03,-3.56131817784944692e-03,-1.94189301308350194e-07,-1.94189292565937619e-07,-3.88378585131875238e-07,-5.82567886440225379e-07,-5.82567877697812830e-07
2.70202500000000008e+01,2.70202500000000008e+01,1.92377961515812157e-01,-3.55988508936988524e-03,-3.55988492918851880e-03,-1.94006997251849776e-07,-1.94006988522268585e-07,-3.88013977044537223e-07,-5.82020974296386946e-07,-5.82020965566805781e-07
2.70274999999999999e+01,2.70274999999999999e+01,1.92352157542698382e-01,-3.55845280165034694e-03,-3.55845264161869191e-03,-1.93824913181480150e-07,-1.93824904464736273e-07,-3.87649808929472598e-07,-5.81474722110952695e-07,-5.81474713394208844e-07
2.70347500000000025e+01,2.70347500000000025e+01,1.92326363950188206e-01,-3.55702147412095826e-03,-3.55702131423793781e-03,-1.93643048772957664e-07,-1.93643040068979976e-07,-3.87286080137960005e-07,-5.80929128910917669e-07,-5.80929120206939981e-07
2.70420000000000016e+01,2.70420000000000016e+01,1.92300580731323639e-01,-3.55559110587577720e-03,-3.55559094614532265e-03,-1.93461403702214474e-07,-1.93461395011204464e-07,-3.86922790022408980e-07,-5.80384193724623481e-07,-5.80384185033613444e-07
2.70492500000000007e+01,2.70492500000000007e+01,1.92274807879152992e-01,-3.55416169602129628e-03,-3.55416153644099158e-03,-1.93279977646364347e-07,-1.93279968968177939e-07,-3.86559937936355932e-07,-5.79839915582720332e-07,-5.79839906904533844e-07
2.70564999999999998e+01,2.70564999999999998e+01,1.92249045386731321e-01,-3.55273324365512622e-03,-3.55273308422618091e-03,-1.93098770282541326e-07,-1.93098761617231778e-07,-3.86197523234463503e-07,-5.79296293517004882e-07,-5.79296284851695307e-07
2.70637500000000024e+01,2.70637500000000024e+01,1.92223293247119981e-01,-3.55130574788731224e-03,-3.55130558860320463e-03,-1.92917781289058126e-07,-1.92917772636258619e-07,-3.85835545272517239e-07,-5.78753326561575392e-07,-5.78753317908775858e-07
2.70710000000000015e+01,2.70710000000000015e+01,1.92197551453386961e-01,-3.54987920781013599e-03,-3.54987904867546354e-03,-1.92737010343764110e-07,-1.92737001703712105e-07,-3.85474003407424157e-07,-5.78211013751188267e-07,-5.78211005111136262e-07
2.70782500000000006e+01,2.70782500000000006e+01,1.92171819998606747e-01,-3.54845362253186636e-03,-3.54845346354743657e-03,-1.92556457125878053e-07,-1.92556448498604943e-07,-3.85112896997209833e-07,-5.77669354123087860e-07,-5.77669345495814829e-07
2.70854999999999997e+01,2.70854999999999997e+01,1.92146098875860261e-01,-3.54702899116077219e-03,-3.54702883232468034e-03,-1.92376121315118190e-07,-1.92376112700508249e-07,-3.84752225401016445e-07,-5.77128346716134662e-07,-5.77128338101524668e-07
2.70927500000000023e+01,2.70927500000000023e+01,1.92120388078234922e-01,-3.54560531279979330e-03,-3.54560515411382962e-03,-1.92196002591412317e-07,-1.92195993989550248e-07,-3.84391987979100443e-07,-5.76587990570512760e-07,-5.76587981968650717e-07
2.71000000000000014e+01,2.71000000000000014e+01,1.92094687598824643e-01,-3.54418258656075125e-03,-3.54418242802259469e-03,-1.92016100635667637e-07,-1.92016092046415294e-07,-3.84032184092830642e-07,-5.76048284728498305e-07,-5.76048276139245936e-07
2.71072500000000005e+01,2.71072500000000005e+01,1.92068997430729804e-01,-3.54276081154836220e-03,-3.54276065315976005e-03,-1.91836415128903004e-07,-1.91836406552342735e-07,-3.83672813104685418e-07,-5.75509228233588448e-07,-5.75509219657028127e-07
2.71144999999999996e+01,2.71144999999999996e+01,1.92043317567057198e-01,-3.54133998687622409e-03,-3.54133982863518056e-03,-1.91656945753114085e-07,-1.91656937189125533e-07,-3.83313874378251013e-07,-5.74970820131365099e-07,-5.74970811567376546e-07
2.71217500000000022e+01,2.71217500000000022e+01,1.92017648000920083e-01,-3.53992011165438214e-03,-3.53991995355978266e-03,-1.91477692190598676e-07,-1.91477683639109338e-07,-3.82955367278218677e-07,-5.74433059468817405e-07,-5.74433050917327989e-07
2.71290000000000013e+01,2.71290000000000013e+01,1.91991988725438212e-01,-3.53850118499110522e-03,-3.53850102704556402e-03,-1.91298654124052753e-07,-1.91298645585191830e-07,-3.82597291170383660e-07,-5.73895945294436413e-07,-5.73895936755575516e-07
2.71362500000000004e+01,2.71362500000000004e+01,1.91966339733737723e-01,-3.53708320600354398e-03,-3.53708304820558699e-03,-1.91119831237145167e-07,-1.91119822710820728e-07,-3.82239645421641457e-07,-5.73359476658786597e-07,-5.73359468132462211e-07
2.71435000000000031e+01,2.71435000000000031e+01,1.91940701018951138e-01,-3.53566617380352000e-03,-3.53566601615397987e-03,-1.90941223213748345e-07,-1.90941214699993213e-07,-3.81882429399986480e-07,-5.72823652613734851e-07,-5.72823644099979693e-07
2.71507500000000022e+01,2.71507500000000022e+01,1.91915072574217555e-01,-3.53425008750996028e-03,-3.53424993000593960e-03,-1.90762829738609594e-07,-1.90762821237255158e-07,-3.81525642474510315e-07,-5.72288472213119962e-07,-5.72288463711765473e-07
2.71580000000000013e+01,2.71580000000000013e+01,1.91889454392682263e-01,-3.53283494623468641e-03,-3.53283478887772041e-03,-1.90584650496582022e-07,-1.90584642007699060e-07,-3.81169284015398174e-07,-5.71753934511980222e-07,-5.71753926023097234e-07
2.71652500000000003e+01,2.71652500000000003e+01,1.91863846467497157e-01,-3.53142074909484904e-03,-3.53142059188664122e-03,-1.90406685173295729e-07,-1.90406676696963996e-07,-3.80813353393927992e-07,-5.71220038567223747e-07,-5.71220030090891987e-07
2.71725000000000030e+01,2.71725000000000030e+01,1.91838248791820376e-01,-3.53000749521292789e-03,-3.53000733815107826e-03,-1.90228933455155640e-07,-1.90228924991233627e-07,-3.80457849982467255e-07,-5.70686783437622868e-07,-5.70686774973700882e-07
2.71797500000000021e+01,2.71797500000000021e+01,1.91812661358816555e-01,-3.52859518370607361e-03,-3.52859502679046984e-03,-1.90051395028766419e-07,-1.90051386577236022e-07,-3.80102773154471992e-07,-5.70154168183238464e-07,-5.70154159731708041e-07
2.71870000000000012e+01,2.71870000000000012e+01,1.91787084161656629e-01,-3.52718381369676592e-03,-3.52718365692530639e-03,-1.89874069581505518e-07,-1.89874061142241614e-07,-3.79748122284483281e-07,-5.69622191865988851e-07,-5.69622183426724947e-07
2.71942500000000003e+01,2.71942500000000003e+01,1.91761517193517972e-01,-3.52577338430037912e-03,-3.52577322767713697e-03,-1.89696956800853115e-07,-1.89696948374062989e-07,-3.79393896748126031e-07,-5.69090853548979146e-07,-5.69090845122189072e-07
2.72015000000000029e+01,2.72015000000000029e+01,1.91735960447584258e-01,-3.52436389464827471e-03,-3.52436373816856141e-03,-1.89520056375633605e-07,-1.89520047961053009e-07,-3.79040095922106071e-07,-5.68560152297739730e-07,-5.68560143883159107e-07
2.72087500000000020e+01,2.72087500000000020e+01,1.91710413917045602e-01,-3.52295534385405062e-03,-3.52295518752323384e-03,-1.89343367994198924e-07,-1.89343359592104520e-07,-3.78686719184209094e-07,-5.68030087178407992e-07,-5.68030078776313587e-07
2.72160000000000011e+01,2.72160000000000011e+01,1.91684877595098391e-01,-3.52154773105084473e-03,-3.52154757486585791e-03,-1.89166891346433608e-07,-1.89166882956648577e-07,-3.78333765913297208e-07,-5.67500657259730815e-07,-5.67500648869945811e-07
2.72232500000000002e+01,2.72232500000000002e+01,1.91659351474945366e-01,-3.52014105536113675e-03,-3.52014089932218546e-03,-1.88990626122130367e-07,-1.88990617744653837e-07,-3.77981235489307674e-07,-5.66971861611438067e-07,-5.66971853233961511e-07
2.72305000000000028e+01,2.72305000000000028e+01,1.91633835549795628e-01,-3.51873531591273547e-03,-3.51873516001901566e-03,-1.88814572011848187e-07,-1.88814563646625074e-07,-3.77629127293250096e-07,-5.66443699305098309e-07,-5.66443690939875144e-07
2.72377500000000019e+01,2.72377500000000019e+01,1.91608329812864631e-01,-3.51733051183344969e-03,-3.51733035608419592e-03,-1.88638728706625343e-07,-1.88638720353602734e-07,-3.77277440707205415e-07,-5.65916169413830706e-07,-5.65916161060808097e-07
2.72450000000000010e+01,2.72450000000000010e+01,1.91582834257374046e-01,-3.51592664225464091e-03,-3.51592648664661488e-03,-1.88463095898168656e-07,-1.88463087557161209e-07,-3.76926175114322365e-07,-5.65389271012491048e-07,-5.65389262671483601e-07
2.72522500000000001e+01,2.72522500000000001e+01,1.91557348876551958e-01,-3.51452370629523614e-03,-3.51452355083620551e-03,-1.88287673277995846e-07,-1.88287664949408073e-07,-3.76575329898816145e-07,-5.64863003176812018e-07,-5.64862994848224192e-07
2.72595000000000027e+01,2.72595000000000027e+01,1.91531873663632751e-01,-3.51312170309903138e-03,-3.51312154778394203e-03,-1.88112460539433791e-07,-1.88112452222983047e-07,-3.76224904445966094e-07,-5.64337364985399859e-07,-5.64337356668949168e-07
2.72667500000000018e+01,2.72667500000000018e+01,1.91506408611857054e-01,-3.51172063179205907e-03,-3.51172047662183864e-03,-1.87937457375332807e-07,-1.87937449071056997e-07,-3.75874898142113993e-07,-5.63812355517446747e-07,-5.63812347213170990e-07
2.72740000000000009e+01,2.72740000000000009e+01,1.91480953714471769e-01,-3.51032049150923342e-03,-3.51032033648294647e-03,-1.87762663479493235e-07,-1.87762655187330579e-07,-3.75525310374661104e-07,-5.63287973854154340e-07,-5.63287965561991683e-07
2.72812500000000000e+01,2.72812500000000000e+01,1.91455508964730153e-01,-3.50892128138191595e-03,-3.50892112650135445e-03,-1.87588078545998778e-07,-1.87588070266033343e-07,-3.75176140532066686e-07,-5.62764219078065464e-07,-5.62764210798099976e-07
2.72885000000000026e+01,2.72885000000000026e+01,1.91430074355891711e-01,-3.50752300055212629e-03,-3.50752284581218625e-03,-1.87413702269975570e-07,-1.87413694001922859e-07,-3.74827388003845665e-07,-5.62241090273821261e-07,-5.62241082005768551e-07
2.72957500000000017e+01,2.72957500000000017e+01,1.91404649881222161e-01,-3.50612564814767325e-03,-3.50612549355159946e-03,-1.87239534346261674e-07,-1.87239526090283471e-07,-3.74479052180566941e-07,-5.61718586526828588e-07,-5.61718578270850438e-07
2.73030000000000008e+01,2.73030000000000008e+01,1.91379235533993580e-01,-3.50472922330524739e-03,-3.50472906885678469e-03,-1.87065574470640707e-07,-1.87065566226925291e-07,-3.74131132453850582e-07,-5.61196706924491289e-07,-5.61196698680775847e-07
2.73102499999999999e+01,2.73102499999999999e+01,1.91353831307484235e-01,-3.50333372517219743e-03,-3.50333357086596124e-03,-1.86891822339934882e-07,-1.86891814108183092e-07,-3.73783628216366130e-07,-5.60675450556301038e-07,-5.60675442324549195e-07
2.73175000000000026e+01,2.73175000000000026e+01,1.91328437194978579e-01,-3.50193915288521396e-03,-3.50193899871837754e-03,-1.86718277650865639e-07,-1.86718269430915241e-07,-3.73436538861830430e-07,-5.60154816512696069e-07,-5.60154808292745724e-07
2.73247500000000016e+01,2.73247500000000016e+01,1.91303053189767425e-01,-3.50054550557565847e-03,-3.50054535155431288e-03,-1.86544940100338809e-07,-1.86544931892503021e-07,-3.73089863785006042e-07,-5.59634803885344825e-07,-5.59634795677509063e-07
2.73320000000000007e+01,2.73320000000000007e+01,1.91277679285147745e-01,-3.49915278239265604e-03,-3.49915262851506915e-03,-1.86371809386674158e-07,-1.86371801190849032e-07,-3.72743602381698117e-07,-5.59115411768372249e-07,-5.59115403572547203e-07
2.73392499999999998e+01,2.73392499999999998e+01,1.91252315474422729e-01,-3.49776098248000267e-03,-3.49776082874297435e-03,-1.86198885208372955e-07,-1.86198877024376539e-07,-3.72397754048753183e-07,-5.58596639257126191e-07,-5.58596631073129748e-07
2.73465000000000025e+01,2.73465000000000025e+01,1.91226961750901786e-01,-3.49637010497261258e-03,-3.49636995138137910e-03,-1.86026167263928767e-07,-1.86026159092028299e-07,-3.72052318184056650e-07,-5.58078485447985444e-07,-5.58078477276084949e-07
2.73537500000000016e+01,2.73537500000000016e+01,1.91201618107900623e-01,-3.49498014902493992e-03,-3.49497999557465836e-03,-1.85853655253339544e-07,-1.85853647093265800e-07,-3.71707294186531599e-07,-5.57560949439871170e-07,-5.57560941279797373e-07
2.73610000000000007e+01,2.73610000000000007e+01,1.91176284538740943e-01,-3.49359111377722797e-03,-3.49359096046820191e-03,-1.85681348876309740e-07,-1.85681340728067484e-07,-3.71362681456134967e-07,-5.57044030332444733e-07,-5.57044022184202503e-07
2.73682499999999997e+01,2.73682499999999997e+01,1.91150961036750860e-01,-3.49220299837149639e-03,-3.49220284520842346e-03,-1.85509247833101313e-07,-1.85509239696928694e-07,-3.71018479393857282e-07,-5.56527727226958648e-07,-5.56527719090786002e-07
2.73755000000000024e+01,2.73755000000000024e+01,1.91125647595264542e-01,-3.49081580196575203e-03,-3.49081564894275021e-03,-1.85337351825286716e-07,-1.85337343700859771e-07,-3.70674687401719542e-07,-5.56012039227006311e-07,-5.56012031102579259e-07
2.73827500000000015e+01,2.73827500000000015e+01,1.91100344207622341e-01,-3.48942952370201454e-03,-3.48942937081962810e-03,-1.85165660554049587e-07,-1.85165652441385918e-07,-3.70331304882771782e-07,-5.55496965436821369e-07,-5.55496957324157700e-07
2.73900000000000006e+01,2.73900000000000006e+01,1.91075050867170859e-01,-3.48804416272940898e-03,-3.48804400998851526e-03,-1.84994173721410484e-07,-1.84994165620545348e-07,-3.69988331241090697e-07,-5.54982504962501155e-07,-5.54982496861636019e-07
2.73972499999999997e+01,2.73972499999999997e+01,1.91049767567262774e-01,-3.48665971819883680e-03,-3.48665956559988293e-03,-1.84822891029943027e-07,-1.84822882940888733e-07,-3.69645765881777413e-07,-5.54468656911720387e-07,-5.54468648822666172e-07
2.74045000000000023e+01,2.74045000000000023e+01,1.91024494301256981e-01,-3.48527618926297578e-03,-3.48527603680521365e-03,-1.84651812182772410e-07,-1.84651804105477951e-07,-3.69303608210955849e-07,-5.53955420393728205e-07,-5.53955412316433773e-07
2.74117500000000014e+01,2.74117500000000014e+01,1.90999231062518454e-01,-3.48389357507628006e-03,-3.48389342275700091e-03,-1.84480936883574798e-07,-1.84480928817885431e-07,-3.68961857635770810e-07,-5.53442794519345634e-07,-5.53442786453656294e-07
2.74190000000000005e+01,2.74190000000000005e+01,1.90973977844418386e-01,-3.48251187478254565e-03,-3.48251172260874561e-03,-1.84310264835917855e-07,-1.84310256782192750e-07,-3.68620513564385394e-07,-5.52930778400303197e-07,-5.52930770346578197e-07
2.74262499999999996e+01,2.74262499999999996e+01,1.90948734640334100e-01,-3.48113108754688483e-03,-3.48113093551495568e-03,-1.84139795744953040e-07,-1.84139787702989755e-07,-3.68279575405979457e-07,-5.52419371150932444e-07,-5.52419363108969238e-07
2.74335000000000022e+01,2.74335000000000022e+01,1.90923501443648919e-01,-3.47975121252730446e-03,-3.47975106063114258e-03,-1.83969529315908916e-07,-1.83969521285373482e-07,-3.67939042570747069e-07,-5.51908571886656012e-07,-5.51908563856120551e-07
2.74407500000000013e+01,2.74407500000000013e+01,1.90898278247752462e-01,-3.47837224886582419e-03,-3.47837209711382607e-03,-1.83799465253622532e-07,-1.83799457234947677e-07,-3.67598914469895406e-07,-5.51398379723517938e-07,-5.51398371704843056e-07
2.74480000000000004e+01,2.74480000000000004e+01,1.90873065046040347e-01,-3.47699419573288537e-03,-3.47699404412052512e-03,-1.83629603264885678e-07,-1.83629595257820944e-07,-3.67259190515641889e-07,-5.50888793780527514e-07,-5.50888785773462807e-07
2.74552500000000030e+01,2.74552500000000030e+01,1.90847861831914295e-01,-3.47561705228471851e-03,-3.47561690080975920e-03,-1.83459943056189950e-07,-1.83459935060606166e-07,-3.66919870121212331e-07,-5.50379813177402255e-07,-5.50379805181818550e-07
2.74625000000000021e+01,2.74625000000000021e+01,1.90822668598782219e-01,-3.47424081767400139e-03,-3.47424066634105045e-03,-1.83290484334290583e-07,-1.83290476350419755e-07,-3.66580952700839617e-07,-5.49871437035130226e-07,-5.49871429051259399e-07
2.74697500000000012e+01,2.74697500000000012e+01,1.90797485340058026e-01,-3.47286549106762266e-03,-3.47286533987491717e-03,-1.83121226807142395e-07,-1.83121218834880340e-07,-3.66242437669760732e-07,-5.49363664476903154e-07,-5.49363656504641125e-07
2.74770000000000003e+01,2.74770000000000003e+01,1.90772312049161730e-01,-3.47149107162536552e-03,-3.47149092057287426e-03,-1.82952170182773739e-07,-1.82952162222107697e-07,-3.65904324444215394e-07,-5.48856494626989133e-07,-5.48856486666323091e-07
2.74842500000000030e+01,2.74842500000000030e+01,1.90747148719519422e-01,-3.47011755851234227e-03,-3.47011740759743106e-03,-1.82783314169941786e-07,-1.82783306220721858e-07,-3.65566612441443717e-07,-5.48349926611385476e-07,-5.48349918662165601e-07
2.74915000000000020e+01,2.74915000000000020e+01,1.90721995344563300e-01,-3.46874495088655976e-03,-3.46874480011209437e-03,-1.82614658477476418e-07,-1.82614650539842524e-07,-3.65229301079685049e-07,-5.47843959557161519e-07,-5.47843951619527573e-07
2.74987500000000011e+01,2.74987500000000011e+01,1.90696851917731558e-01,-3.46737324791668300e-03,-3.46737309728135934e-03,-1.82446202815214985e-07,-1.82446194889087399e-07,-3.64892389778174798e-07,-5.47338592593389835e-07,-5.47338584667262197e-07
2.75060000000000002e+01,2.75060000000000002e+01,1.90671718432468495e-01,-3.46600244876782426e-03,-3.46600229827071339e-03,-1.82277946893252731e-07,-1.82277938978571525e-07,-3.64555877957143104e-07,-5.46833824850395862e-07,-5.46833816935714603e-07
2.75132500000000029e+01,2.75132500000000029e+01,1.90646594882224407e-01,-3.46463255260687220e-03,-3.46463240224663361e-03,-1.82109890422222610e-07,-1.82109882518906415e-07,-3.64219765037812884e-07,-5.46329655460035520e-07,-5.46329647556719326e-07
2.75205000000000020e+01,2.75205000000000020e+01,1.90621481260455694e-01,-3.46326355859716273e-03,-3.46326340837658630e-03,-1.81942033113014514e-07,-1.81942025221198988e-07,-3.63884050442397977e-07,-5.45826083555412517e-07,-5.45826075663596912e-07
2.75277500000000011e+01,2.75277500000000011e+01,1.90596377560624752e-01,-3.46189546590913722e-03,-3.46189531582902265e-03,-1.81774374677334400e-07,-1.81774366797050514e-07,-3.63548733594100974e-07,-5.45323108271435374e-07,-5.45323100391151488e-07
2.75350000000000001e+01,2.75350000000000001e+01,1.90571283776200001e-01,-3.46052827371678973e-03,-3.46052812377337917e-03,-1.81606914827516010e-07,-1.81606906958555551e-07,-3.63213813917111102e-07,-5.44820728744627165e-07,-5.44820720875666627e-07
2.75422500000000028e+01,2.75422500000000028e+01,1.90546199900655855e-01,-3.45916198118523255e-03,-3.45916183138007685e-03,-1.81439653275867779e-07,-1.81439645418301210e-07,-3.62879290836602421e-07,-5.44318944112470226e-07,-5.44318936254903658e-07
2.75495000000000019e+01,2.75495000000000019e+01,1.90521125927472806e-01,-3.45779658748668339e-03,-3.45779643782051938e-03,-1.81272589735511136e-07,-1.81272581889366225e-07,-3.62545163778732396e-07,-5.43817753514243559e-07,-5.43817745668098595e-07
2.75567500000000010e+01,2.75567500000000010e+01,1.90496061850137288e-01,-3.45643209179691269e-03,-3.45643194226709013e-03,-1.81105723920192673e-07,-1.81105716085319600e-07,-3.62211432170639147e-07,-5.43317156090831820e-07,-5.43317148255958747e-07
2.75640000000000001e+01,2.75640000000000001e+01,1.90471007662141756e-01,-3.45506849328636179e-03,-3.45506834389315348e-03,-1.80939055543817695e-07,-1.80939047720219980e-07,-3.61878095440439907e-07,-5.42817150984257656e-07,-5.42817143160659861e-07
2.75712500000000027e+01,2.75712500000000027e+01,1.90445963356984632e-01,-3.45370579112547205e-03,-3.45370564187304913e-03,-1.80772584320729264e-07,-1.80772576508614430e-07,-3.61545153017228860e-07,-5.42317737337958150e-07,-5.42317729525843264e-07
2.75785000000000018e+01,2.75785000000000018e+01,1.90420928928170419e-01,-3.45234398449711932e-03,-3.45234383538209864e-03,-1.80606309966357951e-07,-1.80606302165538064e-07,-3.61212604331076075e-07,-5.41818914297433973e-07,-5.41818906496614165e-07
2.75857500000000009e+01,2.75857500000000009e+01,1.90395904369209418e-01,-3.45098307257885040e-03,-3.45098292359659244e-03,-1.80440232196290450e-07,-1.80440224406512087e-07,-3.60880448813024174e-07,-5.41320681009314571e-07,-5.41320673219536261e-07
2.75930000000000000e+01,2.75930000000000000e+01,1.90370889673618038e-01,-3.44962305453755391e-03,-3.44962290569379975e-03,-1.80274350725991081e-07,-1.80274342947543796e-07,-3.60548685895087645e-07,-5.40823036621078752e-07,-5.40823028842631414e-07
2.76002500000000026e+01,2.76002500000000026e+01,1.90345884834918599e-01,-3.44826392955788208e-03,-3.44826378085195950e-03,-1.80108665272287149e-07,-1.80108657505124963e-07,-3.60217315010249926e-07,-5.40325980282537101e-07,-5.40325972515374889e-07
2.76075000000000017e+01,2.76075000000000017e+01,1.90320889846639446e-01,-3.44690569682093439e-03,-3.44690554825028425e-03,-1.79943175552252841e-07,-1.79943167796231388e-07,-3.59886335592462775e-07,-5.39829511144715589e-07,-5.39829503388694189e-07
2.76147500000000008e+01,2.76147500000000008e+01,1.90295904702314722e-01,-3.44554835550425764e-03,-3.44554820706895280e-03,-1.79777881283209068e-07,-1.79777873538321492e-07,-3.59555747076642985e-07,-5.39333628359852079e-07,-5.39333620614964503e-07
2.76219999999999999e+01,2.76219999999999999e+01,1.90270929395484650e-01,-3.44419190478539861e-03,-3.44419175648911450e-03,-1.79612782182908253e-07,-1.79612774449335635e-07,-3.59225548898671270e-07,-5.38838331081579497e-07,-5.38838323348006905e-07
2.76292500000000025e+01,2.76292500000000025e+01,1.90245963919695310e-01,-3.44283634385256221e-03,-3.44283619569288497e-03,-1.79447877970089322e-07,-1.79447870247695050e-07,-3.58895740495390154e-07,-5.38343618465479475e-07,-5.38343610743085178e-07
2.76365000000000016e+01,2.76365000000000016e+01,1.90221008268498776e-01,-3.44148167188862431e-03,-3.44148152386334694e-03,-1.79283168363642870e-07,-1.79283160652301267e-07,-3.58566321304602586e-07,-5.37849489668245482e-07,-5.37849481956903906e-07
2.76437500000000007e+01,2.76437500000000007e+01,1.90196062435452923e-01,-3.44012788807646075e-03,-3.44012774018454285e-03,-1.79118653082887907e-07,-1.79118645382534333e-07,-3.58237290765068719e-07,-5.37355943847956626e-07,-5.37355936147603078e-07
2.76509999999999998e+01,2.76509999999999998e+01,1.90171126414121677e-01,-3.43877499159539468e-03,-3.43877484384148271e-03,-1.78954331847387072e-07,-1.78954324158252820e-07,-3.57908648316505639e-07,-5.36862980163892684e-07,-5.36862972474758406e-07
2.76582500000000024e+01,2.76582500000000024e+01,1.90146200198074794e-01,-3.43742298163718374e-03,-3.43742283402013451e-03,-1.78790204377777304e-07,-1.78790196699792202e-07,-3.57580393399584457e-07,-5.36370597777361761e-07,-5.36370590099376659e-07
2.76655000000000015e+01,2.76655000000000015e+01,1.90121283780887940e-01,-3.43607185738825649e-03,-3.43607170990742859e-03,-1.78626270394844303e-07,-1.78626262727964412e-07,-3.57252525455928825e-07,-5.35878795850773102e-07,-5.35878788183893237e-07
2.76727500000000006e+01,2.76727500000000006e+01,1.90096377156142665e-01,-3.43472161804037057e-03,-3.43472147069125155e-03,-1.78462529620076173e-07,-1.78462521964056436e-07,-3.56925043928112819e-07,-5.35387573548189045e-07,-5.35387565892169308e-07
2.76799999999999997e+01,2.76799999999999997e+01,1.90071480317426378e-01,-3.43337226277462548e-03,-3.43337211556044757e-03,-1.78298981774831764e-07,-1.78298974129829702e-07,-3.56597948259659457e-07,-5.34896930034491221e-07,-5.34896922389489159e-07
2.76872500000000024e+01,2.76872500000000024e+01,1.90046593258332425e-01,-3.43202379078277886e-03,-3.43202364370481751e-03,-1.78135626581447693e-07,-1.78135618947519025e-07,-3.56271237895038050e-07,-5.34406864476485717e-07,-5.34406856842557023e-07
2.76945000000000014e+01,2.76945000000000014e+01,1.90021715972460037e-01,-3.43067620125836470e-03,-3.43067605431511720e-03,-1.77972463762775681e-07,-1.77972456139831918e-07,-3.55944912279663783e-07,-5.33917376042439438e-07,-5.33917368419495701e-07
2.77017500000000005e+01,2.77017500000000005e+01,1.89996848453414191e-01,-3.42932949339314064e-03,-3.42932934658305311e-03,-1.77809493041997021e-07,-1.77809485429947108e-07,-3.55618970859894216e-07,-5.33428463901891211e-07,-5.33428456289841271e-07
2.77089999999999996e+01,2.77089999999999996e+01,1.89971990694805859e-01,-3.42798366637353524e-03,-3.42798351970128581e-03,-1.77646714142438222e-07,-1.77646706541514272e-07,-3.55293413083028492e-07,-5.32940127225466714e-07,-5.32940119624542765e-07
2.77162500000000023e+01,2.77162500000000023e+01,1.89947142690251758e-01,-3.42663871940374065e-03,-3.42663857286342388e-03,-1.77484126788766990e-07,-1.77484119198652504e-07,-3.54968238397305008e-07,-5.32452365186072051e-07,-5.32452357595957512e-07
2.77235000000000014e+01,2.77235000000000014e+01,1.89922304433374517e-01,-3.42529465167018543e-03,-3.42529450526402697e-03,-1.77321730705150142e-07,-1.77321723125950073e-07,-3.54643446251900145e-07,-5.31965176957050287e-07,-5.31965169377850191e-07
2.77307500000000005e+01,2.77307500000000005e+01,1.89897475917802538e-01,-3.42395146236817993e-03,-3.42395131609860058e-03,-1.77159525616633504e-07,-1.77159518048462757e-07,-3.54319036096925513e-07,-5.31478561713559044e-07,-5.31478554145388270e-07
2.77380000000000031e+01,2.77380000000000031e+01,1.89872657137170137e-01,-3.42260915070191629e-03,-3.42260900456359696e-03,-1.76997511249140429e-07,-1.76997503691713447e-07,-3.53995007383426894e-07,-5.30992518632567323e-07,-5.30992511075140314e-07
2.77452500000000022e+01,2.77452500000000022e+01,1.89847848085117371e-01,-3.42126771586137579e-03,-3.42126756985641420e-03,-1.76835687328276233e-07,-1.76835679781691194e-07,-3.53671359563382388e-07,-5.30507046891658648e-07,-5.30507039345073556e-07
2.77525000000000013e+01,2.77525000000000013e+01,1.89823048755290158e-01,-3.41992715704542150e-03,-3.41992701117539233e-03,-1.76674053580522016e-07,-1.76674046044850016e-07,-3.53348092089700033e-07,-5.30022145670221996e-07,-5.30022138134550076e-07
2.77597500000000004e+01,2.77597500000000004e+01,1.89798259141340214e-01,-3.41858747345646918e-03,-3.41858732771981380e-03,-1.76512609732957989e-07,-1.76512602208108159e-07,-3.53025204416216266e-07,-5.29537814149174281e-07,-5.29537806624324372e-07
2.77670000000000030e+01,2.77670000000000030e+01,1.89773479236925030e-01,-3.41724866429693463e-03,-3.41724851868990169e-03,-1.76351355513078673e-07,-1.76351347998847142e-07,-3.52702695997694285e-07,-5.29054051510772957e-07,-5.29054043996541453e-07
2.77742500000000021e+01,2.77742500000000021e+01,1.89748709035707924e-01,-3.41591072876035184e-03,-3.41591058328681975e-03,-1.76190290648334381e-07,-1.76190283144911150e-07,-3.52380566289822353e-07,-5.28570856938156708e-07,-5.28570849434733450e-07
2.77815000000000012e+01,2.77815000000000012e+01,1.89723948531358017e-01,-3.41457366605091295e-03,-3.41457352071266847e-03,-1.76029414867138691e-07,-1.76029407374605630e-07,-3.52058814749211259e-07,-5.28088229616349924e-07,-5.28088222123816862e-07
2.77887500000000003e+01,2.77887500000000003e+01,1.89699197717550200e-01,-3.41323747537458644e-03,-3.41323733017048639e-03,-1.75868727898408844e-07,-1.75868720416696655e-07,-3.51737440833393364e-07,-5.27606168731802235e-07,-5.27606161250090019e-07
2.77960000000000029e+01,2.77960000000000029e+01,1.89674456587965057e-01,-3.41190215593911716e-03,-3.41190201086424361e-03,-1.75708229471564720e-07,-1.75708222000409923e-07,-3.51416444000819846e-07,-5.27124673472384592e-07,-5.27124666001229796e-07
2.78032500000000020e+01,2.78032500000000020e+01,1.89649725136289082e-01,-3.41056770693981548e-03,-3.41056756199885043e-03,-1.75547919315796702e-07,-1.75547911855430246e-07,-3.51095823710860492e-07,-5.26643743026657220e-07,-5.26643735566290765e-07
2.78105000000000011e+01,2.78105000000000011e+01,1.89625003356214433e-01,-3.40923412758797895e-03,-3.40923398278014482e-03,-1.75387797161528296e-07,-1.75387789711899995e-07,-3.50775579423799937e-07,-5.26163376585328207e-07,-5.26163369135699906e-07
2.78177500000000002e+01,2.78177500000000002e+01,1.89600291241439067e-01,-3.40790141709135241e-03,-3.40790127241489800e-03,-1.75227862739409035e-07,-1.75227855300418647e-07,-3.50455710600837347e-07,-5.25683573340246382e-07,-5.25683565901255968e-07
2.78250000000000028e+01,2.78250000000000028e+01,1.89575588785666604e-01,-3.40656957465768073e-03,-3.40656943011081017e-03,-1.75068115780496666e-07,-1.75068108352041806e-07,-3.50136216704083613e-07,-5.25204332484580252e-07,-5.25204325056125445e-07
2.78322500000000019e+01,2.78322500000000019e+01,1.89550895982606521e-01,-3.40523859948937968e-03,-3.40523845507651217e-03,-1.74908556015982716e-07,-1.74908548598280437e-07,-3.49817097196560874e-07,-5.24725653212543564e-07,-5.24725645794841311e-07
2.78395000000000010e+01,2.78395000000000010e+01,1.89526212825974011e-01,-3.40390849080129954e-03,-3.40390834652156121e-03,-1.74749183178104427e-07,-1.74749175771099671e-07,-3.49498351542199289e-07,-5.24247534720303743e-07,-5.24247527313298987e-07
2.78467500000000001e+01,2.78467500000000001e+01,1.89501539309489903e-01,-3.40257924780651422e-03,-3.40257910365643909e-03,-1.74589996999413290e-07,-1.74589989602918069e-07,-3.49179979205836137e-07,-5.23769976205249427e-07,-5.23769968808754232e-07
2.78540000000000028e+01,2.78540000000000028e+01,1.89476875426880798e-01,-3.40125086971454493e-03,-3.40125072569255355e-03,-1.74430997212683380e-07,-1.74430989826606743e-07,-3.48861979653213486e-07,-5.23292976865896866e-07,-5.23292969479820176e-07
2.78612500000000018e+01,2.78612500000000018e+01,1.89452221171879071e-01,-3.39992335572780746e-03,-3.39992321184223734e-03,-1.74272183550729271e-07,-1.74272176175488753e-07,-3.48544352350977506e-07,-5.22816535901706750e-07,-5.22816528526466258e-07
2.78685000000000009e+01,2.78685000000000009e+01,1.89427576538222731e-01,-3.39859670507713929e-03,-3.39859656131874218e-03,-1.74113555748226177e-07,-1.74113548383337725e-07,-3.48227096766675398e-07,-5.22340652514901522e-07,-5.22340645150013149e-07
2.78757500000000000e+01,2.78757500000000000e+01,1.89402941519655477e-01,-3.39727091696317984e-03,-3.39727077333624181e-03,-1.73955113538703807e-07,-1.73955106184377088e-07,-3.47910212368754177e-07,-5.21865325907457984e-07,-5.21865318553131265e-07
2.78830000000000027e+01,2.78830000000000027e+01,1.89378316109926753e-01,-3.39594599060610847e-03,-3.39594584710982937e-03,-1.73796856657095429e-07,-1.73796849313279516e-07,-3.47593698626558978e-07,-5.21390555283654433e-07,-5.21390547939838441e-07
2.78902500000000018e+01,2.78902500000000018e+01,1.89353700302791694e-01,-3.39462192521899908e-03,-3.39462178185551740e-03,-1.73638784838371554e-07,-1.73638777505165893e-07,-3.47277555010331838e-07,-5.20916339848703339e-07,-5.20916332515497704e-07
2.78975000000000009e+01,2.78975000000000009e+01,1.89329094092011097e-01,-3.39329872002203103e-03,-3.39329857679023352e-03,-1.73480897818266663e-07,-1.73480890495604286e-07,-3.46961780991208519e-07,-5.20442678809475235e-07,-5.20442671486812832e-07
2.79047499999999999e+01,2.79047499999999999e+01,1.89304497471351363e-01,-3.39197637423538367e-03,-3.39197623113182082e-03,-1.73323195332914430e-07,-1.73323188020609149e-07,-3.46646376041218297e-07,-5.19969571374132701e-07,-5.19969564061827499e-07
2.79120000000000026e+01,2.79120000000000026e+01,1.89279910434584669e-01,-3.39065488707213092e-03,-3.39065474409903705e-03,-1.73165677118484342e-07,-1.73165669816640473e-07,-3.46331339633280892e-07,-5.19497016751765287e-07,-5.19497009449921365e-07
2.79192500000000017e+01,2.79192500000000017e+01,1.89255332975488799e-01,-3.38933425775778119e-03,-3.38933411491155372e-03,-1.73008342912179369e-07,-1.73008335620603154e-07,-3.46016671241206308e-07,-5.19025014153385731e-07,-5.19025006861809436e-07
2.79265000000000008e+01,2.79265000000000008e+01,1.89230765087847197e-01,-3.38801448550540840e-03,-3.38801434278995220e-03,-1.72851192450964734e-07,-1.72851185169845696e-07,-3.45702370339691340e-07,-5.18553562790656021e-07,-5.18553555509537089e-07
2.79337499999999999e+01,2.79337499999999999e+01,1.89206206765448970e-01,-3.38669556953874462e-03,-3.38669542695572501e-03,-1.72694225472746340e-07,-1.72694218202159522e-07,-3.45388436404319096e-07,-5.18082661877065409e-07,-5.18082654606478591e-07
2.79410000000000025e+01,2.79410000000000025e+01,1.89181658002088859e-01,-3.38537750908685098e-03,-3.38537736663127370e-03,-1.72537441716097420e-07,-1.72537434455778362e-07,-3.45074868911556776e-07,-5.17612310627654169e-07,-5.17612303367335085e-07
2.79482500000000016e+01,2.79482500000000016e+01,1.89157118791567214e-01,-3.38406030336813046e-03,-3.38406016103990790e-03,-1.72380840919442580e-07,-1.72380833669377120e-07,-3.44761667338754188e-07,-5.17142508258196741e-07,-5.17142501008131308e-07
2.79555000000000007e+01,2.79555000000000007e+01,1.89132589127690043e-01,-3.38274395160276242e-03,-3.38274380940584195e-03,-1.72224422821691405e-07,-1.72224415582070894e-07,-3.44448831164141736e-07,-5.16673253985833194e-07,-5.16673246746212630e-07
2.79627499999999998e+01,2.79627499999999998e+01,1.89108069004268964e-01,-3.38142845301980799e-03,-3.38142831095419741e-03,-1.72068187162599534e-07,-1.72068179933414469e-07,-3.44136359866828938e-07,-5.16204547029428473e-07,-5.16204539800243354e-07
2.79700000000000024e+01,2.79700000000000024e+01,1.89083558415121228e-01,-3.38011380685188101e-03,-3.38011366491099792e-03,-1.71912133682495491e-07,-1.71912126463401262e-07,-3.43824252926802576e-07,-5.15736386609298067e-07,-5.15736379390203864e-07
2.79772500000000015e+01,2.79772500000000015e+01,1.89059057354069637e-01,-3.37880001231560811e-03,-3.37879987050317002e-03,-1.71756262121286426e-07,-1.71756254912462525e-07,-3.43512509824925102e-07,-5.15268771946211475e-07,-5.15268764737387653e-07
2.79845000000000006e+01,2.79845000000000006e+01,1.89034565814942657e-01,-3.37748706864182680e-03,-3.37748692695854233e-03,-1.71600572219993738e-07,-1.71600565021466475e-07,-3.43201130042932949e-07,-5.14801702262926714e-07,-5.14801695064399424e-07
2.79917499999999997e+01,2.79917499999999997e+01,1.89010083791574357e-01,-3.37617497505782183e-03,-3.37617483350584292e-03,-1.71445063719848357e-07,-1.71445056531717365e-07,-3.42890113063434729e-07,-5.14335176783283139e-07,-5.14335169595152120e-07
2.79990000000000023e+01,2.79990000000000023e+01,1.88985611277804305e-01,-3.37486373079975976e-03,-3.37486358937469713e-03,-1.71289736362922055e-07,-1.71289729184954690e-07,-3.42579458369909433e-07,-5.13869194732831435e-07,-5.13869187554864176e-07
2.80062500000000014e+01,2.80062500000000014e+01,1.88961148267477758e-01,-3.37355333509314903e-03,-3.37355319379563021e-03,-1.71134589891134110e-07,-1.71134582723352686e-07,-3.42269165446705373e-07,-5.13403755337839509e-07,-5.13403748170058032e-07
2.80135000000000005e+01,2.80135000000000005e+01,1.88936694754445467e-01,-3.37224378716882711e-03,-3.37224364600006163e-03,-1.70979624047062500e-07,-1.70979616889518740e-07,-3.41959233779037533e-07,-5.12938857826100032e-07,-5.12938850668556220e-07
2.80207499999999996e+01,2.80207499999999996e+01,1.88912250732563819e-01,-3.37093508626118421e-03,-3.37093494522030688e-03,-1.70824838573852875e-07,-1.70824831426493310e-07,-3.41649662852986620e-07,-5.12474501426839494e-07,-5.12474494279479982e-07
2.80280000000000022e+01,2.80280000000000022e+01,1.88887816195694669e-01,-3.36962723160461053e-03,-3.36962709068957221e-03,-1.70670233215037132e-07,-1.70670226077748391e-07,-3.41340452155496836e-07,-5.12010685370533967e-07,-5.12010678233245254e-07
2.80352500000000013e+01,2.80352500000000013e+01,1.88863391137705561e-01,-3.36832022242994356e-03,-3.36832008164196072e-03,-1.70515807714353340e-07,-1.70515800587187570e-07,-3.41031601174375087e-07,-5.11547408888728481e-07,-5.11547401761562658e-07
2.80425000000000004e+01,2.80425000000000004e+01,1.88838975552469451e-01,-3.36701405797157349e-03,-3.36701391731246240e-03,-1.70361561816104568e-07,-1.70361554699144142e-07,-3.40723109398288284e-07,-5.11084671214392878e-07,-5.11084664097432425e-07
2.80497500000000031e+01,2.80497500000000031e+01,1.88814569433864959e-01,-3.36570873746744326e-03,-3.36570859693695931e-03,-1.70207495265158085e-07,-1.70207488158381033e-07,-3.40414976316762066e-07,-5.10622471581920124e-07,-5.10622464475143125e-07
2.80570000000000022e+01,2.80570000000000022e+01,1.88790172775776172e-01,-3.36440426015727212e-03,-3.36440411975222169e-03,-1.70053607806854547e-07,-1.70053600710089849e-07,-3.40107201420179697e-07,-5.10160809227034297e-07,-5.10160802130269546e-07
2.80642500000000013e+01,2.80642500000000013e+01,1.88765785572092670e-01,-3.36310062527367393e-03,-3.36310048499590536e-03,-1.69899899186558011e-07,-1.69899892099889680e-07,-3.39799784199779255e-07,-5.09699683386337213e-07,-5.09699676299668882e-07
2.80715000000000003e+01,2.80715000000000003e+01,1.88741407816709700e-01,-3.36179783205636795e-03,-3.36179769190655476e-03,-1.69746369150374108e-07,-1.69746362073826657e-07,-3.39492724147653261e-07,-5.09239093298027343e-07,-5.09239086221479891e-07
2.80787500000000030e+01,2.80787500000000030e+01,1.88717039503527834e-01,-3.36049587975040254e-03,-3.36049573972359555e-03,-1.69593017445058729e-07,-1.69593010378372859e-07,-3.39186020756745770e-07,-5.08779038201804526e-07,-5.08779031135118655e-07
2.80860000000000021e+01,2.80860000000000021e+01,1.88692680626453335e-01,-3.35919476758306246e-03,-3.35919462768734115e-03,-1.69439843816851866e-07,-1.69439836760425921e-07,-3.38879673520851841e-07,-5.08319517337703708e-07,-5.08319510281277736e-07
2.80932500000000012e+01,2.80932500000000012e+01,1.88668331179397880e-01,-3.35789449480827784e-03,-3.35789435503898405e-03,-1.69286848013718179e-07,-1.69286840967307630e-07,-3.38573681934615207e-07,-5.07860529948333332e-07,-5.07860522901922784e-07
2.81005000000000003e+01,2.81005000000000003e+01,1.88643991156278612e-01,-3.35659506066754432e-03,-3.35659492102059753e-03,-1.69134029783373561e-07,-1.69134022746763395e-07,-3.38268045493526790e-07,-5.07402075276900378e-07,-5.07402068240290212e-07
2.81077500000000029e+01,2.81077500000000029e+01,1.88619660551018198e-01,-3.35529646439525209e-03,-3.35529632487513527e-03,-1.68981388873554582e-07,-1.68981381846961454e-07,-3.37962763693922908e-07,-5.06944152567477490e-07,-5.06944145540884336e-07
2.81150000000000020e+01,2.81150000000000020e+01,1.88595339357544883e-01,-3.35399870523822585e-03,-3.35399856584643217e-03,-1.68828925033002576e-07,-1.68828918016492211e-07,-3.37657836032984369e-07,-5.06486761065986918e-07,-5.06486754049476632e-07
2.81222500000000011e+01,2.81222500000000011e+01,1.88571027569792243e-01,-3.35270178244684303e-03,-3.35270164317919526e-03,-1.68676638011014108e-07,-1.68676631004366885e-07,-3.37353262008733771e-07,-5.06029900019747878e-07,-5.06029893013100656e-07
2.81295000000000002e+01,2.81295000000000002e+01,1.88546725181699404e-01,-3.35140569526082288e-03,-3.35140555611901023e-03,-1.68524527556725679e-07,-1.68524520560017330e-07,-3.37049041120034659e-07,-5.05573568676760392e-07,-5.05573561680052042e-07
2.81367500000000028e+01,2.81367500000000028e+01,1.88522432187210931e-01,-3.35011044292876647e-03,-3.35011030391233746e-03,-1.68372593420096129e-07,-1.68372586433294624e-07,-3.36745172866589248e-07,-5.05117766286685403e-07,-5.05117759299883845e-07
2.81440000000000019e+01,2.81440000000000019e+01,1.88498148580276914e-01,-3.34881602469749851e-03,-3.34881588580651125e-03,-1.68220835351369984e-07,-1.68220828374468971e-07,-3.36441656748937941e-07,-5.04662492100307873e-07,-5.04662485123406965e-07
2.81512500000000010e+01,2.81512500000000010e+01,1.88473874354852827e-01,-3.34752243981562003e-03,-3.34752230104973713e-03,-1.68069253101254940e-07,-1.68069246134228213e-07,-3.36138492268456425e-07,-5.04207745369711365e-07,-5.04207738402684638e-07
2.81585000000000001e+01,2.81585000000000001e+01,1.88449609504899585e-01,-3.34622968753350847e-03,-3.34622954889109104e-03,-1.67917846420921197e-07,-1.67917839463677277e-07,-3.35835678927354607e-07,-5.03753525348275830e-07,-5.03753518391031911e-07
2.81657500000000027e+01,2.81657500000000027e+01,1.88425354024383596e-01,-3.34493776709798851e-03,-3.34493762858052018e-03,-1.67766615061733325e-07,-1.67766608114337461e-07,-3.35533216228674921e-07,-5.03299831290408246e-07,-5.03299824343012355e-07
2.81730000000000018e+01,2.81730000000000018e+01,1.88401107907276683e-01,-3.34364667776121394e-03,-3.34364653936884042e-03,-1.67615558775695377e-07,-1.67615551838145662e-07,-3.35231103676291271e-07,-5.02846662451986675e-07,-5.02846655514436906e-07
2.81802500000000009e+01,2.81802500000000009e+01,1.88376871147556080e-01,-3.34235641877533851e-03,-3.34235628050773281e-03,-1.67464677315182486e-07,-1.67464670387453323e-07,-3.34929340774906646e-07,-5.02394018090089105e-07,-5.02394011162359943e-07
2.81875000000000000e+01,2.81875000000000000e+01,1.88352643739204434e-01,-3.34106698939251601e-03,-3.34106685124974621e-03,-1.67313970432940174e-07,-1.67313963515025820e-07,-3.34627927030051588e-07,-5.01941897462991762e-07,-5.01941890545077382e-07
2.81947500000000026e+01,2.81947500000000026e+01,1.88328425676209887e-01,-3.33977838886490019e-03,-3.33977825084829380e-03,-1.67163437882083882e-07,-1.67163430974041565e-07,-3.34326861948083129e-07,-5.01490299830166985e-07,-5.01490292922124668e-07
2.82020000000000017e+01,2.82020000000000017e+01,1.88304216952565884e-01,-3.33849061645352663e-03,-3.33849047855765309e-03,-1.67013079416542650e-07,-1.67013072518091498e-07,-3.34026145036182997e-07,-5.01039224452725699e-07,-5.01039217554274442e-07
2.82092500000000008e+01,2.82092500000000008e+01,1.88280017562271307e-01,-3.33720367140344365e-03,-3.33720353363296243e-03,-1.66862894789813796e-07,-1.66862887901177825e-07,-3.33725775802355703e-07,-5.00588670592169525e-07,-5.00588663703533474e-07
2.82164999999999999e+01,2.82164999999999999e+01,1.88255827499330536e-01,-3.33591755297391046e-03,-3.33591741533022408e-03,-1.66712883756473496e-07,-1.66712876877713611e-07,-3.33425753755427222e-07,-5.00138637511900718e-07,-5.00138630633140860e-07
2.82237500000000026e+01,2.82237500000000026e+01,1.88231646757753168e-01,-3.33463226042951533e-03,-3.33463212290629595e-03,-1.66563046071730789e-07,-1.66563039202521650e-07,-3.33126078405043353e-07,-4.99689124476774089e-07,-4.99689117607564950e-07
2.82310000000000016e+01,2.82310000000000016e+01,1.88207475331554297e-01,-3.33334779301885931e-03,-3.33334765561889897e-03,-1.66413381490362013e-07,-1.66413374630834169e-07,-3.32826749261668392e-07,-4.99240130752030378e-07,-4.99240123892502508e-07
2.82382500000000007e+01,2.82382500000000007e+01,1.88183313214754400e-01,-3.33206415000120160e-03,-3.33206401272661016e-03,-1.66263889768041891e-07,-1.66263882918291561e-07,-3.32527765836583121e-07,-4.98791655604625038e-07,-4.98791648754874682e-07
2.82454999999999998e+01,2.82454999999999998e+01,1.88159160401379283e-01,-3.33078133063935411e-03,-3.33078119348886176e-03,-1.66114570660987035e-07,-1.66114563820941744e-07,-3.32229127641883487e-07,-4.98343698302870469e-07,-4.98343691462825204e-07
2.82527500000000025e+01,2.82527500000000025e+01,1.88135016885460110e-01,-3.32949933419612876e-03,-3.32949919716594121e-03,-1.65965423925777832e-07,-1.65965417095239400e-07,-3.31930834190478800e-07,-4.97896258116256658e-07,-4.97896251285718174e-07
2.82600000000000016e+01,2.82600000000000016e+01,1.88110882661033457e-01,-3.32821815992723202e-03,-3.32821802301899250e-03,-1.65816449319004011e-07,-1.65816442498045443e-07,-3.31632884996090833e-07,-4.97449334315094897e-07,-4.97449327494136249e-07
2.82672500000000007e+01,2.82672500000000007e+01,1.88086757722141173e-01,-3.32693780709547582e-03,-3.32693767031000832e-03,-1.65667646597972264e-07,-1.65667639786625667e-07,-3.31335279573251386e-07,-4.97002926171223677e-07,-4.97002919359877053e-07
2.82744999999999997e+01,2.82744999999999997e+01,1.88062642062830576e-01,-3.32565827496011934e-03,-3.32565813830183700e-03,-1.65519015520174516e-07,-1.65519008718650589e-07,-3.31038017437301232e-07,-4.96557032957475695e-07,-4.96557026155951794e-07
2.82817500000000024e+01,2.82817500000000024e+01,1.88038535677154228e-01,-3.32437956279640900e-03,-3.32437942625817386e-03,-1.65370555844259714e-07,-1.65370549052194181e-07,-3.30741098104388309e-07,-4.96111653948648023e-07,-4.96111647156582516e-07
2.82890000000000015e+01,2.82890000000000015e+01,1.88014438559170050e-01,-3.32310166986005129e-03,-3.32310153344356554e-03,-1.65222267328264718e-07,-1.65222260545733414e-07,-3.30444521091466828e-07,-4.95666788419731493e-07,-4.95666781637200295e-07
2.82962500000000006e+01,2.82962500000000006e+01,1.87990350702941261e-01,-3.32182459541741082e-03,-3.32182445912340436e-03,-1.65074149731116962e-07,-1.65074142958147310e-07,-3.30148285916294620e-07,-4.95222435647411530e-07,-4.95222428874441957e-07
2.83034999999999997e+01,2.83034999999999997e+01,1.87966272102536497e-01,-3.32054833873307587e-03,-3.32054820256393220e-03,-1.64926202812014801e-07,-1.64926196048716227e-07,-3.29852392097432453e-07,-4.94778594909447281e-07,-4.94778588146148707e-07
2.83107500000000023e+01,2.83107500000000023e+01,1.87942202752029608e-01,-3.31927289908229284e-03,-3.31927276303223317e-03,-1.64778426331044409e-07,-1.64778419577121061e-07,-3.29556839154242121e-07,-4.94335265485286557e-07,-4.94335258731363156e-07
2.83180000000000014e+01,2.83180000000000014e+01,1.87918142645499803e-01,-3.31799827572254458e-03,-3.31799813979623921e-03,-1.64630820047767757e-07,-1.64630813303442642e-07,-3.29261626606885283e-07,-4.93892446654653093e-07,-4.93892439910327951e-07
2.83252500000000005e+01,2.83252500000000005e+01,1.87894091777031619e-01,-3.31672446793085385e-03,-3.31672433212472275e-03,-1.64483383723074087e-07,-1.64483376988160725e-07,-3.28966753976321397e-07,-4.93450137699395510e-07,-4.93450130964482069e-07
2.83325000000000031e+01,2.83325000000000031e+01,1.87870050140714812e-01,-3.31545147497180892e-03,-3.31545133928729885e-03,-1.64336117117591835e-07,-1.64336110392153172e-07,-3.28672220784306343e-07,-4.93008337901898178e-07,-4.93008331176459541e-07
2.83397500000000022e+01,2.83397500000000022e+01,1.87846017730644521e-01,-3.31417929611710349e-03,-3.31417916055442435e-03,-1.64189019992658086e-07,-1.64189013276695710e-07,-3.28378026553391472e-07,-4.92567046546049584e-07,-4.92567039830087129e-07
2.83470000000000013e+01,2.83470000000000013e+01,1.87821994540921133e-01,-3.31290793063665490e-03,-3.31290779519739526e-03,-1.64042092109876767e-07,-1.64042085403460531e-07,-3.28084170806921116e-07,-4.92126262916797856e-07,-4.92126256210381674e-07
2.83542500000000004e+01,2.83542500000000004e+01,1.87797980565650280e-01,-3.31163737780748590e-03,-3.31163724248834460e-03,-1.63895333231558204e-07,-1.63895326534515871e-07,-3.27790653069031688e-07,-4.91685986300589840e-07,-4.91685979603547559e-07
2.83615000000000030e+01,2.83615000000000030e+01,1.87773975798942894e-01,-3.31036763689951385e-03,-3.31036750170024281e-03,-1.63748743120014471e-07,-1.63748736432325048e-07,-3.27497472864650097e-07,-4.91246215984664567e-07,-4.91246209296975119e-07
2.83687500000000021e+01,2.83687500000000021e+01,1.87749980234915237e-01,-3.30909870718620880e-03,-3.30909857210689952e-03,-1.63602321538086876e-07,-1.63602314859746156e-07,-3.27204629719492366e-07,-4.90806951257579268e-07,-4.90806944579238522e-07
2.83760000000000012e+01,2.83760000000000012e+01,1.87725993867688706e-01,-3.30783058794104079e-03,-3.30783045298295572e-03,-1.63456068248968990e-07,-1.63456061580030733e-07,-3.26912123160061466e-07,-4.90368191409030429e-07,-4.90368184740092172e-07
2.83832500000000003e+01,2.83832500000000003e+01,1.87702016691390083e-01,-3.30656327843925624e-03,-3.30656314360388767e-03,-1.63309983016294230e-07,-1.63309976356823392e-07,-3.26619952713646732e-07,-4.89929935729940935e-07,-4.89929929070470177e-07
2.83905000000000030e+01,2.83905000000000030e+01,1.87678048700151312e-01,-3.30529677796143062e-03,-3.30529664324600301e-03,-1.63164065604309980e-07,-1.63164058954160741e-07,-3.26328117908321482e-07,-4.89492183512631489e-07,-4.89492176862482223e-07
2.83977500000000020e+01,2.83977500000000020e+01,1.87654089888109638e-01,-3.30403108578281035e-03,-3.30403095118644288e-03,-1.63018315777350950e-07,-1.63018309136471216e-07,-3.26036618272942484e-07,-4.89054934050293435e-07,-4.89054927409413674e-07
2.84050000000000011e+01,2.84050000000000011e+01,1.87630140249407468e-01,-3.30276620117864184e-03,-3.30276606670317635e-03,-1.62872733300101619e-07,-1.62872726668573578e-07,-3.25745453337147209e-07,-4.88618186637248801e-07,-4.88618180005720814e-07
2.84122500000000002e+01,2.84122500000000002e+01,1.87606199778192539e-01,-3.30150212342950056e-03,-3.30150198907500341e-03,-1.62727317937858474e-07,-1.62727311315676754e-07,-3.25454622631353560e-07,-4.88181940569212034e-07,-4.88181933947030314e-07
2.84195000000000029e+01,2.84195000000000029e+01,1.87582268468617724e-01,-3.30023885181596199e-03,-3.30023871758154978e-03,-1.62582069456266346e-07,-1.62582062843378747e-07,-3.25164125686757442e-07,-4.87746195143023814e-07,-4.87746188530136163e-07
2.84267500000000020e+01,2.84267500000000020e+01,1.87558346314841196e-01,-3.29897638562037798e-03,-3.29897625150327037e-03,-1.62436987621405148e-07,-1.62436981017666167e-07,-3.24873962035332334e-07,-4.87310949656737455e-07,-4.87310943052998501e-07
2.84340000000000011e+01,2.84340000000000011e+01,1.87534433311026233e-01,-3.29771472411621858e-03,-3.29771459012144323e-03,-1.62292072199264559e-07,-1.62292065604913164e-07,-3.24584131209826276e-07,-4.86876203409090781e-07,-4.86876196814739387e-07
2.84412500000000001e+01,2.84412500000000001e+01,1.87510529451341501e-01,-3.29645386659294104e-03,-3.29645373271817343e-03,-1.62147322956967957e-07,-1.62147316371881065e-07,-3.24294632743762129e-07,-4.86441955700730086e-07,-4.86441949115643221e-07
2.84485000000000028e+01,2.84485000000000028e+01,1.87486634729960605e-01,-3.29519381233644992e-03,-3.29519367857638527e-03,-1.62002739661808922e-07,-1.62002733085717123e-07,-3.24005466171434246e-07,-4.86008205833243141e-07,-4.86008199257151342e-07
2.84557500000000019e+01,2.84557500000000019e+01,1.87462749141062618e-01,-3.29393456061843892e-03,-3.29393442697983006e-03,-1.61858322080727689e-07,-1.61858315513954549e-07,-3.23716631027909098e-07,-4.85574953108636787e-07,-4.85574946541863621e-07
2.84630000000000010e+01,2.84630000000000010e+01,1.87438872678831664e-01,-3.29267611073014166e-03,-3.29267597721307750e-03,-1.61714069981969716e-07,-1.61714063424510948e-07,-3.23428126849021896e-07,-4.85142196830991613e-07,-4.85142190273532844e-07
2.84702500000000001e+01,2.84702500000000001e+01,1.87415005337457030e-01,-3.29141846196279175e-03,-3.29141832856151648e-03,-1.61569983134123672e-07,-1.61569976585688081e-07,-3.23139953171376161e-07,-4.84709936305499833e-07,-4.84709929757064189e-07
2.84775000000000027e+01,2.84775000000000027e+01,1.87391147111133194e-01,-3.29016161359163561e-03,-3.29016148031135427e-03,-1.61426061305336229e-07,-1.61426054766170857e-07,-3.22852109532341768e-07,-4.84278170837677970e-07,-4.84278164298512572e-07
2.84847500000000018e+01,2.84847500000000018e+01,1.87367297994059934e-01,-3.28890556491145958e-03,-3.28890543174961908e-03,-1.61282304265056110e-07,-1.61282297735027180e-07,-3.22564595470054307e-07,-4.83846899735110364e-07,-4.83846893205081487e-07
2.84920000000000009e+01,2.84920000000000009e+01,1.87343457980441996e-01,-3.28765031520994455e-03,-3.28765018216415099e-03,-1.61138711782724494e-07,-1.61138705261706221e-07,-3.22277410523412495e-07,-4.83416122306137015e-07,-4.83416115785118663e-07
2.84992500000000000e+01,2.84992500000000000e+01,1.87319627064489402e-01,-3.28639586376766601e-03,-3.28639573084360840e-03,-1.60995283627775968e-07,-1.60995277116038715e-07,-3.21990554232077377e-07,-4.82985837859853372e-07,-4.82985831348116066e-07
2.85065000000000026e+01,2.85065000000000026e+01,1.87295805240417335e-01,-3.28514220988473937e-03,-3.28514207707746161e-03,-1.60852019570942882e-07,-1.60852013068235397e-07,-3.21704026136470794e-07,-4.82556045707413702e-07,-4.82556039204706190e-07
2.85137500000000017e+01,2.85137500000000017e+01,1.87271992502446083e-01,-3.28388935284706918e-03,-3.28388922015599620e-03,-1.60708919382601272e-07,-1.60708912888887054e-07,-3.21417825777774108e-07,-4.82126745160375353e-07,-4.82126738666661108e-07
2.85210000000000008e+01,2.85210000000000008e+01,1.87248188844801072e-01,-3.28263729194233633e-03,-3.28263715937030746e-03,-1.60565982833553448e-07,-1.60565976348963098e-07,-3.21131952697926195e-07,-4.81697935531479616e-07,-4.81697929046889293e-07
2.85282499999999999e+01,2.85282499999999999e+01,1.87224394261712918e-01,-3.28138602646532718e-03,-3.28138589401230207e-03,-1.60423209695288156e-07,-1.60423203219811246e-07,-3.20846406439622491e-07,-4.81269616134910595e-07,-4.81269609659433710e-07
2.85355000000000025e+01,2.85355000000000025e+01,1.87200608747417313e-01,-3.28013555571082804e-03,-3.28013542337469641e-03,-1.60280599739631690e-07,-1.60280593273156701e-07,-3.20561186546313402e-07,-4.80841786285945065e-07,-4.80841779819470129e-07
2.85427500000000016e+01,2.85427500000000016e+01,1.87176832296155116e-01,-3.27888587897007255e-03,-3.27888574675101567e-03,-1.60138152738574054e-07,-1.60138146281101517e-07,-3.20276292562203033e-07,-4.80414445300777035e-07,-4.80414438843304577e-07
2.85500000000000007e+01,2.85500000000000007e+01,1.87153064902172261e-01,-3.27763699553607069e-03,-3.27763686343559126e-03,-1.59995868464528720e-07,-1.59995862016123670e-07,-3.19991724032247341e-07,-4.79987592496776087e-07,-4.79987586048371011e-07
2.85572499999999998e+01,2.85572499999999998e+01,1.87129306559719849e-01,-3.27638890470538513e-03,-3.27638877272356166e-03,-1.59853746690418701e-07,-1.59853740251076613e-07,-3.19707480502153119e-07,-4.79561227192571767e-07,-4.79561220753229732e-07
2.85645000000000024e+01,2.85645000000000024e+01,1.87105557263054029e-01,-3.27514160577813129e-03,-3.27514147391086852e-03,-1.59711787189675336e-07,-1.59711780759188104e-07,-3.19423561518376207e-07,-4.79135348708051570e-07,-4.79135342277564311e-07
2.85717500000000015e+01,2.85717500000000015e+01,1.87081817006436057e-01,-3.27389509804554280e-03,-3.27389496629426017e-03,-1.59569989735631603e-07,-1.59569983314060292e-07,-3.19139966628120531e-07,-4.78709956363752134e-07,-4.78709949942180850e-07
2.85790000000000006e+01,2.85790000000000006e+01,1.87058085784132383e-01,-3.27264938080240597e-03,-3.27264924917128634e-03,-1.59428354102128063e-07,-1.59428347689668206e-07,-3.18856695379336466e-07,-4.78285049481464555e-07,-4.78285043069004699e-07
2.85862499999999997e+01,2.85862499999999997e+01,1.87034363590414449e-01,-3.27140445335238894e-03,-3.27140432184029823e-03,-1.59286880063771473e-07,-1.59286873660359437e-07,-3.18573747320718874e-07,-4.77860627384490400e-07,-4.77860620981078338e-07
2.85935000000000024e+01,2.85935000000000024e+01,1.87010650419558749e-01,-3.27016031500093618e-03,-3.27016018360044630e-03,-1.59145567395587288e-07,-1.59145561000853237e-07,-3.18291122001706474e-07,-4.77436689397293788e-07,-4.77436683002559684e-07
2.86007500000000014e+01,2.86007500000000014e+01,1.86986946265846943e-01,-3.26891696503395224e-03,-3.26891683375168376e-03,-1.59004415871982232e-07,-1.59004409486240230e-07,-3.18008818972480354e-07,-4.77013234844462612e-07,-4.77013228458720610e-07
2.86080000000000005e+01,2.86080000000000005e+01,1.86963251123565766e-01,-3.26767440275865795e-03,-3.26767427159475963e-03,-1.58863425268732126e-07,-1.58863418891981060e-07,-3.17726837783962174e-07,-4.76590263052694299e-07,-4.76590256675943234e-07
2.86152499999999996e+01,2.86152499999999996e+01,1.86939564987006951e-01,-3.26643262748049779e-03,-3.26643249643122045e-03,-1.58722595361856893e-07,-1.58722588993906342e-07,-3.17445177987812736e-07,-4.76167773349669630e-07,-4.76167766981719078e-07
2.86225000000000023e+01,2.86225000000000023e+01,1.86915887850467283e-01,-3.26519163849603444e-03,-3.26519150756340772e-03,-1.58581925927274896e-07,-1.58581919568215331e-07,-3.17163839136430715e-07,-4.75745765063705611e-07,-4.75745758704646047e-07
2.86297500000000014e+01,2.86297500000000014e+01,1.86892219708248736e-01,-3.26395143511248875e-03,-3.26395130429446177e-03,-1.58441416741752320e-07,-1.58441410391475984e-07,-3.16882820782951968e-07,-4.75324237524704262e-07,-4.75324231174427952e-07
2.86370000000000005e+01,2.86370000000000005e+01,1.86868560554658170e-01,-3.26271201662997612e-03,-3.26271188592831265e-03,-1.58301067582038942e-07,-1.58301061240623365e-07,-3.16602122481246730e-07,-4.74903190063285671e-07,-4.74903183721870068e-07
2.86442500000000031e+01,2.86442500000000031e+01,1.86844910384007606e-01,-3.26147338235394102e-03,-3.26147325176968494e-03,-1.58160878225472008e-07,-1.58160871892959621e-07,-3.16321743785919241e-07,-4.74482622011391249e-07,-4.74482615678878862e-07
2.86515000000000022e+01,2.86515000000000022e+01,1.86821269190614009e-01,-3.26023553159515700e-03,-3.26023540112409466e-03,-1.58020848449974753e-07,-1.58020842126153109e-07,-3.16041684252306217e-07,-4.74062532702280970e-07,-4.74062526378459352e-07
2.86587500000000013e+01,2.86587500000000013e+01,1.86797636968799474e-01,-3.25899846365196311e-03,-3.25899833329784889e-03,-1.57880978033194595e-07,-1.57880971718237627e-07,-3.15761943436475201e-07,-4.73642921469669770e-07,-4.73642915154712829e-07
2.86660000000000004e+01,2.86660000000000004e+01,1.86774013712891068e-01,-3.25776217783335653e-03,-3.25776204759804398e-03,-1.57741266753622413e-07,-1.57741260447611702e-07,-3.15482520895223404e-07,-4.73223787648845844e-07,-4.73223781342835106e-07
2.86732500000000030e+01,2.86732500000000030e+01,1.86750399417220853e-01,-3.25652667345721625e-03,-3.25652654333256301e-03,-1.57601714390504614e-07,-1.57601708093037871e-07,-3.15203416186075742e-07,-4.72805130576580329e-07,-4.72805124279113613e-07
2.86805000000000021e+01,2.86805000000000021e+01,1.86726794076125940e-01,-3.25529194982010495e-03,-3.25529181981007876e-03,-1.57462320722381044e-07,-1.57462314433642367e-07,-3.14924628867284681e-07,-4.72386949589665699e-07,-4.72386943300927074e-07
2.86877500000000012e+01,2.86877500000000012e+01,1.86703197683948469e-01,-3.25405800623457253e-03,-3.25405787634004857e-03,-1.57323085528890181e-07,-1.57323079248913821e-07,-3.14646158497827694e-07,-4.71969244026717875e-07,-4.71969237746741489e-07
2.86950000000000003e+01,2.86950000000000003e+01,1.86679610235035542e-01,-3.25282484200961619e-03,-3.25282471223271559e-03,-1.57184008589822673e-07,-1.57184002318703128e-07,-3.14368004637406257e-07,-4.71552013227228930e-07,-4.71552006956109385e-07
2.87022500000000029e+01,2.87022500000000029e+01,1.86656031723739319e-01,-3.25159245646489126e-03,-3.25159232679910620e-03,-1.57045089685807498e-07,-1.57045083423222286e-07,-3.14090166846444572e-07,-4.71135256532252070e-07,-4.71135250269666859e-07
2.87095000000000020e+01,2.87095000000000020e+01,1.86632462144416811e-01,-3.25036084890228949e-03,-3.25036071935103001e-03,-1.56906328596938225e-07,-1.56906322343044127e-07,-3.13812644686088308e-07,-4.70718973283026533e-07,-4.70718967029132408e-07
2.87167500000000011e+01,2.87167500000000011e+01,1.86608901491430251e-01,-3.24913001863436079e-03,-3.24912988920108029e-03,-1.56767725104145824e-07,-1.56767718859101500e-07,-3.13535437718203053e-07,-4.70303162822348877e-07,-4.70303156577304553e-07
2.87240000000000002e+01,2.87240000000000002e+01,1.86585349759146618e-01,-3.24789996498431321e-03,-3.24789983566262748e-03,-1.56629278989196888e-07,-1.56629272752686341e-07,-3.13258545505372682e-07,-4.69887824494569543e-07,-4.69887818258059023e-07
2.87312500000000028e+01,2.87312500000000028e+01,1.86561806941937969e-01,-3.24667068725759123e-03,-3.24667055804982304e-03,-1.56490990033321891e-07,-1.56490983805449254e-07,-3.12981967610898508e-07,-4.69472957644220398e-07,-4.69472951416347761e-07
2.87385000000000019e+01,2.87385000000000019e+01,1.86538273034181384e-01,-3.24544218477207380e-03,-3.24544205567759911e-03,-1.56352858018671715e-07,-1.56352851799398977e-07,-3.12705703598798007e-07,-4.69058561617469721e-07,-4.69058555398196957e-07
2.87457500000000010e+01,2.87457500000000010e+01,1.86514748030258803e-01,-3.24421445684208720e-03,-3.24421432786166277e-03,-1.56214882727545525e-07,-1.56214876516901273e-07,-3.12429753033802600e-07,-4.68644635761348125e-07,-4.68644629550703873e-07
2.87530000000000001e+01,2.87530000000000001e+01,1.86491231924557188e-01,-3.24298750278195769e-03,-3.24298737391849872e-03,-1.56077063942562003e-07,-1.56077057740678614e-07,-3.12154115481357175e-07,-4.68231179423919178e-07,-4.68231173222035788e-07
2.87602500000000028e+01,2.87602500000000028e+01,1.86467724711468441e-01,-3.24176132191666966e-03,-3.24176119316536577e-03,-1.55939401447171169e-07,-1.55939395253809222e-07,-3.11878790507618443e-07,-4.67818191954789639e-07,-4.67818185761427665e-07
2.87675000000000018e+01,2.87675000000000018e+01,1.86444226385389406e-01,-3.24053591355699666e-03,-3.24053578492029901e-03,-1.55801895024457306e-07,-1.55801888839726810e-07,-3.11603777679453620e-07,-4.67405672703910953e-07,-4.67405666519180457e-07
2.87747500000000009e+01,2.87747500000000009e+01,1.86420736940721865e-01,-3.23931127702614674e-03,-3.23931114850210464e-03,-1.55664544458420132e-07,-1.55664538282219470e-07,-3.11329076564438939e-07,-4.66993621022859071e-07,-4.66993614846658409e-07
2.87820000000000000e+01,2.87820000000000000e+01,1.86397256371872516e-01,-3.23808741164199887e-03,-3.23808728323036121e-03,-1.55527349533119873e-07,-1.55527343365429165e-07,-3.11054686730858330e-07,-4.66582036263978202e-07,-4.66582030096287468e-07
2.87892500000000027e+01,2.87892500000000027e+01,1.86373784673253051e-01,-3.23686431672420838e-03,-3.23686418842541969e-03,-1.55390310033018327e-07,-1.55390303873851126e-07,-3.10780607747702306e-07,-4.66170917780720633e-07,-4.66170911621553432e-07
2.87965000000000018e+01,2.87965000000000018e+01,1.86350321839280020e-01,-3.23564199159420696e-03,-3.23564186340840037e-03,-1.55253425742978444e-07,-1.55253419592333322e-07,-3.10506839184666643e-07,-4.65760264927645087e-07,-4.65760258776999938e-07
2.88037500000000009e+01,2.88037500000000009e+01,1.86326867864374940e-01,-3.23442043557164993e-03,-3.23442030750119248e-03,-1.55116696448092666e-07,-1.55116690306075368e-07,-3.10233380612150736e-07,-4.65350077060243401e-07,-4.65350070918226130e-07
2.88109999999999999e+01,2.88109999999999999e+01,1.86303422742964242e-01,-3.23319964798329806e-03,-3.23319952002645242e-03,-1.54980121934108852e-07,-1.54980115800628190e-07,-3.09960231601256380e-07,-4.64940353535365205e-07,-4.64940347401884544e-07
2.88182500000000026e+01,2.88182500000000026e+01,1.86279986469479159e-01,-3.23197962815413575e-03,-3.23197950030760248e-03,-1.54843701987003137e-07,-1.54843695861893199e-07,-3.09687391723786452e-07,-4.64531093710789589e-07,-4.64531087585679625e-07
2.88255000000000017e+01,2.88255000000000017e+01,1.86256559038356001e-01,-3.23076037540381833e-03,-3.23076024766883471e-03,-1.54707436392809601e-07,-1.54707430276122029e-07,-3.09414860552244058e-07,-4.64122296945053632e-07,-4.64122290828366086e-07
2.88327500000000008e+01,2.88327500000000008e+01,1.86233140444035800e-01,-3.22954188905910655e-03,-3.22954176143510057e-03,-1.54571324938215434e-07,-1.54571318829915130e-07,-3.09142637659830312e-07,-4.63713962598045746e-07,-4.63713956489745469e-07
2.88399999999999999e+01,2.88399999999999999e+01,1.86209730680964664e-01,-3.22832416843965575e-03,-3.22832404093211954e-03,-1.54435367409879826e-07,-1.54435361310221878e-07,-3.08870722620443757e-07,-4.63306090030323609e-07,-4.63306083930665609e-07
2.88472500000000025e+01,2.88472500000000025e+01,1.86186329743593421e-01,-3.22710721288466118e-03,-3.22710708548637048e-03,-1.54299563595708268e-07,-1.54299557504339331e-07,-3.08599115008678610e-07,-4.62898678604386878e-07,-4.62898672513017941e-07
2.88545000000000016e+01,2.88545000000000016e+01,1.86162937626377839e-01,-3.22589102171022546e-03,-3.22589089442509554e-03,-1.54163913282812395e-07,-1.54163907199912015e-07,-3.08327814399824029e-07,-4.62491727682636424e-07,-4.62491721599736017e-07
2.88617500000000007e+01,2.88617500000000007e+01,1.86139554323778628e-01,-3.22467559425021477e-03,-3.22467546707629667e-03,-1.54028416259463670e-07,-1.54028410184931022e-07,-3.08056820369862044e-07,-4.62085236629325688e-07,-4.62085230554793066e-07
2.88689999999999998e+01,2.88689999999999998e+01,1.86116179830261214e-01,-3.22346092983138988e-03,-3.22346080276873477e-03,-1.53893072313903406e-07,-1.53893066247733303e-07,-3.07786132495466605e-07,-4.61679204809370011e-07,-4.61679198743199934e-07
2.88762500000000024e+01,2.88762500000000024e+01,1.86092814140296048e-01,-3.22224702778051153e-03,-3.22224690083193011e-03,-1.53757881234682374e-07,-1.53757875177001288e-07,-3.07515750354002470e-07,-4.61273631588684818e-07,-4.61273625531003758e-07
2.88835000000000015e+01,2.88835000000000015e+01,1.86069457248358383e-01,-3.22103388743677499e-03,-3.22103376059616016e-03,-1.53622842811253119e-07,-1.53622836761762021e-07,-3.07245673523524041e-07,-4.60868516334777160e-07,-4.60868510285286062e-07
2.88907500000000006e+01,2.88907500000000006e+01,1.86046109148928246e-01,-3.21982150811983558e-03,-3.21982138139245699e-03,-1.53487956832443841e-07,-1.53487950791386464e-07,-3.06975901582772929e-07,-4.60463858415216769e-07,-4.60463852374159366e-07
2.88979999999999997e+01,2.88979999999999997e+01,1.86022769836490659e-01,-3.21860988916711221e-03,-3.21860976255261035e-03,-1.53353223088237644e-07,-1.53353217055589187e-07,-3.06706434111178322e-07,-4.60059657199415939e-07,-4.60059651166767509e-07
2.89052500000000023e+01,2.89052500000000023e+01,1.85999439305535308e-01,-3.21739902991602378e-03,-3.21739890340916063e-03,-1.53218641368923703e-07,-1.53218635344427065e-07,-3.06437270688854183e-07,-4.59655912057777886e-07,-4.59655906033281248e-07
2.89125000000000014e+01,2.89125000000000014e+01,1.85976117550556874e-01,-3.21618892968977832e-03,-3.21618880329540635e-03,-1.53084211464420959e-07,-1.53084205448299651e-07,-3.06168410896599248e-07,-4.59252622361020234e-07,-4.59252616344898899e-07
2.89197500000000005e+01,2.89197500000000005e+01,1.85952804566054813e-01,-3.21497958782757109e-03,-3.21497946154539411e-03,-1.52949933165715112e-07,-1.52949927157947401e-07,-3.05899854315894803e-07,-4.58849787481609941e-07,-4.58849781473842204e-07
2.89270000000000032e+01,2.89270000000000032e+01,1.85929500346533383e-01,-3.21377100366859736e-03,-3.21377087749392205e-03,-1.52815806264096715e-07,-1.52815800264451838e-07,-3.05631600528903623e-07,-4.58447406793000338e-07,-4.58447400793355434e-07
2.89342500000000022e+01,2.89342500000000022e+01,1.85906204886501641e-01,-3.21256317653961787e-03,-3.21256305047653949e-03,-1.52681830550569360e-07,-1.52681824559234565e-07,-3.05363649118469129e-07,-4.58045479669038516e-07,-4.58045473677703694e-07
2.89415000000000013e+01,2.89415000000000013e+01,1.85882918180473561e-01,-3.21135610577805153e-03,-3.21135597982954513e-03,-1.52548005816947782e-07,-1.52547999834056820e-07,-3.05095999668113586e-07,-4.57644005485061394e-07,-4.57643999502170379e-07
2.89487500000000004e+01,2.89487500000000004e+01,1.85859640222967859e-01,-3.21014979073019902e-03,-3.21014966488998403e-03,-1.52414331855771588e-07,-1.52414325881018522e-07,-3.04828651762037043e-07,-4.57242983617808631e-07,-4.57242977643055538e-07
2.89560000000000031e+01,2.89560000000000031e+01,1.85836371008507972e-01,-3.20894423072815016e-03,-3.20894410499564763e-03,-1.52280808459207905e-07,-1.52280802492557873e-07,-3.04561604985115799e-07,-4.56842413444323704e-07,-4.56842407477673646e-07
2.89632500000000022e+01,2.89632500000000022e+01,1.85813110531622305e-01,-3.20773942510577115e-03,-3.20773929948507674e-03,-1.52147435419811057e-07,-1.52147429461450990e-07,-3.04294858922901927e-07,-4.56442294342713011e-07,-4.56442288384352917e-07
2.89705000000000013e+01,2.89705000000000013e+01,1.85789858786843953e-01,-3.20653537320936266e-03,-3.20653524769755338e-03,-1.52014212531026768e-07,-1.52014206580810525e-07,-3.04028413161621050e-07,-4.56042625692647844e-07,-4.56042619742431549e-07
2.89777500000000003e+01,2.89777500000000003e+01,1.85766615768710786e-01,-3.20533207437456724e-03,-3.20533194897310502e-03,-1.51881139586096279e-07,-1.51881133644085721e-07,-3.03762267288171441e-07,-4.55643406874267746e-07,-4.55643400932257188e-07
2.89850000000000030e+01,2.89850000000000030e+01,1.85743381471765528e-01,-3.20412952794590922e-03,-3.20412940265250162e-03,-1.51748216378982346e-07,-1.51748210445061456e-07,-3.03496420890122911e-07,-4.55244637269105257e-07,-4.55244631335184393e-07
2.89922500000000021e+01,2.89922500000000021e+01,1.85720155890555599e-01,-3.20292773325903113e-03,-3.20292760807725473e-03,-1.51615442703527103e-07,-1.51615436777857823e-07,-3.03230873555715698e-07,-4.54846316259242801e-07,-4.54846310333573521e-07
2.89995000000000012e+01,2.89995000000000012e+01,1.85696939019633273e-01,-3.20172668966023366e-03,-3.20172656458961834e-03,-1.51482818354376677e-07,-1.51482812436929280e-07,-3.02965624873858561e-07,-4.54448443228235264e-07,-4.54448437310787814e-07
2.90067500000000003e+01,2.90067500000000003e+01,1.85673730853555513e-01,-3.20052639649404114e-03,-3.20052627153258329e-03,-1.51350343126391784e-07,-1.51350337217064018e-07,-3.02700674434128037e-07,-4.54051017560519820e-07,-4.54051011651192029e-07
2.90140000000000029e+01,2.90140000000000029e+01,1.85650531386884088e-01,-3.19932685310320153e-03,-3.19932672824988070e-03,-1.51218016814647254e-07,-1.51218010913383507e-07,-3.02436021826767015e-07,-4.53654038641414243e-07,-4.53654032740150522e-07
2.90212500000000020e+01,2.90212500000000020e+01,1.85627340614185538e-01,-3.19812805883046281e-03,-3.19812793408598070e-03,-1.51085839214515837e-07,-1.51085833321341943e-07,-3.02171666642683939e-07,-4.53257505857199750e-07,-4.53257499964025883e-07
2.90285000000000011e+01,2.90285000000000011e+01,1.85604158530031066e-01,-3.19693001302034929e-03,-3.19692988838608718e-03,-1.50953810121751419e-07,-1.50953804236725267e-07,-3.01907608473450535e-07,-4.52861418595201954e-07,-4.52861412710175802e-07
2.90357500000000002e+01,2.90357500000000002e+01,1.85580985128996734e-01,-3.19573271502093803e-03,-3.19573259049614217e-03,-1.50821929332572220e-07,-1.50821923455650823e-07,-3.01643846911301699e-07,-4.52465776243873919e-07,-4.52465770366952496e-07
2.90430000000000028e+01,2.90430000000000028e+01,1.85557820405663237e-01,-3.19453616418030606e-03,-3.19453603976282106e-03,-1.50690196643492364e-07,-1.50690190774566694e-07,-3.01380381549133387e-07,-4.52070578192625751e-07,-4.52070572323700054e-07
2.90502500000000019e+01,2.90502500000000019e+01,1.85534664354616102e-01,-3.19334035984120135e-03,-3.19334023553353389e-03,-1.50558611851070102e-07,-1.50558605990251093e-07,-3.01117211980502238e-07,-4.51675823831572340e-07,-4.51675817970753331e-07
2.90575000000000010e+01,2.90575000000000010e+01,1.85511516970445545e-01,-3.19214530135703001e-03,-3.19214517715642318e-03,-1.50427174752661298e-07,-1.50427168899811678e-07,-3.00854337799623355e-07,-4.51281512552284626e-07,-4.51281506699435033e-07
2.90647500000000001e+01,2.90647500000000001e+01,1.85488378247746444e-01,-3.19095098807231636e-03,-3.19095086398036177e-03,-1.50295885145497382e-07,-1.50295879300684887e-07,-3.00591758601369773e-07,-4.50887643746867128e-07,-4.50887637902054660e-07
2.90720000000000027e+01,2.90720000000000027e+01,1.85465248181118481e-01,-3.18975741934046653e-03,-3.18975729535495413e-03,-1.50164742827522164e-07,-1.50164736990635489e-07,-3.00329473981271031e-07,-4.50494216808793168e-07,-4.50494210971906493e-07
2.90792500000000018e+01,2.90792500000000018e+01,1.85442126765166027e-01,-3.18856459450600482e-03,-3.18856447063053591e-03,-1.50033747596554598e-07,-1.50033741767756003e-07,-3.00067483535512005e-07,-4.50101231132066577e-07,-4.50101225303268008e-07
2.90865000000000009e+01,2.90865000000000009e+01,1.85419013994498144e-01,-3.18737251292589008e-03,-3.18737238915816875e-03,-1.49902899251291587e-07,-1.49902893430465742e-07,-2.99805786860931483e-07,-4.49708686112223044e-07,-4.49708680291397225e-07
2.90937500000000000e+01,2.90937500000000000e+01,1.85395909863728614e-01,-3.18618117394819933e-03,-3.18618105028964328e-03,-1.49772197590304195e-07,-1.49772191777510525e-07,-2.99544383555021050e-07,-4.49316581145325219e-07,-4.49316575332531549e-07
2.91010000000000026e+01,2.91010000000000026e+01,1.85372814367475880e-01,-3.18499057692989140e-03,-3.18499045337747614e-03,-1.49641642412872852e-07,-1.49641636607962015e-07,-2.99283273215924029e-07,-4.48924915628796881e-07,-4.48924909823886070e-07
2.91082500000000017e+01,2.91082500000000017e+01,1.85349727500363132e-01,-3.18380072121904334e-03,-3.18380059777491125e-03,-1.49511233518151619e-07,-1.49511227721217053e-07,-2.99022455442434053e-07,-4.48533688960585699e-07,-4.48533683163651133e-07
2.91155000000000008e+01,2.91155000000000008e+01,1.85326649257018194e-01,-3.18261160617261396e-03,-3.18261148283591547e-03,-1.49380970706002415e-07,-1.49380964916997029e-07,-2.98761929833994006e-07,-4.48142900539996394e-07,-4.48142894750991009e-07
2.91227499999999999e+01,2.91227499999999999e+01,1.85303579632073639e-01,-3.18142323114223302e-03,-3.18142310791518033e-03,-1.49250853776326938e-07,-1.49250847995347323e-07,-2.98501695990694699e-07,-4.47752549767021637e-07,-4.47752543986042048e-07
2.91300000000000026e+01,2.91300000000000026e+01,1.85280518620166618e-01,-3.18023559549196477e-03,-3.18023547236811858e-03,-1.49120882529899707e-07,-1.49120876756636694e-07,-2.98241753513273387e-07,-4.47362636043173094e-07,-4.47362630269910081e-07
2.91372500000000016e+01,2.91372500000000016e+01,1.85257466215939026e-01,-3.17904869856455718e-03,-3.17904857555086724e-03,-1.48991056766784469e-07,-1.48991051001556754e-07,-2.97982102003113508e-07,-4.46973158769897950e-07,-4.46973153004670262e-07
2.91445000000000007e+01,2.91445000000000007e+01,1.85234422414037425e-01,-3.17786253972762722e-03,-3.17786241682028190e-03,-1.48861376288499329e-07,-1.48861370531121121e-07,-2.97722741062242296e-07,-4.46584117350741598e-07,-4.46584111593363417e-07
2.91517499999999998e+01,2.91517499999999998e+01,1.85211387209112982e-01,-3.17667711833280464e-03,-3.17667699553393851e-03,-1.48731840896101023e-07,-1.48731835146665153e-07,-2.97463670293330306e-07,-4.46195511189431329e-07,-4.46195505439995458e-07
2.91590000000000025e+01,2.91590000000000025e+01,1.85188360595821583e-01,-3.17549243374415369e-03,-3.17549231105013164e-03,-1.48602450391515847e-07,-1.48602444649844993e-07,-2.97204889299689986e-07,-4.45807339691205859e-07,-4.45807333949535005e-07
2.91662500000000016e+01,2.91662500000000016e+01,1.85165342568823693e-01,-3.17430848531508047e-03,-3.17430836272787360e-03,-1.48473204576457968e-07,-1.48473198842637361e-07,-2.96946397685274723e-07,-4.45419602261732717e-07,-4.45419596527912058e-07
2.91735000000000007e+01,2.91735000000000007e+01,1.85142333122784525e-01,-3.17312527240609654e-03,-3.17312514992689441e-03,-1.48344103253260520e-07,-1.48344097527338628e-07,-2.96688195054677256e-07,-4.45032298307937802e-07,-4.45032292582015884e-07
2.91807499999999997e+01,2.91807499999999997e+01,1.85119332252373814e-01,-3.17194279437948978e-03,-3.17194267200763885e-03,-1.48215146224625178e-07,-1.48215140506564361e-07,-2.96430281013128721e-07,-4.44645427237753872e-07,-4.44645421519693108e-07
2.91880000000000024e+01,2.91880000000000024e+01,1.85096339952265987e-01,-3.17076105060110081e-03,-3.17076092833126592e-03,-1.48086333293704661e-07,-1.48086327583248638e-07,-2.96172655166497277e-07,-4.44258988460201911e-07,-4.44258982749745915e-07
2.91952500000000015e+01,2.91952500000000015e+01,1.85073356217140106e-01,-3.16958004042255936e-03,-3.16957991825965023e-03,-1.47957664263272616e-07,-1.47957658560643733e-07,-2.95915317121287414e-07,-4.43872981384560030e-07,-4.43872975681931147e-07
2.92025000000000006e+01,2.92025000000000006e+01,1.85050381041679868e-01,-3.16839976320970607e-03,-3.16839964115537805e-03,-1.47829138937050729e-07,-1.47829133242319132e-07,-2.95658266484638264e-07,-4.43487405421689019e-07,-4.43487399726957395e-07
2.92097499999999997e+01,2.92097499999999997e+01,1.85027414420573577e-01,-3.16722021832838152e-03,-3.16722009638174904e-03,-1.47700757119043995e-07,-1.47700751432161269e-07,-2.95401502864322485e-07,-4.43102259983366480e-07,-4.43102254296483728e-07
2.92170000000000023e+01,2.92170000000000023e+01,1.85004456348514090e-01,-3.16604140514620269e-03,-3.16604128330277021e-03,-1.47572518613623059e-07,-1.47572512934372550e-07,-2.95145025868745100e-07,-4.42717544482368132e-07,-4.42717538803117676e-07
2.92242500000000014e+01,2.92242500000000014e+01,1.84981506820198954e-01,-3.16486332302190476e-03,-3.16486320128316284e-03,-1.47444423225027067e-07,-1.47444417553471376e-07,-2.94888835106942752e-07,-4.42333258331969818e-07,-4.42333252660414128e-07
2.92315000000000005e+01,2.92315000000000005e+01,1.84958565830330268e-01,-3.16368597131955198e-03,-3.16368584968835425e-03,-1.47316470758025856e-07,-1.47316465094290900e-07,-2.94632930188581853e-07,-4.41949400946607709e-07,-4.41949395282872780e-07
2.92387500000000031e+01,2.92387500000000031e+01,1.84935633373614794e-01,-3.16250934941209039e-03,-3.16250922788448166e-03,-1.47188661018084176e-07,-1.47188655361978843e-07,-2.94377310723957633e-07,-4.41565971742041783e-07,-4.41565966085936503e-07
2.92460000000000022e+01,2.92460000000000022e+01,1.84912709444763818e-01,-3.16133345665647880e-03,-3.16133333523838838e-03,-1.47060993810203607e-07,-1.47060988161996830e-07,-2.94121976323993713e-07,-4.41182970134197294e-07,-4.41182964485990543e-07
2.92532500000000013e+01,2.92532500000000013e+01,1.84889794038493260e-01,-3.16015829243454505e-03,-3.16015817111762369e-03,-1.46933468940823304e-07,-1.46933463300119756e-07,-2.93866926600239512e-07,-4.40800395541062816e-07,-4.40800389900359294e-07
2.92605000000000004e+01,2.92605000000000004e+01,1.84866887149523540e-01,-3.15898385610147159e-03,-3.15898373489044166e-03,-1.46806086215422732e-07,-1.46806080582435124e-07,-2.93612161164870249e-07,-4.40418247380292981e-07,-4.40418241747305347e-07
2.92677500000000030e+01,2.92677500000000030e+01,1.84843988772579793e-01,-3.15781014703020446e-03,-3.15781002592580191e-03,-1.46678845440587105e-07,-1.46678839815342676e-07,-2.93357679630685406e-07,-4.40036525071272485e-07,-4.40036519446028108e-07
2.92750000000000021e+01,2.92750000000000021e+01,1.84821098902391595e-01,-3.15663716459546606e-03,-3.15663704359336623e-03,-1.46551746423262793e-07,-1.46551740805553781e-07,-2.93103481611107562e-07,-4.39655228034370382e-07,-4.39655222416661317e-07
2.92822500000000012e+01,2.92822500000000012e+01,1.84798217533693160e-01,-3.15546490815776792e-03,-3.15546478726349850e-03,-1.46424788970014390e-07,-1.46424783360090537e-07,-2.92849566720181074e-07,-4.39274355690195490e-07,-4.39274350080271611e-07
2.92895000000000003e+01,2.92895000000000003e+01,1.84775344661223306e-01,-3.15429337709716151e-03,-3.15429325630726563e-03,-1.46297972888591727e-07,-1.46297967286285665e-07,-2.92595934572571330e-07,-4.38893907461163031e-07,-4.38893901858856995e-07
2.92967500000000030e+01,2.92967500000000030e+01,1.84752480279725240e-01,-3.15312257078481650e-03,-3.15312245009643100e-03,-1.46171297986609324e-07,-1.46171292391781477e-07,-2.92342584783562901e-07,-4.38513882770172199e-07,-4.38513877175344352e-07
2.93040000000000020e+01,2.93040000000000020e+01,1.84729624383946939e-01,-3.15195248858479715e-03,-3.15195236800346230e-03,-1.46044764071629473e-07,-1.46044758484529849e-07,-2.92089516969059645e-07,-4.38134281040689118e-07,-4.38134275453589494e-07
2.93112500000000011e+01,2.93112500000000011e+01,1.84706776968640768e-01,-3.15078312987893128e-03,-3.15078300940152285e-03,-1.45918370952314129e-07,-1.45918365372791056e-07,-2.91836730745582059e-07,-4.37755101697896214e-07,-4.37755096118373088e-07
2.93185000000000002e+01,2.93185000000000002e+01,1.84683938028563699e-01,-3.14961449403838856e-03,-3.14961437366447286e-03,-1.45792118437106923e-07,-1.45792112865133507e-07,-2.91584225730267068e-07,-4.37376344167374017e-07,-4.37376338595400602e-07
2.93257500000000029e+01,2.93257500000000029e+01,1.84661107558477200e-01,-3.14844658043611503e-03,-3.14844646016686994e-03,-1.45666006334809172e-07,-1.45666000770433166e-07,-2.91332001540866385e-07,-4.36998007875675557e-07,-4.36998002311299551e-07
2.93330000000000020e+01,2.93330000000000020e+01,1.84638285553147374e-01,-3.14727938844860944e-03,-3.14727926828396948e-03,-1.45540034454661593e-07,-1.45540028897873123e-07,-2.91080057795746245e-07,-4.36620092250407838e-07,-4.36620086693619394e-07
2.93402500000000011e+01,2.93402500000000011e+01,1.84615472007344711e-01,-3.14611291745414690e-03,-3.14611279739171815e-03,-1.45414202606261025e-07,-1.45414197056942592e-07,-2.90828394113885236e-07,-4.36242596720146235e-07,-4.36242591170827827e-07
2.93475000000000001e+01,2.93475000000000001e+01,1.84592666915844306e-01,-3.14494716682389708e-03,-3.14494704686675694e-03,-1.45288510599149596e-07,-1.45288505057436724e-07,-2.90577010114873449e-07,-4.35865520714023045e-07,-4.35865515172310200e-07
2.93547500000000028e+01,2.93547500000000028e+01,1.84569870273425751e-01,-3.14378213594146416e-03,-3.14378201608642117e-03,-1.45162958243717419e-07,-1.45162952709455870e-07,-2.90325905418911739e-07,-4.35488863662629159e-07,-4.35488858128367609e-07
2.93620000000000019e+01,2.93620000000000019e+01,1.84547082074873164e-01,-3.14261782417979418e-03,-3.14261770442873702e-03,-1.45037545350134934e-07,-1.45037539823405202e-07,-2.90075079646810350e-07,-4.35112624996945311e-07,-4.35112619470215525e-07
2.93692500000000010e+01,2.93692500000000010e+01,1.84524302314975158e-01,-3.14145423091893861e-03,-3.14145411127242195e-03,-1.44912271729172969e-07,-1.44912266209993873e-07,-2.89824532419987747e-07,-4.34736804149160743e-07,-4.34736798629981620e-07
2.93765000000000001e+01,2.93765000000000001e+01,1.84501530988524842e-01,-3.14029135554072525e-03,-3.14029123599688254e-03,-1.44787137191955988e-07,-1.44787131680234700e-07,-2.89574263360469400e-07,-4.34361400552425388e-07,-4.34361395040704126e-07
2.93837500000000027e+01,2.93837500000000027e+01,1.84478768090319822e-01,-3.13912919742165286e-03,-3.13912907798221492e-03,-1.44662141549633787e-07,-1.44662136045443363e-07,-2.89324272090886726e-07,-4.33986413640520539e-07,-4.33986408136330089e-07
2.93910000000000018e+01,2.93910000000000018e+01,1.84456013615162229e-01,-3.13796775594710198e-03,-3.13796763660920391e-03,-1.44537284614036461e-07,-1.44537279117238200e-07,-2.89074558234476399e-07,-4.33611842848512861e-07,-4.33611837351714572e-07
2.93982500000000009e+01,2.93982500000000009e+01,1.84433267557858604e-01,-3.13680703049357135e-03,-3.13680691125931997e-03,-1.44412566196854955e-07,-1.44412560707539223e-07,-2.88825121415078394e-07,-4.33237687611933349e-07,-4.33237682122617590e-07
2.94055000000000000e+01,2.94055000000000000e+01,1.84410529913220073e-01,-3.13564702044466515e-03,-3.13564690131472139e-03,-1.44287986110377370e-07,-1.44287980628567859e-07,-2.88575961257135718e-07,-4.32863947367513087e-07,-4.32863941885703577e-07
2.94127500000000026e+01,2.94127500000000026e+01,1.84387800676062141e-01,-3.13448772518931662e-03,-3.13448760615824993e-03,-1.44163544167406010e-07,-1.44163538692846228e-07,-2.88327077385692508e-07,-4.32490621553098492e-07,-4.32490616078538736e-07
2.94200000000000017e+01,2.94200000000000017e+01,1.84365079841204843e-01,-3.13332914410224816e-03,-3.13332902517343345e-03,-1.44039240180358230e-07,-1.44039234713196830e-07,-2.88078469426393660e-07,-4.32117709606751864e-07,-4.32117704139590517e-07
2.94272500000000008e+01,2.94272500000000008e+01,1.84342367403472679e-01,-3.13217127656706396e-03,-3.13217115774448284e-03,-1.43915073962328321e-07,-1.43915068502741646e-07,-2.87830137005483345e-07,-4.31745210967811666e-07,-4.31745205508224965e-07
2.94344999999999999e+01,2.94344999999999999e+01,1.84319663357694619e-01,-3.13101412197624995e-03,-3.13101400325629161e-03,-1.43791045327086456e-07,-1.43791039874901869e-07,-2.87582079749803739e-07,-4.31373125076890194e-07,-4.31373119624705608e-07
2.94417500000000025e+01,2.94417500000000025e+01,1.84296967698704017e-01,-3.12985767971518669e-03,-3.12985756109443241e-03,-1.43667154088343116e-07,-1.43667148643397088e-07,-2.87334297286794122e-07,-4.31001451375137238e-07,-4.31001445930191183e-07
2.94490000000000016e+01,2.94490000000000016e+01,1.84274280421338754e-01,-3.12870194916214928e-03,-3.12870183064516182e-03,-1.43543400059749703e-07,-1.43543394622245071e-07,-2.87086789244490195e-07,-4.30630189304239924e-07,-4.30630183866735265e-07
2.94562500000000007e+01,2.94562500000000007e+01,1.84251601520441177e-01,-3.12754692970784731e-03,-3.12754681129541554e-03,-1.43419783055794752e-07,-1.43419777625761030e-07,-2.86839555251522060e-07,-4.30259338307316811e-07,-4.30259332877283089e-07
2.94634999999999998e+01,2.94634999999999998e+01,1.84228930990857992e-01,-3.12639262074476676e-03,-3.12639250243280670e-03,-1.43296302891313578e-07,-1.43296297468556902e-07,-2.86592594937113803e-07,-4.29888897828427408e-07,-4.29888892405670705e-07
2.94707500000000024e+01,2.94707500000000024e+01,1.84206268827440373e-01,-3.12523902165651180e-03,-3.12523890344562584e-03,-1.43172959380999567e-07,-1.43172953965541032e-07,-2.86345907931082063e-07,-4.29518867312081630e-07,-4.29518861896623121e-07
2.94780000000000015e+01,2.94780000000000015e+01,1.84183615025043962e-01,-3.12408613183023931e-03,-3.12408601372284348e-03,-1.43049752339974065e-07,-1.43049746931917751e-07,-2.86099493863835554e-07,-4.29149246203809646e-07,-4.29149240795753305e-07
2.94852500000000006e+01,2.94852500000000006e+01,1.84160969578528816e-01,-3.12293395066198798e-03,-3.12293383265410370e-03,-1.42926681584029271e-07,-1.42926676183186475e-07,-2.85853352366372949e-07,-4.28780033950402220e-07,-4.28780028549559424e-07
2.94924999999999997e+01,2.94924999999999997e+01,1.84138332482759376e-01,-3.12178247753536198e-03,-3.12178235962972577e-03,-1.42803746928651895e-07,-1.42803741535141387e-07,-2.85607483070282720e-07,-4.28411229998934616e-07,-4.28411224605424107e-07
2.94997500000000024e+01,2.94997500000000024e+01,1.84115703732604552e-01,-3.12063171184639998e-03,-3.12063159404070423e-03,-1.42680948190161069e-07,-1.42680942803870749e-07,-2.85361885607741551e-07,-4.28042833797902621e-07,-4.28042828411612274e-07
2.95070000000000014e+01,2.95070000000000014e+01,1.84093083322937612e-01,-3.11948165298225888e-03,-3.11948153527870668e-03,-1.42558285184732512e-07,-1.42558279805756639e-07,-2.85116559611513279e-07,-4.27674844796245765e-07,-4.27674839417269918e-07
2.95142500000000005e+01,2.95142500000000005e+01,1.84070471248636319e-01,-3.11833230033720099e-03,-3.11833218273607337e-03,-1.42435757729129281e-07,-1.42435752357474155e-07,-2.84871504714948309e-07,-4.27307262444077563e-07,-4.27307257072422464e-07
2.95215000000000032e+01,2.95215000000000032e+01,1.84047867504582713e-01,-3.11718365330726499e-03,-3.11718353580581415e-03,-1.42313365640457135e-07,-1.42313360275990751e-07,-2.84626720551981555e-07,-4.26940086192438717e-07,-4.26940080827972280e-07
2.95287500000000023e+01,2.95287500000000023e+01,1.84025272085663355e-01,-3.11603571128138412e-03,-3.11603559388161280e-03,-1.42191108735758944e-07,-1.42191103378566297e-07,-2.84382206757132541e-07,-4.26573315492891485e-07,-4.26573310135698838e-07
2.95360000000000014e+01,2.95360000000000014e+01,1.84002684986769138e-01,-3.11488847365914978e-03,-3.11488835635781967e-03,-1.42068986832824845e-07,-1.42068981482751721e-07,-2.84137962965503443e-07,-4.26206949798328288e-07,-4.26206944448255164e-07
2.95432500000000005e+01,2.95432500000000005e+01,1.83980106202795313e-01,-3.11374193982949521e-03,-3.11374182262945517e-03,-1.41946999749219187e-07,-1.41946994406389122e-07,-2.83893988812778191e-07,-4.25840988561997405e-07,-4.25840983219167313e-07
2.95505000000000031e+01,2.95505000000000031e+01,1.83957535728641625e-01,-3.11259610919023544e-03,-3.11259599209220842e-03,-1.41825147303171454e-07,-1.41825141967610942e-07,-2.83650283935221832e-07,-4.25475431238393312e-07,-4.25475425902832774e-07
2.95577500000000022e+01,2.95577500000000022e+01,1.83934973559212067e-01,-3.11145098113918550e-03,-3.11145086414243380e-03,-1.41703429313170583e-07,-1.41703423984839524e-07,-2.83406847969679049e-07,-4.25110277282849631e-07,-4.25110271954518573e-07
2.95650000000000013e+01,2.95650000000000013e+01,1.83912419689415102e-01,-3.11030655507593679e-03,-3.11030643817715360e-03,-1.41581845598045121e-07,-1.41581840276786523e-07,-2.83163680553573152e-07,-4.24745526151618274e-07,-4.24745520830359676e-07
2.95722500000000004e+01,2.95722500000000004e+01,1.83889874114163493e-01,-3.10916283039119890e-03,-3.10916271359405359e-03,-1.41460395976477873e-07,-1.41460390662452407e-07,-2.82920781324904814e-07,-4.24381177301382714e-07,-4.24381171987357195e-07
2.95795000000000030e+01,2.95795000000000030e+01,1.83867336828374417e-01,-3.10801980648633958e-03,-3.10801968979148397e-03,-1.41339080267894940e-07,-1.41339074961125820e-07,-2.82678149922251640e-07,-4.24017230190146580e-07,-4.24017224883377433e-07
2.95867500000000021e+01,2.95867500000000021e+01,1.83844807826969436e-01,-3.10687748276450293e-03,-3.10687736616846108e-03,-1.41217898292060654e-07,-1.41217892992383397e-07,-2.82435785984766794e-07,-4.23653684276827448e-07,-4.23653678977150191e-07
2.95940000000000012e+01,2.95940000000000012e+01,1.83822287104874332e-01,-3.10573585862350399e-03,-3.10573574212465913e-03,-1.41096849868753881e-07,-1.41096844576088706e-07,-2.82193689152177465e-07,-4.23290539020931372e-07,-4.23290533728266171e-07
2.96012500000000003e+01,2.96012500000000003e+01,1.83799774657019410e-01,-3.10459493345582871e-03,-3.10459481706041804e-03,-1.40975934817768253e-07,-1.40975929532392168e-07,-2.81951859064784389e-07,-4.22927793882552669e-07,-4.22927788597176557e-07
2.96085000000000029e+01,2.96085000000000029e+01,1.83777270478339194e-01,-3.10345470667350298e-03,-3.10345459037673606e-03,-1.40855152960041220e-07,-1.40855147681730289e-07,-2.81710295363460578e-07,-4.22565448323501797e-07,-4.22565443045190893e-07
2.96157500000000020e+01,2.96157500000000020e+01,1.83754774563772649e-01,-3.10231517767256548e-03,-3.10231506147527324e-03,-1.40734504116039699e-07,-1.40734498844825343e-07,-2.81468997689650685e-07,-4.22203501805690384e-07,-4.22203496534476028e-07
2.96230000000000011e+01,2.96230000000000011e+01,1.83732286908262960e-01,-3.10117634585616031e-03,-3.10117622975834579e-03,-1.40613988106808499e-07,-1.40613982842684550e-07,-2.81227965685369047e-07,-4.21841953792177573e-07,-4.21841948528053624e-07
2.96302500000000002e+01,2.96302500000000002e+01,1.83709807506757722e-01,-3.10003821062565521e-03,-3.10003809462893040e-03,-1.40493604753566600e-07,-1.40493599496599788e-07,-2.80987198993199577e-07,-4.21480803746766204e-07,-4.21480798489799365e-07
2.96375000000000028e+01,2.96375000000000028e+01,1.83687336354208863e-01,-3.09890077139129971e-03,-3.09890065549065950e-03,-1.40373353878189750e-07,-1.40373348628146982e-07,-2.80746697256293964e-07,-4.21120051134483714e-07,-4.21120045884440946e-07
2.96447500000000019e+01,2.96447500000000019e+01,1.83664873445572557e-01,-3.09776402754913249e-03,-3.09776391174782298e-03,-1.40253235302163583e-07,-1.40253230059185679e-07,-2.80506460118371357e-07,-4.20759695420534940e-07,-4.20759690177557009e-07
2.96520000000000010e+01,2.96520000000000010e+01,1.83642418775809418e-01,-3.09662797850585036e-03,-3.09662786280536558e-03,-1.40133248847710125e-07,-1.40133243611858441e-07,-2.80266487223716882e-07,-4.20399736071427034e-07,-4.20399730835575350e-07
2.96592500000000001e+01,2.96592500000000001e+01,1.83619972339884224e-01,-3.09549262366992650e-03,-3.09549250806888604e-03,-1.40013394337384470e-07,-1.40013389108590212e-07,-2.80026778217180424e-07,-4.20040172554564895e-07,-4.20040167325770637e-07
2.96665000000000028e+01,2.96665000000000028e+01,1.83597534132766194e-01,-3.09435796244805772e-03,-3.09435784694463752e-03,-1.39893671593913555e-07,-1.39893666372087996e-07,-2.79787332744175992e-07,-4.19681004338089547e-07,-4.19680999116263988e-07
2.96737500000000018e+01,2.96737500000000018e+01,1.83575104149428736e-01,-3.09322399424516448e-03,-3.09322387883952544e-03,-1.39774080440196184e-07,-1.39774075225340383e-07,-2.79548150450680765e-07,-4.19322230890876976e-07,-4.19322225676021121e-07
2.96810000000000009e+01,2.96810000000000009e+01,1.83552682384849647e-01,-3.09209071846794359e-03,-3.09209060316110703e-03,-1.39654620699462828e-07,-1.39654615491616753e-07,-2.79309230983233506e-07,-4.18963851682696360e-07,-4.18963846474850233e-07
2.96882500000000000e+01,2.96882500000000000e+01,1.83530268834010968e-01,-3.09095813452486823e-03,-3.09095801931759135e-03,-1.39535292195275438e-07,-1.39535286994467016e-07,-2.79070573988934085e-07,-4.18605866184209549e-07,-4.18605860983401101e-07
2.96955000000000027e+01,2.96955000000000027e+01,1.83507863491899015e-01,-3.08982624182441157e-03,-3.08982612671783582e-03,-1.39416094751446450e-07,-1.39416089557720970e-07,-2.78832179115441941e-07,-4.18248273866888417e-07,-4.18248268673162911e-07
2.97027500000000018e+01,2.97027500000000018e+01,1.83485466353504489e-01,-3.08869503978037585e-03,-3.08869492477135098e-03,-1.39297028192278890e-07,-1.39297023005487963e-07,-2.78594046010975927e-07,-4.17891074203254843e-07,-4.17891069016463890e-07
2.97100000000000009e+01,2.97100000000000009e+01,1.83463077413822201e-01,-3.08756452780123425e-03,-3.08756441288829007e-03,-1.39178092342084837e-07,-1.39178087162156042e-07,-2.78356174324312084e-07,-4.17534266666396948e-07,-4.17534261486468127e-07
2.97172499999999999e+01,2.97172499999999999e+01,1.83440696667851372e-01,-3.08643470529190722e-03,-3.08643459047945861e-03,-1.39059287025265600e-07,-1.39059281852391795e-07,-2.78118563704783591e-07,-4.17177850730049191e-07,-4.17177845557175413e-07
2.97245000000000026e+01,2.97245000000000026e+01,1.83418324110595443e-01,-3.08530557167507880e-03,-3.08530545695630569e-03,-1.38940612067271802e-07,-1.38940606901139586e-07,-2.77881213802279171e-07,-4.16821825869550947e-07,-4.16821820703418757e-07
2.97317500000000017e+01,2.97317500000000017e+01,1.83395959737062103e-01,-3.08417712635034036e-03,-3.08417701173092874e-03,-1.38822067292762011e-07,-1.38822062133621311e-07,-2.77644124267242674e-07,-4.16466191560004686e-07,-4.16466186400863959e-07
2.97390000000000008e+01,2.97390000000000008e+01,1.83373603542263369e-01,-3.08304936873504687e-03,-3.08304925421606923e-03,-1.38703652527442762e-07,-1.38703647375335664e-07,-2.77407294750671380e-07,-4.16110947278114142e-07,-4.16110942126007071e-07
2.97462499999999999e+01,2.97462499999999999e+01,1.83351255521215450e-01,-3.08192229824655328e-03,-3.08192218382511178e-03,-1.38585367597267734e-07,-1.38585362452057708e-07,-2.77170724904115416e-07,-4.15756092501383124e-07,-4.15756087356173124e-07
2.97535000000000025e+01,2.97535000000000025e+01,1.83328915668938774e-01,-3.08079591430043820e-03,-3.08079579997208326e-03,-1.38467212328357292e-07,-1.38467207189838217e-07,-2.76934414379676434e-07,-4.15401626708033725e-07,-4.15401621569514650e-07
2.97607500000000016e+01,2.97607500000000016e+01,1.83306583980458127e-01,-3.07967021629984572e-03,-3.07967010207165675e-03,-1.38349186546519637e-07,-1.38349181415003619e-07,-2.76698362830007238e-07,-4.15047549376526848e-07,-4.15047544245010883e-07
2.97680000000000007e+01,2.97680000000000007e+01,1.83284260450802428e-01,-3.07854520366923623e-03,-3.07854508953914327e-03,-1.38231290078767111e-07,-1.38231284954154994e-07,-2.76462569908310041e-07,-4.14693859987077125e-07,-4.14693854862465008e-07
2.97752499999999998e+01,2.97752499999999998e+01,1.83261945075004928e-01,-3.07742087582418833e-03,-3.07742076179049612e-03,-1.38113522751958239e-07,-1.38113517634167860e-07,-2.76227035268335667e-07,-4.14340558020293906e-07,-4.14340552902503527e-07
2.97825000000000024e+01,2.97825000000000024e+01,1.83239637848102960e-01,-3.07629723217850426e-03,-3.07629711824230568e-03,-1.37995884393117033e-07,-1.37995879282191354e-07,-2.75991758564382708e-07,-4.13987642957499741e-07,-4.13987637846574088e-07
2.97897500000000015e+01,2.97897500000000015e+01,1.83217338765138321e-01,-3.07517427214776262e-03,-3.07517415831180720e-03,-1.37878374829592240e-07,-1.37878369725648494e-07,-2.75756739451296936e-07,-4.13635114280889202e-07,-4.13635109176945430e-07
2.97970000000000006e+01,2.97970000000000006e+01,1.83195047821156809e-01,-3.07405199515820016e-03,-3.07405188141686740e-03,-1.37760993889454488e-07,-1.37760988792234569e-07,-2.75521977584469191e-07,-4.13282971473923705e-07,-4.13282966376703786e-07
2.98042499999999997e+01,2.98042499999999997e+01,1.83172765011208522e-01,-3.07293040062184275e-03,-3.07293028697599394e-03,-1.37643741400380985e-07,-1.37643736309917557e-07,-2.75287472619835166e-07,-4.12931214020216177e-07,-4.12931208929752723e-07
2.98115000000000023e+01,2.98115000000000023e+01,1.83150490330347776e-01,-3.07180948795782172e-03,-3.07180937440832856e-03,-1.37526617190611052e-07,-1.37526612106937175e-07,-2.75053224213874297e-07,-4.12579841404485349e-07,-4.12579836320811499e-07
2.98187500000000014e+01,2.98187500000000014e+01,1.83128223773633136e-01,-3.07068925658704472e-03,-3.07068914313365134e-03,-1.37409621088706385e-07,-1.37409616011804590e-07,-2.74819232023609232e-07,-4.12228853112315617e-07,-4.12228848035413795e-07
2.98260000000000005e+01,2.98260000000000005e+01,1.83105965336127274e-01,-3.06956970592864309e-03,-3.06956959257237427e-03,-1.37292752923391655e-07,-1.37292747853301804e-07,-2.74585495706603556e-07,-4.11878248629995211e-07,-4.11878243559905387e-07
2.98332500000000032e+01,2.98332500000000032e+01,1.83083715012897164e-01,-3.06845083540530084e-03,-3.06845072214554466e-03,-1.37176012523792390e-07,-1.37176007460481106e-07,-2.74352014920962213e-07,-4.11528027444754577e-07,-4.11528022381443293e-07
2.98405000000000022e+01,2.98405000000000022e+01,1.83061472799013913e-01,-3.06733264443614928e-03,-3.06733253127484300e-03,-1.37059399719116971e-07,-1.37059394662664828e-07,-2.74118789325329602e-07,-4.11178189044446573e-07,-4.11178183987994403e-07
2.98477500000000013e+01,2.98477500000000013e+01,1.83039238689552825e-01,-3.06621513245097788e-03,-3.06621501938258035e-03,-1.36942914339291134e-07,-1.36942909289444603e-07,-2.73885818578889153e-07,-4.10828732918180313e-07,-4.10828727868333782e-07
2.98550000000000004e+01,2.98550000000000004e+01,1.83017012679593388e-01,-3.06509829886181251e-03,-3.06509818589169964e-03,-1.36826556213687714e-07,-1.36826551170680921e-07,-2.73653102341361843e-07,-4.10479658555049557e-07,-4.10479653512042764e-07
2.98622500000000031e+01,2.98622500000000031e+01,1.82994794764219315e-01,-3.06398214310199535e-03,-3.06398203022577482e-03,-1.36710325172871774e-07,-1.36710320136502755e-07,-2.73420640273005510e-07,-4.10130965445877284e-07,-4.10130960409508265e-07
2.98695000000000022e+01,2.98695000000000022e+01,1.82972584938518423e-01,-3.06286666458888135e-03,-3.06286655180900954e-03,-1.36594221046934618e-07,-1.36594216017307029e-07,-2.73188432034614004e-07,-4.09782653081548622e-07,-4.09782648051921033e-07
2.98767500000000013e+01,2.98767500000000013e+01,1.82950383197582778e-01,-3.06175186274870725e-03,-3.06175175006623496e-03,-1.36478243666603304e-07,-1.36478238643758013e-07,-2.72956477287516026e-07,-4.09434720954119303e-07,-4.09434715931274065e-07
2.98840000000000003e+01,2.98840000000000003e+01,1.82928189536508579e-01,-3.06063773700948616e-03,-3.06063762442291155e-03,-1.36362392862922895e-07,-1.36362387846787031e-07,-2.72724775693574062e-07,-4.09087168556496957e-07,-4.09087163540361120e-07
2.98912500000000030e+01,2.98912500000000030e+01,1.82906003950396134e-01,-3.05952428679745481e-03,-3.05952417430512469e-03,-1.36246668467097671e-07,-1.36246663457591693e-07,-2.72493326915183387e-07,-4.08739995382281031e-07,-4.08739990372775080e-07
2.98985000000000021e+01,2.98985000000000021e+01,1.82883826434350028e-01,-3.05841151153529722e-03,-3.05841139913958903e-03,-1.36131070310411932e-07,-1.36131065307635816e-07,-2.72262130615271685e-07,-4.08393200925683643e-07,-4.08393195922907474e-07
2.99057500000000012e+01,2.99057500000000012e+01,1.82861656983478865e-01,-3.05729941065635558e-03,-3.05729929835364201e-03,-1.36015598224862170e-07,-1.36015593228648601e-07,-2.72031186457297149e-07,-4.08046784682159293e-07,-4.08046779685945723e-07
2.99130000000000003e+01,2.99130000000000003e+01,1.82839495592895529e-01,-3.05618798358153754e-03,-3.05618787137524684e-03,-1.35900252042128567e-07,-1.35900247052624240e-07,-2.71800494105248480e-07,-4.07700746147377047e-07,-4.07700741157872720e-07
2.99202500000000029e+01,2.99202500000000029e+01,1.82817342257716925e-01,-3.05507722974418527e-03,-3.05507711763298951e-03,-1.35785031594681425e-07,-1.35785026611821384e-07,-2.71570053223642767e-07,-4.07355084818324166e-07,-4.07355079835464177e-07
2.99275000000000020e+01,2.99275000000000020e+01,1.82795196973064233e-01,-3.05396714857053553e-03,-3.05396703655608096e-03,-1.35669936714911507e-07,-1.35669931738763036e-07,-2.71339863477526020e-07,-4.07009800192437527e-07,-4.07009795216289056e-07
2.99347500000000011e+01,2.99347500000000011e+01,1.82773059734062659e-01,-3.05285773949748318e-03,-3.05285762757435183e-03,-1.35554967235918857e-07,-1.35554962266235471e-07,-2.71109924532470943e-07,-4.06664891768389826e-07,-4.06664886798706388e-07
2.99420000000000002e+01,2.99420000000000002e+01,1.82750930535841544e-01,-3.05174900194415955e-03,-3.05174889011825424e-03,-1.35440122990250118e-07,-1.35440118027288124e-07,-2.70880236054576249e-07,-4.06320359044826340e-07,-4.06320354081864373e-07
2.99492500000000028e+01,2.99492500000000028e+01,1.82728809373534445e-01,-3.05064093534923586e-03,-3.05064082361886221e-03,-1.35325403811554795e-07,-1.35325398855233064e-07,-2.70650797710466127e-07,-4.05976201522020923e-07,-4.05976196565699164e-07
2.99565000000000019e+01,2.99565000000000019e+01,1.82706696242278976e-01,-3.04953353914427794e-03,-3.04953342750786905e-03,-1.35210809533401397e-07,-1.35210804583644647e-07,-2.70421609167289347e-07,-4.05632418700690744e-07,-4.05632413750934020e-07
2.99637500000000010e+01,2.99637500000000010e+01,1.82684591137216856e-01,-3.04842681276085159e-03,-3.04842670121758521e-03,-1.35096339989592662e-07,-1.35096335046358674e-07,-2.70192670092717401e-07,-4.05289010082310063e-07,-4.05289005139076075e-07
2.99710000000000001e+01,2.99710000000000001e+01,1.82662494053493940e-01,-3.04732075562874627e-03,-3.04732064418094042e-03,-1.34981995014086494e-07,-1.34981990077472228e-07,-2.69963980154944456e-07,-4.04945975169030977e-07,-4.04945970232416658e-07
2.99782500000000027e+01,2.99782500000000027e+01,1.82640404986260219e-01,-3.04621536718485686e-03,-3.04621525583148112e-03,-1.34867774441389095e-07,-1.34867769511343066e-07,-2.69735539022686132e-07,-4.04603313464075227e-07,-4.04603308534029225e-07
2.99855000000000018e+01,2.99855000000000018e+01,1.82618323930669763e-01,-3.04511064686252553e-03,-3.04511053560337086e-03,-1.34753678106082155e-07,-1.34753673182589355e-07,-2.69507346365178711e-07,-4.04261024471260866e-07,-4.04261019547768093e-07
2.99927500000000009e+01,2.99927500000000009e+01,1.82596250881880723e-01,-3.04400659409864716e-03,-3.04400648293138686e-03,-1.34639705843137001e-07,-1.34639700926088772e-07,-2.69279401852177598e-07,-4.03919107695314599e-07,-4.03919102778266370e-07
3.00000000000000000e+01,3.00000000000000000e+01,1.82574185835055358e-01,-3.04290287496655765e-03,-3.04290309725092261e-03,-1.34525842749852016e-07,-1.34525852576978530e-07,-2.69051705153957061e-07,-4.03577547903809050e-07,-4.03577557730935591e-07
